subject,session,unit,n_events,n_images,mean_rate,F,p_anova,pref_image,t_post,p_post,concept_cell,dos,sparseness,pref_rate,nonpref_rate,baseline_rate,area,region
1,2,0,135,5,0.46296296296296297,0.16187506103886165,0.9660339660339661,img_0055,0.39417222474501895,0.2997002997002997,False,0.15271765271765259,0.9800274344418476,0.5288461538461539,0.44808201058201064,0.2222222222222222,dACC,MFC
1,2,1,135,5,1.25,0.6835152491088184,0.6393606393606394,img_0054,1.185642656636296,0.0919080919080919,False,0.36120951417004055,0.9515603125898703,1.7592592592592593,1.1237980769230769,1.7407407407407407,dACC,MFC
1,2,2,135,5,1.5,1.3182515822595422,0.2777222777222777,img_0054,1.3224709127820586,0.07192807192807193,False,0.28190410779696495,0.9423343258527556,1.9444444444444444,1.396297568172568,1.5185185185185186,dACC,MFC
1,2,3,135,5,3.7222222222222223,0.8271641162950604,0.5174825174825175,img_0019,1.1922262068011327,0.1028971028971029,False,0.20016403349736667,0.985000024395419,4.419642857142857,3.534989316239316,4.888888888888889,dACC,MFC
1,2,4,135,5,1.25,1.107784537155726,0.35364635364635366,img_0055,1.082995852364438,0.11488511488511488,False,0.319047619047619,0.9511099351339353,1.6826923076923077,1.1458333333333335,1.3333333333333333,dACC,MFC
1,2,5,135,5,2.314814814814815,1.5877446431248003,0.18081918081918083,img_0054,1.4960253196966524,0.04695304695304695,False,0.32970063025210083,0.9581873970458833,3.1481481481481484,2.1102017195767195,2.2962962962962963,dACC,MFC
1,2,6,135,5,1.4537037037037037,1.3798414005822575,0.23676323676323677,img_0019,1.2407341463187325,0.08591408591408592,False,0.2591897713848933,0.9546407994291027,1.8303571428571428,1.3559472934472934,1.2222222222222223,dACC,MFC
1,2,7,135,5,0.9351851851851852,0.7866397521359509,0.5334665334665335,img_0055,1.3903841939986115,0.07792207792207792,False,0.3108465608465607,0.9650617402125016,1.25,0.861441798941799,1.0,dACC,MFC
1,2,8,135,5,4.87037037037037,0.5662024624244365,0.6853146853146853,img_0055,1.0548191236472488,0.12487512487512488,False,0.1480618817575341,0.9909100587473145,5.528846153846154,4.710234788359788,4.555555555555555,dACC,MFC
1,2,9,135,5,1.712962962962963,0.7674343086116682,0.5554445554445554,img_0054,0.8240699096325188,0.1928071928071928,False,0.19622564935064934,0.9712206990153006,2.037037037037037,1.6373181216931216,1.7777777777777777,dACC,MFC
1,2,10,135,5,3.1481481481481484,0.8497293604141938,0.5054945054945055,img_0054,1.5151841349050703,0.057942057942057944,False,0.22478650867205086,0.9820584944630804,3.8425925925925926,2.9788296194546193,3.1481481481481484,dACC,MFC
1,2,11,135,5,1.3240740740740742,0.2401011080755836,0.8971028971028971,img_0039,0.5878918292208789,0.25274725274725274,False,0.13165350274725252,0.9930328170958609,1.4814814814814814,1.2864392551892552,1.7037037037037037,preSMA,MFC
1,2,12,135,5,7.5,0.3074943042914405,0.8661338661338661,img_0054,0.8481223741045054,0.18681318681318682,False,0.09994302572427571,0.9958498217615646,8.148148148148149,7.333797568172568,9.25925925925926,preSMA,MFC
1,2,13,135,5,0.5277777777777778,1.5770146024878289,0.15784215784215785,img_0019,1.50259503082319,0.04395604395604396,False,0.4310699588477367,0.8719206264019043,0.8035714285714286,0.45717592592592593,0.3333333333333333,preSMA,MFC
1,2,14,135,5,1.2222222222222223,0.5372869479070073,0.7382617382617382,img_0055,0.7549603760287362,0.2077922077922078,False,0.25574570105820116,0.9504977514989561,1.5384615384615385,1.1450066137566137,1.9259259259259258,preSMA,MFC
1,2,15,135,5,0.42592592592592593,1.723717092409332,0.13086913086913088,img_0039,1.3519830181891148,0.04095904095904096,False,0.61492673992674,0.7642480449546223,0.8333333333333334,0.3208943833943834,0.7037037037037037,preSMA,MFC
1,2,16,135,5,3.5555555555555554,0.6735245907260972,0.6153846153846154,img_0039,0.9925242273476582,0.13686313686313686,False,0.1595904095904097,0.9887873854361886,4.074074074074074,3.423890923890924,4.111111111111111,preSMA,MFC
1,2,17,135,5,0.8981481481481481,0.4687687493255641,0.7742257742257742,img_0039,0.9157814047509274,0.12887112887112886,False,0.31540574809805566,0.9628418532699834,1.2037037037037037,0.8240486365486366,1.2962962962962963,preSMA,MFC
1,2,18,135,5,1.5555555555555556,1.844194716902242,0.11388611388611389,img_0055,1.5637758424524772,0.053946053946053944,False,0.367868645042558,0.9232065413382555,2.2115384615384617,1.3979828042328044,1.7037037037037037,preSMA,MFC
1,2,19,135,5,0.24074074074074073,1.3251697972704086,0.26073926073926074,img_0039,1.281274949095418,0.08591408591408592,False,0.5273199023199023,0.7949141956883963,0.4166666666666667,0.19695004070004068,0.18518518518518517,preSMA,MFC
1,2,20,135,5,2.2962962962962963,1.0739668419761723,0.3676323676323676,img_0039,1.0371896371093032,0.14085914085914086,False,0.16395556198187755,0.9797004035117435,2.638888888888889,2.2062283781033782,1.8518518518518519,preSMA,MFC
1,2,21,135,5,1.6851851851851851,1.7026001992805935,0.15084915084915085,img_0054,1.7042551804326964,0.04595404595404595,False,0.30444425366300376,0.9522338777276542,2.2222222222222223,1.5456794363044364,1.7777777777777777,preSMA,MFC
1,2,22,135,5,1.5740740740740742,2.8385797758642695,0.022977022977022976,img_0039,1.6958774949388773,0.027972027972027972,True,0.38667582417582425,0.8776845422745551,2.2685185185185186,1.3913372507122506,0.8888888888888888,preSMA,MFC
1,2,23,135,5,0.09259259259259259,0.26131953812599906,0.964035964035964,img_0054,0.5264557696592643,0.3156843156843157,False,0.42239010989010994,0.8413100725961866,0.1388888888888889,0.08022359584859584,0.14814814814814814,preSMA,MFC
1,2,24,135,5,2.564814814814815,0.2410489545553307,0.9020979020979021,img_0019,0.7292116533111199,0.2177822177822178,False,0.1284277065527064,0.9937559389406865,2.857142857142857,2.4902065527065527,2.0,preSMA,MFC
1,2,25,135,5,1.3518518518518519,2.2549007482801673,0.07892107892107893,img_0019,1.742220051790907,0.022977022977022976,False,0.3942307692307693,0.9074925919809188,1.9642857142857142,1.1899038461538463,1.2222222222222223,preSMA,MFC
1,2,26,135,5,0.3888888888888889,0.9385252241956646,0.46853146853146854,img_0054,1.2788546752905632,0.058941058941058944,False,0.5016189167974883,0.8800884153786941,0.6481481481481481,0.3230247761497761,0.6296296296296297,preSMA,MFC
1,2,27,135,5,6.037037037037037,0.2065366762547808,0.9310689310689311,img_0019,0.7958422922074003,0.19080919080919082,False,0.12463437796771126,0.9958755273156491,6.696428571428571,5.861823361823362,6.814814814814815,preSMA,MFC
1,2,28,135,5,0.7037037037037037,0.7746444112897527,0.5534465534465535,img_0047,0.9080010680025233,0.17282717282717283,False,0.3051167582417582,0.9227084112425978,0.9259259259259259,0.6434104090354091,0.6666666666666666,preSMA,MFC
1,2,29,135,5,1.2685185185185186,0.9883959600309546,0.39760239760239763,img_0039,0.9803377143870458,0.12187812187812187,False,0.21326590076590057,0.9689684330657331,1.5277777777777777,1.201954873829874,1.4074074074074074,preSMA,MFC
1,2,30,135,5,0.7314814814814815,1.2491078085751708,0.3046953046953047,img_0019,1.637122374012112,0.03596403596403597,False,0.39838556505223177,0.9153180769282071,1.0714285714285714,0.6445868945868947,1.0740740740740742,preSMA,MFC
1,2,31,135,5,3.9444444444444446,0.29711110508706523,0.8901098901098901,img_0047,0.6933551977765362,0.21978021978021978,False,0.1299450549450547,0.9926384104867341,4.398148148148148,3.8266305453805454,5.037037037037037,preSMA,MFC
1,2,32,135,5,10.277777777777779,2.724307528596527,0.03896103896103896,img_0054,1.4981970015281076,0.06393606393606394,False,0.09168097527472518,0.9916929891894295,11.11111111111111,10.092433608058608,10.74074074074074,amygdala,MTL
1,2,33,135,5,5.712962962962963,0.4834482965386828,0.7352647352647352,img_0054,0.9725753185006123,0.17782217782217782,False,0.09945464982778418,0.9964514831106362,6.203703703703703,5.5867165242165235,6.0,amygdala,MTL
1,2,34,135,5,1.8333333333333333,1.3539706070818722,0.25274725274725274,img_0019,1.317870131281617,0.07992007992007992,False,0.22680911680911686,0.9751139245384987,2.232142857142857,1.7258725071225072,1.3703703703703705,amygdala,MTL
1,2,35,135,5,5.416666666666667,1.5330280102367184,0.2047952047952048,img_0055,1.9000128168612231,0.025974025974025976,False,0.17315925522032383,0.9904336418237284,6.298076923076923,5.207506613756614,6.666666666666667,amygdala,MTL
1,2,36,135,5,0.7222222222222222,1.3742226509359734,0.23576423576423577,img_0055,1.5208085679080274,0.04195804195804196,False,0.429175293305728,0.9086379808505425,1.1057692307692308,0.631200396825397,0.4444444444444444,amygdala,MTL
1,2,37,135,5,1.2685185185185186,0.9019802974315944,0.47052947052947053,img_0055,1.0978059560667703,0.0989010989010989,False,0.25016033349366673,0.9624747585615155,1.5865384615384615,1.189649470899471,1.4444444444444444,amygdala,MTL
1,2,38,135,5,1.8425925925925926,0.7359684612983295,0.5764235764235764,img_0019,1.1226600536046993,0.12087912087912088,False,0.19780219780219777,0.9826837637288404,2.1875,1.7548076923076923,1.7777777777777777,hippocampus,MTL
1,2,39,135,5,0.5648148148148148,1.182859867641536,0.32167832167832167,img_0054,1.80765095015206,0.03896103896103896,False,0.3513655462184875,0.9432342957851988,0.7870370370370371,0.5104993386243386,0.4074074074074074,hippocampus,MTL
2,2,0,135,5,1.2962962962962963,4.042417154951294,0.006993006993006993,img_0030,2.6937296553626617,0.003996003996003996,True,0.5652068519715578,0.8429604851065139,2.361111111111111,1.0265949328449329,0.9629629629629629,amygdala,MTL
2,2,1,135,5,0.37962962962962965,4.819205315561784,0.002997002997002997,img_0071,2.6975856415191672,0.001998001998001998,True,0.7724682724682725,0.5781150212464661,0.9821428571428571,0.22346866096866097,0.14814814814814814,amygdala,MTL
2,2,2,135,5,0.1388888888888889,1.6744465435336835,0.14685314685314685,img_0030,1.3301390550902443,0.028971028971028972,False,0.6307234432234433,0.5907303208638824,0.2777777777777778,0.10257682132682133,0.14814814814814814,amygdala,MTL
2,2,3,135,5,14.277777777777779,0.5629509480234524,0.7282717282717283,img_0023,1.001967706743662,0.16183816183816183,False,0.056085081406624715,0.9987743980569378,14.951923076923077,14.113343253968253,13.296296296296296,hippocampus,MTL
2,2,4,135,5,0.4537037037037037,0.7520433892339206,0.5264735264735265,img_0023,1.4585189378745123,0.06393606393606394,False,0.403061224489796,0.9404694499831225,0.6730769230769231,0.4017857142857143,0.5185185185185185,hippocampus,MTL
2,2,5,135,5,3.6203703703703702,0.5616220868767948,0.7072927072927073,img_0069,0.8449460958256008,0.18681318681318682,False,0.11343598262202903,0.9933972902094628,3.9814814814814814,3.529838217338217,3.4444444444444446,hippocampus,MTL
2,2,6,135,5,9.601851851851851,2.1387735630238165,0.07292707292707293,img_0085,1.7101752704323354,0.04695304695304695,False,0.12582358118072423,0.9917908891392785,10.694444444444445,9.348831145706145,9.666666666666666,hippocampus,MTL
2,2,7,135,5,9.925925925925926,0.593499924224764,0.6703296703296703,img_0030,1.2905695212583979,0.08591408591408592,False,0.10908639233107298,0.9973069912208723,10.87962962962963,9.692810083435083,10.851851851851851,hippocampus,MTL
2,2,8,135,5,3.6666666666666665,0.8290430323375118,0.4975024975024975,img_0030,1.1310703311532213,0.11788211788211789,False,0.1510683760683762,0.9925413938084102,4.166666666666667,3.5372150997151,2.888888888888889,hippocampus,MTL
2,2,9,135,5,0.9351851851851852,1.0875735721285613,0.3726273726273726,img_0030,1.217471592031895,0.0989010989010989,False,0.31392450142450146,0.9489682872570947,1.25,0.8575943732193732,0.8888888888888888,hippocampus,MTL
2,2,10,135,5,1.1666666666666667,1.4788208581572422,0.1958041958041958,img_0030,1.5170280719398477,0.04595404595404595,False,0.32217598577892703,0.9512674658774272,1.5740740740740742,1.0669452075702075,1.4444444444444444,hippocampus,MTL
2,2,11,135,5,19.74074074074074,0.3276843606375718,0.8601398601398601,img_0069,0.7959393235019792,0.1958041958041958,False,0.03018991877687527,0.9995614089239215,20.23148148148148,19.620694698819698,18.962962962962962,hippocampus,MTL
2,2,12,135,5,14.916666666666666,2.6352435627613042,0.04595404595404595,img_0085,3.636149022054015,0.002997002997002997,True,0.14980971896955486,0.9950958023083127,16.944444444444443,14.406001984126984,15.592592592592593,hippocampus,MTL
2,2,13,135,5,1.2222222222222223,1.058354411856931,0.3726273726273726,img_0071,1.1611298306374347,0.13086913086913088,False,0.24568459862577519,0.9578633238584502,1.5178571428571428,1.14494301994302,1.2592592592592593,hippocampus,MTL
2,2,14,135,5,0.6296296296296297,1.7789407791537917,0.13386613386613386,img_0023,2.1196029187213328,0.013986013986013986,False,0.4665217939027463,0.9080844443449587,1.0096153846153846,0.5386078042328042,0.6296296296296297,hippocampus,MTL
2,2,15,135,5,0.9907407407407407,1.4993651429695627,0.1928071928071928,img_0030,1.348893675730221,0.08391608391608392,False,0.2624898249898251,0.9558650589171613,1.25,0.9218877187627188,1.0,hippocampus,MTL
2,2,16,135,5,3.574074074074074,0.154732339000862,0.949050949050949,img_0023,0.6752726318166589,0.27372627372627373,False,0.0732787489116602,0.9985484906283882,3.798076923076923,3.519758597883598,3.7777777777777777,hippocampus,MTL
2,2,17,135,5,15.546296296296296,0.6405375217825089,0.6413586413586414,img_0030,0.7353939087040513,0.2047952047952048,False,0.04398959517494028,0.9984622821383647,16.11111111111111,15.402389855514855,16.925925925925927,hippocampus,MTL
2,2,18,135,5,4.666666666666667,0.772674688714047,0.5374625374625375,img_0030,0.9431732520672177,0.16883116883116883,False,0.0822967541717543,0.9952537464735719,5.0,4.588516229141229,4.074074074074074,vmPFC,MFC
2,2,19,135,5,0.9166666666666666,1.0118258486081972,0.45254745254745254,img_0085,0.7767317430653813,0.17782217782217782,False,0.3023034657650042,0.9192936772630581,1.2037037037037037,0.8398199023199023,0.9629629629629629,vmPFC,MFC
2,2,20,135,5,1.0925925925925926,3.4526013493558025,0.011988011988011988,img_0085,1.8007348134813272,0.014985014985014986,True,0.47939560439560436,0.8237063857296454,1.7592592592592593,0.9158781033781034,1.4444444444444444,vmPFC,MFC
2,2,21,135,5,0.4166666666666667,0.430987821380243,0.8651348651348651,img_0071,0.577980772934452,0.23176823176823177,False,0.420940170940171,0.8886370344135528,0.625,0.36191239316239315,0.4444444444444444,vmPFC,MFC
2,2,22,135,5,4.916666666666667,0.2456245329721653,0.9210789210789211,img_0069,0.3760463834405875,0.32667332667332666,False,0.06590953689167955,0.9954444050650814,5.185185185185185,4.843432030932031,3.888888888888889,vmPFC,MFC
2,2,23,135,5,2.9537037037037037,0.41699536856070013,0.8051948051948052,img_0023,0.7178033969932477,0.23376623376623376,False,0.11846405228758172,0.9920014824838501,3.269230769230769,2.8819444444444446,2.6296296296296298,vmPFC,MFC
2,2,24,135,5,0.39814814814814814,0.2616969887605114,0.926073926073926,img_0030,0.6308151874133436,0.23576423576423577,False,0.35605540293040283,0.9487355603356207,0.5555555555555556,0.35774699837199836,0.6296296296296297,vmPFC,MFC
2,2,25,135,5,0.7592592592592593,0.05411615853479506,0.999000999000999,img_0069,0.27038594474365485,0.38961038961038963,False,0.1100045787545787,0.994925659736343,0.8333333333333334,0.7416628510378511,0.7407407407407407,vmPFC,MFC
2,2,26,135,5,0.6018518518518519,0.9825205274944032,0.4115884115884116,img_0071,1.0623174994523703,0.2057942057942058,False,0.19978632478632474,0.9691639170751236,0.7142857142857143,0.5715811965811965,0.7777777777777778,vmPFC,MFC
2,2,27,135,5,1.037037037037037,1.851457972463187,0.11888111888111888,img_0023,1.5088865697748275,0.055944055944055944,False,0.37596006144393246,0.9163936707255935,1.4903846153846154,0.9300595238095238,0.9259259259259259,vmPFC,MFC
2,2,28,135,5,3.611111111111111,0.2597982090599428,0.8961038961038961,img_0069,0.7420414603631211,0.22977022977022976,False,0.12987874194770743,0.9950763312767664,4.027777777777778,3.504655067155067,3.4814814814814814,vmPFC,MFC
2,2,29,135,5,1.9814814814814814,1.4630389577537568,0.23276723276723277,img_0085,1.7888497509194075,0.025974025974025976,False,0.32948086396362253,0.9566793187564627,2.685185185185185,1.8004680504680506,1.7777777777777777,vmPFC,MFC
2,2,30,135,5,0.7870370370370371,0.9254992059147062,0.4515484515484515,img_0085,0.741595058203573,0.2137862137862138,False,0.23364730507587628,0.9415116985330552,0.9722222222222222,0.7450651200651202,0.5925925925925926,vmPFC,MFC
2,2,31,135,5,2.1018518518518516,1.1240524556609932,0.36363636363636365,img_0071,0.8576707385886481,0.18181818181818182,False,0.1996082621082622,0.9622479550828188,2.5,2.0009793447293447,2.5185185185185186,vmPFC,MFC
3,2,0,135,5,4.777777777777778,0.36303912153336415,0.8561438561438561,img_0018,1.184809097528137,0.10989010989010989,False,0.1190355696934644,0.9966189722561879,5.277777777777778,4.649534493284493,5.62962962962963,dACC,MFC
3,2,1,135,5,0.4722222222222222,0.8160357364380421,0.5454545454545454,img_0018,0.8636134443436846,0.16983016983016982,False,0.2737214708368554,0.9237957132680299,0.6018518518518519,0.4371120777370777,0.37037037037037035,dACC,MFC
3,2,2,135,5,0.16666666666666666,0.4766916898524844,0.7682317682317682,img_0018,0.6429837627070794,0.24375624375624375,False,0.3497252747252747,0.8758198223767457,0.23148148148148148,0.15052655677655677,0.2962962962962963,dACC,MFC
3,2,3,135,5,1.1851851851851851,0.6132045015955292,0.6653346653346653,img_0020,0.6691409885693097,0.2627372627372627,False,0.14911659108087671,0.9763110787213085,1.3461538461538463,1.1454199735449735,0.7777777777777778,dACC,MFC
3,2,4,135,5,0.3148148148148148,0.33135838544599494,0.8611388611388612,img_0059,0.7824109441335184,0.1968031968031968,False,0.30410561660561664,0.9540943546352543,0.4166666666666667,0.28995599308099307,0.25925925925925924,dACC,MFC
3,2,5,135,5,1.1388888888888888,1.2783224558350785,0.2777222777222777,img_0018,1.2629613983662797,0.08391608391608392,False,0.3204711954711953,0.9482640907758383,1.5277777777777777,1.038169006919007,1.1111111111111112,dACC,MFC
3,2,6,135,5,1.3148148148148149,0.8883287766429229,0.4805194805194805,img_0087,1.3647444401944004,0.07492507492507493,False,0.28467536362273205,0.9609235606374347,1.6964285714285714,1.213497150997151,1.037037037037037,dACC,MFC
3,2,7,135,5,2.425925925925926,0.8191930147940175,0.5084915084915085,img_0087,1.0225750875102826,0.13186813186813187,False,0.20795529257067713,0.9767798369503153,2.9017857142857144,2.298344017094017,2.8518518518518516,dACC,MFC
3,2,8,135,5,1.2592592592592593,0.6610662214138766,0.6273726273726273,img_0059,1.1319915710295863,0.11488511488511488,False,0.27912087912087924,0.9723319013370662,1.6203703703703705,1.168091168091168,1.1851851851851851,dACC,MFC
3,2,9,135,5,2.8055555555555554,1.7564029742848288,0.13986013986013987,img_0039,2.3308112406748087,0.007992007992007992,False,0.2520242914979758,0.9744878736678827,3.5185185185185186,2.631766381766382,3.185185185185185,preSMA,MFC
3,2,10,135,5,7.212962962962963,4.036071148691078,0.004995004995004995,img_0020,2.2508033584861984,0.007992007992007992,True,0.2242641744007865,0.9699807142533162,8.798076923076923,6.824983465608466,11.037037037037036,preSMA,MFC
3,2,11,135,5,0.9907407407407407,1.6162824129300428,0.17882117882117882,img_0087,1.1467731925227052,0.0999000999000999,False,0.223330167774612,0.9411600323367062,1.2053571428571428,0.93616452991453,1.1851851851851851,preSMA,MFC
3,2,12,135,5,3.6481481481481484,1.645503462725363,0.14985014985014986,img_0020,1.3679484314034143,0.08091908091908091,False,0.18349087450211066,0.9803750327011552,4.278846153846154,3.493716931216931,5.888888888888889,preSMA,MFC
3,2,13,135,5,0.7777777777777778,1.1806831649138863,0.34165834165834164,img_0020,1.5592669407969373,0.054945054945054944,False,0.3678686450425581,0.9412522488842875,1.1057692307692308,0.6989914021164021,2.1481481481481484,preSMA,MFC
3,2,14,135,5,9.324074074074074,1.6641424864800514,0.16583416583416583,img_0059,1.9039958642229071,0.03296703296703297,False,0.1893170121018224,0.988227560046904,10.972222222222221,8.894993894993895,9.222222222222221,preSMA,MFC
3,2,15,135,5,11.435185185185185,2.2710488613961006,0.06793206793206794,img_0039,1.9447194802696857,0.025974025974025976,False,0.07704581540132871,0.9970767398251792,12.175925925925926,11.237821784696786,12.407407407407407,preSMA,MFC
3,2,16,135,5,2.5277777777777777,0.88812422345562,0.46853146853146854,img_0059,1.3001939686371236,0.08691308691308691,False,0.1999894336432797,0.9865510060369876,3.009259259259259,2.4074392043142043,2.888888888888889,preSMA,MFC
3,2,17,135,5,6.333333333333333,2.630565976360582,0.03696303696303696,img_0087,2.19949152258597,0.013986013986013986,True,0.21429166458406224,0.9816648889483682,7.633928571428571,5.998041310541311,5.888888888888889,preSMA,MFC
3,2,18,135,5,2.3055555555555554,1.095897145227506,0.3806193806193806,img_0020,1.6220522569007363,0.05194805194805195,False,0.2152207626345557,0.9812236576879253,2.7884615384615383,2.18832671957672,4.2592592592592595,preSMA,MFC
3,2,19,135,5,3.185185185185185,0.9939214365192507,0.43956043956043955,img_0087,1.7985067677617146,0.028971028971028972,False,0.22611913416511142,0.9841179162762835,3.8839285714285716,3.0056980056980054,5.37037037037037,preSMA,MFC
3,2,20,135,5,1.1851851851851851,1.6807843931823203,0.15884115884115885,img_0087,2.102139924982564,0.01098901098901099,False,0.35616385616385615,0.9423872268233703,1.6517857142857142,1.0634793447293447,1.4444444444444444,preSMA,MFC
3,2,21,135,5,0.46296296296296297,0.33862236541611285,0.8561438561438561,img_0018,0.6738036497702893,0.23076923076923078,False,0.20936355311355315,0.9708348327719015,0.5555555555555556,0.4392424704924705,1.037037037037037,preSMA,MFC
3,2,22,135,5,9.796296296296296,1.6081480571103879,0.17282717282717283,img_0059,1.8102038864951318,0.03196803196803197,False,0.1940879120879122,0.9837575541002128,11.574074074074074,9.327686202686202,10.814814814814815,preSMA,MFC
3,2,23,135,5,0.6851851851851852,2.171522923307272,0.061938061938061936,img_0087,2.222408324354161,0.000999000999000999,False,0.5722934472934473,0.7942583427733615,1.25,0.5346331908831908,0.5925925925925926,amygdala,MTL
3,2,24,135,5,2.8796296296296298,0.6024682457691986,0.6753246753246753,img_0039,0.7568043391465223,0.22877122877122877,False,0.1063550420168069,0.9908469807966833,3.1481481481481484,2.813326719576719,2.7037037037037037,hippocampus,MTL
3,2,25,135,5,1.0833333333333333,0.9528440765236782,0.48951048951048953,img_0087,0.7194911230863552,0.1848151848151848,False,0.4141737891737892,0.8380967269332601,1.6071428571428572,0.9415064102564102,0.9259259259259259,hippocampus,MTL
3,2,26,135,5,4.537037037037037,0.45797787936632495,0.7792207792207793,img_0059,0.7754649774322316,0.22877122877122877,False,0.13711288711288705,0.9894164783899106,5.092592592592593,4.39433251933252,4.37037037037037,hippocampus,MTL
3,2,27,135,5,7.287037037037037,10.771751785748917,0.000999000999000999,img_0018,2.9960835698693304,0.001998001998001998,True,0.26145604395604416,0.9408722302991723,9.25925925925926,6.8383699633699635,7.074074074074074,hippocampus,MTL
4,2,0,135,5,3.638888888888889,1.3267975849240705,0.25574425574425574,img_0154,0.9977383286931277,0.17082917082917082,False,0.052273792780121786,0.9974990492147825,3.798076923076923,3.599537037037037,3.5555555555555554,dACC,MFC
4,2,1,135,5,9.314814814814815,2.197709639720639,0.061938061938061936,img_0147,2.3579687333997423,0.008991008991008992,False,0.1931503370579002,0.9896490581552091,11.018518518518519,8.890287952787952,8.333333333333334,preSMA,MFC
4,2,2,135,5,8.083333333333334,3.811766150223502,0.004995004995004995,img_0147,2.692861746048264,0.008991008991008992,True,0.22584868183459728,0.9808484030478791,9.86111111111111,7.633992165242165,7.962962962962963,preSMA,MFC
4,2,3,135,5,6.296296296296297,3.0803328324292036,0.01998001998001998,img_0147,3.0001773329037245,0.001998001998001998,True,0.2721161740558291,0.9777482169963693,8.055555555555555,5.863508597883598,5.592592592592593,preSMA,MFC
4,2,4,135,5,8.175925925925926,2.169391862147035,0.07192807192807193,img_0147,2.226410331894668,0.013986013986013986,False,0.18297765036895464,0.9885767576310722,9.583333333333334,7.829797517297518,7.777777777777778,preSMA,MFC
4,2,5,135,5,9.222222222222221,1.9749579261480164,0.1048951048951049,img_0147,1.8931407349702443,0.025974025974025976,False,0.16266975382695903,0.9894031420136402,10.601851851851851,8.87725122100122,8.333333333333334,preSMA,MFC
4,2,6,135,5,8.935185185185185,2.81157827428911,0.026973026973026972,img_0147,2.722640851049669,0.003996003996003996,True,0.223673135375263,0.9846865718488556,10.87962962962963,8.446148758648759,9.074074074074074,preSMA,MFC
4,2,7,135,5,8.601851851851851,2.463627155418171,0.04195804195804196,img_0147,2.477159300978961,0.01098901098901099,True,0.20297495297495294,0.9870431657651006,10.277777777777779,8.191646316646317,7.185185185185185,preSMA,MFC
4,2,8,135,5,1.0648148148148149,0.4938643806328848,0.7422577422577422,img_0146,1.280267375646031,0.08191808191808192,False,0.2590706707086017,0.9826529583602974,1.3425925925925926,0.9947662291412291,1.4444444444444444,amygdala,MTL
4,2,9,135,5,0.6388888888888888,0.5173784796213627,0.7212787212787213,img_0146,1.1153392648977585,0.12687312687312688,False,0.290140415140415,0.9685384288657923,0.8333333333333334,0.5915496540496541,1.2592592592592593,amygdala,MTL
4,2,10,135,5,0.42592592592592593,1.5391720588791753,0.19080919080919082,img_0122,1.347905517923198,0.06493506493506493,False,0.42670722135007855,0.8600948318180044,0.6481481481481481,0.3715786528286528,0.5555555555555556,amygdala,MTL
4,2,11,135,5,2.2685185185185186,0.25878111105341095,0.9070929070929071,img_0110,1.0479393854553956,0.12087912087912088,False,0.13737691807867236,0.9949756901945739,2.544642857142857,2.195067663817664,2.0,amygdala,MTL
4,2,12,135,5,4.592592592592593,2.8528354096662225,0.03396603396603397,img_0110,2.4561376592148036,0.004995004995004995,True,0.26379574841113307,0.9697933952506833,5.803571428571429,4.2726139601139606,4.185185185185185,amygdala,MTL
4,2,13,135,5,1.3425925925925926,0.6033908850521085,0.6733266733266733,img_0122,1.3832446991746865,0.06493506493506493,False,0.21585557299843017,0.9844867051527095,1.6203703703703705,1.2706043956043955,2.1481481481481484,amygdala,MTL
4,2,14,135,5,0.9166666666666666,0.7156692825654645,0.5994005994005994,img_0146,0.8764871653102266,0.17882117882117882,False,0.17615265169613004,0.9731246458630078,1.0648148148148149,0.8772448616198616,0.7407407407407407,amygdala,MTL
4,2,15,135,5,0.26851851851851855,1.3054528242732015,0.2917082917082917,img_0146,1.5225248322725158,0.04695304695304695,False,0.5923451548451549,0.8211147720940951,0.5092592592592593,0.2076020044770045,0.4074074074074074,amygdala,MTL
4,2,16,135,5,5.527777777777778,1.118342732268233,0.3356643356643357,img_0146,1.3279116254672578,0.09090909090909091,False,0.13788543546006204,0.9918823652633355,6.203703703703703,5.3483033170533165,5.7407407407407405,amygdala,MTL
4,2,17,135,5,1.0648148148148149,1.074536673324616,0.3866133866133866,img_0147,1.4025966528378917,0.07092907092907093,False,0.29116300366300374,0.9548459989851784,1.3888888888888888,0.9844958282458283,1.1851851851851851,amygdala,MTL
4,2,18,135,5,0.6111111111111112,0.8808276508740461,0.5014985014985015,img_0146,0.830041478754289,0.2047952047952048,False,0.2158739697802199,0.9552027418796567,0.7407407407407407,0.5808340964590964,0.6666666666666666,amygdala,MTL
4,2,19,135,5,0.4166666666666667,0.3238297242637985,0.8681318681318682,img_0110,0.7224833826852898,0.21078921078921078,False,0.28038936372269707,0.9685306129322413,0.5357142857142857,0.385505698005698,0.4444444444444444,amygdala,MTL
4,2,20,135,5,0.3425925925925926,3.5061935340614676,0.008991008991008992,img_0146,2.4768053519615254,0.000999000999000999,True,0.7354624542124543,0.6479619991041604,0.8333333333333334,0.22044795482295482,0.7037037037037037,amygdala,MTL
4,2,21,135,5,0.5925925925925926,0.7135451514063982,0.5694305694305695,img_0122,1.0057442110301598,0.15684315684315683,False,0.24781078296703307,0.9616450277938231,0.7407407407407407,0.5571771978021978,0.9629629629629629,amygdala,MTL
4,2,22,135,5,0.4537037037037037,2.0662094728878486,0.07892107892107893,img_0110,2.044129968170598,0.01098901098901099,False,0.5496201329534663,0.8443038849351436,0.8035714285714286,0.3619123931623932,0.5185185185185185,amygdala,MTL
4,2,23,135,5,0.6759259259259259,0.7612971959430673,0.5414585414585414,img_0147,1.1965004971613054,0.1008991008991009,False,0.33653846153846145,0.9528560606660492,0.9259259259259259,0.6143162393162394,0.5185185185185185,amygdala,MTL
4,2,24,135,5,0.2962962962962963,1.3949758678584447,0.24475524475524477,img_0147,1.6845158568384122,0.02197802197802198,False,0.5821886446886446,0.7924838321735961,0.5555555555555556,0.23211741961741963,0.4444444444444444,amygdala,MTL
4,2,25,135,5,0.37962962962962965,1.753466284086315,0.13286713286713286,img_0122,2.156590402878887,0.005994005994005994,False,0.5644688644688645,0.8236257483555836,0.6944444444444444,0.30245217745217745,0.48148148148148145,amygdala,MTL
4,2,26,135,5,0.8796296296296297,1.4214246650707487,0.23676323676323677,img_0122,0.7726812385279649,0.2077922077922078,False,0.2597584706959708,0.9076201055632275,1.1111111111111112,0.8224905881155881,0.7777777777777778,amygdala,MTL
4,2,27,135,5,0.7777777777777778,0.927998091181399,0.44455544455544455,img_0110,1.2374316791820008,0.09490509490509491,False,0.3054626532887402,0.9482264066964274,1.0267857142857142,0.7131410256410257,0.8518518518518519,amygdala,MTL
4,2,28,135,5,1.0740740740740742,0.7922486526810707,0.5754245754245755,img_0146,1.3384675850827277,0.059940059940059943,False,0.3430417239010989,0.9598910175006367,1.4814814814814814,0.9732715201465202,1.2962962962962963,amygdala,MTL
4,2,29,135,5,1.3611111111111112,1.146876808004364,0.3596403596403596,img_0146,1.8772395117898857,0.023976023976023976,False,0.3091187658495351,0.9693294262352855,1.8055555555555556,1.2474244505494507,1.2962962962962963,amygdala,MTL
4,2,30,135,5,1.1111111111111112,0.9176882047443052,0.44955044955044954,img_0146,1.0443559159272997,0.13286713286713286,False,0.21494884425918914,0.9731378440831961,1.3425925925925926,1.0540038665038667,1.1851851851851851,amygdala,MTL
4,2,31,135,5,0.5462962962962963,2.295971154889558,0.06793206793206794,img_0122,2.409392436482111,0.003996003996003996,False,0.5126717032967032,0.8760479548455583,0.9259259259259259,0.45122990435490434,0.4074074074074074,amygdala,MTL
4,2,32,135,5,33.19444444444444,0.6382398539967866,0.6143856143856143,img_0154,0.9002905064396804,0.1838161838161838,False,0.049341935816205496,0.9987197277602565,34.56730769230769,32.86168981481482,35.48148148148148,amygdala,MTL
4,2,33,135,5,0.24074074074074073,0.7561135322946633,0.5774225774225774,img_0146,1.199004964959013,0.07392607392607392,False,0.529532967032967,0.8682936254867331,0.4166666666666667,0.19602793040293043,0.3333333333333333,amygdala,MTL
4,2,34,135,5,0.9537037037037037,0.8002182457768053,0.5254745254745254,img_0146,1.132757922565956,0.12987012987012986,False,0.2626532121724431,0.9652180664659705,1.2037037037037037,0.8875470594220595,0.9259259259259259,amygdala,MTL
4,2,35,135,5,0.3055555555555556,1.38916261527393,0.2647352647352647,img_0122,1.3515280891532628,0.060939060939060936,False,0.4962537462537464,0.8367637466720805,0.5092592592592593,0.25653744403744405,0.37037037037037035,amygdala,MTL
4,2,36,135,5,0.6944444444444444,0.6496569262511416,0.6173826173826173,img_0147,1.3248916723893716,0.07592407592407592,False,0.3580259026687599,0.955956207717059,0.9722222222222222,0.6241414835164835,0.5555555555555556,amygdala,MTL
4,2,37,135,5,3.2222222222222223,0.9644848873631422,0.42957042957042957,img_0110,1.3616104493131056,0.1028971028971029,False,0.21568916396502602,0.9819806361684845,3.8839285714285716,3.046207264957265,2.814814814814815,amygdala,MTL
4,2,38,135,5,9.564814814814815,2.1408736171656653,0.1028971028971029,img_0154,1.8460431897344938,0.029970029970029972,False,0.12371615312791784,0.9914874062546782,10.625,9.310515873015873,7.925925925925926,amygdala,MTL
4,2,39,135,5,0.5370370370370371,3.976250694142812,0.003996003996003996,img_0146,2.70836367369065,0.000999000999000999,True,0.6464629120879121,0.7323850186504662,1.1111111111111112,0.39281898656898656,1.2962962962962963,amygdala,MTL
4,2,40,135,5,1.2407407407407407,0.6298988384464831,0.6553446553446554,img_0122,0.8583450154320121,0.17382617382617382,False,0.20490642170329676,0.9763779876550299,1.4814814814814814,1.1779164122914123,1.3703703703703705,amygdala,MTL
4,2,41,135,5,5.62037037037037,1.186765256970076,0.2997002997002997,img_0146,1.5254424625797107,0.04995004995004995,False,0.1414033047244725,0.9916572867208553,6.342592592592593,5.44572903947904,6.2592592592592595,preSMA,MFC
4,2,42,135,5,2.0277777777777777,0.6711327869106137,0.6373626373626373,img_0122,1.2732416339130055,0.0919080919080919,False,0.2174865229110512,0.9852590306547925,2.4537037037037037,1.9200562169312172,2.037037037037037,preSMA,MFC
4,2,43,135,5,5.388888888888889,0.42246381058430554,0.8011988011988012,img_0122,0.7470554479354964,0.2087912087912088,False,0.08492307692307688,0.9970111394276877,5.787037037037037,5.295584045584046,6.0,preSMA,MFC
4,2,44,135,5,1.1666666666666667,0.36927362407295655,0.8391608391608392,img_0147,0.8999568178908276,0.17882117882117882,False,0.1626089427813564,0.9903277803732774,1.3425925925925926,1.1242750305250304,0.8888888888888888,preSMA,MFC
4,2,45,135,5,5.611111111111111,0.3597774018073639,0.8281718281718282,img_0122,0.8128712124113319,0.21578421578421578,False,0.08556635672020274,0.9970878980763245,6.018518518518518,5.503535816035816,6.444444444444445,preSMA,MFC
4,2,46,135,5,3.935185185185185,0.3222486207085518,0.8601398601398601,img_0154,0.6510396320329038,0.26173826173826176,False,0.08588864838864851,0.9966303823980589,4.230769230769231,3.8673941798941796,4.444444444444445,preSMA,MFC
4,2,47,135,5,1.6018518518518519,0.5514006147171213,0.6883116883116883,img_0110,1.0353206945810247,0.14285714285714285,False,0.20807659179752203,0.984726257815815,1.9196428571428572,1.5202101139601139,1.7407407407407407,preSMA,MFC
4,2,48,135,5,5.657407407407407,1.4670382903438703,0.21178821178821178,img_0122,1.238155191430104,0.11188811188811189,False,0.14440993788819867,0.9877355074718874,6.388888888888889,5.466269841269842,7.0,preSMA,MFC
4,2,49,135,5,2.787037037037037,0.38777686062606503,0.8101898101898102,img_0122,0.8986290375719213,0.17482517482517482,False,0.09322696534234987,0.9958979179578565,3.009259259259259,2.7287151505901504,3.962962962962963,preSMA,MFC
4,2,50,135,5,1.8148148148148149,0.897916502828502,0.4595404595404595,img_0122,0.9599117931927098,0.16683316683316685,False,0.18523053033922587,0.9814546244543535,2.1296296296296298,1.7351572039072038,1.9259259259259258,preSMA,MFC
4,2,51,135,5,2.1203703703703702,0.7477803362589329,0.5654345654345654,img_0110,1.8440490903091642,0.02197802197802198,False,0.2455454150369405,0.9830349248362851,2.6339285714285716,1.9871794871794872,2.6296296296296298,preSMA,MFC
4,2,52,135,5,6.111111111111111,6.4014317742776905,0.000999000999000999,img_0146,3.499855018329923,0.000999000999000999,True,0.47776522542877675,0.9013124660901691,9.907407407407407,5.173992673992674,3.5925925925925926,amygdala,MTL
4,2,53,135,5,1.0462962962962963,5.177128868604255,0.000999000999000999,img_0146,2.143614470576143,0.014985014985014986,True,0.43714678178963884,0.8431589433554381,1.6203703703703705,0.9120306776556777,0.6666666666666666,amygdala,MTL
4,2,54,135,5,1.962962962962963,1.0615482657889541,0.3986013986013986,img_0146,0.9735762711859712,0.16583416583416583,False,0.14277129120879128,0.9798151287629463,2.2222222222222223,1.9049526862026862,1.8888888888888888,amygdala,MTL
4,2,55,135,5,1.9814814814814814,4.198078586606772,0.003996003996003996,img_0154,2.954899792369593,0.001998001998001998,True,0.38883377425044097,0.9217482180956235,2.8846153846153846,1.7629794973544972,2.111111111111111,amygdala,MTL
4,2,56,135,5,0.2962962962962963,0.3129048274616905,0.8701298701298701,img_0154,0.8294798717167114,0.2077922077922078,False,0.2863756613756614,0.9559659241229694,0.38461538461538464,0.2744708994708995,0.5185185185185185,amygdala,MTL
4,2,57,135,5,13.63888888888889,7.8529195578624185,0.000999000999000999,img_0154,3.119771366248294,0.000999000999000999,True,0.2650119450673467,0.958337666747878,17.35576923076923,12.756283068783068,8.62962962962963,amygdala,MTL
4,2,58,135,5,0.26851851851851855,0.30122690286489323,0.8941058941058941,img_0147,0.7409482586146343,0.2077922077922078,False,0.3410027472527474,0.9469574237320203,0.37037037037037035,0.24407305657305658,0.07407407407407407,amygdala,MTL
4,2,59,135,5,0.75,2.378755326704546,0.04295704295704296,img_0147,2.180579612103306,0.003996003996003996,True,0.52649136577708,0.8789178049310737,1.2962962962962963,0.6138074888074888,0.8518518518518519,amygdala,MTL
4,2,60,135,5,0.4537037037037037,2.3361042721134293,0.055944055944055944,img_0147,1.815496959016756,0.011988011988011988,False,0.6633307169021455,0.7234642318608522,0.9722222222222222,0.32731735856735855,0.5555555555555556,amygdala,MTL
4,2,61,135,5,1.537037037037037,0.7891921399703333,0.5144855144855145,img_0147,1.046201091666989,0.14585414585414586,False,0.18867990983375615,0.9772823088564264,1.8055555555555556,1.464883496133496,2.5185185185185186,vmPFC,MFC
4,2,62,135,5,5.083333333333333,3.7828260735357673,0.007992007992007992,img_0122,3.394937898044701,0.000999000999000999,True,0.31514446437915833,0.9681646160774866,6.805555555555555,4.660822395197394,4.444444444444445,vmPFC,MFC
4,2,63,135,5,9.564814814814815,2.3725863237221505,0.06593406593406594,img_0154,2.4712703408610457,0.007992007992007992,False,0.17140223092604057,0.9884485697371836,11.10576923076923,9.202215608465607,9.74074074074074,vmPFC,MFC
4,2,64,135,5,1.9259259259259258,5.672653548961273,0.000999000999000999,img_0147,3.601232537705079,0.000999000999000999,True,0.4259440955869527,0.9086942957916193,2.9166666666666665,1.6743297212047215,1.3333333333333333,vmPFC,MFC
4,2,65,135,5,3.1296296296296298,1.3219031557908223,0.25874125874125875,img_0122,1.4505570219533814,0.07192807192807193,False,0.1923076923076923,0.9830984256206822,3.7037037037037037,2.9914529914529915,3.259259259259259,vmPFC,MFC
4,2,66,135,5,2.1944444444444446,1.605518358836765,0.18581418581418582,img_0146,1.9254712972651131,0.016983016983016984,False,0.3804440045248869,0.9401952268118242,3.1481481481481484,1.9504540598290598,3.111111111111111,vmPFC,MFC
4,2,67,135,5,0.4351851851851852,1.1789611878450947,0.33666333666333664,img_0147,1.2701151865707696,0.056943056943056944,False,0.4687271062271062,0.8679295099120399,0.6944444444444444,0.3689395095645096,0.7037037037037037,vmPFC,MFC
4,2,68,135,5,0.8888888888888888,1.3293082518081747,0.27372627372627373,img_0147,1.4778120579918281,0.054945054945054944,False,0.3908212323390894,0.9188408420268981,1.2962962962962963,0.7896761803011804,1.0,vmPFC,MFC
4,2,69,135,5,0.6481481481481481,0.9551166585433065,0.47052947052947053,img_0146,1.0876299038696844,0.09490509490509491,False,0.4541708291708293,0.8656316346809527,1.0185185185185186,0.5559371184371185,0.5555555555555556,vmPFC,MFC
4,2,70,135,5,1.3518518518518519,2.0552359794428594,0.08791208791208792,img_0147,1.2548616234436887,0.08691308691308691,False,0.29460670908039344,0.9204374538913205,1.7592592592592593,1.2409696784696782,1.037037037037037,vmPFC,MFC
4,2,71,135,5,2.5925925925925926,1.187107443108498,0.3066933066933067,img_0146,0.797761851165033,0.21678321678321677,False,0.21011358044940143,0.9366284682701868,3.1018518518518516,2.450110653235653,1.8518518518518519,vmPFC,MFC
4,2,72,135,5,0.2962962962962963,1.5637375717942283,0.1838161838161838,img_0110,1.1983928383236206,0.08591408591408592,False,0.5654083570750237,0.736640456554527,0.5357142857142857,0.23281695156695154,0.14814814814814814,vmPFC,MFC
4,2,73,135,5,1.4814814814814814,0.3529673596937792,0.8411588411588412,img_0146,0.5169903102020046,0.2937062937062937,False,0.1409302503052503,0.9823083592812702,1.6666666666666667,1.431782916157916,1.8148148148148149,vmPFC,MFC
4,2,74,135,5,4.768518518518518,0.48893664584116847,0.7392607392607392,img_0154,1.0893456491537512,0.12787212787212787,False,0.12145262145262148,0.9958946378593044,5.288461538461538,4.646164021164021,4.518518518518518,vmPFC,MFC
4,2,75,135,5,0.6574074074074074,1.1936382255795486,0.3176823176823177,img_0154,1.2114025674610183,0.0919080919080919,False,0.2954512051734274,0.9340256952666283,0.8653846153846154,0.6097056878306879,0.48148148148148145,vmPFC,MFC
5,2,0,135,5,6.842592592592593,1.0684648692601881,0.3756243756243756,img_0138,1.9396988231232923,0.03596403596403597,False,0.15726802783015792,0.9939759248237788,7.824074074074074,6.593597374847374,6.851851851851852,dACC,MFC
5,2,1,135,5,4.111111111111111,0.8724319948359489,0.48151848151848153,img_0065,0.9646261970496595,0.15184815184815184,False,0.1298285048285046,0.990354473824934,4.583333333333333,3.9882860195360195,4.62962962962963,dACC,MFC
5,2,2,135,5,1.787037037037037,0.7602991159408736,0.5444555444555444,img_0138,1.7377853925805349,0.03596403596403597,False,0.28563186813186814,0.9774124754240535,2.314814814814815,1.653629934879935,1.4074074074074074,dACC,MFC
5,2,3,135,5,2.1481481481481484,0.361788078522128,0.8441558441558441,img_0173,0.9878631675507306,0.13886113886113885,False,0.23209465972623855,0.9840415135254869,2.638888888888889,2.0264168701668703,2.962962962962963,dACC,MFC
5,2,4,135,5,8.814814814814815,0.6213388810262879,0.6203796203796204,img_0065,1.3916370933710105,0.07592407592407592,False,0.0949369198762402,0.9975019340395568,9.537037037037036,8.631620115995116,9.925925925925926,dACC,MFC
5,2,5,135,5,1.0185185185185186,1.2517156066324997,0.30569430569430567,img_0065,1.2785506087272753,0.09090909090909091,False,0.33015109890109884,0.9401025955286448,1.3888888888888888,0.930345695970696,0.9629629629629629,dACC,MFC
5,2,6,135,5,1.8055555555555556,0.6810467772966067,0.6103896103896104,img_0138,0.8923549200899475,0.17282717282717283,False,0.21473871872808048,0.9739587597109777,2.175925925925926,1.7086703805453807,1.8148148148148149,dACC,MFC
5,2,7,135,5,2.6574074074074074,0.38961344438362644,0.8351648351648352,img_0054,0.8285443452330459,0.16983016983016982,False,0.18412698412698414,0.982881360704281,3.125,2.5496031746031744,2.4444444444444446,dACC,MFC
5,2,8,135,5,5.962962962962963,1.4381610622365317,0.2177822177822178,img_0138,1.8063002756075812,0.03996003996003996,False,0.21794431530008462,0.986369232749248,7.222222222222222,5.648179945054945,6.7407407407407405,dACC,MFC
5,2,9,135,5,9.49074074074074,1.7686460707315583,0.14585414585414586,img_0065,2.1980703235971255,0.013986013986013986,False,0.1726238572352019,0.9911525989831758,11.018518518518519,9.11645935083435,9.925925925925926,dACC,MFC
5,2,10,135,5,4.175925925925926,1.8254686657240906,0.13586413586413587,img_0173,1.8498584884798897,0.04495504495504495,False,0.15470633735196837,0.9864328278209041,4.768518518518518,4.030798483923483,4.148148148148148,dACC,MFC
5,2,11,135,5,5.712962962962963,0.46100508528109263,0.7532467532467533,img_0065,1.3215220166723223,0.08691308691308691,False,0.10774827024827016,0.9974036737824737,6.25,5.576573310948311,6.333333333333333,dACC,MFC
5,2,12,135,5,1.287037037037037,0.18131733093024172,0.9440559440559441,img_0138,0.607667143738227,0.26073926073926074,False,0.12841191066997504,0.9946035416539888,1.4351851851851851,1.2508903133903133,1.2962962962962963,dACC,MFC
5,2,13,135,5,4.768518518518518,0.8086949151487328,0.5154845154845155,img_0065,1.5782914779232842,0.05094905094905095,False,0.18629665788756689,0.9911577174711075,5.601851851851852,4.5582455738705745,6.148148148148148,dACC,MFC
5,2,14,135,5,0.5925925925925926,1.5913099965232627,0.1848151848151848,img_0138,1.7865755032470672,0.022977022977022976,False,0.48992673992673996,0.8875089778316003,0.9722222222222222,0.4959045584045584,0.8148148148148148,dACC,MFC
5,2,15,135,5,3.074074074074074,1.3476520320043512,0.24275724275724275,img_0168,1.7695881402912303,0.03496503496503497,False,0.20179278715864069,0.9779084552719814,3.6607142857142856,2.9220085470085473,3.814814814814815,dACC,MFC
5,2,16,135,5,1.2407407407407407,2.1830177293088986,0.06493506493506493,img_0173,1.7825214901575142,0.027972027972027972,False,0.29195447409733133,0.9422163298918965,1.6203703703703705,1.147295991045991,1.1851851851851851,dACC,MFC
5,2,17,135,5,3.462962962962963,0.04588296196253105,0.994005994005994,img_0168,0.4026100338957522,0.36863136863136864,False,0.05344518307481261,0.9994280680368072,3.6160714285714284,3.4228098290598292,3.888888888888889,dACC,MFC
5,2,18,135,5,5.046296296296297,0.8983045067869199,0.4745254745254745,img_0168,1.109713677302934,0.10789210789210789,False,0.11987464387464386,0.9931304842523423,5.580357142857143,4.911413817663817,4.962962962962963,dACC,MFC
5,2,19,135,5,3.3796296296296298,0.02748816654055786,0.997002997002997,img_0168,0.2512116694978228,0.3986013986013986,False,0.037110088392139806,0.9996623172248286,3.482142857142857,3.3529202279202277,4.037037037037037,dACC,MFC
5,2,20,135,5,4.185185185185185,1.138120608044157,0.3626373626373626,img_0173,0.9521966170437002,0.15084915084915085,False,0.17352825745682887,0.9781354691825901,4.861111111111111,4.017570970695971,3.925925925925926,preSMA,MFC
5,2,21,135,5,0.25925925925925924,0.926547914179905,0.44255744255744256,img_0065,1.5783210895453261,0.04395604395604396,False,0.5487637362637363,0.8606234519252884,0.46296296296296297,0.20890567765567764,0.14814814814814814,preSMA,MFC
5,2,22,135,5,0.7314814814814815,1.1046279006962483,0.35364635364635366,img_0138,1.233777549334233,0.0899100899100899,False,0.31073390894819475,0.9393915544141592,0.9722222222222222,0.6701198107448106,0.6666666666666666,preSMA,MFC
5,2,23,135,5,0.25925925925925924,4.033065631215095,0.002997002997002997,img_0173,1.9943625310114295,0.017982017982017984,True,0.6616872710622711,0.63867071206681,0.5555555555555556,0.18795151607651606,0.2222222222222222,preSMA,MFC
5,2,24,135,5,10.324074074074074,0.44033405216837224,0.7882117882117882,img_0138,0.6434401915103907,0.24875124875124874,False,0.07966167236125221,0.9967795113721836,11.018518518518519,10.140764906389906,10.666666666666666,preSMA,MFC
5,2,25,135,5,0.6666666666666666,0.38415765943046454,0.8301698301698301,img_0168,1.033716944217469,0.13686313686313686,False,0.2694556905083221,0.9779621870121566,0.8482142857142857,0.6196581196581197,0.5925925925925926,preSMA,MFC
5,2,26,135,5,3.8981481481481484,0.37257600521883905,0.8251748251748252,img_0168,1.2185967304388976,0.10789210789210789,False,0.10172439646123865,0.9968164180158481,4.241071428571429,3.8096509971509973,3.962962962962963,preSMA,MFC
5,2,27,135,5,4.037037037037037,1.4126935346708855,0.22677322677322678,img_0168,1.2553625389973446,0.09090909090909091,False,0.1768281101614435,0.9757116665380027,4.6875,3.8586182336182335,4.703703703703703,preSMA,MFC
5,2,28,135,5,2.185185185185185,0.47908530999089183,0.7432567432567433,img_0065,1.181174835327635,0.1048951048951049,False,0.19702953296703285,0.9906188019536163,2.5925925925925926,2.081775284900285,2.4814814814814814,amygdala,MTL
5,2,29,135,5,0.5925925925925926,0.8961201560653781,0.46153846153846156,img_0054,1.0430784390224574,0.12687312687312688,False,0.2836888227513228,0.9530075074322137,0.7692307692307693,0.5510085978835979,0.4074074074074074,amygdala,MTL
5,2,30,135,5,1.1944444444444444,0.2374810563684047,0.942057942057942,img_0138,0.722666705269775,0.22377622377622378,False,0.17504578754578737,0.98964539549701,1.3888888888888888,1.1457697395197395,1.3333333333333333,amygdala,MTL
5,2,31,135,5,1.1666666666666667,0.7599428016973794,0.5804195804195804,img_0054,0.9205250723367221,0.16283716283716285,False,0.20187921912059847,0.9781258206956867,1.3942307692307692,1.1127645502645502,0.8148148148148148,amygdala,MTL
5,2,32,135,5,2.314814814814815,0.557889514468184,0.7042957042957043,img_0173,1.0770749474337014,0.12187812187812187,False,0.1335361067503924,0.9933667382358139,2.5925925925925926,2.2463878713878715,1.8518518518518519,amygdala,MTL
5,2,33,135,5,1.2962962962962963,1.0931371428384826,0.3806193806193806,img_0054,1.4877218285511022,0.054945054945054944,False,0.2550186741363213,0.9720889118977715,1.6346153846153846,1.2177579365079365,0.8518518518518519,amygdala,MTL
5,2,34,135,5,2.074074074074074,2.027714671609345,0.11188811188811189,img_0138,1.6098994856896949,0.04995004995004995,False,0.2158882783882783,0.9694443285513786,2.5,1.9602793040293043,1.7407407407407407,hippocampus,MTL
5,2,35,135,5,5.027777777777778,0.8437018512556886,0.5234765234765235,img_0138,1.3641496038411665,0.08491508491508491,False,0.14818413294023047,0.9897443695707187,5.694444444444445,4.850618131868131,4.7407407407407405,hippocampus,MTL
5,2,36,135,5,1.6296296296296295,0.15289538453300436,0.961038961038961,img_0173,0.5856285490272882,0.26073926073926074,False,0.0924486697513014,0.9968098968950427,1.7592592592592593,1.596618080993081,1.3333333333333333,hippocampus,MTL
5,2,37,135,5,0.5277777777777778,0.10313197256425077,0.984015984015984,img_0065,0.29702110514297514,0.3516483516483517,False,0.1532121724429416,0.9883983976380685,0.6018518518518519,0.5096408221408221,0.3333333333333333,hippocampus,MTL
5,2,38,135,5,4.342592592592593,2.1047052740909344,0.07292707292707293,img_0168,1.9227429280412298,0.027972027972027972,False,0.19430199430199435,0.9786315112760697,5.133928571428571,4.136396011396012,5.148148148148148,hippocampus,MTL
5,2,39,135,5,2.861111111111111,0.4643720047398151,0.7622377622377622,img_0054,0.4290461283948321,0.3356643356643357,False,0.06910850760057108,0.9935845146681632,3.0288461538461537,2.8195271164021163,2.814814814814815,hippocampus,MTL
5,2,40,135,5,0.25,0.40514292078363673,0.8351648351648352,img_0138,0.6080506254912849,0.2787212787212787,False,0.28267268445839877,0.9385432622384329,0.32407407407407407,0.2324671855921856,0.3333333333333333,hippocampus,MTL
5,2,41,135,5,2.1666666666666665,0.9934993645714203,0.39760239760239763,img_0168,0.7606866004856017,0.22277722277722278,False,0.14952084952084932,0.9757841294682614,2.455357142857143,2.088230056980057,2.2222222222222223,hippocampus,MTL
5,2,42,135,5,1.8333333333333333,0.3615193490278905,0.8421578421578422,img_0173,0.9973205222404053,0.15884115884115885,False,0.1735397754419492,0.9916246922920409,2.1296296296296298,1.760054181929182,1.7777777777777777,hippocampus,MTL
5,2,43,135,5,1.2037037037037037,2.5362176628010733,0.04295704295704296,img_0054,1.8881810129545127,0.016983016983016984,True,0.2970578803912137,0.9373736416179027,1.5865384615384615,1.1152447089947088,1.037037037037037,hippocampus,MTL
5,2,44,135,5,0.7870370370370371,0.5734243659695546,0.7212787212787213,img_0138,0.9564552168670678,0.16583416583416583,False,0.23583856619570898,0.9742582139280103,0.9722222222222222,0.7429347273097273,0.5185185185185185,hippocampus,MTL
5,2,45,135,5,0.75,1.028669319510109,0.42157842157842157,img_0173,1.375883720307283,0.06793206793206794,False,0.3328546453546454,0.939669554171911,1.0185185185185186,0.6794998982498983,0.5555555555555556,hippocampus,MTL
5,2,46,135,5,1.1574074074074074,2.2458310102320693,0.059940059940059943,img_0138,1.7740352958227528,0.028971028971028972,False,0.30344655344655336,0.9344289356096489,1.5277777777777777,1.0641788766788767,1.1111111111111112,hippocampus,MTL
5,2,47,135,5,2.25,4.758778550478606,0.001998001998001998,img_0138,2.9570485895052916,0.000999000999000999,True,0.5682646005679712,0.8390293127368209,4.12037037037037,1.7789097476597477,2.5185185185185186,vmPFC,MFC
5,2,48,135,5,8.675925925925926,2.800165025163189,0.030969030969030968,img_0168,1.7501036264604692,0.03796203796203796,True,0.2052878475292268,0.975029603743852,10.357142857142858,8.230947293447294,8.592592592592593,vmPFC,MFC
5,2,49,135,5,2.861111111111111,1.5062181853350616,0.22077922077922077,img_0168,2.0566036256815403,0.014985014985014986,False,0.3323672921374071,0.9657824412625602,3.8839285714285716,2.5930377492877494,2.7037037037037037,vmPFC,MFC
6,2,0,108,5,3.7152777777777777,1.8897477596913501,0.11188811188811189,img_0215,2.3532392049742596,0.003996003996003996,False,0.2859328647606161,0.9729502198724133,4.759615384615385,3.3986849225336067,4.351851851851852,dACC,MFC
6,2,1,108,5,1.7592592592592593,0.21446048663558392,0.936063936063936,img_0194,0.7989843434761359,0.17682317682317683,False,0.14601982447377182,0.9923687410751364,2.0,1.7079603510524561,2.0833333333333335,dACC,MFC
6,2,2,108,5,1.0532407407407407,1.795753922709033,0.13586413586413587,img_0198,1.5016778729370484,0.04595404595404595,False,0.3615327567169673,0.9021631308587804,1.4880952380952381,0.950100064409275,0.7407407407407407,dACC,MFC
6,2,3,108,5,3.761574074074074,0.29371158081666315,0.8881118881118881,img_0215,0.7876935750878907,0.19480519480519481,False,0.1866752921264201,0.98530467952142,4.375,3.558295596946913,2.7777777777777777,dACC,MFC
6,2,4,108,5,1.2847222222222223,1.483228991741249,0.2007992007992008,img_0224,1.3143439481589527,0.060939060939060936,False,0.31661031276415885,0.9289129472564994,1.7105263157894737,1.168956043956044,1.2962962962962963,dACC,MFC
6,2,5,108,5,2.928240740740741,0.8007248438817031,0.5104895104895105,img_0193,1.2792763089388157,0.08791208791208792,False,0.21752916721083104,0.9855714433317343,3.522727272727273,2.756431342780027,3.425925925925926,dACC,MFC
6,2,6,108,5,0.6481481481481481,0.42811940035089463,0.7972027972027972,img_0198,0.8544313950261767,0.1938061938061938,False,0.2655686418844314,0.9653177436855841,0.8333333333333334,0.6120261317629738,0.8796296296296297,dACC,MFC
6,2,7,108,5,1.2615740740740742,0.2608657994212703,0.9150849150849151,img_0215,0.4786946083302466,0.2947052947052947,False,0.16884218121060224,0.982775332573915,1.4423076923076923,1.1987853155616313,1.3888888888888888,dACC,MFC
6,2,8,108,5,3.5300925925925926,1.3196805660270683,0.2787212787212787,img_0224,0.9112529292323844,0.18281718281718282,False,0.14820602894373391,0.9762951525053688,4.0131578947368425,3.4183836996337,3.9814814814814814,dACC,MFC
6,2,9,108,5,7.592592592592593,1.2823067381378608,0.2807192807192807,img_0198,1.4132599540380295,0.09290709290709291,False,0.13817974788369525,0.9915610673644221,8.571428571428571,7.387030732425469,8.00925925925926,dACC,MFC
6,2,10,108,5,1.099537037037037,0.5167442074187967,0.7192807192807192,img_0193,1.0387981608824612,0.14385614385614387,False,0.2513557531649636,0.9768060108752081,1.3636363636363635,1.020878518411413,1.3425925925925926,hippocampus,MTL
6,2,11,108,5,1.4351851851851851,0.6041377866735065,0.6423576423576424,img_0215,1.2126399837174693,0.1038961038961039,False,0.22093507126401857,0.9786322634247766,1.7307692307692308,1.3483816074276602,1.4814814814814814,preSMA,MFC
6,2,12,108,5,1.5162037037037037,0.5896424940180973,0.6443556443556444,img_0215,0.9394827595244778,0.16083916083916083,False,0.16468269790638224,0.9818300089642387,1.7307692307692308,1.4457414843928,2.175925925925926,preSMA,MFC
6,2,13,108,5,1.3425925925925926,0.5548757615175958,0.6983016983016983,img_0194,0.8395881442626523,0.17682317682317683,False,0.20283832227152043,0.9727399905303127,1.625,1.295387726308779,0.9259259259259259,preSMA,MFC
6,2,14,108,5,3.622685185185185,1.202748765109763,0.33166833166833165,img_0224,1.5282185733952869,0.054945054945054944,False,0.2842101763976763,0.9767363806266282,4.7368421052631575,3.3905833749583754,3.75,preSMA,MFC
6,2,15,108,5,4.675925925925926,0.0443054364771707,0.996003996003996,img_0193,0.315859954661519,0.3806193806193806,False,0.05360365358835373,0.9993489957041332,4.886363636363637,4.624436692693272,2.7777777777777777,preSMA,MFC
6,2,16,108,5,2.4652777777777777,0.6966138677367006,0.6073926073926074,img_0193,1.1065436496842016,0.1068931068931069,False,0.2612232504337767,0.9669507610079906,3.125,2.3086773423944478,2.7314814814814814,preSMA,MFC
6,2,17,108,5,0.9606481481481481,0.43826415709455846,0.7642357642357642,img_0193,0.933380733260594,0.17882117882117882,False,0.19379723346828626,0.9848756793265425,1.1363636363636365,0.9161395074224021,0.7870370370370371,preSMA,MFC
6,2,18,108,5,0.20833333333333334,0.47138276323828043,0.7682317682317682,img_0224,0.8657169956977756,0.18081918081918083,False,0.44176823176823166,0.8958414514805075,0.32894736842105265,0.18362887112887114,0.1388888888888889,preSMA,MFC
6,2,19,108,5,0.33564814814814814,0.23725647600910618,0.942057942057942,img_0193,0.4546896718099993,0.3156843156843157,False,0.21326324051887946,0.9540506880513787,0.3977272727272727,0.31290666570271836,0.18518518518518517,preSMA,MFC
6,2,20,108,5,0.20833333333333334,0.905340610622576,0.5094905094905094,img_0224,0.8597370951442654,0.1888111888111888,False,0.45293539793539783,0.8045575864390269,0.32894736842105265,0.17995546120546121,0.23148148148148148,preSMA,MFC
6,2,21,108,5,1.9097222222222223,0.7588439321324176,0.5514485514485514,img_0193,1.3686983016811909,0.0959040959040959,False,0.22637233327220496,0.9826063246555721,2.3295454545454546,1.8022008145363408,2.4074074074074074,preSMA,MFC
6,2,22,108,5,0.28935185185185186,1.5893017296661789,0.16383616383616384,img_0193,1.6673270332404082,0.03596403596403597,False,0.5520344665081507,0.7995478278027133,0.5113636363636364,0.2290732841719684,0.4166666666666667,preSMA,MFC
6,2,23,108,5,0.16203703703703703,0.38282936156233777,0.8481518481518482,img_0215,0.6284950605309497,0.24575424575424576,False,0.4379847345636819,0.8418513068673324,0.2403846153846154,0.13509982342219184,0.09259259259259259,preSMA,MFC
6,2,24,108,5,10.162037037037036,0.2979097321874477,0.8951048951048951,img_0215,0.6652803084766689,0.2597402597402597,False,0.05220383085813696,0.9988765878866094,10.576923076923077,10.024767173615858,11.25,preSMA,MFC
6,2,25,108,5,1.8171296296296295,0.45027746915867023,0.7752247752247752,img_0194,1.0593574414270424,0.14185814185814186,False,0.25914768020031187,0.9805002150188639,2.3125,1.713220989536779,2.314814814814815,preSMA,MFC
6,2,26,108,5,0.8912037037037037,1.0295678950070215,0.39760239760239763,img_0215,1.2399308780950142,0.09290709290709291,False,0.30616622047543085,0.9376069907278393,1.1538461538461537,0.8005774379129643,0.6944444444444444,preSMA,MFC
6,2,27,108,5,1.5740740740740742,1.1325870798312019,0.3946053946053946,img_0215,1.0068313965352167,0.15384615384615385,False,0.21646730462519925,0.9557345878984068,1.875,1.4691238038277512,1.0185185185185186,preSMA,MFC
6,2,28,108,5,0.2777777777777778,1.7030022198155739,0.13886113886113885,img_0224,1.4231804980506322,0.028971028971028972,False,0.7470707322980051,0.6060545519168277,0.7236842105263158,0.18304091741591738,0.18518518518518517,preSMA,MFC
6,2,29,108,5,1.1342592592592593,0.8180787400585774,0.5524475524475524,img_0215,1.3839979488484577,0.06293706293706294,False,0.34850282666894505,0.9592814157885635,1.5384615384615385,1.0023033435862383,1.8055555555555556,preSMA,MFC
6,2,30,108,5,0.9953703703703703,0.7607676983796071,0.5544455544455544,img_0215,0.9103130653127909,0.22277722277722278,False,0.17839200273410794,0.9757329057335935,1.1538461538461537,0.9480092276144908,0.6944444444444444,preSMA,MFC
6,2,31,108,5,2.3958333333333335,0.3703664223517439,0.8171828171828172,img_0224,0.716390812622735,0.23776223776223776,False,0.1327313946216384,0.9911323171450105,2.6973684210526314,2.339342948717949,1.7592592592592593,preSMA,MFC
6,2,32,108,5,2.2916666666666665,0.031616448514688374,0.996003996003996,img_0215,0.23203147758666368,0.3876123876123876,False,0.03690522688911524,0.999230037962064,2.355769230769231,2.268829032809296,1.8981481481481481,preSMA,MFC
6,2,33,108,5,0.6828703703703703,1.8854041636915926,0.12787212787212787,img_0224,1.3927942203244823,0.06493506493506493,False,0.3842346542346542,0.8735083055064002,0.9868421052631579,0.6076631701631702,0.6018518518518519,preSMA,MFC
6,2,34,108,5,0.30092592592592593,0.8984644550077258,0.4725274725274725,img_0215,1.154564671138346,0.11388611388611389,False,0.3931539707855497,0.8871211576938313,0.4326923076923077,0.26257760879471403,0.2777777777777778,preSMA,MFC
7,2,0,108,5,1.5856481481481481,1.0603957507913566,0.3956043956043956,img_0214,1.235670758153994,0.08891108891108891,False,0.28125463246430993,0.9634015427981248,2.039473684210526,1.4658622627372626,1.8981481481481481,amygdala,MTL
7,2,1,108,5,1.5972222222222223,1.558889659473796,0.1998001998001998,img_0195,1.5793741718940475,0.05194805194805195,False,0.3085191382405005,0.9464839672324761,2.125,1.4693968312389363,1.712962962962963,amygdala,MTL
7,2,2,108,5,1.4814814814814814,3.1974792676729176,0.01998001998001998,img_0214,2.16997002982187,0.006993006993006993,True,0.4497305934805934,0.8987568074055071,2.3684210526315788,1.303269647019647,1.3425925925925926,amygdala,MTL
7,2,3,108,5,1.1226851851851851,3.5275380885319687,0.00999000999000999,img_0214,2.682279453181175,0.001998001998001998,True,0.5028472963817792,0.8712137509624442,1.9078947368421053,0.9485150266400266,0.9259259259259259,amygdala,MTL
7,2,4,108,5,0.32407407407407407,3.6509579897390307,0.011988011988011988,img_0214,2.350054754287202,0.002997002997002997,True,0.6827869100596373,0.6687512771521,0.7236842105263158,0.22956210456210457,0.23148148148148148,amygdala,MTL
7,2,5,108,5,1.2268518518518519,4.732404579553897,0.001998001998001998,img_0214,3.6856345739847263,0.000999000999000999,True,0.5412362147656266,0.8643595801469798,2.236842105263158,1.0261821511821512,0.7407407407407407,amygdala,MTL
7,2,6,108,5,1.3310185185185186,0.68136598566573,0.6393606393606394,img_0214,1.1892777036444573,0.0969030969030969,False,0.23346103896103898,0.9745084038760304,1.644736842105263,1.26075487012987,1.2962962962962963,amygdala,MTL
7,2,7,108,5,0.6018518518518519,1.9225065338219407,0.1108891108891109,img_0214,1.574532525171519,0.057942057942057944,False,0.41819787355501636,0.8803060326532344,0.9210526315789473,0.5358703796203796,0.18518518518518517,amygdala,MTL
7,2,8,108,5,3.0439814814814814,91.8122694143706,0.000999000999000999,img_0214,11.260206695076521,0.000999000999000999,True,0.9274441717335118,0.32518989841697826,12.960526315789474,0.9403617216117215,1.6203703703703705,amygdala,MTL
7,2,9,108,5,0.10416666666666667,1.3335287986788302,0.26673326673326675,img_0186,1.4068885291080329,0.052947052947052944,False,0.6786630036630036,0.6441459170894527,0.22727272727272727,0.07303113553113554,0.18518518518518517,amygdala,MTL
7,2,10,108,5,0.8564814814814815,0.043548977193465475,0.997002997002997,img_0195,0.2989781510921346,0.3996003996003996,False,0.1092095039463461,0.9968182736571987,0.9375,0.8351160900503005,0.6944444444444444,amygdala,MTL
7,2,11,108,5,0.5324074074074074,0.3853318723660221,0.8191808191808192,img_0204,0.5683393857981117,0.30569430569430567,False,0.22706235152407417,0.962412357615301,0.6547619047619048,0.5060901269782848,0.23148148148148148,amygdala,MTL
7,2,12,108,5,2.372685185185185,0.10237197400272886,0.981018981018981,img_0204,0.4513432925578365,0.33766233766233766,False,0.06545362532204635,0.9981534789052473,2.5,2.336365936694884,1.8518518518518519,amygdala,MTL
7,2,13,108,5,0.6134259259259259,1.3119085492549472,0.24775224775224775,img_0204,1.0646970665063114,0.07392607392607392,False,0.5789514848032854,0.7818557858788184,1.130952380952381,0.4761858207581891,0.6944444444444444,amygdala,MTL
7,2,14,108,5,1.2268518518518519,0.9743886754440411,0.4175824175824176,img_0204,0.9163047582071611,0.12687312687312688,False,0.4363856008168402,0.8376569120966354,1.8452380952380953,1.0400027603974973,0.7870370370370371,amygdala,MTL
7,2,15,108,5,6.145833333333333,5.943353859655386,0.000999000999000999,img_0207,4.362762505792069,0.000999000999000999,True,0.3345692780595828,0.9610436505490919,8.221153846153847,5.470608339029392,6.342592592592593,amygdala,MTL
7,2,16,108,5,1.1574074074074074,1.0055840353968817,0.37662337662337664,img_0207,1.7756861251703326,0.03796203796203796,False,0.3253186232627022,0.9648626955698268,1.5384615384615385,1.037971348826612,1.1574074074074074,preSMA,MFC
7,2,17,108,5,1.25,1.1328673624003605,0.34565434565434566,img_0204,1.1079189214030758,0.1258741258741259,False,0.23392970895501275,0.9644506859544897,1.5476190476190477,1.18558497423629,1.3888888888888888,preSMA,MFC
7,2,18,108,5,1.0300925925925926,1.0542006068433671,0.3706293706293706,img_0204,1.2580005798728406,0.0959040959040959,False,0.29379430638011883,0.9505336107220062,1.369047619047619,0.9668292234081708,0.7407407407407407,preSMA,MFC
7,2,19,108,5,4.409722222222222,0.8267486358221007,0.47152847152847155,img_0214,1.1765427295436859,0.08791208791208792,False,0.16465569686723547,0.9881726345525937,5.131578947368421,4.28663523976024,4.444444444444445,preSMA,MFC
7,2,20,108,5,1.5046296296296295,0.33838093721753915,0.8511488511488512,img_0195,0.7633152253533069,0.21578421578421578,False,0.17036753972844187,0.9886783680260642,1.75,1.4518568054752268,1.4814814814814814,preSMA,MFC
7,2,21,108,5,1.7013888888888888,0.6675678394395945,0.6103896103896104,img_0207,1.3213321505854236,0.08891108891108891,False,0.20604392474693212,0.9817875956774692,2.019230769230769,1.6031805365686944,1.6666666666666667,preSMA,MFC
8,2,0,108,5,0.12731481481481483,0.888105074683704,0.47652347652347654,img_0209,1.2515719879937868,0.11588411588411589,False,0.6078482920588184,0.7679870158408744,0.25,0.0980379269852954,0.0,dACC,MFC
8,2,1,108,5,19.189814814814813,1.0803319658103705,0.3626373626373626,img_0220,1.2718264548545148,0.10989010989010989,False,0.09715141588169973,0.9961320784117755,20.855263157894736,18.829144813519815,21.574074074074073,dACC,MFC
8,2,2,108,5,24.35185185185185,0.21793592183824786,0.9330669330669331,img_0209,0.8821244862062663,0.1968031968031968,False,0.052160930151360585,0.9994828229930012,25.4375,24.11065633927476,22.083333333333332,dACC,MFC
8,2,3,108,5,1.2847222222222223,1.4362380162917388,0.22077922077922077,img_0187,1.8709932293226779,0.02097902097902098,False,0.41334019437734604,0.9358566013352346,1.9318181818181819,1.1333200790437634,1.2037037037037037,dACC,MFC
8,2,4,108,5,2.4074074074074074,2.5839231034854495,0.030969030969030968,img_0187,2.6343338641072673,0.004995004995004995,True,0.3695261390656126,0.952084788020441,3.409090909090909,2.1493427077308658,1.7592592592592593,dACC,MFC
8,2,5,108,5,2.3958333333333335,0.2822143813636033,0.8881118881118881,img_0220,0.5342410221438452,0.3106893106893107,False,0.10270593989344001,0.9945308558801278,2.6315789473684212,2.3613001581751583,2.2685185185185186,dACC,MFC
8,2,6,108,5,8.414351851851851,0.9202155754371215,0.4385614385614386,img_0187,1.3954336413427388,0.060939060939060936,False,0.178539278387164,0.9913724565146033,9.829545454545455,8.074585502217081,9.907407407407407,dACC,MFC
8,2,7,108,5,0.8680555555555556,0.6672870764679042,0.6253746253746254,img_0211,1.4938301483673977,0.03996003996003996,False,0.37094681634155324,0.949396157779788,1.25,0.7863164795730585,0.8796296296296297,dACC,MFC
8,2,8,108,5,5.659722222222222,1.5221636243496917,0.20679320679320679,img_0213,0.8847305834385439,0.1878121878121878,False,0.0976354181803829,0.9836712223190356,6.105769230769231,5.509629898610162,5.185185185185185,dACC,MFC
8,2,9,108,5,7.106481481481482,0.4575046635180261,0.7512487512487512,img_0187,0.9895107144164734,0.15884115884115885,False,0.11074165621802967,0.9954590223931429,7.784090909090909,6.922067789666475,9.212962962962964,dACC,MFC
8,2,10,108,5,6.6782407407407405,1.3252317839346728,0.24775224775224775,img_0213,1.530500251300174,0.04495504495504495,False,0.22500261069340022,0.9784251619629722,8.076923076923077,6.259594298245615,7.222222222222222,dACC,MFC
8,2,11,108,5,0.32407407407407407,1.1463899089750447,0.34765234765234765,img_0187,1.3866733250841792,0.059940059940059943,False,0.46528072317546,0.8605107139327941,0.5113636363636364,0.2734359938307307,0.4166666666666667,dACC,MFC
8,2,12,108,5,0.8101851851851852,0.8836805863913363,0.48451548451548454,img_0187,1.2281403120391121,0.0979020979020979,False,0.32160360415208067,0.9429353050865975,1.0795454545454546,0.7323597455176402,0.5092592592592593,dACC,MFC
8,2,13,108,5,0.7291666666666666,1.7926084133132991,0.13486513486513488,img_0213,1.8225580322566068,0.023976023976023976,False,0.45150796952856453,0.8856338139014989,1.1057692307692308,0.6065056106174527,0.32407407407407407,dACC,MFC
8,2,14,108,5,4.189814814814815,0.2356965303480773,0.9050949050949051,img_0209,0.5617749982273873,0.2997002997002997,False,0.08786693326166994,0.9961841253106098,4.5,4.104598800322485,2.5925925925925926,dACC,MFC
8,2,15,108,5,4.6875,0.46743333947718413,0.7652347652347652,img_0220,0.9971510318454274,0.14285714285714285,False,0.17228845451737018,0.9907225614179276,5.4605263157894735,4.5197406759906755,4.4907407407407405,dACC,MFC
8,2,16,108,5,0.5439814814814815,0.7928320711343513,0.5354645354645354,img_0220,0.9276811067882348,0.14485514485514486,False,0.38871232933732935,0.9046830463779538,0.7894736842105263,0.48259552947052947,0.2777777777777778,dACC,MFC
8,2,17,108,5,5.671296296296297,0.8091021142726249,0.5264735264735265,img_0209,1.1297766047641014,0.12187812187812187,False,0.1422025428157263,0.9861883694049015,6.4375,5.522071130623762,6.018518518518518,dACC,MFC
8,2,18,108,5,0.5671296296296297,0.6758292534071628,0.6163836163836164,img_0209,0.9995311727697006,0.18081918081918083,False,0.31188694346589096,0.9537112409311989,0.75,0.5160847924005818,0.6944444444444444,dACC,MFC
8,2,19,108,5,1.9791666666666667,0.4354782844097568,0.7922077922077922,img_0220,0.9295392492742793,0.13286713286713286,False,0.24838702963702963,0.9782905122323242,2.5,1.8790324259074258,1.1111111111111112,dACC,MFC
8,2,20,108,5,0.046296296296296294,0.8568235121665193,0.3046953046953047,img_0220,0.7691843279128153,0.3106893106893107,False,0.7738095238095238,0.399002493765586,0.13157894736842105,0.02976190476190476,0.0,dACC,MFC
8,2,21,108,5,0.4050925925925926,2.280248035793364,0.07292707292707293,img_0213,1.8091168971916123,0.017982017982017984,False,0.4560492139439508,0.8164305280116536,0.625,0.33996924128503075,0.5092592592592593,dACC,MFC
8,2,22,108,5,0.046296296296296294,1.1159508427337077,0.22277722277722278,img_0220,1.118187880553571,0.16083916083916083,False,0.768154761904762,0.5194527155640948,0.13157894736842105,0.03050595238095238,0.0,dACC,MFC
8,2,23,108,5,0.15046296296296297,0.914244476364417,0.4985014985014985,img_0220,1.020306622771855,0.08691308691308691,False,0.743018093018093,0.6381193387513894,0.39473684210526316,0.10144022644022645,0.046296296296296294,dACC,MFC
8,2,24,108,5,0.42824074074074076,0.057913502431844704,0.994005994005994,img_0213,0.3416578126735798,0.35364635364635366,False,0.1452996126680337,0.9891616562394682,0.4807692307692308,0.410913647755753,0.32407407407407407,dACC,MFC
8,2,25,108,5,6.412037037037037,1.2267887019623553,0.3356643356643357,img_0213,1.8724258181953206,0.028971028971028972,False,0.2712720654449977,0.9799640324696325,8.076923076923077,5.8858794714057865,6.435185185185185,dACC,MFC
8,2,26,108,5,0.5439814814814815,0.27614149104067776,0.9050949050949051,img_0220,0.9942838182444071,0.14485514485514486,False,0.30445350104441005,0.9708844932719964,0.7236842105263158,0.503356018981019,0.9722222222222222,dACC,MFC
8,2,27,108,5,1.1805555555555556,0.10575111200190106,0.978021978021978,img_0220,0.5448261696414507,0.26973026973026976,False,0.1210997335997337,0.9945480925572047,1.3157894736842106,1.156447718947719,1.0185185185185186,dACC,MFC
8,2,28,108,5,0.5787037037037037,0.5814790438587794,0.7322677322677322,img_0211,0.6986903772025709,0.1878121878121878,False,0.3599052263525948,0.8717817745131977,0.8333333333333334,0.5334123113728377,0.23148148148148148,dACC,MFC
8,2,29,108,5,0.08101851851851852,1.1267136336164103,0.33666333666333664,img_0211,1.175153996673837,0.059940059940059943,False,0.8242351398601399,0.4972305147145436,0.23809523809523808,0.041848776223776224,0.18518518518518517,dACC,MFC
8,2,30,108,5,1.5509259259259258,2.073451929778561,0.0939060939060939,img_0213,2.155526581931682,0.008991008991008992,False,0.5001124971519708,0.8909591454510501,2.5,1.249718757120073,1.25,dACC,MFC
8,2,31,108,5,6.30787037037037,0.2499389875680412,0.9100899100899101,img_0187,0.8382293414347831,0.1928071928071928,False,0.07441476899550037,0.9983004291613099,6.704545454545454,6.205628253325622,8.37962962962963,dACC,MFC
8,2,32,108,5,8.449074074074074,0.35056796617477554,0.8551448551448552,img_0187,0.8540930881831438,0.17682317682317683,False,0.06489585674131448,0.9982415110747404,8.920454545454545,8.341554005205321,10.74074074074074,dACC,MFC
8,2,33,108,5,2.7314814814814814,1.4894725166451774,0.2217782217782218,img_0187,1.7945229704371781,0.03496503496503497,False,0.2479427736006683,0.9734145869539191,3.409090909090909,2.5638314536340854,1.8055555555555556,amygdala,MTL
8,2,34,108,5,3.587962962962963,0.5884164276891523,0.6583416583416584,img_0209,0.6725433931600169,0.2597402597402597,False,0.1043876758162472,0.991910578110709,3.9375,3.5264735264735267,2.175925925925926,amygdala,MTL
8,2,35,108,5,1.5162037037037037,2.151815905997051,0.06893106893106893,img_0187,1.4462149664203978,0.04095904095904096,False,0.47901048408567193,0.8107749623901465,2.3863636363636362,1.2432704357046462,1.5740740740740742,hippocampus,MTL
8,2,36,108,5,1.8981481481481481,1.7802867631917008,0.13986013986013987,img_0187,1.518319173499995,0.030969030969030968,False,0.4675996959015827,0.8283643942724049,3.0113636363636362,1.6032509157509156,1.5740740740740742,hippocampus,MTL
8,2,37,108,5,2.4074074074074074,0.9818871372179304,0.4155844155844156,img_0209,1.4163925392660877,0.09490509490509491,False,0.21360927239986593,0.9813386525144865,2.9375,2.310022762325394,2.037037037037037,hippocampus,MTL
8,2,38,108,5,6.296296296296297,1.092260123410474,0.34965034965034963,img_0211,1.5718974792075344,0.054945054945054944,False,0.20640419464497373,0.9848309071201244,7.559523809523809,5.9992063857195435,4.722222222222222,hippocampus,MTL
8,2,39,108,5,1.1342592592592593,8.431144305500865,0.000999000999000999,img_0220,4.1504177253394925,0.000999000999000999,True,0.7248580784295071,0.6481694688556003,2.763157894736842,0.7602605727605727,0.32407407407407407,hippocampus,MTL
8,2,40,108,5,1.2152777777777777,2.4915385157734677,0.04795204795204795,img_0220,2.0145899063080717,0.00999000999000999,True,0.5654770229770231,0.8369248083119634,2.3026315789473686,1.0005463286713288,1.5277777777777777,hippocampus,MTL
8,2,41,108,5,4.143518518518518,0.765438551593313,0.5774225774225774,img_0187,1.0357465141911915,0.15084915084915085,False,0.1619148604111007,0.9872317060959901,4.7727272727272725,3.9999518025833813,3.888888888888889,hippocampus,MTL
8,2,42,108,5,10.613425925925926,1.4554022805259192,0.21478521478521478,img_0187,1.7667748896855504,0.030969030969030968,False,0.18237133058475408,0.9888313802092126,12.386363636363637,10.127446018893387,8.055555555555555,hippocampus,MTL
8,2,43,108,5,0.8449074074074074,2.7108793532576976,0.03396603396603397,img_0213,1.8217403098737623,0.022977022977022976,True,0.434014012303486,0.8456143301476997,1.25,0.7074824846206424,0.5555555555555556,hippocampus,MTL
8,2,44,108,5,0.12731481481481483,0.30935266579687865,0.9140859140859141,img_0213,0.6796805740304824,0.23976023976023977,False,0.44872550694919133,0.8368028855081562,0.19230769230769232,0.10601432558669399,0.046296296296296294,hippocampus,MTL
8,2,45,108,5,1.8865740740740742,0.30688604529511665,0.8721278721278721,img_0187,0.7728102291959651,0.20679320679320679,False,0.1812845723776897,0.9891544209411341,2.215909090909091,1.814198958935801,1.4351851851851851,hippocampus,MTL
8,2,46,108,5,0.28935185185185186,0.5490157879223527,0.7212787212787213,img_0187,1.0158044681326353,0.11288711288711288,False,0.45011266146134554,0.9023849306677946,0.45454545454545453,0.2499487902448429,0.18518518518518517,hippocampus,MTL
8,2,47,108,5,8.842592592592593,1.567623339982472,0.18981018981018982,img_0211,1.9886416942131315,0.029970029970029972,False,0.20740839223221053,0.9844498875047472,10.535714285714286,8.350518724696357,7.268518518518518,hippocampus,MTL
8,2,48,108,5,3.7731481481481484,2.2224928930468,0.07692307692307693,img_0211,1.8800077928622747,0.03196803196803197,False,0.23154761627446518,0.9702314797031187,4.7023809523809526,3.613555852042694,3.1944444444444446,hippocampus,MTL
8,2,49,108,5,1.1689814814814814,1.9180582023306187,0.09490509490509491,img_0209,1.6796461140427097,0.028971028971028972,False,0.45046786244608383,0.8884427259644972,1.8125,0.996026999316473,0.5092592592592593,hippocampus,MTL
8,2,50,108,5,6.7592592592592595,0.4326179164814775,0.7762237762237763,img_0187,1.0098179229530329,0.17482517482517482,False,0.12286043634727828,0.9959978558623303,7.5,6.578546727395413,6.018518518518518,hippocampus,MTL
8,2,51,108,5,4.699074074074074,0.31472296459040144,0.8811188811188811,img_0187,0.6703954922197843,0.24275724275724275,False,0.1100691288661213,0.9941980659850828,5.170454545454546,4.601347117794486,4.305555555555555,hippocampus,MTL
8,2,52,108,5,9.675925925925926,3.258548990796122,0.013986013986013986,img_0220,2.0901521828494274,0.02097902097902098,True,0.26586808253474914,0.9715186940945811,12.43421052631579,9.128350815850817,11.62037037037037,hippocampus,MTL
8,2,53,108,5,2.372685185185185,0.9936243421528931,0.4205794205794206,img_0209,1.2906650331345282,0.0899100899100899,False,0.2782226724224577,0.9675280108576734,3.0625,2.2104430657062237,1.9444444444444444,hippocampus,MTL
8,2,54,108,5,10.601851851851851,1.0527798019588224,0.3776223776223776,img_0209,0.9929531420329899,0.14485514485514486,False,0.07675173522803647,0.9959993125697406,11.3125,10.444245995232837,9.907407407407407,hippocampus,MTL
8,2,55,108,5,1.7361111111111112,1.4630118246171093,0.23076923076923078,img_0209,1.6823543506659755,0.03896103896103896,False,0.3118368118368119,0.9543615526671254,2.3125,1.5913773726273726,1.1574074074074074,hippocampus,MTL
8,2,56,108,5,8.831018518518519,0.4403976984984421,0.8171828171828172,img_0187,0.7138995200050137,0.23776223776223776,False,0.0835003215085155,0.9966329780605392,9.488636363636363,8.696332176595336,7.314814814814815,hippocampus,MTL
8,2,57,108,5,4.131944444444445,1.8216281524321944,0.12487512487512488,img_0209,1.5281813359418484,0.04895104895104895,False,0.23057526555601005,0.9658705386502846,5.125,3.943301764025448,2.685185185185185,hippocampus,MTL
8,2,58,108,5,6.550925925925926,0.45838720744890166,0.7582417582417582,img_0187,1.0537891622289837,0.15684315684315683,False,0.09598280316175045,0.9970084351534108,7.1022727272727275,6.420576682089839,6.527777777777778,hippocampus,MTL
8,2,59,108,5,1.1226851851851851,1.342751418150991,0.26173826173826176,img_0209,1.4841948738954938,0.04495504495504495,False,0.3896370161552347,0.9326169859211214,1.625,0.9918398487477434,1.0648148148148149,hippocampus,MTL
8,2,60,108,5,5.150462962962963,0.5251247622622708,0.7272727272727273,img_0213,1.1507621765440963,0.09290709290709291,False,0.12418956675201098,0.9940767920807447,5.673076923076923,4.968539957849169,4.861111111111111,preSMA,MFC
8,2,61,108,5,5.266203703703703,0.5217116534826599,0.7362637362637363,img_0211,0.8109959749578355,0.2037962037962038,False,0.14983331799779176,0.9921186614446245,5.9523809523809526,5.060515964298859,4.398148148148148,preSMA,MFC
8,2,62,108,5,2.5231481481481484,1.3979486776659829,0.21678321678321677,img_0187,1.3132267812760354,0.06293706293706294,False,0.2346227034823527,0.9631812227129042,3.0681818181818183,2.3483167052245997,3.1481481481481484,preSMA,MFC
8,2,63,108,5,4.872685185185185,0.7511253571095824,0.5574425574425574,img_0211,1.2079621245953232,0.1068931068931069,False,0.16585089742284587,0.9916060484294319,5.595238095238095,4.667262835848362,8.935185185185185,preSMA,MFC
8,2,64,108,5,1.9097222222222223,0.6838919145754574,0.6043956043956044,img_0209,1.1248769822960316,0.1068931068931069,False,0.2184546131914551,0.9730180139147826,2.3125,1.8073237069947599,1.9907407407407407,preSMA,MFC
8,2,65,108,5,10.497685185185185,2.0761496093087035,0.08391608391608392,img_0187,2.73364074704181,0.001998001998001998,False,0.1980702106513208,0.9907935415345063,12.443181818181818,9.97855817428186,13.75,preSMA,MFC
8,2,66,108,5,0.9837962962962963,1.1323145950908826,0.33766233766233766,img_0211,0.8550680518020578,0.18281718281718282,False,0.374781968603479,0.8813262074630258,1.369047619047619,0.8559532572690467,1.25,preSMA,MFC
8,2,67,108,5,2.1412037037037037,0.31162393257952536,0.8791208791208791,img_0187,0.7841247149591162,0.16483516483516483,False,0.24622460406335,0.9771475635505602,2.6704545454545454,2.012922932330827,3.1481481481481484,preSMA,MFC
8,2,68,108,5,5.104166666666667,0.1531851229571424,0.962037962037962,img_0220,0.3546303007047015,0.33666333666333664,False,0.13436190246535085,0.9927798382458356,5.723684210526316,4.954639110889111,7.638888888888889,preSMA,MFC
8,2,69,108,5,2.9050925925925926,0.9656017371310055,0.4355644355644356,img_0220,0.9480462892324405,0.15484515484515485,False,0.19554203657977243,0.9762355226621595,3.486842105263158,2.805017898767899,4.166666666666667,preSMA,MFC
8,2,70,108,5,1.6782407407407407,0.5819348343905517,0.6793206793206793,img_0220,0.8481593203322779,0.18281718281718282,False,0.28364627796445974,0.9646278232641511,2.1710526315789473,1.5552416333666335,2.4537037037037037,preSMA,MFC
8,2,71,108,5,12.418981481481481,0.4303247014964027,0.7912087912087912,img_0209,1.1155057758535054,0.12087912087912088,False,0.08567719376868421,0.9977779504132896,13.375,12.22906753334385,10.13888888888889,preSMA,MFC
8,2,72,108,5,0.5092592592592593,1.2175664307008163,0.32367632367632365,img_0213,1.2671895481177309,0.08391608391608392,False,0.530366319840004,0.787547724934577,0.8653846153846154,0.40641376167691956,2.5,preSMA,MFC
8,2,73,108,5,2.2106481481481484,0.6089221234245634,0.6653346653346653,img_0187,0.7479741222868636,0.1958041958041958,False,0.14994818777713514,0.9781670371023566,2.5,2.125129530557162,3.1018518518518516,preSMA,MFC
9,2,0,108,5,0.5324074074074074,17.22213245492655,0.000999000999000999,img_0004,5.002836866442244,0.000999000999000999,True,0.9095725246620388,0.35908813183952504,1.9318181818181819,0.17468944099378883,0.32407407407407407,amygdala,MTL
9,2,1,108,5,0.18518518518518517,1.1304460479486884,0.3076923076923077,img_0004,1.4966071376352277,0.03896103896103896,False,0.57487922705314,0.7803984109230314,0.3409090909090909,0.14492753623188406,0.32407407407407407,amygdala,MTL
9,2,2,108,5,1.2962962962962963,0.3582638557926718,0.8281718281718282,img_0030,0.4158715341471512,0.3306693306693307,False,0.1617391304347826,0.9719302600316944,1.4880952380952381,1.2474120082815734,0.9259259259259259,amygdala,MTL
9,2,3,108,5,2.1412037037037037,0.8917006688450851,0.44755244755244755,img_0015,0.8561253315951326,0.17282717282717283,False,0.17997129681912272,0.9769502785825274,2.5,2.050071757952193,2.638888888888889,amygdala,MTL
9,2,4,108,5,0.28935185185185186,0.6169654929768865,0.6543456543456544,img_0004,1.2452898332413285,0.07392607392607392,False,0.4576863354037266,0.906996009120007,0.45454545454545453,0.24650621118012422,0.18518518518518517,amygdala,MTL
9,2,5,108,5,0.4398148148148148,1.765847497698681,0.13586413586413587,img_0030,1.678479887904206,0.027972027972027972,False,0.537777439951353,0.8285212760546348,0.7738095238095238,0.3576722190852626,0.6018518518518519,amygdala,MTL
9,2,6,108,5,1.1111111111111112,20.62989722306456,0.000999000999000999,img_0004,4.818126826951641,0.000999000999000999,True,0.9631272798974663,0.26053731139819625,4.7727272727272725,0.17598343685300205,0.23148148148148148,amygdala,MTL
9,2,7,108,5,0.8680555555555556,0.18364609660364214,0.9560439560439561,img_0004,0.6062098674358143,0.27172827172827174,False,0.24365260978533287,0.9808236462079262,1.0795454545454546,0.8165113871635611,0.6944444444444444,amygdala,MTL
9,2,8,108,5,1.099537037037037,0.8210026233055236,0.5134865134865135,img_0004,1.2575023706092237,0.07792207792207792,False,0.31720815416467585,0.9504771328807528,1.4772727272727273,1.0086697722567288,0.9259259259259259,amygdala,MTL
9,2,9,108,5,7.349537037037037,2.999779266006949,0.01898101898101898,img_0004,2.627546062144591,0.003996003996003996,True,0.41836964567309254,0.921045841514854,10.965909090909092,6.378105590062111,6.9907407407407405,amygdala,MTL
9,2,10,108,5,0.4398148148148148,0.23463007395898502,0.9090909090909091,img_0030,0.5481804816695004,0.2887112887112887,False,0.21892841458058832,0.9749065604122359,0.5357142857142857,0.4184312064746848,0.32407407407407407,amygdala,MTL
9,2,11,108,5,0.18518518518518517,15.535608048993913,0.000999000999000999,img_0004,4.341351812367198,0.000999000999000999,True,0.9625850340136055,0.2614159535032721,0.7954545454545454,0.02976190476190476,0.09259259259259259,amygdala,MTL
9,2,12,108,5,0.6365740740740741,4.772598702543419,0.002997002997002997,img_0015,2.3474819433842624,0.005994005994005994,True,0.4966238471673253,0.8048536886984853,1.0714285714285714,0.5393315923207227,0.7870370370370371,amygdala,MTL
9,2,13,108,5,0.15046296296296297,0.36112319805684523,0.8791208791208791,img_0004,0.5303207850928432,0.2907092907092907,False,0.4221014492753623,0.8662372273910592,0.22727272727272727,0.13134057971014493,0.1388888888888889,amygdala,MTL
9,2,14,108,5,0.16203703703703703,1.037423353307688,0.36863136863136864,img_0245,1.056348980988772,0.11988011988011989,False,0.5740118577075098,0.6556994715023098,0.2976190476190476,0.12678218520609824,0.32407407407407407,amygdala,MTL
9,2,15,108,5,0.1388888888888889,1.068539346491712,0.39760239760239763,img_0245,1.057444313843493,0.16483516483516483,False,0.5222332015810277,0.7550947858020968,0.23809523809523808,0.11375399962356483,0.0,amygdala,MTL
9,2,16,108,5,0.9027777777777778,2.5170058058001947,0.04095904095904096,img_0004,2.5210298726170275,0.004995004995004995,True,0.4867017040930085,0.8971658897033262,1.4772727272727273,0.7582815734989647,1.0185185185185186,amygdala,MTL
9,2,17,108,5,0.9606481481481481,0.49511228505381594,0.7422577422577422,img_0030,0.8133831138975356,0.1838161838161838,False,0.24286067193675898,0.9696139361872558,1.1904761904761905,0.9013563429324299,0.9259259259259259,amygdala,MTL
9,2,18,108,5,4.074074074074074,0.6319850781152035,0.6323676323676324,img_0015,1.0631571870313532,0.12887112887112886,False,0.17878582015810296,0.990554300525539,4.761904761904762,3.910543713532844,4.722222222222222,amygdala,MTL
9,2,19,108,5,0.4513888888888889,1.745380007211694,0.16683316683316685,img_0004,1.9284458109510232,0.015984015984015984,False,0.5420733510795622,0.8384174891474431,0.7954545454545454,0.36425983436853004,0.37037037037037035,amygdala,MTL
9,2,20,108,5,0.24305555555555555,0.5442791495040188,0.7162837162837162,img_0030,0.858261571731361,0.17282717282717283,False,0.3972332015810276,0.8883429948233499,0.35714285714285715,0.21527385657820441,0.1388888888888889,amygdala,MTL
9,2,21,108,5,0.7754629629629629,0.7707480484986514,0.5404595404595405,img_0015,1.2558066927561076,0.07992007992007992,False,0.34093653930610446,0.9564113124167778,1.0714285714285714,0.7061394221720309,0.5092592592592593,amygdala,MTL
9,2,22,108,5,2.824074074074074,1.7913143997657077,0.13386613386613386,img_0004,1.773544686893767,0.03696303696303696,False,0.29697404045230136,0.9668075739626939,3.6931818181818183,2.596402691511387,2.2222222222222223,amygdala,MTL
9,2,23,108,5,1.2615740740740742,1.0748508369602372,0.3876123876123876,img_0245,1.3341883793439475,0.07092907092907093,False,0.3633893280632412,0.9481267357148114,1.7857142857142858,1.1368047713156408,0.8333333333333334,amygdala,MTL
9,2,24,108,5,0.47453703703703703,0.8429645699339037,0.5254745254745254,img_0245,0.6757515629838687,0.24475524475524477,False,0.3440531800215594,0.8792098962783239,0.6547619047619048,0.429488989271598,0.5555555555555556,amygdala,MTL
9,2,25,108,5,0.08101851851851852,1.7015556846877873,0.12887112887112886,img_0015,1.3756445689954968,0.055944055944055944,False,0.8233695652173914,0.4582876266617087,0.23809523809523808,0.04205486542443064,0.046296296296296294,amygdala,MTL
9,2,26,108,5,1.0416666666666667,22.8779553571428,0.000999000999000999,img_0015,5.852087702671375,0.000999000999000999,True,0.86741856344555,0.4342296062528134,3.4523809523809526,0.4577216261998871,0.5555555555555556,amygdala,MTL
9,2,27,108,5,0.2777777777777778,0.309000000000001,0.8941058941058941,img_0015,0.5325616550763035,0.3076923076923077,False,0.27931488801054016,0.9472465848337414,0.35714285714285715,0.25738753999623565,0.1388888888888889,amygdala,MTL
9,2,28,108,5,0.2662037037037037,0.6975538038038047,0.5914085914085914,img_0021,0.9274054896393967,0.18581418581418582,False,0.3848175633889921,0.8923475774561757,0.3804347826086957,0.23403679653679654,0.37037037037037035,amygdala,MTL
9,2,29,108,5,0.15046296296296297,1.8120967870586144,0.12287712287712288,img_0245,1.6179539666813378,0.027972027972027972,False,0.7210968379446641,0.6033228367702175,0.35714285714285715,0.09960827216262,0.046296296296296294,amygdala,MTL
9,2,30,108,5,0.4861111111111111,0.7778868735773388,0.5414585414585414,img_0030,1.1845821880614356,0.08791208791208792,False,0.3988801054018446,0.9099505243252917,0.7142857142857143,0.42937135328439674,0.4166666666666667,amygdala,MTL
9,2,31,108,5,0.5092592592592593,0.725883259892505,0.5704295704295704,img_0004,1.1855340537286763,0.08891108891108891,False,0.39122471731167396,0.9282072387101372,0.7386363636363636,0.44966356107660455,0.2777777777777778,amygdala,MTL
9,2,32,108,5,0.1736111111111111,0.711433419993129,0.5904095904095904,img_0015,1.2006748013277078,0.1018981018981019,False,0.5153162055335968,0.8398651821243859,0.2976190476190476,0.14425112930547715,0.2777777777777778,amygdala,MTL
9,2,33,108,5,0.25462962962962965,1.1774637115146795,0.31368631368631367,img_0021,1.4272473817926805,0.060939060939060936,False,0.527056277056277,0.8117039984151523,0.43478260869565216,0.2056277056277056,0.23148148148148148,amygdala,MTL
9,2,34,108,5,0.10416666666666667,1.3283254774730713,0.24475524475524477,img_0015,1.195096574577109,0.07492507492507493,False,0.8824110671936759,0.38455221858652383,0.35714285714285715,0.04199604743083004,0.046296296296296294,hippocampus,MTL
9,2,35,108,5,0.3472222222222222,0.7652440158894088,0.5664335664335665,img_0015,0.6131831871872857,0.24075924075924077,False,0.33708003952569165,0.875316110429443,0.47619047619047616,0.3156761716544325,0.18518518518518517,hippocampus,MTL
9,2,36,108,5,0.1388888888888889,1.5635238603988555,0.15084915084915085,img_0015,1.2993538936566076,0.054945054945054944,False,0.827639751552795,0.487860204418068,0.4166666666666667,0.07181677018633541,0.09259259259259259,hippocampus,MTL
9,2,37,108,5,0.11574074074074074,1.5997626978119959,0.16783216783216784,img_0015,1.4882753147346413,0.013986013986013986,False,0.7611660079051383,0.545660219347176,0.2976190476190476,0.07108154526632787,0.18518518518518517,hippocampus,MTL
9,2,38,108,5,0.3125,0.09476228062981795,0.988011988011988,img_0015,0.292805212025567,0.4035964035964036,False,0.15810276679841895,0.9823550248120244,0.35714285714285715,0.30067758328627897,0.4166666666666667,hippocampus,MTL
9,2,39,108,5,0.09259259259259259,0.8002854046510928,0.5394605394605395,img_0015,0.8463424467250136,0.1878121878121878,False,0.8568181818181818,0.3725060675835461,0.2976190476190476,0.04261363636363636,0.1388888888888889,hippocampus,MTL
9,2,40,108,5,0.6134259259259259,0.3600196440064166,0.8571428571428571,img_0030,0.5609578111825105,0.27972027972027974,False,0.17980072463768115,0.9558621303562974,0.7142857142857143,0.5858566252587991,0.46296296296296297,preSMA,MFC
9,2,41,108,5,0.5555555555555556,0.5107319259584677,0.7432567432567433,img_0015,1.0037053329051595,0.1258741258741259,False,0.350714502888416,0.9432999684505392,0.7738095238095238,0.5024233013363448,0.5555555555555556,preSMA,MFC
9,2,42,108,5,0.25462962962962965,1.2555846710650478,0.2517482517482518,img_0015,1.174047244350192,0.06293706293706294,False,0.7610941430111391,0.5922124483337069,0.6547619047619048,0.15642645398080182,0.23148148148148148,preSMA,MFC
10,2,0,135,5,0.12962962962962962,1.0159868729488977,0.4175824175824176,img_0007,1.1867051384364902,0.09090909090909091,False,0.5333333333333334,0.7603838245373543,0.22321428571428573,0.10416666666666667,0.2962962962962963,amygdala,MTL
10,2,1,135,5,0.4074074074074074,0.6769028761875465,0.6303696303696303,img_0032,0.5669919366787435,0.2787212787212787,False,0.2855940355940355,0.8980046466425348,0.5288461538461539,0.37781084656084657,0.37037037037037035,amygdala,MTL
10,2,2,135,5,3.5185185185185186,0.9158501373762149,0.4855144855144855,img_0243,1.9674516526187977,0.03496503496503497,False,0.17018918581418574,0.9933851818318324,4.074074074074074,3.380710724460725,3.6666666666666665,amygdala,MTL
10,2,3,135,5,1.5092592592592593,0.7257074741247069,0.5414585414585414,img_0060,1.2126513048182292,0.1038961038961039,False,0.23100961538461529,0.97813358953667,1.8518518518518519,1.4240562678062678,1.2222222222222223,amygdala,MTL
10,2,4,135,5,4.444444444444445,2.142341600532477,0.08491508491508491,img_0032,2.3984183993148975,0.00999000999000999,False,0.21528958805744525,0.9833523800174029,5.384615384615385,4.225363756613756,4.296296296296297,hippocampus,MTL
10,2,5,135,5,0.7222222222222222,1.0838126691726926,0.37462537462537465,img_0032,1.1100476670414698,0.12687312687312688,False,0.3091600529100529,0.9434599135217051,0.9615384615384616,0.6642691798941799,0.6296296296296297,hippocampus,MTL
10,2,6,135,5,0.28703703703703703,1.450890490248058,0.1928071928071928,img_0007,1.4202442096417875,0.04795204795204795,False,0.5249935249935249,0.8308867766341476,0.49107142857142855,0.23326210826210825,0.37037037037037035,hippocampus,MTL
10,2,7,135,5,0.7037037037037037,0.9833052701510843,0.4225774225774226,img_0007,1.0479431120191336,0.14385614385614387,False,0.26809116809116806,0.9521257203672885,0.8928571428571429,0.6534900284900285,0.5185185185185185,hippocampus,MTL
10,2,8,135,5,1.7685185185185186,0.6841441754893666,0.6283716283716284,img_0032,1.525710705570682,0.06293706293706294,False,0.22580834803057015,0.9864612175776503,2.1634615384615383,1.6749338624338626,1.6666666666666667,hippocampus,MTL
10,2,9,135,5,10.37037037037037,0.2693833810365596,0.9050949050949051,img_0032,0.7839589255375297,0.17882117882117882,False,0.05129041740152851,0.9991417323143281,10.817307692307692,10.262483465608465,10.222222222222221,hippocampus,MTL
10,2,10,135,5,0.5,0.6648690175120486,0.6043956043956044,img_0032,1.1386715750121494,0.11488511488511488,False,0.317696523053666,0.9517761335460374,0.6730769230769231,0.4592427248677249,0.48148148148148145,hippocampus,MTL
10,2,11,135,5,17.462962962962962,0.7700653356797545,0.5514485514485514,img_0043,1.0857693992495587,0.14785214785214784,False,0.04435653860206301,0.9990953787873371,18.10185185185185,17.29891636141636,15.25925925925926,hippocampus,MTL
10,2,12,135,5,2.3518518518518516,1.5959201193672619,0.1928071928071928,img_0243,1.9505123968513591,0.01898101898101898,False,0.3175197963800904,0.9633798543076013,3.1481481481481484,2.1485487891737893,2.5555555555555554,preSMA,MFC
10,2,13,135,5,3.4814814814814814,0.35362675638234764,0.8321678321678322,img_0043,1.2021032046521734,0.0959040959040959,False,0.13123855311355315,0.9953300359915217,3.888888888888889,3.378516737891738,3.5555555555555554,preSMA,MFC
10,2,14,135,5,0.037037037037037035,0.2508651433099979,0.9020979020979021,img_0032,0.26320906983259396,0.6023976023976024,False,0.2863756613756616,0.7994505504851461,0.04807692307692308,0.03430886243386243,0.2222222222222222,preSMA,MFC
10,2,15,135,5,0.7962962962962963,1.9875040640629889,0.08791208791208792,img_0060,1.9637444063278926,0.013986013986013986,False,0.48285419937205654,0.8862391732504851,1.2962962962962963,0.670374185999186,0.48148148148148145,preSMA,MFC
10,2,16,135,5,3.8425925925925926,0.4267321616191779,0.7652347652347652,img_0243,1.0713468164101618,0.13786213786213786,False,0.14697071545475793,0.9939426391435923,4.351851851851852,3.712257071632072,3.6666666666666665,preSMA,MFC
10,2,17,135,5,6.2592592592592595,4.654867893105616,0.003996003996003996,img_0243,2.909529161800728,0.000999000999000999,True,0.37373313215282133,0.9259085653787318,8.935185185185185,5.59581043956044,4.074074074074074,preSMA,MFC
10,2,18,135,5,1.6574074074074074,0.7408660971984532,0.5664335664335665,img_0243,1.0473955794052863,0.11788211788211789,False,0.2538156288156289,0.9641908790330358,2.0833333333333335,1.5545507733007733,0.37037037037037035,preSMA,MFC
10,2,19,135,5,0.19444444444444445,0.402795395818651,0.7932067932067932,img_0060,0.4378244040461161,0.36363636363636365,False,0.2012362637362637,0.9311308013056198,0.23148148148148148,0.18489901302401304,0.14814814814814814,preSMA,MFC
10,2,20,135,5,2.638888888888889,1.435366749352143,0.24375624375624375,img_0060,2.078990127282395,0.006993006993006993,False,0.28628972378972384,0.9739073587774609,3.425925925925926,2.445118538868539,1.8518518518518519,preSMA,MFC
10,2,21,135,5,1.0462962962962963,1.0693236528218053,0.3926073926073926,img_0007,1.5051587725146514,0.061938061938061936,False,0.30907085745795415,0.959073035749891,1.3839285714285714,0.9561965811965812,1.6296296296296295,preSMA,MFC
10,2,22,135,5,3.314814814814815,0.5261010369276313,0.7222777222777222,img_0243,0.9961849973286093,0.14385614385614387,False,0.21008497316636854,0.9856837797590646,3.9814814814814814,3.145032051282051,2.4074074074074074,preSMA,MFC
10,2,23,135,5,7.416666666666667,0.37117722231109224,0.8321678321678322,img_0243,0.7796429458286436,0.2087912087912088,False,0.07321832579185505,0.9971210381650479,7.87037037037037,7.294115028490029,10.851851851851851,preSMA,MFC
10,2,24,135,5,5.138888888888889,0.43471365659857364,0.7772227772227772,img_0060,0.5691791947669117,0.2887112887112887,False,0.07547960514062191,0.9954893788299667,5.462962962962963,5.050620675620676,5.333333333333333,preSMA,MFC
10,2,25,135,5,1.287037037037037,0.48701601505903513,0.7662337662337663,img_0043,0.874418254008675,0.16883116883116883,False,0.25869309262166407,0.9704095460456268,1.6203703703703705,1.2011917480667482,1.2592592592592593,preSMA,MFC
10,2,26,135,5,0.23148148148148148,0.9652088020633297,0.44955044955044954,img_0007,1.1459542544288994,0.05094905094905095,False,0.7158119658119658,0.6786911750708186,0.5357142857142857,0.15224358974358976,0.14814814814814814,preSMA,MFC
10,2,27,135,5,1.1666666666666667,1.0897895502580588,0.38161838161838163,img_0243,0.7959071933338574,0.16983016983016982,False,0.3529434850863422,0.874184287220164,1.6203703703703705,1.0484712047212048,0.4444444444444444,preSMA,MFC
11,2,0,135,5,0.2222222222222222,1.898449721294628,0.0999000999000999,img_0056,1.3236405348435096,0.053946053946053944,False,0.5862332112332113,0.692305912828347,0.4166666666666667,0.17240282865282866,0.1111111111111111,dACC,MFC
11,2,1,135,5,1.2222222222222223,0.6371770318062723,0.6323676323676324,img_0022,0.8013993315996121,0.1918081918081918,False,0.18389423076923084,0.9764862299563466,1.4285714285714286,1.1658653846153846,0.9629629629629629,dACC,MFC
11,2,2,135,5,1.3518518518518519,0.6075414998749775,0.6673326673326674,img_0048,0.694287098162839,0.22777222777222778,False,0.23458485958485942,0.9593870184401019,1.6666666666666667,1.2756919006919007,0.7407407407407407,dACC,MFC
11,2,3,135,5,1.5,0.4064501414104553,0.8111888111888111,img_0056,1.0164543094509866,0.13286713286713286,False,0.2388392857142858,0.9814433088302111,1.8518518518518519,1.4095568783068781,1.5185185185185186,dACC,MFC
11,2,4,135,5,5.472222222222222,0.21467085615194767,0.9250749250749251,img_0236,0.6209667630590688,0.2757242757242757,False,0.05372704637410508,0.9987673143406159,5.721153846153846,5.413773148148148,5.666666666666667,dACC,MFC
11,2,5,135,5,1.712962962962963,1.401427411638617,0.25074925074925075,img_0048,1.3377680561913081,0.08291708291708291,False,0.2863295558608058,0.9612279326442665,2.2222222222222223,1.5859343203093201,2.259259259259259,dACC,MFC
11,2,6,135,5,11.796296296296296,0.4244346047832088,0.7652347652347652,img_0048,0.5007725597336099,0.3086913086913087,False,0.034490080530156675,0.9987699938204753,12.12962962962963,11.711277726902729,11.555555555555555,dACC,MFC
11,2,7,135,5,2.814814814814815,0.7676948872688474,0.5684315684315684,img_0236,1.246068594537276,0.08891108891108891,False,0.24585960716097688,0.9779007690392488,3.5096153846153846,2.646742724867725,1.7037037037037037,dACC,MFC
11,2,8,135,5,0.4074074074074074,1.3314662676593125,0.2787212787212787,img_0236,1.2397467374527806,0.1068931068931069,False,0.36590608465608454,0.9058032836104983,0.5769230769230769,0.3658234126984127,0.3333333333333333,dACC,MFC
11,2,9,135,5,1.1296296296296295,0.09479727819496452,0.983016983016983,img_0056,0.3399964252900215,0.34065934065934067,False,0.07557586644125114,0.996576621264317,1.2037037037037037,1.1127327533577533,1.5925925925925926,dACC,MFC
11,2,10,135,5,20.425925925925927,0.5149903598210835,0.7352647352647352,img_0022,1.351615742874266,0.0899100899100899,False,0.046114859799070373,0.9993755174443277,21.205357142857142,20.227475071225072,21.185185185185187,dACC,MFC
11,2,11,135,5,1.2314814814814814,0.7583158313561552,0.5584415584415584,img_0113,1.1106917427886922,0.12487512487512488,False,0.2739980607627669,0.9733030769029871,1.5740740740740742,1.1427808302808302,1.2962962962962963,dACC,MFC
11,2,12,135,5,9.25,0.6670443854712981,0.6093906093906094,img_0113,1.5182191703949848,0.053946053946053944,False,0.11967331311222718,0.9969184231531258,10.231481481481481,9.007046194546193,11.481481481481481,dACC,MFC
11,2,13,135,5,0.8333333333333334,0.4877388071325538,0.7732267732267732,img_0113,1.1940396988145445,0.1008991008991009,False,0.31204212454212454,0.9709426533072993,1.1111111111111112,0.7643976393976394,0.8148148148148148,dACC,MFC
11,2,14,135,5,0.12037037037037036,1.188637536572874,0.2677322677322677,img_0113,1.130363641613389,0.026973026973026972,False,0.8888125763125763,0.39777653933548335,0.4166666666666667,0.046328093203093196,0.07407407407407407,dACC,MFC
11,2,15,135,5,14.574074074074074,1.3224139286870094,0.2547452547452547,img_0048,1.2569068103607726,0.10589410589410589,False,0.07525012301131717,0.9976270644159857,15.50925925925926,14.342185592185594,15.592592592592593,dACC,MFC
11,2,16,135,5,5.342592592592593,3.145913226837532,0.017982017982017984,img_0113,1.4670633372913566,0.060939060939060936,False,0.14245562130177514,0.9848452615632113,6.018518518518518,5.1611467236467234,5.037037037037037,dACC,MFC
11,2,17,135,5,4.37962962962963,0.8723852883788253,0.5024975024975025,img_0022,1.3619650533389933,0.08291708291708291,False,0.15580484330484334,0.9913932806311138,5.0,4.220975783475783,4.2592592592592595,dACC,MFC
11,2,18,135,5,5.555555555555555,0.718274774117772,0.5904095904095904,img_0048,1.003060990411574,0.18681318681318682,False,0.06927619624470016,0.9969258954245734,5.87962962962963,5.472311253561253,6.185185185185185,dACC,MFC
11,2,19,135,5,7.0092592592592595,0.8226298747819998,0.4995004995004995,img_0056,0.7468287308320941,0.2137862137862138,False,0.05333669495061888,0.997082651062338,7.314814814814815,6.924666768416769,8.851851851851851,dACC,MFC
11,2,20,135,5,2.537037037037037,0.3608606068658186,0.8481518481518482,img_0048,0.7946765030706147,0.1978021978021978,False,0.12770221581697005,0.9924830099691758,2.824074074074074,2.4634335571835573,2.2962962962962963,amygdala,MTL
11,2,21,135,5,2.9814814814814814,1.050461988568294,0.35864135864135865,img_0022,1.1734600449358499,0.10789210789210789,False,0.16679616679616682,0.9812499608836857,3.4375,2.8641381766381766,2.7037037037037037,amygdala,MTL
11,2,22,135,5,0.9444444444444444,2.9148982686600515,0.023976023976023976,img_0113,1.6177519447234892,0.03296703296703297,True,0.394345238095238,0.8608837842693585,1.3888888888888888,0.8411871693121693,0.5555555555555556,amygdala,MTL
11,2,23,135,5,0.7777777777777778,0.7107830414987981,0.5654345654345654,img_0236,0.7864615410160686,0.1968031968031968,False,0.18184349763297125,0.966787469420539,0.9134615384615384,0.7473544973544974,0.5925925925925926,amygdala,MTL
11,2,24,135,5,2.7037037037037037,1.3030481945027668,0.2817182817182817,img_0022,1.640960284716591,0.059940059940059943,False,0.20006331117442233,0.9822012702391254,3.2142857142857144,2.5712250712250713,2.6296296296296298,amygdala,MTL
11,2,25,135,5,0.1574074074074074,0.12147319802327283,0.968031968031968,img_0236,0.43988811877427214,0.42657342657342656,False,0.22404100529100535,0.974757389949666,0.19230769230769232,0.1492228835978836,0.14814814814814814,amygdala,MTL
11,2,26,135,5,3.712962962962963,2.0353226156955606,0.09290709290709291,img_0022,1.4929053505374814,0.05194805194805195,False,0.27057463849916674,0.9607357203749872,4.732142857142857,3.4517450142450143,2.8518518518518516,hippocampus,MTL
11,2,27,135,5,0.4722222222222222,1.4549531592585219,0.21678321678321677,img_0022,1.5193883452918011,0.03896103896103896,False,0.4773755656108596,0.8692138436198661,0.7589285714285714,0.3966346153846154,0.3333333333333333,hippocampus,MTL
11,2,28,135,5,0.6666666666666666,2.135462710601542,0.06393606393606394,img_0236,1.5218478693082114,0.04295704295704296,False,0.4916034046468829,0.8232695976316882,1.1057692307692308,0.5621693121693122,0.8148148148148148,hippocampus,MTL
11,2,29,135,5,4.472222222222222,2.31792941934594,0.059940059940059943,img_0022,1.5564421246599145,0.04795204795204795,False,0.2677614016196692,0.9525725207328428,5.669642857142857,4.151531339031339,3.6296296296296298,hippocampus,MTL
11,2,30,135,5,2.5925925925925926,0.9135042142884634,0.45854145854145856,img_0022,1.1164297904228782,0.0979020979020979,False,0.24341168091168086,0.9761090985243651,3.2142857142857144,2.4318910256410255,2.8518518518518516,hippocampus,MTL
11,2,31,135,5,0.3333333333333333,0.47164491183206814,0.7892107892107892,img_0056,0.7112591041091219,0.19080919080919082,False,0.34876373626373636,0.9061314407461196,0.46296296296296297,0.30149827024827025,0.18518518518518517,hippocampus,MTL
11,2,32,135,5,0.28703703703703703,0.5637789937070886,0.7032967032967034,img_0113,0.7320865611217523,0.20279720279720279,False,0.47451923076923086,0.8462399638315758,0.46296296296296297,0.2432781339031339,0.3333333333333333,hippocampus,MTL
11,2,33,135,5,0.3148148148148148,4.535650585207723,0.000999000999000999,img_0113,2.3252891242335068,0.000999000999000999,True,0.6838827838827838,0.5658487400034381,0.6944444444444444,0.21952584452584456,0.48148148148148145,hippocampus,MTL
11,2,34,135,5,0.4351851851851852,2.492914411160902,0.04095904095904096,img_0022,1.9507804986232622,0.006993006993006993,True,0.6465099715099715,0.7312531165233813,0.8928571428571429,0.3156160968660968,0.3333333333333333,hippocampus,MTL
11,2,35,135,5,0.14814814814814814,2.3301639344262335,0.04495504495504495,img_0048,1.6609805120358911,0.00999000999000999,True,0.7511160714285714,0.5000663221253113,0.37037037037037035,0.0921792328042328,0.3333333333333333,hippocampus,MTL
11,2,36,135,5,0.8518518518518519,27.331951665027393,0.000999000999000999,img_0056,6.49009088381256,0.000999000999000999,True,0.8976648351648351,0.3756842555764707,3.009259259259259,0.3079530423280423,0.5185185185185185,hippocampus,MTL
11,2,37,135,5,0.26851851851851855,2.4037888371893614,0.04295704295704296,img_0022,1.8268129502416477,0.023976023976023976,True,0.631054131054131,0.6861942813180404,0.5357142857142857,0.19764957264957264,0.4074074074074074,hippocampus,MTL
11,2,38,135,5,2.009259259259259,1.6830579481706383,0.15284715284715283,img_0048,1.5996726172629219,0.03796203796203796,False,0.37454581708613965,0.9198655211708455,2.8703703703703702,1.7952851546601547,1.8148148148148149,hippocampus,MTL
11,2,39,135,5,1.6944444444444444,2.1546547155370965,0.06993006993006994,img_0022,2.2341658076783224,0.004995004995004995,False,0.4880755445271575,0.8960071992254883,2.767857142857143,1.4169337606837606,1.4074074074074074,hippocampus,MTL
11,2,40,135,5,1.1296296296296295,1.8775585672983695,0.11188811188811189,img_0022,1.8600675619722753,0.017982017982017984,False,0.5018993352326686,0.8661014664877262,1.875,0.9339387464387464,0.7777777777777778,hippocampus,MTL
11,2,41,135,5,0.23148148148148148,0.6204339980008535,0.6613386613386614,img_0113,1.162962308793336,0.0939060939060939,False,0.5573107448107448,0.8406044048006681,0.4166666666666667,0.1844538563288563,0.14814814814814814,hippocampus,MTL
11,2,42,135,5,0.2777777777777778,1.0391400220507179,0.4075924075924076,img_0048,1.2165944884773598,0.1048951048951049,False,0.4193376068376068,0.8861892606553261,0.4166666666666667,0.24194266381766383,0.18518518518518517,hippocampus,MTL
11,2,43,135,5,2.8333333333333335,0.6184897603169385,0.6263736263736264,img_0022,0.8175868787279981,0.18281718281718282,False,0.1949667616334283,0.9808626786765031,3.3482142857142856,2.6954237891737893,2.0,hippocampus,MTL
11,2,44,135,5,1.3425925925925926,5.508735564110155,0.000999000999000999,img_0056,2.744942216652754,0.001998001998001998,True,0.5306043956043957,0.7928801962725578,2.314814814814815,1.086563899063899,1.6296296296296295,hippocampus,MTL
11,2,45,135,5,0.8055555555555556,6.924221682586878,0.000999000999000999,img_0236,4.200848647337312,0.000999000999000999,True,0.6104898188231521,0.7881255565008383,1.5865384615384615,0.6179728835978836,0.5185185185185185,hippocampus,MTL
11,2,46,135,5,1.0925925925925926,1.057036272900376,0.3696303696303696,img_0022,1.970461880571841,0.024975024975024976,False,0.3264698264698266,0.9636659261493236,1.4732142857142858,0.9922542735042735,1.1111111111111112,preSMA,MFC
11,2,47,135,5,0.2962962962962963,0.7703050726722305,0.5404595404595405,img_0022,1.216705477558109,0.1038961038961039,False,0.42364672364672384,0.9160461463853761,0.44642857142857145,0.2573005698005698,0.1111111111111111,preSMA,MFC
11,2,48,135,5,1.7407407407407407,1.0753471386867068,0.3696303696303696,img_0236,1.0950605187948252,0.14385614385614387,False,0.22071909571909565,0.9719749456398619,2.1153846153846154,1.648478835978836,1.3333333333333333,preSMA,MFC
11,2,49,135,5,0.9722222222222222,0.5781622075920997,0.6653346653346653,img_0236,1.304030914831765,0.08591408591408592,False,0.2744708994708993,0.9757194143777486,1.25,0.9069113756613757,0.4444444444444444,preSMA,MFC
11,2,50,135,5,1.6851851851851851,1.4009294138432726,0.24375624375624375,img_0022,1.2822697858993095,0.0969030969030969,False,0.22525702960485572,0.9684825192578137,2.0535714285714284,1.5909900284900285,1.1111111111111112,preSMA,MFC
11,2,51,135,5,2.5,1.6452823676035448,0.16383616383616384,img_0056,1.5001745092409877,0.04595404595404595,False,0.3371881496881497,0.9517654833263309,3.425925925925926,2.270744301994302,2.074074074074074,preSMA,MFC
11,2,52,135,5,1.0092592592592593,0.026894580167325637,0.999000999000999,img_0236,0.25701358156852633,0.37162837162837165,False,0.0569684944684945,0.9989252905792423,1.0576923076923077,0.9974371693121693,0.7407407407407407,preSMA,MFC
11,2,53,135,5,1.1296296296296295,0.7229736814161764,0.5844155844155844,img_0056,1.1117384544422138,0.1028971028971029,False,0.2345924908424908,0.9702512994763305,1.3888888888888888,1.0630659849409851,0.8888888888888888,preSMA,MFC
11,2,54,135,5,2.259259259259259,1.5430463730611008,0.19080919080919082,img_0056,1.456703672590641,0.055944055944055944,False,0.32606976356976347,0.9551362930289148,3.0555555555555554,2.0592312779812776,2.074074074074074,preSMA,MFC
11,2,55,135,5,0.5740740740740741,0.9258807026166381,0.45454545454545453,img_0236,1.0386643039985954,0.1018981018981019,False,0.49788359788359793,0.8629272418679349,0.9615384615384616,0.4828042328042328,0.7407407407407407,preSMA,MFC
11,2,56,135,5,3.574074074074074,1.0606227982868899,0.36863136863136864,img_0056,1.6390720746336551,0.03696303696303696,False,0.21154584662649167,0.9866402921091406,4.305555555555555,3.3947331603581605,3.0,preSMA,MFC
11,2,57,135,5,2.4166666666666665,0.48745614557740563,0.7522477522477522,img_0056,1.3156052175121096,0.08691308691308691,False,0.21533228676085803,0.9846818450375874,2.9166666666666665,2.288614163614164,2.5185185185185186,preSMA,MFC
11,2,58,135,5,0.3611111111111111,0.4733052324759649,0.7832167832167832,img_0113,1.2238877551806204,0.06993006993006994,False,0.4394459706959708,0.9216803953659516,0.5555555555555556,0.31141890516890514,0.7777777777777778,preSMA,MFC
11,2,59,135,5,0.7037037037037037,0.6414125969061469,0.6463536463536463,img_0056,1.018417109742136,0.12087912087912088,False,0.3460230245944531,0.9383889716139798,0.9722222222222222,0.6358109483109483,0.48148148148148145,preSMA,MFC
11,2,60,135,5,4.0092592592592595,0.8814383848856463,0.47652347652347654,img_0056,1.1624692997642514,0.0979020979020979,False,0.2177917320774463,0.9772273335120315,4.861111111111111,3.802401302401302,4.2592592592592595,preSMA,MFC
11,2,61,135,5,1.3240740740740742,3.6159207552525205,0.013986013986013986,img_0056,2.7120545457411147,0.001998001998001998,True,0.5211650594303657,0.8760033071668766,2.2685185185185186,1.08624592999593,1.3703703703703705,preSMA,MFC
11,2,62,135,5,6.962962962962963,1.226163981516489,0.32867132867132864,img_0113,1.5845542121721072,0.05094905094905095,False,0.17554160125588703,0.9892524872537604,8.101851851851851,6.679639804639805,7.222222222222222,preSMA,MFC
11,2,63,135,5,10.055555555555555,3.6895142415996034,0.004995004995004995,img_0236,2.4450499119955387,0.011988011988011988,True,0.20204761904761925,0.9833278799519286,12.01923076923077,9.590773809523808,10.703703703703704,preSMA,MFC
11,2,64,135,5,1.0462962962962963,1.0474923936713583,0.3956043956043956,img_0056,1.46565841129528,0.04295704295704296,False,0.39348151848151847,0.9409420322182801,1.5277777777777777,0.9266254578754578,0.8148148148148148,preSMA,MFC
11,2,65,135,5,0.7037037037037037,1.5706539329045877,0.2007992007992008,img_0113,1.5717299387292152,0.03396603396603397,False,0.4206880076445293,0.8809015795157135,1.0648148148148149,0.616859991859992,0.5185185185185185,preSMA,MFC
11,2,66,135,5,1.1851851851851851,0.9095527726633816,0.46153846153846156,img_0056,1.1840095017529382,0.11188811188811189,False,0.21455157745480324,0.9673340431370598,1.4351851851851851,1.12726393976394,1.2962962962962963,preSMA,MFC
11,2,67,135,5,1.3240740740740742,1.10306755595607,0.32967032967032966,img_0056,1.1897124701800732,0.1038961038961039,False,0.30865023134759983,0.949835690953129,1.7592592592592593,1.2162634818884819,1.3703703703703705,preSMA,MFC
11,2,68,135,5,1.962962962962963,1.9391678232330347,0.1108891108891109,img_0056,1.5714509479981071,0.03496503496503497,False,0.3178619625988047,0.9498096304945296,2.638888888888889,1.8000864875864875,1.5925925925925926,preSMA,MFC
11,2,69,135,5,5.805555555555555,0.8573971331214867,0.4905094905094905,img_0236,1.4935626063588365,0.053946053946053944,False,0.18495696400625983,0.989314439156402,6.826923076923077,5.564236111111111,6.592592592592593,preSMA,MFC
11,2,70,135,5,3.1203703703703702,0.7846244269118791,0.5444555444555444,img_0113,1.2030273443199222,0.0979020979020979,False,0.22158101045296164,0.9857891170162891,3.7962962962962963,2.955109126984127,2.888888888888889,preSMA,MFC
11,2,71,135,5,3.6666666666666665,0.5134899257693357,0.7302697302697303,img_0113,1.0131588180811293,0.14985014985014986,False,0.1618539427605361,0.991542421398927,4.212962962962963,3.5310782967032965,3.4444444444444446,preSMA,MFC
11,2,72,135,5,5.342592592592593,0.431795534097795,0.7892107892107892,img_0048,1.12819825035047,0.12887112887112886,False,0.12266590831043978,0.9953533140964165,5.925925925925926,5.199016839641839,4.666666666666667,preSMA,MFC
11,2,73,135,5,0.7037037037037037,1.0453336568279248,0.36063936063936064,img_0236,1.2284621340270385,0.10789210789210789,False,0.28456558061821224,0.9451522148563574,0.9134615384615384,0.6535218253968254,0.5925925925925926,preSMA,MFC
12,2,0,135,5,1.7962962962962963,1.4755593788474237,0.20279720279720279,img_0059,1.8986731395264815,0.025974025974025976,False,0.2996256194785607,0.9674329908199036,2.361111111111111,1.6536617317867317,1.7777777777777777,dACC,MFC
12,2,1,135,5,3.8518518518518516,0.7654541256452453,0.5674325674325674,img_0059,1.2206523342764581,0.12087912087912088,False,0.12040880315336855,0.9929770378745311,4.2592592592592595,3.7464069495319494,4.074074074074074,dACC,MFC
12,2,2,135,5,0.9814814814814815,0.49385636929186494,0.7422577422577422,img_0018,1.0354158387362793,0.11988011988011989,False,0.30442994505494503,0.9720088069426065,1.2962962962962963,0.9016648860398861,0.9629629629629629,dACC,MFC
12,2,3,135,5,2.7962962962962963,0.6443187425898951,0.6383616383616384,img_0059,0.7218445965732805,0.22477522477522477,False,0.12344185665081198,0.9897660795033992,3.1018518518518516,2.7189535002035,2.1481481481481484,dACC,MFC
12,2,4,135,5,0.5833333333333334,1.532140365938728,0.17482517482517482,img_0018,1.095664515949448,0.12387612387612387,False,0.3274886877828056,0.9193495822569354,0.7870370370370371,0.5292913105413105,0.7777777777777778,dACC,MFC
12,2,5,135,5,3.25,1.927764257155291,0.11688311688311688,img_0059,1.5086191565517313,0.04695304695304695,False,0.28960874290544625,0.9489251551142323,4.212962962962963,2.9928520553520555,3.962962962962963,dACC,MFC
12,2,6,135,5,0.5370370370370371,0.9961873251636543,0.39760239760239763,img_0017,1.5890823334383277,0.04195804195804196,False,0.34684065934065933,0.9323283846338145,0.7407407407407407,0.4838217338217339,0.5555555555555556,dACC,MFC
12,2,7,135,5,2.037037037037037,0.9939935648630454,0.4155844155844156,img_0017,1.2070097305399332,0.08891108891108891,False,0.19217561284868978,0.9815607232216703,2.4074074074074074,1.9447624135124135,2.259259259259259,dACC,MFC
12,2,8,135,5,0.6203703703703703,1.418564712187279,0.22677322677322678,img_0003,1.5183948024461007,0.03996003996003996,False,0.3827635327635327,0.9199819199368938,0.8928571428571429,0.5511039886039887,0.8148148148148148,dACC,MFC
12,2,9,135,5,2.138888888888889,2.337126661787938,0.057942057942057944,img_0003,1.8326400979819948,0.023976023976023976,False,0.32976112206881436,0.9384067137305879,2.9017857142857144,1.944889601139601,2.2962962962962963,dACC,MFC
12,2,10,135,5,1.6388888888888888,0.9757511914745652,0.4165834165834166,img_0018,1.2810996021472456,0.07192807192807193,False,0.3076923076923076,0.9655621953495149,2.175925925925926,1.5064102564102566,1.3333333333333333,dACC,MFC
12,2,11,135,5,1.1574074074074074,0.3422663371801341,0.8601398601398601,img_0017,0.9345214352745048,0.16983016983016982,False,0.20899725274725256,0.9872473054876645,1.3888888888888888,1.0986149267399268,1.2592592592592593,amygdala,MTL
12,2,12,135,5,1.7685185185185186,45.52695329550428,0.000999000999000999,img_0003,9.450972618465308,0.000999000999000999,True,0.8158831908831908,0.5102980050292804,5.0,0.9205840455840457,1.4074074074074074,amygdala,MTL
12,2,13,135,5,1.4259259259259258,9.526947362845071,0.000999000999000999,img_0018,3.1947805005754764,0.000999000999000999,True,0.5443681318681319,0.7523502396562264,2.5462962962962963,1.1601737382987383,0.5925925925925926,amygdala,MTL
12,2,14,135,5,1.537037037037037,2.8193181657165276,0.025974025974025976,img_0017,2.0289747886433633,0.014985014985014986,True,0.3259615384615385,0.940889530331924,2.0833333333333335,1.4042467948717952,1.2222222222222223,amygdala,MTL
12,2,15,135,5,1.212962962962963,1.7815780482501873,0.11788211788211789,img_0234,1.2850223590277359,0.07492507492507493,False,0.2939313772647105,0.9098866250411566,1.5865384615384615,1.1202050264550265,1.0,preSMA,MFC
12,2,16,135,5,0.8148148148148148,0.7678852177036154,0.5644355644355644,img_0059,1.2190866738963042,0.07592407592407592,False,0.4041103127641589,0.9129919821020148,1.2037037037037037,0.7172746235246236,1.037037037037037,preSMA,MFC
12,2,17,135,5,0.24074074074074073,0.8344922993212205,0.5164835164835165,img_0234,0.6707252090988799,0.23276723276723277,False,0.45940806878306883,0.7714178176057781,0.38461538461538464,0.20791997354497355,0.2222222222222222,preSMA,MFC
12,2,18,135,5,0.7037037037037037,1.9484007695054413,0.1008991008991009,img_0059,1.8414534964789062,0.01098901098901099,False,0.595467032967033,0.8203071092013738,1.3425925925925926,0.543122964997965,0.6296296296296297,preSMA,MFC
12,2,19,135,5,7.814814814814815,3.3114929509860307,0.006993006993006993,img_0234,2.1243412900231937,0.013986013986013986,True,0.2555491031100787,0.9565296811582641,9.85576923076923,7.337136243386244,5.518518518518518,preSMA,MFC
12,2,20,135,5,1.6574074074074074,0.7402032025487127,0.5624375624375625,img_0234,0.8823955834240488,0.15184815184815184,False,0.19662214479287643,0.9731428334995266,1.9711538461538463,1.5835813492063493,1.4814814814814814,preSMA,MFC
12,2,21,135,5,1.6296296296296295,0.4548575926751581,0.7722277722277723,img_0234,1.0496274542549167,0.12087912087912088,False,0.262381567614126,0.9796372565872546,2.0673076923076925,1.524884259259259,1.5925925925925926,preSMA,MFC
13,2,0,135,5,0.7870370370370371,1.4452607729421771,0.1838161838161838,img_0056,1.257600155501259,0.03996003996003996,False,0.7048992673992674,0.6991967913587701,1.8055555555555556,0.5328207671957672,0.5185185185185185,dACC,MFC
13,2,1,135,5,0.9259259259259259,1.7075790045333472,0.08491508491508491,img_0056,1.3171137311580328,0.016983016983016984,False,0.7791960398092473,0.5841917968170287,2.4537037037037037,0.5417874949124949,0.48148148148148145,dACC,MFC
13,2,2,135,5,0.9907407407407407,1.1450940567641852,0.3256743256743257,img_0056,1.6833330749039672,0.03196803196803197,False,0.4142556662087912,0.9317718133336332,1.4814814814814814,0.8677693833943834,0.8888888888888888,dACC,MFC
13,2,3,135,5,4.435185185185185,1.112421364396196,0.3926073926073926,img_0004,0.7361117178398711,0.22977022977022976,False,0.1409556878306879,0.9797099760064938,5.0,4.295221560846561,3.925925925925926,dACC,MFC
13,2,4,135,5,0.5462962962962963,0.1380046765393608,0.968031968031968,img_0004,0.4635210035964608,0.3126873126873127,False,0.15476190476190466,0.9863808359110856,0.625,0.5282738095238095,0.8148148148148148,dACC,MFC
13,2,5,135,5,0.5740740740740741,0.20993255987008072,0.9310689310689311,img_0004,0.5540649952219091,0.25874125874125875,False,0.18074452003023422,0.9809117150276775,0.6730769230769231,0.5514219576719577,0.6666666666666666,dACC,MFC
13,2,6,135,5,8.157407407407407,13.92034809190574,0.000999000999000999,img_0020,4.970619247305217,0.000999000999000999,True,0.41076103068723,0.8949478089617594,12.098214285714286,7.128739316239315,8.407407407407407,amygdala,MTL
13,2,7,135,5,3.509259259259259,13.992216854196482,0.000999000999000999,img_0269,5.771567494245858,0.000999000999000999,True,0.5835542098746324,0.8358719682081992,6.574074074074074,2.7377454721204724,3.740740740740741,amygdala,MTL
13,2,8,135,5,1.8240740740740742,0.7504431732927674,0.5714285714285714,img_0260,1.4149989053208465,0.07292707292707293,False,0.17801899187768755,0.9867032696021072,2.1296296296296298,1.75051510989011,1.8888888888888888,amygdala,MTL
13,2,9,135,5,1.4814814814814814,1.149755703317293,0.3166833166833167,img_0260,1.1874103639902962,0.11388611388611389,False,0.198254048582996,0.9822039449208845,1.7592592592592593,1.4104789886039886,1.4074074074074074,amygdala,MTL
13,2,10,135,5,0.8148148148148148,0.5637121146336167,0.7122877122877123,img_0020,1.0750926482666936,0.13086913086913088,False,0.2608076303728477,0.9757215823698538,1.0267857142857142,0.7589921652421653,0.7037037037037037,amygdala,MTL
13,2,11,135,5,0.8148148148148148,1.5211867232125755,0.16883116883116883,img_0020,1.4479930741223128,0.06793206793206794,False,0.337891737891738,0.927495639571994,1.1160714285714286,0.7389601139601139,0.7037037037037037,amygdala,MTL
13,2,12,135,5,0.19444444444444445,8.933216168717088,0.000999000999000999,img_0056,3.0177571527953138,0.000999000999000999,True,0.9875,0.2199501246882793,0.9259259259259259,0.011574074074074073,0.0,amygdala,MTL
13,2,13,135,5,2.4074074074074074,3.5280509590667295,0.01098901098901099,img_0004,1.619346141363833,0.026973026973026972,True,0.32544545596016183,0.8823551072182817,3.269230769230769,2.2052744708994707,1.6296296296296295,amygdala,MTL
13,2,14,135,5,0.5462962962962963,9.969901236448568,0.000999000999000999,img_0269,3.4350874387221335,0.000999000999000999,True,0.7241463893249608,0.48650762443031537,1.2962962962962963,0.35758801383801386,0.25925925925925924,amygdala,MTL
13,2,15,135,5,1.25,0.9399958604141269,0.46853146853146854,img_0020,1.665728440836682,0.03296703296703297,False,0.28066635011079455,0.965317253157765,1.6071428571428572,1.1560719373219372,1.4074074074074074,amygdala,MTL
13,2,16,135,5,7.944444444444445,0.7559426275641055,0.5474525474525475,img_0020,0.8148524613391441,0.1998001998001998,False,0.09186550332383647,0.9943615165899848,8.571428571428571,7.784009971509972,8.11111111111111,amygdala,MTL
13,2,17,135,5,2.0555555555555554,3.5784492610983993,0.01098901098901099,img_0056,2.128982854831723,0.005994005994005994,True,0.38348858173076916,0.9201597358528603,2.962962962962963,1.8267004985754989,1.5185185185185186,amygdala,MTL
13,2,18,135,5,0.19444444444444445,0.850415830550459,0.5514485514485514,img_0260,1.3148546223318693,0.07492507492507493,False,0.592290521978022,0.8231762195709914,0.37037037037037035,0.1510035103785104,0.1111111111111111,amygdala,MTL
13,2,19,135,5,0.24074074074074073,1.280149631029289,0.2867132867132867,img_0056,1.2932016683977232,0.08191808191808192,False,0.530448717948718,0.8192183962019228,0.4166666666666667,0.1956463675213675,0.2962962962962963,amygdala,MTL
13,2,20,135,5,0.2222222222222222,7.657278512644563,0.000999000999000999,img_0056,3.270527706840254,0.000999000999000999,True,0.8985940530058177,0.36963191883568436,0.7870370370370371,0.07981023606023606,0.1111111111111111,amygdala,MTL
13,2,21,135,5,12.268518518518519,5.70656305285857,0.000999000999000999,img_0056,1.9273829532685833,0.017982017982017984,True,0.23018174133558755,0.9534519479498595,15.046296296296296,11.582913614163614,9.185185185185185,amygdala,MTL
13,2,22,135,5,1.7222222222222223,30.491414531303942,0.000999000999000999,img_0004,6.581878715862697,0.000999000999000999,True,0.8229800227463779,0.51138391619417,5.144230769230769,0.9106316137566137,1.0740740740740742,amygdala,MTL
13,2,23,135,5,0.2777777777777778,0.5746606674917212,0.6983016983016983,img_0020,1.0488834246281646,0.11588411588411589,False,0.4764957264957266,0.9039459512986547,0.44642857142857145,0.23370726495726496,0.5185185185185185,amygdala,MTL
13,2,24,135,5,0.7592592592592593,28.870545121351586,0.000999000999000999,img_0056,6.036047159846572,0.000999000999000999,True,0.9236547182975754,0.33042104622362334,2.9166666666666665,0.2226737382987383,0.2222222222222222,amygdala,MTL
13,2,25,135,5,1.6111111111111112,2.8055754309249017,0.027972027972027972,img_0056,2.3332867388880523,0.006993006993006993,True,0.4420151607651608,0.9134560092030978,2.5,1.394962098087098,1.5185185185185186,amygdala,MTL
13,2,26,135,5,0.1574074074074074,5.087191054703846,0.000999000999000999,img_0020,2.784901044256682,0.000999000999000999,True,0.8576793576793578,0.4520375438297733,0.49107142857142855,0.06988960113960113,0.07407407407407407,amygdala,MTL
13,2,27,135,5,1.0,0.7330076178453924,0.5754245754245755,img_0260,1.187415713275978,0.1018981018981019,False,0.24773606023606032,0.9724213783000039,1.25,0.9403299247049247,1.0,amygdala,MTL
13,2,28,135,5,0.25,12.85279665951531,0.000999000999000999,img_0056,3.8233236674931192,0.000999000999000999,True,0.9439622877122877,0.29337659628344637,1.0185185185185186,0.0570754477004477,0.07407407407407407,amygdala,MTL
13,2,29,135,5,2.824074074074074,3.8822654325814465,0.005994005994005994,img_0020,2.7025055949539385,0.005994005994005994,True,0.32146807440925096,0.9530904202727675,3.794642857142857,2.5747863247863245,3.0,amygdala,MTL
13,2,30,135,5,1.4814814814814814,8.1766329100359,0.000999000999000999,img_0004,4.3778181707710475,0.000999000999000999,True,0.5692007797270955,0.848322177796485,2.7403846153846154,1.1805555555555556,1.1481481481481481,amygdala,MTL
13,2,31,135,5,0.5092592592592593,2.473995510967783,0.03796203796203796,img_0004,1.8159833389323004,0.008991008991008992,True,0.6427970177970179,0.7366705438432686,1.0576923076923077,0.3778108465608465,1.2962962962962963,hippocampus,MTL
13,2,32,135,5,1.6388888888888888,1.241125709610928,0.2757242757242757,img_0056,1.7175431532988703,0.028971028971028972,False,0.3076192424596679,0.9662940297924358,2.175925925925926,1.5065692409442408,2.2962962962962963,hippocampus,MTL
13,2,33,135,5,2.8981481481481484,0.9557469419760453,0.44155844155844154,img_0020,1.1174252661285788,0.10789210789210789,False,0.16837606837606844,0.9837592400860031,3.3482142857142856,2.784455128205128,2.8518518518518516,hippocampus,MTL
13,2,34,135,5,3.5555555555555554,3.5616376013779876,0.007992007992007992,img_0056,3.6951216874142343,0.000999000999000999,True,0.4289823424438809,0.929410698792912,5.416666666666667,3.0930123117623114,4.111111111111111,hippocampus,MTL
13,2,35,135,5,5.722222222222222,0.9794229175856474,0.3956043956043956,img_0269,1.33036107155006,0.08791208791208792,False,0.17030085299316067,0.9901081801186984,6.62037037037037,5.492915649165649,6.37037037037037,hippocampus,MTL
13,2,36,135,5,5.7592592592592595,1.158593105899998,0.3436563436563437,img_0004,1.6907455977828443,0.03896103896103896,False,0.22917341539790526,0.9838645806020087,7.0673076923076925,5.44766865079365,5.037037037037037,hippocampus,MTL
13,2,37,135,5,3.4166666666666665,2.717978220206779,0.03896103896103896,img_0004,1.993625416197378,0.023976023976023976,True,0.28095525649873465,0.9610731637661736,4.423076923076923,3.1803902116402116,2.6666666666666665,hippocampus,MTL
13,2,38,135,5,1.4166666666666667,1.1247757941894387,0.34165834165834164,img_0020,1.5095524156206332,0.061938061938061936,False,0.26185897435897443,0.9667942490500387,1.7857142857142858,1.3181089743589742,1.4814814814814814,hippocampus,MTL
13,2,39,135,5,1.3240740740740742,0.8998157581784015,0.4835164835164835,img_0056,1.4397177408410078,0.07992007992007992,False,0.2820203445203445,0.972292248106273,1.712962962962963,1.229872557997558,1.4074074074074074,hippocampus,MTL
13,2,40,135,5,2.925925925925926,0.8174729047572815,0.5134865134865135,img_0056,1.4034965608056238,0.07392607392607392,False,0.2612809065934064,0.9793279875439052,3.7037037037037037,2.7359966422466426,3.5555555555555554,hippocampus,MTL
13,2,41,135,5,2.7777777777777777,1.3281308861535763,0.25074925074925075,img_0269,1.5583760783975293,0.056943056943056944,False,0.1305047564375923,0.9894274367061344,3.1018518518518516,2.6970454314204315,2.111111111111111,hippocampus,MTL
13,2,42,135,5,1.4444444444444444,0.6631845921436723,0.7062937062937062,img_0020,0.8859834657053258,0.13486513486513488,False,0.5583308772963946,0.8324372383598886,2.5892857142857144,1.14360754985755,2.1481481481481484,preSMA,MFC
13,2,43,135,5,0.25,1.028920002718684,0.4205794205794206,img_0056,1.0660128996194758,0.0919080919080919,False,0.578434065934066,0.7564426595397066,0.46296296296296297,0.19516941391941392,0.3333333333333333,preSMA,MFC
13,2,44,135,5,0.3148148148148148,0.4809716330992016,0.7872127872127872,img_0020,0.6733074204023832,0.25074925074925075,False,0.27651155428933205,0.9172088046821995,0.4017857142857143,0.29068732193732194,0.4074074074074074,preSMA,MFC
13,2,45,135,5,0.4351851851851852,1.8489039004155203,0.13086913086913088,img_0260,1.569995978675655,0.04195804195804196,False,0.5198746565934066,0.8316475366121683,0.7407407407407407,0.3556484025234026,0.3333333333333333,preSMA,MFC
13,2,46,135,5,0.4444444444444444,0.8616898585148548,0.5134865134865135,img_0020,1.0774745936039154,0.1028971028971029,False,0.5248868778280543,0.8266072451099474,0.7589285714285714,0.36057692307692313,0.5555555555555556,preSMA,MFC
13,2,47,135,5,1.8703703703703705,1.7708278044885584,0.13686313686313686,img_0004,1.5151040291304871,0.03396603396603397,False,0.37987764550264547,0.8988562580145537,2.6923076923076925,1.6695601851851851,1.5555555555555556,preSMA,MFC
13,2,48,135,5,4.777777777777778,1.2018385476304798,0.34065934065934067,img_0269,1.288984401718723,0.09090909090909091,False,0.2266483516483515,0.977378580231058,5.833333333333333,4.511217948717949,3.5925925925925926,preSMA,MFC
13,2,49,135,5,4.805555555555555,0.2778626975136399,0.9020979020979021,img_0004,0.7230446982622395,0.2097902097902098,False,0.10266491917868037,0.9961564966504916,5.240384615384615,4.7023809523809526,6.185185185185185,preSMA,MFC
13,2,50,135,5,0.21296296296296297,0.682728384569143,0.6713286713286714,img_0020,0.7207274668257757,0.24075924075924077,False,0.4059829059829061,0.8400358932176772,0.3125,0.1856303418803419,0.2222222222222222,preSMA,MFC
13,2,51,135,5,0.18518518518518517,1.3428489913738066,0.25274725274725274,img_0056,0.8530542799605882,0.1878121878121878,False,0.5369897959183673,0.6432231039202975,0.32407407407407407,0.15004960317460317,0.037037037037037035,preSMA,MFC
13,2,52,135,5,0.6759259259259259,0.34258506026770846,0.8411588411588412,img_0020,0.9053890841789766,0.16883116883116883,False,0.25528565002249204,0.979285887428056,0.8482142857142857,0.6316773504273504,0.7777777777777778,preSMA,MFC
13,2,53,135,5,0.49074074074074076,1.8938260762441488,0.12487512487512488,img_0004,1.523489204107234,0.052947052947052944,False,0.39356261022927685,0.8760206943213209,0.7211538461538461,0.43733465608465605,0.4444444444444444,preSMA,MFC
13,2,54,135,5,1.8333333333333333,0.5974913610857974,0.6703296703296703,img_0056,1.0242467561140027,0.14285714285714285,False,0.17479395604395598,0.9874345878078389,2.1296296296296298,1.7573832417582418,1.7407407407407407,preSMA,MFC
13,2,55,135,5,0.9074074074074074,0.20292877116232216,0.9470529470529471,img_0260,0.4849402477917045,0.27672327672327673,False,0.13751873126873138,0.9848442712795032,1.0185185185185186,0.8784531440781441,0.7037037037037037,preSMA,MFC
13,2,56,135,5,0.9907407407407407,0.46230657628177935,0.7512487512487512,img_0269,1.0457394534684863,0.13986013986013987,False,0.2604802604802604,0.9796094716708162,1.25,0.9243996743996744,1.1111111111111112,preSMA,MFC
13,2,57,135,5,0.8425925925925926,0.5292886357348654,0.7402597402597403,img_0020,0.7189155447619396,0.2127872127872128,False,0.22482348569305066,0.9644661517328319,1.0267857142857142,0.795940170940171,0.6666666666666666,preSMA,MFC
14,2,0,135,5,0.9259259259259259,1.1446288152342423,0.35664335664335667,img_0022,1.595802072297504,0.03396603396603397,False,0.44408831908831903,0.924644918999192,1.4285714285714286,0.7941595441595442,1.1111111111111112,dACC,MFC
14,2,1,135,5,0.3611111111111111,0.6239549166661621,0.6843156843156843,img_0006,0.7734754966871715,0.16383616383616384,False,0.4974112426035503,0.8336998984354633,0.6018518518518519,0.30248397435897434,0.5185185185185185,dACC,MFC
14,2,2,135,5,0.37962962962962965,1.4609636292842598,0.21978021978021978,img_0003,1.1834538877401297,0.08391608391608392,False,0.4232253086419753,0.7957742488578757,0.5769230769230769,0.33275462962962965,0.37037037037037035,dACC,MFC
14,2,3,135,5,0.2037037037037037,1.1296905207714887,0.34065934065934067,img_0003,1.0428004005986515,0.12187812187812187,False,0.5862268518518519,0.6873017738805172,0.38461538461538464,0.15914351851851852,0.1111111111111111,dACC,MFC
14,2,4,135,5,0.4074074074074074,2.505749110256751,0.056943056943056944,img_0006,1.7453389850526309,0.00999000999000999,False,0.6375152625152625,0.7319888830127772,0.8333333333333334,0.30207061457061457,0.37037037037037035,dACC,MFC
14,2,5,135,5,0.5833333333333334,0.5567101356683843,0.6983016983016983,img_0022,0.7687868085385574,0.2087912087912088,False,0.23032407407407396,0.960827179826815,0.7142857142857143,0.5497685185185186,0.6666666666666666,dACC,MFC
14,2,6,135,5,0.8055555555555556,0.9090085956814785,0.4935064935064935,img_0003,1.0282767313747307,0.12987012987012986,False,0.294582732082732,0.9427764701472253,1.0576923076923077,0.746114417989418,0.5185185185185185,dACC,MFC
14,2,7,135,5,1.2407407407407407,1.281794638375556,0.25774225774225773,img_0001,1.7370744998641203,0.03196803196803197,False,0.32182921245421237,0.9521409029308479,1.6666666666666667,1.1302846459096458,1.3333333333333333,dACC,MFC
14,2,8,135,5,1.4722222222222223,0.10587962225193824,0.98001998001998,img_0022,0.4373896637251444,0.35264735264735264,False,0.10644191199746755,0.9959278581010584,1.6071428571428572,1.4360754985754984,1.4074074074074074,dACC,MFC
14,2,9,135,5,4.175925925925926,1.7297498255210009,0.14285714285714285,img_0001,1.3167541017055395,0.08091908091908091,False,0.1676022295012678,0.9735559912893967,4.814814814814815,4.007841117216118,3.3333333333333335,dACC,MFC
14,2,10,135,5,0.08333333333333333,0.9790431863839966,0.4725274725274725,img_0006,0.848296427414132,0.25774225774225773,False,0.502518315018315,0.7094271629668204,0.1388888888888889,0.06909467846967847,0.14814814814814814,amygdala,MTL
14,2,11,135,5,1.0462962962962963,13.474653008591533,0.000999000999000999,img_0003,4.546340227978063,0.000999000999000999,True,0.7578774565381708,0.6028501063217354,2.6923076923076925,0.6518683862433863,0.37037037037037035,amygdala,MTL
14,2,12,135,5,5.898148148148148,15.912497783496127,0.000999000999000999,img_0001,5.4198166719628205,0.000999000999000999,True,0.4393431823278764,0.8937978555552772,9.074074074074074,5.087441493691494,4.444444444444445,amygdala,MTL
14,2,13,135,5,2.537037037037037,72.08217607453537,0.000999000999000999,img_0001,9.200514533341591,0.000999000999000999,True,0.9258144107077756,0.32761392502824904,9.768518518518519,0.7246833028083027,1.9259259259259258,amygdala,MTL
14,2,14,135,5,2.4722222222222223,4.297236572616387,0.002997002997002997,img_0001,3.05910653972169,0.000999000999000999,True,0.4637605042016807,0.9114872557022632,3.935185185185185,2.1102017195767195,2.4444444444444446,amygdala,MTL
14,2,15,135,5,1.7037037037037037,30.26486965367095,0.000999000999000999,img_0006,6.189350018669452,0.000999000999000999,True,0.8174178415923699,0.5199869285174208,4.907407407407407,0.8960050366300367,0.8518518518518519,amygdala,MTL
14,2,16,135,5,2.814814814814815,49.0297369575608,0.000999000999000999,img_0002,9.124566751621005,0.000999000999000999,True,0.8523855071629941,0.46337242778146837,8.842592592592593,1.305294820919821,2.0,amygdala,MTL
14,2,17,135,5,8.694444444444445,25.272496154940615,0.000999000999000999,img_0022,5.961300076969496,0.000999000999000999,True,0.6180728477316404,0.7900886798902881,17.008928571428573,6.496171652421652,5.074074074074074,amygdala,MTL
14,2,18,135,5,2.509259259259259,5.51110091559313,0.000999000999000999,img_0006,2.526461537014725,0.003996003996003996,True,0.347930402930403,0.9257137494753942,3.4722222222222223,2.264130545380545,1.9259259259259258,amygdala,MTL
14,2,19,135,5,0.3333333333333333,4.555462587210562,0.000999000999000999,img_0022,2.6446256443048966,0.000999000999000999,True,0.7648822911980806,0.608407795280369,0.8482142857142857,0.1994301994301994,0.25925925925925924,amygdala,MTL
14,2,20,135,5,1.4814814814814814,14.524710792505228,0.000999000999000999,img_0002,5.562016882696167,0.000999000999000999,True,0.6226176167582417,0.7740534306186815,2.962962962962963,1.1181700244200243,1.0740740740740742,amygdala,MTL
14,2,21,135,5,0.46296296296296297,2.6403847351055254,0.03496503496503497,img_0001,2.014107588285379,0.015984015984015984,True,0.5186651583710409,0.8312094643136805,0.7870370370370371,0.3788283475783476,0.5925925925925926,amygdala,MTL
14,2,22,135,5,1.0185185185185186,2.135228522379124,0.07892107892107893,img_0022,2.132624007671134,0.005994005994005994,False,0.3893205559872228,0.9147950751764399,1.4732142857142858,0.8996616809116809,1.5555555555555556,amygdala,MTL
14,2,23,135,5,2.1203703703703702,3.496939858055065,0.005994005994005994,img_0022,2.140789994725995,0.015984015984015984,True,0.2607787274453941,0.9371564992740994,2.6785714285714284,1.98005698005698,2.037037037037037,amygdala,MTL
14,2,24,135,5,0.7962962962962963,8.372819054980207,0.000999000999000999,img_0003,3.5399715904422067,0.000999000999000999,True,0.6848991848991848,0.6941474420304286,1.7788461538461537,0.560515873015873,0.6296296296296297,amygdala,MTL
14,2,25,135,5,2.861111111111111,4.219567207928208,0.004995004995004995,img_0003,2.375340158652048,0.006993006993006993,True,0.3263929714546998,0.9325951997900876,3.894230769230769,2.6231812169312168,2.6666666666666665,amygdala,MTL
14,2,26,135,5,0.6759259259259259,4.374510125440688,0.003996003996003996,img_0003,2.3905080428041434,0.008991008991008992,True,0.5697751322751323,0.7831868145089267,1.25,0.5377810846560847,0.48148148148148145,amygdala,MTL
14,2,27,135,5,1.7777777777777777,7.09394729736716,0.000999000999000999,img_0003,4.0733989926420895,0.000999000999000999,True,0.5443121693121693,0.8537376398211843,3.173076923076923,1.4459325396825398,1.3703703703703705,amygdala,MTL
14,2,28,135,5,1.3796296296296295,5.547372271530772,0.000999000999000999,img_0006,2.7684507567291883,0.000999000999000999,True,0.5020054945054946,0.8489017230359229,2.314814814814815,1.1527650590150589,0.7407407407407407,amygdala,MTL
14,2,29,135,5,0.42592592592592593,0.9845778594254128,0.43756243756243757,img_0001,0.7210442460528091,0.21978021978021978,False,0.29441391941391937,0.9053552405529532,0.5555555555555556,0.391992266992267,0.48148148148148145,hippocampus,MTL
14,2,30,135,5,0.5925925925925926,0.8092213838454219,0.5374625374625375,img_0022,0.842312676107688,0.1798201798201798,False,0.27853192559074913,0.9406642695899088,0.7589285714285714,0.5475427350427351,0.6296296296296297,hippocampus,MTL
14,2,31,135,5,0.46296296296296297,0.5495297123905839,0.7032967032967034,img_0003,1.2494208813643737,0.09090909090909091,False,0.3201058201058201,0.9573519298755387,0.625,0.42493386243386244,0.6296296296296297,hippocampus,MTL
14,2,32,135,5,0.9814814814814815,0.9748191061377408,0.4275724275724276,img_0002,0.8602978125844389,0.17382617382617382,False,0.22741441251056638,0.9545625623910137,1.2037037037037037,0.9299641330891332,0.6666666666666666,hippocampus,MTL
14,2,33,135,5,0.5555555555555556,0.731399767956805,0.5824175824175825,img_0001,1.2458922372569456,0.07392607392607392,False,0.4162469474969477,0.9372264970900098,0.8333333333333334,0.4864608770858771,0.48148148148148145,hippocampus,MTL
14,2,34,135,5,0.8703703703703703,15.834845480832367,0.000999000999000999,img_0022,4.493322874103445,0.000999000999000999,True,0.9332573599240266,0.311859639617318,3.3482142857142856,0.22346866096866097,0.5185185185185185,hippocampus,MTL
14,2,35,135,5,0.5277777777777778,0.5557810565808623,0.6983016983016983,img_0003,0.8494137834393889,0.1838161838161838,False,0.2661092214663643,0.9619108486631961,0.6730769230769231,0.4939649470899471,0.4444444444444444,hippocampus,MTL
14,2,36,135,5,1.5277777777777777,5.176117814581805,0.001998001998001998,img_0006,3.056942866676917,0.000999000999000999,True,0.6138947590870668,0.7864147187014733,3.009259259259259,1.1618907712657713,1.3333333333333333,hippocampus,MTL
14,2,37,135,5,4.2592592592592595,1.6974813688783124,0.15584415584415584,img_0003,2.1709240947787456,0.022977022977022976,False,0.2031546371169013,0.9841665187778212,5.096153846153846,4.06084656084656,4.074074074074074,hippocampus,MTL
14,2,38,135,5,2.5185185185185186,9.201788968731005,0.000999000999000999,img_0006,3.4081968431650567,0.000999000999000999,True,0.676886139071013,0.7319379393909076,5.5092592592592595,1.78011803011803,1.4074074074074074,hippocampus,MTL
14,2,39,135,5,1.212962962962963,1.6865891215362385,0.13186813186813187,img_0022,1.3006015779013926,0.04795204795204795,False,0.6176960705262592,0.6971719306957445,2.3660714285714284,0.9045584045584045,0.8888888888888888,hippocampus,MTL
14,2,40,135,5,3.509259259259259,1.0527959774493387,0.3916083916083916,img_0001,0.9956614177263158,0.0969030969030969,False,0.3196644042232277,0.957109776370285,4.722222222222222,3.212695868945869,2.962962962962963,hippocampus,MTL
14,2,41,135,5,1.4537037037037037,1.5400291390401408,0.21578421578421578,img_0003,1.3972859570944927,0.07092907092907093,False,0.2799823633156966,0.9470419613943434,1.875,1.3500330687830688,1.1481481481481481,hippocampus,MTL
14,2,42,135,5,1.3981481481481481,1.7060840867589155,0.14285714285714285,img_0003,1.1636338279586504,0.08791208791208792,False,0.45440821256038655,0.8250626084941579,2.2115384615384617,1.2065972222222223,1.5925925925925926,hippocampus,MTL
14,2,43,135,5,5.87962962962963,1.5139677655181325,0.21178821178821178,img_0006,2.0421507864757387,0.015984015984015984,False,0.1911858974358973,0.9900046752360624,6.944444444444445,5.616764601139601,5.444444444444445,hippocampus,MTL
14,2,44,135,5,0.9814814814814815,0.5945698490131365,0.6593406593406593,img_0002,1.0773445319381079,0.13886113886113885,False,0.2302673288250212,0.9775902822124263,1.2037037037037037,0.9265300671550671,0.6296296296296297,hippocampus,MTL
14,2,45,135,5,4.351851851851852,1.0148440610567755,0.4225774225774226,img_0006,1.5397864947896922,0.06893106893106893,False,0.1620433964183965,0.9923293370593985,5.0,4.1897830179080175,4.185185185185185,hippocampus,MTL
14,2,46,135,5,7.157407407407407,1.068187679888481,0.3986013986013986,img_0006,1.2359105992580182,0.08691308691308691,False,0.22196487023614675,0.9797168340141394,8.703703703703704,6.7717872405372415,7.555555555555555,preSMA,MFC
14,2,47,135,5,3.3703703703703702,0.9911501839179052,0.43756243756243757,img_0006,1.2085497136777894,0.0959040959040959,False,0.259854276158624,0.9716765996347501,4.2592592592592595,3.1524725274725274,4.074074074074074,preSMA,MFC
14,2,48,135,5,5.111111111111111,0.027573412621045554,1.0,img_0006,0.23132975927515576,0.4165834165834166,False,0.028833997860546523,0.9997185295490613,5.231481481481482,5.0806369556369555,5.074074074074074,preSMA,MFC
14,2,49,135,5,7.148148148148148,1.76444214140234,0.15584415584415584,img_0022,2.269565968540647,0.012987012987012988,False,0.23137973137973145,0.9829816095269652,8.75,6.72542735042735,4.777777777777778,preSMA,MFC
14,2,50,135,5,2.2037037037037037,0.9831949908085355,0.41858141858141856,img_0022,1.3356339483573667,0.08891108891108891,False,0.2577658303464755,0.9706350735077466,2.767857142857143,2.0543981481481484,1.8518518518518519,preSMA,MFC
14,2,51,135,5,14.444444444444445,0.9247525721103934,0.43656343656343655,img_0001,1.1801601337207317,0.12987012987012986,False,0.10048948102045441,0.9953005079199643,15.694444444444445,14.117317867317867,15.407407407407407,preSMA,MFC
14,2,52,135,5,0.37962962962962965,2.7159933504870133,0.03496503496503497,img_0022,2.4416829433847,0.003996003996003996,True,0.6316406904642198,0.7682762595236298,0.7589285714285714,0.2795584045584046,0.37037037037037035,preSMA,MFC
14,2,53,135,5,0.6018518518518519,0.749083050435742,0.5404595404595405,img_0022,0.821388986015942,0.2017982017982018,False,0.316951566951567,0.9307333205623523,0.8035714285714286,0.5488782051282051,0.37037037037037035,preSMA,MFC
14,2,54,135,5,0.09259259259259259,0.2635485443346472,0.9230769230769231,img_0001,0.7007230598275865,0.33166833166833165,False,0.4162087912087912,0.9087272084524836,0.1388888888888889,0.08108211233211234,0.2222222222222222,preSMA,MFC
14,2,55,135,5,0.32407407407407407,0.8374246297881248,0.4675324675324675,img_0006,1.064541613014963,0.13886113886113885,False,0.37561813186813187,0.9044488558101255,0.46296296296296297,0.2890656796906797,0.4444444444444444,preSMA,MFC
14,2,56,135,5,2.3055555555555554,1.7005745570043054,0.14985014985014986,img_0003,1.5827885073334247,0.04195804195804196,False,0.3378326919993586,0.954867311884463,3.173076923076923,2.101107804232804,2.185185185185185,preSMA,MFC
14,2,57,135,5,2.6018518518518516,0.11163979433520124,0.986013986013986,img_0002,0.4527124295862715,0.3356643356643357,False,0.09957665285534145,0.9953123562079299,2.824074074074074,2.54286223036223,2.074074074074074,preSMA,MFC
14,2,58,135,5,1.2222222222222223,0.6253811780680101,0.6293706293706294,img_0002,0.74047232697169,0.20679320679320679,False,0.18258153137185396,0.973331527742865,1.4351851851851851,1.1731468762718762,0.8888888888888888,preSMA,MFC
14,2,59,135,5,1.5833333333333333,0.3263755822153284,0.8641358641358642,img_0002,0.7880495107654323,0.22077922077922077,False,0.18073489010988997,0.9874189752305673,1.8518518518518519,1.517157610907611,1.3333333333333333,preSMA,MFC
14,2,60,135,5,5.277777777777778,1.2450225684624607,0.2787212787212787,img_0003,0.9673089648015526,0.14885114885114886,False,0.12329777083875437,0.9875953023069717,5.865384615384615,5.142195767195767,6.333333333333333,preSMA,MFC
14,2,61,135,5,3.8796296296296298,1.9955173661983967,0.0939060939060939,img_0001,2.133061474125208,0.011988011988011988,False,0.28764240346809167,0.9731029066162978,5.046296296296297,3.594767501017501,6.037037037037037,preSMA,MFC
14,2,62,135,5,1.3888888888888888,0.1284014330143509,0.9790209790209791,img_0002,0.4152768166396956,0.33466533466533466,False,0.11274142524142516,0.9945995012358348,1.5277777777777777,1.3555339336589336,1.8518518518518519,preSMA,MFC
14,2,63,135,5,0.6018518518518519,0.36385408040096423,0.8271728271728271,img_0003,1.0182498936361912,0.1018981018981019,False,0.3258247743541861,0.962300535277304,0.8173076923076923,0.5510085978835979,0.8888888888888888,preSMA,MFC
14,2,64,135,5,0.027777777777777776,0.8394549763033208,0.23076923076923078,img_0003,0.8745360358546117,0.1848151848151848,False,0.8796296296296297,0.3563474387527839,0.09615384615384616,0.011574074074074073,0.07407407407407407,preSMA,MFC
15,2,0,135,5,1.1481481481481481,0.21260552296465893,0.938061938061938,img_0026,0.6039732513291081,0.26673326673326675,False,0.1422193877551019,0.9894482257665174,1.2962962962962963,1.1119378306878307,1.2222222222222223,dACC,MFC
15,2,1,135,5,0.25,0.9089627341922445,0.46353646353646355,img_0035,1.3955973764159568,0.055944055944055944,False,0.5223398001175781,0.869444193694327,0.4326923076923077,0.20667989417989419,0.18518518518518517,dACC,MFC
15,2,2,135,5,6.851851851851852,0.8519929343220712,0.4985014985014985,img_0058,1.1243042326621706,0.1258741258741259,False,0.19251177394034524,0.9813172918286894,8.101851851851851,6.542149979649979,5.407407407407407,dACC,MFC
15,2,3,135,5,0.1388888888888889,1.3329223053488897,0.25774225774225773,img_0026,0.953107599259141,0.16983016983016982,False,0.49601648351648364,0.73787532971781,0.23148148148148148,0.11666285103785103,0.2222222222222222,dACC,MFC
15,2,4,135,5,6.935185185185185,0.10982460607296467,0.988011988011988,img_0284,0.5808785828027537,0.2777222777222777,False,0.06663018553262456,0.9991379880450886,7.321428571428571,6.833600427350428,9.11111111111111,dACC,MFC
15,2,5,135,5,2.0185185185185186,0.8198948569251323,0.5054945054945055,img_0058,1.1925901629613451,0.08291708291708291,False,0.22378447024673442,0.9776986803654317,2.4537037037037037,1.9046029202279202,2.0,dACC,MFC
15,2,6,135,5,1.7777777777777777,0.495740674548312,0.7282717282717283,img_0026,0.8089372945014726,0.1798201798201798,False,0.18380647130647132,0.9793045758370339,2.0833333333333335,1.7004031847781849,2.7037037037037037,dACC,MFC
15,2,7,135,5,3.861111111111111,1.1676433954317762,0.34565434565434566,img_0058,1.40979730623654,0.06393606393606394,False,0.2580062794348509,0.9776756839608317,4.861111111111111,3.6069139194139193,3.5185185185185186,dACC,MFC
15,2,8,135,5,4.018518518518518,0.7866180701233443,0.5304695304695305,img_0292,0.9355365170897396,0.16183816183816183,False,0.1306361164608585,0.9890749355666947,4.4907407407407405,3.9040878103378107,4.407407407407407,amygdala,MTL
15,2,9,135,5,0.6481481481481481,0.18406355007799166,0.9460539460539461,img_0035,0.4163783920353225,0.3596403596403596,False,0.12416225749559073,0.9885687554761056,0.7211538461538461,0.6316137566137565,0.9259259259259259,amygdala,MTL
15,2,10,135,5,2.6481481481481484,0.6603407401341103,0.6493506493506493,img_0058,1.021745057669273,0.14885114885114886,False,0.1502324598478444,0.9904353068802008,3.009259259259259,2.5571708384208383,2.6296296296296298,amygdala,MTL
15,2,11,135,5,2.185185185185185,1.824659375411778,0.12987012987012986,img_0035,2.2365550575337627,0.007992007992007992,False,0.283898305084746,0.9642875299969488,2.8365384615384617,2.03125,2.2962962962962963,amygdala,MTL
15,2,12,135,5,5.2407407407407405,1.108414794489223,0.3256743256743257,img_0035,1.0902620227586521,0.13886113886113885,False,0.0853909465020577,0.9953658176620916,5.625,5.144675925925926,5.37037037037037,amygdala,MTL
15,2,13,135,5,2.6203703703703702,1.1501127337567623,0.34765234765234765,img_0292,1.8640955972624427,0.029970029970029972,False,0.2676091269841271,0.97900754058497,3.3333333333333335,2.44130291005291,3.185185185185185,amygdala,MTL
15,2,14,135,5,0.6574074074074074,0.845748841785904,0.5284715284715285,img_0292,0.7175877612297134,0.2057942057942058,False,0.20972042663219126,0.9576348449719266,0.7870370370370371,0.6219792938542938,0.48148148148148145,amygdala,MTL
15,2,15,135,5,3.009259259259259,2.563300194117575,0.03796203796203796,img_0292,2.3142174084675844,0.002997002997002997,True,0.2585181586705977,0.9715430939814457,3.7962962962962963,2.814884768009768,3.0,amygdala,MTL
15,2,16,135,5,17.5,0.7855173541114675,0.5274725274725275,img_0035,0.9234957383074064,0.21578421578421578,False,0.07380576405124173,0.9963980641159762,18.60576923076923,17.232556216931215,18.59259259259259,amygdala,MTL
15,2,17,135,5,1.5648148148148149,0.7330079563385634,0.5914085914085914,img_0026,1.000357518323596,0.16883116883116883,False,0.16682516201746989,0.9830204951613158,1.8055555555555556,1.5043434574684573,1.7407407407407407,amygdala,MTL
15,2,18,135,5,4.027777777777778,0.41870256032334824,0.7692307692307693,img_0284,1.0157980524153303,0.15784215784215785,False,0.11253561253561228,0.9959180759532297,4.419642857142857,3.9222756410256414,3.962962962962963,amygdala,MTL
15,2,19,135,5,4.583333333333333,0.25233804738701354,0.9040959040959041,img_0292,0.9351421127349628,0.15984015984015984,False,0.0929251822943411,0.9978978640624259,4.953703703703703,4.493379884004884,4.518518518518518,amygdala,MTL
15,2,20,135,5,2.6574074074074074,0.5032792675858515,0.7302697302697303,img_0058,0.8534160435620655,0.17182817182817184,False,0.11128553985696854,0.9926510824018234,2.9166666666666665,2.592083842083842,3.7037037037037037,amygdala,MTL
15,2,21,135,5,0.9259259259259259,0.748603599609896,0.5594405594405595,img_0292,1.5209465446433883,0.06293706293706294,False,0.2879332206255283,0.9722714883855751,1.2037037037037037,0.8571174196174196,1.0740740740740742,amygdala,MTL
15,2,22,135,5,1.8888888888888888,0.3706654924486393,0.8411588411588412,img_0058,0.7065446425854234,0.23876123876123875,False,0.11811660561660564,0.9928167719273399,2.0833333333333335,1.8372570716320717,1.8888888888888888,amygdala,MTL
15,2,23,135,5,5.527777777777778,0.36554356066772403,0.8371628371628371,img_0026,0.785936850656121,0.24175824175824176,False,0.07519252401142174,0.9977530286404875,5.87962962962963,5.437525437525437,5.2592592592592595,amygdala,MTL
15,2,24,135,5,9.268518518518519,1.1783539264647993,0.3386613386613387,img_0035,1.4564664990999745,0.08591408591408592,False,0.12289534193739793,0.993365504022264,10.288461538461538,9.024057539682541,9.518518518518519,amygdala,MTL
15,2,25,135,5,1.1944444444444444,0.2827328646748678,0.8741258741258742,img_0058,0.44839480817449306,0.34465534465534464,False,0.09958791208791218,0.9917321046371266,1.2962962962962963,1.1672008547008548,1.6666666666666667,amygdala,MTL
15,2,26,135,5,2.9074074074074074,0.8761238273588161,0.4915084915084915,img_0035,0.9634375704762517,0.17282717282717283,False,0.13793572984749436,0.9882272455297647,3.269230769230769,2.818287037037037,3.0,amygdala,MTL
15,2,27,135,5,2.9537037037037037,0.28354591109870736,0.8791208791208791,img_0058,0.4864797583758832,0.3076923076923077,False,0.07590295733678087,0.9960695598990282,3.1481481481481484,2.9091943935693934,2.7777777777777777,amygdala,MTL
15,2,28,135,5,0.49074074074074076,1.7389095910621792,0.14485514485514486,img_0035,1.2244533011227166,0.0989010989010989,False,0.39241622574955914,0.8711275779667846,0.7211538461538461,0.4381613756613757,0.5185185185185185,hippocampus,MTL
15,2,29,135,5,0.49074074074074076,0.3141299615385201,0.8671328671328671,img_0292,0.6944363978304572,0.2097902097902098,False,0.2337806424344886,0.9693198030970874,0.6018518518518519,0.4611505392755393,0.5925925925925926,hippocampus,MTL
15,2,30,135,5,2.3518518518518516,3.7996504701422813,0.003996003996003996,img_0292,3.2966763240280157,0.000999000999000999,True,0.4035714285714287,0.9381983998396495,3.4722222222222223,2.0709325396825395,1.8888888888888888,hippocampus,MTL
15,2,31,135,5,3.6018518518518516,1.2632278945793787,0.2987012987012987,img_0284,1.6159787489150752,0.04395604395604396,False,0.22385022385022402,0.9821868870368796,4.375,3.3956552706552707,3.259259259259259,hippocampus,MTL
15,2,32,135,5,5.62962962962963,1.5163753949577463,0.22377622377622378,img_0292,1.3779187450889137,0.061938061938061936,False,0.16618916797488237,0.9845194649541547,6.481481481481482,5.404329466829466,5.37037037037037,hippocampus,MTL
15,2,33,135,5,2.8518518518518516,1.3869282045618088,0.2127872127872128,img_0035,1.6236191341340325,0.05194805194805195,False,0.2039086370072285,0.9820944202100031,3.4134615384615383,2.717427248677249,3.185185185185185,hippocampus,MTL
15,2,34,135,5,2.1481481481481484,1.8346712547999005,0.12887112887112886,img_0292,1.669237546078964,0.04795204795204795,False,0.2655871670702179,0.9645803303004673,2.7314814814814814,2.006035052910053,2.6296296296296298,hippocampus,MTL
15,2,35,135,5,2.9814814814814814,1.4723031830090065,0.21478521478521478,img_0026,1.8569275589342842,0.029970029970029972,False,0.2557404015737349,0.975471367068169,3.75,2.7909734940984943,2.5185185185185186,hippocampus,MTL
15,2,36,135,5,0.3333333333333333,0.28787958841322436,0.9010989010989011,img_0035,0.921044472946112,0.17882117882117882,False,0.38009259259259276,0.9516744947674141,0.4807692307692308,0.29803240740740744,0.37037037037037035,hippocampus,MTL
15,2,37,135,5,10.546296296296296,0.2052966354321645,0.922077922077922,img_0292,0.6466859850110921,0.25874125874125875,False,0.0583676260977517,0.9990667928901386,11.064814814814815,10.41898784086284,10.555555555555555,hippocampus,MTL
15,2,38,135,5,5.87037037037037,0.8169024034903467,0.5044955044955045,img_0284,1.4592872964512447,0.07692307692307693,False,0.17026540710751226,0.9922250085196263,6.785714285714286,5.630341880341881,5.925925925925926,hippocampus,MTL
15,2,39,135,5,0.8055555555555556,0.2764880596374897,0.8811188811188811,img_0026,0.7756382442564276,0.2097902097902098,False,0.21422030350601795,0.9865182866417158,0.9722222222222222,0.7639524827024827,0.7777777777777778,hippocampus,MTL
15,2,40,135,5,1.9444444444444444,0.6090861423816072,0.6613386613386614,img_0292,1.0761061162302687,0.13986013986013987,False,0.21964555052790358,0.9798320033502874,2.361111111111111,1.8425035612535612,1.7407407407407407,hippocampus,MTL
15,2,41,135,5,1.0185185185185186,0.687103270354658,0.6153846153846154,img_0292,0.8826548966820472,0.17082917082917082,False,0.19275676246830087,0.9655942039555527,1.2037037037037037,0.9716816748066748,0.6666666666666666,hippocampus,MTL
15,2,42,135,5,2.1944444444444446,0.21907655431971568,0.9300699300699301,img_0035,0.7265749501294182,0.21578421578421578,False,0.13026506899055912,0.9949936496922188,2.451923076923077,2.1325231481481484,1.8888888888888888,hippocampus,MTL
15,2,43,135,5,0.8981481481481481,0.8053084315379964,0.5094905094905094,img_0058,0.7771097836422636,0.1918081918081918,False,0.2437042124542126,0.9504043834726945,1.1111111111111112,0.8403286528286529,1.4814814814814814,preSMA,MFC
15,2,44,135,5,0.24074074074074073,0.7303132300118063,0.6043956043956044,img_0058,0.6853346939380142,0.2817182817182817,False,0.3276098901098903,0.8842088492017774,0.32407407407407407,0.21790420227920226,0.4074074074074074,preSMA,MFC
15,2,45,135,5,0.6018518518518519,0.3657141523089138,0.8561438561438561,img_0058,0.8832146077360924,0.1998001998001998,False,0.23497596153846123,0.9785057548145445,0.7407407407407407,0.5666844729344729,0.9629629629629629,preSMA,MFC
15,2,46,135,5,1.5,0.4275321518987341,0.7852147852147852,img_0035,0.469965951070333,0.32367632367632365,False,0.10278555866791161,0.9865662668099567,1.6346153846153846,1.466600529100529,1.9259259259259258,preSMA,MFC
15,2,47,135,5,1.2314814814814814,0.6586230115988908,0.6213786213786214,img_0026,1.2057105702524813,0.0919080919080919,False,0.2713114091790563,0.9699322288485938,1.5740740740740742,1.1470098188848188,1.7037037037037037,preSMA,MFC
15,2,48,135,5,1.287037037037037,2.3316402518088752,0.052947052947052944,img_0292,1.8192287318581428,0.026973026973026972,False,0.33393580104106413,0.920239171609454,1.7592592592592593,1.1717796092796093,1.2222222222222223,preSMA,MFC
15,2,49,135,5,8.324074074074074,0.5658596913476205,0.7002997002997003,img_0058,0.9885204760926448,0.15884115884115885,False,0.0803535657051282,0.9972984421881433,8.88888888888889,8.174634971509972,7.703703703703703,preSMA,MFC
15,2,50,135,5,2.5833333333333335,1.2033955953248392,0.3206793206793207,img_0058,1.5900518576235803,0.04695304695304695,False,0.3328513591671487,0.9579838507051028,3.5185185185185186,2.3473748473748475,2.7037037037037037,preSMA,MFC
15,2,51,135,5,0.26851851851851855,0.5552789109720642,0.7152847152847153,img_0035,0.5702628631155682,0.2777222777222777,False,0.25075585789871524,0.8965663137529883,0.33653846153846156,0.25214947089947093,0.4074074074074074,preSMA,MFC
15,2,52,135,5,1.7962962962962963,0.6907952219553636,0.6193806193806194,img_0026,1.2278579303262247,0.06493506493506493,False,0.2388965201465203,0.9608015762884662,2.2222222222222223,1.6913410663410662,2.6296296296296298,preSMA,MFC
15,2,53,135,5,3.6481481481481484,1.485382543480408,0.23576423576423577,img_0284,1.4381038342876433,0.06693306693306693,False,0.24930171498798948,0.9702938617815042,4.553571428571429,3.418358262108262,3.3703703703703702,preSMA,MFC
15,2,54,135,5,1.7592592592592593,0.4241709262504279,0.7932067932067932,img_0284,0.850668366953571,0.16883116883116883,False,0.22492283950617287,0.9828239495198751,2.142857142857143,1.6608796296296295,1.8518518518518519,preSMA,MFC
16,2,0,108,5,0.6828703703703703,23.734574893980025,0.000999000999000999,img_0020,5.185990216900286,0.000999000999000999,True,0.9232103645147123,0.33039669427158946,2.6785714285714284,0.20568652362130624,0.5092592592592593,amygdala,MTL
16,2,1,108,5,0.4976851851851852,2.8631297021329254,0.02097902097902098,img_0020,1.782356043223824,0.016983016983016984,True,0.5445652173913044,0.7533875828872434,0.8928571428571429,0.40663819875776397,0.09259259259259259,amygdala,MTL
16,2,2,108,5,0.4398148148148148,0.15930051264000558,0.962037962037962,img_0043,0.42922935556024794,0.31868131868131866,False,0.22134387351778662,0.9789867653897395,0.5357142857142857,0.4171372106154715,0.5555555555555556,amygdala,MTL
16,2,3,108,5,0.4050925925925926,2.914492527598158,0.016983016983016984,img_0020,2.20154718145363,0.003996003996003996,True,0.6383046301524562,0.756912787935335,0.8333333333333334,0.30141280820628646,0.5555555555555556,amygdala,MTL
16,2,4,108,5,2.1296296296296298,0.6316886954563652,0.6673326673326674,img_0020,0.8847458818165878,0.17882117882117882,False,0.12971837944664055,0.9878152156250187,2.380952380952381,2.0720990965556183,2.824074074074074,amygdala,MTL
16,2,5,108,5,6.041666666666667,2.276298580219673,0.06693306693306693,img_0026,1.4866445704926612,0.06593406593406594,False,0.20672017754163163,0.9792576196565828,7.261904761904762,5.760722520233389,6.388888888888889,amygdala,MTL
16,2,6,108,5,0.2662037037037037,0.6122555142177736,0.6623376623376623,img_0043,0.8233271620862415,0.23276723276723277,False,0.3192523056653491,0.9187684580717506,0.35714285714285715,0.2431241765480896,0.46296296296296297,amygdala,MTL
16,2,7,108,5,0.6481481481481481,4.348534465961062,0.003996003996003996,img_0026,2.514247815975894,0.005994005994005994,True,0.5929324298889517,0.7794051535241114,1.25,0.5088344626388105,0.6018518518518519,amygdala,MTL
16,2,8,108,5,0.6597222222222222,1.0430297638890371,0.35764235764235763,img_0026,0.5005315329683686,0.3086913086913087,False,0.18162815445424152,0.9238298123540576,0.7738095238095238,0.6332639281008846,0.46296296296296297,amygdala,MTL
16,2,9,108,5,2.5694444444444446,1.8754209935447652,0.1258741258741259,img_0026,2.618678963841902,0.005994005994005994,False,0.3034290271132376,0.9658063443699759,3.392857142857143,2.3633658008658007,2.175925925925926,amygdala,MTL
16,2,10,108,5,0.3819444444444444,1.8562213022665113,0.11788211788211789,img_0043,1.9174841329110663,0.012987012987012988,False,0.5121272008623788,0.8422280726063459,0.6547619047619048,0.31944052324487104,0.1388888888888889,amygdala,MTL
16,2,11,108,5,1.25,2.655392277174299,0.03296703296703297,img_0043,2.292683157376149,0.006993006993006993,True,0.47382876075331315,0.8770224576623032,2.0238095238095237,1.0648703651421043,0.6944444444444444,amygdala,MTL
16,2,12,108,5,0.19675925925925927,0.24511701573185996,0.9310689310689311,img_0020,0.42217590027345453,0.37662337662337664,False,0.2149209486166006,0.946054813314746,0.23809523809523808,0.1869235836627141,0.09259259259259259,amygdala,MTL
16,2,13,108,5,0.09259259259259259,2.83407648202732,0.022977022977022976,img_0020,2.0937161655179426,0.00999000999000999,True,0.8566205533596838,0.446202124564081,0.2976190476190476,0.04267245435723696,0.09259259259259259,amygdala,MTL
16,2,14,108,5,0.24305555555555555,0.6154426416879929,0.6723276723276723,img_0043,0.9598800205824097,0.13286713286713286,False,0.5127046866177302,0.8617378436659981,0.4166666666666667,0.2030397139092791,0.2777777777777778,amygdala,MTL
16,2,15,108,5,5.173611111111111,31.610369592672942,0.000999000999000999,img_0043,9.55485828593502,0.000999000999000999,True,0.651741938270805,0.7696885995492085,10.892857142857142,3.7935253152644455,3.564814814814815,amygdala,MTL
16,2,16,108,5,0.09259259259259259,0.5558237866149806,0.7052947052947053,img_0020,1.0391057871748677,0.16983016983016982,False,0.5981554677206851,0.7906020596538581,0.17857142857142858,0.0717579521927348,0.23148148148148148,amygdala,MTL
16,2,17,108,5,1.5509259259259258,3.0135797460919127,0.01998001998001998,img_0004,1.6402608979817361,0.03596403596403597,True,0.35632559660019614,0.9087992976990299,2.159090909090909,1.389751552795031,1.2037037037037037,amygdala,MTL
16,2,18,108,5,5.347222222222222,1.4820067381606978,0.22077922077922077,img_0020,1.3090197725833759,0.1108891108891109,False,0.1931119024535759,0.9810070031527846,6.309523809523809,5.091079663090532,4.398148148148148,amygdala,MTL
16,2,19,108,5,0.08101851851851852,1.300825898790527,0.2967032967032967,img_0020,1.3346567332754473,0.025974025974025976,False,0.8288043478260869,0.3864714871712379,0.23809523809523808,0.04076086956521739,0.046296296296296294,amygdala,MTL
16,2,20,108,5,0.46296296296296297,2.8338291146735086,0.030969030969030968,img_0020,2.4545025840737122,0.000999000999000999,True,0.6338624011857706,0.7005485045104775,0.9523809523809523,0.34870247506117075,0.32407407407407407,amygdala,MTL
16,2,21,108,5,3.6805555555555554,0.34015861597602015,0.8261738261738262,img_0004,0.9274013393494495,0.17582417582417584,False,0.10939550345551585,0.9957865681698308,4.034090909090909,3.5927795031055902,3.1018518518518516,amygdala,MTL
16,2,22,108,5,0.30092592592592593,0.35316653450634633,0.8451548451548452,img_0020,0.9845182571359442,0.11988011988011989,False,0.3466967814793902,0.9502324051399601,0.4166666666666667,0.27220967438358745,0.18518518518518517,amygdala,MTL
16,2,23,108,5,0.15046296296296297,2.1737588254652103,0.07292707292707293,img_0004,1.551858382080198,0.03596403596403597,False,0.6944444444444444,0.5417357656163627,0.3409090909090909,0.10416666666666667,0.2777777777777778,amygdala,MTL
16,2,24,108,5,6.354166666666667,1.003356772266373,0.3906093906093906,img_0004,2.0355286312750676,0.02097902097902098,False,0.1585064052795031,0.9930819920909151,7.2727272727272725,6.119953416149069,7.083333333333333,amygdala,MTL
16,2,25,108,5,2.5694444444444446,1.4153089187306578,0.24375624375624375,img_0043,1.5667761850737731,0.06493506493506493,False,0.22935155492579606,0.9771603420896477,3.1547619047619047,2.4312123564840955,2.7314814814814814,amygdala,MTL
16,2,26,108,5,0.7060185185185185,1.310251287925157,0.2727272727272727,img_0043,1.4492628987699248,0.05194805194805195,False,0.4660911171208654,0.8746637446445233,1.130952380952381,0.6038255223037832,0.5092592592592593,amygdala,MTL
16,2,27,108,5,17.743055555555557,0.9415085144883812,0.45854145854145856,img_0004,1.7785484309665698,0.03896103896103896,False,0.08569574487809417,0.998212911335703,19.03409090909091,17.402950310559007,17.083333333333332,hippocampus,MTL
16,2,28,108,5,6.81712962962963,1.572610372582155,0.16783216783216784,img_0020,1.8422061964361889,0.03196803196803197,False,0.165521319918553,0.9894383859779565,7.857142857142857,6.5566182006399405,6.9907407407407405,hippocampus,MTL
16,2,29,108,5,7.430555555555555,1.4117643995819427,0.22677322677322678,img_0004,1.8545725574466658,0.03896103896103896,False,0.15131240707546523,0.9906175914063403,8.465909090909092,7.184912008281573,8.61111111111111,hippocampus,MTL
16,2,30,108,5,25.60185185185185,5.685714291937001,0.001998001998001998,img_0021,4.405816035040735,0.000999000999000999,True,0.1954862163569524,0.9903730837543043,30.27173913043478,24.354031385281388,28.47222222222222,hippocampus,MTL
16,2,31,108,5,4.479166666666667,2.2166096897525622,0.07292707292707293,img_0004,1.6805477290928903,0.04995004995004995,False,0.1792578089837069,0.9798071723690654,5.2272727272727275,4.290243271221532,4.074074074074074,hippocampus,MTL
16,2,32,108,5,8.703703703703704,2.7836022120610866,0.026973026973026972,img_0043,2.049666464774548,0.01898101898101898,True,0.16618623851065317,0.9846563212834163,10.05952380952381,8.387769386410692,6.666666666666667,hippocampus,MTL
17,2,0,135,5,3.685185185185185,0.21330405267494687,0.9300699300699301,img_0247,0.4325924728983505,0.3036963036963037,False,0.05027164910885862,0.9974523208073426,3.8392857142857144,3.64627849002849,3.3703703703703702,dACC,MFC
17,2,1,135,5,1.6851851851851851,0.7524424357328342,0.5544455544455544,img_0056,1.073740820030211,0.11388611388611389,False,0.239453601953602,0.9761517896908012,2.0833333333333335,1.5844716625966626,1.3333333333333333,dACC,MFC
17,2,2,135,5,8.62037037037037,0.7661737320111016,0.5464535464535465,img_0020,1.822560152466304,0.04095904095904096,False,0.11518024658268566,0.9959724139830456,9.49074074074074,8.397594881969882,8.333333333333334,dACC,MFC
17,2,3,135,5,0.19444444444444445,1.3541543961678952,0.25274725274725274,img_0023,1.259623262661697,0.07192807192807193,False,0.5246598639455783,0.7597983250521458,0.33653846153846156,0.15997023809523808,0.4074074074074074,amygdala,MTL
17,2,4,135,5,3.361111111111111,1.7073013218749677,0.15484515484515485,img_0023,1.3281254908101654,0.06793206793206794,False,0.2548175204425205,0.9623488843941652,4.230769230769231,3.1526951058201056,2.5925925925925926,amygdala,MTL
17,2,5,135,5,1.6759259259259258,0.452321873023266,0.7712287712287712,img_0020,0.9965995050765203,0.14285714285714285,False,0.19730705341170474,0.9826462061659917,1.9907407407407407,1.597953551078551,1.2222222222222223,amygdala,MTL
17,2,6,135,5,2.8796296296296298,2.2438973572477012,0.054945054945054944,img_0023,1.9605644787491734,0.024975024975024976,False,0.29921806978768994,0.9495113277101589,3.798076923076923,2.661623677248677,2.7777777777777777,amygdala,MTL
17,2,7,135,5,13.0,2.521170540701535,0.04095904095904096,img_0020,1.743220312611002,0.030969030969030968,True,0.31447824117372003,0.9311248766012095,17.40740740740741,11.933156542531544,23.814814814814813,amygdala,MTL
17,2,8,135,5,0.25925925925925924,0.3106979814603031,0.906093906093906,img_0056,0.7985304589701774,0.1888111888111888,False,0.37448489010989006,0.9327836684115236,0.37037037037037035,0.2316722629222629,0.18518518518518517,amygdala,MTL
17,2,9,135,5,0.5648148148148148,1.037888987530063,0.3726273726273726,img_0023,1.4356652527526876,0.052947052947052944,False,0.42967372134038784,0.9250214631955237,0.8653846153846154,0.4935515873015873,0.6666666666666666,preSMA,MFC
17,2,10,135,5,1.9166666666666667,2.0862182335726,0.06793206793206794,img_0009,1.4187069618000254,0.059940059940059943,False,0.32843161302982726,0.9119078634660756,2.5925925925925926,1.7411032254782257,2.962962962962963,preSMA,MFC
17,2,11,135,5,0.8981481481481481,0.47459425194157817,0.8631368631368631,img_0056,0.5444294635557537,0.24875124875124874,False,0.3507580382580382,0.9229465467728677,1.25,0.8115524521774522,1.1111111111111112,preSMA,MFC
17,2,12,135,5,0.5462962962962963,1.1223118558304463,0.3756243756243756,img_0020,1.0915164123378478,0.11688311688311688,False,0.32984203296703285,0.9051039673116154,0.7407407407407407,0.4964133089133089,0.4444444444444444,preSMA,MFC
18,2,0,135,5,2.0462962962962963,0.9594973369462404,0.4065934065934066,img_0055,1.4695916878960142,0.06293706293706294,False,0.2448462613556952,0.9783155971167075,2.548076923076923,1.9241898148148149,2.074074074074074,dACC,MFC
18,2,1,135,5,3.0833333333333335,3.3818644597815757,0.012987012987012988,img_0299,2.3685146958654864,0.007992007992007992,True,0.33240248762226776,0.932651049486438,4.212962962962963,2.8125635938135938,2.2962962962962963,dACC,MFC
18,2,2,135,5,1.7037037037037037,2.029145516255044,0.07792207792207792,img_0299,1.9006952277123128,0.015984015984015984,False,0.3279120879120879,0.9448990889256889,2.314814814814815,1.5557590557590557,1.4444444444444444,dACC,MFC
18,2,3,135,5,2.490740740740741,2.8688981803104086,0.03396603396603397,img_0299,2.4331971432111446,0.00999000999000999,True,0.25871646735617326,0.9675074040420093,3.1481481481481484,2.3336703805453807,3.0,dACC,MFC
18,2,4,135,5,1.7222222222222223,1.597615311830015,0.17582417582417584,img_0309,1.6661853027506066,0.054945054945054944,False,0.2782738095238093,0.9602684371054624,2.2222222222222223,1.603835978835979,1.9259259259259258,dACC,MFC
18,2,5,135,5,0.3333333333333333,0.7999553194658166,0.5654345654345654,img_0036,0.987217400665588,0.14285714285714285,False,0.4280719280719282,0.8900416518232993,0.5092592592592593,0.29125966625966626,0.3333333333333333,dACC,MFC
18,2,6,135,5,4.018518518518518,3.2257053742220343,0.015984015984015984,img_0299,2.3341403919735644,0.002997002997002997,True,0.29629964333911707,0.949460410945158,5.277777777777778,3.713974104599105,2.7777777777777777,dACC,MFC
18,2,7,135,5,1.2222222222222223,0.8713317159814591,0.4905094905094905,img_0055,1.120808774504939,0.12487512487512488,False,0.25628306878306883,0.9622208806281325,1.5384615384615385,1.1441798941798942,0.8148148148148148,dACC,MFC
18,2,8,135,5,3.814814814814815,3.222082224509002,0.001998001998001998,img_0055,2.030321779475423,0.001998001998001998,True,0.45111111111111113,0.9113867055376726,6.009615384615385,3.2986111111111116,4.148148148148148,dACC,MFC
18,2,9,135,5,5.453703703703703,3.541329823842338,0.007992007992007992,img_0309,2.257493837528762,0.007992007992007992,True,0.29622917405175453,0.9430326061557327,7.175925925925926,5.050207315832316,5.148148148148148,dACC,MFC
18,2,10,135,5,9.222222222222221,0.3857266207214561,0.8081918081918081,img_0299,1.0226736810074177,0.15584415584415584,False,0.10743585542897471,0.9967506658108445,10.092592592592593,9.008286273911274,9.074074074074074,dACC,MFC
18,2,11,135,5,0.2777777777777778,1.5623051933540495,0.18681318681318682,img_0016,1.2052845671220958,0.07792207792207792,False,0.5449365449365449,0.7631435611263817,0.49107142857142855,0.22346866096866097,0.14814814814814814,dACC,MFC
18,2,12,135,5,2.6944444444444446,0.38651556749732685,0.8121878121878122,img_0036,0.8989443709787124,0.17482517482517482,False,0.14738386613386623,0.9913351415760377,3.0555555555555554,2.6052159645909647,3.4444444444444446,dACC,MFC
18,2,13,135,5,0.49074074074074076,1.286667899687461,0.24775224775224775,img_0309,1.1848744778674696,0.04895104895104895,False,0.6752269469660774,0.7079746325343678,1.0648148148148149,0.3458231583231583,0.6296296296296297,dACC,MFC
18,2,14,135,5,1.1666666666666667,1.5860520705471906,0.17282717282717283,img_0055,1.1090804324656576,0.11388611388611389,False,0.2359347442680777,0.9342343155506679,1.4423076923076923,1.1020171957671958,1.6666666666666667,dACC,MFC
18,2,15,135,5,1.1481481481481481,1.9005342926122497,0.0919080919080919,img_0055,2.3317891450622494,0.006993006993006993,False,0.3924981103552533,0.9377574667659261,1.6826923076923077,1.0222387566137565,1.2962962962962963,dACC,MFC
18,2,16,135,5,0.3148148148148148,0.9674668261290523,0.3886113886113886,img_0309,0.9913442148270544,0.14685314685314685,False,0.30494505494505497,0.9095228741983142,0.4166666666666667,0.2896062271062271,0.48148148148148145,dACC,MFC
18,2,17,135,5,0.6203703703703703,1.3473008059109077,0.25074925074925075,img_0299,1.1973898174105646,0.09090909090909091,False,0.41541895604395607,0.8740998466222406,0.9259259259259259,0.5412787444037443,0.6666666666666666,dACC,MFC
18,2,18,135,5,0.3148148148148148,0.5115615680887518,0.7122877122877123,img_0036,0.9031700674011871,0.13686313686313686,False,0.39965659340659343,0.9031273304269585,0.46296296296296297,0.2779367623117623,0.14814814814814814,dACC,MFC
18,2,19,135,5,1.6666666666666667,3.770982591836103,0.008991008991008992,img_0036,3.1766561217516927,0.000999000999000999,True,0.474220822281167,0.9093627657015988,2.685185185185185,1.4118144586894588,1.6666666666666667,amygdala,MTL
18,2,20,135,5,0.5277777777777778,1.103946856772519,0.33666333666333664,img_0055,0.8395413597679265,0.16383616383616384,False,0.26795162509448234,0.9184009801242938,0.6730769230769231,0.49272486772486773,0.5555555555555556,amygdala,MTL
18,2,21,135,5,0.2222222222222222,1.0460389109504933,0.3926073926073926,img_0016,0.8608889691408356,0.1878121878121878,False,0.36467236467236464,0.8414176757458836,0.3125,0.19853988603988604,0.18518518518518517,amygdala,MTL
18,2,22,135,5,1.2222222222222223,1.8827971464802784,0.0999000999000999,img_0036,1.6871825552285251,0.027972027972027972,False,0.4222870879120879,0.9176031653117261,1.8518518518518519,1.069838726088726,1.2222222222222223,amygdala,MTL
18,2,23,135,5,0.3888888888888889,1.178812451831245,0.32667332667332666,img_0309,1.001521156957909,0.11688311688311688,False,0.3744276556776557,0.8557179163741802,0.5555555555555556,0.3475401912901913,0.37037037037037035,amygdala,MTL
18,2,24,135,5,0.6111111111111112,1.7336682640284444,0.14485514485514486,img_0309,1.8132975804464124,0.027972027972027972,False,0.46399136577708,0.889039611023431,0.9722222222222222,0.5211195054945055,0.5185185185185185,amygdala,MTL
18,2,25,135,5,1.1851851851851851,4.447973240924931,0.003996003996003996,img_0309,3.4907863548233227,0.000999000999000999,True,0.5242726023976024,0.8751773836768304,2.037037037037037,0.9690743284493285,1.2222222222222223,amygdala,MTL
18,2,26,135,5,0.12962962962962962,0.24293845671238717,0.9470529470529471,img_0036,0.4608518483851177,0.3176823176823177,False,0.37929258241758224,0.8934174021033753,0.18518518518518517,0.11494581807081806,0.18518518518518517,amygdala,MTL
18,2,27,135,5,0.25,0.7424004014297838,0.5634365634365635,img_0309,1.4312934303113496,0.04895104895104895,False,0.5027472527472527,0.8762182290320657,0.4166666666666667,0.20718864468864467,0.2962962962962963,amygdala,MTL
18,2,28,135,5,11.185185185185185,2.6111218682286848,0.03196803196803197,img_0299,2.1158698466419694,0.015984015984015984,True,0.20288175366300365,0.9857716640570361,13.333333333333334,10.628243284493283,11.296296296296296,amygdala,MTL
18,2,29,135,5,0.09259259259259259,0.5701881897775933,0.6413586413586414,img_0055,0.7511776639460456,0.30569430569430567,False,0.44113756613756616,0.8248250283921972,0.14423076923076922,0.08060515873015874,0.037037037037037035,amygdala,MTL
18,2,30,135,5,1.2222222222222223,1.0801556186049284,0.37462537462537465,img_0309,1.3338534026682616,0.07292707292707293,False,0.3077904238618526,0.9583669928370007,1.6203703703703705,1.1216358872608871,1.1111111111111112,amygdala,MTL
18,2,31,135,5,0.23148148148148148,1.5682509427081557,0.17282717282717283,img_0309,1.6879421605742544,0.022977022977022976,False,0.6275412087912088,0.7770478292144004,0.46296296296296297,0.17243462555962558,0.3333333333333333,amygdala,MTL
18,2,32,135,5,1.1388888888888888,0.6810286217993302,0.6103896103896104,img_0036,0.5881933015947199,0.2517482517482518,False,0.14894034536891687,0.9769462939273756,1.2962962962962963,1.1032254782254782,1.1851851851851851,amygdala,MTL
18,2,33,135,5,0.18518518518518517,7.467124449864757,0.000999000999000999,img_0055,2.847391572069609,0.000999000999000999,True,0.9197530864197531,0.33125401445493113,0.7211538461538461,0.05787037037037037,0.14814814814814814,amygdala,MTL
18,2,34,135,5,0.17592592592592593,1.1348725281443128,0.3756243756243756,img_0036,0.9865174144132066,0.16483516483516483,False,0.46119505494505497,0.7924966636400981,0.2777777777777778,0.1496680402930403,0.037037037037037035,amygdala,MTL
18,2,35,135,5,0.2037037037037037,5.256752716037059,0.000999000999000999,img_0055,2.321022618141008,0.000999000999000999,True,0.9465020576131687,0.28655394392400263,0.8653846153846154,0.046296296296296294,0.14814814814814814,amygdala,MTL
18,2,36,135,5,0.49074074074074076,1.930369203577564,0.1048951048951049,img_0309,1.5369946364412066,0.02197802197802198,False,0.5913804945054945,0.7707371704802419,0.9259259259259259,0.378351393976394,0.18518518518518517,amygdala,MTL
18,2,37,135,5,0.2777777777777778,0.38719756102834707,0.8281718281718282,img_0299,0.3758840869401838,0.4095904095904096,False,0.1833791208791209,0.9425160371330706,0.32407407407407407,0.2646456552706553,0.25925925925925924,amygdala,MTL
18,2,38,135,5,0.046296296296296294,1.0349489284998992,0.5154845154845155,img_0016,1.1089704864146361,0.10589410589410589,False,0.8271604938271605,0.4617788165826056,0.13392857142857142,0.023148148148148147,0.0,amygdala,MTL
18,2,39,135,5,0.10185185185185185,1.6982520699171977,0.1258741258741259,img_0309,0.91639607404078,0.16283716283716285,False,0.5714285714285715,0.5911975435005116,0.18518518518518517,0.07936507936507936,0.037037037037037035,amygdala,MTL
18,2,40,135,5,1.3518518518518519,1.09039582349429,0.3436563436563437,img_0055,1.5700990726562594,0.053946053946053944,False,0.2718070252792476,0.967714524903768,1.7307692307692308,1.2603339947089947,1.7777777777777777,amygdala,MTL
18,2,41,135,5,0.17592592592592593,0.1413375903209545,0.968031968031968,img_0036,0.4890992580158133,0.3436563436563437,False,0.2994505494505494,0.9620874104743417,0.23148148148148148,0.16216422466422464,0.14814814814814814,amygdala,MTL
18,2,42,135,5,0.1574074074074074,0.7516518638323263,0.5664335664335665,img_0299,0.8807921192823249,0.15284715284715283,False,0.39601648351648355,0.8378349307927745,0.23148148148148148,0.13981099918599918,0.037037037037037035,amygdala,MTL
18,2,43,135,5,0.6759259259259259,1.234194261247886,0.3066933066933067,img_0036,1.6290940786085841,0.03796203796203796,False,0.4196428571428572,0.9317180440250171,1.0185185185185186,0.5911044973544973,0.5185185185185185,amygdala,MTL
18,2,44,135,5,0.14814814814814814,0.8596866332446605,0.5014985014985015,img_0309,1.2472974139436157,0.06493506493506493,False,0.5784111721611721,0.7733778089879751,0.2777777777777778,0.11710800773300774,0.2222222222222222,amygdala,MTL
18,2,45,135,5,1.6759259259259258,2.0078483582021494,0.1048951048951049,img_0309,1.6026981763461507,0.054945054945054944,False,0.34196428571428583,0.9452348343623522,2.314814814814815,1.52323082010582,1.8148148148148149,amygdala,MTL
18,2,46,135,5,6.564814814814815,1.958774790151906,0.0999000999000999,img_0299,2.011047025030307,0.02197802197802198,False,0.20847204266321917,0.9840209164395765,7.87037037037037,6.229618182743183,6.185185185185185,amygdala,MTL
18,2,47,135,5,0.12962962962962962,0.6256479233646072,0.6783216783216783,img_0299,0.46362084201440595,0.33766233766233766,False,0.3816964285714285,0.7819196486242087,0.18518518518518517,0.11450066137566138,0.14814814814814814,amygdala,MTL
18,2,48,135,5,0.8148148148148148,1.6787005102342094,0.13986013986013987,img_0016,2.117189015736663,0.001998001998001998,False,0.5194375516956162,0.8267948071913696,1.3839285714285714,0.6650641025641026,0.4074074074074074,amygdala,MTL
18,2,49,135,5,0.14814814814814814,1.8468685937886098,0.12387612387612387,img_0299,1.9341526767991217,0.017982017982017984,False,0.6743524332810047,0.6910863768402259,0.32407407407407407,0.10553393365893365,0.1111111111111111,amygdala,MTL
18,2,50,135,5,0.9537037037037037,0.47479794381193885,0.7662337662337663,img_0055,0.8092297570529143,0.17282717282717283,False,0.25748677248677254,0.9674316358846845,1.2019230769230769,0.8924437830687831,0.8888888888888888,hippocampus,MTL
18,2,51,135,5,1.1481481481481481,1.368585782429277,0.22877122877122877,img_0055,1.4789346801561876,0.04695304695304695,False,0.4406728156728157,0.9154252481613135,1.7788461538461537,0.9949570105820107,1.1111111111111112,hippocampus,MTL
18,2,52,135,5,0.25925925925925924,0.794210396466618,0.5604395604395604,img_0036,0.9864318611598465,0.1068931068931069,False,0.5477335164835165,0.8131214620824205,0.46296296296296297,0.20938263125763124,0.2222222222222222,hippocampus,MTL
18,2,53,135,5,12.435185185185185,2.436259089663136,0.05094905094905095,img_0299,2.4914175991251004,0.013986013986013986,False,0.2213050710757134,0.9790495832551078,15.13888888888889,11.788576007326007,13.0,hippocampus,MTL
18,2,54,135,5,2.425925925925926,1.2376713258329564,0.2987012987012987,img_0016,1.452824185661077,0.04095904095904096,False,0.4347475371571756,0.9029251862517355,3.705357142857143,2.094462250712251,2.5925925925925926,hippocampus,MTL
18,2,55,135,5,0.32407407407407407,1.6626980811540943,0.15384615384615385,img_0055,1.6942144385166868,0.026973026973026972,False,0.5985449735449736,0.7868145859436136,0.625,0.2509093915343915,0.3333333333333333,hippocampus,MTL
18,2,56,135,5,1.3518518518518519,12.556445593350812,0.000999000999000999,img_0016,4.096668281301653,0.000999000999000999,True,0.8674919963579757,0.4366268363275464,4.330357142857143,0.57380698005698,0.7037037037037037,hippocampus,MTL
18,2,57,135,5,1.0,0.9394384042900383,0.43956043956043955,img_0055,1.031373048423179,0.12287712287712288,False,0.282872819909857,0.9498720785398558,1.2980769230769231,0.9308862433862434,1.0,hippocampus,MTL
18,2,58,135,5,0.26851851851851855,0.3702350963455829,0.8291708291708292,img_0016,0.7168358605744889,0.22877122877122877,False,0.31071937321937326,0.9315611693851515,0.35714285714285715,0.24617165242165245,0.3333333333333333,hippocampus,MTL
18,2,59,135,5,1.4074074074074074,1.07012673202842,0.37662337662337664,img_0036,1.4810864974214546,0.04695304695304695,False,0.3850992757242757,0.9477001210189641,2.037037037037037,1.2525755494505495,1.037037037037037,hippocampus,MTL
18,2,60,135,5,0.28703703703703703,0.83477695495019,0.4865134865134865,img_0309,1.2543037838969122,0.09290709290709291,False,0.4728021978021978,0.8838208668428071,0.46296296296296297,0.24407305657305656,0.2962962962962963,hippocampus,MTL
18,2,61,135,5,0.1111111111111111,1.5023952095808415,0.2017982017982018,img_0309,1.242048794398804,0.08791208791208792,False,0.6423076923076922,0.6251940896568997,0.23148148148148148,0.08279914529914531,0.18518518518518517,hippocampus,MTL
18,2,62,135,5,6.287037037037037,1.1743022174747288,0.33966033966033965,img_0036,1.598462180632892,0.053946053946053944,False,0.18829842032967048,0.9887305438753298,7.407407407407407,6.012604293854293,5.7407407407407405,hippocampus,MTL
18,2,63,135,5,1.6296296296296295,0.8427064382490548,0.4965034965034965,img_0036,1.389221381957285,0.08191808191808192,False,0.27069597069597073,0.976992364003216,2.0833333333333335,1.5193833943833943,1.7407407407407407,hippocampus,MTL
18,2,64,135,5,0.4351851851851852,0.3026870419182986,0.8841158841158842,img_0055,0.5719383785302297,0.26873126873126874,False,0.21759259259259256,0.965319645746252,0.5288461538461539,0.41377314814814814,0.6296296296296297,hippocampus,MTL
18,2,65,135,5,0.9074074074074074,0.735544258784401,0.5764235764235764,img_0036,0.9699595105625919,0.13386613386613386,False,0.2691483516483516,0.9548474270349481,1.1574074074074074,0.8458931115181115,0.9629629629629629,hippocampus,MTL
18,2,66,135,5,0.18518518518518517,1.4328157945179203,0.20279720279720279,img_0309,1.254192785275742,0.07492507492507493,False,0.5274725274725275,0.7006939168312819,0.32407407407407407,0.15313390313390313,0.1111111111111111,hippocampus,MTL
18,2,67,135,5,1.2685185185185186,1.5472191933981994,0.17682317682317683,img_0036,1.7187105481208376,0.03396603396603397,False,0.32386026136026136,0.9522088976896563,1.712962962962963,1.15820233007733,1.2592592592592593,hippocampus,MTL
18,2,68,135,5,0.25925925925925924,0.7102488003940935,0.5854145854145855,img_0055,1.2112852098819744,0.1028971028971029,False,0.4955908289241624,0.8876127741881799,0.4326923076923077,0.21825396825396826,0.3333333333333333,hippocampus,MTL
18,2,69,135,5,1.037037037037037,1.3124058762847606,0.26673326673326675,img_0055,1.256727084592409,0.08191808191808192,False,0.3742959549411161,0.921677569103274,1.4903846153846154,0.9325396825396826,1.0740740740740742,hippocampus,MTL
18,2,70,135,5,1.4166666666666667,0.37747471146168216,0.8041958041958042,img_0036,0.9842683461147849,0.12487512487512488,False,0.21640184140184138,0.9863056988714501,1.712962962962963,1.3422746235246235,1.037037037037037,hippocampus,MTL
18,2,71,135,5,0.3888888888888889,1.0187593627816065,0.45854145854145856,img_0036,0.8747419360783745,0.13786213786213786,False,0.4384509721048183,0.8353392522941484,0.6018518518518519,0.33796932234432236,0.5185185185185185,hippocampus,MTL
18,2,72,135,5,2.861111111111111,1.7332958583039082,0.16183816183816183,img_0055,1.9370758777160406,0.026973026973026972,False,0.2545061728395063,0.9717674349602613,3.605769230769231,2.6880787037037037,2.4074074074074074,hippocampus,MTL
18,2,73,135,5,1.4814814814814814,1.8663543990584288,0.10789210789210789,img_0309,1.158317426557504,0.12887112887112886,False,0.2466861263736262,0.9426616150551446,1.8518518518518519,1.395025691900692,1.2222222222222223,hippocampus,MTL
18,2,74,135,5,2.5555555555555554,0.5049952313129147,0.7552447552447552,img_0309,0.8499710795498073,0.1848151848151848,False,0.1529849119134834,0.9879917486250706,2.9166666666666665,2.4704606735856736,1.7777777777777777,hippocampus,MTL
18,2,75,135,5,0.10185185185185185,0.7265672000962564,0.5554445554445554,img_0055,0.47576589901122424,0.3756243756243756,False,0.3580246913580246,0.779368263892129,0.14423076923076922,0.09259259259259259,0.2962962962962963,hippocampus,MTL
18,2,76,135,5,1.8888888888888888,1.554661438782563,0.19080919080919082,img_0309,1.0971290398973352,0.13086913086913088,False,0.18432348901098905,0.9606495993652192,2.2222222222222223,1.812614468864469,2.5925925925925926,hippocampus,MTL
18,2,77,135,5,1.3981481481481481,1.083605672344232,0.3706293706293706,img_0016,1.3582228091468187,0.08591408591408592,False,0.27357549857549845,0.9628279351164242,1.7857142857142858,1.2971866096866098,1.1481481481481481,hippocampus,MTL
18,2,78,135,5,4.092592592592593,0.5832689935539923,0.6813186813186813,img_0055,1.2973849784757148,0.08091908091908091,False,0.16196954972465183,0.9922165484504333,4.711538461538462,3.9484126984126986,4.0,hippocampus,MTL
18,2,79,135,5,1.8518518518518519,1.287296682187379,0.2627372627372627,img_0036,1.227048095333295,0.0919080919080919,False,0.2276295133437991,0.9656337535138567,2.2685185185185186,1.7521367521367521,1.6296296296296295,hippocampus,MTL
18,2,80,135,5,0.5,0.8220525217009117,0.5214785214785215,img_0309,0.9701239297247467,0.11888111888111888,False,0.4023437499999999,0.9114294009484178,0.7407407407407407,0.44270833333333337,0.48148148148148145,hippocampus,MTL
18,2,81,135,5,2.5185185185185186,0.9926802542890674,0.4225774225774226,img_0036,1.2169751440034202,0.0989010989010989,False,0.20352916314454772,0.9792255865478161,3.009259259259259,2.3967872405372406,2.111111111111111,hippocampus,MTL
18,2,82,135,5,0.4074074074074074,0.3253738480826155,0.8631368631368631,img_0299,0.8003575780970071,0.1928071928071928,False,0.2469405594405596,0.963328928537135,0.5092592592592593,0.3835024928774929,0.3333333333333333,hippocampus,MTL
18,2,83,135,5,2.611111111111111,1.510494483491901,0.21678321678321677,img_0309,1.0965976895895309,0.12287712287712288,False,0.21610374919198438,0.9625555677020337,3.1481481481481484,2.4678215303215305,3.4074074074074074,preSMA,MFC
18,2,84,135,5,4.388888888888889,0.9046906628019087,0.47152847152847155,img_0036,1.4209295167091227,0.07192807192807193,False,0.26296932234432224,0.9799737850824833,5.555555555555555,4.094614875864876,5.592592592592593,preSMA,MFC
18,2,85,135,5,2.935185185185185,1.0067331070948442,0.3856143856143856,img_0055,1.036909006446938,0.12287712287712288,False,0.22802469135802483,0.9633861903643219,3.605769230769231,2.783564814814815,3.7037037037037037,preSMA,MFC
18,2,86,135,5,1.3148148148148149,1.0855541300610345,0.37162837162837165,img_0036,1.1962697044002508,0.08691308691308691,False,0.360147664835165,0.9308171798744055,1.8518518518518519,1.1849117317867317,1.5555555555555556,preSMA,MFC
18,2,87,135,5,0.5648148148148148,0.04423728657044435,0.999000999000999,img_0055,0.2073973459614323,0.4075924075924076,False,0.11970899470899465,0.9929071287367693,0.625,0.5501818783068784,0.2222222222222222,preSMA,MFC
18,2,88,135,5,0.5185185185185185,1.5326158534223415,0.1918081918081918,img_0036,1.8232649348833427,0.01898101898101898,False,0.5133386350491614,0.8502133288963489,0.8796296296296297,0.42808175620675626,1.4074074074074074,preSMA,MFC
18,2,89,135,5,2.0462962962962963,1.6045999488920315,0.1878121878121878,img_0055,1.6956724603835076,0.026973026973026972,False,0.4145378637566137,0.9320950624299233,3.076923076923077,1.8014219576719577,4.0,preSMA,MFC
18,2,90,135,5,6.287037037037037,1.9258347431770961,0.08391608391608392,img_0055,2.103401915451768,0.012987012987012988,False,0.32975150109981577,0.957967896205884,8.557692307692308,5.735780423280423,10.481481481481481,preSMA,MFC
18,2,91,135,5,1.8333333333333333,0.14958916484627463,0.9590409590409591,img_0036,0.46902889367431033,0.28771228771228774,False,0.09757538972655233,0.9957668098765331,1.9907407407407407,1.7964934371184371,2.0,preSMA,MFC
18,2,92,135,5,2.962962962962963,0.2298156774776138,0.9150849150849151,img_0036,0.5009948375962827,0.2897102897102897,False,0.16853838728838744,0.9838703031157412,3.425925925925926,2.8485258954008956,4.444444444444445,preSMA,MFC
18,2,93,135,5,0.3611111111111111,2.06141901732471,0.08691308691308691,img_0055,1.6606738287174234,0.015984015984015984,False,0.571334089191232,0.763390917916539,0.6730769230769231,0.2885251322751323,0.8888888888888888,preSMA,MFC
18,2,94,135,5,0.35185185185185186,1.7667734883152495,0.11588411588411589,img_0055,1.650962326953275,0.02097902097902098,False,0.5916005291005292,0.7883251118378596,0.6730769230769231,0.27488425925925924,0.4074074074074074,preSMA,MFC
18,2,95,135,5,0.16666666666666666,1.4262135922330064,0.24875124875124874,img_0309,1.1183543103953217,0.09290709290709291,False,0.6096938775510204,0.685949153465077,0.32407407407407407,0.12648809523809523,0.07407407407407407,preSMA,MFC
18,2,96,135,5,0.42592592592592593,0.4911570713599153,0.7452547452547452,img_0055,0.8352000939753281,0.18681318681318682,False,0.32220017636684295,0.9447775673186412,0.5769230769230769,0.3910383597883598,0.2222222222222222,preSMA,MFC
18,2,97,135,5,0.3055555555555556,1.0885606235028416,0.35664335664335667,img_0055,1.3385484346023113,0.07092907092907093,False,0.5247715247715249,0.8512387886152039,0.5288461538461539,0.2513227513227513,0.4074074074074074,preSMA,MFC
18,2,98,135,5,0.3611111111111111,0.43249733935482937,0.8181818181818182,img_0016,0.6105926806434037,0.2217782217782218,False,0.23917378917378906,0.943206062657476,0.44642857142857145,0.3396545584045584,0.4074074074074074,preSMA,MFC
18,2,99,135,5,2.1018518518518516,1.943789211686664,0.08791208791208792,img_0309,1.6985803052647672,0.02097902097902098,False,0.42484870202261515,0.9206431762774628,3.1944444444444446,1.8372888685388684,2.5925925925925926,preSMA,MFC
18,2,100,135,5,0.1574074074074074,0.7958904493987919,0.5004995004995005,img_0055,0.9743413758253033,0.21078921078921078,False,0.4291005291005292,0.8569988335833642,0.2403846153846154,0.13723544973544974,0.3333333333333333,preSMA,MFC
18,2,101,135,5,0.6481481481481481,0.6404103976862546,0.6203796203796204,img_0016,0.8279192590431834,0.17082917082917082,False,0.24659702437480213,0.9513369752803768,0.8035714285714286,0.6054131054131053,0.7407407407407407,preSMA,MFC
18,2,102,135,5,2.5925925925925926,0.8430568980152874,0.5024975024975025,img_0055,1.2906097583459217,0.0899100899100899,False,0.22710237293570623,0.9774429287498411,3.173076923076923,2.452463624338624,3.6666666666666665,preSMA,MFC
18,2,103,135,5,1.462962962962963,0.16665113357492042,0.9560439560439561,img_0055,0.6066631798101282,0.2677322677322677,False,0.12933784624961087,0.9941204849822544,1.6346153846153846,1.4231977513227514,2.037037037037037,preSMA,MFC
18,2,104,135,5,0.3425925925925926,0.5299722444721785,0.7192807192807192,img_0309,1.1767438100826462,0.09290709290709291,False,0.409527972027972,0.9419063399053235,0.5092592592592593,0.3007033475783476,0.5555555555555556,preSMA,MFC
18,2,105,135,5,1.2962962962962963,0.2563067949406369,0.9070929070929071,img_0299,0.6833724595600807,0.2177822177822178,False,0.15627146291208782,0.9893954497667885,1.4814814814814814,1.2499682030932031,1.5185185185185186,preSMA,MFC
18,2,106,135,5,1.537037037037037,0.36299278909416344,0.8291708291708292,img_0036,0.5374405711881091,0.2997002997002997,False,0.09895833333333326,0.9901875316776483,1.6666666666666667,1.5017361111111112,1.5185185185185186,preSMA,MFC
18,2,107,135,5,0.8981481481481481,0.6266687499455321,0.6623376623376623,img_0036,0.6281914536815861,0.2867132867132867,False,0.14507367632367618,0.9784199164959301,1.0185185185185186,0.8707582926332926,1.037037037037037,preSMA,MFC
18,2,108,135,5,0.9351851851851852,0.2166994311190402,0.938061938061938,img_0036,0.5114425991029331,0.3196803196803197,False,0.15041208791208804,0.9887284403260779,1.0648148148148149,0.9046537952787953,0.7407407407407407,preSMA,MFC
18,2,109,135,5,0.8796296296296297,1.4636035423080045,0.2037962037962038,img_0055,2.082251808318748,0.01098901098901099,False,0.42916194255479967,0.9337681165477201,1.3461538461538463,0.7684358465608465,0.7037037037037037,preSMA,MFC
18,2,110,135,5,0.35185185185185186,1.7367775710037032,0.12087912087912088,img_0309,1.837022540749013,0.012987012987012988,False,0.5217666948436179,0.8084207057920094,0.6018518518518519,0.28782560032560034,0.2962962962962963,preSMA,MFC
18,2,111,135,5,4.046296296296297,1.2068494482523942,0.3086913086913087,img_0016,1.1100804863402782,0.12487512487512488,False,0.14088598402323904,0.9859513635404749,4.553571428571429,3.912037037037037,2.7777777777777777,preSMA,MFC
18,2,112,135,5,3.8518518518518516,1.435582357396725,0.23876123876123875,img_0036,1.8984587628894718,0.024975024975024976,False,0.21053571428571427,0.9845883230651099,4.62962962962963,3.654927248677249,2.925925925925926,preSMA,MFC
18,2,113,135,5,0.28703703703703703,0.920726892068098,0.4775224775224775,img_0309,1.3426175890404808,0.07292707292707293,False,0.4774038461538461,0.8650130885010444,0.46296296296296297,0.24194266381766383,0.2962962962962963,preSMA,MFC
18,2,114,135,5,0.8333333333333334,0.7627508426508004,0.5594405594405595,img_0055,1.0543507539978016,0.13986013986013987,False,0.2633177008177008,0.9663721716532254,1.0576923076923077,0.7791832010582012,0.7407407407407407,preSMA,MFC
18,2,115,135,5,3.962962962962963,0.4395033853515022,0.7882117882117882,img_0036,1.0870708934319528,0.12987012987012986,False,0.13576722756410264,0.9951158994972304,4.444444444444445,3.8410345441595446,3.185185185185185,preSMA,MFC
18,2,116,135,5,0.3888888888888889,0.49197201726424433,0.7562437562437563,img_0036,0.45315312144091724,0.33166833166833165,False,0.2041895604395605,0.9368748053030739,0.46296296296296297,0.36843075905575906,0.25925925925925924,preSMA,MFC
18,2,117,135,5,0.23148148148148148,1.1954791117440673,0.33266733266733267,img_0036,1.4045554589855027,0.055944055944055944,False,0.47192651098901084,0.8290034963032283,0.37037037037037035,0.19558277370777372,0.3333333333333333,preSMA,MFC
19,2,0,108,5,3.4722222222222223,0.4384507677002126,0.7912087912087912,img_0224,0.537924190887831,0.2977022977022977,False,0.1144059245352349,0.9876501649600791,3.8157894736842106,3.379240551115551,3.1018518518518516,amygdala,MTL
19,2,1,108,5,1.2731481481481481,0.7431679957180006,0.5674325674325674,img_0224,1.1317501456977122,0.07992007992007992,False,0.30006884141499535,0.9499658339522842,1.7105263157894737,1.1972506660006659,1.3425925925925926,amygdala,MTL
19,2,2,108,5,0.3125,0.9307943890633399,0.46253746253746253,img_0194,0.6990005277157618,0.21178821178821178,False,0.3827475782362999,0.8341954113895967,0.4375,0.2700479345216188,0.46296296296296297,amygdala,MTL
19,2,3,108,5,2.175925925925926,0.5833667768654482,0.6883116883116883,img_0224,0.9729899794817111,0.15984015984015984,False,0.23156193400095826,0.9814001927593186,2.6973684210526314,2.072760572760573,2.037037037037037,amygdala,MTL
19,2,4,108,5,4.43287037037037,1.8315819111455387,0.13886113886113885,img_0194,1.749742243325792,0.03296703296703297,False,0.21159165192212948,0.9784361816594918,5.375,4.2376948709185545,4.583333333333333,amygdala,MTL
19,2,5,108,5,0.20833333333333334,1.0233484485877542,0.41358641358641357,img_0224,0.6732837268812647,0.23076923076923078,False,0.42005078255078254,0.7771229526620053,0.32894736842105265,0.1907727688977689,0.1388888888888889,hippocampus,MTL
19,2,6,108,5,1.8865740740740742,21.400818917911646,0.000999000999000999,img_0193,4.997716297326546,0.000999000999000999,True,0.6321500518296858,0.5919657917612252,3.9204545454545454,1.4421390013495277,0.046296296296296294,hippocampus,MTL
19,2,7,108,5,0.8101851851851852,0.7734363884134404,0.5604395604395604,img_0224,1.2309308209724024,0.08491508491508491,False,0.3273136177547943,0.9539636121275084,1.118421052631579,0.7523466117216118,1.1111111111111112,hippocampus,MTL
19,2,8,108,5,0.9027777777777778,0.2919564491385587,0.8941058941058941,img_0193,0.7097862323610165,0.21078921078921078,False,0.20704747699207537,0.9810444296522575,1.0795454545454546,0.856028291883555,0.6944444444444444,hippocampus,MTL
19,2,9,108,5,0.3472222222222222,0.8665695392516317,0.48451548451548454,img_0193,1.1681964428385052,0.0919080919080919,False,0.39811387442966395,0.8675558838776923,0.5113636363636364,0.3077826778484673,0.5092592592592593,hippocampus,MTL
19,2,10,108,5,1.6550925925925926,0.5009238301937153,0.7432567432567433,img_0194,1.1408966926397621,0.11288711288711288,False,0.2744677922696499,0.9770948613481732,2.125,1.5417559414269941,1.5740740740740742,hippocampus,MTL
20,2,0,135,5,2.240740740740741,1.24365801215913,0.3116883116883117,img_0169,1.2489249287165716,0.1008991008991009,False,0.20510446343779676,0.9743306656295768,2.6785714285714284,2.129184472934473,2.074074074074074,dACC,MFC
20,2,1,135,5,2.259259259259259,0.24384149677252256,0.9110889110889111,img_0126,0.8813177274478722,0.1838161838161838,False,0.1792823404665509,0.9912317304643746,2.638888888888889,2.1657827126577125,2.037037037037037,preSMA,MFC
20,2,2,135,5,2.7222222222222223,2.197104644588765,0.07392607392607392,img_0126,2.28757599005923,0.01098901098901099,False,0.4124391233766235,0.9212334533412561,4.074074074074074,2.3937665343915344,2.925925925925926,preSMA,MFC
20,2,3,135,5,2.1296296296296298,1.402611745495669,0.2597402597402597,img_0126,2.1334848077813553,0.00999000999000999,False,0.32225939383197444,0.9605121959619701,2.8703703703703702,1.9453665547415546,2.3703703703703702,preSMA,MFC
20,2,4,135,5,1.1481481481481481,0.20437457279562538,0.9440559440559441,img_0169,0.366994593778773,0.32867132867132864,False,0.10185185185185186,0.9881748071979435,1.25,1.1226851851851851,0.8888888888888888,amygdala,MTL
21,2,0,135,5,1.1759259259259258,0.36516221250054176,0.8481518481518482,img_0038,0.7973759557669396,0.2037962037962038,False,0.15308641975308634,0.9887415321172875,1.3392857142857142,1.1342592592592593,1.1111111111111112,dACC,MFC
21,2,1,135,5,1.3888888888888888,20.380227776869628,0.000999000999000999,img_0038,6.354376934600574,0.000999000999000999,True,0.8001005530417296,0.554142756543571,3.794642857142857,0.7585470085470085,1.1111111111111112,amygdala,MTL
21,2,2,135,5,1.0092592592592593,3.1077536022793057,0.012987012987012988,img_0340,2.444711068379438,0.002997002997002997,True,0.5885912698412699,0.8188619687528339,1.9230769230769231,0.7911706349206349,0.9259259259259259,hippocampus,MTL
21,2,3,135,5,0.49074074074074076,0.9336759697779238,0.4725274725274725,img_0340,1.0771226555010092,0.12287712287712288,False,0.33489229024943323,0.9367042672025643,0.6730769230769231,0.4476686507936508,0.7037037037037037,hippocampus,MTL
21,2,4,135,5,2.5555555555555554,0.5999463187275965,0.6743256743256744,img_0038,0.8740563345088593,0.17182817182817184,False,0.19831992626110262,0.9813680431158008,3.0357142857142856,2.4336716524216526,2.5185185185185186,hippocampus,MTL
21,2,5,135,5,0.6203703703703703,3.4338935395624683,0.013986013986013986,img_0326,2.675879870435002,0.002997002997002997,True,0.6297059422059422,0.7912705747114888,1.25,0.46286757224257224,0.5555555555555556,dACC,MFC
21,2,6,135,5,3.6666666666666665,1.8719096413697482,0.11188811188811189,img_0321,1.244951258719206,0.0969030969030969,False,0.16479742784687823,0.9781877722547804,4.212962962962963,3.5186775030525026,3.4444444444444446,dACC,MFC
21,2,7,135,5,2.6203703703703702,2.3446863082108287,0.053946053946053944,img_0340,1.95931350699695,0.007992007992007992,False,0.5287454747981064,0.867380280250211,4.5673076923076925,2.152364417989418,5.185185185185185,dACC,MFC
21,2,8,135,5,5.018518518518518,2.7850857873279584,0.025974025974025976,img_0321,1.6440804677631056,0.03496503496503497,True,0.23852919468591116,0.961456421073496,6.203703703703703,4.723939255189255,6.407407407407407,dACC,MFC
21,2,9,135,5,3.6296296296296298,0.5853688518306318,0.6893106893106893,img_0126,1.3050137382571771,0.0939060939060939,False,0.18474528189202122,0.9909527108757463,4.2592592592592595,3.4723812067562068,3.111111111111111,dACC,MFC
21,2,10,135,5,2.8796296296296298,0.9649611456504115,0.42857142857142855,img_0126,1.2049249689654287,0.10589410589410589,False,0.2103571428571429,0.9725677879347342,3.4722222222222223,2.7418154761904763,2.814814814814815,dACC,MFC
21,2,11,135,5,4.861111111111111,1.555045675152431,0.1878121878121878,img_0340,1.696675767582618,0.03796203796203796,False,0.25164562762987963,0.9743062447127483,6.105769230769231,4.5692791005291005,5.481481481481482,dACC,MFC
21,2,12,135,5,3.212962962962963,1.137319109807416,0.33666333666333664,img_0126,1.6504412281535086,0.03696303696303696,False,0.27800500061736,0.9658254385210526,4.12037037037037,2.9748868030118025,3.0,dACC,MFC
21,2,13,135,5,0.6388888888888888,0.39977738909206484,0.8231768231768232,img_0340,0.7838370932654987,0.19880119880119881,False,0.21114417989418,0.9737535096401405,0.7692307692307693,0.6068121693121693,1.0,preSMA,MFC
21,2,14,135,5,2.9074074074074074,0.24259798278401687,0.926073926073926,img_0340,0.6981696158901383,0.22877122877122877,False,0.16883030990173853,0.9923703834002919,3.3653846153846154,2.7972056878306875,3.8518518518518516,preSMA,MFC
21,2,15,135,5,0.7685185185185185,1.221856798150459,0.3106893106893107,img_0340,1.5520318064738263,0.027972027972027972,False,0.37870945479641127,0.9378057912472444,1.1057692307692308,0.6870039682539684,1.0,hippocampus,MTL
21,2,16,135,5,5.796296296296297,1.3570596347862913,0.24075924075924077,img_0321,2.046718635513854,0.00999000999000999,False,0.2873407267579047,0.9659404261483729,7.546296296296297,5.377938034188034,5.7407407407407405,hippocampus,MTL
21,2,17,135,5,1.3425925925925926,1.9250658242330438,0.1068931068931069,img_0321,2.2379666169226513,0.012987012987012988,False,0.4080468949654995,0.9335791650179275,1.9907407407407407,1.1784251628001627,1.4074074074074074,hippocampus,MTL
21,2,18,135,5,1.5092592592592593,1.1049573498660112,0.36063936063936064,img_0321,1.9163146153330646,0.01898101898101898,False,0.34423076923076923,0.9615045473042442,2.0833333333333335,1.3661858974358974,1.3703703703703705,hippocampus,MTL
21,2,19,135,5,1.5648148148148149,0.9431616030810215,0.46053946053946054,img_0326,0.8868348543289473,0.15984015984015984,False,0.3717090201465202,0.9182239749657983,2.2222222222222223,1.3962021774521773,1.1851851851851851,hippocampus,MTL
