subject,model,layer,view,metric,rho
1,alexnet,conv1,gap,correlation,0.020407154137466122
1,alexnet,conv1,gap,euclidean,0.022722397636640183
1,alexnet,conv1,rp,correlation,0.030766129644408592
1,alexnet,conv1,rp,euclidean,0.01683696017699218
1,alexnet,conv2,gap,correlation,0.03506974920412055
1,alexnet,conv2,gap,euclidean,0.020686489698718072
1,alexnet,conv2,rp,correlation,0.020010991259341068
1,alexnet,conv2,rp,euclidean,-0.0022612260480642035
1,alexnet,conv3,gap,correlation,0.03852635219089447
1,alexnet,conv3,gap,euclidean,0.03749944390957524
1,alexnet,conv3,rp,correlation,0.04133156258161739
1,alexnet,conv3,rp,euclidean,0.014678067976648175
1,alexnet,conv4,gap,correlation,0.039844679562654924
1,alexnet,conv4,gap,euclidean,0.03617455041796736
1,alexnet,conv4,rp,correlation,0.03336631632583286
1,alexnet,conv4,rp,euclidean,0.02420860245725727
1,alexnet,conv5,gap,correlation,0.038655438627502335
1,alexnet,conv5,gap,euclidean,0.02856168861219858
1,alexnet,conv5,rp,correlation,0.03810040980062529
1,alexnet,conv5,rp,euclidean,0.02692281345051673
1,alexnet,fc6,gap,correlation,0.03900176278731544
1,alexnet,fc6,gap,euclidean,0.029769240902676398
1,alexnet,fc6,rp,correlation,0.027296242991230887
1,alexnet,fc6,rp,euclidean,0.02883668273748664
1,alexnet,fc7,gap,correlation,0.03156911165257007
1,alexnet,fc7,gap,euclidean,0.026850929258673863
1,alexnet,fc7,rp,correlation,0.0314421983503278
1,alexnet,fc7,rp,euclidean,0.02710442240221424
1,alexnet,logits,gap,correlation,0.06684743503903728
1,alexnet,logits,gap,euclidean,0.05785062171424984
1,alexnet,logits,rp,correlation,0.06684743503903728
1,alexnet,logits,rp,euclidean,0.05785062171424984
1,vgg16,conv1_2,gap,correlation,0.015742273945118377
1,vgg16,conv1_2,gap,euclidean,0.014749890953438495
1,vgg16,conv1_2,rp,correlation,0.03813687947364437
1,vgg16,conv1_2,rp,euclidean,0.024811699598689584
1,vgg16,conv2_2,gap,correlation,0.046090812221163825
1,vgg16,conv2_2,gap,euclidean,0.025609808566483427
1,vgg16,conv2_2,rp,correlation,0.04801530231975151
1,vgg16,conv2_2,rp,euclidean,0.01258252852292821
1,vgg16,conv3_3,gap,correlation,0.04521411923511754
1,vgg16,conv3_3,gap,euclidean,0.03458927225663969
1,vgg16,conv3_3,rp,correlation,0.03354941054801597
1,vgg16,conv3_3,rp,euclidean,0.014538172250497562
1,vgg16,conv4_3,gap,correlation,0.04131076879481893
1,vgg16,conv4_3,gap,euclidean,0.03385363969366493
1,vgg16,conv4_3,rp,correlation,0.028580048295196874
1,vgg16,conv4_3,rp,euclidean,0.020927823599714696
1,vgg16,conv5_3,gap,correlation,0.02020924103979811
1,vgg16,conv5_3,gap,euclidean,0.013057529945050536
1,vgg16,conv5_3,rp,correlation,0.039103200962161445
1,vgg16,conv5_3,rp,euclidean,0.015212328791485734
1,vgg16,fc6,gap,correlation,0.031660742531628275
1,vgg16,fc6,gap,euclidean,0.018329220455044606
1,vgg16,fc6,rp,correlation,0.027121725320094804
1,vgg16,fc6,rp,euclidean,0.020022696221757987
1,vgg16,fc7,gap,correlation,0.05384007244047559
1,vgg16,fc7,gap,euclidean,0.02676936503391559
1,vgg16,fc7,rp,correlation,0.04659191219766498
1,vgg16,fc7,rp,euclidean,0.02877478626474436
1,vgg16,logits,gap,correlation,0.07381358720027532
1,vgg16,logits,gap,euclidean,0.05990302227606742
1,vgg16,logits,rp,correlation,0.07381358720027532
1,vgg16,logits,rp,euclidean,0.05990302227606742
1,resnet50,stem,gap,correlation,0.0031049643938458435
1,resnet50,stem,gap,euclidean,0.011696680664680516
1,resnet50,stem,rp,correlation,0.011508162466656806
1,resnet50,stem,rp,euclidean,0.013982898563410303
1,resnet50,layer1,gap,correlation,0.029771678228321427
1,resnet50,layer1,gap,euclidean,0.027303709616719803
1,resnet50,layer1,rp,correlation,0.031218120650461104
1,resnet50,layer1,rp,euclidean,0.027825102383141953
1,resnet50,layer2,gap,correlation,0.03438853843378698
1,resnet50,layer2,gap,euclidean,0.030902822856757273
1,resnet50,layer2,rp,correlation,0.05162820666675998
1,resnet50,layer2,rp,euclidean,0.03960899999940719
1,resnet50,layer3,gap,correlation,0.03303296492439349
1,resnet50,layer3,gap,euclidean,0.031192645523064846
1,resnet50,layer3,rp,correlation,0.03850050816226046
1,resnet50,layer3,rp,euclidean,0.03374738163889166
1,resnet50,layer4,gap,correlation,0.07010701576825007
1,resnet50,layer4,gap,euclidean,0.03639264676283075
1,resnet50,layer4,rp,correlation,0.052468795659180056
1,resnet50,layer4,rp,euclidean,0.027452518576706473
1,resnet50,avgpool,gap,correlation,0.07010701576825007
1,resnet50,avgpool,gap,euclidean,0.03639264676283075
1,resnet50,avgpool,rp,correlation,0.07010701576825007
1,resnet50,avgpool,rp,euclidean,0.03639264676283075
1,resnet50,logits,gap,correlation,0.04330624257960799
1,resnet50,logits,gap,euclidean,0.02346972227465238
1,resnet50,logits,rp,correlation,0.04330624257960799
1,resnet50,logits,rp,euclidean,0.02346972227465238
1,convnext_tiny,stage1,gap,correlation,0.01714095251704311
1,convnext_tiny,stage1,gap,euclidean,0.01401824703441423
1,convnext_tiny,stage1,rp,correlation,0.018993829058757093
1,convnext_tiny,stage1,rp,euclidean,0.02069238567483229
1,convnext_tiny,stage2,gap,correlation,0.03987468460394003
1,convnext_tiny,stage2,gap,euclidean,0.03398409058157574
1,convnext_tiny,stage2,rp,correlation,0.03897491515400406
1,convnext_tiny,stage2,rp,euclidean,0.02703157326783246
1,convnext_tiny,stage3,gap,correlation,0.027720336042544026
1,convnext_tiny,stage3,gap,euclidean,-0.018648514947311113
1,convnext_tiny,stage3,rp,correlation,0.031141711377496682
1,convnext_tiny,stage3,rp,euclidean,0.022247188405523668
1,convnext_tiny,stage4,gap,correlation,0.044852947203215705
1,convnext_tiny,stage4,gap,euclidean,0.024541897476411396
1,convnext_tiny,stage4,rp,correlation,0.04055537504632691
1,convnext_tiny,stage4,rp,euclidean,0.019114461374423044
1,convnext_tiny,avgpool,gap,correlation,0.044852947203215705
1,convnext_tiny,avgpool,gap,euclidean,0.024541897476411396
1,convnext_tiny,avgpool,rp,correlation,0.044852947203215705
1,convnext_tiny,avgpool,rp,euclidean,0.024541897476411396
1,convnext_tiny,logits,gap,correlation,0.0549694225013182
1,convnext_tiny,logits,gap,euclidean,0.04279870535705426
1,convnext_tiny,logits,rp,correlation,0.0549694225013182
1,convnext_tiny,logits,rp,euclidean,0.04279870535705426
2,alexnet,conv1,gap,correlation,0.014580033680908537
2,alexnet,conv1,gap,euclidean,0.020227694156297677
2,alexnet,conv1,rp,correlation,0.05301216946223569
2,alexnet,conv1,rp,euclidean,0.02536294920153277
2,alexnet,conv2,gap,correlation,-0.0009234194022127168
2,alexnet,conv2,gap,euclidean,0.016905082864947973
2,alexnet,conv2,rp,correlation,0.04786851667834393
2,alexnet,conv2,rp,euclidean,0.02933402443194558
2,alexnet,conv3,gap,correlation,0.0012337926060309794
2,alexnet,conv3,gap,euclidean,0.01019306338345725
2,alexnet,conv3,rp,correlation,0.034787323893637166
2,alexnet,conv3,rp,euclidean,0.03540652542665797
2,alexnet,conv4,gap,correlation,-0.0016334205783149688
2,alexnet,conv4,gap,euclidean,-0.007176897867027864
2,alexnet,conv4,rp,correlation,0.01881233609347495
2,alexnet,conv4,rp,euclidean,0.01156690797511509
2,alexnet,conv5,gap,correlation,0.006106969902066483
2,alexnet,conv5,gap,euclidean,0.013231802755976414
2,alexnet,conv5,rp,correlation,0.018070480537131547
2,alexnet,conv5,rp,euclidean,0.022809161919020503
2,alexnet,fc6,gap,correlation,0.005260286790072606
2,alexnet,fc6,gap,euclidean,0.02214230446758795
2,alexnet,fc6,rp,correlation,0.004371782520728642
2,alexnet,fc6,rp,euclidean,0.021152941955474777
2,alexnet,fc7,gap,correlation,0.002288945190413223
2,alexnet,fc7,gap,euclidean,0.020348893516660947
2,alexnet,fc7,rp,correlation,0.009150749850886576
2,alexnet,fc7,rp,euclidean,0.021574349599087803
2,alexnet,logits,gap,correlation,0.009502456102556943
2,alexnet,logits,gap,euclidean,0.016296742170987845
2,alexnet,logits,rp,correlation,0.009502456102556943
2,alexnet,logits,rp,euclidean,0.016296742170987845
2,vgg16,conv1_2,gap,correlation,0.006850487930363407
2,vgg16,conv1_2,gap,euclidean,0.013278177991051882
2,vgg16,conv1_2,rp,correlation,0.03382875577480254
2,vgg16,conv1_2,rp,euclidean,0.028626230219580072
2,vgg16,conv2_2,gap,correlation,-4.054530678110454e-05
2,vgg16,conv2_2,gap,euclidean,0.01289679371535083
2,vgg16,conv2_2,rp,correlation,0.0213157482205042
2,vgg16,conv2_2,rp,euclidean,0.024197293781759503
2,vgg16,conv3_3,gap,correlation,-0.003956567262957984
2,vgg16,conv3_3,gap,euclidean,0.009155742099514438
2,vgg16,conv3_3,rp,correlation,0.034528957709729156
2,vgg16,conv3_3,rp,euclidean,0.020670789648660915
2,vgg16,conv4_3,gap,correlation,0.006662258087455665
2,vgg16,conv4_3,gap,euclidean,0.012150371193902559
2,vgg16,conv4_3,rp,correlation,0.017980136785099368
2,vgg16,conv4_3,rp,euclidean,0.024587636397124808
2,vgg16,conv5_3,gap,correlation,0.017332668396101446
2,vgg16,conv5_3,gap,euclidean,0.028067436666971066
2,vgg16,conv5_3,rp,correlation,0.027753495269957996
2,vgg16,conv5_3,rp,euclidean,0.02591973876663191
2,vgg16,fc6,gap,correlation,0.021810870063846917
2,vgg16,fc6,gap,euclidean,0.02348705257821435
2,vgg16,fc6,rp,correlation,0.019135218110005486
2,vgg16,fc6,rp,euclidean,0.024057707352716524
2,vgg16,fc7,gap,correlation,0.012516607965941853
2,vgg16,fc7,gap,euclidean,0.017734493666587567
2,vgg16,fc7,rp,correlation,0.013076833628596086
2,vgg16,fc7,rp,euclidean,0.01766625660313885
2,vgg16,logits,gap,correlation,0.017147554077184116
2,vgg16,logits,gap,euclidean,0.019967891029577134
2,vgg16,logits,rp,correlation,0.017147554077184116
2,vgg16,logits,rp,euclidean,0.019967891029577134
2,resnet50,stem,gap,correlation,0.016149167177586826
2,resnet50,stem,gap,euclidean,0.015292647773201298
2,resnet50,stem,rp,correlation,0.019987674768008487
2,resnet50,stem,rp,euclidean,0.02179716594668744
2,resnet50,layer1,gap,correlation,0.005561445517559352
2,resnet50,layer1,gap,euclidean,0.010191003013662145
2,resnet50,layer1,rp,correlation,0.018021687307480272
2,resnet50,layer1,rp,euclidean,0.018980265091849514
2,resnet50,layer2,gap,correlation,0.002325857867102095
2,resnet50,layer2,gap,euclidean,0.005054642875636247
2,resnet50,layer2,rp,correlation,0.03386505146819858
2,resnet50,layer2,rp,euclidean,0.029947932473843072
2,resnet50,layer3,gap,correlation,0.0057692061840760615
2,resnet50,layer3,gap,euclidean,0.004844161361125845
2,resnet50,layer3,rp,correlation,0.022629542456530937
2,resnet50,layer3,rp,euclidean,0.016218554439654552
2,resnet50,layer4,gap,correlation,0.027346619757636338
2,resnet50,layer4,gap,euclidean,0.011901245261085037
2,resnet50,layer4,rp,correlation,0.029984851594221682
2,resnet50,layer4,rp,euclidean,0.015662810363216102
2,resnet50,avgpool,gap,correlation,0.027346619757636338
2,resnet50,avgpool,gap,euclidean,0.011901245261085037
2,resnet50,avgpool,rp,correlation,0.027346619757636338
2,resnet50,avgpool,rp,euclidean,0.011901245261085037
2,resnet50,logits,gap,correlation,0.029951433008295586
2,resnet50,logits,gap,euclidean,0.019532134899830397
2,resnet50,logits,rp,correlation,0.029951433008295586
2,resnet50,logits,rp,euclidean,0.019532134899830397
2,convnext_tiny,stage1,gap,correlation,0.009084205866917652
2,convnext_tiny,stage1,gap,euclidean,-0.002102527635245509
2,convnext_tiny,stage1,rp,correlation,0.024605247001190565
2,convnext_tiny,stage1,rp,euclidean,0.01645600118481412
2,convnext_tiny,stage2,gap,correlation,-0.008288244258730433
2,convnext_tiny,stage2,gap,euclidean,-0.011080436785251438
2,convnext_tiny,stage2,rp,correlation,0.00958714068407293
2,convnext_tiny,stage2,rp,euclidean,-0.0008495650522311315
2,convnext_tiny,stage3,gap,correlation,0.011760653616442256
2,convnext_tiny,stage3,gap,euclidean,-0.006421426794258942
2,convnext_tiny,stage3,rp,correlation,0.008246680848970043
2,convnext_tiny,stage3,rp,euclidean,0.002669688318984912
2,convnext_tiny,stage4,gap,correlation,0.04086651666014694
2,convnext_tiny,stage4,gap,euclidean,0.029964123855243077
2,convnext_tiny,stage4,rp,correlation,0.04083463328330195
2,convnext_tiny,stage4,rp,euclidean,0.028291029479184656
2,convnext_tiny,avgpool,gap,correlation,0.04086651666014694
2,convnext_tiny,avgpool,gap,euclidean,0.029964123855243077
2,convnext_tiny,avgpool,rp,correlation,0.04086651666014694
2,convnext_tiny,avgpool,rp,euclidean,0.029964123855243077
2,convnext_tiny,logits,gap,correlation,0.04597546212016415
2,convnext_tiny,logits,gap,euclidean,0.02646056409039445
2,convnext_tiny,logits,rp,correlation,0.04597546212016415
2,convnext_tiny,logits,rp,euclidean,0.02646056409039445
3,alexnet,conv1,gap,correlation,0.011901029397478667
3,alexnet,conv1,gap,euclidean,0.024734165901865134
3,alexnet,conv1,rp,correlation,0.006849817786630205
3,alexnet,conv1,rp,euclidean,0.016214683393041853
3,alexnet,conv2,gap,correlation,0.0049491242342609085
3,alexnet,conv2,gap,euclidean,0.007628515139075317
3,alexnet,conv2,rp,correlation,-0.010137579992931014
3,alexnet,conv2,rp,euclidean,0.0016654344398772433
3,alexnet,conv3,gap,correlation,0.014229232767646966
3,alexnet,conv3,gap,euclidean,0.01025495180158735
3,alexnet,conv3,rp,correlation,0.014902184338653321
3,alexnet,conv3,rp,euclidean,0.011991771047352435
3,alexnet,conv4,gap,correlation,0.02580948884606327
3,alexnet,conv4,gap,euclidean,0.007119273560584746
3,alexnet,conv4,rp,correlation,0.03839450463323201
3,alexnet,conv4,rp,euclidean,0.011037170630476639
3,alexnet,conv5,gap,correlation,0.029829476514387592
3,alexnet,conv5,gap,euclidean,0.02065012634657973
3,alexnet,conv5,rp,correlation,0.047203484402030885
3,alexnet,conv5,rp,euclidean,0.02819526497315675
3,alexnet,fc6,gap,correlation,0.036858246841619036
3,alexnet,fc6,gap,euclidean,0.029677202460241987
3,alexnet,fc6,rp,correlation,0.0339936514062309
3,alexnet,fc6,rp,euclidean,0.028662600015408154
3,alexnet,fc7,gap,correlation,0.03382095407744702
3,alexnet,fc7,gap,euclidean,0.04104831086792455
3,alexnet,fc7,rp,correlation,0.026905096525570226
3,alexnet,fc7,rp,euclidean,0.03892230242725803
3,alexnet,logits,gap,correlation,0.034405723754329744
3,alexnet,logits,gap,euclidean,0.03993976425941501
3,alexnet,logits,rp,correlation,0.034405723754329744
3,alexnet,logits,rp,euclidean,0.03993976425941501
3,vgg16,conv1_2,gap,correlation,0.006864204934902367
3,vgg16,conv1_2,gap,euclidean,0.030165353842205953
3,vgg16,conv1_2,rp,correlation,0.007705493067659491
3,vgg16,conv1_2,rp,euclidean,0.026075458583867214
3,vgg16,conv2_2,gap,correlation,0.0013019555670476615
3,vgg16,conv2_2,gap,euclidean,0.004785035674972764
3,vgg16,conv2_2,rp,correlation,0.007740050575747545
3,vgg16,conv2_2,rp,euclidean,0.01148250530502533
3,vgg16,conv3_3,gap,correlation,0.00680633576824904
3,vgg16,conv3_3,gap,euclidean,0.004255588296372716
3,vgg16,conv3_3,rp,correlation,0.0034443664199532518
3,vgg16,conv3_3,rp,euclidean,0.004831262705184158
3,vgg16,conv4_3,gap,correlation,0.022626228789080948
3,vgg16,conv4_3,gap,euclidean,0.009415400243215783
3,vgg16,conv4_3,rp,correlation,0.03958351842832119
3,vgg16,conv4_3,rp,euclidean,0.0035983867140190235
3,vgg16,conv5_3,gap,correlation,0.04135354684009575
3,vgg16,conv5_3,gap,euclidean,0.030054021381760603
3,vgg16,conv5_3,rp,correlation,0.06793357371646791
3,vgg16,conv5_3,rp,euclidean,0.014742897939145641
3,vgg16,fc6,gap,correlation,0.047386792876897926
3,vgg16,fc6,gap,euclidean,0.033470238543074536
3,vgg16,fc6,rp,correlation,0.050083578522171726
3,vgg16,fc6,rp,euclidean,0.036945626496369746
3,vgg16,fc7,gap,correlation,0.049401765266847246
3,vgg16,fc7,gap,euclidean,0.050345804476235385
3,vgg16,fc7,rp,correlation,0.049019002041541346
3,vgg16,fc7,rp,euclidean,0.0523882914213844
3,vgg16,logits,gap,correlation,0.03907957517372123
3,vgg16,logits,gap,euclidean,0.04920088807189777
3,vgg16,logits,rp,correlation,0.03907957517372123
3,vgg16,logits,rp,euclidean,0.04920088807189777
3,resnet50,stem,gap,correlation,7.214516127743521e-05
3,resnet50,stem,gap,euclidean,-0.0030664101871951156
3,resnet50,stem,rp,correlation,0.015080922626570629
3,resnet50,stem,rp,euclidean,0.009856590014337727
3,resnet50,layer1,gap,correlation,0.03331886821641529
3,resnet50,layer1,gap,euclidean,0.033411855492164265
3,resnet50,layer1,rp,correlation,0.02592302504840049
3,resnet50,layer1,rp,euclidean,0.024544362187737832
3,resnet50,layer2,gap,correlation,0.018396371756771748
3,resnet50,layer2,gap,euclidean,0.018335557823906178
3,resnet50,layer2,rp,correlation,0.019188773226376334
3,resnet50,layer2,rp,euclidean,0.019811273928545207
3,resnet50,layer3,gap,correlation,0.01892224288756481
3,resnet50,layer3,gap,euclidean,0.016435112353591963
3,resnet50,layer3,rp,correlation,0.021903295127665864
3,resnet50,layer3,rp,euclidean,0.02165738459602976
3,resnet50,layer4,gap,correlation,0.038556492549664166
3,resnet50,layer4,gap,euclidean,0.038499939506640705
3,resnet50,layer4,rp,correlation,0.035156490933586776
3,resnet50,layer4,rp,euclidean,0.026108484104719033
3,resnet50,avgpool,gap,correlation,0.038556492549664166
3,resnet50,avgpool,gap,euclidean,0.038499939506640705
3,resnet50,avgpool,rp,correlation,0.038556492549664166
3,resnet50,avgpool,rp,euclidean,0.038499939506640705
3,resnet50,logits,gap,correlation,0.04286286034305122
3,resnet50,logits,gap,euclidean,0.0512373308360685
3,resnet50,logits,rp,correlation,0.04286286034305122
3,resnet50,logits,rp,euclidean,0.0512373308360685
3,convnext_tiny,stage1,gap,correlation,0.014295788028072944
3,convnext_tiny,stage1,gap,euclidean,0.004860763527746928
3,convnext_tiny,stage1,rp,correlation,0.014645451630094992
3,convnext_tiny,stage1,rp,euclidean,0.011934187013970204
3,convnext_tiny,stage2,gap,correlation,-0.007657311988533738
3,convnext_tiny,stage2,gap,euclidean,-0.009346828107900461
3,convnext_tiny,stage2,rp,correlation,0.016520835980078898
3,convnext_tiny,stage2,rp,euclidean,0.013107175352670229
3,convnext_tiny,stage3,gap,correlation,0.018760557824550547
3,convnext_tiny,stage3,gap,euclidean,0.005991669739662306
3,convnext_tiny,stage3,rp,correlation,-0.000376649774662881
3,convnext_tiny,stage3,rp,euclidean,0.004145012969472093
3,convnext_tiny,stage4,gap,correlation,0.05696266354761155
3,convnext_tiny,stage4,gap,euclidean,0.05939301389849752
3,convnext_tiny,stage4,rp,correlation,0.06687346271282894
3,convnext_tiny,stage4,rp,euclidean,0.058508841399582824
3,convnext_tiny,avgpool,gap,correlation,0.05696266354761155
3,convnext_tiny,avgpool,gap,euclidean,0.05939301389849752
3,convnext_tiny,avgpool,rp,correlation,0.05696266354761155
3,convnext_tiny,avgpool,rp,euclidean,0.05939301389849752
3,convnext_tiny,logits,gap,correlation,0.04464825212209391
3,convnext_tiny,logits,gap,euclidean,0.03674464942422927
3,convnext_tiny,logits,rp,correlation,0.04464825212209391
3,convnext_tiny,logits,rp,euclidean,0.03674464942422927
4,alexnet,conv1,gap,correlation,0.012747578802910395
4,alexnet,conv1,gap,euclidean,0.0149038629198312
4,alexnet,conv1,rp,correlation,0.02990357733550182
4,alexnet,conv1,rp,euclidean,0.0008286633336294855
4,alexnet,conv2,gap,correlation,0.01913517139325486
4,alexnet,conv2,gap,euclidean,0.001213765618311853
4,alexnet,conv2,rp,correlation,0.0340930195457472
4,alexnet,conv2,rp,euclidean,-0.00014686135476205556
4,alexnet,conv3,gap,correlation,0.03591925304129913
4,alexnet,conv3,gap,euclidean,0.013524898816673084
4,alexnet,conv3,rp,correlation,0.05404889148303247
4,alexnet,conv3,rp,euclidean,0.011854451186176318
4,alexnet,conv4,gap,correlation,0.053214403053875925
4,alexnet,conv4,gap,euclidean,0.04323048411930755
4,alexnet,conv4,rp,correlation,0.07213767048810978
4,alexnet,conv4,rp,euclidean,0.043721548049035046
4,alexnet,conv5,gap,correlation,0.04528749353021332
4,alexnet,conv5,gap,euclidean,0.011400699441901722
4,alexnet,conv5,rp,correlation,0.07169778073139334
4,alexnet,conv5,rp,euclidean,0.005326389381294181
4,alexnet,fc6,gap,correlation,0.0692334882447897
4,alexnet,fc6,gap,euclidean,0.011623548007950072
4,alexnet,fc6,rp,correlation,0.08093454256388281
4,alexnet,fc6,rp,euclidean,0.013958225675386965
4,alexnet,fc7,gap,correlation,0.06949314799941347
4,alexnet,fc7,gap,euclidean,0.007977689020676951
4,alexnet,fc7,rp,correlation,0.045030865531613305
4,alexnet,fc7,rp,euclidean,0.005673738087776303
4,alexnet,logits,gap,correlation,0.058330533227955825
4,alexnet,logits,gap,euclidean,0.026262320753627152
4,alexnet,logits,rp,correlation,0.058330533227955825
4,alexnet,logits,rp,euclidean,0.026262320753627152
4,vgg16,conv1_2,gap,correlation,0.010053283643722004
4,vgg16,conv1_2,gap,euclidean,0.011485520951824736
4,vgg16,conv1_2,rp,correlation,0.03131416867883766
4,vgg16,conv1_2,rp,euclidean,0.007001018966433713
4,vgg16,conv2_2,gap,correlation,0.02703650430140777
4,vgg16,conv2_2,gap,euclidean,0.01502977745016341
4,vgg16,conv2_2,rp,correlation,0.04499367416534307
4,vgg16,conv2_2,rp,euclidean,0.005096280387828675
4,vgg16,conv3_3,gap,correlation,0.044161201000153444
4,vgg16,conv3_3,gap,euclidean,0.012860185503002285
4,vgg16,conv3_3,rp,correlation,0.05410546707897002
4,vgg16,conv3_3,rp,euclidean,0.011292210259555175
4,vgg16,conv4_3,gap,correlation,0.057696989652491044
4,vgg16,conv4_3,gap,euclidean,0.02055530423017664
4,vgg16,conv4_3,rp,correlation,0.07134405921575607
4,vgg16,conv4_3,rp,euclidean,0.013263160972107406
4,vgg16,conv5_3,gap,correlation,0.045616569543508664
4,vgg16,conv5_3,gap,euclidean,-0.00039259146308537736
4,vgg16,conv5_3,rp,correlation,0.054520419756383685
4,vgg16,conv5_3,rp,euclidean,-0.008582168333558994
4,vgg16,fc6,gap,correlation,0.03415921557047004
4,vgg16,fc6,gap,euclidean,0.0010010465325384296
4,vgg16,fc6,rp,correlation,0.02755544363296053
4,vgg16,fc6,rp,euclidean,0.0013695418178324063
4,vgg16,fc7,gap,correlation,0.04082870669966145
4,vgg16,fc7,gap,euclidean,0.005729163485094857
4,vgg16,fc7,rp,correlation,0.02468704480970199
4,vgg16,fc7,rp,euclidean,0.00622652451062303
4,vgg16,logits,gap,correlation,0.050695614672199074
4,vgg16,logits,gap,euclidean,0.015663142213237828
4,vgg16,logits,rp,correlation,0.050695614672199074
4,vgg16,logits,rp,euclidean,0.015663142213237828
4,resnet50,stem,gap,correlation,0.006291207879178859
4,resnet50,stem,gap,euclidean,0.008212508351344091
4,resnet50,stem,rp,correlation,0.003754514094630533
4,resnet50,stem,rp,euclidean,0.0003403943543277251
4,resnet50,layer1,gap,correlation,0.01512117796731333
4,resnet50,layer1,gap,euclidean,0.015009367062904616
4,resnet50,layer1,rp,correlation,0.030518073364088294
4,resnet50,layer1,rp,euclidean,0.027810800613758877
4,resnet50,layer2,gap,correlation,0.016700331401540924
4,resnet50,layer2,gap,euclidean,0.015820282864061317
4,resnet50,layer2,rp,correlation,0.03082013904090627
4,resnet50,layer2,rp,euclidean,0.026892404067700295
4,resnet50,layer3,gap,correlation,0.03352902432459371
4,resnet50,layer3,gap,euclidean,0.02886718072103703
4,resnet50,layer3,rp,correlation,0.05687469429524942
4,resnet50,layer3,rp,euclidean,0.05321311109408259
4,resnet50,layer4,gap,correlation,0.07035785411161662
4,resnet50,layer4,gap,euclidean,0.06336423411192953
4,resnet50,layer4,rp,correlation,0.04472784296686859
4,resnet50,layer4,rp,euclidean,0.058790300156604865
4,resnet50,avgpool,gap,correlation,0.07035785411161662
4,resnet50,avgpool,gap,euclidean,0.06336423411192953
4,resnet50,avgpool,rp,correlation,0.07035785411161662
4,resnet50,avgpool,rp,euclidean,0.06336423411192953
4,resnet50,logits,gap,correlation,0.03216613883826512
4,resnet50,logits,gap,euclidean,0.07003068704140744
4,resnet50,logits,rp,correlation,0.03216613883826512
4,resnet50,logits,rp,euclidean,0.07003068704140744
4,convnext_tiny,stage1,gap,correlation,0.029282975910884496
4,convnext_tiny,stage1,gap,euclidean,0.024295801688695197
4,convnext_tiny,stage1,rp,correlation,0.033352194979762564
4,convnext_tiny,stage1,rp,euclidean,0.042845067704750245
4,convnext_tiny,stage2,gap,correlation,0.01149867896627855
4,convnext_tiny,stage2,gap,euclidean,0.00534720249916187
4,convnext_tiny,stage2,rp,correlation,0.04005571523448317
4,convnext_tiny,stage2,rp,euclidean,0.02659211846017363
4,convnext_tiny,stage3,gap,correlation,0.030977133097788125
4,convnext_tiny,stage3,gap,euclidean,0.026066469636676682
4,convnext_tiny,stage3,rp,correlation,0.06076999334521499
4,convnext_tiny,stage3,rp,euclidean,0.03751558374145732
4,convnext_tiny,stage4,gap,correlation,0.07505726442637102
4,convnext_tiny,stage4,gap,euclidean,0.03318770691171039
4,convnext_tiny,stage4,rp,correlation,0.08145516208753588
4,convnext_tiny,stage4,rp,euclidean,0.04749808345335995
4,convnext_tiny,avgpool,gap,correlation,0.07505726442637102
4,convnext_tiny,avgpool,gap,euclidean,0.03318770691171039
4,convnext_tiny,avgpool,rp,correlation,0.07505726442637102
4,convnext_tiny,avgpool,rp,euclidean,0.03318770691171039
4,convnext_tiny,logits,gap,correlation,0.046177624831217214
4,convnext_tiny,logits,gap,euclidean,0.07276298386085116
4,convnext_tiny,logits,rp,correlation,0.046177624831217214
4,convnext_tiny,logits,rp,euclidean,0.07276298386085116
5,alexnet,conv1,gap,correlation,0.0018981740696800507
5,alexnet,conv1,gap,euclidean,-0.0017107142476965166
5,alexnet,conv1,rp,correlation,0.024118537394806443
5,alexnet,conv1,rp,euclidean,0.00880887666976299
5,alexnet,conv2,gap,correlation,0.011300662769574662
5,alexnet,conv2,gap,euclidean,0.011425974814915968
5,alexnet,conv2,rp,correlation,0.01089687700648444
5,alexnet,conv2,rp,euclidean,0.014352569822082254
5,alexnet,conv3,gap,correlation,0.013784547294839815
5,alexnet,conv3,gap,euclidean,0.013930185959473264
5,alexnet,conv3,rp,correlation,0.025050702494921927
5,alexnet,conv3,rp,euclidean,0.01580825732807972
5,alexnet,conv4,gap,correlation,0.0037807866286324017
5,alexnet,conv4,gap,euclidean,0.02275577433858296
5,alexnet,conv4,rp,correlation,0.02465112446123344
5,alexnet,conv4,rp,euclidean,0.03087628613147596
5,alexnet,conv5,gap,correlation,-0.004704976051769325
5,alexnet,conv5,gap,euclidean,0.007773548096872989
5,alexnet,conv5,rp,correlation,-0.0038016255212590605
5,alexnet,conv5,rp,euclidean,0.00435072615357318
5,alexnet,fc6,gap,correlation,-0.0018938439101732125
5,alexnet,fc6,gap,euclidean,0.00518628262430451
5,alexnet,fc6,rp,correlation,0.0010217484967580638
5,alexnet,fc6,rp,euclidean,0.004874324272809638
5,alexnet,fc7,gap,correlation,-0.005317740338737554
5,alexnet,fc7,gap,euclidean,-0.005940502010340989
5,alexnet,fc7,rp,correlation,0.0011970571308100207
5,alexnet,fc7,rp,euclidean,-0.003942734272003661
5,alexnet,logits,gap,correlation,0.018311360158001336
5,alexnet,logits,gap,euclidean,0.003637217999328671
5,alexnet,logits,rp,correlation,0.018311360158001336
5,alexnet,logits,rp,euclidean,0.003637217999328671
5,vgg16,conv1_2,gap,correlation,0.004585163695623088
5,vgg16,conv1_2,gap,euclidean,-0.0024165238036213898
5,vgg16,conv1_2,rp,correlation,0.011541128383378509
5,vgg16,conv1_2,rp,euclidean,0.0073579929344684235
5,vgg16,conv2_2,gap,correlation,0.004264006977021055
5,vgg16,conv2_2,gap,euclidean,0.009035462575861882
5,vgg16,conv2_2,rp,correlation,0.020775889450203
5,vgg16,conv2_2,rp,euclidean,0.011715385085080032
5,vgg16,conv3_3,gap,correlation,0.013786655992307988
5,vgg16,conv3_3,gap,euclidean,0.015939286537144895
5,vgg16,conv3_3,rp,correlation,0.01441546828857946
5,vgg16,conv3_3,rp,euclidean,0.022753380507843687
5,vgg16,conv4_3,gap,correlation,5.496628442441369e-05
5,vgg16,conv4_3,gap,euclidean,0.011244293371708857
5,vgg16,conv4_3,rp,correlation,-0.0006448780257215085
5,vgg16,conv4_3,rp,euclidean,0.017990950907409414
5,vgg16,conv5_3,gap,correlation,-0.0007310172701968242
5,vgg16,conv5_3,gap,euclidean,-0.002930501494072566
5,vgg16,conv5_3,rp,correlation,0.024108301593650773
5,vgg16,conv5_3,rp,euclidean,-0.003978495139151094
5,vgg16,fc6,gap,correlation,0.0035785981428203624
5,vgg16,fc6,gap,euclidean,-0.003909285078551285
5,vgg16,fc6,rp,correlation,-0.005677960315479957
5,vgg16,fc6,rp,euclidean,-0.004249394299607912
5,vgg16,fc7,gap,correlation,0.001874572445076373
5,vgg16,fc7,gap,euclidean,-0.00653768545551229
5,vgg16,fc7,rp,correlation,0.0037487534360009004
5,vgg16,fc7,rp,euclidean,-0.006052712423513725
5,vgg16,logits,gap,correlation,0.020478672649916117
5,vgg16,logits,gap,euclidean,-0.0013984610973959324
5,vgg16,logits,rp,correlation,0.020478672649916117
5,vgg16,logits,rp,euclidean,-0.0013984610973959324
5,resnet50,stem,gap,correlation,-0.00743527693831536
5,resnet50,stem,gap,euclidean,-0.003264303953793899
5,resnet50,stem,rp,correlation,0.0006475408805075217
5,resnet50,stem,rp,euclidean,0.0018867896808278093
5,resnet50,layer1,gap,correlation,0.0016848460552259783
5,resnet50,layer1,gap,euclidean,0.002838595147277875
5,resnet50,layer1,rp,correlation,0.00879146743100168
5,resnet50,layer1,rp,euclidean,0.00812824099873892
5,resnet50,layer2,gap,correlation,0.00019263732669148726
5,resnet50,layer2,gap,euclidean,-0.0010228970844546321
5,resnet50,layer2,rp,correlation,0.012540562382558924
5,resnet50,layer2,rp,euclidean,0.015428754609783426
5,resnet50,layer3,gap,correlation,0.0022090563249879563
5,resnet50,layer3,gap,euclidean,0.0011312364510146712
5,resnet50,layer3,rp,correlation,0.014010806183684285
5,resnet50,layer3,rp,euclidean,0.017316183826818158
5,resnet50,layer4,gap,correlation,-0.027947194194534536
5,resnet50,layer4,gap,euclidean,0.011831329616458443
5,resnet50,layer4,rp,correlation,0.003744191303663338
5,resnet50,layer4,rp,euclidean,0.019922587057921326
5,resnet50,avgpool,gap,correlation,-0.027947194194534536
5,resnet50,avgpool,gap,euclidean,0.011831329616458443
5,resnet50,avgpool,rp,correlation,-0.027947194194534536
5,resnet50,avgpool,rp,euclidean,0.011831329616458443
5,resnet50,logits,gap,correlation,-0.03751279362379889
5,resnet50,logits,gap,euclidean,-0.00690097907226178
5,resnet50,logits,rp,correlation,-0.03751279362379889
5,resnet50,logits,rp,euclidean,-0.00690097907226178
5,convnext_tiny,stage1,gap,correlation,-0.012104980232435232
5,convnext_tiny,stage1,gap,euclidean,-0.01898528150431391
5,convnext_tiny,stage1,rp,correlation,0.006955826148425961
5,convnext_tiny,stage1,rp,euclidean,-0.0007052280129256293
5,convnext_tiny,stage2,gap,correlation,0.0015071033173738606
5,convnext_tiny,stage2,gap,euclidean,-0.000989784573791292
5,convnext_tiny,stage2,rp,correlation,0.006769771050806252
5,convnext_tiny,stage2,rp,euclidean,0.0043384203170877865
5,convnext_tiny,stage3,gap,correlation,-0.0036897260161163907
5,convnext_tiny,stage3,gap,euclidean,-0.022369165841423323
5,convnext_tiny,stage3,rp,correlation,0.007668217933422612
5,convnext_tiny,stage3,rp,euclidean,-0.011075990639329236
5,convnext_tiny,stage4,gap,correlation,0.00875607707601443
5,convnext_tiny,stage4,gap,euclidean,-0.0018940662174693223
5,convnext_tiny,stage4,rp,correlation,0.01666590115632528
5,convnext_tiny,stage4,rp,euclidean,0.002694432087595416
5,convnext_tiny,avgpool,gap,correlation,0.00875607707601443
5,convnext_tiny,avgpool,gap,euclidean,-0.0018940662174693223
5,convnext_tiny,avgpool,rp,correlation,0.00875607707601443
5,convnext_tiny,avgpool,rp,euclidean,-0.0018940662174693223
5,convnext_tiny,logits,gap,correlation,0.004177688920155391
5,convnext_tiny,logits,gap,euclidean,-0.0064332155246425125
5,convnext_tiny,logits,rp,correlation,0.004177688920155391
5,convnext_tiny,logits,rp,euclidean,-0.0064332155246425125
7,alexnet,conv1,gap,correlation,0.030717444367702615
7,alexnet,conv1,gap,euclidean,0.020790794649759546
7,alexnet,conv1,rp,correlation,0.005211237002108722
7,alexnet,conv1,rp,euclidean,0.007866008767242035
7,alexnet,conv2,gap,correlation,0.0252324061167742
7,alexnet,conv2,gap,euclidean,0.027219024373024585
7,alexnet,conv2,rp,correlation,0.052817289172301295
7,alexnet,conv2,rp,euclidean,0.018018150056729167
7,alexnet,conv3,gap,correlation,0.04462570913503769
7,alexnet,conv3,gap,euclidean,0.029655728949499367
7,alexnet,conv3,rp,correlation,0.03643976802509531
7,alexnet,conv3,rp,euclidean,0.020141109958755156
7,alexnet,conv4,gap,correlation,0.04557640279680966
7,alexnet,conv4,gap,euclidean,0.06069159457480317
7,alexnet,conv4,rp,correlation,0.046137285643979016
7,alexnet,conv4,rp,euclidean,0.04833943213831482
7,alexnet,conv5,gap,correlation,0.05326431646659326
7,alexnet,conv5,gap,euclidean,0.049749204919437864
7,alexnet,conv5,rp,correlation,0.052130605419316293
7,alexnet,conv5,rp,euclidean,0.03671686990966004
7,alexnet,fc6,gap,correlation,0.043223590061368077
7,alexnet,fc6,gap,euclidean,0.036533893474970734
7,alexnet,fc6,rp,correlation,0.06259509905551858
7,alexnet,fc6,rp,euclidean,0.0395505557885657
7,alexnet,fc7,gap,correlation,0.05011017816962794
7,alexnet,fc7,gap,euclidean,0.03630915949351703
7,alexnet,fc7,rp,correlation,0.0365904342662011
7,alexnet,fc7,rp,euclidean,0.03355774380334304
7,alexnet,logits,gap,correlation,0.06066051700077209
7,alexnet,logits,gap,euclidean,0.05952583541916313
7,alexnet,logits,rp,correlation,0.06066051700077209
7,alexnet,logits,rp,euclidean,0.05952583541916313
7,vgg16,conv1_2,gap,correlation,0.017773051234630237
7,vgg16,conv1_2,gap,euclidean,0.01793980705122267
7,vgg16,conv1_2,rp,correlation,0.01094703757294671
7,vgg16,conv1_2,rp,euclidean,0.011503256122208372
7,vgg16,conv2_2,gap,correlation,0.023382760148861127
7,vgg16,conv2_2,gap,euclidean,0.0058618881323635194
7,vgg16,conv2_2,rp,correlation,0.035484082458890086
7,vgg16,conv2_2,rp,euclidean,0.011052510493851276
7,vgg16,conv3_3,gap,correlation,0.03237411371173361
7,vgg16,conv3_3,gap,euclidean,0.02061076257871873
7,vgg16,conv3_3,rp,correlation,0.03402772402983218
7,vgg16,conv3_3,rp,euclidean,0.019653668304453586
7,vgg16,conv4_3,gap,correlation,0.05080596938402356
7,vgg16,conv4_3,gap,euclidean,0.04345607603223287
7,vgg16,conv4_3,rp,correlation,0.026064203180256724
7,vgg16,conv4_3,rp,euclidean,0.023294232675491237
7,vgg16,conv5_3,gap,correlation,0.04745449320130462
7,vgg16,conv5_3,gap,euclidean,0.03092038022996176
7,vgg16,conv5_3,rp,correlation,0.005192432387541484
7,vgg16,conv5_3,rp,euclidean,0.015543799395385777
7,vgg16,fc6,gap,correlation,0.023951407270686283
7,vgg16,fc6,gap,euclidean,0.02608550579458137
7,vgg16,fc6,rp,correlation,0.03614681817485654
7,vgg16,fc6,rp,euclidean,0.02605127910282332
7,vgg16,fc7,gap,correlation,0.020629554908041258
7,vgg16,fc7,gap,euclidean,0.027394613280562474
7,vgg16,fc7,rp,correlation,0.040527703677276775
7,vgg16,fc7,rp,euclidean,0.028380864535602596
7,vgg16,logits,gap,correlation,0.04239049076194644
7,vgg16,logits,gap,euclidean,0.02993240494558087
7,vgg16,logits,rp,correlation,0.04239049076194644
7,vgg16,logits,rp,euclidean,0.02993240494558087
7,resnet50,stem,gap,correlation,-0.009165378149250817
7,resnet50,stem,gap,euclidean,-0.014923427298256011
7,resnet50,stem,rp,correlation,-0.015711288231579155
7,resnet50,stem,rp,euclidean,-0.014232992450553322
7,resnet50,layer1,gap,correlation,0.0051348596357555995
7,resnet50,layer1,gap,euclidean,0.0076145707588734885
7,resnet50,layer1,rp,correlation,0.017523124311360844
7,resnet50,layer1,rp,euclidean,0.016832431473519278
7,resnet50,layer2,gap,correlation,0.011216190904185
7,resnet50,layer2,gap,euclidean,0.014091003687293347
7,resnet50,layer2,rp,correlation,0.02427647075059323
7,resnet50,layer2,rp,euclidean,0.026538802658756275
7,resnet50,layer3,gap,correlation,0.03180542154401119
7,resnet50,layer3,gap,euclidean,0.034690398319575086
7,resnet50,layer3,rp,correlation,0.0349039650135887
7,resnet50,layer3,rp,euclidean,0.03751307661922187
7,resnet50,layer4,gap,correlation,0.05616111164756679
7,resnet50,layer4,gap,euclidean,0.01712051227177189
7,resnet50,layer4,rp,correlation,0.04642241798350157
7,resnet50,layer4,rp,euclidean,0.018299506731044624
7,resnet50,avgpool,gap,correlation,0.05616111164756679
7,resnet50,avgpool,gap,euclidean,0.01712051227177189
7,resnet50,avgpool,rp,correlation,0.05616111164756679
7,resnet50,avgpool,rp,euclidean,0.01712051227177189
7,resnet50,logits,gap,correlation,0.04624947859373916
7,resnet50,logits,gap,euclidean,0.018490206489574043
7,resnet50,logits,rp,correlation,0.04624947859373916
7,resnet50,logits,rp,euclidean,0.018490206489574043
7,convnext_tiny,stage1,gap,correlation,0.0194026930403024
7,convnext_tiny,stage1,gap,euclidean,0.009113055292037056
7,convnext_tiny,stage1,rp,correlation,0.020234768569331655
7,convnext_tiny,stage1,rp,euclidean,0.021973384590650322
7,convnext_tiny,stage2,gap,correlation,0.013389336030845465
7,convnext_tiny,stage2,gap,euclidean,0.015192863190122597
7,convnext_tiny,stage2,rp,correlation,0.012856504492427335
7,convnext_tiny,stage2,rp,euclidean,0.010802739183681525
7,convnext_tiny,stage3,gap,correlation,0.03216223009624506
7,convnext_tiny,stage3,gap,euclidean,0.01697504268917782
7,convnext_tiny,stage3,rp,correlation,0.004394620406004405
7,convnext_tiny,stage3,rp,euclidean,0.024715275121093606
7,convnext_tiny,stage4,gap,correlation,0.01689958671617784
7,convnext_tiny,stage4,gap,euclidean,0.01827161922555619
7,convnext_tiny,stage4,rp,correlation,0.013384659447693074
7,convnext_tiny,stage4,rp,euclidean,-0.0026617702595356225
7,convnext_tiny,avgpool,gap,correlation,0.01689958671617784
7,convnext_tiny,avgpool,gap,euclidean,0.01827161922555619
7,convnext_tiny,avgpool,rp,correlation,0.01689958671617784
7,convnext_tiny,avgpool,rp,euclidean,0.01827161922555619
7,convnext_tiny,logits,gap,correlation,0.0451590935094677
7,convnext_tiny,logits,gap,euclidean,0.014437648247071668
7,convnext_tiny,logits,rp,correlation,0.0451590935094677
7,convnext_tiny,logits,rp,euclidean,0.014437648247071668
8,alexnet,conv1,gap,correlation,0.0028884248342454307
8,alexnet,conv1,gap,euclidean,0.018152517873188265
8,alexnet,conv1,rp,correlation,0.003974026863243686
8,alexnet,conv1,rp,euclidean,0.0025693442685115497
8,alexnet,conv2,gap,correlation,0.02735030040289869
8,alexnet,conv2,gap,euclidean,0.025375148375042966
8,alexnet,conv2,rp,correlation,0.025289536599750577
8,alexnet,conv2,rp,euclidean,0.011610674206858459
8,alexnet,conv3,gap,correlation,0.00799298496146815
8,alexnet,conv3,gap,euclidean,0.01774382463746857
8,alexnet,conv3,rp,correlation,0.02034654382077171
8,alexnet,conv3,rp,euclidean,0.012984893489794933
8,alexnet,conv4,gap,correlation,-0.008840863410274184
8,alexnet,conv4,gap,euclidean,0.001298013910009272
8,alexnet,conv4,rp,correlation,0.0007725494233347084
8,alexnet,conv4,rp,euclidean,0.009817650931807144
8,alexnet,conv5,gap,correlation,-0.01654236865578702
8,alexnet,conv5,gap,euclidean,0.000998892771845233
8,alexnet,conv5,rp,correlation,-0.009492837251875936
8,alexnet,conv5,rp,euclidean,-0.0003510795331181122
8,alexnet,fc6,gap,correlation,0.00010465799967222966
8,alexnet,fc6,gap,euclidean,0.0014283849268565197
8,alexnet,fc6,rp,correlation,0.019029348548690806
8,alexnet,fc6,rp,euclidean,0.0023454088279639034
8,alexnet,fc7,gap,correlation,-0.005197338295261769
8,alexnet,fc7,gap,euclidean,0.00733517562862983
8,alexnet,fc7,rp,correlation,-0.008817943238729578
8,alexnet,fc7,rp,euclidean,0.007974000163311852
8,alexnet,logits,gap,correlation,0.03468062335986864
8,alexnet,logits,gap,euclidean,0.03122327293825133
8,alexnet,logits,rp,correlation,0.03468062335986864
8,alexnet,logits,rp,euclidean,0.03122327293825133
8,vgg16,conv1_2,gap,correlation,-0.005025050023468913
8,vgg16,conv1_2,gap,euclidean,0.018191089446491577
8,vgg16,conv1_2,rp,correlation,-0.005500878026439321
8,vgg16,conv1_2,rp,euclidean,0.0010915317071109208
8,vgg16,conv2_2,gap,correlation,0.01931937860577051
8,vgg16,conv2_2,gap,euclidean,0.03184837894967546
8,vgg16,conv2_2,rp,correlation,0.026195450544559854
8,vgg16,conv2_2,rp,euclidean,0.00760841175619293
8,vgg16,conv3_3,gap,correlation,0.011480987068633321
8,vgg16,conv3_3,gap,euclidean,0.011247542848681248
8,vgg16,conv3_3,rp,correlation,0.02730426759097572
8,vgg16,conv3_3,rp,euclidean,0.006935290913366174
8,vgg16,conv4_3,gap,correlation,0.003266085541831299
8,vgg16,conv4_3,gap,euclidean,0.008079583651418793
8,vgg16,conv4_3,rp,correlation,0.014669446244232795
8,vgg16,conv4_3,rp,euclidean,0.0008068907773767054
8,vgg16,conv5_3,gap,correlation,0.004104275027643848
8,vgg16,conv5_3,gap,euclidean,0.005446741048090262
8,vgg16,conv5_3,rp,correlation,0.0070712394313111075
8,vgg16,conv5_3,rp,euclidean,0.0024682612750495116
8,vgg16,fc6,gap,correlation,0.01207511378798403
8,vgg16,fc6,gap,euclidean,0.00576516230569145
8,vgg16,fc6,rp,correlation,0.02437033821032978
8,vgg16,fc6,rp,euclidean,0.006438238102620942
8,vgg16,fc7,gap,correlation,0.004213773413731251
8,vgg16,fc7,gap,euclidean,0.01497074187071025
8,vgg16,fc7,rp,correlation,0.004412659240318142
8,vgg16,fc7,rp,euclidean,0.013950243448504224
8,vgg16,logits,gap,correlation,0.0322806721404803
8,vgg16,logits,gap,euclidean,0.03778829476626462
8,vgg16,logits,rp,correlation,0.0322806721404803
8,vgg16,logits,rp,euclidean,0.03778829476626462
8,resnet50,stem,gap,correlation,0.062171622575332916
8,resnet50,stem,gap,euclidean,0.056279299796744724
8,resnet50,stem,rp,correlation,0.06472939004824743
8,resnet50,stem,rp,euclidean,0.0561328555847371
8,resnet50,layer1,gap,correlation,0.025960532095242753
8,resnet50,layer1,gap,euclidean,0.027638233778214803
8,resnet50,layer1,rp,correlation,0.026827948178216963
8,resnet50,layer1,rp,euclidean,0.024902838047140777
8,resnet50,layer2,gap,correlation,0.02222771782168852
8,resnet50,layer2,gap,euclidean,0.022907382604863368
8,resnet50,layer2,rp,correlation,0.036210586785057106
8,resnet50,layer2,rp,euclidean,0.02496693835894848
8,resnet50,layer3,gap,correlation,0.01147236692192948
8,resnet50,layer3,gap,euclidean,0.013945009934258379
8,resnet50,layer3,rp,correlation,0.023628526469255888
8,resnet50,layer3,rp,euclidean,0.024301323800638652
8,resnet50,layer4,gap,correlation,0.049583018319183596
8,resnet50,layer4,gap,euclidean,-0.001983899122088223
8,resnet50,layer4,rp,correlation,0.04480057730821934
8,resnet50,layer4,rp,euclidean,-0.00540237083928451
8,resnet50,avgpool,gap,correlation,0.049583018319183596
8,resnet50,avgpool,gap,euclidean,-0.001983899122088223
8,resnet50,avgpool,rp,correlation,0.049583018319183596
8,resnet50,avgpool,rp,euclidean,-0.001983899122088223
8,resnet50,logits,gap,correlation,0.026547181195647515
8,resnet50,logits,gap,euclidean,0.0014724029586472929
8,resnet50,logits,rp,correlation,0.026547181195647515
8,resnet50,logits,rp,euclidean,0.0014724029586472929
8,convnext_tiny,stage1,gap,correlation,0.01872925687619479
8,convnext_tiny,stage1,gap,euclidean,0.007267311936859739
8,convnext_tiny,stage1,rp,correlation,0.026192366948138
8,convnext_tiny,stage1,rp,euclidean,0.014318362616033111
8,convnext_tiny,stage2,gap,correlation,0.03475236918896663
8,convnext_tiny,stage2,gap,euclidean,0.029464111892698375
8,convnext_tiny,stage2,rp,correlation,0.0236252872597344
8,convnext_tiny,stage2,rp,euclidean,0.022676829512499375
8,convnext_tiny,stage3,gap,correlation,0.020980876050971972
8,convnext_tiny,stage3,gap,euclidean,0.013686532480671828
8,convnext_tiny,stage3,rp,correlation,-0.003521725103890172
8,convnext_tiny,stage3,rp,euclidean,0.009208654971277508
8,convnext_tiny,stage4,gap,correlation,0.04038405231089958
8,convnext_tiny,stage4,gap,euclidean,0.03356923460222712
8,convnext_tiny,stage4,rp,correlation,0.03165993558109085
8,convnext_tiny,stage4,rp,euclidean,0.017883765859943786
8,convnext_tiny,avgpool,gap,correlation,0.04038405231089958
8,convnext_tiny,avgpool,gap,euclidean,0.03356923460222712
8,convnext_tiny,avgpool,rp,correlation,0.04038405231089958
8,convnext_tiny,avgpool,rp,euclidean,0.03356923460222712
8,convnext_tiny,logits,gap,correlation,0.042780760225684854
8,convnext_tiny,logits,gap,euclidean,0.0018941922652263117
8,convnext_tiny,logits,rp,correlation,0.042780760225684854
8,convnext_tiny,logits,rp,euclidean,0.0018941922652263117
9,alexnet,conv1,gap,correlation,-0.031014505679837188
9,alexnet,conv1,gap,euclidean,-0.011295201407987326
9,alexnet,conv1,rp,correlation,-0.03443262522001849
9,alexnet,conv1,rp,euclidean,-0.009498488464441873
9,alexnet,conv2,gap,correlation,-0.01873386793804207
9,alexnet,conv2,gap,euclidean,-0.0036377551450809593
9,alexnet,conv2,rp,correlation,-0.029104322121081896
9,alexnet,conv2,rp,euclidean,-0.006796307939978225
9,alexnet,conv3,gap,correlation,-0.02414289328487705
9,alexnet,conv3,gap,euclidean,-0.01408387005519924
9,alexnet,conv3,rp,correlation,-0.017910854824526163
9,alexnet,conv3,rp,euclidean,-0.012071841817809984
9,alexnet,conv4,gap,correlation,-0.014603085447398717
9,alexnet,conv4,gap,euclidean,-0.010473384058289717
9,alexnet,conv4,rp,correlation,-0.02007210373922717
9,alexnet,conv4,rp,euclidean,-0.00815406499500523
9,alexnet,conv5,gap,correlation,-0.019117102051644057
9,alexnet,conv5,gap,euclidean,-0.013060636118504783
9,alexnet,conv5,rp,correlation,-0.006676977263042405
9,alexnet,conv5,rp,euclidean,-0.006396013716557619
9,alexnet,fc6,gap,correlation,-0.0243804653470512
9,alexnet,fc6,gap,euclidean,-0.00023333365274969575
9,alexnet,fc6,rp,correlation,-0.02292187100345633
9,alexnet,fc6,rp,euclidean,-0.004010677843290893
9,alexnet,fc7,gap,correlation,-0.021660155896479284
9,alexnet,fc7,gap,euclidean,0.004784275607507398
9,alexnet,fc7,rp,correlation,-0.031146039699850175
9,alexnet,fc7,rp,euclidean,0.004332821530038775
9,alexnet,logits,gap,correlation,-0.017584087790686292
9,alexnet,logits,gap,euclidean,-0.0017634936418535025
9,alexnet,logits,rp,correlation,-0.017584087790686292
9,alexnet,logits,rp,euclidean,-0.0017634936418535025
9,vgg16,conv1_2,gap,correlation,-0.023575519733420015
9,vgg16,conv1_2,gap,euclidean,-0.01396967051547003
9,vgg16,conv1_2,rp,correlation,-0.030959091036038437
9,vgg16,conv1_2,rp,euclidean,-0.007428862904777313
9,vgg16,conv2_2,gap,correlation,-0.030446755380875754
9,vgg16,conv2_2,gap,euclidean,-0.02427571725558444
9,vgg16,conv2_2,rp,correlation,-0.017837163831682646
9,vgg16,conv2_2,rp,euclidean,-0.008388446988636722
9,vgg16,conv3_3,gap,correlation,-0.030977633565385226
9,vgg16,conv3_3,gap,euclidean,-0.025677611099767732
9,vgg16,conv3_3,rp,correlation,-0.01585097146391549
9,vgg16,conv3_3,rp,euclidean,-0.010147268142419402
9,vgg16,conv4_3,gap,correlation,-0.02681333692717692
9,vgg16,conv4_3,gap,euclidean,-0.020016226351211065
9,vgg16,conv4_3,rp,correlation,-0.039919227792106465
9,vgg16,conv4_3,rp,euclidean,-0.016222661542573
9,vgg16,conv5_3,gap,correlation,-0.008393553555353914
9,vgg16,conv5_3,gap,euclidean,-0.006880273492479669
9,vgg16,conv5_3,rp,correlation,-0.015337648894094554
9,vgg16,conv5_3,rp,euclidean,0.005317361040982839
9,vgg16,fc6,gap,correlation,-0.013645708612505282
9,vgg16,fc6,gap,euclidean,0.00949424186485428
9,vgg16,fc6,rp,correlation,-0.009333804759123616
9,vgg16,fc6,rp,euclidean,0.007928815033273766
9,vgg16,fc7,gap,correlation,-0.0068823374135907065
9,vgg16,fc7,gap,euclidean,0.007926853489201965
9,vgg16,fc7,rp,correlation,-0.002301415366662547
9,vgg16,fc7,rp,euclidean,0.010056328666005065
9,vgg16,logits,gap,correlation,-0.012777952637760794
9,vgg16,logits,gap,euclidean,-0.007026729989731993
9,vgg16,logits,rp,correlation,-0.012777952637760794
9,vgg16,logits,rp,euclidean,-0.007026729989731993
9,resnet50,stem,gap,correlation,-0.013949375291211489
9,resnet50,stem,gap,euclidean,-0.01680718939072475
9,resnet50,stem,rp,correlation,-0.02284010041467615
9,resnet50,stem,rp,euclidean,-0.02644821945443849
9,resnet50,layer1,gap,correlation,-0.02172998932248431
9,resnet50,layer1,gap,euclidean,-0.02318112242745952
9,resnet50,layer1,rp,correlation,-0.018899960351420244
9,resnet50,layer1,rp,euclidean,-0.01734536910567268
9,resnet50,layer2,gap,correlation,-0.03231428047492135
9,resnet50,layer2,gap,euclidean,-0.02953568163328888
9,resnet50,layer2,rp,correlation,-0.03622956748813184
9,resnet50,layer2,rp,euclidean,-0.025294135376353145
9,resnet50,layer3,gap,correlation,-0.021148991434645485
9,resnet50,layer3,gap,euclidean,-0.015397297852236189
9,resnet50,layer3,rp,correlation,-0.021067315032741406
9,resnet50,layer3,rp,euclidean,-0.01547923224427915
9,resnet50,layer4,gap,correlation,0.006197623394840639
9,resnet50,layer4,gap,euclidean,0.015432245278350474
9,resnet50,layer4,rp,correlation,-0.017338059385071086
9,resnet50,layer4,rp,euclidean,0.012996838842733224
9,resnet50,avgpool,gap,correlation,0.006197623394840639
9,resnet50,avgpool,gap,euclidean,0.015432245278350474
9,resnet50,avgpool,rp,correlation,0.006197623394840639
9,resnet50,avgpool,rp,euclidean,0.015432245278350474
9,resnet50,logits,gap,correlation,0.004095061094112427
9,resnet50,logits,gap,euclidean,0.019641419915479155
9,resnet50,logits,rp,correlation,0.004095061094112427
9,resnet50,logits,rp,euclidean,0.019641419915479155
9,convnext_tiny,stage1,gap,correlation,-0.026314019536323743
9,convnext_tiny,stage1,gap,euclidean,-0.028861569780722303
9,convnext_tiny,stage1,rp,correlation,-0.012897123606515404
9,convnext_tiny,stage1,rp,euclidean,-0.01687961500336329
9,convnext_tiny,stage2,gap,correlation,-0.0029828205595044425
9,convnext_tiny,stage2,gap,euclidean,-0.0021931864558616954
9,convnext_tiny,stage2,rp,correlation,-0.0060059817675502305
9,convnext_tiny,stage2,rp,euclidean,-0.0012366777782609974
9,convnext_tiny,stage3,gap,correlation,-0.006462902778914162
9,convnext_tiny,stage3,gap,euclidean,-0.014048410743888766
9,convnext_tiny,stage3,rp,correlation,-0.013622350267232736
9,convnext_tiny,stage3,rp,euclidean,-0.02672903967306834
9,convnext_tiny,stage4,gap,correlation,0.03622557068851998
9,convnext_tiny,stage4,gap,euclidean,0.01227649351924676
9,convnext_tiny,stage4,rp,correlation,0.05102870906075291
9,convnext_tiny,stage4,rp,euclidean,0.017433253651236155
9,convnext_tiny,avgpool,gap,correlation,0.03622557068851998
9,convnext_tiny,avgpool,gap,euclidean,0.01227649351924676
9,convnext_tiny,avgpool,rp,correlation,0.03622557068851998
9,convnext_tiny,avgpool,rp,euclidean,0.01227649351924676
9,convnext_tiny,logits,gap,correlation,-0.0033793350226363826
9,convnext_tiny,logits,gap,euclidean,0.021123974581337288
9,convnext_tiny,logits,rp,correlation,-0.0033793350226363826
9,convnext_tiny,logits,rp,euclidean,0.021123974581337288
10,alexnet,conv1,gap,correlation,-0.008118013252195425
10,alexnet,conv1,gap,euclidean,-0.02139377969236124
10,alexnet,conv1,rp,correlation,-0.0034647059266248803
10,alexnet,conv1,rp,euclidean,-0.00886451470884304
10,alexnet,conv2,gap,correlation,-6.221060261721544e-05
10,alexnet,conv2,gap,euclidean,-0.0006834870037350461
10,alexnet,conv2,rp,correlation,0.01349488249893093
10,alexnet,conv2,rp,euclidean,0.0007375785572769401
10,alexnet,conv3,gap,correlation,-0.0012214787149334083
10,alexnet,conv3,gap,euclidean,-0.003065614391511939
10,alexnet,conv3,rp,correlation,0.007452318886761355
10,alexnet,conv3,rp,euclidean,0.01454588856896399
10,alexnet,conv4,gap,correlation,0.0034873361649999032
10,alexnet,conv4,gap,euclidean,0.0106115246499356
10,alexnet,conv4,rp,correlation,0.008728319271526957
10,alexnet,conv4,rp,euclidean,0.02605139623544696
10,alexnet,conv5,gap,correlation,0.0006003038019290192
10,alexnet,conv5,gap,euclidean,0.005755357083897382
10,alexnet,conv5,rp,correlation,-0.0005017862294587092
10,alexnet,conv5,rp,euclidean,0.013550187077066813
10,alexnet,fc6,gap,correlation,0.013597351664135716
10,alexnet,fc6,gap,euclidean,0.014627921572151014
10,alexnet,fc6,rp,correlation,0.00919132898703883
10,alexnet,fc6,rp,euclidean,0.013694235761256349
10,alexnet,fc7,gap,correlation,0.01307488602337147
10,alexnet,fc7,gap,euclidean,0.01611979200697403
10,alexnet,fc7,rp,correlation,0.016587487895851006
10,alexnet,fc7,rp,euclidean,0.017357289734606842
10,alexnet,logits,gap,correlation,0.010045006724247995
10,alexnet,logits,gap,euclidean,0.01599233582387097
10,alexnet,logits,rp,correlation,0.010045006724247995
10,alexnet,logits,rp,euclidean,0.01599233582387097
10,vgg16,conv1_2,gap,correlation,-0.0009429582804338625
10,vgg16,conv1_2,gap,euclidean,-0.008744607308273105
10,vgg16,conv1_2,rp,correlation,-0.000894395412690878
10,vgg16,conv1_2,rp,euclidean,-0.004921200504762571
10,vgg16,conv2_2,gap,correlation,0.014137580946597098
10,vgg16,conv2_2,gap,euclidean,-0.01047972058717891
10,vgg16,conv2_2,rp,correlation,0.016645489158144053
10,vgg16,conv2_2,rp,euclidean,0.0045359242404571605
10,vgg16,conv3_3,gap,correlation,0.00636881406751291
10,vgg16,conv3_3,gap,euclidean,-0.004578608852232715
10,vgg16,conv3_3,rp,correlation,0.013539796627357326
10,vgg16,conv3_3,rp,euclidean,0.012740545515556654
10,vgg16,conv4_3,gap,correlation,0.0001562997493121168
10,vgg16,conv4_3,gap,euclidean,0.007007715570998418
10,vgg16,conv4_3,rp,correlation,0.01029709514342455
10,vgg16,conv4_3,rp,euclidean,0.01631479094595608
10,vgg16,conv5_3,gap,correlation,0.004592042334423013
10,vgg16,conv5_3,gap,euclidean,0.007264685085154779
10,vgg16,conv5_3,rp,correlation,0.008176446241701205
10,vgg16,conv5_3,rp,euclidean,0.004804927345207301
10,vgg16,fc6,gap,correlation,0.011098322857053679
10,vgg16,fc6,gap,euclidean,0.012088891950071097
10,vgg16,fc6,rp,correlation,0.0237967959113603
10,vgg16,fc6,rp,euclidean,0.013534723832607686
10,vgg16,fc7,gap,correlation,0.007993318190146946
10,vgg16,fc7,gap,euclidean,0.009003698407277123
10,vgg16,fc7,rp,correlation,-0.005117351253286056
10,vgg16,fc7,rp,euclidean,0.008360672942356531
10,vgg16,logits,gap,correlation,0.011610393215341127
10,vgg16,logits,gap,euclidean,0.012954041065944027
10,vgg16,logits,rp,correlation,0.011610393215341127
10,vgg16,logits,rp,euclidean,0.012954041065944027
10,resnet50,stem,gap,correlation,0.00474340782831495
10,resnet50,stem,gap,euclidean,0.006139257620442807
10,resnet50,stem,rp,correlation,0.013159214591029195
10,resnet50,stem,rp,euclidean,0.014140802791468258
10,resnet50,layer1,gap,correlation,-0.007162156315819875
10,resnet50,layer1,gap,euclidean,-0.010451424734597953
10,resnet50,layer1,rp,correlation,0.0068407160748691805
10,resnet50,layer1,rp,euclidean,0.00688199918412578
10,resnet50,layer2,gap,correlation,-0.010392490748214706
10,resnet50,layer2,gap,euclidean,-0.012988269945855222
10,resnet50,layer2,rp,correlation,0.013836783065735924
10,resnet50,layer2,rp,euclidean,0.015823182524445364
10,resnet50,layer3,gap,correlation,0.0025102392163112368
10,resnet50,layer3,gap,euclidean,0.007150945906590677
10,resnet50,layer3,rp,correlation,0.01584489775887698
10,resnet50,layer3,rp,euclidean,0.01749328702846335
10,resnet50,layer4,gap,correlation,0.021269141012598008
10,resnet50,layer4,gap,euclidean,0.02065523297070052
10,resnet50,layer4,rp,correlation,0.010384995126121954
10,resnet50,layer4,rp,euclidean,0.018134142580863218
10,resnet50,avgpool,gap,correlation,0.021269141012598008
10,resnet50,avgpool,gap,euclidean,0.02065523297070052
10,resnet50,avgpool,rp,correlation,0.021269141012598008
10,resnet50,avgpool,rp,euclidean,0.02065523297070052
10,resnet50,logits,gap,correlation,0.006829687699875202
10,resnet50,logits,gap,euclidean,0.018308154422354533
10,resnet50,logits,rp,correlation,0.006829687699875202
10,resnet50,logits,rp,euclidean,0.018308154422354533
10,convnext_tiny,stage1,gap,correlation,-0.016128552203178714
10,convnext_tiny,stage1,gap,euclidean,-0.019165659711270634
10,convnext_tiny,stage1,rp,correlation,0.0032412017151452516
10,convnext_tiny,stage1,rp,euclidean,0.002772938781570955
10,convnext_tiny,stage2,gap,correlation,-0.002600898709140789
10,convnext_tiny,stage2,gap,euclidean,-0.0073969869229440635
10,convnext_tiny,stage2,rp,correlation,0.022483531668814866
10,convnext_tiny,stage2,rp,euclidean,0.016402257590518315
10,convnext_tiny,stage3,gap,correlation,0.005892751047505537
10,convnext_tiny,stage3,gap,euclidean,0.0025659900199617777
10,convnext_tiny,stage3,rp,correlation,0.021258716733517372
10,convnext_tiny,stage3,rp,euclidean,0.018380913345079925
10,convnext_tiny,stage4,gap,correlation,0.023959215555005183
10,convnext_tiny,stage4,gap,euclidean,0.014428542535066629
10,convnext_tiny,stage4,rp,correlation,0.03008175018964423
10,convnext_tiny,stage4,rp,euclidean,0.014750772128010754
10,convnext_tiny,avgpool,gap,correlation,0.023959215555005183
10,convnext_tiny,avgpool,gap,euclidean,0.014428542535066629
10,convnext_tiny,avgpool,rp,correlation,0.023959215555005183
10,convnext_tiny,avgpool,rp,euclidean,0.014428542535066629
10,convnext_tiny,logits,gap,correlation,0.004472769637292695
10,convnext_tiny,logits,gap,euclidean,0.011324404544430233
10,convnext_tiny,logits,rp,correlation,0.004472769637292695
10,convnext_tiny,logits,rp,euclidean,0.011324404544430233
11,alexnet,conv1,gap,correlation,0.020490619250698377
11,alexnet,conv1,gap,euclidean,0.02303109387020301
11,alexnet,conv1,rp,correlation,0.014535245204432114
11,alexnet,conv1,rp,euclidean,0.021679549277820898
11,alexnet,conv2,gap,correlation,0.042468292278137386
11,alexnet,conv2,gap,euclidean,0.026151606887397063
11,alexnet,conv2,rp,correlation,0.04786872770918299
11,alexnet,conv2,rp,euclidean,0.008051759234264903
11,alexnet,conv3,gap,correlation,0.05695903413936417
11,alexnet,conv3,gap,euclidean,0.04590588638017146
11,alexnet,conv3,rp,correlation,0.03464832545128317
11,alexnet,conv3,rp,euclidean,0.0132291624541045
11,alexnet,conv4,gap,correlation,0.05055573183342795
11,alexnet,conv4,gap,euclidean,0.04164135424243641
11,alexnet,conv4,rp,correlation,0.032603671815458306
11,alexnet,conv4,rp,euclidean,-0.000687538473660529
11,alexnet,conv5,gap,correlation,0.04612063361729129
11,alexnet,conv5,gap,euclidean,0.03611738200257351
11,alexnet,conv5,rp,correlation,0.02537318178084357
11,alexnet,conv5,rp,euclidean,0.018542232728701306
11,alexnet,fc6,gap,correlation,0.045450322348156845
11,alexnet,fc6,gap,euclidean,0.018216480048390566
11,alexnet,fc6,rp,correlation,0.033430625960383625
11,alexnet,fc6,rp,euclidean,0.016229007715339028
11,alexnet,fc7,gap,correlation,0.055270247767860776
11,alexnet,fc7,gap,euclidean,0.015713543143479815
11,alexnet,fc7,rp,correlation,0.043194832794885736
11,alexnet,fc7,rp,euclidean,0.014660998642520769
11,alexnet,logits,gap,correlation,0.05499669219630768
11,alexnet,logits,gap,euclidean,0.04478382091058254
11,alexnet,logits,rp,correlation,0.05499669219630768
11,alexnet,logits,rp,euclidean,0.04478382091058254
11,vgg16,conv1_2,gap,correlation,0.006791657043016037
11,vgg16,conv1_2,gap,euclidean,0.001098450957605754
11,vgg16,conv1_2,rp,correlation,0.012072102916447487
11,vgg16,conv1_2,rp,euclidean,0.01651956012950992
11,vgg16,conv2_2,gap,correlation,0.06167102092557315
11,vgg16,conv2_2,gap,euclidean,0.04163382640189495
11,vgg16,conv2_2,rp,correlation,0.014024993577574437
11,vgg16,conv2_2,rp,euclidean,0.01403798727793982
11,vgg16,conv3_3,gap,correlation,0.06673773605394163
11,vgg16,conv3_3,gap,euclidean,0.05510380242904937
11,vgg16,conv3_3,rp,correlation,0.015508184362314553
11,vgg16,conv3_3,rp,euclidean,0.0187557202244765
11,vgg16,conv4_3,gap,correlation,0.055927114278347866
11,vgg16,conv4_3,gap,euclidean,0.05541784853602076
11,vgg16,conv4_3,rp,correlation,0.026038735996025738
11,vgg16,conv4_3,rp,euclidean,0.001564231459706822
11,vgg16,conv5_3,gap,correlation,0.04479077526273695
11,vgg16,conv5_3,gap,euclidean,0.03890146997832111
11,vgg16,conv5_3,rp,correlation,0.03190392254973607
11,vgg16,conv5_3,rp,euclidean,0.02589724867850878
11,vgg16,fc6,gap,correlation,0.043950605110150115
11,vgg16,fc6,gap,euclidean,0.024599465400569266
11,vgg16,fc6,rp,correlation,0.04396540465456578
11,vgg16,fc6,rp,euclidean,0.02517216604656463
11,vgg16,fc7,gap,correlation,0.05830468114470964
11,vgg16,fc7,gap,euclidean,0.032798235805382735
11,vgg16,fc7,rp,correlation,0.04750252637743728
11,vgg16,fc7,rp,euclidean,0.03474243070720243
11,vgg16,logits,gap,correlation,0.07745849413238902
11,vgg16,logits,gap,euclidean,0.059639422205166215
11,vgg16,logits,rp,correlation,0.07745849413238902
11,vgg16,logits,rp,euclidean,0.059639422205166215
11,resnet50,stem,gap,correlation,0.03392342485357424
11,resnet50,stem,gap,euclidean,0.032492908010632704
11,resnet50,stem,rp,correlation,0.03523097837608555
11,resnet50,stem,rp,euclidean,0.029113076754371216
11,resnet50,layer1,gap,correlation,0.025315934430250375
11,resnet50,layer1,gap,euclidean,0.02750483328280192
11,resnet50,layer1,rp,correlation,0.020801005341896123
11,resnet50,layer1,rp,euclidean,0.018729789206030977
11,resnet50,layer2,gap,correlation,0.046532348340609424
11,resnet50,layer2,gap,euclidean,0.04788323406571538
11,resnet50,layer2,rp,correlation,0.021043557100254046
11,resnet50,layer2,rp,euclidean,0.015975997848529322
11,resnet50,layer3,gap,correlation,0.05591825098310731
11,resnet50,layer3,gap,euclidean,0.051987650178888435
11,resnet50,layer3,rp,correlation,0.03396373818752463
11,resnet50,layer3,rp,euclidean,0.03055983813915313
11,resnet50,layer4,gap,correlation,0.05958437215277515
11,resnet50,layer4,gap,euclidean,0.040246738416894204
11,resnet50,layer4,rp,correlation,0.04861915659472855
11,resnet50,layer4,rp,euclidean,0.03189281040677545
11,resnet50,avgpool,gap,correlation,0.05958437215277515
11,resnet50,avgpool,gap,euclidean,0.040246738416894204
11,resnet50,avgpool,rp,correlation,0.05958437215277515
11,resnet50,avgpool,rp,euclidean,0.040246738416894204
11,resnet50,logits,gap,correlation,0.059062573433899236
11,resnet50,logits,gap,euclidean,0.041758142897171065
11,resnet50,logits,rp,correlation,0.059062573433899236
11,resnet50,logits,rp,euclidean,0.041758142897171065
11,convnext_tiny,stage1,gap,correlation,0.04143815248641239
11,convnext_tiny,stage1,gap,euclidean,0.04221115200620285
11,convnext_tiny,stage1,rp,correlation,0.014964200019655835
11,convnext_tiny,stage1,rp,euclidean,0.01835708941318014
11,convnext_tiny,stage2,gap,correlation,0.0353878548356296
11,convnext_tiny,stage2,gap,euclidean,0.030194429381245728
11,convnext_tiny,stage2,rp,correlation,0.010459083059856699
11,convnext_tiny,stage2,rp,euclidean,0.0022860648610984065
11,convnext_tiny,stage3,gap,correlation,0.04463240386717267
11,convnext_tiny,stage3,gap,euclidean,0.008855419440771757
11,convnext_tiny,stage3,rp,correlation,-0.0009952971503658459
11,convnext_tiny,stage3,rp,euclidean,0.00922011133819533
11,convnext_tiny,stage4,gap,correlation,0.038142491927409934
11,convnext_tiny,stage4,gap,euclidean,0.016224795153169987
11,convnext_tiny,stage4,rp,correlation,0.03624936648864299
11,convnext_tiny,stage4,rp,euclidean,0.018443726432688046
11,convnext_tiny,avgpool,gap,correlation,0.038142491927409934
11,convnext_tiny,avgpool,gap,euclidean,0.016224795153169987
11,convnext_tiny,avgpool,rp,correlation,0.038142491927409934
11,convnext_tiny,avgpool,rp,euclidean,0.016224795153169987
11,convnext_tiny,logits,gap,correlation,0.07349302169020713
11,convnext_tiny,logits,gap,euclidean,0.031395798951415796
11,convnext_tiny,logits,rp,correlation,0.07349302169020713
11,convnext_tiny,logits,rp,euclidean,0.031395798951415796
12,alexnet,conv1,gap,correlation,0.00634441503630362
12,alexnet,conv1,gap,euclidean,-0.0015450147659727923
12,alexnet,conv1,rp,correlation,0.0028817775340860235
12,alexnet,conv1,rp,euclidean,-0.004540357498999875
12,alexnet,conv2,gap,correlation,0.0248390611162579
12,alexnet,conv2,gap,euclidean,0.01879778463111436
12,alexnet,conv2,rp,correlation,0.030581861059769948
12,alexnet,conv2,rp,euclidean,0.0007458925279669668
12,alexnet,conv3,gap,correlation,0.01517598799226149
12,alexnet,conv3,gap,euclidean,0.007851642394705021
12,alexnet,conv3,rp,correlation,0.023950482744481905
12,alexnet,conv3,rp,euclidean,0.008191617909199495
12,alexnet,conv4,gap,correlation,0.018534514799312445
12,alexnet,conv4,gap,euclidean,0.011131865484007316
12,alexnet,conv4,rp,correlation,0.022422730623328783
12,alexnet,conv4,rp,euclidean,0.009577465483924838
12,alexnet,conv5,gap,correlation,0.015058377767084689
12,alexnet,conv5,gap,euclidean,0.009447847442913226
12,alexnet,conv5,rp,correlation,0.027997814210227755
12,alexnet,conv5,rp,euclidean,0.005350108603235655
12,alexnet,fc6,gap,correlation,0.017754190415207396
12,alexnet,fc6,gap,euclidean,0.00678798252894048
12,alexnet,fc6,rp,correlation,0.015269708237718645
12,alexnet,fc6,rp,euclidean,0.007238004987776708
12,alexnet,fc7,gap,correlation,0.011232230784511237
12,alexnet,fc7,gap,euclidean,0.013191310609635683
12,alexnet,fc7,rp,correlation,0.011286630024238327
12,alexnet,fc7,rp,euclidean,0.012991781756764787
12,alexnet,logits,gap,correlation,0.013310729900707642
12,alexnet,logits,gap,euclidean,0.01802568561696538
12,alexnet,logits,rp,correlation,0.013310729900707642
12,alexnet,logits,rp,euclidean,0.01802568561696538
12,vgg16,conv1_2,gap,correlation,0.00017061440607467768
12,vgg16,conv1_2,gap,euclidean,8.195567891011537e-05
12,vgg16,conv1_2,rp,correlation,0.010441615827887708
12,vgg16,conv1_2,rp,euclidean,0.001465243497885323
12,vgg16,conv2_2,gap,correlation,0.019525402854972108
12,vgg16,conv2_2,gap,euclidean,0.002427650444883939
12,vgg16,conv2_2,rp,correlation,0.02253136639961697
12,vgg16,conv2_2,rp,euclidean,0.00662819996532264
12,vgg16,conv3_3,gap,correlation,0.022280805134909345
12,vgg16,conv3_3,gap,euclidean,0.007049746148265126
12,vgg16,conv3_3,rp,correlation,0.019411784495590678
12,vgg16,conv3_3,rp,euclidean,0.002255582986772368
12,vgg16,conv4_3,gap,correlation,0.0158299258457607
12,vgg16,conv4_3,gap,euclidean,0.009326342007287197
12,vgg16,conv4_3,rp,correlation,0.033048317015204554
12,vgg16,conv4_3,rp,euclidean,0.011554890493745666
12,vgg16,conv5_3,gap,correlation,0.014123469266061419
12,vgg16,conv5_3,gap,euclidean,0.003971410302279415
12,vgg16,conv5_3,rp,correlation,0.03152911405941706
12,vgg16,conv5_3,rp,euclidean,0.001982325435869861
12,vgg16,fc6,gap,correlation,0.006278025700888511
12,vgg16,fc6,gap,euclidean,-0.005385521511137003
12,vgg16,fc6,rp,correlation,0.009579780379464765
12,vgg16,fc6,rp,euclidean,-0.007313024034679217
12,vgg16,fc7,gap,correlation,0.006526273680978644
12,vgg16,fc7,gap,euclidean,0.001972809717042892
12,vgg16,fc7,rp,correlation,0.006652523283177457
12,vgg16,fc7,rp,euclidean,0.002730149459837088
12,vgg16,logits,gap,correlation,0.01551296558010335
12,vgg16,logits,gap,euclidean,0.014980059551034113
12,vgg16,logits,rp,correlation,0.01551296558010335
12,vgg16,logits,rp,euclidean,0.014980059551034113
12,resnet50,stem,gap,correlation,-0.02085070068811132
12,resnet50,stem,gap,euclidean,-0.02419214044088808
12,resnet50,stem,rp,correlation,-0.00032254211189663133
12,resnet50,stem,rp,euclidean,-0.0007467028219520633
12,resnet50,layer1,gap,correlation,0.014828760104962037
12,resnet50,layer1,gap,euclidean,0.01725002646423377
12,resnet50,layer1,rp,correlation,0.020266201646197773
12,resnet50,layer1,rp,euclidean,0.01829051965445224
12,resnet50,layer2,gap,correlation,0.016136173477221443
12,resnet50,layer2,gap,euclidean,0.015954306777934243
12,resnet50,layer2,rp,correlation,0.03306504644469805
12,resnet50,layer2,rp,euclidean,0.02751034747029891
12,resnet50,layer3,gap,correlation,0.011323723124239985
12,resnet50,layer3,gap,euclidean,0.012288768762188079
12,resnet50,layer3,rp,correlation,0.019017664267113932
12,resnet50,layer3,rp,euclidean,0.02207427682405585
12,resnet50,layer4,gap,correlation,0.02024509534044681
12,resnet50,layer4,gap,euclidean,0.0013516348040385029
12,resnet50,layer4,rp,correlation,0.007117156808504391
12,resnet50,layer4,rp,euclidean,0.0049763053285164435
12,resnet50,avgpool,gap,correlation,0.02024509534044681
12,resnet50,avgpool,gap,euclidean,0.0013516348040385029
12,resnet50,avgpool,rp,correlation,0.02024509534044681
12,resnet50,avgpool,rp,euclidean,0.0013516348040385029
12,resnet50,logits,gap,correlation,0.02726464313673456
12,resnet50,logits,gap,euclidean,0.012490014858375306
12,resnet50,logits,rp,correlation,0.02726464313673456
12,resnet50,logits,rp,euclidean,0.012490014858375306
12,convnext_tiny,stage1,gap,correlation,0.007075292156248549
12,convnext_tiny,stage1,gap,euclidean,0.009258525394594163
12,convnext_tiny,stage1,rp,correlation,0.014027086165818253
12,convnext_tiny,stage1,rp,euclidean,0.024165645599590103
12,convnext_tiny,stage2,gap,correlation,0.0025418535691094876
12,convnext_tiny,stage2,gap,euclidean,-0.007109137636620077
12,convnext_tiny,stage2,rp,correlation,0.020920153997998906
12,convnext_tiny,stage2,rp,euclidean,0.01312325396949975
12,convnext_tiny,stage3,gap,correlation,0.011570289301307372
12,convnext_tiny,stage3,gap,euclidean,-0.0021909833861831884
12,convnext_tiny,stage3,rp,correlation,-0.006209216759975161
12,convnext_tiny,stage3,rp,euclidean,-0.0058150627021272714
12,convnext_tiny,stage4,gap,correlation,-0.0009583812518321023
12,convnext_tiny,stage4,gap,euclidean,-0.005526229142195145
12,convnext_tiny,stage4,rp,correlation,-0.0071038602547211175
12,convnext_tiny,stage4,rp,euclidean,-0.009105687517596108
12,convnext_tiny,avgpool,gap,correlation,-0.0009583812518321023
12,convnext_tiny,avgpool,gap,euclidean,-0.005526229142195145
12,convnext_tiny,avgpool,rp,correlation,-0.0009583812518321023
12,convnext_tiny,avgpool,rp,euclidean,-0.005526229142195145
12,convnext_tiny,logits,gap,correlation,0.019948432697477765
12,convnext_tiny,logits,gap,euclidean,0.007397702172505464
12,convnext_tiny,logits,rp,correlation,0.019948432697477765
12,convnext_tiny,logits,rp,euclidean,0.007397702172505464
13,alexnet,conv1,gap,correlation,0.1368106034884023
13,alexnet,conv1,gap,euclidean,0.10204089503159819
13,alexnet,conv1,rp,correlation,0.17245179359717358
13,alexnet,conv1,rp,euclidean,0.06757745675916893
13,alexnet,conv2,gap,correlation,0.28227405775406955
13,alexnet,conv2,gap,euclidean,0.14327715544192668
13,alexnet,conv2,rp,correlation,0.20323030156957717
13,alexnet,conv2,rp,euclidean,0.05097878100700283
13,alexnet,conv3,gap,correlation,0.2873113139438585
13,alexnet,conv3,gap,euclidean,0.2028152216292911
13,alexnet,conv3,rp,correlation,0.2564795327665103
13,alexnet,conv3,rp,euclidean,0.12877321207134032
13,alexnet,conv4,gap,correlation,0.33300595845413
13,alexnet,conv4,gap,euclidean,0.28874425522506564
13,alexnet,conv4,rp,correlation,0.3201350232657151
13,alexnet,conv4,rp,euclidean,0.1894969042839119
13,alexnet,conv5,gap,correlation,0.28876838845407304
13,alexnet,conv5,gap,euclidean,0.18447550923642358
13,alexnet,conv5,rp,correlation,0.32334190266744794
13,alexnet,conv5,rp,euclidean,0.10632145906941215
13,alexnet,fc6,gap,correlation,0.2876749120249483
13,alexnet,fc6,gap,euclidean,0.13924237789472133
13,alexnet,fc6,rp,correlation,0.27159449901691207
13,alexnet,fc6,rp,euclidean,0.1390581608596006
13,alexnet,fc7,gap,correlation,0.2885690206934457
13,alexnet,fc7,gap,euclidean,0.14461685653256243
13,alexnet,fc7,rp,correlation,0.27434525861839
13,alexnet,fc7,rp,euclidean,0.1450194856533439
13,alexnet,logits,gap,correlation,0.2700709062974876
13,alexnet,logits,gap,euclidean,0.218495417067432
13,alexnet,logits,rp,correlation,0.2700709062974876
13,alexnet,logits,rp,euclidean,0.218495417067432
13,vgg16,conv1_2,gap,correlation,0.15741747173481943
13,vgg16,conv1_2,gap,euclidean,0.11999547453225708
13,vgg16,conv1_2,rp,correlation,0.195066869970233
13,vgg16,conv1_2,rp,euclidean,0.10619801730501854
13,vgg16,conv2_2,gap,correlation,0.2285940401231034
13,vgg16,conv2_2,gap,euclidean,0.13616298850546274
13,vgg16,conv2_2,rp,correlation,0.1721761921541273
13,vgg16,conv2_2,rp,euclidean,0.07443761666783556
13,vgg16,conv3_3,gap,correlation,0.28037787800636466
13,vgg16,conv3_3,gap,euclidean,0.18265194665026982
13,vgg16,conv3_3,rp,correlation,0.20735056110490413
13,vgg16,conv3_3,rp,euclidean,0.10890683331904123
13,vgg16,conv4_3,gap,correlation,0.31750887173647413
13,vgg16,conv4_3,gap,euclidean,0.25383191730673776
13,vgg16,conv4_3,rp,correlation,0.2766535397107974
13,vgg16,conv4_3,rp,euclidean,0.13028414616226597
13,vgg16,conv5_3,gap,correlation,0.272387404705239
13,vgg16,conv5_3,gap,euclidean,0.1367303553872739
13,vgg16,conv5_3,rp,correlation,0.27962826746941644
13,vgg16,conv5_3,rp,euclidean,0.06250446225514657
13,vgg16,fc6,gap,correlation,0.25985425578772864
13,vgg16,fc6,gap,euclidean,0.09881659994741435
13,vgg16,fc6,rp,correlation,0.2000747896515477
13,vgg16,fc6,rp,euclidean,0.09833498568869396
13,vgg16,fc7,gap,correlation,0.290098093770996
13,vgg16,fc7,gap,euclidean,0.11408816718962364
13,vgg16,fc7,rp,correlation,0.28939144814632706
13,vgg16,fc7,rp,euclidean,0.12014495202505454
13,vgg16,logits,gap,correlation,0.26585446502722193
13,vgg16,logits,gap,euclidean,0.19008639879629816
13,vgg16,logits,rp,correlation,0.26585446502722193
13,vgg16,logits,rp,euclidean,0.19008639879629816
13,resnet50,stem,gap,correlation,0.05398542758276037
13,resnet50,stem,gap,euclidean,0.06425798998841348
13,resnet50,stem,rp,correlation,0.06786608251010687
13,resnet50,stem,rp,euclidean,0.0625411155733233
13,resnet50,layer1,gap,correlation,0.15689506408726284
13,resnet50,layer1,gap,euclidean,0.15050206201937968
13,resnet50,layer1,rp,correlation,0.15058077168958212
13,resnet50,layer1,rp,euclidean,0.13480351817469757
13,resnet50,layer2,gap,correlation,0.2090492691476883
13,resnet50,layer2,gap,euclidean,0.19627440131871915
13,resnet50,layer2,rp,correlation,0.18774349414798278
13,resnet50,layer2,rp,euclidean,0.15814845517564508
13,resnet50,layer3,gap,correlation,0.27712865873025755
13,resnet50,layer3,gap,euclidean,0.26202319692222575
13,resnet50,layer3,rp,correlation,0.2782047291424658
13,resnet50,layer3,rp,euclidean,0.2654016508398049
13,resnet50,layer4,gap,correlation,0.3354581045855694
13,resnet50,layer4,gap,euclidean,0.19284356342537992
13,resnet50,layer4,rp,correlation,0.27829307696160027
13,resnet50,layer4,rp,euclidean,0.14410543859786137
13,resnet50,avgpool,gap,correlation,0.3354581045855694
13,resnet50,avgpool,gap,euclidean,0.19284356342537992
13,resnet50,avgpool,rp,correlation,0.3354581045855694
13,resnet50,avgpool,rp,euclidean,0.19284356342537992
13,resnet50,logits,gap,correlation,0.25798209328261584
13,resnet50,logits,gap,euclidean,0.21130634707048088
13,resnet50,logits,rp,correlation,0.25798209328261584
13,resnet50,logits,rp,euclidean,0.21130634707048088
13,convnext_tiny,stage1,gap,correlation,0.1431743238191739
13,convnext_tiny,stage1,gap,euclidean,0.12586903466078758
13,convnext_tiny,stage1,rp,correlation,0.1273896117334126
13,convnext_tiny,stage1,rp,euclidean,0.13695154309229116
13,convnext_tiny,stage2,gap,correlation,0.12610311779990163
13,convnext_tiny,stage2,gap,euclidean,0.10914124025356489
13,convnext_tiny,stage2,rp,correlation,0.08798802121943117
13,convnext_tiny,stage2,rp,euclidean,0.07334272907065731
13,convnext_tiny,stage3,gap,correlation,0.22946228543189748
13,convnext_tiny,stage3,gap,euclidean,0.08844923475642738
13,convnext_tiny,stage3,rp,correlation,0.20297135545359235
13,convnext_tiny,stage3,rp,euclidean,0.1653164220886901
13,convnext_tiny,stage4,gap,correlation,0.17779086415988063
13,convnext_tiny,stage4,gap,euclidean,0.11311765730277408
13,convnext_tiny,stage4,rp,correlation,0.19010520309388867
13,convnext_tiny,stage4,rp,euclidean,0.10759727580902008
13,convnext_tiny,avgpool,gap,correlation,0.17779086415988063
13,convnext_tiny,avgpool,gap,euclidean,0.11311765730277408
13,convnext_tiny,avgpool,rp,correlation,0.17779086415988063
13,convnext_tiny,avgpool,rp,euclidean,0.11311765730277408
13,convnext_tiny,logits,gap,correlation,0.26245339053680244
13,convnext_tiny,logits,gap,euclidean,0.21680547405361983
13,convnext_tiny,logits,rp,correlation,0.26245339053680244
13,convnext_tiny,logits,rp,euclidean,0.21680547405361983
14,alexnet,conv1,gap,correlation,0.03774186357229345
14,alexnet,conv1,gap,euclidean,0.042079006427889816
14,alexnet,conv1,rp,correlation,0.06690831824156761
14,alexnet,conv1,rp,euclidean,0.02961605184458738
14,alexnet,conv2,gap,correlation,0.16167735797225025
14,alexnet,conv2,gap,euclidean,0.09342744902802999
14,alexnet,conv2,rp,correlation,0.14615164355199173
14,alexnet,conv2,rp,euclidean,0.03737507908662606
14,alexnet,conv3,gap,correlation,0.19067005371485546
14,alexnet,conv3,gap,euclidean,0.13855125834048648
14,alexnet,conv3,rp,correlation,0.18298310397535195
14,alexnet,conv3,rp,euclidean,0.08297365945929659
14,alexnet,conv4,gap,correlation,0.22482468137822897
14,alexnet,conv4,gap,euclidean,0.2018635273164891
14,alexnet,conv4,rp,correlation,0.21488668984229897
14,alexnet,conv4,rp,euclidean,0.131745897180311
14,alexnet,conv5,gap,correlation,0.18945923286275584
14,alexnet,conv5,gap,euclidean,0.11245477560791253
14,alexnet,conv5,rp,correlation,0.1904407968993584
14,alexnet,conv5,rp,euclidean,0.05140690297532735
14,alexnet,fc6,gap,correlation,0.1815841821541394
14,alexnet,fc6,gap,euclidean,0.0836094776572404
14,alexnet,fc6,rp,correlation,0.1675402006338168
14,alexnet,fc6,rp,euclidean,0.08679895748574651
14,alexnet,fc7,gap,correlation,0.18791362849917162
14,alexnet,fc7,gap,euclidean,0.08116550534623918
14,alexnet,fc7,rp,correlation,0.18127265069708998
14,alexnet,fc7,rp,euclidean,0.08058099180602371
14,alexnet,logits,gap,correlation,0.17610977960854177
14,alexnet,logits,gap,euclidean,0.13488436231712714
14,alexnet,logits,rp,correlation,0.17610977960854177
14,alexnet,logits,rp,euclidean,0.13488436231712714
14,vgg16,conv1_2,gap,correlation,0.04611840087879557
14,vgg16,conv1_2,gap,euclidean,0.039422213543001725
14,vgg16,conv1_2,rp,correlation,0.06365324648425201
14,vgg16,conv1_2,rp,euclidean,0.039599543884710334
14,vgg16,conv2_2,gap,correlation,0.12518692016296765
14,vgg16,conv2_2,gap,euclidean,0.06038638116378554
14,vgg16,conv2_2,rp,correlation,0.10888889891956592
14,vgg16,conv2_2,rp,euclidean,0.03673833783012666
14,vgg16,conv3_3,gap,correlation,0.17293263461312489
14,vgg16,conv3_3,gap,euclidean,0.09806040395954942
14,vgg16,conv3_3,rp,correlation,0.11755303743033695
14,vgg16,conv3_3,rp,euclidean,0.05733101062804145
14,vgg16,conv4_3,gap,correlation,0.20633595543822547
14,vgg16,conv4_3,gap,euclidean,0.16799379289677027
14,vgg16,conv4_3,rp,correlation,0.1669763938905883
14,vgg16,conv4_3,rp,euclidean,0.07791692399541654
14,vgg16,conv5_3,gap,correlation,0.19801963119052043
14,vgg16,conv5_3,gap,euclidean,0.08024465858715608
14,vgg16,conv5_3,rp,correlation,0.1800560724082056
14,vgg16,conv5_3,rp,euclidean,0.03080378334541783
14,vgg16,fc6,gap,correlation,0.19127354231043964
14,vgg16,fc6,gap,euclidean,0.06113859656231215
14,vgg16,fc6,rp,correlation,0.1378237818778031
14,vgg16,fc6,rp,euclidean,0.06035192192196605
14,vgg16,fc7,gap,correlation,0.21790788304764983
14,vgg16,fc7,gap,euclidean,0.08516877002875975
14,vgg16,fc7,rp,correlation,0.1912830531964993
14,vgg16,fc7,rp,euclidean,0.08894368162326959
14,vgg16,logits,gap,correlation,0.19560292374174137
14,vgg16,logits,gap,euclidean,0.15524609810744455
14,vgg16,logits,rp,correlation,0.19560292374174137
14,vgg16,logits,rp,euclidean,0.15524609810744455
14,resnet50,stem,gap,correlation,0.027198100763688067
14,resnet50,stem,gap,euclidean,0.03696636873365027
14,resnet50,stem,rp,correlation,0.05136344350986029
14,resnet50,stem,rp,euclidean,0.04415307228554351
14,resnet50,layer1,gap,correlation,0.06195673090690269
14,resnet50,layer1,gap,euclidean,0.06304230092871356
14,resnet50,layer1,rp,correlation,0.06839143331295323
14,resnet50,layer1,rp,euclidean,0.062005559576847544
14,resnet50,layer2,gap,correlation,0.1134475661629686
14,resnet50,layer2,gap,euclidean,0.10605425536502254
14,resnet50,layer2,rp,correlation,0.12099119857706835
14,resnet50,layer2,rp,euclidean,0.10430578753912577
14,resnet50,layer3,gap,correlation,0.17596952303576557
14,resnet50,layer3,gap,euclidean,0.1707351769296731
14,resnet50,layer3,rp,correlation,0.1834454161614492
14,resnet50,layer3,rp,euclidean,0.17752870908640417
14,resnet50,layer4,gap,correlation,0.20724191566308137
14,resnet50,layer4,gap,euclidean,0.12507031998615795
14,resnet50,layer4,rp,correlation,0.16803364228505924
14,resnet50,layer4,rp,euclidean,0.08954906627456043
14,resnet50,avgpool,gap,correlation,0.20724191566308137
14,resnet50,avgpool,gap,euclidean,0.12507031998615795
14,resnet50,avgpool,rp,correlation,0.20724191566308137
14,resnet50,avgpool,rp,euclidean,0.12507031998615795
14,resnet50,logits,gap,correlation,0.19038070788158884
14,resnet50,logits,gap,euclidean,0.15485836035365755
14,resnet50,logits,rp,correlation,0.19038070788158884
14,resnet50,logits,rp,euclidean,0.15485836035365755
14,convnext_tiny,stage1,gap,correlation,0.06093835729264717
14,convnext_tiny,stage1,gap,euclidean,0.052546031335353925
14,convnext_tiny,stage1,rp,correlation,0.04759234013598815
14,convnext_tiny,stage1,rp,euclidean,0.05968235650991928
14,convnext_tiny,stage2,gap,correlation,0.0746466918470597
14,convnext_tiny,stage2,gap,euclidean,0.06580137933364878
14,convnext_tiny,stage2,rp,correlation,0.043461538724242736
14,convnext_tiny,stage2,rp,euclidean,0.0297286053842389
14,convnext_tiny,stage3,gap,correlation,0.135745287594374
14,convnext_tiny,stage3,gap,euclidean,0.058140431493177935
14,convnext_tiny,stage3,rp,correlation,0.09480956892823938
14,convnext_tiny,stage3,rp,euclidean,0.07439339201421159
14,convnext_tiny,stage4,gap,correlation,0.1096001098984173
14,convnext_tiny,stage4,gap,euclidean,0.06599704841636402
14,convnext_tiny,stage4,rp,correlation,0.10929538297773575
14,convnext_tiny,stage4,rp,euclidean,0.058034495622891764
14,convnext_tiny,avgpool,gap,correlation,0.1096001098984173
14,convnext_tiny,avgpool,gap,euclidean,0.06599704841636402
14,convnext_tiny,avgpool,rp,correlation,0.1096001098984173
14,convnext_tiny,avgpool,rp,euclidean,0.06599704841636402
14,convnext_tiny,logits,gap,correlation,0.17575533317780845
14,convnext_tiny,logits,gap,euclidean,0.12692685654364555
14,convnext_tiny,logits,rp,correlation,0.17575533317780845
14,convnext_tiny,logits,rp,euclidean,0.12692685654364555
15,alexnet,conv1,gap,correlation,-0.007176582126230491
15,alexnet,conv1,gap,euclidean,0.001631050911412231
15,alexnet,conv1,rp,correlation,-0.009523939364157833
15,alexnet,conv1,rp,euclidean,0.011015888734180196
15,alexnet,conv2,gap,correlation,-0.007709895718675931
15,alexnet,conv2,gap,euclidean,0.01761215055129503
15,alexnet,conv2,rp,correlation,-0.006370233290178655
15,alexnet,conv2,rp,euclidean,0.017206985838599958
15,alexnet,conv3,gap,correlation,0.004719443746163267
15,alexnet,conv3,gap,euclidean,0.00653856018639481
15,alexnet,conv3,rp,correlation,-0.007251076012419001
15,alexnet,conv3,rp,euclidean,0.003488112629613853
15,alexnet,conv4,gap,correlation,0.011654915889615678
15,alexnet,conv4,gap,euclidean,0.0009818813883223382
15,alexnet,conv4,rp,correlation,0.011743307203655934
15,alexnet,conv4,rp,euclidean,0.001595359313929528
15,alexnet,conv5,gap,correlation,0.015521060465342141
15,alexnet,conv5,gap,euclidean,-0.0018025239391450726
15,alexnet,conv5,rp,correlation,0.00882934988299677
15,alexnet,conv5,rp,euclidean,0.0010645861461649983
15,alexnet,fc6,gap,correlation,0.0186642117755234
15,alexnet,fc6,gap,euclidean,0.002966388013169974
15,alexnet,fc6,rp,correlation,0.020883205881016446
15,alexnet,fc6,rp,euclidean,0.0032014634805043723
15,alexnet,fc7,gap,correlation,0.02130148350233714
15,alexnet,fc7,gap,euclidean,-0.0018245984092798203
15,alexnet,fc7,rp,correlation,0.0242692923490953
15,alexnet,fc7,rp,euclidean,-5.151246672253089e-05
15,alexnet,logits,gap,correlation,-0.0035886003602228762
15,alexnet,logits,gap,euclidean,0.00011673710521671589
15,alexnet,logits,rp,correlation,-0.0035886003602228762
15,alexnet,logits,rp,euclidean,0.00011673710521671589
15,vgg16,conv1_2,gap,correlation,0.001843555744501722
15,vgg16,conv1_2,gap,euclidean,0.0014623744450275556
15,vgg16,conv1_2,rp,correlation,0.009773010525612547
15,vgg16,conv1_2,rp,euclidean,0.015212207972303065
15,vgg16,conv2_2,gap,correlation,-0.018520775241859386
15,vgg16,conv2_2,gap,euclidean,0.0015847997173643032
15,vgg16,conv2_2,rp,correlation,-0.01229076952785307
15,vgg16,conv2_2,rp,euclidean,0.010217737882403025
15,vgg16,conv3_3,gap,correlation,-0.004764533465135142
15,vgg16,conv3_3,gap,euclidean,0.014119583721146802
15,vgg16,conv3_3,rp,correlation,0.013837079475464068
15,vgg16,conv3_3,rp,euclidean,0.014096479871575718
15,vgg16,conv4_3,gap,correlation,0.005637466558216792
15,vgg16,conv4_3,gap,euclidean,0.003932065132712817
15,vgg16,conv4_3,rp,correlation,0.015628798957833707
15,vgg16,conv4_3,rp,euclidean,0.0008017818709469675
15,vgg16,conv5_3,gap,correlation,0.006470278017117894
15,vgg16,conv5_3,gap,euclidean,-0.0054676479478252904
15,vgg16,conv5_3,rp,correlation,-0.007363731040183959
15,vgg16,conv5_3,rp,euclidean,-0.010323211417950166
15,vgg16,fc6,gap,correlation,-0.0020435372665770168
15,vgg16,fc6,gap,euclidean,-0.007541422228518137
15,vgg16,fc6,rp,correlation,0.0073368834068725875
15,vgg16,fc6,rp,euclidean,-0.006946531125972666
15,vgg16,fc7,gap,correlation,0.002449033829293823
15,vgg16,fc7,gap,euclidean,-0.0029476304323300846
15,vgg16,fc7,rp,correlation,0.0014546420173367732
15,vgg16,fc7,rp,euclidean,-0.003026953863980463
15,vgg16,logits,gap,correlation,0.0010909360044437748
15,vgg16,logits,gap,euclidean,6.872195110182843e-06
15,vgg16,logits,rp,correlation,0.0010909360044437748
15,vgg16,logits,rp,euclidean,6.872195110182843e-06
15,resnet50,stem,gap,correlation,-0.006497156257955542
15,resnet50,stem,gap,euclidean,-0.003642901333681396
15,resnet50,stem,rp,correlation,-0.008050562318895269
15,resnet50,stem,rp,euclidean,-0.010451674427575467
15,resnet50,layer1,gap,correlation,-0.0005233886993198326
15,resnet50,layer1,gap,euclidean,0.0013494520041382923
15,resnet50,layer1,rp,correlation,0.0026612744711038794
15,resnet50,layer1,rp,euclidean,0.008126191905400862
15,resnet50,layer2,gap,correlation,0.0028634017418633665
15,resnet50,layer2,gap,euclidean,0.004270859841062012
15,resnet50,layer2,rp,correlation,-0.00507019955359664
15,resnet50,layer2,rp,euclidean,0.006935066190998647
15,resnet50,layer3,gap,correlation,-0.0037500566722512836
15,resnet50,layer3,gap,euclidean,-0.004266592507530161
15,resnet50,layer3,rp,correlation,-0.01009777409954784
15,resnet50,layer3,rp,euclidean,-0.005347073625367024
15,resnet50,layer4,gap,correlation,-0.005488108273679588
15,resnet50,layer4,gap,euclidean,0.0010373728334607509
15,resnet50,layer4,rp,correlation,-0.008804058400758171
15,resnet50,layer4,rp,euclidean,0.009739860963733188
15,resnet50,avgpool,gap,correlation,-0.005488108273679588
15,resnet50,avgpool,gap,euclidean,0.0010373728334607509
15,resnet50,avgpool,rp,correlation,-0.005488108273679588
15,resnet50,avgpool,rp,euclidean,0.0010373728334607509
15,resnet50,logits,gap,correlation,0.002166183235287439
15,resnet50,logits,gap,euclidean,-0.004600507731821984
15,resnet50,logits,rp,correlation,0.002166183235287439
15,resnet50,logits,rp,euclidean,-0.004600507731821984
15,convnext_tiny,stage1,gap,correlation,0.002137821334886624
15,convnext_tiny,stage1,gap,euclidean,-0.004472571493833118
15,convnext_tiny,stage1,rp,correlation,0.0052850692208215614
15,convnext_tiny,stage1,rp,euclidean,-0.003789870620246635
15,convnext_tiny,stage2,gap,correlation,0.0030878837832613924
15,convnext_tiny,stage2,gap,euclidean,-0.002432438106362481
15,convnext_tiny,stage2,rp,correlation,-0.008596607031349093
15,convnext_tiny,stage2,rp,euclidean,-0.002908604225405732
15,convnext_tiny,stage3,gap,correlation,-0.008957242626079878
15,convnext_tiny,stage3,gap,euclidean,0.004260118210261565
15,convnext_tiny,stage3,rp,correlation,-0.014884881420772761
15,convnext_tiny,stage3,rp,euclidean,-0.008135378996050973
15,convnext_tiny,stage4,gap,correlation,-0.008449586195265915
15,convnext_tiny,stage4,gap,euclidean,-0.002249827160910042
15,convnext_tiny,stage4,rp,correlation,-0.002039453578202823
15,convnext_tiny,stage4,rp,euclidean,-0.0067362670859910665
15,convnext_tiny,avgpool,gap,correlation,-0.008449586195265915
15,convnext_tiny,avgpool,gap,euclidean,-0.002249827160910042
15,convnext_tiny,avgpool,rp,correlation,-0.008449586195265915
15,convnext_tiny,avgpool,rp,euclidean,-0.002249827160910042
15,convnext_tiny,logits,gap,correlation,-0.0032533529030768287
15,convnext_tiny,logits,gap,euclidean,-0.009913001296186856
15,convnext_tiny,logits,rp,correlation,-0.0032533529030768287
15,convnext_tiny,logits,rp,euclidean,-0.009913001296186856
16,alexnet,conv1,gap,correlation,0.03452651725024446
16,alexnet,conv1,gap,euclidean,0.021973175741490276
16,alexnet,conv1,rp,correlation,0.053999653883705735
16,alexnet,conv1,rp,euclidean,0.02723869714488456
16,alexnet,conv2,gap,correlation,0.06622857893544094
16,alexnet,conv2,gap,euclidean,0.05312117698541226
16,alexnet,conv2,rp,correlation,0.07145255983139402
16,alexnet,conv2,rp,euclidean,0.02478338861283944
16,alexnet,conv3,gap,correlation,0.08954860243465704
16,alexnet,conv3,gap,euclidean,0.06597889362198416
16,alexnet,conv3,rp,correlation,0.07058339514858962
16,alexnet,conv3,rp,euclidean,0.037862321555796837
16,alexnet,conv4,gap,correlation,0.08585335643942157
16,alexnet,conv4,gap,euclidean,0.08437269779633014
16,alexnet,conv4,rp,correlation,0.08030434072913255
16,alexnet,conv4,rp,euclidean,0.0561048288464753
16,alexnet,conv5,gap,correlation,0.09037096033512182
16,alexnet,conv5,gap,euclidean,0.05921068613173599
16,alexnet,conv5,rp,correlation,0.08727135214433622
16,alexnet,conv5,rp,euclidean,0.036206303329735394
16,alexnet,fc6,gap,correlation,0.0949811130742932
16,alexnet,fc6,gap,euclidean,0.0453456449503672
16,alexnet,fc6,rp,correlation,0.10039726386305915
16,alexnet,fc6,rp,euclidean,0.047187661781316254
16,alexnet,fc7,gap,correlation,0.09358555432129796
16,alexnet,fc7,gap,euclidean,0.03962920183010833
16,alexnet,fc7,rp,correlation,0.08065171830851181
16,alexnet,fc7,rp,euclidean,0.03878932517068914
16,alexnet,logits,gap,correlation,0.07896303771185187
16,alexnet,logits,gap,euclidean,0.06270404051051252
16,alexnet,logits,rp,correlation,0.07896303771185187
16,alexnet,logits,rp,euclidean,0.06270404051051252
16,vgg16,conv1_2,gap,correlation,0.015406982720148104
16,vgg16,conv1_2,gap,euclidean,0.024853099186397384
16,vgg16,conv1_2,rp,correlation,0.038201443450731946
16,vgg16,conv1_2,rp,euclidean,0.03964841595283252
16,vgg16,conv2_2,gap,correlation,0.08054122891268457
16,vgg16,conv2_2,gap,euclidean,0.06147920161306901
16,vgg16,conv2_2,rp,correlation,0.06264220477881277
16,vgg16,conv2_2,rp,euclidean,0.03627254536920395
16,vgg16,conv3_3,gap,correlation,0.08261621083904207
16,vgg16,conv3_3,gap,euclidean,0.06456406341512276
16,vgg16,conv3_3,rp,correlation,0.061260450545788374
16,vgg16,conv3_3,rp,euclidean,0.03560412977510057
16,vgg16,conv4_3,gap,correlation,0.08355615900677564
16,vgg16,conv4_3,gap,euclidean,0.0782078964802692
16,vgg16,conv4_3,rp,correlation,0.08095432845617308
16,vgg16,conv4_3,rp,euclidean,0.02829460573742222
16,vgg16,conv5_3,gap,correlation,0.10553861829818402
16,vgg16,conv5_3,gap,euclidean,0.05647173586985961
16,vgg16,conv5_3,rp,correlation,0.10941297087602557
16,vgg16,conv5_3,rp,euclidean,0.038178105580867254
16,vgg16,fc6,gap,correlation,0.10280057304933451
16,vgg16,fc6,gap,euclidean,0.05113183959499971
16,vgg16,fc6,rp,correlation,0.10247865459207295
16,vgg16,fc6,rp,euclidean,0.05264762175271292
16,vgg16,fc7,gap,correlation,0.09337212686005772
16,vgg16,fc7,gap,euclidean,0.046394481337034305
16,vgg16,fc7,rp,correlation,0.10012660763688486
16,vgg16,fc7,rp,euclidean,0.04871228931521964
16,vgg16,logits,gap,correlation,0.09500952065514098
16,vgg16,logits,gap,euclidean,0.07484846355406068
16,vgg16,logits,rp,correlation,0.09500952065514098
16,vgg16,logits,rp,euclidean,0.07484846355406068
16,resnet50,stem,gap,correlation,0.0007104516064145029
16,resnet50,stem,gap,euclidean,0.013217645640961758
16,resnet50,stem,rp,correlation,0.014962404284634707
16,resnet50,stem,rp,euclidean,0.013349671070763092
16,resnet50,layer1,gap,correlation,0.04898113551534021
16,resnet50,layer1,gap,euclidean,0.05181802784311481
16,resnet50,layer1,rp,correlation,0.056021031192318216
16,resnet50,layer1,rp,euclidean,0.05499598313448845
16,resnet50,layer2,gap,correlation,0.06046784341292616
16,resnet50,layer2,gap,euclidean,0.055039456520430484
16,resnet50,layer2,rp,correlation,0.038248336229784526
16,resnet50,layer2,rp,euclidean,0.027914131708798095
16,resnet50,layer3,gap,correlation,0.07714886334049399
16,resnet50,layer3,gap,euclidean,0.07214367036755569
16,resnet50,layer3,rp,correlation,0.09404670555192322
16,resnet50,layer3,rp,euclidean,0.09176618738650992
16,resnet50,layer4,gap,correlation,0.08792446851369587
16,resnet50,layer4,gap,euclidean,0.05015524863738208
16,resnet50,layer4,rp,correlation,0.09023652290227603
16,resnet50,layer4,rp,euclidean,0.03827608040741803
16,resnet50,avgpool,gap,correlation,0.08792446851369587
16,resnet50,avgpool,gap,euclidean,0.05015524863738208
16,resnet50,avgpool,rp,correlation,0.08792446851369587
16,resnet50,avgpool,rp,euclidean,0.05015524863738208
16,resnet50,logits,gap,correlation,0.0866723236123468
16,resnet50,logits,gap,euclidean,0.07320152002875731
16,resnet50,logits,rp,correlation,0.0866723236123468
16,resnet50,logits,rp,euclidean,0.07320152002875731
16,convnext_tiny,stage1,gap,correlation,0.03416741545233165
16,convnext_tiny,stage1,gap,euclidean,0.03378256787659127
16,convnext_tiny,stage1,rp,correlation,0.023621622161729677
16,convnext_tiny,stage1,rp,euclidean,0.030782490643352874
16,convnext_tiny,stage2,gap,correlation,0.028355503695442555
16,convnext_tiny,stage2,gap,euclidean,0.03230318689894952
16,convnext_tiny,stage2,rp,correlation,0.013486536886979596
16,convnext_tiny,stage2,rp,euclidean,0.01697769630203487
16,convnext_tiny,stage3,gap,correlation,0.06778874358720464
16,convnext_tiny,stage3,gap,euclidean,0.011798474647636658
16,convnext_tiny,stage3,rp,correlation,0.03817822843331434
16,convnext_tiny,stage3,rp,euclidean,0.02750812075150644
16,convnext_tiny,stage4,gap,correlation,0.057677995382222215
16,convnext_tiny,stage4,gap,euclidean,0.053469025499172006
16,convnext_tiny,stage4,rp,correlation,0.054758431547722156
16,convnext_tiny,stage4,rp,euclidean,0.03342577979976525
16,convnext_tiny,avgpool,gap,correlation,0.057677995382222215
16,convnext_tiny,avgpool,gap,euclidean,0.053469025499172006
16,convnext_tiny,avgpool,rp,correlation,0.057677995382222215
16,convnext_tiny,avgpool,rp,euclidean,0.053469025499172006
16,convnext_tiny,logits,gap,correlation,0.06555610511550218
16,convnext_tiny,logits,gap,euclidean,0.0468290636784365
16,convnext_tiny,logits,rp,correlation,0.06555610511550218
16,convnext_tiny,logits,rp,euclidean,0.0468290636784365
17,alexnet,conv1,gap,correlation,-0.004272788571214867
17,alexnet,conv1,gap,euclidean,-0.0028080775018051543
17,alexnet,conv1,rp,correlation,-0.011138262927822207
17,alexnet,conv1,rp,euclidean,-0.0044259854264706595
17,alexnet,conv2,gap,correlation,-0.01722529632881526
17,alexnet,conv2,gap,euclidean,-0.006289439013548443
17,alexnet,conv2,rp,correlation,-0.023818868267078776
17,alexnet,conv2,rp,euclidean,-0.012353471065377559
17,alexnet,conv3,gap,correlation,-0.01362953619401401
17,alexnet,conv3,gap,euclidean,-0.00425267401657275
17,alexnet,conv3,rp,correlation,-0.01971028267880868
17,alexnet,conv3,rp,euclidean,-0.019072075726345547
17,alexnet,conv4,gap,correlation,-0.0023122633882972908
17,alexnet,conv4,gap,euclidean,0.0006828977153624081
17,alexnet,conv4,rp,correlation,-0.007957369506856438
17,alexnet,conv4,rp,euclidean,-0.007425487453491236
17,alexnet,conv5,gap,correlation,-0.003105695464286192
17,alexnet,conv5,gap,euclidean,0.005276441531545458
17,alexnet,conv5,rp,correlation,0.006541181268043026
17,alexnet,conv5,rp,euclidean,0.0019532348641623505
17,alexnet,fc6,gap,correlation,-0.0009460530032174171
17,alexnet,fc6,gap,euclidean,-4.433214932949714e-05
17,alexnet,fc6,rp,correlation,-0.0031530476585661794
17,alexnet,fc6,rp,euclidean,-0.0006088462489483099
17,alexnet,fc7,gap,correlation,-0.00939025339837364
17,alexnet,fc7,gap,euclidean,-0.00034914921215150257
17,alexnet,fc7,rp,correlation,0.010524841449390124
17,alexnet,fc7,rp,euclidean,0.0018412410089077259
17,alexnet,logits,gap,correlation,-0.010434427009194822
17,alexnet,logits,gap,euclidean,-0.008537123341743625
17,alexnet,logits,rp,correlation,-0.010434427009194822
17,alexnet,logits,rp,euclidean,-0.008537123341743625
17,vgg16,conv1_2,gap,correlation,-0.007443729347746522
17,vgg16,conv1_2,gap,euclidean,-0.0019076828921166945
17,vgg16,conv1_2,rp,correlation,-0.018185371927479432
17,vgg16,conv1_2,rp,euclidean,-0.009214237630782428
17,vgg16,conv2_2,gap,correlation,-0.009769840943345662
17,vgg16,conv2_2,gap,euclidean,0.0017057476804034602
17,vgg16,conv2_2,rp,correlation,-0.014275431427922024
17,vgg16,conv2_2,rp,euclidean,-0.008100832820731969
17,vgg16,conv3_3,gap,correlation,-0.011147742488519631
17,vgg16,conv3_3,gap,euclidean,-0.0005106317400357511
17,vgg16,conv3_3,rp,correlation,-0.021952310571021674
17,vgg16,conv3_3,rp,euclidean,-0.017340497137339785
17,vgg16,conv4_3,gap,correlation,-0.002857964137124434
17,vgg16,conv4_3,gap,euclidean,0.0022156228441797756
17,vgg16,conv4_3,rp,correlation,-0.020675474557354922
17,vgg16,conv4_3,rp,euclidean,-0.007168315914751929
17,vgg16,conv5_3,gap,correlation,-0.006370953398266314
17,vgg16,conv5_3,gap,euclidean,-0.008936693979525453
17,vgg16,conv5_3,rp,correlation,-0.01721915071172916
17,vgg16,conv5_3,rp,euclidean,-0.009823446070493232
17,vgg16,fc6,gap,correlation,-0.006148412662210691
17,vgg16,fc6,gap,euclidean,-0.01102911383507499
17,vgg16,fc6,rp,correlation,-0.007724012234325781
17,vgg16,fc6,rp,euclidean,-0.01103502782893273
17,vgg16,fc7,gap,correlation,-0.005902376030098142
17,vgg16,fc7,gap,euclidean,-0.010538155760679107
17,vgg16,fc7,rp,correlation,-0.0062282556036320075
17,vgg16,fc7,rp,euclidean,-0.009033024202174854
17,vgg16,logits,gap,correlation,-0.004022716865718661
17,vgg16,logits,gap,euclidean,-0.005808879838377998
17,vgg16,logits,rp,correlation,-0.004022716865718661
17,vgg16,logits,rp,euclidean,-0.005808879838377998
17,resnet50,stem,gap,correlation,0.0014259012113355543
17,resnet50,stem,gap,euclidean,0.003444910812265338
17,resnet50,stem,rp,correlation,-0.003461107446585247
17,resnet50,stem,rp,euclidean,0.004161035282170394
17,resnet50,layer1,gap,correlation,-0.008733008626275912
17,resnet50,layer1,gap,euclidean,-0.008068040695104318
17,resnet50,layer1,rp,correlation,-0.009124907079980076
17,resnet50,layer1,rp,euclidean,-0.007551289272629653
17,resnet50,layer2,gap,correlation,-0.005703904435232184
17,resnet50,layer2,gap,euclidean,-0.004765291992864065
17,resnet50,layer2,rp,correlation,-0.01271552142305935
17,resnet50,layer2,rp,euclidean,-0.015576521702501494
17,resnet50,layer3,gap,correlation,-0.004218526134905729
17,resnet50,layer3,gap,euclidean,-0.0013227609080530515
17,resnet50,layer3,rp,correlation,-0.008779700828499793
17,resnet50,layer3,rp,euclidean,-0.004327349703115792
17,resnet50,layer4,gap,correlation,-0.01461183331383003
17,resnet50,layer4,gap,euclidean,-0.010102967015023983
17,resnet50,layer4,rp,correlation,-0.01341816971370502
17,resnet50,layer4,rp,euclidean,-0.017139799634306292
17,resnet50,avgpool,gap,correlation,-0.01461183331383003
17,resnet50,avgpool,gap,euclidean,-0.010102967015023983
17,resnet50,avgpool,rp,correlation,-0.01461183331383003
17,resnet50,avgpool,rp,euclidean,-0.010102967015023983
17,resnet50,logits,gap,correlation,-0.016882519885487328
17,resnet50,logits,gap,euclidean,-0.009866245392743922
17,resnet50,logits,rp,correlation,-0.016882519885487328
17,resnet50,logits,rp,euclidean,-0.009866245392743922
17,convnext_tiny,stage1,gap,correlation,-0.0017202800258122463
17,convnext_tiny,stage1,gap,euclidean,-0.0012894921214959907
17,convnext_tiny,stage1,rp,correlation,-0.006597313681844457
17,convnext_tiny,stage1,rp,euclidean,-0.010169103048255732
17,convnext_tiny,stage2,gap,correlation,0.0019994092677405925
17,convnext_tiny,stage2,gap,euclidean,0.0036185745756457752
17,convnext_tiny,stage2,rp,correlation,-0.012506734992996779
17,convnext_tiny,stage2,rp,euclidean,-0.013022320250646022
17,convnext_tiny,stage3,gap,correlation,-0.010768782740869268
17,convnext_tiny,stage3,gap,euclidean,0.04508300118628921
17,convnext_tiny,stage3,rp,correlation,-0.008328826987083149
17,convnext_tiny,stage3,rp,euclidean,0.00038612933615142264
17,convnext_tiny,stage4,gap,correlation,-0.024048202092102098
17,convnext_tiny,stage4,gap,euclidean,-0.024092993910695602
17,convnext_tiny,stage4,rp,correlation,-0.028159113749935776
17,convnext_tiny,stage4,rp,euclidean,-0.02787118193103151
17,convnext_tiny,avgpool,gap,correlation,-0.024048202092102098
17,convnext_tiny,avgpool,gap,euclidean,-0.024092993910695602
17,convnext_tiny,avgpool,rp,correlation,-0.024048202092102098
17,convnext_tiny,avgpool,rp,euclidean,-0.024092993910695602
17,convnext_tiny,logits,gap,correlation,-0.016060607095391744
17,convnext_tiny,logits,gap,euclidean,-0.007567123716187067
17,convnext_tiny,logits,rp,correlation,-0.016060607095391744
17,convnext_tiny,logits,rp,euclidean,-0.007567123716187067
18,alexnet,conv1,gap,correlation,0.0027194158836488205
18,alexnet,conv1,gap,euclidean,-0.007617095309929493
18,alexnet,conv1,rp,correlation,-0.004329180065997302
18,alexnet,conv1,rp,euclidean,-0.003939879717447814
18,alexnet,conv2,gap,correlation,-0.00557405904022994
18,alexnet,conv2,gap,euclidean,-0.0038759115984533816
18,alexnet,conv2,rp,correlation,-0.005624458359549486
18,alexnet,conv2,rp,euclidean,0.010626485286594831
18,alexnet,conv3,gap,correlation,0.012860899141641246
18,alexnet,conv3,gap,euclidean,0.002554592743730052
18,alexnet,conv3,rp,correlation,0.028116618128929318
18,alexnet,conv3,rp,euclidean,0.006343685288440303
18,alexnet,conv4,gap,correlation,0.05207550988852495
18,alexnet,conv4,gap,euclidean,0.03128434244994291
18,alexnet,conv4,rp,correlation,0.0487220590980685
18,alexnet,conv4,rp,euclidean,0.029785342072420014
18,alexnet,conv5,gap,correlation,0.042804163162266005
18,alexnet,conv5,gap,euclidean,0.029272401816017354
18,alexnet,conv5,rp,correlation,0.03577125437529756
18,alexnet,conv5,rp,euclidean,0.019092175873449236
18,alexnet,fc6,gap,correlation,0.048913499509390355
18,alexnet,fc6,gap,euclidean,0.01532362420071506
18,alexnet,fc6,rp,correlation,0.038823652759148
18,alexnet,fc6,rp,euclidean,0.014968837865347868
18,alexnet,fc7,gap,correlation,0.044431322085073874
18,alexnet,fc7,gap,euclidean,0.00563475215391284
18,alexnet,fc7,rp,correlation,0.03531988679622762
18,alexnet,fc7,rp,euclidean,0.005521368989207001
18,alexnet,logits,gap,correlation,0.041008240783261936
18,alexnet,logits,gap,euclidean,0.02489855248180386
18,alexnet,logits,rp,correlation,0.041008240783261936
18,alexnet,logits,rp,euclidean,0.02489855248180386
18,vgg16,conv1_2,gap,correlation,0.009998122437682886
18,vgg16,conv1_2,gap,euclidean,0.00221367967237807
18,vgg16,conv1_2,rp,correlation,-0.00268096477603397
18,vgg16,conv1_2,rp,euclidean,-0.005383440199350234
18,vgg16,conv2_2,gap,correlation,-0.006413354461934252
18,vgg16,conv2_2,gap,euclidean,-0.005060173172357592
18,vgg16,conv2_2,rp,correlation,0.00784339930460216
18,vgg16,conv2_2,rp,euclidean,0.010587837646442838
18,vgg16,conv3_3,gap,correlation,0.01595753184465027
18,vgg16,conv3_3,gap,euclidean,0.005048817780109191
18,vgg16,conv3_3,rp,correlation,0.017944780259483265
18,vgg16,conv3_3,rp,euclidean,0.015794448500961927
18,vgg16,conv4_3,gap,correlation,0.049075471316598146
18,vgg16,conv4_3,gap,euclidean,0.026447207932481065
18,vgg16,conv4_3,rp,correlation,0.04222435029371756
18,vgg16,conv4_3,rp,euclidean,0.016182506828313587
18,vgg16,conv5_3,gap,correlation,0.05017429923005383
18,vgg16,conv5_3,gap,euclidean,0.014420874544273266
18,vgg16,conv5_3,rp,correlation,0.06958946505183679
18,vgg16,conv5_3,rp,euclidean,0.006389238953073625
18,vgg16,fc6,gap,correlation,0.05670626913276468
18,vgg16,fc6,gap,euclidean,0.009279578539904753
18,vgg16,fc6,rp,correlation,0.03729619704772303
18,vgg16,fc6,rp,euclidean,0.007664797945091876
18,vgg16,fc7,gap,correlation,0.04288295337859021
18,vgg16,fc7,gap,euclidean,0.013107959871896358
18,vgg16,fc7,rp,correlation,0.0478630234328386
18,vgg16,fc7,rp,euclidean,0.013221175500668897
18,vgg16,logits,gap,correlation,0.044143943188101074
18,vgg16,logits,gap,euclidean,0.02243111064183867
18,vgg16,logits,rp,correlation,0.044143943188101074
18,vgg16,logits,rp,euclidean,0.02243111064183867
18,resnet50,stem,gap,correlation,-0.0016432133758008574
18,resnet50,stem,gap,euclidean,-0.0025509262842666725
18,resnet50,stem,rp,correlation,-0.013422196067715138
18,resnet50,stem,rp,euclidean,-0.0123143373230856
18,resnet50,layer1,gap,correlation,-0.0031372601668343447
18,resnet50,layer1,gap,euclidean,-0.002775774005057575
18,resnet50,layer1,rp,correlation,-0.010190614781355169
18,resnet50,layer1,rp,euclidean,-0.006435565860476024
18,resnet50,layer2,gap,correlation,0.00637393035716831
18,resnet50,layer2,gap,euclidean,0.006382342594126908
18,resnet50,layer2,rp,correlation,0.0060721546463887366
18,resnet50,layer2,rp,euclidean,0.006593473310378849
18,resnet50,layer3,gap,correlation,0.03245185687420683
18,resnet50,layer3,gap,euclidean,0.029035402907294866
18,resnet50,layer3,rp,correlation,0.032057079389376374
18,resnet50,layer3,rp,euclidean,0.03337923592376621
18,resnet50,layer4,gap,correlation,0.040677916305079026
18,resnet50,layer4,gap,euclidean,0.02884453759528252
18,resnet50,layer4,rp,correlation,0.040532477394827585
18,resnet50,layer4,rp,euclidean,0.028688131525089654
18,resnet50,avgpool,gap,correlation,0.040677916305079026
18,resnet50,avgpool,gap,euclidean,0.02884453759528252
18,resnet50,avgpool,rp,correlation,0.040677916305079026
18,resnet50,avgpool,rp,euclidean,0.02884453759528252
18,resnet50,logits,gap,correlation,0.05085317416285581
18,resnet50,logits,gap,euclidean,0.03574089493107663
18,resnet50,logits,rp,correlation,0.05085317416285581
18,resnet50,logits,rp,euclidean,0.03574089493107663
18,convnext_tiny,stage1,gap,correlation,0.010883517626726178
18,convnext_tiny,stage1,gap,euclidean,0.01512107164643258
18,convnext_tiny,stage1,rp,correlation,0.009292008417417686
18,convnext_tiny,stage1,rp,euclidean,0.011259498868578296
18,convnext_tiny,stage2,gap,correlation,0.02458446449084915
18,convnext_tiny,stage2,gap,euclidean,0.0258780432612318
18,convnext_tiny,stage2,rp,correlation,0.02602354016469092
18,convnext_tiny,stage2,rp,euclidean,0.022254664696547192
18,convnext_tiny,stage3,gap,correlation,0.032259656107495385
18,convnext_tiny,stage3,gap,euclidean,0.026960476817060583
18,convnext_tiny,stage3,rp,correlation,0.00458780883026231
18,convnext_tiny,stage3,rp,euclidean,0.005339230044028187
18,convnext_tiny,stage4,gap,correlation,0.04132347736191321
18,convnext_tiny,stage4,gap,euclidean,0.021474546510513903
18,convnext_tiny,stage4,rp,correlation,0.034669127292693815
18,convnext_tiny,stage4,rp,euclidean,0.022515526199307915
18,convnext_tiny,avgpool,gap,correlation,0.04132347736191321
18,convnext_tiny,avgpool,gap,euclidean,0.021474546510513903
18,convnext_tiny,avgpool,rp,correlation,0.04132347736191321
18,convnext_tiny,avgpool,rp,euclidean,0.021474546510513903
18,convnext_tiny,logits,gap,correlation,0.031469263458167966
18,convnext_tiny,logits,gap,euclidean,0.012737294674081653
18,convnext_tiny,logits,rp,correlation,0.031469263458167966
18,convnext_tiny,logits,rp,euclidean,0.012737294674081653
20,alexnet,conv1,gap,correlation,-0.007041566234924554
20,alexnet,conv1,gap,euclidean,-0.00866766613579503
20,alexnet,conv1,rp,correlation,-0.03912859444372963
20,alexnet,conv1,rp,euclidean,-0.03650625600591876
20,alexnet,conv2,gap,correlation,-0.03041115211565106
20,alexnet,conv2,gap,euclidean,-0.030069254931535616
20,alexnet,conv2,rp,correlation,-0.04613737834608304
20,alexnet,conv2,rp,euclidean,-0.057468659362026726
20,alexnet,conv3,gap,correlation,-0.04463454939449226
20,alexnet,conv3,gap,euclidean,-0.014628722305949351
20,alexnet,conv3,rp,correlation,-0.055557571684441406
20,alexnet,conv3,rp,euclidean,-0.040332792025295154
20,alexnet,conv4,gap,correlation,-0.027985844472535045
20,alexnet,conv4,gap,euclidean,0.025095203519349428
20,alexnet,conv4,rp,correlation,-0.07488347867806641
20,alexnet,conv4,rp,euclidean,0.010269131345714553
20,alexnet,conv5,gap,correlation,-0.04498714196971397
20,alexnet,conv5,gap,euclidean,-0.03612858155411524
20,alexnet,conv5,rp,correlation,-0.04030713968488155
20,alexnet,conv5,rp,euclidean,-0.04792228715917829
20,alexnet,fc6,gap,correlation,-0.04472116320813993
20,alexnet,fc6,gap,euclidean,-0.04973634200078694
20,alexnet,fc6,rp,correlation,-0.023289266506985585
20,alexnet,fc6,rp,euclidean,-0.05386463324368559
20,alexnet,fc7,gap,correlation,-0.029682696391865764
20,alexnet,fc7,gap,euclidean,-0.06855401487041572
20,alexnet,fc7,rp,correlation,-0.012498215545490871
20,alexnet,fc7,rp,euclidean,-0.0695648090982055
20,alexnet,logits,gap,correlation,-0.03437831310974385
20,alexnet,logits,gap,euclidean,-0.06839507462259124
20,alexnet,logits,rp,correlation,-0.03437831310974385
20,alexnet,logits,rp,euclidean,-0.06839507462259124
20,vgg16,conv1_2,gap,correlation,0.0004762381935434774
20,vgg16,conv1_2,gap,euclidean,-0.01312317317653917
20,vgg16,conv1_2,rp,correlation,-0.07350550314887064
20,vgg16,conv1_2,rp,euclidean,-0.054689187950931945
20,vgg16,conv2_2,gap,correlation,-0.03281813723400013
20,vgg16,conv2_2,gap,euclidean,-0.017273090477693962
20,vgg16,conv2_2,rp,correlation,-0.07520674232182298
20,vgg16,conv2_2,rp,euclidean,-0.038992226998514935
20,vgg16,conv3_3,gap,correlation,-0.036133038101366165
20,vgg16,conv3_3,gap,euclidean,-0.01654493368340244
20,vgg16,conv3_3,rp,correlation,-0.10027869541132742
20,vgg16,conv3_3,rp,euclidean,-0.03154445264557877
20,vgg16,conv4_3,gap,correlation,-0.013008450321597757
20,vgg16,conv4_3,gap,euclidean,0.014849726279157451
20,vgg16,conv4_3,rp,correlation,-0.05394141139067405
20,vgg16,conv4_3,rp,euclidean,0.013032398522174856
20,vgg16,conv5_3,gap,correlation,-0.06501205489467783
20,vgg16,conv5_3,gap,euclidean,-0.036474832150777556
20,vgg16,conv5_3,rp,correlation,-0.004425216861607643
20,vgg16,conv5_3,rp,euclidean,-0.03523603529322182
20,vgg16,fc6,gap,correlation,-0.03626332704496073
20,vgg16,fc6,gap,euclidean,-0.0326095029793594
20,vgg16,fc6,rp,correlation,-0.0355079024018054
20,vgg16,fc6,rp,euclidean,-0.03189082088026289
20,vgg16,fc7,gap,correlation,-0.026585182531407077
20,vgg16,fc7,gap,euclidean,0.01454021258637483
20,vgg16,fc7,rp,correlation,-0.04525687709058719
20,vgg16,fc7,rp,euclidean,0.011379826037697603
20,vgg16,logits,gap,correlation,-0.04480623805862555
20,vgg16,logits,gap,euclidean,0.028549989692226233
20,vgg16,logits,rp,correlation,-0.04480623805862555
20,vgg16,logits,rp,euclidean,0.028549989692226233
20,resnet50,stem,gap,correlation,-0.023503905135177902
20,resnet50,stem,gap,euclidean,-0.023411219265829102
20,resnet50,stem,rp,correlation,-0.04513306387837134
20,resnet50,stem,rp,euclidean,-0.03816498514878406
20,resnet50,layer1,gap,correlation,-0.023388157379114958
20,resnet50,layer1,gap,euclidean,-0.02264003112775114
20,resnet50,layer1,rp,correlation,-0.07957400714863125
20,resnet50,layer1,rp,euclidean,-0.0676126214353151
20,resnet50,layer2,gap,correlation,-0.04803676587493745
20,resnet50,layer2,gap,euclidean,-0.036677640906119024
20,resnet50,layer2,rp,correlation,-0.1259162899794717
20,resnet50,layer2,rp,euclidean,-0.11555942484168266
20,resnet50,layer3,gap,correlation,0.011732749772008109
20,resnet50,layer3,gap,euclidean,0.023617883486474433
20,resnet50,layer3,rp,correlation,0.003528990786703198
20,resnet50,layer3,rp,euclidean,0.03421948002532282
20,resnet50,layer4,gap,correlation,-0.01367136071799775
20,resnet50,layer4,gap,euclidean,0.021377591445031083
20,resnet50,layer4,rp,correlation,0.0028781874376711944
20,resnet50,layer4,rp,euclidean,0.012241446390692827
20,resnet50,avgpool,gap,correlation,-0.01367136071799775
20,resnet50,avgpool,gap,euclidean,0.021377591445031083
20,resnet50,avgpool,rp,correlation,-0.01367136071799775
20,resnet50,avgpool,rp,euclidean,0.021377591445031083
20,resnet50,logits,gap,correlation,-0.06474424790932648
20,resnet50,logits,gap,euclidean,-0.017317946016558346
20,resnet50,logits,rp,correlation,-0.06474424790932648
20,resnet50,logits,rp,euclidean,-0.017317946016558346
20,convnext_tiny,stage1,gap,correlation,-0.03289697324063041
20,convnext_tiny,stage1,gap,euclidean,-0.04635689653496087
20,convnext_tiny,stage1,rp,correlation,-0.0597196121477617
20,convnext_tiny,stage1,rp,euclidean,-0.09937278112016099
20,convnext_tiny,stage2,gap,correlation,-0.04995663531142493
20,convnext_tiny,stage2,gap,euclidean,-0.05338274600787556
20,convnext_tiny,stage2,rp,correlation,-0.11841222019292001
20,convnext_tiny,stage2,rp,euclidean,-0.11907667841562067
20,convnext_tiny,stage3,gap,correlation,0.023624978026077468
20,convnext_tiny,stage3,gap,euclidean,0.013780181528351748
20,convnext_tiny,stage3,rp,correlation,-0.05125510687563369
20,convnext_tiny,stage3,rp,euclidean,-0.07251251657806741
20,convnext_tiny,stage4,gap,correlation,0.03690048841216207
20,convnext_tiny,stage4,gap,euclidean,-0.03705204324828848
20,convnext_tiny,stage4,rp,correlation,0.03137488630027732
20,convnext_tiny,stage4,rp,euclidean,-0.014226968317969038
20,convnext_tiny,avgpool,gap,correlation,0.03690048841216207
20,convnext_tiny,avgpool,gap,euclidean,-0.03705204324828848
20,convnext_tiny,avgpool,rp,correlation,0.03690048841216207
20,convnext_tiny,avgpool,rp,euclidean,-0.03705204324828848
20,convnext_tiny,logits,gap,correlation,-0.054593248503966206
20,convnext_tiny,logits,gap,euclidean,-0.01575029690347014
20,convnext_tiny,logits,rp,correlation,-0.054593248503966206
20,convnext_tiny,logits,rp,euclidean,-0.01575029690347014
21,alexnet,conv1,gap,correlation,-0.008888907296362587
21,alexnet,conv1,gap,euclidean,-0.011013520678199893
21,alexnet,conv1,rp,correlation,-0.023454495835791282
21,alexnet,conv1,rp,euclidean,-0.00836310060246695
21,alexnet,conv2,gap,correlation,-0.008536667829366044
21,alexnet,conv2,gap,euclidean,0.004813078612731335
21,alexnet,conv2,rp,correlation,0.01495174436738393
21,alexnet,conv2,rp,euclidean,0.004065252977841672
21,alexnet,conv3,gap,correlation,0.005923798355606463
21,alexnet,conv3,gap,euclidean,0.011436851763201002
21,alexnet,conv3,rp,correlation,0.009537580655342322
21,alexnet,conv3,rp,euclidean,0.006873042455383957
21,alexnet,conv4,gap,correlation,-0.010282161892446726
21,alexnet,conv4,gap,euclidean,-0.0005800190666202
21,alexnet,conv4,rp,correlation,-0.01173531702837546
21,alexnet,conv4,rp,euclidean,-0.006393488566458683
21,alexnet,conv5,gap,correlation,-0.007950155134408023
21,alexnet,conv5,gap,euclidean,0.0017449125200814368
21,alexnet,conv5,rp,correlation,-0.013655583288337051
21,alexnet,conv5,rp,euclidean,-0.002361715389595663
21,alexnet,fc6,gap,correlation,-0.011359100591847748
21,alexnet,fc6,gap,euclidean,0.0010339109611466903
21,alexnet,fc6,rp,correlation,-0.014726837042462911
21,alexnet,fc6,rp,euclidean,0.000948570734199422
21,alexnet,fc7,gap,correlation,-0.009685084768156174
21,alexnet,fc7,gap,euclidean,0.007635893163830271
21,alexnet,fc7,rp,correlation,-0.00313681716316456
21,alexnet,fc7,rp,euclidean,0.009523480251263693
21,alexnet,logits,gap,correlation,-0.007130150508869778
21,alexnet,logits,gap,euclidean,0.016139351827186843
21,alexnet,logits,rp,correlation,-0.007130150508869778
21,alexnet,logits,rp,euclidean,0.016139351827186843
21,vgg16,conv1_2,gap,correlation,-0.0221113377056088
21,vgg16,conv1_2,gap,euclidean,-0.015584630686494984
21,vgg16,conv1_2,rp,correlation,-0.027352277317230094
21,vgg16,conv1_2,rp,euclidean,-0.015541040736310633
21,vgg16,conv2_2,gap,correlation,-0.005463757570143365
21,vgg16,conv2_2,gap,euclidean,0.0016521717154651162
21,vgg16,conv2_2,rp,correlation,-0.009987873749147728
21,vgg16,conv2_2,rp,euclidean,0.009486715779438895
21,vgg16,conv3_3,gap,correlation,0.004141626810512503
21,vgg16,conv3_3,gap,euclidean,-0.0002770577169280395
21,vgg16,conv3_3,rp,correlation,-0.013386179063900449
21,vgg16,conv3_3,rp,euclidean,0.008499547343682983
21,vgg16,conv4_3,gap,correlation,0.0030638133802289615
21,vgg16,conv4_3,gap,euclidean,-0.0013011533276747428
21,vgg16,conv4_3,rp,correlation,-0.016544613195228052
21,vgg16,conv4_3,rp,euclidean,-0.002684623180885171
21,vgg16,conv5_3,gap,correlation,-0.00654450771202697
21,vgg16,conv5_3,gap,euclidean,-0.0034779203233639405
21,vgg16,conv5_3,rp,correlation,0.004186449116360073
21,vgg16,conv5_3,rp,euclidean,0.0008441426873129704
21,vgg16,fc6,gap,correlation,-0.017040764418007108
21,vgg16,fc6,gap,euclidean,-0.001242562467770275
21,vgg16,fc6,rp,correlation,0.006391909862471815
21,vgg16,fc6,rp,euclidean,-0.001200217760628628
21,vgg16,fc7,gap,correlation,-0.009303798758723694
21,vgg16,fc7,gap,euclidean,0.005168101753696559
21,vgg16,fc7,rp,correlation,-0.013240155388804896
21,vgg16,fc7,rp,euclidean,0.003986356440636722
21,vgg16,logits,gap,correlation,-0.007806673494915814
21,vgg16,logits,gap,euclidean,0.008911310394674193
21,vgg16,logits,rp,correlation,-0.007806673494915814
21,vgg16,logits,rp,euclidean,0.008911310394674193
21,resnet50,stem,gap,correlation,0.009094361121951547
21,resnet50,stem,gap,euclidean,0.007936083726933234
21,resnet50,stem,rp,correlation,-0.015086335325954176
21,resnet50,stem,rp,euclidean,-0.010691308805402555
21,resnet50,layer1,gap,correlation,-0.006725206492548376
21,resnet50,layer1,gap,euclidean,-0.0062515775763411635
21,resnet50,layer1,rp,correlation,-0.011252600898709142
21,resnet50,layer1,rp,euclidean,-0.007926779038945326
21,resnet50,layer2,gap,correlation,-0.007608149857644718
21,resnet50,layer2,gap,euclidean,-0.007059553444052935
21,resnet50,layer2,rp,correlation,-0.01245011069872356
21,resnet50,layer2,rp,euclidean,-0.007974425291822467
21,resnet50,layer3,gap,correlation,0.007424902597830225
21,resnet50,layer3,gap,euclidean,0.0058885948676217405
21,resnet50,layer3,rp,correlation,-0.010432955508874032
21,resnet50,layer3,rp,euclidean,-0.007823438364702891
21,resnet50,layer4,gap,correlation,-0.00849319547651949
21,resnet50,layer4,gap,euclidean,-0.002372162221590397
21,resnet50,layer4,rp,correlation,0.0280313616699487
21,resnet50,layer4,rp,euclidean,0.0051782199575144345
21,resnet50,avgpool,gap,correlation,-0.00849319547651949
21,resnet50,avgpool,gap,euclidean,-0.002372162221590397
21,resnet50,avgpool,rp,correlation,-0.00849319547651949
21,resnet50,avgpool,rp,euclidean,-0.002372162221590397
21,resnet50,logits,gap,correlation,0.0012365053994124954
21,resnet50,logits,gap,euclidean,-0.011703868600588073
21,resnet50,logits,rp,correlation,0.0012365053994124954
21,resnet50,logits,rp,euclidean,-0.011703868600588073
21,convnext_tiny,stage1,gap,correlation,-0.00787214138269777
21,convnext_tiny,stage1,gap,euclidean,-0.012050529443190202
21,convnext_tiny,stage1,rp,correlation,-0.010613324050296144
21,convnext_tiny,stage1,rp,euclidean,-0.017928171649172438
21,convnext_tiny,stage2,gap,correlation,-0.0038278191200615853
21,convnext_tiny,stage2,gap,euclidean,0.007966410952705458
21,convnext_tiny,stage2,rp,correlation,-0.007497170189212765
21,convnext_tiny,stage2,rp,euclidean,-0.0013968936698661135
21,convnext_tiny,stage3,gap,correlation,-0.0007730591239205822
21,convnext_tiny,stage3,gap,euclidean,-0.005810192883604514
21,convnext_tiny,stage3,rp,correlation,-0.013741735420191848
21,convnext_tiny,stage3,rp,euclidean,-0.010085458597527835
21,convnext_tiny,stage4,gap,correlation,-0.0048545437562231555
21,convnext_tiny,stage4,gap,euclidean,0.008121610441994073
21,convnext_tiny,stage4,rp,correlation,-0.010782498291713414
21,convnext_tiny,stage4,rp,euclidean,0.0013963443453155807
21,convnext_tiny,avgpool,gap,correlation,-0.0048545437562231555
21,convnext_tiny,avgpool,gap,euclidean,0.008121610441994073
21,convnext_tiny,avgpool,rp,correlation,-0.0048545437562231555
21,convnext_tiny,avgpool,rp,euclidean,0.008121610441994073
21,convnext_tiny,logits,gap,correlation,-0.007491013243663979
21,convnext_tiny,logits,gap,euclidean,-0.006961519148313299
21,convnext_tiny,logits,rp,correlation,-0.007491013243663979
21,convnext_tiny,logits,rp,euclidean,-0.006961519148313299
