subject,region,t,ref,rho
1,MTL,-0.2,alexnet conv1,-0.00042552838320323916
1,MTL,-0.2,alexnet conv4,-0.000719317140547209
1,MTL,-0.2,resnet50 avgpool,-0.0018641707189098352
1,MTL,-0.2,clip ln_post,-0.0015898209625960051
1,MTL,-0.2,category,-0.006587100982529906
1,MTL,-0.2,low-level,0.0152526550128156
1,MTL,-0.175,alexnet conv1,-0.010189886644414286
1,MTL,-0.175,alexnet conv4,-0.018419164698312764
1,MTL,-0.175,resnet50 avgpool,-0.028945991879352897
1,MTL,-0.175,clip ln_post,-0.022802843881228163
1,MTL,-0.175,category,-0.017988922272301623
1,MTL,-0.175,low-level,0.006817249767750091
1,MTL,-0.15,alexnet conv1,-0.029586692783198944
1,MTL,-0.15,alexnet conv4,-0.04102384256705053
1,MTL,-0.15,resnet50 avgpool,-0.04816237148350776
1,MTL,-0.15,clip ln_post,-0.039789085018480636
1,MTL,-0.15,category,-0.030436374002306064
1,MTL,-0.15,low-level,0.014382541033996213
1,MTL,-0.125,alexnet conv1,-0.03223459337624264
1,MTL,-0.125,alexnet conv4,-0.0320340802497636
1,MTL,-0.125,resnet50 avgpool,-0.026640534733974982
1,MTL,-0.125,clip ln_post,-0.012920762630269823
1,MTL,-0.125,category,-0.01894556288783369
1,MTL,-0.125,low-level,0.028613059317746777
1,MTL,-0.1,alexnet conv1,-0.02716251065431881
1,MTL,-0.1,alexnet conv4,-0.030150093573973705
1,MTL,-0.1,resnet50 avgpool,-0.029783019122267905
1,MTL,-0.1,clip ln_post,-0.015177597303774633
1,MTL,-0.1,category,-0.014655511755389502
1,MTL,-0.1,low-level,0.022258758050456
1,MTL,-0.075,alexnet conv1,-0.03085110258104055
1,MTL,-0.075,alexnet conv4,-0.015045781964560892
1,MTL,-0.075,resnet50 avgpool,-0.022047809368439277
1,MTL,-0.075,clip ln_post,-0.005105577021204405
1,MTL,-0.075,category,-0.009883432405816754
1,MTL,-0.075,low-level,0.005598197102004666
1,MTL,-0.05,alexnet conv1,-0.020962342445664296
1,MTL,-0.05,alexnet conv4,0.0054004305982782936
1,MTL,-0.05,resnet50 avgpool,-0.015240407169537886
1,MTL,-0.05,clip ln_post,0.013739156333372486
1,MTL,-0.05,category,0.0006173669088608101
1,MTL,-0.05,low-level,-0.005271899929910699
1,MTL,-0.025,alexnet conv1,-0.0047133383501324205
1,MTL,-0.025,alexnet conv4,0.014135828262987187
1,MTL,-0.025,resnet50 avgpool,0.0009082654548612189
1,MTL,-0.025,clip ln_post,0.02974175051131323
1,MTL,-0.025,category,0.0066964843087244635
1,MTL,-0.025,low-level,0.01397071354610758
1,MTL,-0.0,alexnet conv1,0.007035093197791094
1,MTL,-0.0,alexnet conv4,0.00968306306049952
1,MTL,-0.0,resnet50 avgpool,0.009911983193207569
1,MTL,-0.0,clip ln_post,0.026517075249434592
1,MTL,-0.0,category,0.005306018297776693
1,MTL,-0.0,low-level,0.014550661732140613
1,MTL,0.025,alexnet conv1,0.015658269172870203
1,MTL,0.025,alexnet conv4,0.024012815777204224
1,MTL,0.025,resnet50 avgpool,0.018098080471220333
1,MTL,0.025,clip ln_post,0.024826830993126985
1,MTL,0.025,category,0.02916270713627791
1,MTL,0.025,low-level,0.010388920944097461
1,MTL,0.05,alexnet conv1,0.03362546863988943
1,MTL,0.05,alexnet conv4,0.026904326504646015
1,MTL,0.05,resnet50 avgpool,0.030552932114671805
1,MTL,0.05,clip ln_post,0.037675184270839934
1,MTL,0.05,category,0.012816388711575916
1,MTL,0.05,low-level,0.011643521835228824
1,MTL,0.075,alexnet conv1,0.011309105614059534
1,MTL,0.075,alexnet conv4,0.02325967409827715
1,MTL,0.075,resnet50 avgpool,0.02969034275454901
1,MTL,0.075,clip ln_post,0.03577767712304821
1,MTL,0.075,category,0.01890106797548336
1,MTL,0.075,low-level,0.0025286746126640105
1,MTL,0.1,alexnet conv1,0.029400623187277316
1,MTL,0.1,alexnet conv4,0.028722697087789892
1,MTL,0.1,resnet50 avgpool,0.0305018417096274
1,MTL,0.1,clip ln_post,0.04554387183583583
1,MTL,0.1,category,0.018826909788232815
1,MTL,0.1,low-level,0.0034530122406650075
1,MTL,0.125,alexnet conv1,0.011385550327317532
1,MTL,0.125,alexnet conv4,0.016611854708611585
1,MTL,0.125,resnet50 avgpool,0.006166574032182932
1,MTL,0.125,clip ln_post,0.026886364719489308
1,MTL,0.125,category,0.006129174176257773
1,MTL,0.125,low-level,0.0002699261633057283
1,MTL,0.15,alexnet conv1,0.024609917065331312
1,MTL,0.15,alexnet conv4,0.021579726858177765
1,MTL,0.15,resnet50 avgpool,0.011237390569072398
1,MTL,0.15,clip ln_post,0.019009730474118705
1,MTL,0.15,category,-0.004968598545786701
1,MTL,0.15,low-level,0.003317385458968684
1,MTL,0.175,alexnet conv1,0.009617648333157938
1,MTL,0.175,alexnet conv4,0.004766397302393107
1,MTL,0.175,resnet50 avgpool,0.0003082516189706041
1,MTL,0.175,clip ln_post,0.020556742783911616
1,MTL,0.175,category,0.002812449251477024
1,MTL,0.175,low-level,-0.016971446425604112
1,MTL,0.2,alexnet conv1,-0.014772585628710939
1,MTL,0.2,alexnet conv4,-0.0034997128820724623
1,MTL,0.2,resnet50 avgpool,-0.014672948465147901
1,MTL,0.2,clip ln_post,0.020503189278463202
1,MTL,0.2,category,0.00656485352635474
1,MTL,0.2,low-level,-0.026972518462266542
1,MTL,0.225,alexnet conv1,-0.01385300827650708
1,MTL,0.225,alexnet conv4,0.006589302632193133
1,MTL,0.225,resnet50 avgpool,0.002628439039099459
1,MTL,0.225,clip ln_post,0.009096837109735032
1,MTL,0.225,category,-0.002070867378971546
1,MTL,0.225,low-level,-0.01434852157400164
1,MTL,0.25,alexnet conv1,-0.012436902745674244
1,MTL,0.25,alexnet conv4,0.02495164043066839
1,MTL,0.25,resnet50 avgpool,0.020693450494562213
1,MTL,0.25,clip ln_post,0.01981129003776956
1,MTL,0.25,category,0.012197167848033843
1,MTL,0.25,low-level,-0.020638885329824257
1,MTL,0.275,alexnet conv1,0.02494678833229242
1,MTL,0.275,alexnet conv4,0.04456695692138238
1,MTL,0.275,resnet50 avgpool,0.049670301204091064
1,MTL,0.275,clip ln_post,0.028374091861808018
1,MTL,0.275,category,0.0204361424515697
1,MTL,0.275,low-level,0.00456720352138881
1,MTL,0.3,alexnet conv1,0.030077745436469388
1,MTL,0.3,alexnet conv4,0.06356604080912433
1,MTL,0.3,resnet50 avgpool,0.07256478724083448
1,MTL,0.3,clip ln_post,0.03889441897082058
1,MTL,0.3,category,0.02797803009495041
1,MTL,0.3,low-level,0.0067053776482888265
1,MTL,0.325,alexnet conv1,0.03613010990073703
1,MTL,0.325,alexnet conv4,0.0683696488088569
1,MTL,0.325,resnet50 avgpool,0.07495545735028726
1,MTL,0.325,clip ln_post,0.035879903038965225
1,MTL,0.325,category,0.013318810430198379
1,MTL,0.325,low-level,0.027290092489371847
1,MTL,0.35,alexnet conv1,0.036074608790063994
1,MTL,0.35,alexnet conv4,0.038764612451884006
1,MTL,0.35,resnet50 avgpool,0.044439586117168396
1,MTL,0.35,clip ln_post,0.02726386667212061
1,MTL,0.35,category,-0.00032258811453988274
1,MTL,0.35,low-level,0.027330191570638297
1,MTL,0.375,alexnet conv1,0.030300287927254973
1,MTL,0.375,alexnet conv4,0.02805148531301396
1,MTL,0.375,resnet50 avgpool,0.029377889849866418
1,MTL,0.375,clip ln_post,0.027310575368140244
1,MTL,0.375,category,0.0059196772972749745
1,MTL,0.375,low-level,0.012625548206570364
1,MTL,0.4,alexnet conv1,0.03849022081158685
1,MTL,0.4,alexnet conv4,0.034503152343233603
1,MTL,0.4,resnet50 avgpool,0.034774188432097446
1,MTL,0.4,clip ln_post,0.02824608152138711
1,MTL,0.4,category,0.004512525694195832
1,MTL,0.4,low-level,0.02194671432007204
1,MTL,0.425,alexnet conv1,0.027811349938309405
1,MTL,0.425,alexnet conv4,0.022208294294239032
1,MTL,0.425,resnet50 avgpool,0.02464573753660886
1,MTL,0.425,clip ln_post,0.027662600582452852
1,MTL,0.425,category,0.0028421125263772434
1,MTL,0.425,low-level,0.0042955826676808525
1,MTL,0.45,alexnet conv1,0.011039437198343499
1,MTL,0.45,alexnet conv4,0.0241563908501977
1,MTL,0.45,resnet50 avgpool,0.02247833483303769
1,MTL,0.45,clip ln_post,0.026840240788313787
1,MTL,0.45,category,0.009054714663291882
1,MTL,0.45,low-level,-0.010298503089633246
1,MTL,0.475,alexnet conv1,-0.016010650401041077
1,MTL,0.475,alexnet conv4,-0.0004695822790490362
1,MTL,0.475,resnet50 avgpool,0.0012804320323858817
1,MTL,0.475,clip ln_post,0.01103271320809739
1,MTL,0.475,category,-0.00931983018271259
1,MTL,0.475,low-level,-0.017578864061008653
1,MTL,0.5,alexnet conv1,-0.021959126477438185
1,MTL,0.5,alexnet conv4,-0.008877961078412823
1,MTL,0.5,resnet50 avgpool,0.0018776895799892195
1,MTL,0.5,clip ln_post,0.005273950634171192
1,MTL,0.5,category,-0.016051539630381063
1,MTL,0.5,low-level,-0.018121150491420268
1,MTL,0.525,alexnet conv1,-0.017461791883925337
1,MTL,0.525,alexnet conv4,-0.01910908250441064
1,MTL,0.525,resnet50 avgpool,-0.003759166438624487
1,MTL,0.525,clip ln_post,-0.006813915158308441
1,MTL,0.525,category,-0.010000231550736366
1,MTL,0.525,low-level,-0.005172721879241801
1,MTL,0.55,alexnet conv1,-0.02007956017281151
1,MTL,0.55,alexnet conv4,-0.008407494402946653
1,MTL,0.55,resnet50 avgpool,0.018744968928141443
1,MTL,0.55,clip ln_post,-0.0035688842805338176
1,MTL,0.55,category,-0.012560542965561527
1,MTL,0.55,low-level,-0.013054646393890847
1,MTL,0.575,alexnet conv1,-0.01797330647397251
1,MTL,0.575,alexnet conv4,-0.004768259528728638
1,MTL,0.575,resnet50 avgpool,0.02675738138191731
1,MTL,0.575,clip ln_post,0.018832388855953047
1,MTL,0.575,category,0.0021246320647281937
1,MTL,0.575,low-level,-0.007565418529118531
1,MTL,0.6,alexnet conv1,-0.016683337780767995
1,MTL,0.6,alexnet conv4,-0.0016685306327984273
1,MTL,0.6,resnet50 avgpool,0.014293756654881676
1,MTL,0.6,clip ln_post,0.0046595560936981565
1,MTL,0.6,category,-0.014785288583077962
1,MTL,0.6,low-level,0.00791059732307993
1,MTL,0.625,alexnet conv1,-0.017828376615210712
1,MTL,0.625,alexnet conv4,-0.0011118345012005497
1,MTL,0.625,resnet50 avgpool,0.018089249394428485
1,MTL,0.625,clip ln_post,-0.009142898214935562
1,MTL,0.625,category,-0.014116010943141766
1,MTL,0.625,low-level,0.0020545930272524004
1,MTL,0.65,alexnet conv1,0.020811766303765796
1,MTL,0.65,alexnet conv4,-0.015866658099136788
1,MTL,0.65,resnet50 avgpool,0.009085418891511644
1,MTL,0.65,clip ln_post,-0.012833449023338968
1,MTL,0.65,category,-0.01706936075039483
1,MTL,0.65,low-level,0.014374318885885013
1,MTL,0.675,alexnet conv1,0.032911269399920055
1,MTL,0.675,alexnet conv4,-0.010261778890869336
1,MTL,0.675,resnet50 avgpool,0.01409085614135311
1,MTL,0.675,clip ln_post,-0.026786787160056388
1,MTL,0.675,category,-0.01308335818567789
1,MTL,0.675,low-level,0.023285361867434903
1,MTL,0.7,alexnet conv1,0.048203232531086236
1,MTL,0.7,alexnet conv4,0.01448846884967019
1,MTL,0.7,resnet50 avgpool,0.02339990811813923
1,MTL,0.7,clip ln_post,0.00020940058555612924
1,MTL,0.7,category,-0.007495538776349116
1,MTL,0.7,low-level,0.03878239381372793
1,MTL,0.725,alexnet conv1,0.06974094331029922
1,MTL,0.725,alexnet conv4,0.06097775078988683
1,MTL,0.725,resnet50 avgpool,0.0516217243148792
1,MTL,0.725,clip ln_post,0.05314791545219225
1,MTL,0.725,category,0.043851590075930154
1,MTL,0.725,low-level,0.050378999143942935
1,MTL,0.75,alexnet conv1,0.0283865104628639
1,MTL,0.75,alexnet conv4,0.04856017911343954
1,MTL,0.75,resnet50 avgpool,0.04024003375771732
1,MTL,0.75,clip ln_post,0.04780147653026485
1,MTL,0.75,category,0.0177553239824624
1,MTL,0.75,low-level,0.026846584600865104
1,MTL,0.775,alexnet conv1,0.01000840817743406
1,MTL,0.775,alexnet conv4,0.019469904966143953
1,MTL,0.775,resnet50 avgpool,0.010010723072973989
1,MTL,0.775,clip ln_post,0.016123664664509166
1,MTL,0.775,category,0.0019040114576578137
1,MTL,0.775,low-level,0.01302706579087129
1,MTL,0.8,alexnet conv1,0.011752447577555414
1,MTL,0.8,alexnet conv4,0.0039721481047549105
1,MTL,0.8,resnet50 avgpool,0.012211154519241851
1,MTL,0.8,clip ln_post,-0.006064104866978145
1,MTL,0.8,category,0.0036003799910140936
1,MTL,0.8,low-level,0.009014132351892372
1,MTL,0.825,alexnet conv1,0.0004230813920235936
1,MTL,0.825,alexnet conv4,-0.007508000420747166
1,MTL,0.825,resnet50 avgpool,0.004694416455204102
1,MTL,0.825,clip ln_post,-0.0009311904920419531
1,MTL,0.825,category,-0.0031072280457979514
1,MTL,0.825,low-level,-0.008748436470902477
1,MTL,0.85,alexnet conv1,-0.0017796246767233079
1,MTL,0.85,alexnet conv4,-0.01490308162244994
1,MTL,0.85,resnet50 avgpool,0.009538458608069712
1,MTL,0.85,clip ln_post,-0.009368337144260323
1,MTL,0.85,category,0.0016463117569621604
1,MTL,0.85,low-level,0.00038290498648023684
1,MTL,0.875,alexnet conv1,0.0002169542008565623
1,MTL,0.875,alexnet conv4,-0.0053922970509010515
1,MTL,0.875,resnet50 avgpool,0.017836262080532874
1,MTL,0.875,clip ln_post,0.005486632668728596
1,MTL,0.875,category,0.011850478322637532
1,MTL,0.875,low-level,0.004874638402684576
1,MTL,0.9,alexnet conv1,0.00993200857000426
1,MTL,0.9,alexnet conv4,-0.02138541417215328
1,MTL,0.9,resnet50 avgpool,-0.000621543814242137
1,MTL,0.9,clip ln_post,-0.019354939875606377
1,MTL,0.9,category,-0.0067039001274495184
1,MTL,0.9,low-level,0.025873630944680745
1,MTL,0.925,alexnet conv1,0.0038761403494392338
1,MTL,0.925,alexnet conv4,-0.01150109534993192
1,MTL,0.925,resnet50 avgpool,0.007552371668312774
1,MTL,0.925,clip ln_post,-0.002480061806325523
1,MTL,0.925,category,-0.008133299186703826
1,MTL,0.925,low-level,0.014675862623833864
1,MTL,0.95,alexnet conv1,0.0026026675019750556
1,MTL,0.95,alexnet conv4,0.008002888680336724
1,MTL,0.95,resnet50 avgpool,0.006276886778726557
1,MTL,0.95,clip ln_post,-0.00048066220356095317
1,MTL,0.95,category,-0.00042455562200938596
1,MTL,0.95,low-level,0.018009270317346827
1,MTL,0.975,alexnet conv1,0.027247638239504577
1,MTL,0.975,alexnet conv4,0.02461675382014791
1,MTL,0.975,resnet50 avgpool,0.025012323878816675
1,MTL,0.975,clip ln_post,0.00018632573258888614
1,MTL,0.975,category,-0.004662696023378191
1,MTL,0.975,low-level,0.03226985969020235
1,MTL,1.0,alexnet conv1,0.018663419201685093
1,MTL,1.0,alexnet conv4,0.013628872583432703
1,MTL,1.0,resnet50 avgpool,0.025379670576414083
1,MTL,1.0,clip ln_post,-0.008882408835257458
1,MTL,1.0,category,-0.012653240699624712
1,MTL,1.0,low-level,0.012670418840091
1,MTL,1.025,alexnet conv1,0.0033780286340560814
1,MTL,1.025,alexnet conv4,0.015480710080175743
1,MTL,1.025,resnet50 avgpool,0.02516769412588346
1,MTL,1.025,clip ln_post,-0.004010210980062785
1,MTL,1.025,category,0.0016555815303684789
1,MTL,1.025,low-level,-0.004742293069989529
1,MTL,1.05,alexnet conv1,0.007727648083916018
1,MTL,1.05,alexnet conv4,0.01736175682252071
1,MTL,1.05,resnet50 avgpool,0.03213749019367077
1,MTL,1.05,clip ln_post,-0.007048607226103172
1,MTL,1.05,category,-0.0001965191962139516
1,MTL,1.05,low-level,0.002012913631076648
1,MTL,1.075,alexnet conv1,0.007009745333267248
1,MTL,1.075,alexnet conv4,0.02225020888509038
1,MTL,1.075,resnet50 avgpool,0.04852794133365872
1,MTL,1.075,clip ln_post,0.01999536692263838
1,MTL,1.075,category,0.030595814104894745
1,MTL,1.075,low-level,0.008287704599714516
1,MTL,1.1,alexnet conv1,-0.019783609557558996
1,MTL,1.1,alexnet conv4,0.021486592988487166
1,MTL,1.1,resnet50 avgpool,0.04495132140358924
1,MTL,1.1,clip ln_post,0.03260729155817105
1,MTL,1.1,category,0.03447984916214218
1,MTL,1.1,low-level,-0.008261709144371564
1,MTL,1.125,alexnet conv1,-0.004038376347926462
1,MTL,1.125,alexnet conv4,0.03943834209842675
1,MTL,1.125,resnet50 avgpool,0.05134686067430842
1,MTL,1.125,clip ln_post,0.048568494695052006
1,MTL,1.125,category,0.04056452842604963
1,MTL,1.125,low-level,0.005129334905284334
1,MTL,1.15,alexnet conv1,-0.011682628588274957
1,MTL,1.15,alexnet conv4,0.023307125429539582
1,MTL,1.15,resnet50 avgpool,0.03885439399198617
1,MTL,1.15,clip ln_post,0.023237240392439264
1,MTL,1.15,category,0.044837893966362445
1,MTL,1.15,low-level,-0.005414503616675517
1,MTL,1.175,alexnet conv1,-0.023896840638299537
1,MTL,1.175,alexnet conv4,0.008130800754489057
1,MTL,1.175,resnet50 avgpool,0.0071370855299549485
1,MTL,1.175,clip ln_post,0.01521064215569568
1,MTL,1.175,category,0.018246621972997278
1,MTL,1.175,low-level,-0.005784406848178191
1,MTL,1.2,alexnet conv1,-0.018791735617368757
1,MTL,1.2,alexnet conv4,0.02340227295227466
1,MTL,1.2,resnet50 avgpool,0.012595220980798141
1,MTL,1.2,clip ln_post,0.01813015715875759
1,MTL,1.2,category,0.030873907307084298
1,MTL,1.2,low-level,0.021559701481381078
1,MFC,-0.2,alexnet conv1,0.005630631414322627
1,MFC,-0.2,alexnet conv4,-0.00995132675185173
1,MFC,-0.2,resnet50 avgpool,-0.0026580042985596525
1,MFC,-0.2,clip ln_post,0.01653934547886371
1,MFC,-0.2,category,-0.012744084479006632
1,MFC,-0.2,low-level,-0.015141037419099156
1,MFC,-0.175,alexnet conv1,0.02170682219465526
1,MFC,-0.175,alexnet conv4,-0.011685354269035957
1,MFC,-0.175,resnet50 avgpool,0.007271022454016348
1,MFC,-0.175,clip ln_post,0.018359992295409053
1,MFC,-0.175,category,-0.009512641469564015
1,MFC,-0.175,low-level,-0.007918948344985972
1,MFC,-0.15,alexnet conv1,0.027655987745854798
1,MFC,-0.15,alexnet conv4,-0.0016486083550376136
1,MFC,-0.15,resnet50 avgpool,0.014073736868630206
1,MFC,-0.15,clip ln_post,0.028352977501444873
1,MFC,-0.15,category,-0.009078816074148309
1,MFC,-0.15,low-level,-0.0029445873998492746
1,MFC,-0.125,alexnet conv1,0.03791503451227339
1,MFC,-0.125,alexnet conv4,0.01104895613901534
1,MFC,-0.125,resnet50 avgpool,0.011839807901236897
1,MFC,-0.125,clip ln_post,0.019833224357652415
1,MFC,-0.125,category,0.008559708763394475
1,MFC,-0.125,low-level,-0.0018533275999959484
1,MFC,-0.1,alexnet conv1,0.02484283067475716
1,MFC,-0.1,alexnet conv4,-0.012998036968582144
1,MFC,-0.1,resnet50 avgpool,0.0011448777421991599
1,MFC,-0.1,clip ln_post,0.005295520885583603
1,MFC,-0.1,category,-0.0069949710124079184
1,MFC,-0.1,low-level,-0.004272064811043825
1,MFC,-0.075,alexnet conv1,0.010450606386000679
1,MFC,-0.075,alexnet conv4,-0.024558873377037535
1,MFC,-0.075,resnet50 avgpool,-0.003387566905797148
1,MFC,-0.075,clip ln_post,-0.015786519540734005
1,MFC,-0.075,category,-0.02072165147248431
1,MFC,-0.075,low-level,-0.010514580948684854
1,MFC,-0.05,alexnet conv1,0.034592418388156375
1,MFC,-0.05,alexnet conv4,-0.007967425833839872
1,MFC,-0.05,resnet50 avgpool,0.002064624241258755
1,MFC,-0.05,clip ln_post,-0.015088073511262168
1,MFC,-0.05,category,-0.018517299356461774
1,MFC,-0.05,low-level,-0.008861576386320543
1,MFC,-0.025,alexnet conv1,0.026487585703328865
1,MFC,-0.025,alexnet conv4,-0.010363453871313382
1,MFC,-0.025,resnet50 avgpool,-0.006140649457427149
1,MFC,-0.025,clip ln_post,-0.01780268240236322
1,MFC,-0.025,category,-0.027729600167661073
1,MFC,-0.025,low-level,-0.012191225797791295
1,MFC,-0.0,alexnet conv1,0.011713456810924644
1,MFC,-0.0,alexnet conv4,-0.013726695848333277
1,MFC,-0.0,resnet50 avgpool,-0.0033694601376212333
1,MFC,-0.0,clip ln_post,-0.011622460635306055
1,MFC,-0.0,category,-0.022757293712511846
1,MFC,-0.0,low-level,-0.011233037856651465
1,MFC,0.025,alexnet conv1,-0.0038628373519662166
1,MFC,0.025,alexnet conv4,-0.008965381006224425
1,MFC,0.025,resnet50 avgpool,0.0005796678855292436
1,MFC,0.025,clip ln_post,-0.01895054840568038
1,MFC,0.025,category,-0.010345067121451413
1,MFC,0.025,low-level,-0.01759830950572853
1,MFC,0.05,alexnet conv1,-0.01788213954057575
1,MFC,0.05,alexnet conv4,-0.004735021366115323
1,MFC,0.05,resnet50 avgpool,-0.0039206839657054465
1,MFC,0.05,clip ln_post,-0.016748386828716703
1,MFC,0.05,category,0.0035391994865323923
1,MFC,0.05,low-level,-0.008938493099852163
1,MFC,0.075,alexnet conv1,-0.016177403426037667
1,MFC,0.075,alexnet conv4,0.004666333244384641
1,MFC,0.075,resnet50 avgpool,0.010187881045981992
1,MFC,0.075,clip ln_post,-0.010160324606798965
1,MFC,0.075,category,0.02059187464479585
1,MFC,0.075,low-level,-0.021213198509177637
1,MFC,0.1,alexnet conv1,-0.03189414747239697
1,MFC,0.1,alexnet conv4,-0.005309460197418674
1,MFC,0.1,resnet50 avgpool,0.004349329483821532
1,MFC,0.1,clip ln_post,-0.0029747197040067923
1,MFC,0.1,category,0.006844800683225559
1,MFC,0.1,low-level,-0.03601442311694831
1,MFC,0.125,alexnet conv1,-0.03347946107401823
1,MFC,0.125,alexnet conv4,-0.009614938761621294
1,MFC,0.125,resnet50 avgpool,0.0020440414852993536
1,MFC,0.125,clip ln_post,0.01221194548215772
1,MFC,0.125,category,0.012673634201118613
1,MFC,0.125,low-level,-0.013187742416440875
1,MFC,0.15,alexnet conv1,-0.021708009444490285
1,MFC,0.15,alexnet conv4,-0.02155823232011983
1,MFC,0.15,resnet50 avgpool,-0.0064426555301150094
1,MFC,0.15,clip ln_post,-0.015454611525796915
1,MFC,0.15,category,-0.0033482421543622317
1,MFC,0.15,low-level,-0.0017110042137349207
1,MFC,0.175,alexnet conv1,-0.018069868386606024
1,MFC,0.175,alexnet conv4,-0.011284733968531649
1,MFC,0.175,resnet50 avgpool,0.005234331607790545
1,MFC,0.175,clip ln_post,0.0006990146850915987
1,MFC,0.175,category,0.0013849041469039794
1,MFC,0.175,low-level,-0.000708884806854395
1,MFC,0.2,alexnet conv1,-0.002751695547412966
1,MFC,0.2,alexnet conv4,0.010600568766451223
1,MFC,0.2,resnet50 avgpool,0.018041153694191816
1,MFC,0.2,clip ln_post,0.013170549041285933
1,MFC,0.2,category,0.01881949396950776
1,MFC,0.2,low-level,0.010848220705240193
1,MFC,0.225,alexnet conv1,0.006853471358714101
1,MFC,0.225,alexnet conv4,0.0026275288679233565
1,MFC,0.225,resnet50 avgpool,0.0060544651071236365
1,MFC,0.225,clip ln_post,0.008239763548031664
1,MFC,0.225,category,0.012542003418748891
1,MFC,0.225,low-level,0.00862862733660111
1,MFC,0.25,alexnet conv1,0.002645087922471175
1,MFC,0.25,alexnet conv4,0.003240467134514627
1,MFC,0.25,resnet50 avgpool,0.008337335509032288
1,MFC,0.25,clip ln_post,0.009954853061063215
1,MFC,0.25,category,0.02460754048441301
1,MFC,0.25,low-level,0.010158942435349236
1,MFC,0.275,alexnet conv1,0.00045586044174276866
1,MFC,0.275,alexnet conv4,-0.0030041866971984156
1,MFC,0.275,resnet50 avgpool,0.0005139986324428387
1,MFC,0.275,clip ln_post,-0.008584615324738637
1,MFC,0.275,category,0.01097170380371854
1,MFC,0.275,low-level,0.012595085663313552
1,MFC,0.3,alexnet conv1,-0.0065054734504904396
1,MFC,0.3,alexnet conv4,-0.0039867478947885684
1,MFC,0.3,resnet50 avgpool,0.004027568669306157
1,MFC,0.3,clip ln_post,0.0005206291891876846
1,MFC,0.3,category,0.011427776655309412
1,MFC,0.3,low-level,0.007829247351005592
1,MFC,0.325,alexnet conv1,-0.01004327014986244
1,MFC,0.325,alexnet conv4,-0.005961924056889327
1,MFC,0.325,resnet50 avgpool,0.0014839028124566422
1,MFC,0.325,clip ln_post,0.0008622848957824687
1,MFC,0.325,category,0.012087784521839286
1,MFC,0.325,low-level,-0.008671361886972168
1,MFC,0.35,alexnet conv1,-0.021168332708424303
1,MFC,0.35,alexnet conv4,-0.0033025601397940452
1,MFC,0.35,resnet50 avgpool,0.006018762233183884
1,MFC,0.35,clip ln_post,0.012152872956445016
1,MFC,0.35,category,0.006969015646870227
1,MFC,0.35,low-level,-0.011801453448968182
1,MFC,0.375,alexnet conv1,-0.017763899444726637
1,MFC,0.375,alexnet conv4,-0.0010299609793346489
1,MFC,0.375,resnet50 avgpool,0.004925007114477845
1,MFC,0.375,clip ln_post,0.01388295371366207
1,MFC,0.375,category,0.011652105171742318
1,MFC,0.375,low-level,-0.007604051670968603
1,MFC,0.4,alexnet conv1,-0.01842553911839035
1,MFC,0.4,alexnet conv4,0.005413197158580262
1,MFC,0.4,resnet50 avgpool,0.01530629228623066
1,MFC,0.4,clip ln_post,0.014356316827667413
1,MFC,0.4,category,0.01086046652284272
1,MFC,0.4,low-level,0.00014502329226305917
1,MFC,0.425,alexnet conv1,-0.023369421411045883
1,MFC,0.425,alexnet conv4,-0.0006895231301011632
1,MFC,0.425,resnet50 avgpool,0.010358969063252729
1,MFC,0.425,clip ln_post,0.010669577461746587
1,MFC,0.425,category,-0.0007675372380431693
1,MFC,0.425,low-level,-0.011467140326834772
1,MFC,0.45,alexnet conv1,-0.010477702101367128
1,MFC,0.45,alexnet conv4,0.00604773628411022
1,MFC,0.45,resnet50 avgpool,0.015740643691613567
1,MFC,0.45,clip ln_post,0.012417880973554918
1,MFC,0.45,category,0.011694746129411382
1,MFC,0.45,low-level,-0.024127094614784246
1,MFC,0.475,alexnet conv1,-0.012408391029486918
1,MFC,0.475,alexnet conv4,-0.0045151642830298456
1,MFC,0.475,resnet50 avgpool,0.0064254879297190376
1,MFC,0.475,clip ln_post,-0.001090410843729776
1,MFC,0.475,category,-0.005237421974569936
1,MFC,0.475,low-level,-0.01883662074919131
1,MFC,0.5,alexnet conv1,-0.014874434588778029
1,MFC,0.5,alexnet conv4,0.00411335189992321
1,MFC,0.5,resnet50 avgpool,0.006302914452518216
1,MFC,0.5,clip ln_post,0.001290534126979402
1,MFC,0.5,category,-0.006140297904345354
1,MFC,0.5,low-level,-0.01962826347432874
1,MFC,0.525,alexnet conv1,0.002152437234144638
1,MFC,0.525,alexnet conv4,0.013555920350015042
1,MFC,0.525,resnet50 avgpool,0.0041944231824161925
1,MFC,0.525,clip ln_post,-0.01008174381039139
1,MFC,0.525,category,0.004788764941704121
1,MFC,0.525,low-level,-0.01661348657303883
1,MFC,0.55,alexnet conv1,0.004295221821055282
1,MFC,0.55,alexnet conv4,-0.0017051291796123618
1,MFC,0.55,resnet50 avgpool,-0.0018200314441749522
1,MFC,0.55,clip ln_post,-0.02834153511938495
1,MFC,0.55,category,-0.002667840786338456
1,MFC,0.55,low-level,-0.010686666126943216
1,MFC,0.575,alexnet conv1,0.015878815730758108
1,MFC,0.575,alexnet conv4,0.011761051514283844
1,MFC,0.575,resnet50 avgpool,0.010552057448226178
1,MFC,0.575,clip ln_post,-0.010393191499474184
1,MFC,0.575,category,0.007137725522865223
1,MFC,0.575,low-level,-0.02765231000993437
1,MFC,0.6,alexnet conv1,0.006586989347575641
1,MFC,0.6,alexnet conv4,-0.005332776688751255
1,MFC,0.6,resnet50 avgpool,-0.00021238884667412953
1,MFC,0.6,clip ln_post,-0.018465000274372312
1,MFC,0.6,category,0.006079117399863653
1,MFC,0.6,low-level,-0.02307665558944851
1,MFC,0.625,alexnet conv1,0.005764863137189738
1,MFC,0.625,alexnet conv4,-0.005038572313418904
1,MFC,0.625,resnet50 avgpool,-0.001948531505016271
1,MFC,0.625,clip ln_post,-0.01719560950435989
1,MFC,0.625,category,0.013001784179702287
1,MFC,0.625,low-level,-0.019053984124346512
1,MFC,0.65,alexnet conv1,0.012962346982021875
1,MFC,0.65,alexnet conv4,0.015710870623159186
1,MFC,0.65,resnet50 avgpool,0.0014953532491287424
1,MFC,0.65,clip ln_post,-0.01469760685486932
1,MFC,0.65,category,0.025532663870363594
1,MFC,0.65,low-level,-0.013723134098828213
1,MFC,0.675,alexnet conv1,0.008033090254158971
1,MFC,0.675,alexnet conv4,0.002370749442614394
1,MFC,0.675,resnet50 avgpool,0.0012781702972863278
1,MFC,0.675,clip ln_post,-0.008935736811564888
1,MFC,0.675,category,0.013689601366451119
1,MFC,0.675,low-level,-0.019971151536586743
1,MFC,0.7,alexnet conv1,0.005564562652472198
1,MFC,0.7,alexnet conv4,-0.0026179293811297373
1,MFC,0.7,resnet50 avgpool,-0.005044811416011904
1,MFC,0.7,clip ln_post,-0.01762970638399798
1,MFC,0.7,category,0.0036189195378267306
1,MFC,0.7,low-level,-0.0123248550356675
1,MFC,0.725,alexnet conv1,0.004509352074882274
1,MFC,0.725,alexnet conv4,-0.009304905462436936
1,MFC,0.725,resnet50 avgpool,-0.008247040084673177
1,MFC,0.725,clip ln_post,-0.013561104298412736
1,MFC,0.725,category,-0.006933790507926215
1,MFC,0.725,low-level,-0.00992438085227179
1,MFC,0.75,alexnet conv1,-0.01406656343102457
1,MFC,0.75,alexnet conv4,-0.01423395438130565
1,MFC,0.75,resnet50 avgpool,-0.020542763199015653
1,MFC,0.75,clip ln_post,-0.021373069673529435
1,MFC,0.75,category,-0.017065652841032303
1,MFC,0.75,low-level,-0.021755857062671868
1,MFC,0.775,alexnet conv1,-0.011103848321007716
1,MFC,0.775,alexnet conv4,-0.028896568779029307
1,MFC,0.775,resnet50 avgpool,-0.03576826128141225
1,MFC,0.775,clip ln_post,-0.04140954411487893
1,MFC,0.775,category,-0.027012119706012024
1,MFC,0.775,low-level,-0.020648430045255066
1,MFC,0.8,alexnet conv1,0.0019320743214143892
1,MFC,0.8,alexnet conv4,-0.019822597102344894
1,MFC,0.8,resnet50 avgpool,-0.032881315908152894
1,MFC,0.8,clip ln_post,-0.03179677204393349
1,MFC,0.8,category,-0.013456003076611893
1,MFC,0.8,low-level,-0.006421388132120488
1,MFC,0.825,alexnet conv1,-0.004595787729085736
1,MFC,0.825,alexnet conv4,0.006862023745924591
1,MFC,0.825,resnet50 avgpool,-0.013532513647026071
1,MFC,0.825,clip ln_post,-0.011493997625680756
1,MFC,0.825,category,0.009336515774843962
1,MFC,0.825,low-level,-0.006676882041325858
1,MFC,0.85,alexnet conv1,-0.0019411550911837517
1,MFC,0.85,alexnet conv4,0.02154687692787143
1,MFC,0.85,resnet50 avgpool,-0.004411364495893269
1,MFC,0.85,clip ln_post,0.013429387225467566
1,MFC,0.85,category,0.010135570242468615
1,MFC,0.85,low-level,-0.01102684945043188
1,MFC,0.875,alexnet conv1,0.00047049083930270313
1,MFC,0.875,alexnet conv4,0.009024453531937131
1,MFC,0.875,resnet50 avgpool,-0.009682447688129129
1,MFC,0.875,clip ln_post,0.010946026249993976
1,MFC,0.875,category,0.005085397690706313
1,MFC,0.875,low-level,0.002909611051927969
1,MFC,0.9,alexnet conv1,0.0016158373599306167
1,MFC,0.9,alexnet conv4,0.019178387609434154
1,MFC,0.9,resnet50 avgpool,0.003804903748415465
1,MFC,0.9,clip ln_post,-0.0005586711225038983
1,MFC,0.9,category,0.0037839215044591997
1,MFC,0.9,low-level,0.0076960885024805765
1,MFC,0.925,alexnet conv1,-0.0005010564815953917
1,MFC,0.925,alexnet conv4,0.027904569186889095
1,MFC,0.925,resnet50 avgpool,0.007318731532868476
1,MFC,0.925,clip ln_post,0.008685426850757213
1,MFC,0.925,category,0.009887140315179281
1,MFC,0.925,low-level,0.012808072162211281
1,MFC,0.95,alexnet conv1,-0.005232522541895389
1,MFC,0.95,alexnet conv4,0.013083717100163317
1,MFC,0.95,resnet50 avgpool,0.01445582995020291
1,MFC,0.95,clip ln_post,-0.00025730297510052604
1,MFC,0.95,category,0.014568375885370109
1,MFC,0.95,low-level,-0.017200316619716657
1,MFC,0.975,alexnet conv1,0.010089542285902031
1,MFC,0.975,alexnet conv4,0.019329215055232603
1,MFC,0.975,resnet50 avgpool,0.011368211969143388
1,MFC,0.975,clip ln_post,-0.0003911754622645028
1,MFC,0.975,category,0.01849319794560535
1,MFC,0.975,low-level,-0.0073069347478727275
1,MFC,1.0,alexnet conv1,-0.00367878946370124
1,MFC,1.0,alexnet conv4,0.006585536295538748
1,MFC,1.0,resnet50 avgpool,0.019506190994005385
1,MFC,1.0,clip ln_post,-0.00277882992491787
1,MFC,1.0,category,0.017377117227484605
1,MFC,1.0,low-level,-0.01295423598755873
1,MFC,1.025,alexnet conv1,-0.002061102764814578
1,MFC,1.025,alexnet conv4,-0.017773817894162502
1,MFC,1.025,resnet50 avgpool,0.009389659313617654
1,MFC,1.025,clip ln_post,-0.004371134929909539
1,MFC,1.025,category,-0.009102917485004738
1,MFC,1.025,low-level,-0.021235253648243156
1,MFC,1.05,alexnet conv1,5.763880474504035e-05
1,MFC,1.05,alexnet conv4,-0.010602904603982815
1,MFC,1.05,resnet50 avgpool,0.01666502320359789
1,MFC,1.05,clip ln_post,0.010624811538184262
1,MFC,1.05,category,0.007434358271867413
1,MFC,1.05,low-level,-0.031340168966947926
1,MFC,1.075,alexnet conv1,-0.007055115352742914
1,MFC,1.075,alexnet conv4,-0.016071179200635548
1,MFC,1.075,resnet50 avgpool,0.010452494387095179
1,MFC,1.075,clip ln_post,0.005283704769518627
1,MFC,1.075,category,0.0013570948266850241
1,MFC,1.075,low-level,-0.02973998494032383
1,MFC,1.1,alexnet conv1,0.011268537754364332
1,MFC,1.1,alexnet conv4,-0.014325950939756735
1,MFC,1.1,resnet50 avgpool,0.010459661381011072
1,MFC,1.1,clip ln_post,0.022524305726581824
1,MFC,1.1,category,0.002274802393910553
1,MFC,1.1,low-level,-0.028982506658200177
1,MFC,1.125,alexnet conv1,0.017494028052783717
1,MFC,1.125,alexnet conv4,-0.008818266736639983
1,MFC,1.125,resnet50 avgpool,0.0035624921403094377
1,MFC,1.125,clip ln_post,0.030717861575471322
1,MFC,1.125,category,0.004922249678755108
1,MFC,1.125,low-level,-0.021196266103457255
1,MFC,1.15,alexnet conv1,0.006229271133375692
1,MFC,1.15,alexnet conv4,0.0142311900384062
1,MFC,1.15,resnet50 avgpool,0.023192801486131367
1,MFC,1.15,clip ln_post,0.039698499628083125
1,MFC,1.15,category,0.006561145616992213
1,MFC,1.15,low-level,-0.010732374440130353
1,MFC,1.175,alexnet conv1,-0.0031125534494398596
1,MFC,1.175,alexnet conv4,0.004119078729181696
1,MFC,1.175,resnet50 avgpool,0.011022801202351268
1,MFC,1.175,clip ln_post,0.03179390299107573
1,MFC,1.175,category,-0.007319413081629063
1,MFC,1.175,low-level,0.0031579186361482183
1,MFC,1.2,alexnet conv1,-0.022824261095009193
1,MFC,1.2,alexnet conv4,-0.004881393000456961
1,MFC,1.2,resnet50 avgpool,-0.00354230889311406
1,MFC,1.2,clip ln_post,0.01559259508701649
1,MFC,1.2,category,0.0021357557928157757
1,MFC,1.2,low-level,-0.01366185138753389
2,MTL,-0.2,alexnet conv1,0.02542006928925355
2,MTL,-0.2,alexnet conv4,-0.00854255897271296
2,MTL,-0.2,resnet50 avgpool,0.011112191288301583
2,MTL,-0.2,clip ln_post,-0.025166378002253596
2,MTL,-0.2,category,-0.019289558384440634
2,MTL,-0.2,low-level,-0.004904086064806972
2,MTL,-0.175,alexnet conv1,0.006183569263878297
2,MTL,-0.175,alexnet conv4,-0.007884920830379224
2,MTL,-0.175,resnet50 avgpool,0.009921138065408968
2,MTL,-0.175,clip ln_post,-0.016752331977761437
2,MTL,-0.175,category,-0.011394409523981965
2,MTL,-0.175,low-level,-0.003948353169458962
2,MTL,-0.15,alexnet conv1,0.011527052143136415
2,MTL,-0.15,alexnet conv4,-0.004972168479701875
2,MTL,-0.15,resnet50 avgpool,0.004610524447526419
2,MTL,-0.15,clip ln_post,-0.007634657586322183
2,MTL,-0.15,category,-9.096221353455789e-05
2,MTL,-0.15,low-level,0.0045137450603641
2,MTL,-0.125,alexnet conv1,0.012549039056414944
2,MTL,-0.125,alexnet conv4,-0.010695663128745928
2,MTL,-0.125,resnet50 avgpool,0.0014896860240003731
2,MTL,-0.125,clip ln_post,-0.008170941719738829
2,MTL,-0.125,category,-0.005884698304174459
2,MTL,-0.125,low-level,0.019702327244226953
2,MTL,-0.1,alexnet conv1,-0.012167442138952397
2,MTL,-0.1,alexnet conv4,-0.026448416124307747
2,MTL,-0.1,resnet50 avgpool,-0.016871040852039304
2,MTL,-0.1,clip ln_post,-0.0059204009201898255
2,MTL,-0.1,category,-0.014010037256026701
2,MTL,-0.1,low-level,0.010120162699557528
2,MTL,-0.075,alexnet conv1,0.01351287489161392
2,MTL,-0.075,alexnet conv4,-0.014961599990844806
2,MTL,-0.075,resnet50 avgpool,0.004533261385671147
2,MTL,-0.075,clip ln_post,-0.0015439112841044201
2,MTL,-0.075,category,-0.007141461948315187
2,MTL,-0.075,low-level,0.019578653507002632
2,MTL,-0.05,alexnet conv1,-0.0009181178564772241
2,MTL,-0.05,alexnet conv4,-0.0031691548201363863
2,MTL,-0.05,resnet50 avgpool,0.013832926517425142
2,MTL,-0.05,clip ln_post,0.02456339684723664
2,MTL,-0.05,category,0.010468080043293304
2,MTL,-0.05,low-level,0.011645975270098212
2,MTL,-0.025,alexnet conv1,-0.002796403477767608
2,MTL,-0.025,alexnet conv4,-0.00349131353249335
2,MTL,-0.025,resnet50 avgpool,0.0100844292180915
2,MTL,-0.025,clip ln_post,0.011392598112973192
2,MTL,-0.025,category,0.013555226188353912
2,MTL,-0.025,low-level,0.015062417960553126
2,MTL,-0.0,alexnet conv1,0.005599400461064045
2,MTL,-0.0,alexnet conv4,0.00037321689895266074
2,MTL,-0.0,resnet50 avgpool,0.004951806420116148
2,MTL,-0.0,clip ln_post,0.0059045301123544945
2,MTL,-0.0,category,8.9105841829771e-05
2,MTL,-0.0,low-level,0.009673173607667496
2,MTL,0.025,alexnet conv1,0.0010886001669121843
2,MTL,0.025,alexnet conv4,-0.001018639416457395
2,MTL,0.025,resnet50 avgpool,0.016476007230541583
2,MTL,0.025,clip ln_post,-0.008334769309592411
2,MTL,0.025,category,0.010752104914125699
2,MTL,0.025,low-level,0.019264356096131294
2,MTL,0.05,alexnet conv1,0.023544991014532404
2,MTL,0.05,alexnet conv4,0.010757807683543284
2,MTL,0.05,resnet50 avgpool,0.02526700910495938
2,MTL,0.05,clip ln_post,0.013121622105072507
2,MTL,0.05,category,0.016686925254329403
2,MTL,0.05,low-level,0.030088875299576805
2,MTL,0.075,alexnet conv1,0.010539278000544725
2,MTL,0.075,alexnet conv4,0.007544249397392581
2,MTL,0.075,resnet50 avgpool,0.016930828627313405
2,MTL,0.075,clip ln_post,0.028393830494411174
2,MTL,0.075,category,0.021300008940724844
2,MTL,0.075,low-level,0.0008047298590040783
2,MTL,0.1,alexnet conv1,-0.02755615404975462
2,MTL,0.1,alexnet conv4,0.005641648512859556
2,MTL,0.1,resnet50 avgpool,0.016459382511006402
2,MTL,0.1,clip ln_post,0.020478029891864317
2,MTL,0.1,category,0.02016947857250962
2,MTL,0.1,low-level,0.005614428756465567
2,MTL,0.125,alexnet conv1,0.0018486204846391847
2,MTL,0.125,alexnet conv4,0.014440614787798858
2,MTL,0.125,resnet50 avgpool,0.008569986538101138
2,MTL,0.125,clip ln_post,0.01811298633651675
2,MTL,0.125,category,0.004085874122235957
2,MTL,0.125,low-level,0.020762133783525587
2,MTL,0.15,alexnet conv1,-0.005561448739404223
2,MTL,0.15,alexnet conv4,-0.016923695462768663
2,MTL,0.15,resnet50 avgpool,-0.015264366418922261
2,MTL,0.15,clip ln_post,-0.023306184650837208
2,MTL,0.15,category,-0.012864655914173188
2,MTL,0.15,low-level,0.011192352399618462
2,MTL,0.175,alexnet conv1,-0.01813265408853274
2,MTL,0.175,alexnet conv4,-0.004063144280373498
2,MTL,0.175,resnet50 avgpool,-0.018171854275080137
2,MTL,0.175,clip ln_post,-0.016101069866427724
2,MTL,0.175,category,0.0007796761160104961
2,MTL,0.175,low-level,-0.01097859104702922
2,MTL,0.2,alexnet conv1,-0.012987942928600801
2,MTL,0.2,alexnet conv4,0.005769146579945945
2,MTL,0.2,resnet50 avgpool,-0.0037938141583689347
2,MTL,0.2,clip ln_post,-0.007582262334104953
2,MTL,0.2,category,-0.0031261299508611325
2,MTL,0.2,low-level,-0.0064926730608173226
2,MTL,0.225,alexnet conv1,-0.00704027714618879
2,MTL,0.225,alexnet conv4,0.0041751517173193526
2,MTL,0.225,resnet50 avgpool,-0.006023778645648279
2,MTL,0.225,clip ln_post,-0.0017236982825272885
2,MTL,0.225,category,0.012840523082010958
2,MTL,0.225,low-level,-0.008824544501371438
2,MTL,0.25,alexnet conv1,-0.009437990208529914
2,MTL,0.25,alexnet conv4,0.013091438251397051
2,MTL,0.25,resnet50 avgpool,0.011965376083245462
2,MTL,0.25,clip ln_post,0.030571554378027103
2,MTL,0.25,category,0.02536546297420814
2,MTL,0.25,low-level,-0.023381243970800603
2,MTL,0.275,alexnet conv1,-0.017785052467228234
2,MTL,0.275,alexnet conv4,0.017837766682087707
2,MTL,0.275,resnet50 avgpool,0.03242771720150967
2,MTL,0.275,clip ln_post,0.05293775612216896
2,MTL,0.275,category,0.034170233970012384
2,MTL,0.275,low-level,-0.03551315560451386
2,MTL,0.3,alexnet conv1,-0.030679474904753895
2,MTL,0.3,alexnet conv4,-0.006612796324993627
2,MTL,0.3,resnet50 avgpool,0.013047099222280157
2,MTL,0.3,clip ln_post,0.03408461053063347
2,MTL,0.3,category,-0.0016967237381752228
2,MTL,0.3,low-level,-0.023554595334093334
2,MTL,0.325,alexnet conv1,-0.043659074866060826
2,MTL,0.325,alexnet conv4,-0.021945828312732472
2,MTL,0.325,resnet50 avgpool,-0.009536428845800882
2,MTL,0.325,clip ln_post,0.011498111921581225
2,MTL,0.325,category,-0.01908721386861886
2,MTL,0.325,low-level,-0.02498969847320896
2,MTL,0.35,alexnet conv1,-0.017697365126292327
2,MTL,0.35,alexnet conv4,-0.007090882663580089
2,MTL,0.35,resnet50 avgpool,0.004790171295697392
2,MTL,0.35,clip ln_post,0.0039042026182670307
2,MTL,0.35,category,-0.01934710590728903
2,MTL,0.35,low-level,-0.02568567656950949
2,MTL,0.375,alexnet conv1,-0.0013669208470297183
2,MTL,0.375,alexnet conv4,-0.02697832583764681
2,MTL,0.375,resnet50 avgpool,-0.012928599767918918
2,MTL,0.375,clip ln_post,0.004295260483193736
2,MTL,0.375,category,-0.016046477016177927
2,MTL,0.375,low-level,-0.021288863535976813
2,MTL,0.4,alexnet conv1,0.020368741691989725
2,MTL,0.4,alexnet conv4,-0.021938102328731432
2,MTL,0.4,resnet50 avgpool,-0.014264816433326485
2,MTL,0.4,clip ln_post,-0.016605688097528184
2,MTL,0.4,category,-0.01595551480264337
2,MTL,0.4,low-level,-0.01012743601435417
2,MTL,0.425,alexnet conv1,0.053130633476303354
2,MTL,0.425,alexnet conv4,-0.01214815939739851
2,MTL,0.425,resnet50 avgpool,-0.0006977871621956868
2,MTL,0.425,clip ln_post,-0.007327644766704539
2,MTL,0.425,category,-0.012714289806085449
2,MTL,0.425,low-level,0.010717399305169205
2,MTL,0.45,alexnet conv1,0.055591330384030774
2,MTL,0.45,alexnet conv4,0.0004622815785709892
2,MTL,0.45,resnet50 avgpool,0.010451896734871577
2,MTL,0.45,clip ln_post,-0.01768083706210328
2,MTL,0.45,category,0.021014127698187657
2,MTL,0.45,low-level,0.015975053847982073
2,MTL,0.475,alexnet conv1,0.07623788370464839
2,MTL,0.475,alexnet conv4,0.003004790793111758
2,MTL,0.475,resnet50 avgpool,0.0006808821421567139
2,MTL,0.475,clip ln_post,-0.01458878260065617
2,MTL,0.475,category,0.008698957808631393
2,MTL,0.475,low-level,0.009856010082260917
2,MTL,0.5,alexnet conv1,0.07334022086442511
2,MTL,0.5,alexnet conv4,0.012643576039546935
2,MTL,0.5,resnet50 avgpool,0.004170658854646521
2,MTL,0.5,clip ln_post,-0.008552636903469945
2,MTL,0.5,category,0.00534635050978626
2,MTL,0.5,low-level,0.029031514140535383
2,MTL,0.525,alexnet conv1,0.0487957330247373
2,MTL,0.525,alexnet conv4,0.004063812813184265
2,MTL,0.525,resnet50 avgpool,0.0013302578633183609
2,MTL,0.525,clip ln_post,-0.030224419924228915
2,MTL,0.525,category,0.024307331102479613
2,MTL,0.525,low-level,-0.0014216277729420035
2,MTL,0.55,alexnet conv1,0.038960669766906236
2,MTL,0.55,alexnet conv4,-0.0037249069511870146
2,MTL,0.55,resnet50 avgpool,-0.0021927344588706637
2,MTL,0.55,clip ln_post,-0.020028057371623595
2,MTL,0.55,category,0.013417854682199682
2,MTL,0.55,low-level,0.00867070140877358
2,MTL,0.575,alexnet conv1,0.047173946528252096
2,MTL,0.575,alexnet conv4,0.022479774997695094
2,MTL,0.575,resnet50 avgpool,0.02463757338170534
2,MTL,0.575,clip ln_post,-0.008833586609002346
2,MTL,0.575,category,0.04121887733308823
2,MTL,0.575,low-level,0.021923310838927942
2,MTL,0.6,alexnet conv1,0.030923057653470584
2,MTL,0.6,alexnet conv4,0.00571298176922946
2,MTL,0.6,resnet50 avgpool,0.01783104913553134
2,MTL,0.6,clip ln_post,-0.008312322716375043
2,MTL,0.6,category,0.015532262053951959
2,MTL,0.6,low-level,0.04417734083203551
2,MTL,0.625,alexnet conv1,0.020330978448254867
2,MTL,0.625,alexnet conv4,0.008997174171413026
2,MTL,0.625,resnet50 avgpool,0.013525549629337058
2,MTL,0.625,clip ln_post,-0.005954210960267772
2,MTL,0.625,category,0.03182006739175217
2,MTL,0.625,low-level,0.03251329745589984
2,MTL,0.65,alexnet conv1,0.0003925576337142302
2,MTL,0.65,alexnet conv4,0.030076464753133105
2,MTL,0.65,resnet50 avgpool,0.04360737069956846
2,MTL,0.65,clip ln_post,0.03419085408710482
2,MTL,0.65,category,0.04973405434294573
2,MTL,0.65,low-level,0.01457666202025087
2,MTL,0.675,alexnet conv1,-0.006496025390405764
2,MTL,0.675,alexnet conv4,0.02851123452151622
2,MTL,0.675,resnet50 avgpool,0.037538458840042546
2,MTL,0.675,clip ln_post,0.04521485864851546
2,MTL,0.675,category,0.04644270731035855
2,MTL,0.675,low-level,0.009519507716537553
2,MTL,0.7,alexnet conv1,0.01288346333219641
2,MTL,0.7,alexnet conv4,0.044702082706201234
2,MTL,0.7,resnet50 avgpool,0.0517870871138139
2,MTL,0.7,clip ln_post,0.07082653105225686
2,MTL,0.7,category,0.07226855046735385
2,MTL,0.7,low-level,0.02295428831031944
2,MTL,0.725,alexnet conv1,0.016216112281242215
2,MTL,0.725,alexnet conv4,0.02121828419130676
2,MTL,0.725,resnet50 avgpool,0.048244786275312014
2,MTL,0.725,clip ln_post,0.04013592145162825
2,MTL,0.725,category,0.054077964132147056
2,MTL,0.725,low-level,0.014539541534567805
2,MTL,0.75,alexnet conv1,-0.009845508478903373
2,MTL,0.75,alexnet conv4,0.01781693423315079
2,MTL,0.75,resnet50 avgpool,0.049874880298797504
2,MTL,0.75,clip ln_post,0.04209203073578148
2,MTL,0.75,category,0.06342479566574907
2,MTL,0.75,low-level,-0.009476932647487618
2,MTL,0.775,alexnet conv1,-0.006517824392804029
2,MTL,0.775,alexnet conv4,0.003368524191686161
2,MTL,0.775,resnet50 avgpool,0.03592012938310409
2,MTL,0.775,clip ln_post,0.01236347367921565
2,MTL,0.775,category,0.03931980907909124
2,MTL,0.775,low-level,-0.0213334377597693
2,MTL,0.8,alexnet conv1,-0.009947471814463388
2,MTL,0.8,alexnet conv4,-0.01075496279452205
2,MTL,0.8,resnet50 avgpool,0.022703688383473364
2,MTL,0.8,clip ln_post,0.01566941031243467
2,MTL,0.8,category,0.0398637259885938
2,MTL,0.8,low-level,-0.030846384189226733
2,MTL,0.825,alexnet conv1,-0.007544607022173279
2,MTL,0.825,alexnet conv4,-0.004437060319663201
2,MTL,0.825,resnet50 avgpool,0.013844194919862024
2,MTL,0.825,clip ln_post,0.017085082505132337
2,MTL,0.825,category,0.024879093587553976
2,MTL,0.825,low-level,-0.02251628494377507
2,MTL,0.85,alexnet conv1,-0.00111808810209547
2,MTL,0.85,alexnet conv4,0.005027297467292283
2,MTL,0.85,resnet50 avgpool,0.013415977907113802
2,MTL,0.85,clip ln_post,0.027512768686719587
2,MTL,0.85,category,0.03463247052450433
2,MTL,0.85,low-level,-0.01890632697390128
2,MTL,0.875,alexnet conv1,-0.002836500948111622
2,MTL,0.875,alexnet conv4,0.01897065432859885
2,MTL,0.875,resnet50 avgpool,0.017754602811350908
2,MTL,0.875,clip ln_post,0.04159667853053048
2,MTL,0.875,category,0.028998382400476096
2,MTL,0.875,low-level,-0.018050144252304785
2,MTL,0.9,alexnet conv1,-0.0033123336062107073
2,MTL,0.9,alexnet conv4,0.004799550086117337
2,MTL,0.9,resnet50 avgpool,0.006935077467455694
2,MTL,0.9,clip ln_post,0.01740805795516414
2,MTL,0.9,category,0.0015073738242869594
2,MTL,0.9,low-level,-0.018052003256795447
2,MTL,0.925,alexnet conv1,-0.003399739035720388
2,MTL,0.925,alexnet conv4,0.028905006790746878
2,MTL,0.925,resnet50 avgpool,0.03377485753195291
2,MTL,0.925,clip ln_post,0.03822434772912904
2,MTL,0.925,category,0.014572517882577131
2,MTL,0.925,low-level,-0.006611762112789985
2,MTL,0.95,alexnet conv1,0.0014596278222748923
2,MTL,0.95,alexnet conv4,0.007259626788707059
2,MTL,0.95,resnet50 avgpool,0.01918801770375405
2,MTL,0.95,clip ln_post,0.02788341294254263
2,MTL,0.95,category,0.007930419922849617
2,MTL,0.95,low-level,-0.004758980615499699
2,MTL,0.975,alexnet conv1,0.009635258937223693
2,MTL,0.975,alexnet conv4,0.02166889946959928
2,MTL,0.975,resnet50 avgpool,0.03723575684886252
2,MTL,0.975,clip ln_post,0.03947264024800267
2,MTL,0.975,category,0.025560382003210768
2,MTL,0.975,low-level,0.01247394912892527
2,MTL,1.0,alexnet conv1,0.01514864097299509
2,MTL,1.0,alexnet conv4,0.008037623389892692
2,MTL,1.0,resnet50 avgpool,0.021438265315419775
2,MTL,1.0,clip ln_post,-0.0061258515239339135
2,MTL,1.0,category,0.0063989132664004295
2,MTL,1.0,low-level,0.0068082124928864896
2,MTL,1.025,alexnet conv1,-0.006907843212759785
2,MTL,1.025,alexnet conv4,0.01397162049543881
2,MTL,1.025,resnet50 avgpool,-0.0016892213205610125
2,MTL,1.025,clip ln_post,-0.00314162415571233
2,MTL,1.025,category,0.01266602414176099
2,MTL,1.025,low-level,0.012106335018203556
2,MTL,1.05,alexnet conv1,-0.016772801969150347
2,MTL,1.05,alexnet conv4,-0.0015578828143882027
2,MTL,1.05,resnet50 avgpool,-0.0034721967159503262
2,MTL,1.05,clip ln_post,-0.0016934999305499123
2,MTL,1.05,category,0.019131766789533745
2,MTL,1.05,low-level,0.0029750032263554543
2,MTL,1.075,alexnet conv1,-0.009073346638779409
2,MTL,1.075,alexnet conv4,0.009058685633693199
2,MTL,1.075,resnet50 avgpool,0.006448606277592042
2,MTL,1.075,clip ln_post,0.011864519451398691
2,MTL,1.075,category,0.0009374677109173824
2,MTL,1.075,low-level,-0.001278257287097849
2,MTL,1.1,alexnet conv1,-0.005566676182707678
2,MTL,1.1,alexnet conv4,0.0175075694667772
2,MTL,1.1,resnet50 avgpool,0.006190599329387167
2,MTL,1.1,clip ln_post,-0.005931994728958692
2,MTL,1.1,category,-0.01186407156529305
2,MTL,1.1,low-level,0.012595879848074294
2,MTL,1.125,alexnet conv1,-0.010197562689819825
2,MTL,1.125,alexnet conv4,0.009030969713189051
2,MTL,1.125,resnet50 avgpool,-0.007145547705509049
2,MTL,1.125,clip ln_post,-0.011909335313556518
2,MTL,1.125,category,-0.010841210755955472
2,MTL,1.125,low-level,0.0001947331367801764
2,MTL,1.15,alexnet conv1,-0.0276791560323233
2,MTL,1.15,alexnet conv4,0.015059987078597833
2,MTL,1.15,resnet50 avgpool,0.008728763886119177
2,MTL,1.15,clip ln_post,-0.009074548386916353
2,MTL,1.15,category,0.005288802986937865
2,MTL,1.15,low-level,0.0047768989057506515
2,MTL,1.175,alexnet conv1,-0.011748737623186274
2,MTL,1.175,alexnet conv4,0.015488125156146714
2,MTL,1.175,resnet50 avgpool,0.012150398579583964
2,MTL,1.175,clip ln_post,-0.00014127628667790087
2,MTL,1.175,category,-0.005273952013299572
2,MTL,1.175,low-level,0.019465692403974912
2,MTL,1.2,alexnet conv1,-0.013820227615865469
2,MTL,1.2,alexnet conv4,0.012697883456695199
2,MTL,1.2,resnet50 avgpool,0.0027225684588552497
2,MTL,1.2,clip ln_post,-0.00447463025270579
2,MTL,1.2,category,0.00015222247979252543
2,MTL,1.2,low-level,0.029214806506178068
2,MFC,-0.2,alexnet conv1,-0.006089994001440346
2,MFC,-0.2,alexnet conv4,0.011080306300534153
2,MFC,-0.2,resnet50 avgpool,0.00046142134599038955
2,MFC,-0.2,clip ln_post,0.006530579676648948
2,MFC,-0.2,category,0.004962081566895373
2,MFC,-0.2,low-level,-0.009396549228874628
2,MFC,-0.175,alexnet conv1,0.00767986651355429
2,MFC,-0.175,alexnet conv4,0.009020028328006593
2,MFC,-0.175,resnet50 avgpool,0.002825327590098441
2,MFC,-0.175,clip ln_post,0.0017042802234888113
2,MFC,-0.175,category,0.012359722810471152
2,MFC,-0.175,low-level,0.0031486348901519725
2,MFC,-0.15,alexnet conv1,0.027753324512179826
2,MFC,-0.15,alexnet conv4,-0.00019405171658992622
2,MFC,-0.15,resnet50 avgpool,-0.013160939888957699
2,MFC,-0.15,clip ln_post,0.0017324939190255535
2,MFC,-0.15,category,-0.022074115941620974
2,MFC,-0.15,low-level,0.00885236835367877
2,MFC,-0.125,alexnet conv1,0.03238510830308859
2,MFC,-0.125,alexnet conv4,0.00223224394252569
2,MFC,-0.125,resnet50 avgpool,-0.004199826216265126
2,MFC,-0.125,clip ln_post,0.013137132066282267
2,MFC,-0.125,category,-0.004297500496581663
2,MFC,-0.125,low-level,0.006500411932197848
2,MFC,-0.1,alexnet conv1,0.015530838764526107
2,MFC,-0.1,alexnet conv4,0.0010422523175181216
2,MFC,-0.1,resnet50 avgpool,0.0077109782585526405
2,MFC,-0.1,clip ln_post,0.03442791582180229
2,MFC,-0.1,category,0.01075767402924006
2,MFC,-0.1,low-level,-0.016312708023246875
2,MFC,-0.075,alexnet conv1,0.014428747122215944
2,MFC,-0.075,alexnet conv4,0.0008496617075772663
2,MFC,-0.075,resnet50 avgpool,0.0062315666978463935
2,MFC,-0.075,clip ln_post,0.01977213173520549
2,MFC,-0.075,category,0.0019603285202549614
2,MFC,-0.075,low-level,-0.017743866013317768
2,MFC,-0.05,alexnet conv1,0.006368844675039186
2,MFC,-0.05,alexnet conv4,0.018625858934177116
2,MFC,-0.05,resnet50 avgpool,0.012818643035233557
2,MFC,-0.05,clip ln_post,0.051265420490577696
2,MFC,-0.05,category,0.020923165484653103
2,MFC,-0.05,low-level,-0.00551517015967489
2,MFC,-0.025,alexnet conv1,0.0005200669772576673
2,MFC,-0.025,alexnet conv4,0.004264830158385637
2,MFC,-0.025,resnet50 avgpool,0.009288596483699129
2,MFC,-0.025,clip ln_post,0.035386379230678604
2,MFC,-0.025,category,0.013002027420327416
2,MFC,-0.025,low-level,-0.006393999228870762
2,MFC,-0.0,alexnet conv1,-0.013475810788216103
2,MFC,-0.0,alexnet conv4,0.004039331624930759
2,MFC,-0.0,resnet50 avgpool,0.008561865878103382
2,MFC,-0.0,clip ln_post,0.019106469588220133
2,MFC,-0.0,category,0.005175564312945865
2,MFC,-0.0,low-level,-0.012261007735855735
2,MFC,0.025,alexnet conv1,-0.019298083979165027
2,MFC,0.025,alexnet conv4,0.002408019744083965
2,MFC,0.025,resnet50 avgpool,-0.006869533866319264
2,MFC,0.025,clip ln_post,-0.006060008291224466
2,MFC,0.025,category,-0.0011528068286726623
2,MFC,0.025,low-level,-0.008189773403010756
2,MFC,0.05,alexnet conv1,-0.015278494208682296
2,MFC,0.05,alexnet conv4,-0.0044376402517400096
2,MFC,0.05,resnet50 avgpool,-0.008891101372719847
2,MFC,0.05,clip ln_post,-0.0041236311959846434
2,MFC,0.05,category,0.000536491422683413
2,MFC,0.05,low-level,-0.015957256376913784
2,MFC,0.075,alexnet conv1,-0.006149611018936278
2,MFC,0.075,alexnet conv4,0.009441614784009969
2,MFC,0.075,resnet50 avgpool,0.0037523957316277453
2,MFC,0.075,clip ln_post,0.009433310478854557
2,MFC,0.075,category,0.008305407007216572
2,MFC,0.075,low-level,-0.010496836638056941
2,MFC,0.1,alexnet conv1,-0.00392540235751926
2,MFC,0.1,alexnet conv4,-0.007197160049422585
2,MFC,0.1,resnet50 avgpool,-0.0021969373555050906
2,MFC,0.1,clip ln_post,-0.013734463716317641
2,MFC,0.1,category,-0.009187183566990347
2,MFC,0.1,low-level,-0.005911342703334561
2,MFC,0.125,alexnet conv1,-0.019715013258407143
2,MFC,0.125,alexnet conv4,-0.009910166072700236
2,MFC,0.125,resnet50 avgpool,0.004748174547801829
2,MFC,0.125,clip ln_post,-0.016958937612891835
2,MFC,0.125,category,0.017624392965246788
2,MFC,0.125,low-level,-0.004509274750605366
2,MFC,0.15,alexnet conv1,-0.0033933307862716523
2,MFC,0.15,alexnet conv4,-0.011685024029936661
2,MFC,0.15,resnet50 avgpool,-0.005693734467969154
2,MFC,0.15,clip ln_post,-0.02053248390295422
2,MFC,0.15,category,0.017758051727991442
2,MFC,0.15,low-level,0.012585460401760963
2,MFC,0.175,alexnet conv1,-0.010817158898837347
2,MFC,0.175,alexnet conv4,-0.012717451331520184
2,MFC,0.175,resnet50 avgpool,-0.0068653148604604815
2,MFC,0.175,clip ln_post,-0.031079797184607613
2,MFC,0.175,category,0.014112137699789981
2,MFC,0.175,low-level,-0.003015770840432669
2,MFC,0.2,alexnet conv1,-0.004808348944460473
2,MFC,0.2,alexnet conv4,-0.0034334588641419415
2,MFC,0.2,resnet50 avgpool,-0.005627830020207154
2,MFC,0.2,clip ln_post,-0.012278346094029878
2,MFC,0.2,category,-0.0020661417074278147
2,MFC,0.2,low-level,-0.017923812493061762
2,MFC,0.225,alexnet conv1,-0.02787509252816286
2,MFC,0.225,alexnet conv4,-0.0033308688797544866
2,MFC,0.225,resnet50 avgpool,-0.007883411396057086
2,MFC,0.225,clip ln_post,-0.010712908053418808
2,MFC,0.225,category,-0.005905118392927115
2,MFC,0.225,low-level,-0.02382192630135534
2,MFC,0.25,alexnet conv1,-0.02147273583369631
2,MFC,0.25,alexnet conv4,0.030259202961457954
2,MFC,0.25,resnet50 avgpool,0.01882247523928449
2,MFC,0.25,clip ln_post,0.0218839092870761
2,MFC,0.25,category,0.009150056132894609
2,MFC,0.25,low-level,-0.02261338651542451
2,MFC,0.275,alexnet conv1,-0.02420554814831941
2,MFC,0.275,alexnet conv4,0.024722179028021984
2,MFC,0.275,resnet50 avgpool,0.008663151015318017
2,MFC,0.275,clip ln_post,0.007572302000685764
2,MFC,0.275,category,0.0036848978340019876
2,MFC,0.275,low-level,-0.027588432102596327
2,MFC,0.3,alexnet conv1,-0.021217821856567745
2,MFC,0.3,alexnet conv4,0.02284745515623667
2,MFC,0.3,resnet50 avgpool,0.012648059236685154
2,MFC,0.3,clip ln_post,0.000512276556359204
2,MFC,0.3,category,0.011860358821883478
2,MFC,0.3,low-level,-0.01633058926228181
2,MFC,0.325,alexnet conv1,-0.007147516252725328
2,MFC,0.325,alexnet conv4,0.03414582397226307
2,MFC,0.325,resnet50 avgpool,0.02101532085180321
2,MFC,0.325,clip ln_post,0.0063830127378601085
2,MFC,0.325,category,0.018953555105874202
2,MFC,0.325,low-level,-0.00531920627815393
2,MFC,0.35,alexnet conv1,-0.005222183641703839
2,MFC,0.35,alexnet conv4,0.03266492391922634
2,MFC,0.35,resnet50 avgpool,0.0436589379376538
2,MFC,0.35,clip ln_post,0.03788500852899662
2,MFC,0.35,category,0.03451737547880754
2,MFC,0.35,low-level,0.004433329423302398
2,MFC,0.375,alexnet conv1,0.010878932941474519
2,MFC,0.375,alexnet conv4,0.03374720121557888
2,MFC,0.375,resnet50 avgpool,0.050070876398767186
2,MFC,0.375,clip ln_post,0.05073897103863026
2,MFC,0.375,category,0.04964309212941117
2,MFC,0.375,low-level,0.007153531437099781
2,MFC,0.4,alexnet conv1,-0.0012150060285872491
2,MFC,0.4,alexnet conv4,0.035721562250927236
2,MFC,0.4,resnet50 avgpool,0.048562160548035305
2,MFC,0.4,clip ln_post,0.03943146990331657
2,MFC,0.4,category,0.03500188849375691
2,MFC,0.4,low-level,-0.0078085308884840365
2,MFC,0.425,alexnet conv1,-0.008880728643157148
2,MFC,0.425,alexnet conv4,0.0049521302155257
2,MFC,0.425,resnet50 avgpool,0.027586342736197384
2,MFC,0.425,clip ln_post,0.021309077390698462
2,MFC,0.425,category,0.017340368094414395
2,MFC,0.425,low-level,-0.006737844179055499
2,MFC,0.45,alexnet conv1,0.0006638933541510907
2,MFC,0.45,alexnet conv4,0.026017587806291452
2,MFC,0.45,resnet50 avgpool,0.04713486554996493
2,MFC,0.45,clip ln_post,0.04995996761092239
2,MFC,0.45,category,0.020149058483756963
2,MFC,0.45,low-level,0.014653153450259497
2,MFC,0.475,alexnet conv1,-0.022920156085754376
2,MFC,0.475,alexnet conv4,0.01899739080826216
2,MFC,0.475,resnet50 avgpool,0.034787491429570466
2,MFC,0.475,clip ln_post,0.05082387309467505
2,MFC,0.475,category,0.025146411113043287
2,MFC,0.475,low-level,-0.0010087306325561448
2,MFC,0.5,alexnet conv1,-0.02369057329688061
2,MFC,0.5,alexnet conv4,-0.0021450930387608303
2,MFC,0.5,resnet50 avgpool,0.007145789343874386
2,MFC,0.5,clip ln_post,0.04053008839685562
2,MFC,0.5,category,0.016863280566284163
2,MFC,0.5,low-level,-0.007875153807652305
2,MFC,0.525,alexnet conv1,0.004992889774990737
2,MFC,0.525,alexnet conv4,-0.0021376682972552435
2,MFC,0.525,resnet50 avgpool,0.0025454040421575056
2,MFC,0.525,clip ln_post,0.040851702617429354
2,MFC,0.525,category,0.010703839249801242
2,MFC,0.525,low-level,-0.00014001171256597085
2,MFC,0.55,alexnet conv1,0.019352277020820364
2,MFC,0.55,alexnet conv4,0.013295969018430423
2,MFC,0.55,resnet50 avgpool,0.01781689073824503
2,MFC,0.55,clip ln_post,0.04488574880584898
2,MFC,0.55,category,0.019380520597975192
2,MFC,0.55,low-level,0.016240941428741804
2,MFC,0.575,alexnet conv1,-0.011912972776416056
2,MFC,0.575,alexnet conv4,-0.010657975598365541
2,MFC,0.575,resnet50 avgpool,0.014694136927943082
2,MFC,0.575,clip ln_post,0.035321900449272095
2,MFC,0.575,category,0.02103269141523553
2,MFC,0.575,low-level,-0.0027249268493009385
2,MFC,0.6,alexnet conv1,-0.016151456298367787
2,MFC,0.6,alexnet conv4,-0.022346090988456083
2,MFC,0.6,resnet50 avgpool,0.0025941972718087777
2,MFC,0.6,clip ln_post,0.02855746316265005
2,MFC,0.6,category,-0.005066038382363439
2,MFC,0.6,low-level,-0.00511517811892046
2,MFC,0.625,alexnet conv1,-0.019748723421294082
2,MFC,0.625,alexnet conv4,-0.013616586078016538
2,MFC,0.625,resnet50 avgpool,0.00028274105128076456
2,MFC,0.625,clip ln_post,0.030690345409349187
2,MFC,0.625,category,-0.006916840972035973
2,MFC,0.625,low-level,-0.013127099241353477
2,MFC,0.65,alexnet conv1,-0.0001725926188255695
2,MFC,0.65,alexnet conv4,-0.012278553903024068
2,MFC,0.65,resnet50 avgpool,0.0010750668075308794
2,MFC,0.65,clip ln_post,0.030876400506968896
2,MFC,0.65,category,-0.012718002549495021
2,MFC,0.65,low-level,-0.006292242091382501
2,MFC,0.675,alexnet conv1,0.020191242203425382
2,MFC,0.675,alexnet conv4,-0.0056329688627766526
2,MFC,0.675,resnet50 avgpool,0.000387488060809461
2,MFC,0.675,clip ln_post,0.018207383169396848
2,MFC,0.675,category,-0.0033897347329408718
2,MFC,0.675,low-level,0.0029258024333279806
2,MFC,0.7,alexnet conv1,-0.0019151000317106863
2,MFC,0.7,alexnet conv4,-0.012569837675980711
2,MFC,0.7,resnet50 avgpool,-0.013645360374560862
2,MFC,0.7,clip ln_post,-0.0008473903069430989
2,MFC,0.7,category,-0.0002821684991276082
2,MFC,0.7,low-level,-0.001028029483334389
2,MFC,0.725,alexnet conv1,-0.01964956953446172
2,MFC,0.725,alexnet conv4,-0.0134172908088988
2,MFC,0.725,resnet50 avgpool,-0.015654227368479334
2,MFC,0.725,clip ln_post,-0.0029143697168026715
2,MFC,0.725,category,-0.01378912902315706
2,MFC,0.725,low-level,-0.006568837473571529
2,MFC,0.75,alexnet conv1,-0.03131179579009006
2,MFC,0.75,alexnet conv4,-0.026448793080157674
2,MFC,0.75,resnet50 avgpool,-0.020547186792023758
2,MFC,0.75,clip ln_post,-0.0036982912907063677
2,MFC,0.75,category,-0.006324658398208954
2,MFC,0.75,low-level,-0.009759614094638266
2,MFC,0.775,alexnet conv1,-0.02922200088577537
2,MFC,0.775,alexnet conv4,-0.008102693379833062
2,MFC,0.775,resnet50 avgpool,-0.011366707367588557
2,MFC,0.775,clip ln_post,0.011099427949844486
2,MFC,0.775,category,0.003077864286536673
2,MFC,0.775,low-level,-0.020087266825743327
2,MFC,0.8,alexnet conv1,-0.03345622512880743
2,MFC,0.8,alexnet conv4,-0.011056575802135631
2,MFC,0.8,resnet50 avgpool,-0.00940430420947951
2,MFC,0.8,clip ln_post,0.01009301543467314
2,MFC,0.8,category,0.007126610974676893
2,MFC,0.8,low-level,-0.02813012571355165
2,MFC,0.825,alexnet conv1,-0.016311327462719585
2,MFC,0.825,alexnet conv4,-0.0259560908423132
2,MFC,0.825,resnet50 avgpool,-0.00629205683530241
2,MFC,0.825,clip ln_post,0.014622803671573176
2,MFC,0.825,category,-0.0012771837328933843
2,MFC,0.825,low-level,-0.017346448226615397
2,MFC,0.85,alexnet conv1,-0.012862073504096783
2,MFC,0.85,alexnet conv4,-0.021170958511994298
2,MFC,0.85,resnet50 avgpool,0.002344167611504894
2,MFC,0.85,clip ln_post,-0.006076217392771269
2,MFC,0.85,category,-0.006814740528272694
2,MFC,0.85,low-level,-0.0243522661309847
2,MFC,0.875,alexnet conv1,0.008612236200819088
2,MFC,0.875,alexnet conv4,-0.0015741627965221707
2,MFC,0.875,resnet50 avgpool,0.019493495314290583
2,MFC,0.875,clip ln_post,-0.004345774178006208
2,MFC,0.875,category,0.00020234451582177163
2,MFC,0.875,low-level,-0.01258386558854974
2,MFC,0.9,alexnet conv1,0.002028391373837697
2,MFC,0.9,alexnet conv4,-0.00244243871284256
2,MFC,0.9,resnet50 avgpool,0.019794710424062577
2,MFC,0.9,clip ln_post,0.0021319366352294507
2,MFC,0.9,category,0.0055932479465229164
2,MFC,0.9,low-level,0.01124957719729756
2,MFC,0.925,alexnet conv1,0.02408712762915751
2,MFC,0.925,alexnet conv4,0.021139703394899182
2,MFC,0.925,resnet50 avgpool,0.03081680926423193
2,MFC,0.925,clip ln_post,0.029325713683100427
2,MFC,0.925,category,0.018927565902007188
2,MFC,0.925,low-level,0.029611654026338256
2,MFC,0.95,alexnet conv1,0.022463886469712976
2,MFC,0.95,alexnet conv4,0.003521560212143794
2,MFC,0.95,resnet50 avgpool,0.012581647348355948
2,MFC,0.95,clip ln_post,0.0077253686286696726
2,MFC,0.95,category,0.016053902502997073
2,MFC,0.95,low-level,0.008981245370370015
2,MFC,0.975,alexnet conv1,0.010057476874821817
2,MFC,0.975,alexnet conv4,-0.003823337533845803
2,MFC,0.975,resnet50 avgpool,0.009895719320297957
2,MFC,0.975,clip ln_post,-0.0002917364421610414
2,MFC,0.975,category,0.003218948536100477
2,MFC,0.975,low-level,0.004663568901485186
2,MFC,1.0,alexnet conv1,0.02576642727843779
2,MFC,1.0,alexnet conv4,-0.010987198205602521
2,MFC,1.0,resnet50 avgpool,0.00046174675232237667
2,MFC,1.0,clip ln_post,0.00442492846280085
2,MFC,1.0,category,-0.0052498191811373406
2,MFC,1.0,low-level,0.018425505289019203
2,MFC,1.025,alexnet conv1,0.009762729618628677
2,MFC,1.025,alexnet conv4,-0.022278342034505343
2,MFC,1.025,resnet50 avgpool,-0.015364140510892325
2,MFC,1.025,clip ln_post,-0.01514098425865878
2,MFC,1.025,category,-0.01665165419193845
2,MFC,1.025,low-level,0.0044060613392353405
2,MFC,1.05,alexnet conv1,0.006888761836510344
2,MFC,1.05,alexnet conv4,-0.008606212961832454
2,MFC,1.05,resnet50 avgpool,-0.005352911608273564
2,MFC,1.05,clip ln_post,0.014336608802590528
2,MFC,1.05,category,-0.004013475625749268
2,MFC,1.05,low-level,0.0058930474572336826
2,MFC,1.075,alexnet conv1,0.03053958078952572
2,MFC,1.075,alexnet conv4,0.012131352643628105
2,MFC,1.075,resnet50 avgpool,0.010538797945658922
2,MFC,1.075,clip ln_post,0.028571834201697854
2,MFC,1.075,category,0.0037647218173078247
2,MFC,1.075,low-level,-0.0065638645560128946
2,MFC,1.1,alexnet conv1,0.048114385325996704
2,MFC,1.1,alexnet conv4,0.0215232865797248
2,MFC,1.1,resnet50 avgpool,0.019419528199738505
2,MFC,1.1,clip ln_post,0.02950191637910413
2,MFC,1.1,category,0.0043773244798875
2,MFC,1.1,low-level,-0.02280458689930346
2,MFC,1.125,alexnet conv1,0.010160864265814884
2,MFC,1.125,alexnet conv4,0.010583278735950148
2,MFC,1.125,resnet50 avgpool,0.018746386539884752
2,MFC,1.125,clip ln_post,0.025587295925446205
2,MFC,1.125,category,-0.004967650682009733
2,MFC,1.125,low-level,-0.024349426074730774
2,MFC,1.15,alexnet conv1,-0.00252671412005991
2,MFC,1.15,alexnet conv4,0.000986021458981778
2,MFC,1.15,resnet50 avgpool,0.01822987164659754
2,MFC,1.15,clip ln_post,0.029512517859652677
2,MFC,1.15,category,0.007113616372743385
2,MFC,1.15,low-level,-0.016696210661950713
2,MFC,1.175,alexnet conv1,0.0008960643283341387
2,MFC,1.175,alexnet conv4,-0.0023442127173330905
2,MFC,1.175,resnet50 avgpool,0.008360956464705192
2,MFC,1.175,clip ln_post,0.01974119558075262
2,MFC,1.175,category,-0.013885660351805978
2,MFC,1.175,low-level,-0.007978918154495298
2,MFC,1.2,alexnet conv1,0.013770752966023946
2,MFC,1.2,alexnet conv4,0.00902356430275269
2,MFC,1.2,resnet50 avgpool,0.021301998997516527
2,MFC,1.2,clip ln_post,0.035964577954946605
2,MFC,1.2,category,0.004418164657392811
2,MFC,1.2,low-level,-0.007827668647018723
3,MTL,-0.2,alexnet conv1,0.02043900821436233
3,MTL,-0.2,alexnet conv4,-0.006160484091257172
3,MTL,-0.2,resnet50 avgpool,0.003379218383290553
3,MTL,-0.2,clip ln_post,0.006081504589606534
3,MTL,-0.2,category,0.01086189248326984
3,MTL,-0.2,low-level,0.020238530523251832
3,MTL,-0.175,alexnet conv1,0.026184524476445703
3,MTL,-0.175,alexnet conv4,-0.00912002311635033
3,MTL,-0.175,resnet50 avgpool,0.001946345483271189
3,MTL,-0.175,clip ln_post,-0.00474943912191376
3,MTL,-0.175,category,-0.000605488286605302
3,MTL,-0.175,low-level,0.02662541622691706
3,MTL,-0.15,alexnet conv1,0.04169356746041841
3,MTL,-0.15,alexnet conv4,0.004129316141259804
3,MTL,-0.15,resnet50 avgpool,0.015362405547429205
3,MTL,-0.15,clip ln_post,0.0010952951605544534
3,MTL,-0.15,category,-0.009856214015396934
3,MTL,-0.15,low-level,0.02918565042101652
3,MTL,-0.125,alexnet conv1,0.016785668406643323
3,MTL,-0.125,alexnet conv4,-0.005707043909131913
3,MTL,-0.125,resnet50 avgpool,-0.0024631873938128265
3,MTL,-0.125,clip ln_post,-0.00203563891387537
3,MTL,-0.125,category,-0.012096520675836551
3,MTL,-0.125,low-level,0.03593569250475422
3,MTL,-0.1,alexnet conv1,0.02776026919879961
3,MTL,-0.1,alexnet conv4,-0.003951784434246748
3,MTL,-0.1,resnet50 avgpool,-0.008586981769796505
3,MTL,-0.1,clip ln_post,0.011369747178224495
3,MTL,-0.1,category,-0.018923401107311333
3,MTL,-0.1,low-level,0.04053882926199107
3,MTL,-0.075,alexnet conv1,0.005895098161494176
3,MTL,-0.075,alexnet conv4,-0.00461790730504868
3,MTL,-0.075,resnet50 avgpool,-0.010582809957521396
3,MTL,-0.075,clip ln_post,0.011487156038096849
3,MTL,-0.075,category,-0.023447533898790323
3,MTL,-0.075,low-level,0.029350404291270556
3,MTL,-0.05,alexnet conv1,0.0068960689806781324
3,MTL,-0.05,alexnet conv4,-0.015024712710025947
3,MTL,-0.05,resnet50 avgpool,-0.027700909928893368
3,MTL,-0.05,clip ln_post,0.002844599055195281
3,MTL,-0.05,category,-0.023320759788782338
3,MTL,-0.05,low-level,0.002857707131053592
3,MTL,-0.025,alexnet conv1,-0.01376552552272049
3,MTL,-0.025,alexnet conv4,-0.01823279708174055
3,MTL,-0.025,resnet50 avgpool,-0.031056756161011525
3,MTL,-0.025,clip ln_post,-0.010929559400857481
3,MTL,-0.025,category,-0.029383211258417922
3,MTL,-0.025,low-level,0.0031865431169060335
3,MTL,-0.0,alexnet conv1,0.0009992503540227583
3,MTL,-0.0,alexnet conv4,-0.014216044145666877
3,MTL,-0.0,resnet50 avgpool,-0.015707650389210463
3,MTL,-0.0,clip ln_post,-0.015672973672862172
3,MTL,-0.0,category,-0.029489171708573857
3,MTL,-0.0,low-level,0.0046162818843111806
3,MTL,0.025,alexnet conv1,0.015373772216134658
3,MTL,0.025,alexnet conv4,-0.01096097077742885
3,MTL,0.025,resnet50 avgpool,-0.006707826250390908
3,MTL,0.025,clip ln_post,-0.030392377919207323
3,MTL,0.025,category,-0.03459608697591045
3,MTL,0.025,low-level,0.004040280458245316
3,MTL,0.05,alexnet conv1,0.006284562824132094
3,MTL,0.05,alexnet conv4,-0.0186391377678136
3,MTL,0.05,resnet50 avgpool,-0.012113542285180337
3,MTL,0.05,clip ln_post,-0.036518364760625824
3,MTL,0.05,category,-0.026838268303780013
3,MTL,0.05,low-level,-0.010330328473270558
3,MTL,0.075,alexnet conv1,0.009940055127569979
3,MTL,0.075,alexnet conv4,-0.01651923633410037
3,MTL,0.075,resnet50 avgpool,-0.005417126198400641
3,MTL,0.075,clip ln_post,-0.03315866198019689
3,MTL,0.075,category,-0.020062475946487555
3,MTL,0.075,low-level,-0.006690858404376947
3,MTL,0.1,alexnet conv1,-0.009767599437151433
3,MTL,0.1,alexnet conv4,-0.019652627065244448
3,MTL,0.1,resnet50 avgpool,-0.006305777061686242
3,MTL,0.1,clip ln_post,-0.024303714539698765
3,MTL,0.1,category,-0.02520534208084134
3,MTL,0.1,low-level,-0.009454579487771515
3,MTL,0.125,alexnet conv1,0.022046467470050443
3,MTL,0.125,alexnet conv4,-0.00559186939867771
3,MTL,0.125,resnet50 avgpool,0.007220481373522473
3,MTL,0.125,clip ln_post,-0.024921421136699352
3,MTL,0.125,category,-0.010433320038567612
3,MTL,0.125,low-level,-0.005507407124457832
3,MTL,0.15,alexnet conv1,0.04705217690134662
3,MTL,0.15,alexnet conv4,0.006416255733240731
3,MTL,0.15,resnet50 avgpool,0.02680969608801276
3,MTL,0.15,clip ln_post,-0.01034243777721881
3,MTL,0.15,category,0.007025556275517146
3,MTL,0.15,low-level,0.011177174288430432
3,MTL,0.175,alexnet conv1,0.04486417049982439
3,MTL,0.175,alexnet conv4,-0.000765149494761886
3,MTL,0.175,resnet50 avgpool,0.006408407319134586
3,MTL,0.175,clip ln_post,-0.016224986852939823
3,MTL,0.175,category,-0.0023065319417870725
3,MTL,0.175,low-level,0.008746417985090694
3,MTL,0.2,alexnet conv1,0.010388639032671235
3,MTL,0.2,alexnet conv4,-0.014406843409859368
3,MTL,0.2,resnet50 avgpool,0.007163235633851715
3,MTL,0.2,clip ln_post,-0.005282551349054751
3,MTL,0.2,category,-0.00026679327628546123
3,MTL,0.2,low-level,-0.014952454784178023
3,MTL,0.225,alexnet conv1,0.03418961528775187
3,MTL,0.225,alexnet conv4,-0.020227149664514454
3,MTL,0.225,resnet50 avgpool,0.00021928842746571722
3,MTL,0.225,clip ln_post,-0.016690501552839018
3,MTL,0.225,category,-0.007971631723337931
3,MTL,0.225,low-level,0.01353911681808951
3,MTL,0.25,alexnet conv1,0.04466567747007957
3,MTL,0.25,alexnet conv4,-0.015294052497565123
3,MTL,0.25,resnet50 avgpool,0.01637073183845402
3,MTL,0.25,clip ln_post,9.52602873055678e-05
3,MTL,0.25,category,-0.010942308629495193
3,MTL,0.25,low-level,-0.0003406488800725467
3,MTL,0.275,alexnet conv1,0.028475433381307896
3,MTL,0.275,alexnet conv4,0.0037032706519547444
3,MTL,0.275,resnet50 avgpool,0.02798852885330907
3,MTL,0.275,clip ln_post,0.020667943148717245
3,MTL,0.275,category,-0.0008060562815433084
3,MTL,0.275,low-level,0.02126696787823241
3,MTL,0.3,alexnet conv1,0.01785126137933056
3,MTL,0.3,alexnet conv4,0.018231754814924735
3,MTL,0.3,resnet50 avgpool,0.03581949183670856
3,MTL,0.3,clip ln_post,0.02931991597325477
3,MTL,0.3,category,0.008915815020263073
3,MTL,0.3,low-level,0.025514577275781703
3,MTL,0.325,alexnet conv1,0.00480422820487026
3,MTL,0.325,alexnet conv4,0.028002208806632015
3,MTL,0.325,resnet50 avgpool,0.03963513560500203
3,MTL,0.325,clip ln_post,0.03903249435461899
3,MTL,0.325,category,0.02152889289060977
3,MTL,0.325,low-level,0.01976787889997556
3,MTL,0.35,alexnet conv1,0.02031576167492838
3,MTL,0.35,alexnet conv4,0.04507891773694421
3,MTL,0.35,resnet50 avgpool,0.04534779357882194
3,MTL,0.35,clip ln_post,0.03419040463974529
3,MTL,0.35,category,0.03942296391069209
3,MTL,0.35,low-level,0.023977742773936783
3,MTL,0.375,alexnet conv1,0.0232303553099496
3,MTL,0.375,alexnet conv4,0.022666021795084635
3,MTL,0.375,resnet50 avgpool,0.03637659714260507
3,MTL,0.375,clip ln_post,0.03353677286150884
3,MTL,0.375,category,0.04280045325941229
3,MTL,0.375,low-level,0.01276151006013329
3,MTL,0.4,alexnet conv1,0.011319595940960029
3,MTL,0.4,alexnet conv4,0.0029323186145799
3,MTL,0.4,resnet50 avgpool,0.018712824581861888
3,MTL,0.4,clip ln_post,0.032705612598104214
3,MTL,0.4,category,0.029141015943775803
3,MTL,0.4,low-level,0.009640995432016795
3,MTL,0.425,alexnet conv1,0.016213088579830632
3,MTL,0.425,alexnet conv4,0.02365814542825239
3,MTL,0.425,resnet50 avgpool,0.012801341728275432
3,MTL,0.425,clip ln_post,0.011039810932348555
3,MTL,0.425,category,0.01195271720776779
3,MTL,0.425,low-level,0.027995863383158265
3,MTL,0.45,alexnet conv1,0.019460754926709862
3,MTL,0.45,alexnet conv4,0.024419573692188088
3,MTL,0.45,resnet50 avgpool,0.008468754561326878
3,MTL,0.45,clip ln_post,0.003110225666520447
3,MTL,0.45,category,0.008491973219639362
3,MTL,0.45,low-level,0.035627316844756084
3,MTL,0.475,alexnet conv1,-0.009421582963523537
3,MTL,0.475,alexnet conv4,0.004994489420969268
3,MTL,0.475,resnet50 avgpool,-0.005649424435456099
3,MTL,0.475,clip ln_post,-0.015195151525555147
3,MTL,0.475,category,-0.0012412509875408693
3,MTL,0.475,low-level,-0.006160893919675078
3,MTL,0.5,alexnet conv1,-0.018197237579897566
3,MTL,0.5,alexnet conv4,-0.020129096037705584
3,MTL,0.5,resnet50 avgpool,-0.024280787891595594
3,MTL,0.5,clip ln_post,-0.033226307835111754
3,MTL,0.5,category,-0.022853398517558868
3,MTL,0.5,low-level,-0.01725232041778204
3,MTL,0.525,alexnet conv1,-0.02738018332658164
3,MTL,0.525,alexnet conv4,-0.016648662675342145
3,MTL,0.525,resnet50 avgpool,-0.01171659972059646
3,MTL,0.525,clip ln_post,-0.009408273522360776
3,MTL,0.525,category,-0.0100094782379439
3,MTL,0.525,low-level,-0.012278571623170859
3,MTL,0.55,alexnet conv1,-0.018104015109473008
3,MTL,0.55,alexnet conv4,0.0004244361777919161
3,MTL,0.55,resnet50 avgpool,-0.003981356137396684
3,MTL,0.55,clip ln_post,0.005305157423593241
3,MTL,0.55,category,0.008316003186344696
3,MTL,0.55,low-level,0.0014366399591191706
3,MTL,0.575,alexnet conv1,-0.010609074436911085
3,MTL,0.575,alexnet conv4,3.374721410295836e-05
3,MTL,0.575,resnet50 avgpool,-0.006292910624193267
3,MTL,0.575,clip ln_post,0.012085140111718632
3,MTL,0.575,category,0.0016972593533904875
3,MTL,0.575,low-level,-0.003284065139311155
3,MTL,0.6,alexnet conv1,0.00319152247815441
3,MTL,0.6,alexnet conv4,0.018134037870904906
3,MTL,0.6,resnet50 avgpool,0.007629230388636714
3,MTL,0.6,clip ln_post,0.01085595152200854
3,MTL,0.6,category,0.02007950530454833
3,MTL,0.6,low-level,0.004134073195212071
3,MTL,0.625,alexnet conv1,0.0019360081940020745
3,MTL,0.625,alexnet conv4,0.026223581290896327
3,MTL,0.625,resnet50 avgpool,0.008560957317849715
3,MTL,0.625,clip ln_post,-0.00031645604693501133
3,MTL,0.625,category,0.030083307089805306
3,MTL,0.625,low-level,0.004203819692982928
3,MTL,0.65,alexnet conv1,0.015076453927734332
3,MTL,0.65,alexnet conv4,0.04774533910522976
3,MTL,0.65,resnet50 avgpool,0.03369117816603673
3,MTL,0.65,clip ln_post,0.0522951849373752
3,MTL,0.65,category,0.029801376606354707
3,MTL,0.65,low-level,0.023433056069096153
3,MTL,0.675,alexnet conv1,0.027747112795268234
3,MTL,0.675,alexnet conv4,0.0445256657575136
3,MTL,0.675,resnet50 avgpool,0.0310288469298151
3,MTL,0.675,clip ln_post,0.050247845893850215
3,MTL,0.675,category,0.03285152385012891
3,MTL,0.675,low-level,0.01802886396693078
3,MTL,0.7,alexnet conv1,0.019722898723729305
3,MTL,0.7,alexnet conv4,0.06144768263910439
3,MTL,0.7,resnet50 avgpool,0.028902791772397955
3,MTL,0.7,clip ln_post,0.0463941634140854
3,MTL,0.7,category,0.015105040599906644
3,MTL,0.7,low-level,0.011868081200903756
3,MTL,0.725,alexnet conv1,-0.01921517463417305
3,MTL,0.725,alexnet conv4,0.009769851506716375
3,MTL,0.725,resnet50 avgpool,-0.01010040634680758
3,MTL,0.725,clip ln_post,0.0054293096047809295
3,MTL,0.725,category,-0.004181653479367868
3,MTL,0.725,low-level,-0.00468228137649688
3,MTL,0.75,alexnet conv1,-0.03388399913788587
3,MTL,0.75,alexnet conv4,-0.011728353010686449
3,MTL,0.75,resnet50 avgpool,-0.0023713841460540125
3,MTL,0.75,clip ln_post,0.006120617636940715
3,MTL,0.75,category,-0.012889331901110369
3,MTL,0.75,low-level,-0.00568829116105933
3,MTL,0.775,alexnet conv1,-0.02368904292056681
3,MTL,0.775,alexnet conv4,-0.02339230617516573
3,MTL,0.775,resnet50 avgpool,-0.007048682939457643
3,MTL,0.775,clip ln_post,-0.002098081489323309
3,MTL,0.775,category,-0.025345361247118815
3,MTL,0.775,low-level,-0.004019870070986522
3,MTL,0.8,alexnet conv1,-0.010523508680822836
3,MTL,0.8,alexnet conv4,-0.009140497940506549
3,MTL,0.8,resnet50 avgpool,0.002245753138070461
3,MTL,0.8,clip ln_post,0.005555747684904706
3,MTL,0.8,category,-0.014832570870934257
3,MTL,0.8,low-level,-0.010155950952386366
3,MTL,0.825,alexnet conv1,-0.013887551286293213
3,MTL,0.825,alexnet conv4,-0.00613260934355117
3,MTL,0.825,resnet50 avgpool,0.0026641225819699845
3,MTL,0.825,clip ln_post,0.005661185780158266
3,MTL,0.825,category,-0.014461709295388514
3,MTL,0.825,low-level,-0.012101528025655783
3,MTL,0.85,alexnet conv1,-0.0335576794128778
3,MTL,0.85,alexnet conv4,-0.025195642019218333
3,MTL,0.85,resnet50 avgpool,-0.005677167741641653
3,MTL,0.85,clip ln_post,-0.011025755634098121
3,MTL,0.85,category,-0.013572398374436976
3,MTL,0.85,low-level,-0.020996369960271048
3,MTL,0.875,alexnet conv1,-0.011803402665115233
3,MTL,0.875,alexnet conv4,-0.004517195656221111
3,MTL,0.875,resnet50 avgpool,0.0034465685509226895
3,MTL,0.875,clip ln_post,0.01475881707465404
3,MTL,0.875,category,-0.0019810819877367223
3,MTL,0.875,low-level,0.0024475195622043785
3,MTL,0.9,alexnet conv1,-0.01833325742666817
3,MTL,0.9,alexnet conv4,-0.018060816613440504
3,MTL,0.9,resnet50 avgpool,-0.008099664845654171
3,MTL,0.9,clip ln_post,-0.0003211986025853579
3,MTL,0.9,category,-0.01266227379363338
3,MTL,0.9,low-level,-0.004277836746130507
3,MTL,0.925,alexnet conv1,-0.01605094399277761
3,MTL,0.925,alexnet conv4,-0.0035372120214250432
3,MTL,0.925,resnet50 avgpool,0.002277052611471923
3,MTL,0.925,clip ln_post,0.006193336438754234
3,MTL,0.925,category,-0.002884584111269902
3,MTL,0.925,low-level,0.0025841427629106246
3,MTL,0.95,alexnet conv1,-0.008280634261144755
3,MTL,0.95,alexnet conv4,-0.01218465001240926
3,MTL,0.95,resnet50 avgpool,-0.010704265454551923
3,MTL,0.95,clip ln_post,-0.004410861888093368
3,MTL,0.95,category,-0.013487251584133103
3,MTL,0.95,low-level,0.005860308680575398
3,MTL,0.975,alexnet conv1,-0.00435667367920534
3,MTL,0.975,alexnet conv4,-0.0129442466575357
3,MTL,0.975,resnet50 avgpool,-0.00902910748685352
3,MTL,0.975,clip ln_post,-0.022658914405298863
3,MTL,0.975,category,-0.01652036946984654
3,MTL,0.975,low-level,0.0062624094187980015
3,MTL,1.0,alexnet conv1,-0.006799576337709347
3,MTL,1.0,alexnet conv4,-0.005496431909904228
3,MTL,1.0,resnet50 avgpool,-0.0018719724162653475
3,MTL,1.0,clip ln_post,0.004995166008392211
3,MTL,1.0,category,-0.009318843161034727
3,MTL,1.0,low-level,0.00015437147515672797
3,MTL,1.025,alexnet conv1,-0.007853477235359145
3,MTL,1.025,alexnet conv4,0.005752067580283928
3,MTL,1.025,resnet50 avgpool,0.0097203156418223
3,MTL,1.025,clip ln_post,0.00940732146720135
3,MTL,1.025,category,-0.012607401417659774
3,MTL,1.025,low-level,0.0082389274792876
3,MTL,1.05,alexnet conv1,-0.013265865710876745
3,MTL,1.05,alexnet conv4,-0.0017414345385430205
3,MTL,1.05,resnet50 avgpool,-0.008014513096631867
3,MTL,1.05,clip ln_post,0.015788765166609205
3,MTL,1.05,category,-0.016054900349518713
3,MTL,1.05,low-level,-0.004734567085988488
3,MTL,1.075,alexnet conv1,-0.014182764099070235
3,MTL,1.075,alexnet conv4,0.012221026251927083
3,MTL,1.075,resnet50 avgpool,0.0022885327942697145
3,MTL,1.075,clip ln_post,0.024117065011700325
3,MTL,1.075,category,-0.014857168832577598
3,MTL,1.075,low-level,-0.010594489145179346
3,MTL,1.1,alexnet conv1,-0.016422482721697013
3,MTL,1.1,alexnet conv4,0.013465702249932841
3,MTL,1.1,resnet50 avgpool,-0.0034991716121341074
3,MTL,1.1,clip ln_post,0.030802878007009035
3,MTL,1.1,category,-0.01266227379363338
3,MTL,1.1,low-level,0.002513797743971432
3,MTL,1.125,alexnet conv1,-0.008592136721590359
3,MTL,1.125,alexnet conv4,0.027731483625798234
3,MTL,1.125,resnet50 avgpool,0.00176380380748348
3,MTL,1.125,clip ln_post,0.04594859515578355
3,MTL,1.125,category,-0.01072281912560077
3,MTL,1.125,low-level,0.017972074118309287
3,MTL,1.15,alexnet conv1,0.00036124291248899713
3,MTL,1.15,alexnet conv4,0.030064088036060543
3,MTL,1.15,resnet50 avgpool,0.004319725562222885
3,MTL,1.15,clip ln_post,0.04272077054054335
3,MTL,1.15,category,0.006800390318935799
3,MTL,1.15,low-level,0.01182370673149328
3,MTL,1.175,alexnet conv1,-0.010664697977689215
3,MTL,1.175,alexnet conv4,0.007092269667797122
3,MTL,1.175,resnet50 avgpool,-0.00482772673043806
3,MTL,1.175,clip ln_post,0.025558681110223
3,MTL,1.175,category,0.0033547835379725017
3,MTL,1.175,low-level,-0.004923736096676173
3,MTL,1.2,alexnet conv1,-0.0040585628169667095
3,MTL,1.2,alexnet conv4,0.00623045999413315
3,MTL,1.2,resnet50 avgpool,-0.006960085427345633
3,MTL,1.2,clip ln_post,0.02684926678672034
3,MTL,1.2,category,-0.004698210673878016
3,MTL,1.2,low-level,-0.013662805053615754
3,MFC,-0.2,alexnet conv1,-0.02056946262746295
3,MFC,-0.2,alexnet conv4,-0.006441134819335823
3,MFC,-0.2,resnet50 avgpool,0.01491661981459855
3,MFC,-0.2,clip ln_post,-0.01096379150261355
3,MFC,-0.2,category,-0.0037275372644138913
3,MFC,-0.2,low-level,-0.011367023108385929
3,MFC,-0.175,alexnet conv1,-0.011306233339356896
3,MFC,-0.175,alexnet conv4,-0.005459851083237085
3,MFC,-0.175,resnet50 avgpool,-0.0018292781389551798
3,MFC,-0.175,clip ln_post,-0.012359251451511996
3,MFC,-0.175,category,-0.017712424534100726
3,MFC,-0.175,low-level,-0.00931958740951481
3,MFC,-0.15,alexnet conv1,-0.01518514286446289
3,MFC,-0.15,alexnet conv4,-0.007204446251598713
3,MFC,-0.15,resnet50 avgpool,0.00209131722601631
3,MFC,-0.15,clip ln_post,-0.0012211565304462923
3,MFC,-0.15,category,-0.003301803312894538
3,MFC,-0.15,low-level,-0.027472854861533228
3,MFC,-0.125,alexnet conv1,-0.002809228031277258
3,MFC,-0.125,alexnet conv4,0.012377448431344305
3,MFC,-0.125,resnet50 avgpool,0.010794605984739232
3,MFC,-0.125,clip ln_post,0.023648906788084345
3,MFC,-0.125,category,0.013767289916688054
3,MFC,-0.125,low-level,-0.01103476874512519
3,MFC,-0.1,alexnet conv1,-0.008788500111875343
3,MFC,-0.1,alexnet conv4,0.0025593272447682206
3,MFC,-0.1,resnet50 avgpool,0.009699413923220653
3,MFC,-0.1,clip ln_post,0.020270491532643722
3,MFC,-0.1,category,0.02091205169863062
3,MFC,-0.1,low-level,-0.02180554757611976
3,MFC,-0.075,alexnet conv1,0.00873321969757599
3,MFC,-0.075,alexnet conv4,0.007582110907396009
3,MFC,-0.075,resnet50 avgpool,0.01451462056448939
3,MFC,-0.075,clip ln_post,0.005871833219679534
3,MFC,-0.075,category,0.021428608893140768
3,MFC,-0.075,low-level,-0.02927276749541023
3,MFC,-0.05,alexnet conv1,-0.008290241802550552
3,MFC,-0.05,alexnet conv4,-0.0009674926291277408
3,MFC,-0.05,resnet50 avgpool,-0.016502218549490903
3,MFC,-0.05,clip ln_post,-0.030441034220451565
3,MFC,-0.05,category,-0.015612137039938585
3,MFC,-0.05,low-level,-0.03153707040532639
3,MFC,-0.025,alexnet conv1,-0.006956309425156635
3,MFC,-0.025,alexnet conv4,0.006245839470625629
3,MFC,-0.025,resnet50 avgpool,-0.011303383617568356
3,MFC,-0.025,clip ln_post,-0.02004286335972901
3,MFC,-0.025,category,-0.0013547800412793633
3,MFC,-0.025,low-level,-0.021146325897031852
3,MFC,-0.0,alexnet conv1,-0.010450382467782134
3,MFC,-0.0,alexnet conv4,0.007443304164811851
3,MFC,-0.0,resnet50 avgpool,-0.005110301856707961
3,MFC,-0.0,clip ln_post,-0.017586631928993016
3,MFC,-0.0,category,-0.019373733020474026
3,MFC,-0.0,low-level,-0.011484683272158232
3,MFC,0.025,alexnet conv1,-0.007258012644426608
3,MFC,0.025,alexnet conv4,-0.016431317020333736
3,MFC,0.025,resnet50 avgpool,-0.013378082567739227
3,MFC,0.025,clip ln_post,-0.040310880515511675
3,MFC,0.025,category,-0.019665124258402826
3,MFC,0.025,low-level,-0.010975096956266446
3,MFC,0.05,alexnet conv1,-0.0224017548022951
3,MFC,0.05,alexnet conv4,-0.016633573164888067
3,MFC,0.05,resnet50 avgpool,-0.011432906614156267
3,MFC,0.05,clip ln_post,-0.03444915744503784
3,MFC,0.05,category,-0.02259606599575162
3,MFC,0.05,low-level,-0.020530927751881447
3,MFC,0.075,alexnet conv1,-0.005679099237641913
3,MFC,0.075,alexnet conv4,-0.02356800304152466
3,MFC,0.075,resnet50 avgpool,-0.013760515553945838
3,MFC,0.075,clip ln_post,-0.03231606738934452
3,MFC,0.075,category,-0.02431413900899416
3,MFC,0.075,low-level,-0.008634106083804516
3,MFC,0.1,alexnet conv1,0.007526033086491045
3,MFC,0.1,alexnet conv4,-0.022976659190182335
3,MFC,0.1,resnet50 avgpool,-0.017073177788333404
3,MFC,0.1,clip ln_post,-0.0324945012129215
3,MFC,0.1,category,-0.031634870824231394
3,MFC,0.1,low-level,-0.007509103902615538
3,MFC,0.125,alexnet conv1,0.0022962330035117854
3,MFC,0.125,alexnet conv4,-0.024969288085950163
3,MFC,0.125,resnet50 avgpool,-0.01722020667902876
3,MFC,0.125,clip ln_post,-0.025750366381755062
3,MFC,0.125,category,-0.02430089395272467
3,MFC,0.125,low-level,-0.005788988311584979
3,MFC,0.15,alexnet conv1,-0.01704349170969054
3,MFC,0.15,alexnet conv4,-0.028678351614983253
3,MFC,0.15,resnet50 avgpool,-0.02107138739625112
3,MFC,0.15,clip ln_post,-0.01719564977742078
3,MFC,0.15,category,-0.02143806964761898
3,MFC,0.15,low-level,-0.01627252839585865
3,MFC,0.175,alexnet conv1,-0.011738274681967184
3,MFC,0.175,alexnet conv4,-0.0436576202031015
3,MFC,0.175,resnet50 avgpool,-0.024235189121134076
3,MFC,0.175,clip ln_post,-0.015410420701544093
3,MFC,0.175,category,-0.01173701200566465
3,MFC,0.175,low-level,-0.016677583565828106
3,MFC,0.2,alexnet conv1,-0.022207793297361566
3,MFC,0.2,alexnet conv4,-0.0258178302024347
3,MFC,0.2,resnet50 avgpool,-0.016032198099539388
3,MFC,0.2,clip ln_post,-0.026989230171613247
3,MFC,0.2,category,-0.018420088969070676
3,MFC,0.2,low-level,-0.008695530556273168
3,MFC,0.225,alexnet conv1,-0.026379719947964887
3,MFC,0.225,alexnet conv4,-0.025001298725667566
3,MFC,0.225,resnet50 avgpool,-0.014990200307766089
3,MFC,0.225,clip ln_post,-0.030949900454014648
3,MFC,0.225,category,-0.022090861706615318
3,MFC,0.225,low-level,-0.011353874759466729
3,MFC,0.25,alexnet conv1,-0.007138830158952682
3,MFC,0.25,alexnet conv4,-0.017943019521261174
3,MFC,0.25,resnet50 avgpool,0.012350529917445768
3,MFC,0.25,clip ln_post,-0.013774311493684141
3,MFC,0.25,category,-0.020760679626979292
3,MFC,0.25,low-level,-0.008484290297295609
3,MFC,0.275,alexnet conv1,0.005914606432189046
3,MFC,0.275,alexnet conv4,-0.017053973981978856
3,MFC,0.275,resnet50 avgpool,0.01042369914855919
3,MFC,0.275,clip ln_post,0.009237805710227738
3,MFC,0.275,category,-0.0185260494192266
3,MFC,0.275,low-level,0.0009772322661732555
3,MFC,0.3,alexnet conv1,-0.001496815966700249
3,MFC,0.3,alexnet conv4,-0.014788187412499529
3,MFC,0.3,resnet50 avgpool,0.008319128863665367
3,MFC,0.3,clip ln_post,0.0010884745149622088
3,MFC,0.3,category,-0.013368046077707686
3,MFC,0.3,low-level,-0.008210062971086883
3,MFC,0.325,alexnet conv1,-0.019679920924070473
3,MFC,0.325,alexnet conv4,-0.027256029534471513
3,MFC,0.325,resnet50 avgpool,-0.0035567427581368535
3,MFC,0.325,clip ln_post,-0.0109604568931719
3,MFC,0.325,category,-0.01684771157479253
3,MFC,0.325,low-level,-0.01304317662614952
3,MFC,0.35,alexnet conv1,-0.02928362994539334
3,MFC,0.35,alexnet conv4,-0.013988030962290059
3,MFC,0.35,resnet50 avgpool,0.006405021160174999
3,MFC,0.35,clip ln_post,0.011431555050232816
3,MFC,0.35,category,-0.012365206103017654
3,MFC,0.35,low-level,-0.024869032328171864
3,MFC,0.375,alexnet conv1,-0.010285401457464677
3,MFC,0.375,alexnet conv4,0.011777331496417812
3,MFC,0.375,resnet50 avgpool,0.041084245714695024
3,MFC,0.375,clip ln_post,0.05971223589925441
3,MFC,0.375,category,0.019131537705831904
3,MFC,0.375,low-level,-0.006420982179666721
3,MFC,0.4,alexnet conv1,-0.015587528735956594
3,MFC,0.4,alexnet conv4,0.03928697499361238
3,MFC,0.4,resnet50 avgpool,0.05057741484941084
3,MFC,0.4,clip ln_post,0.052434642492623335
3,MFC,0.4,category,0.03891019101797322
3,MFC,0.4,low-level,-0.0018179533542330545
3,MFC,0.425,alexnet conv1,0.009181035192675473
3,MFC,0.425,alexnet conv4,0.021442643802599682
3,MFC,0.425,resnet50 avgpool,0.035244350643223295
3,MFC,0.425,clip ln_post,0.05662654135958298
3,MFC,0.425,category,0.02665283751600714
3,MFC,0.425,low-level,0.0072626585447308194
3,MFC,0.45,alexnet conv1,0.011034908895377084
3,MFC,0.45,alexnet conv4,0.042381466780704515
3,MFC,0.45,resnet50 avgpool,0.05196071072299823
3,MFC,0.45,clip ln_post,0.05062878394403661
3,MFC,0.45,category,0.04088559655302302
3,MFC,0.45,low-level,0.026769780651903972
3,MFC,0.475,alexnet conv1,0.019889485823715036
3,MFC,0.475,alexnet conv4,0.026844330920377725
3,MFC,0.475,resnet50 avgpool,0.029794543661372047
3,MFC,0.475,clip ln_post,0.04503274225625075
3,MFC,0.475,category,0.019243174608674755
3,MFC,0.475,low-level,0.040375538109308544
3,MFC,0.5,alexnet conv1,-0.0003509748928846124
3,MFC,0.5,alexnet conv4,0.02284281892146707
3,MFC,0.5,resnet50 avgpool,0.028905467514563455
3,MFC,0.5,clip ln_post,0.04510646451059262
3,MFC,0.5,category,0.022639585466351374
3,MFC,0.5,low-level,0.026472280329268422
3,MFC,0.525,alexnet conv1,-0.009267143829624513
3,MFC,0.525,alexnet conv4,0.004980342300140007
3,MFC,0.525,resnet50 avgpool,0.017259171670900558
3,MFC,0.525,clip ln_post,0.04123937432339647
3,MFC,0.525,category,0.014974482188107376
3,MFC,0.525,low-level,0.017487898492916338
3,MFC,0.55,alexnet conv1,-0.014749265915533485
3,MFC,0.55,alexnet conv4,-0.006256283080775492
3,MFC,0.55,resnet50 avgpool,0.013885254110900077
3,MFC,0.55,clip ln_post,0.04648353255804405
3,MFC,0.55,category,0.014745531929734745
3,MFC,0.55,low-level,0.0034838887909877632
3,MFC,0.575,alexnet conv1,-0.007949536540192762
3,MFC,0.575,alexnet conv4,-0.0182940266325945
3,MFC,0.575,resnet50 avgpool,0.009827884987458133
3,MFC,0.575,clip ln_post,0.011165253462407142
3,MFC,0.575,category,0.013455085018907197
3,MFC,0.575,low-level,0.004533185672316675
3,MFC,0.6,alexnet conv1,-0.015389620471055888
3,MFC,0.6,alexnet conv4,-0.017150323252850878
3,MFC,0.6,resnet50 avgpool,0.010818721493599857
3,MFC,0.6,clip ln_post,0.020991862599296293
3,MFC,0.6,category,0.010633888033505618
3,MFC,0.6,low-level,0.009164307374104414
3,MFC,0.625,alexnet conv1,-0.025222024095945823
3,MFC,0.625,alexnet conv4,-0.01660950276185564
3,MFC,0.625,resnet50 avgpool,0.007316954685422032
3,MFC,0.625,clip ln_post,0.02559321284355209
3,MFC,0.625,category,-0.007791877388251981
3,MFC,0.625,low-level,-0.00014596084912056655
3,MFC,0.65,alexnet conv1,-0.024077676347227968
3,MFC,0.65,alexnet conv4,-0.033771394048716416
3,MFC,0.65,resnet50 avgpool,0.0018941000468404698
3,MFC,0.65,clip ln_post,0.018122234642219414
3,MFC,0.65,category,-0.005623472461846743
3,MFC,0.65,low-level,-0.009909281676283101
3,MFC,0.675,alexnet conv1,-0.011353879592234035
3,MFC,0.675,alexnet conv4,-0.024091114662185574
3,MFC,0.675,resnet50 avgpool,0.0005618752472282663
3,MFC,0.675,clip ln_post,0.017080886052187653
3,MFC,0.675,category,-0.012463597949591015
3,MFC,0.675,low-level,-0.001159451757473849
3,MFC,0.7,alexnet conv1,-0.011089000448918978
3,MFC,0.7,alexnet conv4,-0.017938500883829374
3,MFC,0.7,resnet50 avgpool,-0.014865473027268898
3,MFC,0.7,clip ln_post,-0.01390124895976295
3,MFC,0.7,category,-0.0260227512677585
3,MFC,0.7,low-level,-0.012381683546427444
3,MFC,0.725,alexnet conv1,-0.002712569463297607
3,MFC,0.725,alexnet conv4,-0.02147769425295302
3,MFC,0.725,resnet50 avgpool,-0.01848633049834182
3,MFC,0.725,clip ln_post,-0.0077694998487923776
3,MFC,0.725,category,-0.02800572540639086
3,MFC,0.725,low-level,-0.022391728421056054
3,MFC,0.75,alexnet conv1,-0.0003619823258869282
3,MFC,0.75,alexnet conv4,-0.009374233120374545
3,MFC,0.75,resnet50 avgpool,-0.010196156354533564
3,MFC,0.75,clip ln_post,-0.0017148462637437782
3,MFC,0.75,category,-0.019945162590957775
3,MFC,0.75,low-level,-0.013865289949155937
3,MFC,0.775,alexnet conv1,0.010762500300598127
3,MFC,0.775,alexnet conv4,-0.0023461313259538655
3,MFC,0.775,resnet50 avgpool,0.008008114512717743
3,MFC,0.775,clip ln_post,0.013251101606754658
3,MFC,0.775,category,-0.00475119089895598
3,MFC,0.775,low-level,-0.007814288325268799
3,MFC,0.8,alexnet conv1,0.008650647035373047
3,MFC,0.8,alexnet conv4,-0.0017288177940275606
3,MFC,0.8,resnet50 avgpool,0.007249001144321974
3,MFC,0.8,clip ln_post,0.016090843730806666
3,MFC,0.8,category,-0.001943238969823891
3,MFC,0.8,low-level,-0.011276808230148597
3,MFC,0.825,alexnet conv1,-0.008035160289488691
3,MFC,0.825,alexnet conv4,-0.016878707231910227
3,MFC,0.825,resnet50 avgpool,-0.006703020868765574
3,MFC,0.825,clip ln_post,0.0048081282480867986
3,MFC,0.825,category,-0.01240872557361741
3,MFC,0.825,low-level,-0.03472111337061241
3,MFC,0.85,alexnet conv1,-0.003481092229639597
3,MFC,0.85,alexnet conv4,0.001314382222715723
3,MFC,0.85,resnet50 avgpool,0.0063443957052343935
3,MFC,0.85,clip ln_post,0.029407835287021407
3,MFC,0.85,category,0.003137186184973721
3,MFC,0.85,low-level,-0.023535169220442676
3,MFC,0.875,alexnet conv1,-0.006240199631178665
3,MFC,0.875,alexnet conv4,0.00043998319021769546
3,MFC,0.875,resnet50 avgpool,0.005748114376627017
3,MFC,0.875,clip ln_post,0.03384140795961158
3,MFC,0.875,category,-0.003657527681275153
3,MFC,0.875,low-level,-0.010185873836627259
3,MFC,0.9,alexnet conv1,-0.024510706796213703
3,MFC,0.9,alexnet conv4,0.0042791077639321795
3,MFC,0.9,resnet50 avgpool,0.00045683504981629437
3,MFC,0.9,clip ln_post,0.019637268530743632
3,MFC,0.9,category,-0.0021040717959534246
3,MFC,0.9,low-level,-0.018247027970536463
3,MFC,0.925,alexnet conv1,-0.0028224778683099004
3,MFC,0.925,alexnet conv4,0.01258749177495223
3,MFC,0.925,resnet50 avgpool,0.017367544866831747
3,MFC,0.925,clip ln_post,0.0073997367675416
3,MFC,0.925,category,0.009714302698223815
3,MFC,0.925,low-level,-0.01598714220993866
3,MFC,0.95,alexnet conv1,-0.00907694705042293
3,MFC,0.95,alexnet conv4,-0.0028387787924355314
3,MFC,0.95,resnet50 avgpool,-0.002775793336126802
3,MFC,0.95,clip ln_post,-0.006152499402863272
3,MFC,0.95,category,-0.012999076653057579
3,MFC,0.95,low-level,-0.02143212286817291
3,MFC,0.975,alexnet conv1,-0.01819365005563353
3,MFC,0.975,alexnet conv4,-0.002343439474564012
3,MFC,0.975,resnet50 avgpool,-0.004776897294828216
3,MFC,0.975,clip ln_post,-0.0090266298881476
3,MFC,0.975,category,-0.014817433663769126
3,MFC,0.975,low-level,-0.03252420017894384
3,MFC,1.0,alexnet conv1,-0.02371655103207677
3,MFC,1.0,alexnet conv4,0.010700713370581469
3,MFC,1.0,resnet50 avgpool,0.0007253146047748721
3,MFC,1.0,clip ln_post,-0.0016236213371393375
3,MFC,1.0,category,0.010026507596004675
3,MFC,1.0,low-level,-0.03018987047075304
3,MFC,1.025,alexnet conv1,-0.019821804528506588
3,MFC,1.025,alexnet conv4,0.015306195630884527
3,MFC,1.025,resnet50 avgpool,0.000915777186178327
3,MFC,1.025,clip ln_post,0.00575839367268845
3,MFC,1.025,category,0.007252614382994135
3,MFC,1.025,low-level,-0.012354471844645632
3,MFC,1.05,alexnet conv1,-0.029418241845955245
3,MFC,1.05,alexnet conv4,0.0015193930446348977
3,MFC,1.05,resnet50 avgpool,-0.005284229930232625
3,MFC,1.05,clip ln_post,-0.009171996306889437
3,MFC,1.05,category,-0.0060700200732181535
3,MFC,1.05,low-level,-0.025226705436543616
3,MFC,1.075,alexnet conv1,-0.01508948629023817
3,MFC,1.075,alexnet conv4,0.020146379624516923
3,MFC,1.075,resnet50 avgpool,0.004482625260753572
3,MFC,1.075,clip ln_post,0.012787297706482048
3,MFC,1.075,category,0.005861883474697581
3,MFC,1.075,low-level,0.006144481841901392
3,MFC,1.1,alexnet conv1,-0.013547596713790402
3,MFC,1.1,alexnet conv4,-0.0019294775144482346
3,MFC,1.1,resnet50 avgpool,0.001734335203369421
3,MFC,1.1,clip ln_post,0.002817221428402604
3,MFC,1.1,category,-0.007214771365081303
3,MFC,1.1,low-level,0.00346580296480351
3,MFC,1.125,alexnet conv1,-0.020511748109363438
3,MFC,1.125,alexnet conv4,0.002460704962339598
3,MFC,1.125,resnet50 avgpool,-0.0041943716328982535
3,MFC,1.125,clip ln_post,-0.0015192738363746649
3,MFC,1.125,category,-0.013545908261897992
3,MFC,1.125,low-level,-0.0002872886853164059
3,MFC,1.15,alexnet conv1,-0.03678807828217005
3,MFC,1.15,alexnet conv4,-0.02050484530672698
3,MFC,1.15,resnet50 avgpool,-0.012383278359638667
3,MFC,1.15,clip ln_post,-0.02166889946959928
3,MFC,1.15,category,-0.016965024930322307
3,MFC,1.15,low-level,-0.020780635227698217
3,MFC,1.175,alexnet conv1,-0.024435565319206088
3,MFC,1.175,alexnet conv4,-0.014368720930421373
3,MFC,1.175,resnet50 avgpool,-0.004877064451872559
3,MFC,1.175,clip ln_post,-0.02610746116897244
3,MFC,1.175,category,-0.009210990559983158
3,MFC,1.175,low-level,-0.024480107324549867
3,MFC,1.2,alexnet conv1,-0.024059231285340578
3,MFC,1.2,alexnet conv4,0.0005468695047408417
3,MFC,1.2,resnet50 avgpool,0.007516415879550634
3,MFC,1.2,clip ln_post,-0.022799641367426227
3,MFC,1.2,category,-0.011296140846980168
3,MFC,1.2,low-level,-0.01702139307571926
4,MTL,-0.2,alexnet conv1,0.0050465061064141345
4,MTL,-0.2,alexnet conv4,0.024482427052857098
4,MTL,-0.2,resnet50 avgpool,0.012826683149109534
4,MTL,-0.2,clip ln_post,0.034859288631601815
4,MTL,-0.2,category,0.015658127077108872
4,MTL,-0.2,low-level,0.009114314007238637
4,MTL,-0.175,alexnet conv1,0.037584453897423216
4,MTL,-0.175,alexnet conv4,0.02075564337703264
4,MTL,-0.175,resnet50 avgpool,0.02537511166592139
4,MTL,-0.175,clip ln_post,0.03328877296347379
4,MTL,-0.175,category,0.019012618044510075
4,MTL,-0.175,low-level,0.0409849758414473
4,MTL,-0.15,alexnet conv1,0.013133544542018231
4,MTL,-0.15,alexnet conv4,0.0035253329924879212
4,MTL,-0.15,resnet50 avgpool,0.008474375069704615
4,MTL,-0.15,clip ln_post,0.027854962441407855
4,MTL,-0.15,category,0.007410950885099054
4,MTL,-0.15,low-level,0.012801414219785031
4,MTL,-0.125,alexnet conv1,0.004572716097963365
4,MTL,-0.125,alexnet conv4,-0.004601437234067314
4,MTL,-0.125,resnet50 avgpool,0.0034366098284259357
4,MTL,-0.125,clip ln_post,0.024832712470939284
4,MTL,-0.125,category,-0.0008055381396846798
4,MTL,-0.125,low-level,0.006256795354110007
4,MTL,-0.1,alexnet conv1,0.006706105785229709
4,MTL,-0.1,alexnet conv4,-0.00022577077934648974
4,MTL,-0.1,resnet50 avgpool,0.015049280888090974
4,MTL,-0.1,clip ln_post,0.025982133014406782
4,MTL,-0.1,category,0.025339928336938072
4,MTL,-0.1,low-level,0.021897399151551644
4,MTL,-0.075,alexnet conv1,0.00676446950507076
4,MTL,-0.075,alexnet conv4,0.001928718769981077
4,MTL,-0.075,resnet50 avgpool,0.004564458509558583
4,MTL,-0.075,clip ln_post,0.014065590433873478
4,MTL,-0.075,category,0.022163806529038477
4,MTL,-0.075,low-level,0.017723375079937195
4,MTL,-0.05,alexnet conv1,0.020662614217300347
4,MTL,-0.05,alexnet conv4,0.016594480910143854
4,MTL,-0.05,resnet50 avgpool,0.0037910159860983328
4,MTL,-0.05,clip ln_post,-0.006627104538066445
4,MTL,-0.05,category,0.008435135091269575
4,MTL,-0.05,low-level,0.0149882720336107
4,MTL,-0.025,alexnet conv1,0.04605752895272232
4,MTL,-0.025,alexnet conv4,0.008753083982129125
4,MTL,-0.025,resnet50 avgpool,-0.002266347170486911
4,MTL,-0.025,clip ln_post,-0.0004903100180276397
4,MTL,-0.025,category,0.009712488427055284
4,MTL,-0.025,low-level,0.026338369179965994
4,MTL,-0.0,alexnet conv1,0.055748174625126115
4,MTL,-0.0,alexnet conv4,0.029862308724547138
4,MTL,-0.0,resnet50 avgpool,0.011504238259603734
4,MTL,-0.0,clip ln_post,0.011854670271627557
4,MTL,-0.0,category,0.032574428010487155
4,MTL,-0.0,low-level,0.03012341508751807
4,MTL,0.025,alexnet conv1,0.04225259298585814
4,MTL,0.025,alexnet conv4,0.030711482322626424
4,MTL,0.025,resnet50 avgpool,0.02329572009869568
4,MTL,0.025,clip ln_post,0.032349759832084664
4,MTL,0.025,category,0.043934433727992765
4,MTL,0.025,low-level,0.03101302767149771
4,MTL,0.05,alexnet conv1,0.035456061291552037
4,MTL,0.05,alexnet conv4,0.03920378856996148
4,MTL,0.05,resnet50 avgpool,0.026416996693124202
4,MTL,0.05,clip ln_post,0.043402384041485824
4,MTL,0.05,category,0.05061464644352071
4,MTL,0.05,low-level,0.04164452937055694
4,MTL,0.075,alexnet conv1,0.025634069058363258
4,MTL,0.075,alexnet conv4,0.029536472276269744
4,MTL,0.075,resnet50 avgpool,0.016637893658860297
4,MTL,0.075,clip ln_post,0.024997419624442692
4,MTL,0.075,category,0.024925651579385952
4,MTL,0.075,low-level,0.048070660058327774
4,MTL,0.1,alexnet conv1,-0.00416708743960684
4,MTL,0.1,alexnet conv4,-0.015116461186421952
4,MTL,0.1,resnet50 avgpool,-0.011013206548324956
4,MTL,0.1,clip ln_post,-0.015708111113027036
4,MTL,0.1,category,-0.007905781456619644
4,MTL,0.1,low-level,0.022418535781306537
4,MTL,0.125,alexnet conv1,-0.004638311248617733
4,MTL,0.125,alexnet conv4,-0.002439453673569431
4,MTL,0.125,resnet50 avgpool,-0.011060759367700831
4,MTL,0.125,clip ln_post,-0.012466439008530597
4,MTL,0.125,category,-0.0011430969791715933
4,MTL,0.125,low-level,0.01916668425793967
4,MTL,0.15,alexnet conv1,-0.010489679309675664
4,MTL,0.15,alexnet conv4,0.007661029997515056
4,MTL,0.15,resnet50 avgpool,0.01873972215376876
4,MTL,0.15,clip ln_post,0.01772618936143215
4,MTL,0.15,category,0.016900957349765235
4,MTL,0.15,low-level,0.011792403286725097
4,MTL,0.175,alexnet conv1,-0.01130236873643394
4,MTL,0.175,alexnet conv4,0.021042416567169656
4,MTL,0.175,resnet50 avgpool,0.029852039094020316
4,MTL,0.175,clip ln_post,0.029761532638822145
4,MTL,0.175,category,0.03534394485264114
4,MTL,0.175,low-level,0.019880348671660424
4,MTL,0.2,alexnet conv1,0.0013025951032545869
4,MTL,0.2,alexnet conv4,0.05569501096290711
4,MTL,0.2,resnet50 avgpool,0.03999342730758904
4,MTL,0.2,clip ln_post,0.051241127780249154
4,MTL,0.2,category,0.05150457429307713
4,MTL,0.2,low-level,0.013668341794026841
4,MTL,0.225,alexnet conv1,0.013104731583335454
4,MTL,0.225,alexnet conv4,0.06469005066209299
4,MTL,0.225,resnet50 avgpool,0.06096426414725616
4,MTL,0.225,clip ln_post,0.07396777664119683
4,MTL,0.225,category,0.07460050352660788
4,MTL,0.225,low-level,0.011222710232916962
4,MTL,0.25,alexnet conv1,0.012603853914130414
4,MTL,0.25,alexnet conv4,0.04915739799890442
4,MTL,0.25,resnet50 avgpool,0.06287313313098603
4,MTL,0.25,clip ln_post,0.07507681135920435
4,MTL,0.25,category,0.08373377167227083
4,MTL,0.25,low-level,0.007113902745184523
4,MTL,0.275,alexnet conv1,0.025965094287805655
4,MTL,0.275,alexnet conv4,0.05435537269824637
4,MTL,0.275,resnet50 avgpool,0.06737956621441502
4,MTL,0.275,clip ln_post,0.08875234108913874
4,MTL,0.275,category,0.11374965711528331
4,MTL,0.275,low-level,0.014118882969887326
4,MTL,0.3,alexnet conv1,0.052884875982298615
4,MTL,0.3,alexnet conv4,0.06319990069243117
4,MTL,0.3,resnet50 avgpool,0.07785479877168841
4,MTL,0.3,clip ln_post,0.09911321909547763
4,MTL,0.3,category,0.11309180096787416
4,MTL,0.3,low-level,0.005233590583470179
4,MTL,0.325,alexnet conv1,0.04475794627442226
4,MTL,0.325,alexnet conv4,0.062294399580469416
4,MTL,0.325,resnet50 avgpool,0.07842562752581363
4,MTL,0.325,clip ln_post,0.10602214645903657
4,MTL,0.325,category,0.119725982932563
4,MTL,0.325,low-level,0.02440738545304049
4,MTL,0.35,alexnet conv1,0.039343724569172976
4,MTL,0.35,alexnet conv4,0.06921565211158295
4,MTL,0.35,resnet50 avgpool,0.09616923740246414
4,MTL,0.35,clip ln_post,0.1417087017545162
4,MTL,0.35,category,0.13163643971218647
4,MTL,0.35,low-level,0.025945655286775515
4,MTL,0.375,alexnet conv1,0.02614549826952135
4,MTL,0.375,alexnet conv4,0.055728758177010077
4,MTL,0.375,resnet50 avgpool,0.08053712316625801
4,MTL,0.375,clip ln_post,0.11606525068388815
4,MTL,0.375,category,0.09282484496299795
4,MTL,0.375,low-level,0.0090027737377991
4,MTL,0.4,alexnet conv1,0.052842242920041
4,MTL,0.4,alexnet conv4,0.06216412589402652
4,MTL,0.4,resnet50 avgpool,0.07423088054798788
4,MTL,0.4,clip ln_post,0.12375591682145057
4,MTL,0.4,category,0.1133929187962801
4,MTL,0.4,low-level,0.03152976003931373
4,MTL,0.425,alexnet conv1,0.044455439204856936
4,MTL,0.425,alexnet conv4,0.04577564491217729
4,MTL,0.425,resnet50 avgpool,0.06871220985386046
4,MTL,0.425,clip ln_post,0.12151431019772928
4,MTL,0.425,category,0.11287123695343669
4,MTL,0.425,low-level,0.02481983153514439
4,MTL,0.45,alexnet conv1,0.03518160843620233
4,MTL,0.45,alexnet conv4,0.04390130282900919
4,MTL,0.45,resnet50 avgpool,0.06133431236177804
4,MTL,0.45,clip ln_post,0.12096212787079588
4,MTL,0.45,category,0.11608379977241727
4,MTL,0.45,low-level,0.023973506047931206
4,MTL,0.475,alexnet conv1,0.04561479752882952
4,MTL,0.475,alexnet conv4,0.052411712622675286
4,MTL,0.475,resnet50 avgpool,0.06467151216670435
4,MTL,0.475,clip ln_post,0.12730615467479256
4,MTL,0.475,category,0.11572514350546241
4,MTL,0.475,low-level,0.015749118754547153
4,MTL,0.5,alexnet conv1,0.017304796216121045
4,MTL,0.5,alexnet conv4,0.029406565880142167
4,MTL,0.5,resnet50 avgpool,0.06038322214488936
4,MTL,0.5,clip ln_post,0.08771646319169821
4,MTL,0.5,category,0.07679463598327281
4,MTL,0.5,low-level,0.008260067614409708
4,MTL,0.525,alexnet conv1,0.014714392666648061
4,MTL,0.525,alexnet conv4,0.0302630401786995
4,MTL,0.525,resnet50 avgpool,0.07847261652233704
4,MTL,0.525,clip ln_post,0.08659212471055268
4,MTL,0.525,category,0.08915772847948102
4,MTL,0.525,low-level,0.019906052550042533
4,MTL,0.55,alexnet conv1,0.018153565472669005
4,MTL,0.55,alexnet conv4,0.030911792472878574
4,MTL,0.55,resnet50 avgpool,0.07908071235608696
4,MTL,0.55,clip ln_post,0.09348455945021615
4,MTL,0.55,category,0.09470251600764391
4,MTL,0.55,low-level,0.026976152703281214
4,MTL,0.575,alexnet conv1,0.011577725319270009
4,MTL,0.575,alexnet conv4,0.024504601400182853
4,MTL,0.575,resnet50 avgpool,0.07452351105210067
4,MTL,0.575,clip ln_post,0.0679546075307093
4,MTL,0.575,category,0.08821985193113385
4,MTL,0.575,low-level,0.020522246490876115
4,MTL,0.6,alexnet conv1,-0.0058195668412571525
4,MTL,0.6,alexnet conv4,0.013169406897279108
4,MTL,0.6,resnet50 avgpool,0.06286699551650647
4,MTL,0.6,clip ln_post,0.045367437167001395
4,MTL,0.6,category,0.07735275883719721
4,MTL,0.6,low-level,-0.0034036648536958955
4,MTL,0.625,alexnet conv1,-0.01672239298429619
4,MTL,0.625,alexnet conv4,0.009392982646602255
4,MTL,0.625,resnet50 avgpool,0.03253944111610687
4,MTL,0.625,clip ln_post,0.01453261940086212
4,MTL,0.625,category,0.03736354404570773
4,MTL,0.625,low-level,-0.016411090278232596
4,MTL,0.65,alexnet conv1,-0.01953717708705376
4,MTL,0.65,alexnet conv4,-0.008266176232285429
4,MTL,0.65,resnet50 avgpool,0.0080606015875138
4,MTL,0.65,clip ln_post,-0.017928559881479414
4,MTL,0.65,category,0.01948635118856273
4,MTL,0.65,low-level,-0.01290966981837842
4,MTL,0.675,alexnet conv1,-0.026907760991278673
4,MTL,0.675,alexnet conv4,-0.0165939396402055
4,MTL,0.675,resnet50 avgpool,-0.01127355255590629
4,MTL,0.675,clip ln_post,-0.01715778665649492
4,MTL,0.675,category,-0.003716983130259308
4,MTL,0.675,low-level,-0.02326141872727488
4,MTL,0.7,alexnet conv1,-0.031787634891878885
4,MTL,0.7,alexnet conv4,-0.018675354526010303
4,MTL,0.7,resnet50 avgpool,-0.020349162540707694
4,MTL,0.7,clip ln_post,-0.0198779886702923
4,MTL,0.7,category,-0.00363067547243595
4,MTL,0.7,low-level,-0.024961769910943312
4,MTL,0.725,alexnet conv1,-0.02536870180555022
4,MTL,0.725,alexnet conv4,-0.010158652469310832
4,MTL,0.725,resnet50 avgpool,-0.008038221042116293
4,MTL,0.725,clip ln_post,-0.00552974417494958
4,MTL,0.725,category,0.009839072991862874
4,MTL,0.725,low-level,-0.02741104698952491
4,MTL,0.75,alexnet conv1,-0.002242181723030781
4,MTL,0.75,alexnet conv4,-0.013932785988284293
4,MTL,0.75,resnet50 avgpool,-0.01845036504404507
4,MTL,0.75,clip ln_post,-0.007417221719657382
4,MTL,0.75,category,-0.001440378911674273
4,MTL,0.75,low-level,-0.010826650453827781
4,MTL,0.775,alexnet conv1,0.0031495547268626887
4,MTL,0.775,alexnet conv4,0.00830450974256248
4,MTL,0.775,resnet50 avgpool,0.018302069968315352
4,MTL,0.775,clip ln_post,0.02512565710492701
4,MTL,0.775,category,0.015805809069384398
4,MTL,0.775,low-level,0.0034042318983932202
4,MTL,0.8,alexnet conv1,0.008182641849388444
4,MTL,0.8,alexnet conv4,-0.002357391673778567
4,MTL,0.8,resnet50 avgpool,0.0005094671076315531
4,MTL,0.8,clip ln_post,0.015336071798374784
4,MTL,0.8,category,0.00917162710469557
4,MTL,0.8,low-level,-0.006150811156150785
4,MTL,0.825,alexnet conv1,0.012776113072011819
4,MTL,0.825,alexnet conv4,-0.007071854447771022
4,MTL,0.825,resnet50 avgpool,-0.008174132957083713
4,MTL,0.825,clip ln_post,-0.008639815192916211
4,MTL,0.825,category,-0.005111331291094456
4,MTL,0.825,low-level,0.00554526541261639
4,MTL,0.85,alexnet conv1,0.007530123218554982
4,MTL,0.85,alexnet conv4,-0.018720027016071363
4,MTL,0.85,resnet50 avgpool,-0.011764320075905636
4,MTL,0.85,clip ln_post,-0.005755092892617947
4,MTL,0.85,category,-0.004351823902248902
4,MTL,0.85,low-level,0.0011477387404447493
4,MTL,0.875,alexnet conv1,0.005539872044302069
4,MTL,0.875,alexnet conv4,-0.010862350105922661
4,MTL,0.875,resnet50 avgpool,-0.001838391127173254
4,MTL,0.875,clip ln_post,-0.00034373701838155295
4,MTL,0.875,category,-0.00937876548347163
4,MTL,0.875,low-level,-0.007728530869410717
4,MTL,0.9,alexnet conv1,0.0028744172294778605
4,MTL,0.9,alexnet conv4,-0.02445487705736382
4,MTL,0.9,resnet50 avgpool,-0.004338502474132001
4,MTL,0.9,clip ln_post,2.5595946578925267e-05
4,MTL,0.9,category,-0.005905361743069356
4,MTL,0.9,low-level,-0.01694232578073614
4,MTL,0.925,alexnet conv1,-0.023990612433274633
4,MTL,0.925,alexnet conv4,-0.029540443200073454
4,MTL,0.925,resnet50 avgpool,-0.018137361203889504
4,MTL,0.925,clip ln_post,0.00031228375782686
4,MTL,0.925,category,-0.021642124686195068
4,MTL,0.925,low-level,-0.020840940109074144
4,MTL,0.95,alexnet conv1,-0.0275371145574885
4,MTL,0.95,alexnet conv4,-0.01331689651179104
4,MTL,0.95,resnet50 avgpool,-0.017257201512761847
4,MTL,0.95,clip ln_post,-0.006356820749980019
4,MTL,0.95,category,-0.01543948101062303
4,MTL,0.95,low-level,-0.028186039220368185
4,MTL,0.975,alexnet conv1,-0.034470337853220845
4,MTL,0.975,alexnet conv4,-0.019472032994681355
4,MTL,0.975,resnet50 avgpool,-0.02167290100092926
4,MTL,0.975,clip ln_post,-0.012164639133914489
4,MTL,0.975,category,-0.013653871467655324
4,MTL,0.975,low-level,-0.03253345653925869
4,MTL,1.0,alexnet conv1,-0.022800967156590714
4,MTL,1.0,alexnet conv4,-0.013443972517199306
4,MTL,1.0,resnet50 avgpool,-0.014623741228430685
4,MTL,1.0,clip ln_post,-0.004654402752826738
4,MTL,1.0,category,0.00018412300335649825
4,MTL,1.0,low-level,-0.023761015713143638
4,MTL,1.025,alexnet conv1,-0.024439636120200798
4,MTL,1.025,alexnet conv4,-0.01635787828834053
4,MTL,1.025,resnet50 avgpool,-0.01039111502045472
4,MTL,1.025,clip ln_post,-0.011927483965715758
4,MTL,1.025,category,0.003977824051681014
4,MTL,1.025,low-level,-0.01822705092141284
4,MTL,1.05,alexnet conv1,-0.03832800092232398
4,MTL,1.05,alexnet conv4,-0.026015941443562292
4,MTL,1.05,resnet50 avgpool,0.006104882146589973
4,MTL,1.05,clip ln_post,-0.007468768015751058
4,MTL,1.05,category,0.03394959669180599
4,MTL,1.05,low-level,-0.009388634766948626
4,MTL,1.075,alexnet conv1,-0.03173721785241255
4,MTL,1.075,alexnet conv4,-0.02215769683145991
4,MTL,1.075,resnet50 avgpool,-0.008003729581848095
4,MTL,1.075,clip ln_post,-0.016285663857398366
4,MTL,1.075,category,0.01483916330176278
4,MTL,1.075,low-level,0.0011939238866728182
4,MTL,1.1,alexnet conv1,-0.017018472473343555
4,MTL,1.1,alexnet conv4,-0.004867669552228258
4,MTL,1.1,resnet50 avgpool,0.002294873384976156
4,MTL,1.1,clip ln_post,-0.0017679551545999688
4,MTL,1.1,category,0.01796350051496836
4,MTL,1.1,low-level,0.006724845645922806
4,MTL,1.125,alexnet conv1,-0.00997290183603145
4,MTL,1.125,alexnet conv4,0.012631062394067354
4,MTL,1.125,resnet50 avgpool,0.015147292630916513
4,MTL,1.125,clip ln_post,0.03260337218388528
4,MTL,1.125,category,0.04914549831257199
4,MTL,1.125,low-level,0.010631567746879084
4,MTL,1.15,alexnet conv1,-0.004323329195711276
4,MTL,1.15,alexnet conv4,0.005266303585369494
4,MTL,1.15,resnet50 avgpool,-0.009298701800137522
4,MTL,1.15,clip ln_post,0.004548007769646443
4,MTL,1.15,category,0.014307891719161218
4,MTL,1.15,low-level,-0.014374697452657376
4,MTL,1.175,alexnet conv1,0.02176892647639173
4,MTL,1.175,alexnet conv4,-0.0028174147390948737
4,MTL,1.175,resnet50 avgpool,-0.0038543993402486497
4,MTL,1.175,clip ln_post,-0.0018404402205113113
4,MTL,1.175,category,-0.005232162012047159
4,MTL,1.175,low-level,-0.014307120867407245
4,MTL,1.2,alexnet conv1,-0.011373241268987267
4,MTL,1.2,alexnet conv4,-0.028625577795993663
4,MTL,1.2,resnet50 avgpool,-0.03088010723949316
4,MTL,1.2,clip ln_post,-0.014930773379117553
4,MTL,1.2,category,-0.019561151158676307
4,MTL,1.2,low-level,-0.03444144434841629
4,MFC,-0.2,alexnet conv1,-0.007644914329469517
4,MFC,-0.2,alexnet conv4,0.004865058246960184
4,MFC,-0.2,resnet50 avgpool,0.02411090806615154
4,MFC,-0.2,clip ln_post,0.030527350666394795
4,MFC,-0.2,category,0.03784494898156691
4,MFC,-0.2,low-level,0.007790681867897813
4,MFC,-0.175,alexnet conv1,-0.02888822581173544
4,MFC,-0.175,alexnet conv4,-0.018267053347333157
4,MFC,-0.175,resnet50 avgpool,0.015547181572635066
4,MFC,-0.175,clip ln_post,0.022013404897982605
4,MFC,-0.175,category,0.03151763868913891
4,MFC,-0.175,low-level,0.006285371507194754
4,MFC,-0.15,alexnet conv1,-0.036071380501503096
4,MFC,-0.15,alexnet conv4,-0.02337756784580261
4,MFC,-0.15,resnet50 avgpool,-0.022619988075565516
4,MFC,-0.15,clip ln_post,-0.007950082642898423
4,MFC,-0.15,category,0.018088167131824325
4,MFC,-0.15,low-level,-0.008333427411203572
4,MFC,-0.125,alexnet conv1,-0.039210862130376105
4,MFC,-0.125,alexnet conv4,-0.030810317246816547
4,MFC,-0.125,resnet50 avgpool,-0.016284156033998663
4,MFC,-0.125,clip ln_post,-0.0031008517088678086
4,MFC,-0.125,category,0.02130264789875652
4,MFC,-0.125,low-level,-0.010130356616729877
4,MFC,-0.1,alexnet conv1,-0.04704610533468693
4,MFC,-0.1,alexnet conv4,-0.02238809256911895
4,MFC,-0.1,resnet50 avgpool,-0.00779261497482051
4,MFC,-0.1,clip ln_post,0.004395596787093816
4,MFC,-0.1,category,0.020382032881974033
4,MFC,-0.1,low-level,-0.01714414536531043
4,MFC,-0.075,alexnet conv1,-0.056401066989964624
4,MFC,-0.075,alexnet conv4,-0.04021246443115482
4,MFC,-0.075,resnet50 avgpool,-0.017690009654451472
4,MFC,-0.075,clip ln_post,-0.00988636308279211
4,MFC,-0.075,category,0.009854416575475916
4,MFC,-0.075,low-level,-0.029978693037750463
4,MFC,-0.05,alexnet conv1,-0.037817696135025926
4,MFC,-0.05,alexnet conv4,-0.019353665635959832
4,MFC,-0.05,resnet50 avgpool,-0.0022658300643850905
4,MFC,-0.05,clip ln_post,0.004176322857930018
4,MFC,-0.05,category,-0.003164614120189814
4,MFC,-0.05,low-level,-0.011203783505221335
4,MFC,-0.025,alexnet conv1,-0.023155439362082964
4,MFC,-0.025,alexnet conv4,-0.029486680274708417
4,MFC,-0.025,resnet50 avgpool,-0.02018534944915603
4,MFC,-0.025,clip ln_post,-0.010649685791512048
4,MFC,-0.025,category,-0.020065571469955048
4,MFC,-0.025,low-level,-0.023400215804324425
4,MFC,-0.0,alexnet conv1,-0.013345289019718131
4,MFC,-0.0,alexnet conv4,-0.028224575706872125
4,MFC,-0.0,resnet50 avgpool,-0.017066424801483453
4,MFC,-0.0,clip ln_post,-0.0262119439872217
4,MFC,-0.0,category,-0.0187153361120074
4,MFC,-0.0,low-level,-0.005265172717819717
4,MFC,0.025,alexnet conv1,-0.019204721358488573
4,MFC,0.025,alexnet conv4,-0.010040057970525894
4,MFC,0.025,resnet50 avgpool,-0.011806576182313325
4,MFC,0.025,clip ln_post,-0.024785156429718538
4,MFC,0.025,category,-0.035366960228060705
4,MFC,0.025,low-level,-0.00722540596340804
4,MFC,0.05,alexnet conv1,-0.013076089382430846
4,MFC,0.05,alexnet conv4,0.0021329321852946396
4,MFC,0.05,resnet50 avgpool,-0.00796369493747907
4,MFC,0.05,clip ln_post,-0.0055569623204211336
4,MFC,0.05,category,-0.03046276731574231
4,MFC,0.05,low-level,-0.013832248319079763
4,MFC,0.075,alexnet conv1,-0.024805033601651157
4,MFC,0.075,alexnet conv4,-0.01636406261957072
4,MFC,0.075,resnet50 avgpool,-0.031960852548609454
4,MFC,0.075,clip ln_post,-0.02257271233484856
4,MFC,0.075,category,-0.053374573545916563
4,MFC,0.075,low-level,-0.016530601391883382
4,MFC,0.1,alexnet conv1,0.00010861805614139436
4,MFC,0.1,alexnet conv4,-0.011908739272255353
4,MFC,0.1,resnet50 avgpool,-0.034428537637862425
4,MFC,0.1,clip ln_post,-0.02762612607666646
4,MFC,0.1,category,-0.039187512547708046
4,MFC,0.1,low-level,0.010434724301708298
4,MFC,0.125,alexnet conv1,0.02405047431098077
4,MFC,0.125,alexnet conv4,-0.01134555434508696
4,MFC,0.125,resnet50 avgpool,-0.02446959444473527
4,MFC,0.125,clip ln_post,-0.01487520622062467
4,MFC,0.125,category,-0.02310168307738564
4,MFC,0.125,low-level,0.016647448039825714
4,MFC,0.15,alexnet conv1,0.014635686218290509
4,MFC,0.15,alexnet conv4,-0.0059608705136164584
4,MFC,0.15,resnet50 avgpool,-0.03524597123119349
4,MFC,0.15,clip ln_post,-0.0033652991249701306
4,MFC,0.15,category,-0.012894364078809768
4,MFC,0.15,low-level,0.015879054147278575
4,MFC,0.175,alexnet conv1,0.022715217755344807
4,MFC,0.175,alexnet conv4,-0.0027830263778625547
4,MFC,0.175,resnet50 avgpool,-0.05071642134637702
4,MFC,0.175,clip ln_post,-0.02177365936650746
4,MFC,0.175,category,-0.034244960676357045
4,MFC,0.175,low-level,0.01862046395494036
4,MFC,0.2,alexnet conv1,0.017730329432091595
4,MFC,0.2,alexnet conv4,-0.0032648661657239167
4,MFC,0.2,resnet50 avgpool,-0.04762294605134173
4,MFC,0.2,clip ln_post,-0.014729103610329773
4,MFC,0.2,category,-0.03399370949469349
4,MFC,0.2,low-level,0.009544499567203135
4,MFC,0.225,alexnet conv1,0.007494644262833775
4,MFC,0.225,alexnet conv4,-0.005990907773350276
4,MFC,0.225,resnet50 avgpool,-0.028236380546480054
4,MFC,0.225,clip ln_post,-0.0059318191384132146
4,MFC,0.225,category,-0.02158650419559779
4,MFC,0.225,low-level,0.007433910876089986
4,MFC,0.25,alexnet conv1,-0.008169417787114773
4,MFC,0.25,alexnet conv4,-0.0034485660947428083
4,MFC,0.25,resnet50 avgpool,-0.008504700684554401
4,MFC,0.25,clip ln_post,-0.007029674054717804
4,MFC,0.25,category,-0.023111272817143792
4,MFC,0.25,low-level,-0.015618841846259392
4,MFC,0.275,alexnet conv1,-0.010291572901315382
4,MFC,0.275,alexnet conv4,-0.006215283493867554
4,MFC,0.275,resnet50 avgpool,6.474297268594665e-05
4,MFC,0.275,clip ln_post,-0.01884292589960417
4,MFC,0.275,category,-0.021346760701644017
4,MFC,0.275,low-level,-0.024291903256401095
4,MFC,0.3,alexnet conv1,-0.025597059726328253
4,MFC,0.3,alexnet conv4,-0.003300138923373369
4,MFC,0.3,resnet50 avgpool,0.007902855229854533
4,MFC,0.3,clip ln_post,-0.010153644111458617
4,MFC,0.3,category,-0.0009321227044922723
4,MFC,0.3,low-level,-0.03329763786963679
4,MFC,0.325,alexnet conv1,-0.0026539689378585257
4,MFC,0.325,alexnet conv4,-0.00018520291965128712
4,MFC,0.325,resnet50 avgpool,0.012537665944019751
4,MFC,0.325,clip ln_post,-0.017725979941515528
4,MFC,0.325,category,-0.010579400901192129
4,MFC,0.325,low-level,-0.02128633438775295
4,MFC,0.35,alexnet conv1,0.0037384789727067736
4,MFC,0.35,alexnet conv4,-0.003624593200201034
4,MFC,0.35,resnet50 avgpool,-0.0010644089446970844
4,MFC,0.35,clip ln_post,-0.01966262767172453
4,MFC,0.35,category,-0.028464265550143652
4,MFC,0.35,low-level,-0.02314642947290077
4,MFC,0.375,alexnet conv1,0.0021413863062365616
4,MFC,0.375,alexnet conv4,0.005481787014042373
4,MFC,0.375,resnet50 avgpool,-0.010498511997389945
4,MFC,0.375,clip ln_post,-0.014462041667114504
4,MFC,0.375,category,-0.02612053315325156
4,MFC,0.375,low-level,-0.03230287876736443
4,MFC,0.4,alexnet conv1,0.018274996805863
4,MFC,0.4,alexnet conv4,0.021923133637460027
4,MFC,0.4,resnet50 avgpool,-0.002637059085052246
4,MFC,0.4,clip ln_post,0.008485649915831237
4,MFC,0.4,category,-0.0056713720929704725
4,MFC,0.4,low-level,-0.017797522617802056
4,MFC,0.425,alexnet conv1,0.017260226825095867
4,MFC,0.425,alexnet conv4,0.009756641942744622
4,MFC,0.425,resnet50 avgpool,-0.004526221654627664
4,MFC,0.425,clip ln_post,0.0131868290234199
4,MFC,0.425,category,-0.014683809517680736
4,MFC,0.425,low-level,-0.01946387206162271
4,MFC,0.45,alexnet conv1,0.04563646765743294
4,MFC,0.45,alexnet conv4,0.02429397329173081
4,MFC,0.45,resnet50 avgpool,0.00823912723366961
4,MFC,0.45,clip ln_post,0.016476869074044623
4,MFC,0.45,category,-0.011595913315556131
4,MFC,0.45,low-level,-0.013736680345589003
4,MFC,0.475,alexnet conv1,0.03309340834509887
4,MFC,0.475,alexnet conv4,0.016448012620456084
4,MFC,0.475,resnet50 avgpool,0.0015054263471184221
4,MFC,0.475,clip ln_post,0.008934676824602276
4,MFC,0.475,category,-0.02109550951998046
4,MFC,0.475,low-level,-0.02359016450147093
4,MFC,0.5,alexnet conv1,0.027385328612840876
4,MFC,0.5,alexnet conv4,0.0259629275971298
4,MFC,0.5,resnet50 avgpool,0.011761210995604968
4,MFC,0.5,clip ln_post,0.027268606005926083
4,MFC,0.5,category,-0.018197490165067245
4,MFC,0.5,low-level,-0.014122857115535901
4,MFC,0.525,alexnet conv1,0.04150670529065848
4,MFC,0.525,alexnet conv4,0.0520043103387172
4,MFC,0.525,resnet50 avgpool,0.015029192685319295
4,MFC,0.525,clip ln_post,0.03569140578293318
4,MFC,0.525,category,0.004332644422732599
4,MFC,0.525,low-level,-0.01676438489942444
4,MFC,0.55,alexnet conv1,0.029530676177346536
4,MFC,0.55,alexnet conv4,0.056752694306435654
4,MFC,0.55,resnet50 avgpool,0.008951562513572021
4,MFC,0.55,clip ln_post,0.04633622658868978
4,MFC,0.55,category,0.019820074132146384
4,MFC,0.55,low-level,-0.01056782998979294
4,MFC,0.575,alexnet conv1,0.02702540665674906
4,MFC,0.575,alexnet conv4,0.0588878318445446
4,MFC,0.575,resnet50 avgpool,0.027504610975505807
4,MFC,0.575,clip ln_post,0.06046453989851499
4,MFC,0.575,category,0.02965147533220274
4,MFC,0.575,low-level,-0.009222832186189025
4,MFC,0.6,alexnet conv1,0.04308380479878072
4,MFC,0.6,alexnet conv4,0.08931423083466893
4,MFC,0.6,resnet50 avgpool,0.03423770132245391
4,MFC,0.6,clip ln_post,0.061501497113987356
4,MFC,0.6,category,0.02067739686652508
4,MFC,0.6,low-level,-0.025774744470972687
4,MFC,0.625,alexnet conv1,0.058694698353742955
4,MFC,0.625,alexnet conv4,0.1052580666167719
4,MFC,0.625,resnet50 avgpool,0.06191384976259
4,MFC,0.625,clip ln_post,0.08300183127085001
4,MFC,0.625,category,0.035487790949013415
4,MFC,0.625,low-level,-0.0063283944126817804
4,MFC,0.65,alexnet conv1,0.05980367024577548
4,MFC,0.65,alexnet conv4,0.10613989844538768
4,MFC,0.65,resnet50 avgpool,0.07576064632218547
4,MFC,0.65,clip ln_post,0.08863315215997507
4,MFC,0.65,category,0.0529257737252351
4,MFC,0.65,low-level,-0.010807810715943677
4,MFC,0.675,alexnet conv1,0.05977674851003207
4,MFC,0.675,alexnet conv4,0.1327107350092649
4,MFC,0.675,resnet50 avgpool,0.09280028148356524
4,MFC,0.675,clip ln_post,0.10687971940669495
4,MFC,0.675,category,0.06837868037151953
4,MFC,0.675,low-level,0.009091848082952042
4,MFC,0.7,alexnet conv1,0.05502098007386892
4,MFC,0.7,alexnet conv4,0.13547186572938302
4,MFC,0.7,resnet50 avgpool,0.1273344698584427
4,MFC,0.7,clip ln_post,0.12262393934611554
4,MFC,0.7,category,0.10387797900824274
4,MFC,0.7,low-level,0.012677265260442213
4,MFC,0.725,alexnet conv1,0.04087813302182991
4,MFC,0.725,alexnet conv4,0.11430388742389455
4,MFC,0.725,resnet50 avgpool,0.11876349904673345
4,MFC,0.725,clip ln_post,0.07878202800546127
4,MFC,0.725,category,0.07932824522737629
4,MFC,0.725,low-level,0.013132270302371688
4,MFC,0.75,alexnet conv1,0.02213272270094112
4,MFC,0.75,alexnet conv4,0.12192922260208205
4,MFC,0.75,resnet50 avgpool,0.1041967490322287
4,MFC,0.75,clip ln_post,0.08196219509136728
4,MFC,0.75,category,0.07968306559842789
4,MFC,0.75,low-level,-0.0063716879531379835
4,MFC,0.775,alexnet conv1,0.026989858431363124
4,MFC,0.775,alexnet conv4,0.1178242716626604
4,MFC,0.775,resnet50 avgpool,0.10025460435783645
4,MFC,0.775,clip ln_post,0.09731696325552941
4,MFC,0.775,category,0.09202314271921652
4,MFC,0.775,low-level,-0.0012467025384297148
4,MFC,0.8,alexnet conv1,0.011790586166217762
4,MFC,0.8,alexnet conv4,0.08555108863947344
4,MFC,0.8,resnet50 avgpool,0.07672934069945016
4,MFC,0.8,clip ln_post,0.06455778265367486
4,MFC,0.8,category,0.08064587547014623
4,MFC,0.8,low-level,-0.018913864479977355
4,MFC,0.825,alexnet conv1,0.014690041963111838
4,MFC,0.825,alexnet conv4,0.09519716008808474
4,MFC,0.825,resnet50 avgpool,0.09007689950888002
4,MFC,0.825,clip ln_post,0.06534619547932895
4,MFC,0.825,category,0.09973712938067314
4,MFC,0.825,low-level,-0.009412747053964382
4,MFC,0.85,alexnet conv1,-0.0022731613723894132
4,MFC,0.85,alexnet conv4,0.048039185855781416
4,MFC,0.85,resnet50 avgpool,0.04622935799431343
4,MFC,0.85,clip ln_post,0.04148015728892013
4,MFC,0.85,category,0.06797974719758046
4,MFC,0.85,low-level,0.006838665370608688
4,MFC,0.875,alexnet conv1,-0.007373786418026847
4,MFC,0.875,alexnet conv4,0.04037008835870898
4,MFC,0.875,resnet50 avgpool,0.035115528397894856
4,MFC,0.875,clip ln_post,0.02951107769499527
4,MFC,0.875,category,0.0480215808129167
4,MFC,0.875,low-level,0.01127477685695733
4,MFC,0.9,alexnet conv1,-0.022104049892510236
4,MFC,0.9,alexnet conv4,0.011937660162741313
4,MFC,0.9,resnet50 avgpool,0.013711646610940095
4,MFC,0.9,clip ln_post,0.012853166713950462
4,MFC,0.9,category,0.01542605537496162
4,MFC,0.9,low-level,0.005655718309411909
4,MFC,0.925,alexnet conv1,-0.019044078562290134
4,MFC,0.925,alexnet conv4,0.011200236254018189
4,MFC,0.925,resnet50 avgpool,0.005278896166048421
4,MFC,0.925,clip ln_post,-0.002418018739641608
4,MFC,0.925,category,-0.0037361626097756106
4,MFC,0.925,low-level,-0.0017020635942174536
4,MFC,0.95,alexnet conv1,-0.011459937892625295
4,MFC,0.95,alexnet conv4,0.01663795809575772
4,MFC,0.95,resnet50 avgpool,0.007226680203054584
4,MFC,0.95,clip ln_post,0.012597020381158683
4,MFC,0.95,category,0.013876353430044426
4,MFC,0.95,low-level,-0.016326207553257033
4,MFC,0.975,alexnet conv1,0.008970080066969012
4,MFC,0.975,alexnet conv4,0.03560587063437121
4,MFC,0.975,resnet50 avgpool,0.013325091274220833
4,MFC,0.975,clip ln_post,0.028276743819025934
4,MFC,0.975,category,0.04462489499057964
4,MFC,0.975,low-level,0.013079251623171893
4,MFC,1.0,alexnet conv1,0.0011860174793589932
4,MFC,1.0,alexnet conv4,0.007335527010181831
4,MFC,1.0,resnet50 avgpool,-0.0070986086475811295
4,MFC,1.0,clip ln_post,0.006393422518638825
4,MFC,1.0,category,0.038399235939588036
4,MFC,1.0,low-level,0.006291594500563399
4,MFC,1.025,alexnet conv1,0.002293302735601466
4,MFC,1.025,alexnet conv4,0.009428909438760553
4,MFC,1.025,resnet50 avgpool,-0.01617332134858591
4,MFC,1.025,clip ln_post,0.003737119354171144
4,MFC,1.025,category,0.012111841314544652
4,MFC,1.025,low-level,0.02158391364558784
4,MFC,1.05,alexnet conv1,0.01202830354634651
4,MFC,1.05,alexnet conv4,0.023529729135377722
4,MFC,1.05,resnet50 avgpool,-0.0032100674172328035
4,MFC,1.05,clip ln_post,0.003940097191976617
4,MFC,1.05,category,0.023366359894710607
4,MFC,1.05,low-level,0.02694363140115173
4,MFC,1.075,alexnet conv1,0.022867962198841598
4,MFC,1.075,alexnet conv4,0.022659146378129585
4,MFC,1.075,resnet50 avgpool,0.012526347602987369
4,MFC,1.075,clip ln_post,0.025458504287644047
4,MFC,1.075,category,0.03750547219412837
4,MFC,1.075,low-level,0.0388397619835038
4,MFC,1.1,alexnet conv1,0.008537281590814001
4,MFC,1.1,alexnet conv4,0.016489648521726075
4,MFC,1.1,resnet50 avgpool,-0.01776695214274206
4,MFC,1.1,clip ln_post,0.011408676729802714
4,MFC,1.1,category,0.02965914712400926
4,MFC,1.1,low-level,0.0032224135267790856
4,MFC,1.125,alexnet conv1,0.02509776720479982
4,MFC,1.125,alexnet conv4,0.025558705274059536
4,MFC,1.125,resnet50 avgpool,-0.008019635829977008
4,MFC,1.125,clip ln_post,0.021737123645668516
4,MFC,1.125,category,0.03350655071497942
4,MFC,1.125,low-level,0.007066849311763675
4,MFC,1.15,alexnet conv1,0.026238318009337014
4,MFC,1.15,alexnet conv4,0.04932702813137096
4,MFC,1.15,resnet50 avgpool,0.019698030914091263
4,MFC,1.15,clip ln_post,0.04841459038740159
4,MFC,1.15,category,0.058393843335332776
4,MFC,1.15,low-level,0.010412962350526052
4,MFC,1.175,alexnet conv1,0.035945000414587
4,MFC,1.175,alexnet conv4,0.05696346739790689
4,MFC,1.175,resnet50 avgpool,0.014732857059604672
4,MFC,1.175,clip ln_post,0.05683307772504864
4,MFC,1.175,category,0.059820796611345636
4,MFC,1.175,low-level,0.002841990971772077
4,MFC,1.2,alexnet conv1,0.04012453867369844
4,MFC,1.2,alexnet conv4,0.03239268608222556
4,MFC,1.2,resnet50 avgpool,-0.014646397241564678
4,MFC,1.2,clip ln_post,0.009724826224641924
4,MFC,1.2,category,0.008538704280657606
4,MFC,1.2,low-level,-0.0031327125327987033
5,MTL,-0.2,alexnet conv1,-0.009089151398794881
5,MTL,-0.2,alexnet conv4,-0.025126328859582648
5,MTL,-0.2,resnet50 avgpool,-0.0009427714134313352
5,MTL,-0.2,clip ln_post,0.011879778108708501
5,MTL,-0.2,category,-0.010079634935529927
5,MTL,-0.2,low-level,0.01010998005884223
5,MTL,-0.175,alexnet conv1,0.00461331939795215
5,MTL,-0.175,alexnet conv4,-0.0008569205240719883
5,MTL,-0.175,resnet50 avgpool,0.003930346278474053
5,MTL,-0.175,clip ln_post,0.028192292821263107
5,MTL,-0.175,category,0.0037093056562750126
5,MTL,-0.175,low-level,0.003895775883006514
5,MTL,-0.15,alexnet conv1,-0.0016271943631014532
5,MTL,-0.15,alexnet conv4,-0.0016723291879015242
5,MTL,-0.15,resnet50 avgpool,-0.02240898945495329
5,MTL,-0.15,clip ln_post,0.002315599513032324
5,MTL,-0.15,category,-0.018776033815291745
5,MTL,-0.15,low-level,0.010002921375618475
5,MTL,-0.125,alexnet conv1,0.01548087761610904
5,MTL,-0.125,alexnet conv4,0.0011877524428221123
5,MTL,-0.125,resnet50 avgpool,-0.020344033363672805
5,MTL,-0.125,clip ln_post,0.003733452894707765
5,MTL,-0.125,category,-0.02095323496136621
5,MTL,-0.125,low-level,0.002734391018609969
5,MTL,-0.1,alexnet conv1,-0.00475941717547974
5,MTL,-0.1,alexnet conv4,-0.0012252853246486832
5,MTL,-0.1,resnet50 avgpool,-0.0061462683548824506
5,MTL,-0.1,clip ln_post,-0.01561363051218029
5,MTL,-0.1,category,-0.011136187438515731
5,MTL,-0.1,low-level,-0.010845013358670955
5,MTL,-0.075,alexnet conv1,0.001669866087497523
5,MTL,-0.075,alexnet conv4,-0.002190777188111434
5,MTL,-0.075,resnet50 avgpool,-0.01358593988960207
5,MTL,-0.075,clip ln_post,-0.0020984036738104245
5,MTL,-0.075,category,-0.012488409232943747
5,MTL,-0.075,low-level,-0.004920248449603143
5,MTL,-0.05,alexnet conv1,-0.004701137223605339
5,MTL,-0.05,alexnet conv4,0.001777232456906472
5,MTL,-0.05,resnet50 avgpool,-0.026331500206700685
5,MTL,-0.05,clip ln_post,-0.01795111279557753
5,MTL,-0.05,category,-0.018029623925706863
5,MTL,-0.05,low-level,-0.009388592882965301
5,MTL,-0.025,alexnet conv1,-0.0013872458553994267
5,MTL,-0.025,alexnet conv4,0.014534101449502854
5,MTL,-0.025,resnet50 avgpool,-0.008709908039010717
5,MTL,-0.025,clip ln_post,-0.007962931360244606
5,MTL,-0.025,category,-0.012399501683768814
5,MTL,-0.025,low-level,-0.014592953278841886
5,MTL,-0.0,alexnet conv1,0.015398591698099632
5,MTL,-0.0,alexnet conv4,0.018504836775281763
5,MTL,-0.0,resnet50 avgpool,-0.006247579266856055
5,MTL,-0.0,clip ln_post,-0.002693579909626994
5,MTL,-0.0,category,-0.005067730302971047
5,MTL,-0.0,low-level,-0.01851280761949301
5,MTL,0.025,alexnet conv1,0.012913690680777629
5,MTL,0.025,alexnet conv4,0.025242969309453227
5,MTL,0.025,resnet50 avgpool,-0.0036159973180847804
5,MTL,0.025,clip ln_post,0.01578847036780349
5,MTL,0.025,category,0.01720050933921507
5,MTL,0.025,low-level,-0.0076941247880316045
5,MTL,0.05,alexnet conv1,0.012518465359510077
5,MTL,0.05,alexnet conv4,0.002701172187065881
5,MTL,0.05,resnet50 avgpool,-0.011737559432405786
5,MTL,0.05,clip ln_post,-0.001221947493362162
5,MTL,0.05,category,-0.0021709982938064457
5,MTL,0.05,low-level,-0.023482545217239595
5,MTL,0.075,alexnet conv1,0.018466161749448366
5,MTL,0.075,alexnet conv4,0.017938465443535792
5,MTL,0.075,resnet50 avgpool,-0.007306411198081163
5,MTL,0.075,clip ln_post,-0.008401973771759923
5,MTL,0.075,category,-0.017533395744265393
5,MTL,0.075,low-level,-0.004355098197063343
5,MTL,0.1,alexnet conv1,0.0025134852250189303
5,MTL,0.1,alexnet conv4,0.040028712952617986
5,MTL,0.1,resnet50 avgpool,0.02014702560441359
5,MTL,0.1,clip ln_post,0.014221933678091356
5,MTL,0.1,category,0.023763127038778555
5,MTL,0.1,low-level,-0.003134081816868946
5,MTL,0.125,alexnet conv1,-0.0002330102647719848
5,MTL,0.125,alexnet conv4,0.04562138620159104
5,MTL,0.125,resnet50 avgpool,0.01584009398817408
5,MTL,0.125,clip ln_post,0.009955875996809808
5,MTL,0.125,category,0.0018091652448387048
5,MTL,0.125,low-level,0.0004123880888962159
5,MTL,0.15,alexnet conv1,0.019811222379027268
5,MTL,0.15,alexnet conv4,0.04748530239475606
5,MTL,0.15,resnet50 avgpool,0.03419362809553889
5,MTL,0.15,clip ln_post,0.03764223285242015
5,MTL,0.15,category,0.010606877378311492
5,MTL,0.15,low-level,0.011787035693169745
5,MTL,0.175,alexnet conv1,0.013035376539716443
5,MTL,0.175,alexnet conv4,0.036270337476909366
5,MTL,0.175,resnet50 avgpool,0.02762190868173011
5,MTL,0.175,clip ln_post,0.04388588791222313
5,MTL,0.175,category,0.0015755244760766777
5,MTL,0.175,low-level,0.007678721147702593
5,MTL,0.2,alexnet conv1,-0.016731468921298242
5,MTL,0.2,alexnet conv4,0.010914158982373339
5,MTL,0.2,resnet50 avgpool,0.025358227587874083
5,MTL,0.2,clip ln_post,0.03303983228673637
5,MTL,0.2,category,-0.002439788558753911
5,MTL,0.2,low-level,-0.012116148757681106
5,MTL,0.225,alexnet conv1,-0.012338257910331522
5,MTL,0.225,alexnet conv4,0.013024370717636562
5,MTL,0.225,resnet50 avgpool,0.05072715170072042
5,MTL,0.225,clip ln_post,0.05183574663690301
5,MTL,0.225,category,0.019154407803640867
5,MTL,0.225,low-level,-0.010197723782063382
5,MTL,0.25,alexnet conv1,0.004452236819928797
5,MTL,0.25,alexnet conv4,0.023624274173121892
5,MTL,0.25,resnet50 avgpool,0.025549495630495328
5,MTL,0.25,clip ln_post,0.02563966540290446
5,MTL,0.25,category,0.018019285838593496
5,MTL,0.25,low-level,-0.009993843827693983
5,MTL,0.275,alexnet conv1,0.0074477631981135365
5,MTL,0.275,alexnet conv4,0.02463266167919926
5,MTL,0.275,resnet50 avgpool,0.03266803138860457
5,MTL,0.275,clip ln_post,0.04290944660896574
5,MTL,0.275,category,0.022377823365587773
5,MTL,0.275,low-level,-0.0008501031003246152
5,MTL,0.3,alexnet conv1,0.007770645214644076
5,MTL,0.3,alexnet conv4,0.03553990497155666
5,MTL,0.3,resnet50 avgpool,0.025324337001674357
5,MTL,0.3,clip ln_post,0.04737892029895525
5,MTL,0.3,category,0.036534799858628474
5,MTL,0.3,low-level,-0.0010391367935277107
5,MTL,0.325,alexnet conv1,-0.005692750194361014
5,MTL,0.325,alexnet conv4,0.0074562495375041695
5,MTL,0.325,resnet50 avgpool,0.00975595407886463
5,MTL,0.325,clip ln_post,0.03901967946664395
5,MTL,0.325,category,0.030778552953907384
5,MTL,0.325,low-level,0.00034545909446518757
5,MTL,0.35,alexnet conv1,-0.0011664528263788782
5,MTL,0.35,alexnet conv4,0.004303042849480022
5,MTL,0.35,resnet50 avgpool,0.0038569333212398163
5,MTL,0.35,clip ln_post,0.03392295768606793
5,MTL,0.35,category,0.019197827769517
5,MTL,0.35,low-level,0.008839406871762094
5,MTL,0.375,alexnet conv1,0.01691815227866783
5,MTL,0.375,alexnet conv4,0.035011591682351254
5,MTL,0.375,resnet50 avgpool,0.01719330749619945
5,MTL,0.375,clip ln_post,0.025260860214022775
5,MTL,0.375,category,0.009781898026665042
5,MTL,0.375,low-level,0.026900722871157627
5,MTL,0.4,alexnet conv1,-0.006123467358729256
5,MTL,0.4,alexnet conv4,-0.007762266807056625
5,MTL,0.4,resnet50 avgpool,0.0267396821771176
5,MTL,0.4,clip ln_post,0.01754193688601786
5,MTL,0.4,category,-0.0026879026494746466
5,MTL,0.4,low-level,0.010597957461183149
5,MTL,0.425,alexnet conv1,-0.011507907940911985
5,MTL,0.425,alexnet conv4,-0.01562912114232082
5,MTL,0.425,resnet50 avgpool,0.0063228254538219815
5,MTL,0.425,clip ln_post,0.004016317987016069
5,MTL,0.425,category,-0.018685058648694144
5,MTL,0.425,low-level,-0.005811239983187641
5,MTL,0.45,alexnet conv1,-0.013982151095400193
5,MTL,0.45,alexnet conv4,-0.013503115923499176
5,MTL,0.45,resnet50 avgpool,0.002364134995093904
5,MTL,0.45,clip ln_post,0.003319189692096534
5,MTL,0.45,category,-0.022888524868987955
5,MTL,0.45,low-level,-0.0074710265290057415
5,MTL,0.475,alexnet conv1,-0.010669794936275389
5,MTL,0.475,alexnet conv4,-0.02198790399582738
5,MTL,0.475,resnet50 avgpool,-0.009712346408533487
5,MTL,0.475,clip ln_post,-0.009139958281490628
5,MTL,0.475,category,-0.013534623648816184
5,MTL,0.475,low-level,-0.015661239713841413
5,MTL,0.5,alexnet conv1,-0.0036343570010830815
5,MTL,0.5,alexnet conv4,-0.022848362105567902
5,MTL,0.5,resnet50 avgpool,0.0006615961787579542
5,MTL,0.5,clip ln_post,0.00977478415121412
5,MTL,0.5,category,0.007788714831208459
5,MTL,0.5,low-level,-0.020069285709517385
5,MTL,0.525,alexnet conv1,-0.0008116729347014268
5,MTL,0.525,alexnet conv4,-0.01585760471504883
5,MTL,0.525,resnet50 avgpool,0.001486958732316937
5,MTL,0.525,clip ln_post,0.0177626074849333
5,MTL,0.525,category,0.010540713620785963
5,MTL,0.525,low-level,-0.02484464940618693
5,MTL,0.55,alexnet conv1,0.004944747358003439
5,MTL,0.55,alexnet conv4,-0.011712801165493362
5,MTL,0.55,resnet50 avgpool,0.011806112236651877
5,MTL,0.55,clip ln_post,0.015171037627616953
5,MTL,0.55,category,0.014675948466131574
5,MTL,0.55,low-level,-0.024824741626728035
5,MTL,0.575,alexnet conv1,0.01206015470474279
5,MTL,0.575,alexnet conv4,-0.018424459800358513
5,MTL,0.575,resnet50 avgpool,-0.0006667769053107784
5,MTL,0.575,clip ln_post,0.0036605940947913684
5,MTL,0.575,category,0.01444437531479222
5,MTL,0.575,low-level,-0.02429212717461964
5,MTL,0.6,alexnet conv1,0.011349293296059939
5,MTL,0.6,alexnet conv4,-0.00701124993482208
5,MTL,0.6,resnet50 avgpool,0.004881893997334426
5,MTL,0.6,clip ln_post,0.016008715683195947
5,MTL,0.6,category,0.041261373286858506
5,MTL,0.6,low-level,-0.018604705911675526
5,MTL,0.625,alexnet conv1,0.0008383594757692393
5,MTL,0.625,alexnet conv4,-0.033898500661650954
5,MTL,0.625,resnet50 avgpool,0.0015406556098621137
5,MTL,0.625,clip ln_post,0.016807423914135824
5,MTL,0.625,category,0.0347690545796659
5,MTL,0.625,low-level,-0.02830702916081483
5,MTL,0.65,alexnet conv1,0.027756322438832443
5,MTL,0.65,alexnet conv4,-0.0018677211919578527
5,MTL,0.65,resnet50 avgpool,0.020511959140202502
5,MTL,0.65,clip ln_post,0.04118305325320374
5,MTL,0.65,category,0.08518170257927424
5,MTL,0.65,low-level,-0.004735129297918505
5,MTL,0.675,alexnet conv1,0.008653019924120656
5,MTL,0.675,alexnet conv4,0.010845106792172217
5,MTL,0.675,resnet50 avgpool,0.055451096364168694
5,MTL,0.675,clip ln_post,0.07639844756564748
5,MTL,0.675,category,0.099584725545613
5,MTL,0.675,low-level,0.008984586423501405
5,MTL,0.7,alexnet conv1,0.005521658955245406
5,MTL,0.7,alexnet conv4,0.02367297558019434
5,MTL,0.7,resnet50 avgpool,0.036672257791819186
5,MTL,0.7,clip ln_post,0.04948197792768206
5,MTL,0.7,category,0.06330631024739596
5,MTL,0.7,low-level,-0.006758228791555324
5,MTL,0.725,alexnet conv1,0.0008588536309946839
5,MTL,0.725,alexnet conv4,0.04424616588217322
5,MTL,0.725,resnet50 avgpool,0.04151870505188112
5,MTL,0.725,clip ln_post,0.06588345905358643
5,MTL,0.725,category,0.07556314632900035
5,MTL,0.725,low-level,-0.0006742725274035304
5,MTL,0.75,alexnet conv1,0.01303004277553224
5,MTL,0.75,alexnet conv4,0.07053831286469513
5,MTL,0.75,resnet50 avgpool,0.051048485620790354
5,MTL,0.75,clip ln_post,0.06781606336848213
5,MTL,0.75,category,0.0842119900080407
5,MTL,0.75,low-level,0.00687320515854995
5,MTL,0.775,alexnet conv1,0.03741680036678514
5,MTL,0.775,alexnet conv4,0.07114831603060877
5,MTL,0.775,resnet50 avgpool,0.03582812799188569
5,MTL,0.775,clip ln_post,0.04013547522611358
5,MTL,0.775,category,0.0390800369059387
5,MTL,0.775,low-level,0.022425775266732027
5,MTL,0.8,alexnet conv1,-0.0020052230873691904
5,MTL,0.8,alexnet conv4,0.02393830094902405
5,MTL,0.8,resnet50 avgpool,-0.013403478759936138
5,MTL,0.8,clip ln_post,-0.006564043368403245
5,MTL,0.8,category,0.006347585487605513
5,MTL,0.8,low-level,-0.0009006393480511847
5,MTL,0.825,alexnet conv1,0.01130491560480459
5,MTL,0.825,alexnet conv4,0.05491962566698956
5,MTL,0.825,resnet50 avgpool,-0.003920824115957342
5,MTL,0.825,clip ln_post,-0.011084931258846704
5,MTL,0.825,category,-0.00540888717771206
5,MTL,0.825,low-level,-0.0022517022746250566
5,MTL,0.85,alexnet conv1,-0.0025287454932511762
5,MTL,0.85,alexnet conv4,0.05532260596886198
5,MTL,0.85,resnet50 avgpool,0.011547138734985658
5,MTL,0.85,clip ln_post,0.011200885455759728
5,MTL,0.85,category,0.02753446121773375
5,MTL,0.85,low-level,-0.0007216465343890573
5,MTL,0.875,alexnet conv1,-0.011955641278967253
5,MTL,0.875,alexnet conv4,0.028147385136526454
5,MTL,0.875,resnet50 avgpool,-0.0031789427848549685
5,MTL,0.875,clip ln_post,-0.0013511450836180866
5,MTL,0.875,category,0.022727250710019475
5,MTL,0.875,low-level,-0.004507386749510867
5,MTL,0.9,alexnet conv1,0.0055389602622035305
5,MTL,0.9,alexnet conv4,0.04600044913806242
5,MTL,0.9,resnet50 avgpool,0.01896911428675043
5,MTL,0.9,clip ln_post,0.00383715441557577
5,MTL,0.9,category,0.03036296185195015
5,MTL,0.9,low-level,0.013812115010479891
5,MTL,0.925,alexnet conv1,-0.0014860163426921227
5,MTL,0.925,alexnet conv4,0.010251928100175766
5,MTL,0.925,resnet50 avgpool,0.020115060070524382
5,MTL,0.925,clip ln_post,-0.003009987628888938
5,MTL,0.925,category,0.012194807558924206
5,MTL,0.925,low-level,0.00867057736774604
5,MTL,0.95,alexnet conv1,0.0023505742500311943
5,MTL,0.95,alexnet conv4,-0.0004610782195116112
5,MTL,0.95,resnet50 avgpool,0.023720905355420138
5,MTL,0.95,clip ln_post,0.011696422917090823
5,MTL,0.95,category,-0.003949149277305059
5,MTL,0.95,low-level,0.017498765775666756
5,MTL,0.975,alexnet conv1,-0.004969081952315305
5,MTL,0.975,alexnet conv4,0.011881641945966467
5,MTL,0.975,resnet50 avgpool,0.02177381240413884
5,MTL,0.975,clip ln_post,0.007970526859528364
5,MTL,0.975,category,-0.0017492043395811935
5,MTL,0.975,low-level,0.018086948997190478
5,MTL,1.0,alexnet conv1,-0.008422326165811036
5,MTL,1.0,alexnet conv4,0.01404583408112353
5,MTL,1.0,resnet50 avgpool,0.022899049780003414
5,MTL,1.0,clip ln_post,0.006189075396763109
5,MTL,1.0,category,0.007079522055231686
5,MTL,1.0,low-level,0.013022985324341964
5,MTL,1.025,alexnet conv1,0.013939228067104174
5,MTL,1.025,alexnet conv4,0.0016725353859732785
5,MTL,1.025,resnet50 avgpool,0.01708761326427863
5,MTL,1.025,clip ln_post,-0.013859542177905792
5,MTL,1.025,category,0.010697852544909096
5,MTL,1.025,low-level,0.02477426659405402
5,MTL,1.05,alexnet conv1,0.014944398561077689
5,MTL,1.05,alexnet conv4,0.01775016310911845
5,MTL,1.05,resnet50 avgpool,0.005997124323029178
5,MTL,1.05,clip ln_post,0.005319248162137256
5,MTL,1.05,category,0.01627214911643498
5,MTL,1.05,low-level,0.028460243993662815
5,MTL,1.075,alexnet conv1,0.017561205129269824
5,MTL,1.075,alexnet conv4,0.02104500693044607
5,MTL,1.075,resnet50 avgpool,0.04563156723138391
5,MTL,1.075,clip ln_post,0.01403958048022861
5,MTL,1.075,category,0.00040938824968921554
5,MTL,1.075,low-level,0.030021287437869627
5,MTL,1.1,alexnet conv1,0.0007029292266100571
5,MTL,1.1,alexnet conv4,0.010255610668863503
5,MTL,1.1,resnet50 avgpool,0.009983746565867771
5,MTL,1.1,clip ln_post,0.00018893864877939635
5,MTL,1.1,category,-0.0068417460516243134
5,MTL,1.1,low-level,0.0027202422868582727
5,MTL,1.125,alexnet conv1,-0.011541924179061686
5,MTL,1.125,alexnet conv4,0.00474151982722045
5,MTL,1.125,resnet50 avgpool,-0.017601924415673972
5,MTL,1.125,clip ln_post,-0.025194396776175628
5,MTL,1.125,category,-0.01747550245643055
5,MTL,1.125,low-level,0.004214293910659066
5,MTL,1.15,alexnet conv1,-0.012534676071979315
5,MTL,1.15,alexnet conv4,-0.0075030661653269866
5,MTL,1.15,resnet50 avgpool,-0.021437243990595618
5,MTL,1.15,clip ln_post,-0.027327235527969007
5,MTL,1.15,category,-0.012358149335315358
5,MTL,1.15,low-level,0.004331275876085991
5,MTL,1.175,alexnet conv1,0.0033063039235343324
5,MTL,1.175,alexnet conv4,-0.011059079175600523
5,MTL,1.175,resnet50 avgpool,-0.019005906144256637
5,MTL,1.175,clip ln_post,-0.03861663633879653
5,MTL,1.175,category,-0.02970959474638554
5,MTL,1.175,low-level,0.0038555543716349613
5,MTL,1.2,alexnet conv1,0.007515392943804042
5,MTL,1.2,alexnet conv4,-0.012749510298910654
5,MTL,1.2,resnet50 avgpool,-0.017300525660744324
5,MTL,1.2,clip ln_post,-0.033338207340254424
5,MTL,1.2,category,-0.02869025935700785
5,MTL,1.2,low-level,0.018766867807730712
5,MFC,-0.2,alexnet conv1,0.0013594413341613217
5,MFC,-0.2,alexnet conv4,0.045757828110039776
5,MFC,-0.2,resnet50 avgpool,0.0320547081115512
5,MFC,-0.2,clip ln_post,0.04121584357937996
5,MFC,-0.2,category,0.04567780410168762
5,MFC,-0.2,low-level,0.0037942974350996085
5,MFC,-0.175,alexnet conv1,0.0024004178011104646
5,MFC,-0.175,alexnet conv4,0.06748784275500007
5,MFC,-0.175,resnet50 avgpool,0.03503921578027658
5,MFC,-0.175,clip ln_post,0.030907082135676944
5,MFC,-0.175,category,0.0314009057981319
5,MFC,-0.175,low-level,0.006029961365956033
5,MFC,-0.15,alexnet conv1,1.7842576896480347e-05
5,MFC,-0.15,alexnet conv4,0.05588947668656299
5,MFC,-0.15,resnet50 avgpool,0.010876099328910335
5,MFC,-0.15,clip ln_post,0.023439122802988547
5,MFC,-0.15,category,0.04065969661686072
5,MFC,-0.15,low-level,0.010047972432451898
5,MFC,-0.125,alexnet conv1,0.01359133325791639
5,MFC,-0.125,alexnet conv4,0.03722682106211235
5,MFC,-0.125,resnet50 avgpool,-0.005697218893197312
5,MFC,-0.125,clip ln_post,0.006818493399870358
5,MFC,-0.125,category,0.009843926549345228
5,MFC,-0.125,low-level,0.010753583844917194
5,MFC,-0.1,alexnet conv1,0.019336291837492105
5,MFC,-0.1,alexnet conv4,0.05230824790740533
5,MFC,-0.1,resnet50 avgpool,0.006202371950546383
5,MFC,-0.1,clip ln_post,0.020027300238078877
5,MFC,-0.1,category,0.03922890536037114
5,MFC,-0.1,low-level,0.014664323586427809
5,MFC,-0.075,alexnet conv1,0.008030129378722375
5,MFC,-0.075,alexnet conv4,0.034474494033104645
5,MFC,-0.075,resnet50 avgpool,0.01267138861539722
5,MFC,-0.075,clip ln_post,0.027526160284926562
5,MFC,-0.075,category,0.04530563296560652
5,MFC,-0.075,low-level,-0.0010554216084289855
5,MFC,-0.05,alexnet conv1,-0.010771969302674466
5,MFC,-0.05,alexnet conv4,0.01926022569100647
5,MFC,-0.05,resnet50 avgpool,0.013528073944793611
5,MFC,-0.05,clip ln_post,0.013994120249096551
5,MFC,-0.05,category,0.02162727824115755
5,MFC,-0.05,low-level,-0.007296781103761268
5,MFC,-0.025,alexnet conv1,-0.02141122598233857
5,MFC,-0.025,alexnet conv4,-0.021715458349832403
5,MFC,-0.025,resnet50 avgpool,-0.008450960312103465
5,MFC,-0.025,clip ln_post,-0.009530676241783428
5,MFC,-0.025,category,0.00861576180027758
5,MFC,-0.025,low-level,-0.011413477278660742
5,MFC,-0.0,alexnet conv1,-0.003496017426005242
5,MFC,-0.0,alexnet conv4,0.00746202952720303
5,MFC,-0.0,resnet50 avgpool,-0.009150786902102595
5,MFC,-0.0,clip ln_post,-0.00442044204381776
5,MFC,-0.0,category,0.009200897530893985
5,MFC,-0.0,low-level,-0.004202767760632494
5,MFC,0.025,alexnet conv1,-0.009047889231529944
5,MFC,0.025,alexnet conv4,-0.013684338253812147
5,MFC,0.025,resnet50 avgpool,-0.03685743010394419
5,MFC,0.025,clip ln_post,-0.012916013630929733
5,MFC,0.025,category,-0.002094496449167552
5,MFC,0.025,low-level,-0.002215725543871256
5,MFC,0.05,alexnet conv1,-0.011820336681758048
5,MFC,0.05,alexnet conv4,-0.0007256625640209574
5,MFC,0.05,resnet50 avgpool,-0.02685231143012359
5,MFC,0.05,clip ln_post,-0.006723753440511484
5,MFC,0.05,category,-0.012519423494283838
5,MFC,0.05,low-level,0.0037717171353200884
5,MFC,0.075,alexnet conv1,-0.0058492094249942535
5,MFC,0.075,alexnet conv4,-0.017615543153944365
5,MFC,0.075,resnet50 avgpool,-0.030169479414563473
5,MFC,0.075,clip ln_post,0.0071823750033088345
5,MFC,0.075,category,-0.02063688949569727
5,MFC,0.075,low-level,-0.005160351605858985
5,MFC,0.1,alexnet conv1,-0.0005598487068043071
5,MFC,0.1,alexnet conv4,-0.01834212555467604
5,MFC,0.1,resnet50 avgpool,-0.020281985464221584
5,MFC,0.1,clip ln_post,0.01125622064142189
5,MFC,0.1,category,-0.014049460387061714
5,MFC,0.1,low-level,-0.0012809894115485925
5,MFC,0.125,alexnet conv1,0.004467782221432141
5,MFC,0.125,alexnet conv4,-0.022843377911552217
5,MFC,0.125,resnet50 avgpool,-0.04334355315413845
5,MFC,0.125,clip ln_post,-0.014249374130859018
5,MFC,0.125,category,-0.03983885250005961
5,MFC,0.125,low-level,-0.0001305330449550201
5,MFC,0.15,alexnet conv1,0.03278763593575663
5,MFC,0.15,alexnet conv4,-0.009481804076932812
5,MFC,0.15,resnet50 avgpool,-0.034459794365879974
5,MFC,0.15,clip ln_post,-0.008764647183371714
5,MFC,0.15,category,-0.03480420407585134
5,MFC,0.15,low-level,0.00407940815328311
5,MFC,0.175,alexnet conv1,0.01733516049310929
5,MFC,0.175,alexnet conv4,-0.012833154224533256
5,MFC,0.175,resnet50 avgpool,-0.02924518850331311
5,MFC,0.175,clip ln_post,-0.010768761956105226
5,MFC,0.175,category,-0.037380455384501646
5,MFC,0.175,low-level,-0.01217949344969297
5,MFC,0.2,alexnet conv1,0.017397255109311144
5,MFC,0.2,alexnet conv4,0.009579881867578207
5,MFC,0.2,resnet50 avgpool,-0.019009656371686667
5,MFC,0.2,clip ln_post,-0.002364363746079756
5,MFC,0.2,category,-0.03185164639627457
5,MFC,0.2,low-level,0.0021601793273700333
5,MFC,0.225,alexnet conv1,0.016149051191171465
5,MFC,0.225,alexnet conv4,0.04104735075815294
5,MFC,0.225,resnet50 avgpool,-0.01857918567845107
5,MFC,0.225,clip ln_post,0.02825809094814436
5,MFC,0.225,category,-0.010286396677797207
5,MFC,0.225,low-level,-0.007391625773078455
5,MFC,0.25,alexnet conv1,0.038039452495662956
5,MFC,0.25,alexnet conv4,0.05363856054208649
5,MFC,0.25,resnet50 avgpool,-0.017543675071325846
5,MFC,0.25,clip ln_post,-0.0006994737979857387
5,MFC,0.25,category,-0.01654714223365046
5,MFC,0.25,low-level,-0.005293259150484049
5,MFC,0.275,alexnet conv1,0.03422880580876464
5,MFC,0.275,alexnet conv4,0.03941629823581828
5,MFC,0.275,resnet50 avgpool,-0.01664645248976053
5,MFC,0.275,clip ln_post,-0.0003218703572409946
5,MFC,0.275,category,-0.0014556026655616551
5,MFC,0.275,low-level,-0.018438383002969228
5,MFC,0.3,alexnet conv1,0.035103636568475406
5,MFC,0.3,alexnet conv4,0.04633608160567058
5,MFC,0.3,resnet50 avgpool,-0.0166212141679623
5,MFC,0.3,clip ln_post,-0.011098337355355597
5,MFC,0.3,category,0.018133004796840504
5,MFC,0.3,low-level,5.245646726978056e-05
5,MFC,0.325,alexnet conv1,0.021016741685391388
5,MFC,0.325,alexnet conv4,0.01817063158495153
5,MFC,0.325,resnet50 avgpool,-0.03999588074245844
5,MFC,0.325,clip ln_post,-0.02544286061987213
5,MFC,0.325,category,0.007801120535744495
5,MFC,0.325,low-level,-0.005017353243097449
5,MFC,0.35,alexnet conv1,0.002669039117243373
5,MFC,0.35,alexnet conv4,-0.010496416187301256
5,MFC,0.35,resnet50 avgpool,-0.046089950377660796
5,MFC,0.35,clip ln_post,-0.029736708324089867
5,MFC,0.35,category,-0.00498916084090948
5,MFC,0.35,low-level,0.002800163370732251
5,MFC,0.375,alexnet conv1,-0.0020995135993685395
5,MFC,0.375,alexnet conv4,-0.014020890558131015
5,MFC,0.375,resnet50 avgpool,-0.032604037494851176
5,MFC,0.375,clip ln_post,-0.0047538578821545545
5,MFC,0.375,category,0.026167766101347027
5,MFC,0.375,low-level,0.005209497627523649
5,MFC,0.4,alexnet conv1,-0.010014555457448233
5,MFC,0.4,alexnet conv4,-0.005415619985923374
5,MFC,0.4,resnet50 avgpool,-0.030092248571156912
5,MFC,0.4,clip ln_post,0.003341818319549122
5,MFC,0.4,category,0.015108080507470189
5,MFC,0.4,low-level,0.01995102628259905
5,MFC,0.425,alexnet conv1,0.008331027136774558
5,MFC,0.425,alexnet conv4,-0.010532487962478757
5,MFC,0.425,resnet50 avgpool,-0.035637504318238686
5,MFC,0.425,clip ln_post,0.0074504566604258245
5,MFC,0.425,category,0.014475389576132312
5,MFC,0.425,low-level,0.015630588692659635
5,MFC,0.45,alexnet conv1,0.0026274869839400315
5,MFC,0.45,alexnet conv4,-0.018129897800245466
5,MFC,0.45,resnet50 avgpool,-0.029778357112739334
5,MFC,0.45,clip ln_post,-0.0003384789675518209
5,MFC,0.45,category,-0.008514448546566614
5,MFC,0.45,low-level,0.008763400329406576
5,MFC,0.475,alexnet conv1,0.01253564745820797
5,MFC,0.475,alexnet conv4,0.00922170776232899
5,MFC,0.475,resnet50 avgpool,-0.0049863784265061235
5,MFC,0.475,clip ln_post,0.018489835865561646
5,MFC,0.475,category,-0.001986980343188566
5,MFC,0.475,low-level,0.0330846481488942
5,MFC,0.5,alexnet conv1,0.04328436625293282
5,MFC,0.5,alexnet conv4,0.024654778033317334
5,MFC,0.5,resnet50 avgpool,0.00427827652795542
5,MFC,0.5,clip ln_post,0.030384212153381367
5,MFC,0.5,category,0.021980840820434593
5,MFC,0.5,low-level,0.038424519340051734
5,MFC,0.525,alexnet conv1,0.03240950572337544
5,MFC,0.525,alexnet conv4,0.03411246821231195
5,MFC,0.525,resnet50 avgpool,0.0172495931260986
5,MFC,0.525,clip ln_post,0.04296805196717214
5,MFC,0.525,category,0.019435603773124373
5,MFC,0.525,low-level,0.021306358153627206
5,MFC,0.55,alexnet conv1,0.007163298459826702
5,MFC,0.55,alexnet conv4,0.012383779356516132
5,MFC,0.55,resnet50 avgpool,-0.0033701689434928878
5,MFC,0.55,clip ln_post,0.034125982240624034
5,MFC,0.55,category,0.012988772649230564
5,MFC,0.55,low-level,0.02072785013225158
5,MFC,0.575,alexnet conv1,0.0070130573897948
5,MFC,0.575,alexnet conv4,0.02424513012348404
5,MFC,0.575,resnet50 avgpool,0.01777955116711073
5,MFC,0.575,clip ln_post,0.06309228463004472
5,MFC,0.575,category,0.03043739607916637
5,MFC,0.575,low-level,0.0373600765659835
5,MFC,0.6,alexnet conv1,0.010372800443284615
5,MFC,0.6,alexnet conv4,0.01678902879084394
5,MFC,0.6,resnet50 avgpool,0.012722190665325659
5,MFC,0.6,clip ln_post,0.051814727320963566
5,MFC,0.6,category,0.023775532743314592
5,MFC,0.6,low-level,0.020177818386769693
5,MFC,0.625,alexnet conv1,7.523974327618374e-05
5,MFC,0.625,alexnet conv4,0.022078452335008877
5,MFC,0.625,resnet50 avgpool,0.02937284766264305
5,MFC,0.625,clip ln_post,0.04789026574214669
5,MFC,0.625,category,0.023717639455479753
5,MFC,0.625,low-level,0.01859920944432532
5,MFC,0.65,alexnet conv1,0.010226844426931355
5,MFC,0.65,alexnet conv4,0.03289481704908548
5,MFC,0.65,resnet50 avgpool,0.04639748191430269
5,MFC,0.65,clip ln_post,0.04247567030289234
5,MFC,0.65,category,0.03367321734564931
5,MFC,0.65,low-level,0.014973137417328431
5,MFC,0.675,alexnet conv1,0.014553194102209345
5,MFC,0.675,alexnet conv4,0.02373109927259249
5,MFC,0.675,resnet50 avgpool,0.051351343871446645
5,MFC,0.675,clip ln_post,0.03395895374789095
5,MFC,0.675,category,0.04481560763643306
5,MFC,0.675,low-level,0.01659707932803245
5,MFC,0.7,alexnet conv1,0.013238043469491851
5,MFC,0.7,alexnet conv4,0.023669347782869412
5,MFC,0.7,resnet50 avgpool,0.049844860759210484
5,MFC,0.7,clip ln_post,0.039674944720230074
5,MFC,0.7,category,0.04877923023569682
5,MFC,0.7,low-level,0.017542718183399114
5,MFC,0.725,alexnet conv1,0.015983747996366895
5,MFC,0.725,alexnet conv4,0.014108366868227864
5,MFC,0.725,resnet50 avgpool,0.03835150105881422
5,MFC,0.725,clip ln_post,0.026362244661383722
5,MFC,0.725,category,0.03177721216905834
5,MFC,0.725,low-level,0.013231665827569392
5,MFC,0.75,alexnet conv1,0.0277427874685287
5,MFC,0.75,alexnet conv4,0.0164336834653916
5,MFC,0.75,resnet50 avgpool,0.03174057340384586
5,MFC,0.75,clip ln_post,0.02738177813979286
5,MFC,0.75,category,0.030420855139784986
5,MFC,0.75,low-level,0.006374867914025818
5,MFC,0.775,alexnet conv1,0.015191834636260289
5,MFC,0.775,alexnet conv4,0.011850182241722032
5,MFC,0.775,resnet50 avgpool,0.023185367079091166
5,MFC,0.775,clip ln_post,0.009971355350493292
5,MFC,0.775,category,0.013344402845930286
5,MFC,0.775,low-level,0.0028336496154006455
5,MFC,0.8,alexnet conv1,0.024747704094013744
5,MFC,0.8,alexnet conv4,0.02650306827885722
5,MFC,0.8,resnet50 avgpool,0.04048736673386404
5,MFC,0.8,clip ln_post,0.022093329203701457
5,MFC,0.8,category,0.023672151872180948
5,MFC,0.8,low-level,-0.0018930432817227294
5,MFC,0.825,alexnet conv1,0.05067364813386751
5,MFC,0.825,alexnet conv4,0.022684495853575865
5,MFC,0.825,resnet50 avgpool,0.051450317334966224
5,MFC,0.825,clip ln_post,0.034420740773274214
5,MFC,0.825,category,0.05045813558290715
5,MFC,0.825,low-level,0.00013922397149497236
5,MFC,0.85,alexnet conv1,0.05519503702118843
5,MFC,0.85,alexnet conv4,0.015894087275447402
5,MFC,0.85,resnet50 avgpool,0.019689623509899973
5,MFC,0.85,clip ln_post,0.008366760618240586
5,MFC,0.85,category,0.023304115970945193
5,MFC,0.85,low-level,-0.008126522144500156
5,MFC,0.875,alexnet conv1,0.015296051652307678
5,MFC,0.875,alexnet conv4,-0.0022105657593100942
5,MFC,0.875,resnet50 avgpool,0.005157896560067161
5,MFC,0.875,clip ln_post,0.008058465504364223
5,MFC,0.875,category,0.006940991687912608
5,MFC,0.875,low-level,-0.010131281286207898
5,MFC,0.9,alexnet conv1,0.007711701562726215
5,MFC,0.9,alexnet conv4,-0.0142110873373326
5,MFC,0.9,resnet50 avgpool,0.0023447604309611873
5,MFC,0.9,clip ln_post,0.005252689679866411
5,MFC,0.9,category,0.010367033757281447
5,MFC,0.9,low-level,-0.004561260828523957
5,MFC,0.925,alexnet conv1,0.005932510224138078
5,MFC,0.925,alexnet conv4,0.010284019286014951
5,MFC,0.925,resnet50 avgpool,0.012981987348356462
5,MFC,0.925,clip ln_post,0.007628403985427261
5,MFC,0.925,category,0.03832122131181778
5,MFC,0.925,low-level,-0.012264775683432556
5,MFC,0.95,alexnet conv1,-0.00025790223824656176
5,MFC,0.95,alexnet conv4,0.011420840805113774
5,MFC,0.95,resnet50 avgpool,0.015578514014007087
5,MFC,0.95,clip ln_post,0.007711147405408375
5,MFC,0.95,category,0.021699644850951095
5,MFC,0.95,low-level,-0.014588847037553594
5,MFC,0.975,alexnet conv1,0.012845733917832699
5,MFC,0.975,alexnet conv4,0.006567474633191029
5,MFC,0.975,resnet50 avgpool,0.006920986728911679
5,MFC,0.975,clip ln_post,0.0055044365834866224
5,MFC,0.975,category,0.006291759817193347
5,MFC,0.975,low-level,-0.0065304862431476846
5,MFC,1.0,alexnet conv1,0.006140444870277831
5,MFC,1.0,alexnet conv4,0.002283820846145644
5,MFC,1.0,resnet50 avgpool,0.0006600722461338958
5,MFC,1.0,clip ln_post,0.014720957175573047
5,MFC,1.0,category,0.015649796272210467
5,MFC,1.0,low-level,-0.0032188968831022157
5,MFC,1.025,alexnet conv1,0.02303571882851556
5,MFC,1.025,alexnet conv4,0.02496199382916186
5,MFC,1.025,resnet50 avgpool,0.011216376085900261
5,MFC,1.025,clip ln_post,0.01623280465951969
5,MFC,1.025,category,0.012287850342944483
5,MFC,1.025,low-level,0.0031400003458972657
5,MFC,1.05,alexnet conv1,0.011810722696662508
5,MFC,1.05,alexnet conv4,0.020459657321486534
5,MFC,1.05,resnet50 avgpool,0.024815749457692632
5,MFC,1.05,clip ln_post,0.03237061966670299
5,MFC,1.05,category,0.004306847091427454
5,MFC,1.05,low-level,-0.0034325261400517415
5,MFC,1.075,alexnet conv1,0.01461877636548423
5,MFC,1.075,alexnet conv4,0.014846602681858518
5,MFC,1.075,resnet50 avgpool,0.006772923626012682
5,MFC,1.075,clip ln_post,0.019380086374825776
5,MFC,1.075,category,-0.006682539510078507
5,MFC,1.075,low-level,-0.001400866204592253
5,MFC,1.1,alexnet conv1,0.009021289680273653
5,MFC,1.1,alexnet conv4,0.02093113404531981
5,MFC,1.1,resnet50 avgpool,0.017215787918787966
5,MFC,1.1,clip ln_post,0.03543347454808278
5,MFC,1.1,category,0.008719142671411221
5,MFC,1.1,low-level,0.014614277059121654
5,MFC,1.125,alexnet conv1,0.027972099055388597
5,MFC,1.125,alexnet conv4,0.021161276868156467
5,MFC,1.125,resnet50 avgpool,0.004746529795995103
5,MFC,1.125,clip ln_post,0.04493671678078828
5,MFC,1.125,category,0.0021565249718477363
5,MFC,1.125,low-level,0.020144581835078813
5,MFC,1.15,alexnet conv1,0.047383711182278666
5,MFC,1.15,alexnet conv4,0.019097883371638494
5,MFC,1.15,resnet50 avgpool,0.0060378967698737
5,MFC,1.15,clip ln_post,0.010222351564258525
5,MFC,1.15,category,-0.02186091900991957
5,MFC,1.15,low-level,0.027945294916982985
5,MFC,1.175,alexnet conv1,-0.010300676223998844
5,MFC,1.175,alexnet conv4,-0.002918857746708196
5,MFC,1.175,resnet50 avgpool,-0.0004969180218583876
5,MFC,1.175,clip ln_post,-0.00030375392353046573
5,MFC,1.175,category,-0.01452087715943111
5,MFC,1.175,low-level,-0.008371179378481381
5,MFC,1.2,alexnet conv1,-0.011202825006372166
5,MFC,1.2,alexnet conv4,-0.003838861993357484
5,MFC,1.2,resnet50 avgpool,-0.0005922427460613785
5,MFC,1.2,clip ln_post,-0.007613704318202597
5,MFC,1.2,category,-0.0015817273283446963
5,MFC,1.2,low-level,0.006144154824646969
6,MFC,-0.2,alexnet conv1,0.004317878577391595
6,MFC,-0.2,alexnet conv4,-0.01834565011016998
6,MFC,-0.2,resnet50 avgpool,-0.0021832640732187478
6,MFC,-0.2,clip ln_post,-0.006616095685348347
6,MFC,-0.2,category,-0.0014837670717191204
6,MFC,-0.2,low-level,0.015765281882073278
6,MFC,-0.175,alexnet conv1,0.021131603718301306
6,MFC,-0.175,alexnet conv4,-0.012427303088207484
6,MFC,-0.175,resnet50 avgpool,0.01191565131166691
6,MFC,-0.175,clip ln_post,-0.01355966275856652
6,MFC,-0.175,category,-0.017677619793952958
6,MFC,-0.175,low-level,0.02597420147752181
6,MFC,-0.15,alexnet conv1,0.035406726368041846
6,MFC,-0.15,alexnet conv4,-0.003071634688584198
6,MFC,-0.15,resnet50 avgpool,0.00411843172462968
6,MFC,-0.15,clip ln_post,0.00040047031192809625
6,MFC,-0.15,category,0.002556426706369567
6,MFC,-0.15,low-level,0.005444595225347833
6,MFC,-0.125,alexnet conv1,0.005654906329513687
6,MFC,-0.125,alexnet conv4,-0.02420367658061344
6,MFC,-0.125,resnet50 avgpool,0.007170979238018345
6,MFC,-0.125,clip ln_post,-0.0012855280063038047
6,MFC,-0.125,category,-0.01042889785759267
6,MFC,-0.125,low-level,-0.018102889579647247
6,MFC,-0.1,alexnet conv1,0.001534562201791041
6,MFC,-0.1,alexnet conv4,-0.03145732323027569
6,MFC,-0.1,resnet50 avgpool,0.024934939391564246
6,MFC,-0.1,clip ln_post,-0.005925181713102024
6,MFC,-0.1,category,-0.01690738402105418
6,MFC,-0.1,low-level,-0.02062646721653784
6,MFC,-0.075,alexnet conv1,0.00015286529990862234
6,MFC,-0.075,alexnet conv4,-0.0327119620363006
6,MFC,-0.075,resnet50 avgpool,0.018462404980798573
6,MFC,-0.075,clip ln_post,0.010765850688903287
6,MFC,-0.075,category,-0.00995636057360569
6,MFC,-0.075,low-level,0.005071652051730053
6,MFC,-0.05,alexnet conv1,0.020994504482435332
6,MFC,-0.05,alexnet conv4,-0.0033559889626085474
6,MFC,-0.05,resnet50 avgpool,0.02787057232614311
6,MFC,-0.05,clip ln_post,0.0015851610296640335
6,MFC,-0.05,category,0.009039638242670947
6,MFC,-0.05,low-level,-0.007098873041742231
6,MFC,-0.025,alexnet conv1,0.011345501294905743
6,MFC,-0.025,alexnet conv4,-0.0047096468409844605
6,MFC,-0.025,resnet50 avgpool,0.011496605709739472
6,MFC,-0.025,clip ln_post,0.022648086134962914
6,MFC,-0.025,category,0.022828276189411054
6,MFC,-0.025,low-level,-0.007531776399700927
6,MFC,-0.0,alexnet conv1,-0.004677443119521753
6,MFC,-0.0,alexnet conv4,0.0012717521519039383
6,MFC,-0.0,resnet50 avgpool,0.007670951841922644
6,MFC,-0.0,clip ln_post,0.0225946821762148
6,MFC,-0.0,category,0.020952303171982743
6,MFC,-0.0,low-level,-0.029130514262800545
6,MFC,0.025,alexnet conv1,-0.0522747522905634
6,MFC,0.025,alexnet conv4,-0.029355862506489677
6,MFC,0.025,resnet50 avgpool,-0.028309311175338372
6,MFC,0.025,clip ln_post,-0.010381166916425691
6,MFC,0.025,category,-0.001365632750722375
6,MFC,0.025,low-level,-0.046223233215960106
6,MFC,0.05,alexnet conv1,-0.028217929430114523
6,MFC,0.05,alexnet conv4,-0.022195428103512847
6,MFC,0.05,resnet50 avgpool,-0.04032278170045641
6,MFC,0.05,clip ln_post,-0.005631941112071818
6,MFC,0.05,category,0.005136480276938483
6,MFC,0.05,low-level,-0.03478486366122078
6,MFC,0.075,alexnet conv1,-0.011595993339431726
6,MFC,0.075,alexnet conv4,-0.031910394864964275
6,MFC,0.075,resnet50 avgpool,-0.020232794740015148
6,MFC,0.075,clip ln_post,0.0022431300706835648
6,MFC,0.075,category,0.012408829077498122
6,MFC,0.075,low-level,-0.014180038950777858
6,MFC,0.1,alexnet conv1,0.011199503446789206
6,MFC,0.1,alexnet conv4,-0.013149597670521037
6,MFC,0.1,resnet50 avgpool,-0.036728221475770755
6,MFC,0.1,clip ln_post,0.009569779739485652
6,MFC,0.1,category,0.004819880296667206
6,MFC,0.1,low-level,0.0038017754471849543
6,MFC,0.125,alexnet conv1,0.031893944922299515
6,MFC,0.125,alexnet conv4,-0.008545759547129843
6,MFC,0.125,resnet50 avgpool,-0.04135874315066894
6,MFC,0.125,clip ln_post,-0.013956848815075862
6,MFC,0.125,category,-0.006204414538749061
6,MFC,0.125,low-level,0.012173883060359292
6,MFC,0.15,alexnet conv1,0.028513258522745187
6,MFC,0.15,alexnet conv4,0.022332273444321506
6,MFC,0.15,resnet50 avgpool,-0.017042267548223064
6,MFC,0.15,clip ln_post,-0.012498827782900724
6,MFC,0.15,category,-0.006615521975817735
6,MFC,0.15,low-level,0.020959675813686563
6,MFC,0.175,alexnet conv1,0.032065901492485234
6,MFC,0.175,alexnet conv4,0.02651548116921786
6,MFC,0.175,resnet50 avgpool,0.009099832273649076
6,MFC,0.175,clip ln_post,0.0056506433495998164
6,MFC,0.175,category,0.0035204027657030085
6,MFC,0.175,low-level,0.022605796227594475
6,MFC,0.2,alexnet conv1,0.00985194723995188
6,MFC,0.2,alexnet conv4,0.024937453771647935
6,MFC,0.2,resnet50 avgpool,0.0010562484843079341
6,MFC,0.2,clip ln_post,0.007763459734578106
6,MFC,0.2,category,-0.007721259220347269
6,MFC,0.2,low-level,0.0016377295917719653
6,MFC,0.225,alexnet conv1,0.026825376466991305
6,MFC,0.225,alexnet conv4,0.035794370884494206
6,MFC,0.225,resnet50 avgpool,0.00812400300120338
6,MFC,0.225,clip ln_post,0.029599347866450212
6,MFC,0.225,category,0.010206805334118791
6,MFC,0.225,low-level,-0.0025834722999263948
6,MFC,0.25,alexnet conv1,0.0247755342463891
6,MFC,0.25,alexnet conv4,0.030625825107747737
6,MFC,0.25,resnet50 avgpool,0.010426216908771983
6,MFC,0.25,clip ln_post,0.016978679121611554
6,MFC,0.25,category,0.014360408060364354
6,MFC,0.25,low-level,-0.018317754414518408
6,MFC,0.275,alexnet conv1,-0.008152312300093473
6,MFC,0.275,alexnet conv4,0.017315323492197107
6,MFC,0.275,resnet50 avgpool,0.02520873654530237
6,MFC,0.275,clip ln_post,0.009853618033232243
6,MFC,0.275,category,-0.011288915714448977
6,MFC,0.275,low-level,0.0013479698100758498
6,MFC,0.3,alexnet conv1,-0.02157893404862942
6,MFC,0.3,alexnet conv4,0.008665405545346517
6,MFC,0.3,resnet50 avgpool,0.012434498146525131
6,MFC,0.3,clip ln_post,0.009172904909175595
6,MFC,0.3,category,-0.0006095730963432055
6,MFC,0.3,low-level,0.003114194871336222
6,MFC,0.325,alexnet conv1,-0.011524935484037413
6,MFC,0.325,alexnet conv4,-0.01553291876365556
6,MFC,0.325,resnet50 avgpool,0.0065272815562685904
6,MFC,0.325,clip ln_post,-0.01229937683505724
6,MFC,0.325,category,-0.020300201720080704
6,MFC,0.325,low-level,0.013185650768659095
6,MFC,0.35,alexnet conv1,-0.009226173730231916
6,MFC,0.35,alexnet conv4,-0.019792053395932388
6,MFC,0.35,resnet50 avgpool,0.009458843979767349
6,MFC,0.35,clip ln_post,-0.00908552405864517
6,MFC,0.35,category,-0.03345563970627825
6,MFC,0.35,low-level,0.017523185737584386
6,MFC,0.375,alexnet conv1,0.019558658316959153
6,MFC,0.375,alexnet conv4,-0.011948108928186929
6,MFC,0.375,resnet50 avgpool,-0.005813299989541161
6,MFC,0.375,clip ln_post,0.0003377705180171713
6,MFC,0.375,category,-0.02907049371087907
6,MFC,0.375,low-level,0.007089667298373949
6,MFC,0.4,alexnet conv1,0.03005463494026791
6,MFC,0.4,alexnet conv4,-0.0048019417893983085
6,MFC,0.4,resnet50 avgpool,-0.013820052615246036
6,MFC,0.4,clip ln_post,-0.006547388406774936
6,MFC,0.4,category,-0.04066655865991959
6,MFC,0.4,low-level,0.007231651966552356
6,MFC,0.425,alexnet conv1,0.009668237785661627
6,MFC,0.425,alexnet conv4,-0.008505472134648901
6,MFC,0.425,resnet50 avgpool,-0.005802349741424265
6,MFC,0.425,clip ln_post,-0.005960550932617972
6,MFC,0.425,category,-0.04842089549014595
6,MFC,0.425,low-level,0.008356857529409442
6,MFC,0.45,alexnet conv1,-0.0008802705440209392
6,MFC,0.45,alexnet conv4,-0.020180967387671295
6,MFC,0.45,resnet50 avgpool,-0.020646967194874858
6,MFC,0.45,clip ln_post,-0.005061963088736568
6,MFC,0.45,category,-0.017252336238364675
6,MFC,0.45,low-level,-0.013521541644235857
6,MFC,0.475,alexnet conv1,0.020746518627829894
6,MFC,0.475,alexnet conv4,0.02466529465053761
6,MFC,0.475,resnet50 avgpool,0.02197424046269835
6,MFC,0.475,clip ln_post,0.02489613439861147
6,MFC,0.475,category,0.015305482628338314
6,MFC,0.475,low-level,0.0073662409174162094
6,MFC,0.5,alexnet conv1,0.04551296588821623
6,MFC,0.5,alexnet conv4,0.07251737932142696
6,MFC,0.5,resnet50 avgpool,0.05110912008245201
6,MFC,0.5,clip ln_post,0.04676010659988735
6,MFC,0.5,category,0.0526548295546693
6,MFC,0.5,low-level,0.011674021023657367
6,MFC,0.525,alexnet conv1,0.020636217605754865
6,MFC,0.525,alexnet conv4,0.033467422684245705
6,MFC,0.525,resnet50 avgpool,0.005562795659770467
6,MFC,0.525,clip ln_post,0.021006359743579093
6,MFC,0.525,category,0.03212308456543497
6,MFC,0.525,low-level,-0.008852354209158256
6,MFC,0.55,alexnet conv1,0.037340624544166236
6,MFC,0.55,alexnet conv4,0.025601151831783225
6,MFC,0.55,resnet50 avgpool,-0.003291016398426538
6,MFC,0.55,clip ln_post,0.003967646726158373
6,MFC,0.55,category,0.01915193611999234
6,MFC,0.55,low-level,-0.007243130480191721
6,MFC,0.575,alexnet conv1,0.024209970720985793
6,MFC,0.575,alexnet conv4,0.014149321743924885
6,MFC,0.575,resnet50 avgpool,0.0010808885901117376
6,MFC,0.575,clip ln_post,0.011610674206858459
6,MFC,0.575,category,0.022705416495574438
6,MFC,0.575,low-level,-0.022693283550245708
6,MFC,0.6,alexnet conv1,0.03439375880084218
6,MFC,0.6,alexnet conv4,0.0103612812003241
6,MFC,0.6,resnet50 avgpool,-0.005150506942432735
6,MFC,0.6,clip ln_post,0.008444422658610493
6,MFC,0.6,category,0.019463810727423748
6,MFC,0.6,low-level,0.004370180959197508
6,MFC,0.625,alexnet conv1,0.022125991900420066
6,MFC,0.625,alexnet conv4,0.0038165054555905193
6,MFC,0.625,resnet50 avgpool,0.0020834464599616916
6,MFC,0.625,clip ln_post,0.009558862252021311
6,MFC,0.625,category,0.0020791640495427164
6,MFC,0.625,low-level,0.024930168621535756
6,MFC,0.65,alexnet conv1,0.013022899941841649
6,MFC,0.65,alexnet conv4,0.011161017870198853
6,MFC,0.65,resnet50 avgpool,-0.005713384094326437
6,MFC,0.65,clip ln_post,0.017577654417540577
6,MFC,0.65,category,0.007844118914183885
6,MFC,0.65,low-level,0.002886094732832374
6,MFC,0.675,alexnet conv1,0.003292486532709996
6,MFC,0.675,alexnet conv4,0.013490333027594543
6,MFC,0.675,resnet50 avgpool,-0.011988781278335406
6,MFC,0.675,clip ln_post,-0.0022240101348354746
6,MFC,0.675,category,-0.0249499685945126
6,MFC,0.675,low-level,0.003647194308098703
6,MFC,0.7,alexnet conv1,0.006853905262253528
6,MFC,0.7,alexnet conv4,0.004014064475748886
6,MFC,0.7,resnet50 avgpool,-0.004700522999247569
6,MFC,0.7,clip ln_post,0.02272133895407849
6,MFC,0.7,category,0.002022459575464279
6,MFC,0.7,low-level,0.011567458811055312
6,MFC,0.725,alexnet conv1,-0.020926431941505202
6,MFC,0.725,alexnet conv4,-0.017508918473396178
6,MFC,0.725,resnet50 avgpool,-0.02667706080270642
6,MFC,0.725,clip ln_post,0.00587835855043613
6,MFC,0.725,category,-0.02891455640716337
6,MFC,0.725,low-level,-0.013785027382581931
6,MFC,0.75,alexnet conv1,-0.002403038910891762
6,MFC,0.75,alexnet conv4,-0.01673014043099423
6,MFC,0.75,resnet50 avgpool,-0.014473504781294388
6,MFC,0.75,clip ln_post,0.014175661308580039
6,MFC,0.75,category,-0.010513954568710328
6,MFC,0.75,low-level,-0.022368695099800825
6,MFC,0.775,alexnet conv1,-0.012161954087747279
6,MFC,0.775,alexnet conv4,-0.02289473699297669
6,MFC,0.775,resnet50 avgpool,-0.014947702941800128
6,MFC,0.775,clip ln_post,0.006873430611177
6,MFC,0.775,category,0.007192017462281852
6,MFC,0.775,low-level,-0.023051664613802276
6,MFC,0.8,alexnet conv1,-0.03060135699536985
6,MFC,0.8,alexnet conv4,-0.0295306815386925
6,MFC,0.8,resnet50 avgpool,-0.01742508396350496
6,MFC,0.8,clip ln_post,-0.015319614154862387
6,MFC,0.8,category,0.002159495387820503
6,MFC,0.8,low-level,-0.0206467870112858
6,MFC,0.825,alexnet conv1,-0.044727500577611254
6,MFC,0.825,alexnet conv4,-0.05246215550842936
6,MFC,0.825,resnet50 avgpool,-0.0306097887683215
6,MFC,0.825,clip ln_post,-0.014279225921473206
6,MFC,0.825,category,0.005420002647330673
6,MFC,0.825,low-level,-0.02664762945146628
6,MFC,0.85,alexnet conv1,-0.013616527061240877
6,MFC,0.85,alexnet conv4,-0.016251151025052153
6,MFC,0.85,resnet50 avgpool,-0.007871471606055773
6,MFC,0.85,clip ln_post,-0.01274070377580444
6,MFC,0.85,category,0.03247748752842521
6,MFC,0.85,low-level,-0.027913451925257557
6,MFC,0.875,alexnet conv1,-0.034614258467953
6,MFC,0.875,alexnet conv4,-0.043156025310552557
6,MFC,0.875,resnet50 avgpool,-0.02714357249510617
6,MFC,0.875,clip ln_post,-0.0016232739538315588
6,MFC,0.875,category,0.011775629116955568
6,MFC,0.875,low-level,-0.044625963030094994
6,MFC,0.9,alexnet conv1,-0.03187608627157484
6,MFC,0.9,alexnet conv4,-0.03712740183700445
6,MFC,0.9,resnet50 avgpool,-0.0361266171374741
6,MFC,0.9,clip ln_post,-0.023295534911430348
6,MFC,0.9,category,-0.029906884703536033
6,MFC,0.9,low-level,-0.036490272666092206
6,MFC,0.925,alexnet conv1,-0.016567405984503066
6,MFC,0.925,alexnet conv4,-0.03529735083440153
6,MFC,0.925,resnet50 avgpool,-0.025544602850389713
6,MFC,0.925,clip ln_post,-0.029680753992970706
6,MFC,0.925,category,-0.03178285772096434
6,MFC,0.925,low-level,-0.03521865974696163
6,MFC,0.95,alexnet conv1,-0.0014006489393861587
6,MFC,0.95,alexnet conv4,-0.027888218032626165
6,MFC,0.95,resnet50 avgpool,-0.010545154457877131
6,MFC,0.95,clip ln_post,-0.01157507156769305
6,MFC,0.95,category,-0.022705416495574438
6,MFC,0.95,low-level,-0.02277000899853224
6,MFC,0.975,alexnet conv1,-0.005620085850928057
6,MFC,0.975,alexnet conv4,-0.02734342476094347
6,MFC,0.975,resnet50 avgpool,-0.017841864985324456
6,MFC,0.975,clip ln_post,-0.014186050530521912
6,MFC,0.975,category,-0.01810762872238111
6,MFC,0.975,low-level,-0.020415738414051896
6,MFC,1.0,alexnet conv1,0.004557137813172386
6,MFC,1.0,alexnet conv4,-0.057106837975394946
6,MFC,1.0,resnet50 avgpool,-0.011467563391248435
6,MFC,1.0,clip ln_post,-0.018446270359414662
6,MFC,1.0,category,0.0014034357334413337
6,MFC,1.0,low-level,-0.004613064342167325
6,MFC,1.025,alexnet conv1,0.011895454369366038
6,MFC,1.025,alexnet conv4,-0.041347068073114245
6,MFC,1.025,resnet50 avgpool,-0.003037227813237089
6,MFC,1.025,clip ln_post,-0.00279137549612937
6,MFC,1.025,category,-0.008661608415481362
6,MFC,1.025,low-level,-0.0009604563362337157
6,MFC,1.05,alexnet conv1,0.023991178702889464
6,MFC,1.05,alexnet conv4,-0.03506352167678192
6,MFC,1.05,resnet50 avgpool,-0.02595929947569033
6,MFC,1.05,clip ln_post,9.261845985784005e-05
6,MFC,1.05,category,-0.004181954963284782
6,MFC,1.05,low-level,-0.001067518148787254
6,MFC,1.075,alexnet conv1,0.04206333469535746
6,MFC,1.075,alexnet conv4,-0.035490544497606795
6,MFC,1.075,resnet50 avgpool,-0.016255147824664005
6,MFC,1.075,clip ln_post,-0.007734699976715365
6,MFC,1.075,category,-0.0012805760396047187
6,MFC,1.075,low-level,0.0009757678462221521
6,MFC,1.1,alexnet conv1,0.022474106594481846
6,MFC,1.1,alexnet conv4,-0.011567102538958762
6,MFC,1.1,resnet50 avgpool,-0.012325921153790869
6,MFC,1.1,clip ln_post,-0.0004580389686324123
6,MFC,1.1,category,0.018206861552018377
6,MFC,1.1,low-level,-0.010202637740320885
6,MFC,1.125,alexnet conv1,0.031249686214374732
6,MFC,1.125,alexnet conv4,0.0006050155412440644
6,MFC,1.125,resnet50 avgpool,8.431772951642246e-05
6,MFC,1.125,clip ln_post,-0.0011008439226000098
6,MFC,1.125,category,0.024264789532731472
6,MFC,1.125,low-level,0.014752789344335672
6,MFC,1.15,alexnet conv1,0.005900336853219745
6,MFC,1.15,alexnet conv4,-0.015159914163814237
6,MFC,1.15,resnet50 avgpool,-0.005694980797753012
6,MFC,1.15,clip ln_post,-0.028358595482027547
6,MFC,1.15,category,-0.01972843160645646
6,MFC,1.15,low-level,0.001969345202190148
6,MFC,1.175,alexnet conv1,0.0075503803552712575
6,MFC,1.175,alexnet conv4,-0.0029967725024117983
6,MFC,1.175,resnet50 avgpool,-0.009457963537229901
6,MFC,1.175,clip ln_post,0.003024684578389648
6,MFC,1.175,category,-0.006511563773340598
6,MFC,1.175,low-level,0.014537281581658096
6,MFC,1.2,alexnet conv1,0.0034005229746770804
6,MFC,1.2,alexnet conv4,0.019305066295685035
6,MFC,1.2,resnet50 avgpool,0.0004991822531613825
6,MFC,1.2,clip ln_post,-0.012102497598439415
6,MFC,1.2,category,-0.0038417281188141555
6,MFC,1.2,low-level,0.018032040573412976
7,MTL,-0.2,alexnet conv1,0.002190954636406307
7,MTL,-0.2,alexnet conv4,-0.0016413005029005871
7,MTL,-0.2,resnet50 avgpool,-0.018119880073079186
7,MTL,-0.2,clip ln_post,-0.02383808407841295
7,MTL,-0.2,category,0.0061099070819516646
7,MTL,-0.2,low-level,-0.02117611725496199
7,MTL,-0.175,alexnet conv1,0.03712521915852789
7,MTL,-0.175,alexnet conv4,0.03399034822034717
7,MTL,-0.175,resnet50 avgpool,-0.012173936296419694
7,MTL,-0.175,clip ln_post,-0.018839627514656503
7,MTL,-0.175,category,0.007073883141285106
7,MTL,-0.175,low-level,-0.014352822727440625
7,MTL,-0.15,alexnet conv1,0.04210799975003622
7,MTL,-0.15,alexnet conv4,0.0316624540562561
7,MTL,-0.15,resnet50 avgpool,-0.015968127652537897
7,MTL,-0.15,clip ln_post,-0.03048793142605728
7,MTL,-0.15,category,0.0056609966621640325
7,MTL,-0.15,low-level,-0.024217210825200702
7,MTL,-0.125,alexnet conv1,0.035963645176251904
7,MTL,-0.125,alexnet conv4,0.027317437373303298
7,MTL,-0.125,resnet50 avgpool,-0.020104393457402836
7,MTL,-0.125,clip ln_post,-0.01916727499103382
7,MTL,-0.125,category,0.011506282865082988
7,MTL,-0.125,low-level,-0.009704823244403723
7,MTL,-0.1,alexnet conv1,0.04567257169238828
7,MTL,-0.1,alexnet conv4,0.03113031049154165
7,MTL,-0.1,resnet50 avgpool,-0.008538617724872601
7,MTL,-0.1,clip ln_post,-0.0013912343468578316
7,MTL,-0.1,category,0.022190350856028628
7,MTL,-0.1,low-level,-0.018111100218194138
7,MTL,-0.075,alexnet conv1,0.05371202354442578
7,MTL,-0.075,alexnet conv4,0.04989270886287857
7,MTL,-0.075,resnet50 avgpool,-0.003886179173414337
7,MTL,-0.075,clip ln_post,0.010360159147974052
7,MTL,-0.075,category,0.03391400087174563
7,MTL,-0.075,low-level,0.00395350231441725
7,MTL,-0.05,alexnet conv1,0.04292127885466138
7,MTL,-0.05,alexnet conv4,0.04911948375108488
7,MTL,-0.05,resnet50 avgpool,-0.007111195142184917
7,MTL,-0.05,clip ln_post,0.017143674053129096
7,MTL,-0.05,category,0.036470427578115194
7,MTL,-0.05,low-level,-0.0011315693196161205
7,MTL,-0.025,alexnet conv1,0.051455523032417724
7,MTL,-0.025,alexnet conv4,0.032155657490325985
7,MTL,-0.025,resnet50 avgpool,0.008379966074706246
7,MTL,-0.025,clip ln_post,0.009530630759681039
7,MTL,-0.025,category,0.03642789922255637
7,MTL,-0.025,low-level,-0.008790121254546255
7,MTL,-0.0,alexnet conv1,0.051819330079053906
7,MTL,-0.0,alexnet conv4,0.04771933441165021
7,MTL,-0.0,resnet50 avgpool,-0.0009655588078693381
7,MTL,-0.0,clip ln_post,0.019955778852163375
7,MTL,-0.0,category,0.021958807586875007
7,MTL,-0.0,low-level,-0.021509309471784435
7,MTL,0.025,alexnet conv1,0.03708125026771596
7,MTL,0.025,alexnet conv4,0.05018335727727526
7,MTL,0.025,resnet50 avgpool,0.018487913243895114
7,MTL,0.025,clip ln_post,0.005583144120089413
7,MTL,0.025,category,-0.0008741939753759149
7,MTL,0.025,low-level,-0.023207105720018127
7,MTL,0.05,alexnet conv1,0.01953479627665355
7,MTL,0.05,alexnet conv4,0.05838698913959797
7,MTL,0.05,resnet50 avgpool,0.0286991629407567
7,MTL,0.05,clip ln_post,-0.0005318937647387105
7,MTL,0.05,category,0.011043196326775747
7,MTL,0.05,low-level,-0.026032105930914828
7,MTL,0.075,alexnet conv1,0.020949294781907834
7,MTL,0.075,alexnet conv4,0.061411514009806406
7,MTL,0.075,resnet50 avgpool,0.031247106312985936
7,MTL,0.075,clip ln_post,0.0034709174268571334
7,MTL,0.075,category,-0.0031659998027127735
7,MTL,0.075,low-level,-0.00946036325502964
7,MTL,0.1,alexnet conv1,0.019356389952995833
7,MTL,0.1,alexnet conv4,0.04892376342255123
7,MTL,0.1,resnet50 avgpool,0.010544347726807934
7,MTL,0.1,clip ln_post,0.0013171952720809049
7,MTL,0.1,category,-0.0010065044148922697
7,MTL,0.1,low-level,0.005486848276982144
7,MTL,0.125,alexnet conv1,0.02737476851527658
7,MTL,0.125,alexnet conv4,0.040718182301401444
7,MTL,0.125,resnet50 avgpool,0.026232900065513116
7,MTL,0.125,clip ln_post,0.03275906775959479
7,MTL,0.125,category,0.04444213155897556
7,MTL,0.125,low-level,0.01141064994759524
7,MTL,0.15,alexnet conv1,0.0660394967341315
7,MTL,0.15,alexnet conv4,0.08210222896108846
7,MTL,0.15,resnet50 avgpool,0.03215629632305083
7,MTL,0.15,clip ln_post,0.033771097553115054
7,MTL,0.15,category,0.044257842018220646
7,MTL,0.15,low-level,0.015811769248050476
7,MTL,0.175,alexnet conv1,0.03344526419787303
7,MTL,0.175,alexnet conv4,0.05658793380939475
7,MTL,0.175,resnet50 avgpool,0.032978121862911575
7,MTL,0.175,clip ln_post,0.03980307489846859
7,MTL,0.175,category,0.07249667010928264
7,MTL,0.175,low-level,0.022268021614495738
7,MTL,0.2,alexnet conv1,0.03375898020675084
7,MTL,0.2,alexnet conv4,0.04886972472615985
7,MTL,0.2,resnet50 avgpool,0.030229150936434586
7,MTL,0.2,clip ln_post,0.034944874878468216
7,MTL,0.2,category,0.0809550874926496
7,MTL,0.2,low-level,0.02568091173551277
7,MTL,0.225,alexnet conv1,0.06429488960847662
7,MTL,0.225,alexnet conv4,0.07458933907758615
7,MTL,0.225,resnet50 avgpool,0.030529590690864014
7,MTL,0.225,clip ln_post,0.0461899402027999
7,MTL,0.225,category,0.10368885622526325
7,MTL,0.225,low-level,0.036312607552198575
7,MTL,0.25,alexnet conv1,0.023641573399136383
7,MTL,0.25,alexnet conv4,0.028723655623624004
7,MTL,0.25,resnet50 avgpool,0.025318009701903454
7,MTL,0.25,clip ln_post,0.013694579315955937
7,MTL,0.25,category,0.09078386299957879
7,MTL,0.25,low-level,0.00010709047812452469
7,MTL,0.275,alexnet conv1,-0.00433789943118498
7,MTL,0.275,alexnet conv4,0.024122884716328376
7,MTL,0.275,resnet50 avgpool,0.008142799425607479
7,MTL,0.275,clip ln_post,-0.002954568591756322
7,MTL,0.275,category,0.07702357728987791
7,MTL,0.275,low-level,-0.023272319894012735
7,MTL,0.3,alexnet conv1,0.018247523765601133
7,MTL,0.3,alexnet conv4,0.03522933562461337
7,MTL,0.3,resnet50 avgpool,0.019874999273123018
7,MTL,0.3,clip ln_post,0.002385368633919282
7,MTL,0.3,category,0.06920781061273323
7,MTL,0.3,low-level,-0.02387195859315602
7,MTL,0.325,alexnet conv1,-0.005666937679164937
7,MTL,0.325,alexnet conv4,0.028005337365514447
7,MTL,0.325,resnet50 avgpool,0.02205464329423431
7,MTL,0.325,clip ln_post,0.03049985630358772
7,MTL,0.325,category,0.09153047190827823
7,MTL,0.325,low-level,-0.011409003724804294
7,MTL,0.35,alexnet conv1,0.019198815309282264
7,MTL,0.35,alexnet conv4,0.06280187200920836
7,MTL,0.35,resnet50 avgpool,0.06434988245887371
7,MTL,0.35,clip ln_post,0.06071879820166949
7,MTL,0.35,category,0.1212436163253796
7,MTL,0.35,low-level,0.0108886621851732
7,MTL,0.375,alexnet conv1,0.020524847767390192
7,MTL,0.375,alexnet conv4,0.04423935456927973
7,MTL,0.375,resnet50 avgpool,0.04820198482051544
7,MTL,0.375,clip ln_post,0.04416822709749873
7,MTL,0.375,category,0.09844369237300775
7,MTL,0.375,low-level,0.003845846715036132
7,MTL,0.4,alexnet conv1,0.010607502074773076
7,MTL,0.4,alexnet conv4,0.04488787625711837
7,MTL,0.4,resnet50 avgpool,0.05448292674496954
7,MTL,0.4,clip ln_post,0.05129332913669374
7,MTL,0.4,category,0.08508978872753567
7,MTL,0.4,low-level,0.021698485859969995
7,MTL,0.425,alexnet conv1,0.018397252233027503
7,MTL,0.425,alexnet conv4,0.044916795723162324
7,MTL,0.425,resnet50 avgpool,0.06535507346617288
7,MTL,0.425,clip ln_post,0.06109221230966777
7,MTL,0.425,category,0.08450856786823169
7,MTL,0.425,low-level,0.015561355010074308
7,MTL,0.45,alexnet conv1,0.03349446660293082
7,MTL,0.45,alexnet conv4,0.03724772761876166
7,MTL,0.45,resnet50 avgpool,0.06441350364613778
7,MTL,0.45,clip ln_post,0.05476396809800415
7,MTL,0.45,category,0.06624500184213487
7,MTL,0.45,low-level,0.029946725445829485
7,MTL,0.475,alexnet conv1,0.027041265072254846
7,MTL,0.475,alexnet conv4,0.012960683367555929
7,MTL,0.475,resnet50 avgpool,0.0462592535534456
7,MTL,0.475,clip ln_post,0.032748916052383954
7,MTL,0.475,category,0.041398991450099405
7,MTL,0.475,low-level,0.03294040616165629
7,MTL,0.5,alexnet conv1,0.05340392598746135
7,MTL,0.5,alexnet conv4,0.004126408943527105
7,MTL,0.5,resnet50 avgpool,0.023794315846597917
7,MTL,0.5,clip ln_post,0.012864801127687184
7,MTL,0.5,category,0.027969481839189403
7,MTL,0.5,low-level,0.02860279338618118
7,MTL,0.525,alexnet conv1,0.01695216346844891
7,MTL,0.525,alexnet conv4,0.0037897768581862602
7,MTL,0.525,resnet50 avgpool,0.016545530058758688
7,MTL,0.525,clip ln_post,0.004393613015938303
7,MTL,0.525,category,-0.012489160415775908
7,MTL,0.525,low-level,-0.0004654387810285354
7,MTL,0.55,alexnet conv1,0.01767760307340786
7,MTL,0.55,alexnet conv4,-0.004767567674703756
7,MTL,0.55,resnet50 avgpool,0.013698809535217252
7,MTL,0.55,clip ln_post,-0.012194198760025683
7,MTL,0.55,category,-0.0290043384911209
7,MTL,0.55,low-level,-0.017486358669029693
7,MTL,0.575,alexnet conv1,-0.0026789859824538857
7,MTL,0.575,alexnet conv4,0.0034950620277910257
7,MTL,0.575,resnet50 avgpool,0.02967145406272633
7,MTL,0.575,clip ln_post,0.005425835656677862
7,MTL,0.575,category,-0.0073054264104387276
7,MTL,0.575,low-level,-0.004638957542931401
7,MTL,0.6,alexnet conv1,-0.013631224308993889
7,MTL,0.6,alexnet conv4,0.021540862075277594
7,MTL,0.6,resnet50 avgpool,0.01461150084002408
7,MTL,0.6,clip ln_post,0.002174119756074009
7,MTL,0.6,category,-0.011879587319432701
7,MTL,0.6,low-level,-0.01738797433432197
7,MTL,0.625,alexnet conv1,-0.0009516519108592472
7,MTL,0.625,alexnet conv4,0.008616166284554605
7,MTL,0.625,resnet50 avgpool,0.0008887965038486805
7,MTL,0.625,clip ln_post,-0.006113661937420765
7,MTL,0.625,category,-0.022648712021496
7,MTL,0.625,low-level,-0.008157492578278918
7,MTL,0.65,alexnet conv1,0.015394603288563444
7,MTL,0.65,alexnet conv4,0.034374204786347715
7,MTL,0.65,resnet50 avgpool,0.036515441037418474
7,MTL,0.65,clip ln_post,0.0023513303159134295
7,MTL,0.65,category,-0.0023768625384545145
7,MTL,0.65,low-level,-0.001844568066766865
7,MTL,0.675,alexnet conv1,0.021980550983396983
7,MTL,0.675,alexnet conv4,0.04509813412522383
7,MTL,0.675,resnet50 avgpool,0.015885435670404575
7,MTL,0.675,clip ln_post,0.008185158949362597
7,MTL,0.675,category,0.022743219478293396
7,MTL,0.675,low-level,-0.003575993124849454
7,MTL,0.7,alexnet conv1,0.029526381703044502
7,MTL,0.7,alexnet conv4,0.03085954779324654
7,MTL,0.7,resnet50 avgpool,0.011783216373708627
7,MTL,0.7,clip ln_post,0.03503551950900955
7,MTL,0.7,category,0.0522957012188392
7,MTL,0.7,low-level,-0.012719446207377059
7,MTL,0.725,alexnet conv1,0.02396259093845264
7,MTL,0.725,alexnet conv4,0.04076875655878502
7,MTL,0.725,resnet50 avgpool,0.028462966825989908
7,MTL,0.725,clip ln_post,0.037550513854930426
7,MTL,0.725,category,0.07045530904245886
7,MTL,0.725,low-level,0.011665920952312855
7,MTL,0.75,alexnet conv1,0.009077534554503037
7,MTL,0.75,alexnet conv4,0.0359658483301363
7,MTL,0.75,resnet50 avgpool,0.05018916819802242
7,MTL,0.75,clip ln_post,0.027103326033440928
7,MTL,0.75,category,0.06375945572836335
7,MTL,0.75,low-level,0.00441241353542397
7,MTL,0.775,alexnet conv1,0.020423269269058242
7,MTL,0.775,alexnet conv4,0.035743378928790544
7,MTL,0.775,resnet50 avgpool,0.027341549213584632
7,MTL,0.775,clip ln_post,0.012004199260444649
7,MTL,0.775,category,0.04407827785030559
7,MTL,0.775,low-level,0.010774888533927218
7,MTL,0.8,alexnet conv1,0.039582026490427455
7,MTL,0.8,alexnet conv4,0.017942849696828824
7,MTL,0.8,resnet50 avgpool,0.02813880016894668
7,MTL,0.8,clip ln_post,0.003347905271590314
7,MTL,0.8,category,0.03189154129628135
7,MTL,0.8,low-level,-0.002488974197628145
7,MTL,0.825,alexnet conv1,0.020687336508987186
7,MTL,0.825,alexnet conv4,0.005156968981149439
7,MTL,0.825,resnet50 avgpool,0.008226466037154347
7,MTL,0.825,clip ln_post,-0.003810669964353953
7,MTL,0.825,category,0.008647432296961754
7,MTL,0.825,low-level,-0.004560557206282936
7,MTL,0.85,alexnet conv1,-0.01361149011091037
7,MTL,0.85,alexnet conv4,-0.009037836833768107
7,MTL,0.85,resnet50 avgpool,0.00449966334334417
7,MTL,0.85,clip ln_post,0.007047684522123227
7,MTL,0.85,category,-0.0012994775309641978
7,MTL,0.85,low-level,-0.005563270689232532
7,MTL,0.875,alexnet conv1,-0.024267604898995224
7,MTL,0.875,alexnet conv4,0.002368640225707792
7,MTL,0.875,resnet50 avgpool,0.0241433969799101
7,MTL,0.875,clip ln_post,0.013776308953920423
7,MTL,0.875,category,0.03013370259984978
7,MTL,0.875,low-level,0.012714376496393993
7,MTL,0.9,alexnet conv1,-0.029653325136618062
7,MTL,0.9,alexnet conv4,0.008915013052253486
7,MTL,0.9,resnet50 avgpool,0.009012349046079412
7,MTL,0.9,clip ln_post,0.037325493217766854
7,MTL,0.9,category,0.04617161801836792
7,MTL,0.9,low-level,0.015065022933685314
7,MTL,0.925,alexnet conv1,-0.050855483015280624
7,MTL,0.925,alexnet conv4,0.015531100547438696
7,MTL,0.925,resnet50 avgpool,0.020457053692006785
7,MTL,0.925,clip ln_post,0.05531865099167724
7,MTL,0.925,category,0.08522682453989189
7,MTL,0.925,low-level,0.016001686846000115
7,MTL,0.95,alexnet conv1,-0.052060669616272016
7,MTL,0.95,alexnet conv4,0.0019144055878534637
7,MTL,0.95,resnet50 avgpool,0.0240965615319995
7,MTL,0.95,clip ln_post,0.058886646422221425
7,MTL,0.95,category,0.07767095336894007
7,MTL,0.95,low-level,-0.005521742467036027
7,MTL,0.975,alexnet conv1,-0.05708031413206916
7,MTL,0.975,alexnet conv4,0.0031777628225398862
7,MTL,0.975,resnet50 avgpool,0.041501219228635686
7,MTL,0.975,clip ln_post,0.06522209797744741
7,MTL,0.975,category,0.07748666382818514
7,MTL,0.975,low-level,-0.0019164080827409591
7,MTL,1.0,alexnet conv1,-0.04448941663024092
7,MTL,1.0,alexnet conv4,0.03462035604441001
7,MTL,1.0,resnet50 avgpool,0.06306112752829311
7,MTL,1.0,clip ln_post,0.08232476388373931
7,MTL,1.0,category,0.07490661025761623
7,MTL,1.0,low-level,0.014367503594867357
7,MTL,1.025,alexnet conv1,-0.038365418706938686
7,MTL,1.025,alexnet conv4,0.016285815890538142
7,MTL,1.025,resnet50 avgpool,0.04163609893029098
7,MTL,1.025,clip ln_post,0.05936702406081556
7,MTL,1.025,category,0.05958695151075831
7,MTL,1.025,low-level,0.002059420616393316
7,MTL,1.05,alexnet conv1,0.002840831796244466
7,MTL,1.05,alexnet conv4,0.04856907612257038
7,MTL,1.05,resnet50 avgpool,0.04919968592362394
7,MTL,1.05,clip ln_post,0.062395586681451544
7,MTL,1.05,category,0.06813987635092267
7,MTL,1.05,low-level,0.017706506159125533
7,MTL,1.075,alexnet conv1,-0.0024117901002058267
7,MTL,1.075,alexnet conv4,0.038088779566591305
7,MTL,1.075,resnet50 avgpool,0.0332823905186085
7,MTL,1.075,clip ln_post,0.03706336295142029
7,MTL,1.075,category,0.04344507788976303
7,MTL,1.075,low-level,0.022038226112222108
7,MTL,1.1,alexnet conv1,-0.015405635438311733
7,MTL,1.1,alexnet conv4,0.024119031244571456
7,MTL,1.1,resnet50 avgpool,-0.006269352843612357
7,MTL,1.1,clip ln_post,0.014276060423419968
7,MTL,1.1,category,0.028961810135562066
7,MTL,1.1,low-level,0.016760370323140428
7,MTL,1.125,alexnet conv1,-0.020711362352555565
7,MTL,1.125,alexnet conv4,0.0044419185981323635
7,MTL,1.125,resnet50 avgpool,-0.03606442103859622
7,MTL,1.125,clip ln_post,-0.005436118406498928
7,MTL,1.125,category,0.004044919150928558
7,MTL,1.125,low-level,0.027197533384947736
7,MTL,1.15,alexnet conv1,-0.03317966539743709
7,MTL,1.15,alexnet conv4,-0.01599776375785652
7,MTL,1.15,resnet50 avgpool,-0.045972675650129004
7,MTL,1.15,clip ln_post,-0.0224922232353454
7,MTL,1.15,category,-0.004938014617663952
7,MTL,1.15,low-level,-0.002206696129959543
7,MTL,1.175,alexnet conv1,-0.026148307965531536
7,MTL,1.175,alexnet conv4,-0.00321084698654004
7,MTL,1.175,resnet50 avgpool,-0.04332774027092569
7,MTL,1.175,clip ln_post,-0.021184532647587354
7,MTL,1.175,category,0.0015593730371570374
7,MTL,1.175,low-level,0.003730017332842251
7,MTL,1.2,alexnet conv1,-0.015835189019546562
7,MTL,1.2,alexnet conv4,-0.01911401845522221
7,MTL,1.2,resnet50 avgpool,-0.020181933826921704
7,MTL,1.2,clip ln_post,-0.010514146500232722
7,MTL,1.2,category,0.001096286498849796
7,MTL,1.2,low-level,0.008122356778412432
7,MFC,-0.2,alexnet conv1,-0.021214295700434628
7,MFC,-0.2,alexnet conv4,0.02376782885900626
7,MFC,-0.2,resnet50 avgpool,0.02964755107160504
7,MFC,-0.2,clip ln_post,-0.01189764523800573
7,MFC,-0.2,category,0.011265288850249626
7,MFC,-0.2,low-level,-0.027674884758262012
7,MFC,-0.175,alexnet conv1,-0.0020365332055012667
7,MFC,-0.175,alexnet conv4,0.011878275502181901
7,MFC,-0.175,resnet50 avgpool,0.010552779499759577
7,MFC,-0.175,clip ln_post,-0.009683549295650065
7,MFC,-0.175,category,0.012621470855292263
7,MFC,-0.175,low-level,-0.018681053671039966
7,MFC,-0.15,alexnet conv1,0.0038496551408957864
7,MFC,-0.15,alexnet conv4,0.0012190607373489212
7,MFC,-0.15,resnet50 avgpool,0.0020415660607502072
7,MFC,-0.15,clip ln_post,0.00923917970929671
7,MFC,-0.15,category,0.0267030819181043
7,MFC,-0.15,low-level,0.0032069320885595785
7,MFC,-0.125,alexnet conv1,-0.013670475665837739
7,MFC,-0.125,alexnet conv4,-0.0029238431947402116
7,MFC,-0.125,resnet50 avgpool,0.007290408196911833
7,MFC,-0.125,clip ln_post,-0.002893371692781411
7,MFC,-0.125,category,-0.004370969876879575
7,MFC,-0.125,low-level,-0.004227364989460488
7,MFC,-0.1,alexnet conv1,0.01986000717949701
7,MFC,-0.1,alexnet conv4,0.0011524378552943957
7,MFC,-0.1,resnet50 avgpool,0.01852856102355417
7,MFC,-0.1,clip ln_post,0.024335742961230467
7,MFC,-0.1,category,0.022752670223973138
7,MFC,-0.1,low-level,-0.007322943619981672
7,MFC,-0.075,alexnet conv1,0.027411755292012483
7,MFC,-0.075,alexnet conv4,0.016164069115476305
7,MFC,-0.075,resnet50 avgpool,0.05823034407940068
7,MFC,-0.075,clip ln_post,0.03948926470271468
7,MFC,-0.075,category,0.04236769288227271
7,MFC,-0.075,low-level,-0.007779029234705423
7,MFC,-0.05,alexnet conv1,0.013001208294767901
7,MFC,-0.05,alexnet conv4,0.010700411285422352
7,MFC,-0.05,resnet50 avgpool,0.049482402165020485
7,MFC,-0.05,clip ln_post,0.03873869358216359
7,MFC,-0.05,category,0.04810429550987467
7,MFC,-0.05,low-level,-0.005033309802994635
7,MFC,-0.025,alexnet conv1,0.009189723409181616
7,MFC,-0.025,alexnet conv4,0.009715621974502547
7,MFC,-0.025,resnet50 avgpool,0.023132350005966532
7,MFC,-0.025,clip ln_post,0.020955601207524894
7,MFC,-0.025,category,0.04026017659569078
7,MFC,-0.025,low-level,0.0006764910949584713
7,MFC,-0.0,alexnet conv1,0.0021874492465827977
7,MFC,-0.0,alexnet conv4,0.012144214194388115
7,MFC,-0.0,resnet50 avgpool,0.049026979953510984
7,MFC,-0.0,clip ln_post,0.04076944043740712
7,MFC,-0.0,category,0.06016817237006229
7,MFC,-0.0,low-level,0.0192830101863516
7,MFC,0.025,alexnet conv1,0.0007788967997674648
7,MFC,0.025,alexnet conv4,0.0068790982040692165
7,MFC,0.025,resnet50 avgpool,0.05575217680203451
7,MFC,0.025,clip ln_post,0.03318627485909029
7,MFC,0.025,category,0.04143206905997849
7,MFC,0.025,low-level,0.018974167324541522
7,MFC,0.05,alexnet conv1,-0.013354904585008938
7,MFC,0.05,alexnet conv4,0.030554443740909428
7,MFC,0.05,resnet50 avgpool,0.06805681581690858
7,MFC,0.05,clip ln_post,0.03564252935497797
7,MFC,0.05,category,0.05563181444378727
7,MFC,0.05,low-level,0.012985405374991123
7,MFC,0.075,alexnet conv1,0.022034565109298954
7,MFC,0.075,alexnet conv4,0.04951519148314764
7,MFC,0.075,resnet50 avgpool,0.09245879262744446
7,MFC,0.075,clip ln_post,0.05077057149893662
7,MFC,0.075,category,0.07480737742797897
7,MFC,0.075,low-level,0.012829702183554824
7,MFC,0.1,alexnet conv1,0.0040535820128947565
7,MFC,0.1,alexnet conv4,0.01585669638794968
7,MFC,0.1,resnet50 avgpool,0.05587873939302209
7,MFC,0.1,clip ln_post,0.02792687150756087
7,MFC,0.1,category,0.044333447983658555
7,MFC,0.1,low-level,0.006914471518666732
7,MFC,0.125,alexnet conv1,0.02263229550043084
7,MFC,0.125,alexnet conv4,0.039798684971026066
7,MFC,0.125,resnet50 avgpool,0.0348397049935998
7,MFC,0.125,clip ln_post,0.015300531074748424
7,MFC,0.125,category,0.0445933434898514
7,MFC,0.125,low-level,0.010784774060836042
7,MFC,0.15,alexnet conv1,0.02208443501265257
7,MFC,0.15,alexnet conv4,0.03071716999723746
7,MFC,0.15,resnet50 avgpool,0.04387424119162287
7,MFC,0.15,clip ln_post,0.023778213985866565
7,MFC,0.15,category,0.056832059145114217
7,MFC,0.15,low-level,0.02871024832656539
7,MFC,0.175,alexnet conv1,-0.002564516167341085
7,MFC,0.175,alexnet conv4,0.01796543407168473
7,MFC,0.175,resnet50 avgpool,0.02135065782161808
7,MFC,0.175,clip ln_post,0.02765557235358015
7,MFC,0.175,category,0.04069018552411893
7,MFC,0.175,low-level,0.008663063158688752
7,MFC,0.2,alexnet conv1,-0.013546640399175447
7,MFC,0.2,alexnet conv4,-0.022780951056486
7,MFC,0.2,resnet50 avgpool,-0.005654607388559112
7,MFC,0.2,clip ln_post,-0.008313388238548984
7,MFC,0.2,category,-0.01141177540828559
7,MFC,0.2,low-level,-0.010553999834067296
7,MFC,0.225,alexnet conv1,-0.0035128019211501872
7,MFC,0.225,alexnet conv4,-0.0008001625583579836
7,MFC,0.225,resnet50 avgpool,0.01434014844998296
7,MFC,0.225,clip ln_post,0.01865695411600334
7,MFC,0.225,category,0.0403830362895274
7,MFC,0.225,low-level,-0.001234966034164938
7,MFC,0.25,alexnet conv1,-0.020283831741616076
7,MFC,0.25,alexnet conv4,-0.01859873434132947
7,MFC,0.25,resnet50 avgpool,-0.01040165870459957
7,MFC,0.25,clip ln_post,-0.00930108505738315
7,MFC,0.25,category,0.019818213690413984
7,MFC,0.25,low-level,-0.0077445404577269235
7,MFC,0.275,alexnet conv1,-0.025187294698204365
7,MFC,0.275,alexnet conv4,-0.03192314285389019
7,MFC,0.275,resnet50 avgpool,-0.02884015250411371
7,MFC,0.275,clip ln_post,-0.010255906561377206
7,MFC,0.275,category,0.02564459840197346
7,MFC,0.275,low-level,-0.0025868753127106666
7,MFC,0.3,alexnet conv1,-0.002113795109473406
7,MFC,0.3,alexnet conv4,0.0014455146530618227
7,MFC,0.3,resnet50 avgpool,-0.005299207544385155
7,MFC,0.3,clip ln_post,-0.014053803966315823
7,MFC,0.3,category,0.04394596741078923
7,MFC,0.3,low-level,0.005387812824304866
7,MFC,0.325,alexnet conv1,-0.011758133999095316
7,MFC,0.325,alexnet conv4,-0.008249529536553885
7,MFC,0.325,resnet50 avgpool,-0.006252997087823692
7,MFC,0.325,clip ln_post,-0.011288350336521518
7,MFC,0.325,category,0.028536526579973787
7,MFC,0.325,low-level,-0.012686329282724349
7,MFC,0.35,alexnet conv1,-0.021111644290731462
7,MFC,0.35,alexnet conv4,-0.034944064052317446
7,MFC,0.35,resnet50 avgpool,-0.029351873897040963
7,MFC,0.35,clip ln_post,-0.03177612533046285
7,MFC,0.35,category,-0.021594953878205033
7,MFC,0.35,low-level,-0.006488202192850659
7,MFC,0.375,alexnet conv1,-0.019182680687898353
7,MFC,0.375,alexnet conv4,-0.03314296527641104
7,MFC,0.375,resnet50 avgpool,-0.0022576020889502496
7,MFC,0.375,clip ln_post,-0.0298524730484254
7,MFC,0.375,category,-0.016940461630933268
7,MFC,0.375,low-level,-0.008217104680686423
7,MFC,0.4,alexnet conv1,0.0020834669353695387
7,MFC,0.4,alexnet conv4,-0.018110956890339203
7,MFC,0.4,resnet50 avgpool,0.0025359365930674037
7,MFC,0.4,clip ln_post,-0.025553198426604137
7,MFC,0.4,category,0.0017105849680328713
7,MFC,0.4,low-level,0.006558887395822149
7,MFC,0.425,alexnet conv1,-0.016718891241922756
7,MFC,0.425,alexnet conv4,-0.01884631068777796
7,MFC,0.425,resnet50 avgpool,0.00037261556709221934
7,MFC,0.425,clip ln_post,-0.014956167475404325
7,MFC,0.425,category,0.01998360173980943
7,MFC,0.425,low-level,-0.0025629436560183896
7,MFC,0.45,alexnet conv1,-0.022466813254206526
7,MFC,0.45,alexnet conv4,-0.022109918705259697
7,MFC,0.45,resnet50 avgpool,0.0034197780482169648
7,MFC,0.45,clip ln_post,-0.011731982808192357
7,MFC,0.45,category,0.010840005294661345
7,MFC,0.45,low-level,-0.002597375101854916
7,MFC,0.475,alexnet conv1,-0.02249071215024625
7,MFC,0.475,alexnet conv4,-0.03537963740345947
7,MFC,0.475,resnet50 avgpool,-0.022500474824707982
7,MFC,0.475,clip ln_post,-0.009651112154537895
7,MFC,0.475,category,-0.01635451539878941
7,MFC,0.475,low-level,-0.003715717308001486
7,MFC,0.5,alexnet conv1,-0.018053932879483633
7,MFC,0.5,alexnet conv4,-0.01461680806573818
7,MFC,0.5,resnet50 avgpool,-0.0005829594319106282
7,MFC,0.5,clip ln_post,0.0023051500810539493
7,MFC,0.5,category,-0.001290026785284458
7,MFC,0.5,low-level,-0.002121817374268096
7,MFC,0.525,alexnet conv1,-0.0197580068877634
7,MFC,0.525,alexnet conv4,-0.018859308476679614
7,MFC,0.525,resnet50 avgpool,0.027233836283061537
7,MFC,0.525,clip ln_post,0.007369152520412138
7,MFC,0.525,category,-0.02873499223924832
7,MFC,0.525,low-level,0.007456140243111888
7,MFC,0.55,alexnet conv1,-0.019179695373434173
7,MFC,0.55,alexnet conv4,-0.013005823451696751
7,MFC,0.55,resnet50 avgpool,0.017080114292088572
7,MFC,0.55,clip ln_post,0.02044166437546853
7,MFC,0.55,category,-0.03549227540026215
7,MFC,0.55,low-level,0.017660817334054394
7,MFC,0.575,alexnet conv1,-0.01483278266771468
7,MFC,0.575,alexnet conv4,-0.012223843055507437
7,MFC,0.575,resnet50 avgpool,-0.0013592804253708649
7,MFC,0.575,clip ln_post,0.018471070173399676
7,MFC,0.575,category,-0.03507171721751373
7,MFC,0.575,low-level,0.015602981514228483
7,MFC,0.6,alexnet conv1,-0.03543384809327678
7,MFC,0.6,alexnet conv4,-0.019885892190097947
7,MFC,0.6,resnet50 avgpool,0.01058946324045934
7,MFC,0.6,clip ln_post,0.010634480472153075
7,MFC,0.6,category,-0.04701745975670461
7,MFC,0.6,low-level,-0.010381678801621882
7,MFC,0.625,alexnet conv1,-0.02899513086611221
7,MFC,0.625,alexnet conv4,-0.029129302118655966
7,MFC,0.625,resnet50 avgpool,-0.019556967048270937
7,MFC,0.625,clip ln_post,-0.02699590385370927
7,MFC,0.625,category,-0.05376056679919883
7,MFC,0.625,low-level,0.0040344334114756795
7,MFC,0.65,alexnet conv1,-0.017239458011040175
7,MFC,0.65,alexnet conv4,-0.005504076285145116
7,MFC,0.65,resnet50 avgpool,-0.017313320997309613
7,MFC,0.65,clip ln_post,-0.008276761828991196
7,MFC,0.65,category,-0.04145569592417785
7,MFC,0.65,low-level,0.01465113713453547
7,MFC,0.675,alexnet conv1,-0.027480454380422757
7,MFC,0.675,alexnet conv4,-0.013036008297945685
7,MFC,0.675,resnet50 avgpool,-0.03296283492341255
7,MFC,0.675,clip ln_post,-0.015523946439936742
7,MFC,0.675,category,-0.024080499991976555
7,MFC,0.675,low-level,0.0062834522094562155
7,MFC,0.7,alexnet conv1,-0.031677327392516594
7,MFC,0.7,alexnet conv4,-0.01149371458215139
7,MFC,0.7,resnet50 avgpool,-0.025740908775587806
7,MFC,0.7,clip ln_post,-0.005239263740370518
7,MFC,0.7,category,-0.01893456896935833
7,MFC,0.7,low-level,-0.012199100572664398
7,MFC,0.725,alexnet conv1,-0.021790019123211914
7,MFC,0.725,alexnet conv4,0.002354221443501511
7,MFC,0.725,resnet50 avgpool,-0.01748305803328466
7,MFC,0.725,clip ln_post,0.009547203554792888
7,MFC,0.725,category,-0.002173671506340113
7,MFC,0.725,low-level,-0.014709922030465932
7,MFC,0.75,alexnet conv1,-0.029851789169803293
7,MFC,0.75,alexnet conv4,-0.02771217047595249
7,MFC,0.75,resnet50 avgpool,-0.03910842621183087
7,MFC,0.75,clip ln_post,-0.03610864791954704
7,MFC,0.75,category,-0.015778019912325296
7,MFC,0.75,low-level,-0.01670436598759567
7,MFC,0.775,alexnet conv1,-0.04652115040014271
7,MFC,0.775,alexnet conv4,-0.03796538656873852
7,MFC,0.775,resnet50 avgpool,-0.034368852514736356
7,MFC,0.775,clip ln_post,-0.011996664310356732
7,MFC,0.775,category,-0.0050845011756999155
7,MFC,0.775,low-level,-0.022999288520528113
7,MFC,0.8,alexnet conv1,-0.031095506393282294
7,MFC,0.8,alexnet conv4,-0.018312627372393368
7,MFC,0.8,resnet50 avgpool,-0.02328707037782615
7,MFC,0.8,clip ln_post,0.017373768496357304
7,MFC,0.8,category,-0.00026934625187257917
7,MFC,0.8,low-level,-0.01664008139711734
7,MFC,0.825,alexnet conv1,-0.02116576898383581
7,MFC,0.825,alexnet conv4,-0.0260483797850721
7,MFC,0.825,resnet50 avgpool,-0.020959978849722706
7,MFC,0.825,clip ln_post,0.01018943929242232
7,MFC,0.825,category,-0.005330220563373146
7,MFC,0.825,low-level,-0.028599488655354572
7,MFC,0.85,alexnet conv1,-0.009726129953809936
7,MFC,0.85,alexnet conv4,-0.0077801799526264585
7,MFC,0.85,resnet50 avgpool,-0.01785030085335767
7,MFC,0.85,clip ln_post,0.009946236493090082
7,MFC,0.85,category,-0.010617912771187461
7,MFC,0.85,low-level,-0.02568687417427799
7,MFC,0.875,alexnet conv1,0.021684230881026494
7,MFC,0.875,alexnet conv4,0.04141129942753217
7,MFC,0.875,resnet50 avgpool,0.00870004174526152
7,MFC,0.875,clip ln_post,0.026132177439229194
7,MFC,0.875,category,0.03281298900005596
7,MFC,0.875,low-level,-0.010007580815001495
7,MFC,0.9,alexnet conv1,0.028030075753275922
7,MFC,0.9,alexnet conv4,0.018181068781890956
7,MFC,0.9,resnet50 avgpool,0.023185541020473033
7,MFC,0.9,clip ln_post,0.023531366563937447
7,MFC,0.9,category,0.011463754509524159
7,MFC,0.9,low-level,-0.004671587152877339
7,MFC,0.925,alexnet conv1,0.0018465746567359299
7,MFC,0.925,alexnet conv4,0.0031863420184280304
7,MFC,0.925,resnet50 avgpool,0.0021505525616414196
7,MFC,0.925,clip ln_post,0.026641765294658726
7,MFC,0.925,category,0.024226986550012517
7,MFC,0.925,low-level,-0.010328016852734889
7,MFC,0.95,alexnet conv1,-0.0013779130465121823
7,MFC,0.95,alexnet conv4,0.003907129610724003
7,MFC,0.95,resnet50 avgpool,0.013282847529711659
7,MFC,0.95,clip ln_post,0.021694390778400477
7,MFC,0.95,category,0.04721120004313927
7,MFC,0.95,low-level,-0.003708862141454109
7,MFC,0.975,alexnet conv1,0.01820054089475403
7,MFC,0.975,alexnet conv4,0.013906716826501795
7,MFC,0.975,resnet50 avgpool,0.02363439472114501
7,MFC,0.975,clip ln_post,0.010233383612744843
7,MFC,0.975,category,0.05248944150527385
7,MFC,0.975,low-level,0.02358729309293239
7,MFC,1.0,alexnet conv1,0.04337628336785078
7,MFC,1.0,alexnet conv4,0.030416206072367134
7,MFC,1.0,resnet50 avgpool,0.050323908666904345
7,MFC,1.0,clip ln_post,0.02636816470483594
7,MFC,1.0,category,0.0696047419312823
7,MFC,1.0,low-level,0.02996126708048285
7,MFC,1.025,alexnet conv1,0.016847747078589284
7,MFC,1.025,alexnet conv4,0.039039002293982786
7,MFC,1.025,resnet50 avgpool,0.048669598089857394
7,MFC,1.025,clip ln_post,0.020725285629891933
7,MFC,1.025,category,0.058358354572392156
7,MFC,1.025,low-level,0.024099268380916954
7,MFC,1.05,alexnet conv1,0.018400315354041505
7,MFC,1.05,alexnet conv4,0.055588533247434894
7,MFC,1.05,resnet50 avgpool,0.06286921562561912
7,MFC,1.05,clip ln_post,0.019311819085193176
7,MFC,1.05,category,0.06210084986156904
7,MFC,1.05,low-level,0.014496437238083701
7,MFC,1.075,alexnet conv1,0.016421752123238365
7,MFC,1.075,alexnet conv4,0.041992915672687994
7,MFC,1.075,resnet50 avgpool,0.063442441048639
7,MFC,1.075,clip ln_post,0.01023555400597669
7,MFC,1.075,category,0.05032522074461348
7,MFC,1.075,low-level,0.006857169042264435
7,MFC,1.1,alexnet conv1,-0.005257933217245961
7,MFC,1.1,alexnet conv4,0.012033687942826764
7,MFC,1.1,resnet50 avgpool,0.044507213854742045
7,MFC,1.1,clip ln_post,0.021117877004880273
7,MFC,1.1,category,0.026721983409463777
7,MFC,1.1,low-level,0.011481466193176955
7,MFC,1.125,alexnet conv1,-0.010273314753129235
7,MFC,1.125,alexnet conv4,0.016224127581774887
7,MFC,1.125,resnet50 avgpool,-0.0015377399850889889
7,MFC,1.125,clip ln_post,0.0027696388031583563
7,MFC,1.125,category,-0.0004205581827484131
7,MFC,1.125,low-level,-0.014110844357497671
7,MFC,1.15,alexnet conv1,-0.019706363814090175
7,MFC,1.15,alexnet conv4,0.005670561826353963
7,MFC,1.15,resnet50 avgpool,-0.0028724048751454672
7,MFC,1.15,clip ln_post,0.0028789283400857137
7,MFC,1.15,category,0.014880199072750034
7,MFC,1.15,low-level,0.006746552698908553
7,MFC,1.175,alexnet conv1,-0.03610072393671002
7,MFC,1.175,alexnet conv4,-0.03310303004094508
7,MFC,1.175,resnet50 avgpool,-0.018848571172804335
7,MFC,1.175,clip ln_post,0.007476120146089578
7,MFC,1.175,category,0.0202860256015611
7,MFC,1.175,low-level,-0.0038377630240178993
7,MFC,1.2,alexnet conv1,-0.02373539581297566
7,MFC,1.2,alexnet conv4,-0.018343737707077014
7,MFC,1.2,resnet50 avgpool,-0.02091080511023591
7,MFC,1.2,clip ln_post,0.005148185031182817
7,MFC,1.2,category,0.0007277074173399508
7,MFC,1.2,low-level,-0.0022496166798896848
8,MTL,-0.2,alexnet conv1,0.005179381362579423
8,MTL,-0.2,alexnet conv4,-0.05089753131283646
8,MTL,-0.2,resnet50 avgpool,-0.025662029314395714
8,MTL,-0.2,clip ln_post,-0.03299691828731567
8,MTL,-0.2,category,-0.033247723301323986
8,MTL,-0.2,low-level,-0.01528238986339545
8,MTL,-0.175,alexnet conv1,0.013051659699704392
8,MTL,-0.175,alexnet conv4,-0.030594604205861717
8,MTL,-0.175,resnet50 avgpool,-0.025882574027403793
8,MTL,-0.175,clip ln_post,-0.030143608777528877
8,MTL,-0.175,category,-0.014662831922116022
8,MTL,-0.175,low-level,-0.013484407444563447
8,MTL,-0.15,alexnet conv1,0.0023110142378615023
8,MTL,-0.15,alexnet conv4,-0.015417756879757511
8,MTL,-0.15,resnet50 avgpool,-0.013258027240318795
8,MTL,-0.15,clip ln_post,-0.02578859600046487
8,MTL,-0.15,category,-0.025058652169829606
8,MTL,-0.15,low-level,-0.02403169134485673
8,MTL,-0.125,alexnet conv1,-0.018003010540166647
8,MTL,-0.125,alexnet conv4,-0.012930695085222333
8,MTL,-0.125,resnet50 avgpool,-0.010402862658581011
8,MTL,-0.125,clip ln_post,-0.01665431999573456
8,MTL,-0.125,category,0.0014790416988792506
8,MTL,-0.125,low-level,-0.03708297020197515
8,MTL,-0.1,alexnet conv1,-0.016398037505869274
8,MTL,-0.1,alexnet conv4,-0.0015551932227382843
8,MTL,-0.1,resnet50 avgpool,0.004918049637138917
8,MTL,-0.1,clip ln_post,-0.005905951210051558
8,MTL,-0.1,category,0.006407605570863463
8,MTL,-0.1,low-level,-0.030594665632085256
8,MTL,-0.075,alexnet conv1,0.0063242801727043324
8,MTL,-0.075,alexnet conv4,0.019186849480936127
8,MTL,-0.075,resnet50 avgpool,0.012413277433831877
8,MTL,-0.075,clip ln_post,0.01608982119153933
8,MTL,-0.075,category,0.01924171820394987
8,MTL,-0.075,low-level,-0.025894273675447912
8,MTL,-0.05,alexnet conv1,-0.005234054796614087
8,MTL,-0.05,alexnet conv4,-0.0009532367074266516
8,MTL,-0.05,resnet50 avgpool,-0.014669118637707233
8,MTL,-0.05,clip ln_post,0.014764083579304406
8,MTL,-0.05,category,0.004451301215157361
8,MTL,-0.05,low-level,-0.026570973619566434
8,MTL,-0.025,alexnet conv1,-0.022108841698806912
8,MTL,-0.025,alexnet conv4,-0.0017684773561236088
8,MTL,-0.025,resnet50 avgpool,-0.02023752865430951
8,MTL,-0.025,clip ln_post,0.0025408793565218145
8,MTL,-0.025,category,-0.00793390099814141
8,MTL,-0.025,low-level,-0.02539970248413381
8,MTL,-0.0,alexnet conv1,-0.004817318820691857
8,MTL,-0.0,alexnet conv4,0.0009728439579815146
8,MTL,-0.0,resnet50 avgpool,-0.014531335523219153
8,MTL,-0.0,clip ln_post,0.004587023718466745
8,MTL,-0.0,category,-0.009814599388409596
8,MTL,-0.0,low-level,-0.016484087454889603
8,MTL,0.025,alexnet conv1,0.035578797600511525
8,MTL,0.025,alexnet conv4,0.03428768390294689
8,MTL,0.025,resnet50 avgpool,0.0012410840860298013
8,MTL,0.025,clip ln_post,0.03845310259350525
8,MTL,0.025,category,0.025668225266172805
8,MTL,0.025,low-level,-0.014318530514377462
8,MTL,0.05,alexnet conv1,0.01936254076551325
8,MTL,0.05,alexnet conv4,0.0019512367514897292
8,MTL,0.05,resnet50 avgpool,-0.01395003459934418
8,MTL,0.05,clip ln_post,0.016496221181580093
8,MTL,0.05,category,-0.008850623329076155
8,MTL,0.05,low-level,-0.01356564567273959
8,MTL,0.075,alexnet conv1,0.009185358052228506
8,MTL,0.075,alexnet conv4,-0.01999186061587242
8,MTL,0.075,resnet50 avgpool,-0.03109129664942883
8,MTL,0.075,clip ln_post,-0.006394850713391875
8,MTL,0.075,category,-0.03830387223998468
8,MTL,0.075,low-level,-0.012872589972832409
8,MTL,0.1,alexnet conv1,0.009296011251318514
8,MTL,0.1,alexnet conv4,-0.012491755577030162
8,MTL,0.1,resnet50 avgpool,-0.025455690439352294
8,MTL,0.1,clip ln_post,0.00616689799782453
8,MTL,0.1,category,-0.03355487253591552
8,MTL,0.1,low-level,-0.01128253122561123
8,MTL,0.125,alexnet conv1,0.014814952682560986
8,MTL,0.125,alexnet conv4,-0.010174017215231507
8,MTL,0.125,resnet50 avgpool,-0.028097525841807486
8,MTL,0.125,clip ln_post,-0.008644770429317704
8,MTL,0.125,category,-0.03757143944980486
8,MTL,0.125,low-level,0.004378674158372693
8,MTL,0.15,alexnet conv1,-0.019529886273851698
8,MTL,0.15,alexnet conv4,-0.043738792273629416
8,MTL,0.15,resnet50 avgpool,-0.03928453519472809
8,MTL,0.15,clip ln_post,-0.011212022111147229
8,MTL,0.15,category,-0.03846926028938012
8,MTL,0.15,low-level,-0.006797978733258589
8,MTL,0.175,alexnet conv1,-0.01324928424116787
8,MTL,0.175,alexnet conv4,-0.021653865851188503
8,MTL,0.175,resnet50 avgpool,0.0012318906279062281
8,MTL,0.175,clip ln_post,-0.0005780207635377868
8,MTL,0.175,category,-0.010353291892154755
8,MTL,0.175,low-level,0.0026719547273990193
8,MTL,0.2,alexnet conv1,-0.013028182597066331
8,MTL,0.2,alexnet conv4,-0.012386782256077079
8,MTL,0.2,resnet50 avgpool,0.019448480147331203
8,MTL,0.2,clip ln_post,-0.010908523330785375
8,MTL,0.2,category,-0.013056205156560287
8,MTL,0.2,low-level,0.0020221553741106815
8,MTL,0.225,alexnet conv1,0.001399109188716019
8,MTL,0.225,alexnet conv4,-0.007125622114554338
8,MTL,0.225,resnet50 avgpool,0.02888741384050755
8,MTL,0.225,clip ln_post,-0.013985506195899364
8,MTL,0.225,category,-0.013783912573900237
8,MTL,0.225,low-level,0.01612150893272428
8,MTL,0.25,alexnet conv1,0.015645046192110594
8,MTL,0.25,alexnet conv4,-0.009818617371057551
8,MTL,0.25,resnet50 avgpool,0.027228737906507483
8,MTL,0.25,clip ln_post,-0.01689415254293509
8,MTL,0.25,category,-0.00298171026195785
8,MTL,0.25,low-level,0.03050022895601055
8,MTL,0.275,alexnet conv1,0.006766491651070548
8,MTL,0.275,alexnet conv4,-0.008181145769424466
8,MTL,0.275,resnet50 avgpool,0.04986121768560896
8,MTL,0.275,clip ln_post,0.009880326155228653
8,MTL,0.275,category,0.013155437986197551
8,MTL,0.275,low-level,0.050982623012769526
8,MTL,0.3,alexnet conv1,-0.0008071037216183205
8,MTL,0.3,alexnet conv4,-0.002189001282497646
8,MTL,0.3,resnet50 avgpool,0.0794042827509677
8,MTL,0.3,clip ln_post,0.026990285401795888
8,MTL,0.3,category,0.04868551636917865
8,MTL,0.3,low-level,0.02513656482772115
8,MTL,0.325,alexnet conv1,-0.019695085959447717
8,MTL,0.325,alexnet conv4,-0.02648381799852233
8,MTL,0.325,resnet50 avgpool,0.058388610791899505
8,MTL,0.325,clip ln_post,0.007990302683040114
8,MTL,0.325,category,0.02898543699976142
8,MTL,0.325,low-level,0.005342050287765477
8,MTL,0.35,alexnet conv1,0.001973280575578457
8,MTL,0.35,alexnet conv4,-0.020176282614355768
8,MTL,0.35,resnet50 avgpool,0.06808931028916272
8,MTL,0.35,clip ln_post,0.02184270644268536
8,MTL,0.35,category,0.05636897260680697
8,MTL,0.35,low-level,0.009093853454557576
8,MTL,0.375,alexnet conv1,0.01872891288934295
8,MTL,0.375,alexnet conv4,0.009539083008040529
8,MTL,0.375,resnet50 avgpool,0.07009587568773823
8,MTL,0.375,clip ln_post,0.05196243679958237
8,MTL,0.375,category,0.0771180847466753
8,MTL,0.375,low-level,0.019224679844475356
8,MTL,0.4,alexnet conv1,0.05550295423279506
8,MTL,0.4,alexnet conv4,0.026496250666167395
8,MTL,0.4,resnet50 avgpool,0.08518354032742141
8,MTL,0.4,clip ln_post,0.05970341863142537
8,MTL,0.4,category,0.08855348701916023
8,MTL,0.4,low-level,0.04642972770410317
8,MTL,0.425,alexnet conv1,0.03797161928288733
8,MTL,0.425,alexnet conv4,0.027023033769107342
8,MTL,0.425,resnet50 avgpool,0.06701269696420956
8,MTL,0.425,clip ln_post,0.04743599571785511
8,MTL,0.425,category,0.07297865813894934
8,MTL,0.425,low-level,0.026883379202341993
8,MTL,0.45,alexnet conv1,0.034788053729763437
8,MTL,0.45,alexnet conv4,0.009408073158468436
8,MTL,0.45,resnet50 avgpool,0.060773107173444474
8,MTL,0.45,clip ln_post,0.051489958573335826
8,MTL,0.45,category,0.07393318345260305
8,MTL,0.45,low-level,0.023093356639261563
8,MTL,0.475,alexnet conv1,0.032837029922515325
8,MTL,0.475,alexnet conv4,0.014652513081942826
8,MTL,0.475,resnet50 avgpool,0.04847097025340938
8,MTL,0.475,clip ln_post,0.04668097733871951
8,MTL,0.475,category,0.056236662167290605
8,MTL,0.475,low-level,0.0011385432435290135
8,MTL,0.5,alexnet conv1,0.004503312061022612
8,MTL,0.5,alexnet conv4,0.012476988712890472
8,MTL,0.5,resnet50 avgpool,0.016909476338168233
8,MTL,0.5,clip ln_post,0.01763011241244613
8,MTL,0.5,category,0.04393651666510949
8,MTL,0.5,low-level,-0.018032916920868856
8,MTL,0.525,alexnet conv1,-0.018032589314343293
8,MTL,0.525,alexnet conv4,-0.003321119343044082
8,MTL,0.525,resnet50 avgpool,0.020907160487639034
8,MTL,0.525,clip ln_post,0.011088817487046643
8,MTL,0.525,category,0.04089337655623333
8,MTL,0.525,low-level,-0.024818344229116867
8,MTL,0.55,alexnet conv1,0.006511347593881587
8,MTL,0.55,alexnet conv4,0.01511534329601158
8,MTL,0.55,resnet50 avgpool,0.03370926591649686
8,MTL,0.55,clip ln_post,0.027576025394092218
8,MTL,0.55,category,0.0309133891184283
8,MTL,0.55,low-level,-0.011433152420819756
8,MTL,0.575,alexnet conv1,0.0029125735302608915
8,MTL,0.575,alexnet conv4,0.02597535629052441
8,MTL,0.575,resnet50 avgpool,0.05390280110950502
8,MTL,0.575,clip ln_post,0.039715374631575755
8,MTL,0.575,category,0.04262286301562568
8,MTL,0.575,low-level,0.01404661300307975
8,MTL,0.6,alexnet conv1,0.0025515593292551237
8,MTL,0.6,alexnet conv4,0.05742856805890431
8,MTL,0.6,resnet50 avgpool,0.08639340760664678
8,MTL,0.6,clip ln_post,0.05233397126514023
8,MTL,0.6,category,0.04209834663040014
8,MTL,0.6,low-level,0.019186255694108544
8,MTL,0.625,alexnet conv1,-0.0016453382533281342
8,MTL,0.625,alexnet conv4,0.07754388719393464
8,MTL,0.625,resnet50 avgpool,0.09525736318189147
8,MTL,0.625,clip ln_post,0.048177971262191775
8,MTL,0.625,category,0.05564126518946701
8,MTL,0.625,low-level,0.025712918893060138
8,MTL,0.65,alexnet conv1,-0.018139094195803375
8,MTL,0.65,alexnet conv4,0.0634460815761543
8,MTL,0.65,resnet50 avgpool,0.08881116833578095
8,MTL,0.65,clip ln_post,0.03731512447123283
8,MTL,0.65,category,0.029680066807222277
8,MTL,0.65,low-level,0.0034829733469978015
8,MTL,0.675,alexnet conv1,-0.010783729815035812
8,MTL,0.675,alexnet conv4,0.051557826360187485
8,MTL,0.675,resnet50 avgpool,0.07320299835320389
8,MTL,0.675,clip ln_post,0.049829787934562886
8,MTL,0.675,category,0.028035637058947585
8,MTL,0.675,low-level,0.005866294440132323
8,MTL,0.7,alexnet conv1,-0.002989221171997603
8,MTL,0.7,alexnet conv4,0.026472323104556685
8,MTL,0.7,resnet50 avgpool,0.03119177766590015
8,MTL,0.7,clip ln_post,0.015614849060616954
8,MTL,0.7,category,0.003780298271895848
8,MTL,0.7,low-level,0.0026305944035468647
8,MTL,0.725,alexnet conv1,0.005248248349334045
8,MTL,0.725,alexnet conv4,0.02411720074310988
8,MTL,0.725,resnet50 avgpool,0.04254013323265985
8,MTL,0.725,clip ln_post,0.0231279477932793
8,MTL,0.725,category,-0.0016113521383956054
8,MTL,0.725,low-level,0.005020725617331499
8,MTL,0.75,alexnet conv1,-0.0038595857137018724
8,MTL,0.75,alexnet conv4,0.002717721359019978
8,MTL,0.75,resnet50 avgpool,0.025146966334907726
8,MTL,0.75,clip ln_post,0.009693357016009067
8,MTL,0.75,category,-0.008430065146327742
8,MTL,0.75,low-level,-0.0021783254048459064
8,MTL,0.775,alexnet conv1,0.001012525298390166
8,MTL,0.775,alexnet conv4,-0.001406365673257209
8,MTL,0.775,resnet50 avgpool,0.023044227945672027
8,MTL,0.775,clip ln_post,0.004211594830336266
8,MTL,0.775,category,0.010603736652667855
8,MTL,0.775,low-level,0.015558046184166136
8,MTL,0.8,alexnet conv1,0.005162014121643087
8,MTL,0.8,alexnet conv4,-0.015584123663600843
8,MTL,0.8,resnet50 avgpool,0.007941710445136186
8,MTL,0.8,clip ln_post,-0.008424205240901773
8,MTL,0.8,category,0.006317823486905936
8,MTL,0.8,low-level,0.004315188108800419
8,MTL,0.825,alexnet conv1,0.044295674226105336
8,MTL,0.825,alexnet conv4,0.009243901338346369
8,MTL,0.825,resnet50 avgpool,0.01933524295177083
8,MTL,0.825,clip ln_post,-0.01315905730894663
8,MTL,0.825,category,0.015560652761691284
8,MTL,0.825,low-level,0.01668260062905367
8,MTL,0.85,alexnet conv1,0.033760536337747254
8,MTL,0.85,alexnet conv4,0.01804320376577149
8,MTL,0.85,resnet50 avgpool,0.013636380016689915
8,MTL,0.85,clip ln_post,-0.008141112252000836
8,MTL,0.85,category,0.011090450055174445
8,MTL,0.85,low-level,0.0171972541003847
8,MTL,0.875,alexnet conv1,0.042996435886706784
8,MTL,0.875,alexnet conv4,0.008138647012895985
8,MTL,0.875,resnet50 avgpool,0.01188988505843149
8,MTL,0.875,clip ln_post,-0.0019586693245384084
8,MTL,0.875,category,0.007674005491948572
8,MTL,0.875,low-level,0.018722053627714005
8,MTL,0.9,alexnet conv1,0.022794534442052098
8,MTL,0.9,alexnet conv4,0.012579853066835253
8,MTL,0.9,resnet50 avgpool,-0.014235674728981358
8,MTL,0.9,clip ln_post,-0.0015805786333877407
8,MTL,0.9,category,0.017082222816129363
8,MTL,0.9,low-level,0.0031047843738894647
8,MTL,0.925,alexnet conv1,-0.0015523717115368848
8,MTL,0.925,alexnet conv4,-0.007392003075570061
8,MTL,0.925,resnet50 avgpool,-0.03348915528213515
8,MTL,0.925,clip ln_post,-0.024844044961047175
8,MTL,0.925,category,0.005552313086847027
8,MTL,0.925,low-level,-0.00752526931508696
8,MTL,0.95,alexnet conv1,-0.0221907597105236
8,MTL,0.95,alexnet conv4,-0.007247979056770034
8,MTL,0.95,resnet50 avgpool,-0.025946191119586293
8,MTL,0.95,clip ln_post,-0.03502821388348952
8,MTL,0.95,category,0.003548755002742228
8,MTL,0.95,low-level,-0.011800071729448771
8,MTL,0.975,alexnet conv1,0.007649423998111676
8,MTL,0.975,alexnet conv4,-0.010347120408256699
8,MTL,0.975,resnet50 avgpool,-0.017289205061946707
8,MTL,0.975,clip ln_post,-0.01973484920148776
8,MTL,0.975,category,0.028281356446620814
8,MTL,0.975,low-level,0.00035478148685695853
8,MTL,1.0,alexnet conv1,0.003106807344184808
8,MTL,1.0,alexnet conv4,-0.001281068462474597
8,MTL,1.0,resnet50 avgpool,-0.017579386637044486
8,MTL,1.0,clip ln_post,-0.02067290134645463
8,MTL,1.0,category,0.03261452334078143
8,MTL,1.0,low-level,0.007363050848873553
8,MTL,1.025,alexnet conv1,0.01817056899274671
8,MTL,1.025,alexnet conv4,0.00027790861563392394
8,MTL,1.025,resnet50 avgpool,-0.03623456348764665
8,MTL,1.025,clip ln_post,-0.015285674118814204
8,MTL,1.025,category,0.037703749889321216
8,MTL,1.025,low-level,-0.00011123470067287923
8,MTL,1.05,alexnet conv1,0.01323828075699057
8,MTL,1.05,alexnet conv4,-0.0030125795172701465
8,MTL,1.05,resnet50 avgpool,-0.01340234610499183
8,MTL,1.05,clip ln_post,0.0006288980569575068
8,MTL,1.05,category,0.0579141695254444
8,MTL,1.05,low-level,0.003531201122642042
8,MTL,1.075,alexnet conv1,-0.017313374233370017
8,MTL,1.075,alexnet conv4,-0.012671013677654344
8,MTL,1.075,resnet50 avgpool,0.010752443391844677
8,MTL,1.075,clip ln_post,-0.008539494072328476
8,MTL,1.075,category,0.03971675871910575
8,MTL,1.075,low-level,-0.0019979534420348165
8,MTL,1.1,alexnet conv1,-0.011634912994668449
8,MTL,1.1,alexnet conv4,0.007534556960086632
8,MTL,1.1,resnet50 avgpool,0.03622260994454522
8,MTL,1.1,clip ln_post,0.0188491936252029
8,MTL,1.1,category,0.05344396681892755
8,MTL,1.1,low-level,0.010729101426898412
8,MTL,1.125,alexnet conv1,0.0016077617848462159
8,MTL,1.125,alexnet conv4,0.006691838314058194
8,MTL,1.125,resnet50 avgpool,0.035779427931847026
8,MTL,1.125,clip ln_post,0.033344197584737265
8,MTL,1.125,category,0.06821548231636058
8,MTL,1.125,low-level,0.006812315613833479
8,MTL,1.15,alexnet conv1,0.004281862334987664
8,MTL,1.15,alexnet conv4,0.0036429968494899453
8,MTL,1.15,resnet50 avgpool,0.040363605568622965
8,MTL,1.15,clip ln_post,0.034878084098069334
8,MTL,1.15,category,0.07152324330426946
8,MTL,1.15,low-level,0.001555844340707838
8,MTL,1.175,alexnet conv1,0.017675277067076372
8,MTL,1.175,alexnet conv4,-0.007478745093375639
8,MTL,1.175,resnet50 avgpool,0.018899456656387193
8,MTL,1.175,clip ln_post,0.030941035821398424
8,MTL,1.175,category,0.043549036092240166
8,MTL,1.175,low-level,0.0029264968075972606
8,MTL,1.2,alexnet conv1,0.029827030306633973
8,MTL,1.2,alexnet conv4,0.004640812614882394
8,MTL,1.2,resnet50 avgpool,0.02724927064549706
8,MTL,1.2,clip ln_post,0.007359418511521389
8,MTL,1.2,category,0.030955917473987123
8,MTL,1.2,low-level,-0.02596411119653451
8,MFC,-0.2,alexnet conv1,0.0010771170199862094
8,MFC,-0.2,alexnet conv4,-0.03391585459151602
8,MFC,-0.2,resnet50 avgpool,-0.028183358751504635
8,MFC,-0.2,clip ln_post,-0.04238169862181668
8,MFC,-0.2,category,-0.0366877947287492
8,MFC,-0.2,low-level,-0.011414290475110543
8,MFC,-0.175,alexnet conv1,0.006552421262023877
8,MFC,-0.175,alexnet conv4,-0.0201127556139678
8,MFC,-0.175,resnet50 avgpool,-0.027081818665037803
8,MFC,-0.175,clip ln_post,-0.02513531992292401
8,MFC,-0.175,category,-0.02072075990282912
8,MFC,-0.175,low-level,-0.009681939928593243
8,MFC,-0.15,alexnet conv1,0.0009884503138429563
8,MFC,-0.15,alexnet conv4,-0.024854368661683935
8,MFC,-0.15,resnet50 avgpool,-0.04192656306601705
8,MFC,-0.15,clip ln_post,-0.028235534185781896
8,MFC,-0.15,category,-0.027095287863813496
8,MFC,-0.15,low-level,-0.005652113483883274
8,MFC,-0.125,alexnet conv1,0.014121479284333717
8,MFC,-0.125,alexnet conv4,-0.022887816305124195
8,MFC,-0.125,resnet50 avgpool,-0.027804621037465983
8,MFC,-0.125,clip ln_post,-0.031156064459532357
8,MFC,-0.125,category,-0.029916335449215768
8,MFC,-0.125,low-level,-0.019356500520198213
8,MFC,-0.1,alexnet conv1,0.016661990083514273
8,MFC,-0.1,alexnet conv4,-0.011685081838976642
8,MFC,-0.1,resnet50 avgpool,-0.012352535088911182
8,MFC,-0.1,clip ln_post,-0.042487081450926716
8,MFC,-0.1,category,-0.023267735863518945
8,MFC,-0.1,low-level,-0.01967167437811477
8,MFC,-0.075,alexnet conv1,0.032188893172344205
8,MFC,-0.075,alexnet conv4,0.021709927517875236
8,MFC,-0.075,resnet50 avgpool,0.009252902327636174
8,MFC,-0.075,clip ln_post,-0.03259859379813
8,MFC,-0.075,category,0.0012947521581243278
8,MFC,-0.075,low-level,-0.011899778775503451
8,MFC,-0.05,alexnet conv1,0.03433671021949719
8,MFC,-0.05,alexnet conv4,0.015055567390341291
8,MFC,-0.05,resnet50 avgpool,0.001142986407031943
8,MFC,-0.05,clip ln_post,-0.041942775493950785
8,MFC,-0.05,category,-0.01948271221878323
8,MFC,-0.05,low-level,-0.016267588682472207
8,MFC,-0.025,alexnet conv1,0.020381794282922142
8,MFC,-0.025,alexnet conv4,0.006106974669217738
8,MFC,-0.025,resnet50 avgpool,0.0010042696139460133
8,MFC,-0.025,clip ln_post,-0.038734291369476356
8,MFC,-0.025,category,-0.0022351013532584205
8,MFC,-0.025,low-level,-0.015698830993444674
8,MFC,-0.0,alexnet conv1,0.0065782120857487145
8,MFC,-0.0,alexnet conv4,0.008480164530549268
8,MFC,-0.0,resnet50 avgpool,-0.015686451561860014
8,MFC,-0.0,clip ln_post,-0.03148574309636816
8,MFC,-0.0,category,-0.0065588175017392975
8,MFC,-0.0,low-level,-0.02135964243058161
8,MFC,0.025,alexnet conv1,0.018689968663616812
8,MFC,0.025,alexnet conv4,0.03047239878166409
8,MFC,0.025,resnet50 avgpool,-0.0026317328362231917
8,MFC,0.025,clip ln_post,-0.002812297267868049
8,MFC,0.025,category,0.027874974382392014
8,MFC,0.025,low-level,-0.009822356180530522
8,MFC,0.05,alexnet conv1,0.031493474610371414
8,MFC,0.05,alexnet conv4,0.039942160248895776
8,MFC,0.05,resnet50 avgpool,0.008699288250252728
8,MFC,0.05,clip ln_post,-0.0002221704603911835
8,MFC,0.05,category,0.030266013039366133
8,MFC,0.05,low-level,-0.0002616757122923456
8,MFC,0.075,alexnet conv1,0.05936531231671951
8,MFC,0.075,alexnet conv4,0.06414114386603055
8,MFC,0.075,resnet50 avgpool,0.014504230178310498
8,MFC,0.075,clip ln_post,0.015485387151878138
8,MFC,0.075,category,0.03326662479268346
8,MFC,0.075,low-level,0.01969924246724078
8,MFC,0.1,alexnet conv1,0.0400369040560882
8,MFC,0.1,alexnet conv4,0.06776098302924487
8,MFC,0.1,resnet50 avgpool,0.030446263971087413
8,MFC,0.1,clip ln_post,0.021169311229393445
8,MFC,0.1,category,0.06234656924924227
8,MFC,0.1,low-level,0.025788485433262495
8,MFC,0.125,alexnet conv1,0.03570464764730602
8,MFC,0.125,alexnet conv4,0.03413023620676198
8,MFC,0.125,resnet50 avgpool,-0.005763524273063643
8,MFC,0.125,clip ln_post,-0.02130125885264496
8,MFC,0.125,category,0.056269739777169696
8,MFC,0.125,low-level,0.02124923493638577
8,MFC,0.15,alexnet conv1,0.03457344278994959
8,MFC,0.15,alexnet conv4,0.034695852968225686
8,MFC,0.15,resnet50 avgpool,0.007291579390240716
8,MFC,0.15,clip ln_post,-0.027670920719302716
8,MFC,0.15,category,0.04528324792447239
8,MFC,0.15,low-level,0.03371845527953887
8,MFC,0.175,alexnet conv1,0.025804869854622145
8,MFC,0.175,alexnet conv4,0.02948106553039619
8,MFC,0.175,resnet50 avgpool,0.019330926735796557
8,MFC,0.175,clip ln_post,-0.004087550714513927
8,MFC,0.175,category,0.043941242037949364
8,MFC,0.175,low-level,0.007289466328150843
8,MFC,0.2,alexnet conv1,0.012206561811284062
8,MFC,0.2,alexnet conv4,0.0359894278098136
8,MFC,0.2,resnet50 avgpool,0.007338304270948943
8,MFC,0.2,clip ln_post,-0.01852910157432135
8,MFC,0.2,category,0.009918557590886732
8,MFC,0.2,low-level,0.014150963871634262
8,MFC,0.225,alexnet conv1,0.004172097768598243
8,MFC,0.225,alexnet conv4,0.0251244925272542
8,MFC,0.225,resnet50 avgpool,0.030347302229878383
8,MFC,0.225,clip ln_post,0.014072002508810773
8,MFC,0.225,category,0.009857127743968424
8,MFC,0.225,low-level,0.015352706509025683
8,MFC,0.25,alexnet conv1,-0.0015530842557299816
8,MFC,0.25,alexnet conv4,0.012015968524875449
8,MFC,0.25,resnet50 avgpool,0.011961057576109753
8,MFC,0.25,clip ln_post,-0.00746704954041309
8,MFC,0.25,category,-0.000945074567973962
8,MFC,0.25,low-level,0.013619401808502683
8,MFC,0.275,alexnet conv1,-0.0078333382064804
8,MFC,0.275,alexnet conv4,0.012049257442954079
8,MFC,0.275,resnet50 avgpool,0.024724345726770094
8,MFC,0.275,clip ln_post,-0.001169629007723242
8,MFC,0.275,category,0.007829942795664275
8,MFC,0.275,low-level,-0.015045579486393231
8,MFC,0.3,alexnet conv1,0.0007365249907676385
8,MFC,0.3,alexnet conv4,0.0002776833861476003
8,MFC,0.3,resnet50 avgpool,0.004612093807835348
8,MFC,0.3,clip ln_post,-0.0038143145869508257
8,MFC,0.3,category,-0.011780354489795435
8,MFC,0.3,low-level,-0.00328058622566897
8,MFC,0.325,alexnet conv1,-0.0018059391623215803
8,MFC,0.325,alexnet conv4,-0.006171943138318177
8,MFC,0.325,resnet50 avgpool,0.02810196900531042
8,MFC,0.325,clip ln_post,0.008009602802477263
8,MFC,0.325,category,7.088059259804714e-05
8,MFC,0.325,low-level,0.014323428231934608
8,MFC,0.35,alexnet conv1,0.018199816065316222
8,MFC,0.35,alexnet conv4,-0.012201082592144046
8,MFC,0.35,resnet50 avgpool,0.003310701455531222
8,MFC,0.35,clip ln_post,-0.014514471977315868
8,MFC,0.35,category,-0.0030100624989970693
8,MFC,0.35,low-level,0.016495525017713276
8,MFC,0.375,alexnet conv1,0.038818150449856995
8,MFC,0.375,alexnet conv4,-0.004967624694619529
8,MFC,0.375,resnet50 avgpool,0.022446939823349644
8,MFC,0.375,clip ln_post,-0.002911623471336763
8,MFC,0.375,category,0.02163275686092399
8,MFC,0.375,low-level,-0.0021372844973561746
8,MFC,0.4,alexnet conv1,0.057349320040370945
8,MFC,0.4,alexnet conv4,-0.0009552555826404252
8,MFC,0.4,resnet50 avgpool,0.027763825834870418
8,MFC,0.4,clip ln_post,-0.0016112507943434472
8,MFC,0.4,category,0.01492745280114873
8,MFC,0.4,low-level,0.0032003021514985255
8,MFC,0.425,alexnet conv1,0.04432566250843894
8,MFC,0.425,alexnet conv4,-0.009643712342141772
8,MFC,0.425,resnet50 avgpool,0.01896403609273853
8,MFC,0.425,clip ln_post,-0.00130750630908742
8,MFC,0.425,category,0.026887371458859218
8,MFC,0.425,low-level,-0.01024775734905386
8,MFC,0.45,alexnet conv1,0.04361665646581848
8,MFC,0.45,alexnet conv4,-0.014114308796505487
8,MFC,0.45,resnet50 avgpool,0.03570910309605366
8,MFC,0.45,clip ln_post,-0.00502250697781424
8,MFC,0.45,category,-0.0027076386372454015
8,MFC,0.45,low-level,-0.001999177871424103
8,MFC,0.475,alexnet conv1,0.008082130792155036
8,MFC,0.475,alexnet conv4,-0.02794097087340473
8,MFC,0.475,resnet50 avgpool,0.03329044554405575
8,MFC,0.475,clip ln_post,-0.0038652533065940886
8,MFC,0.475,category,-0.0011057372445295356
8,MFC,0.475,low-level,-0.015842101517235908
8,MFC,0.5,alexnet conv1,0.03467673712745917
8,MFC,0.5,alexnet conv4,-0.012856459446530069
8,MFC,0.5,resnet50 avgpool,0.014742604876472274
8,MFC,0.5,clip ln_post,-0.006121766103846845
8,MFC,0.5,category,0.00173893720507209
8,MFC,0.5,low-level,-0.0020598055540608506
8,MFC,0.525,alexnet conv1,0.012338718283695623
8,MFC,0.525,alexnet conv4,-0.05263893198962241
8,MFC,0.525,resnet50 avgpool,0.0032221043657746514
8,MFC,0.525,clip ln_post,-0.02331701770934405
8,MFC,0.525,category,-0.003402268444706263
8,MFC,0.525,low-level,-0.01115038294336281
8,MFC,0.55,alexnet conv1,0.005652608988753187
8,MFC,0.55,alexnet conv4,-0.026669673275555004
8,MFC,0.55,resnet50 avgpool,0.005186138247169131
8,MFC,0.55,clip ln_post,-0.027886620950814057
8,MFC,0.55,category,-0.018745554055763537
8,MFC,0.55,low-level,-0.0012161614195977009
8,MFC,0.575,alexnet conv1,0.012608440831272072
8,MFC,0.575,alexnet conv4,-0.013584143156189114
8,MFC,0.575,resnet50 avgpool,-0.005500222813388197
8,MFC,0.575,clip ln_post,-0.039695038456501505
8,MFC,0.575,category,-0.038488161780739605
8,MFC,0.575,low-level,0.013800699259748484
8,MFC,0.6,alexnet conv1,0.002471975514033066
8,MFC,0.6,alexnet conv4,-0.002030779615896091
8,MFC,0.6,resnet50 avgpool,-0.00583405795801706
8,MFC,0.6,clip ln_post,-0.023312361601599503
8,MFC,0.6,category,-0.006988826430167449
8,MFC,0.6,low-level,0.017928275301522904
8,MFC,0.625,alexnet conv1,-0.006567077558961189
8,MFC,0.625,alexnet conv4,-0.006654601737346546
8,MFC,0.625,resnet50 avgpool,-0.015510723421548762
8,MFC,0.625,clip ln_post,-0.034060386400430666
8,MFC,0.625,category,-0.02635340432795393
8,MFC,0.625,low-level,-0.0031818579041094064
8,MFC,0.65,alexnet conv1,0.003907874915569655
8,MFC,0.65,alexnet conv4,-0.015717234290018096
8,MFC,0.65,resnet50 avgpool,-0.023388501453221595
8,MFC,0.65,clip ln_post,-0.027260826965686245
8,MFC,0.65,category,-0.022256506075786806
8,MFC,0.65,low-level,0.004239785371860844
8,MFC,0.675,alexnet conv1,0.007208604847479097
8,MFC,0.675,alexnet conv4,0.001701141929875987
8,MFC,0.675,resnet50 avgpool,-0.004215407351277489
8,MFC,0.675,clip ln_post,-0.019741548754935494
8,MFC,0.675,category,-0.007574772662311307
8,MFC,0.675,low-level,0.0009782576558164204
8,MFC,0.7,alexnet conv1,0.027635461407992237
8,MFC,0.7,alexnet conv4,0.025806225326621655
8,MFC,0.7,resnet50 avgpool,0.019946908905483795
8,MFC,0.7,clip ln_post,-0.004615513200945898
8,MFC,0.7,category,0.008146542775935553
8,MFC,0.7,low-level,-0.01141757063544773
8,MFC,0.725,alexnet conv1,0.04581734101603396
8,MFC,0.725,alexnet conv4,0.01981319630207582
8,MFC,0.725,resnet50 avgpool,0.006147405409553612
8,MFC,0.725,clip ln_post,-0.004529225737194537
8,MFC,0.725,category,-0.0061524354375104935
8,MFC,0.725,low-level,-0.013593918115895557
8,MFC,0.75,alexnet conv1,0.01355318843460511
8,MFC,0.75,alexnet conv4,-0.007351334820503155
8,MFC,0.75,resnet50 avgpool,-0.005629037699239028
8,MFC,0.75,clip ln_post,-0.03769332982466744
8,MFC,0.75,category,-0.03503863960763464
8,MFC,0.75,low-level,-0.007487344764671633
8,MFC,0.775,alexnet conv1,0.03635125283697013
8,MFC,0.775,alexnet conv4,0.025699450169777985
8,MFC,0.775,resnet50 avgpool,0.01508569490544825
8,MFC,0.775,clip ln_post,-0.008026335305770321
8,MFC,0.775,category,-0.01543779306785467
8,MFC,0.775,low-level,-0.006086540212185832
8,MFC,0.8,alexnet conv1,0.04768305608402583
8,MFC,0.8,alexnet conv4,0.032296389063544116
8,MFC,0.8,resnet50 avgpool,0.015247925656906367
8,MFC,0.8,clip ln_post,-0.017839039379041487
8,MFC,0.8,category,-0.013122360376318462
8,MFC,0.8,low-level,-0.007853572004515402
8,MFC,0.825,alexnet conv1,0.04349175238286654
8,MFC,0.825,alexnet conv4,0.027413106668930428
8,MFC,0.825,resnet50 avgpool,0.009130913942761736
8,MFC,0.825,clip ln_post,-0.0235809088607655
8,MFC,0.825,category,-0.017138927290207804
8,MFC,0.825,low-level,0.005138803199307047
8,MFC,0.85,alexnet conv1,0.03949869567556929
8,MFC,0.85,alexnet conv4,0.04401543141397679
8,MFC,0.85,resnet50 avgpool,0.006392176625126977
8,MFC,0.85,clip ln_post,-0.035231182506401226
8,MFC,0.85,category,-0.033261899419843595
8,MFC,0.85,low-level,0.0005785572192233939
8,MFC,0.875,alexnet conv1,0.04165324094174099
8,MFC,0.875,alexnet conv4,0.03876535256318117
8,MFC,0.875,resnet50 avgpool,0.002989978762087964
8,MFC,0.875,clip ln_post,-0.03363337995993208
8,MFC,0.875,category,-0.018485658549570697
8,MFC,0.875,low-level,0.010058126406814085
8,MFC,0.9,alexnet conv1,0.022872607172175003
8,MFC,0.9,alexnet conv4,0.022212058229766674
8,MFC,0.9,resnet50 avgpool,0.009949778738647717
8,MFC,0.9,clip ln_post,-0.034440381304511165
8,MFC,0.9,category,-0.009583056119255976
8,MFC,0.9,low-level,0.024570346089266715
8,MFC,0.925,alexnet conv1,0.01591843793277334
8,MFC,0.925,alexnet conv4,-0.004154972137474509
8,MFC,0.925,resnet50 avgpool,0.000402530137957565
8,MFC,0.925,clip ln_post,-0.041024240507744246
8,MFC,0.925,category,-0.007839393541344015
8,MFC,0.925,low-level,-0.0016451867353100618
8,MFC,0.95,alexnet conv1,0.003465810860139942
8,MFC,0.95,alexnet conv4,-0.010180118886770093
8,MFC,0.95,resnet50 avgpool,0.006085983281092377
8,MFC,0.95,clip ln_post,-0.036727357413559585
8,MFC,0.95,category,-0.018542363023649134
8,MFC,0.95,low-level,-0.01552795961987487
8,MFC,0.975,alexnet conv1,0.011277469704791302
8,MFC,0.975,alexnet conv4,-0.006698193880654088
8,MFC,0.975,resnet50 avgpool,0.025541294024481544
8,MFC,0.975,clip ln_post,-0.02997165220734315
8,MFC,0.975,category,-0.03269012930621935
8,MFC,0.975,low-level,-0.008502802141465576
8,MFC,1.0,alexnet conv1,0.023808296455076254
8,MFC,1.0,alexnet conv4,0.0022568158332889015
8,MFC,1.0,resnet50 avgpool,0.017457467868556724
8,MFC,1.0,clip ln_post,-0.028040026801489856
8,MFC,1.0,category,-0.02035218082131927
8,MFC,1.0,low-level,0.000982606632443251
8,MFC,1.025,alexnet conv1,0.008881437478464989
8,MFC,1.025,alexnet conv4,-0.0041910088552862875
8,MFC,1.025,resnet50 avgpool,0.014305250164847507
8,MFC,1.025,clip ln_post,-0.040189957729749023
8,MFC,1.025,category,-0.02667945505390495
8,MFC,1.025,low-level,0.0026082803040745487
8,MFC,1.05,alexnet conv1,0.015014653430380215
8,MFC,1.05,alexnet conv4,0.008253084067356229
8,MFC,1.05,resnet50 avgpool,0.016387750660966642
8,MFC,1.05,clip ln_post,-0.015421139417133934
8,MFC,1.05,category,0.00021264177779414144
8,MFC,1.05,low-level,0.005337082953821648
8,MFC,1.075,alexnet conv1,0.031203743494246285
8,MFC,1.075,alexnet conv4,0.03291995532429811
8,MFC,1.075,resnet50 avgpool,0.03576317045801603
8,MFC,1.075,clip ln_post,-0.010222204040060055
8,MFC,1.075,category,0.01991744652005125
8,MFC,1.075,low-level,0.02052828354082702
8,MFC,1.1,alexnet conv1,0.032181808681228934
8,MFC,1.1,alexnet conv4,0.024095140538694878
8,MFC,1.1,resnet50 avgpool,0.014237501135361364
8,MFC,1.1,clip ln_post,-0.013506361176857645
8,MFC,1.1,category,0.000600122350663466
8,MFC,1.1,low-level,0.014295225405165321
8,MFC,1.125,alexnet conv1,0.0024652350097696357
8,MFC,1.125,alexnet conv4,0.00994822670273287
8,MFC,1.125,resnet50 avgpool,-0.015923515833919544
8,MFC,1.125,clip ln_post,-0.02182410248711503
8,MFC,1.125,category,-0.010112297877321394
8,MFC,1.125,low-level,-0.005710406970025395
8,MFC,1.15,alexnet conv1,0.012843797454317112
8,MFC,1.15,alexnet conv4,-0.00048052915661221765
8,MFC,1.15,resnet50 avgpool,-0.007522222574399237
8,MFC,1.15,clip ln_post,-0.02914705429725984
8,MFC,1.15,category,-0.03545447241754319
8,MFC,1.15,low-level,-0.0027408831403771847
8,MFC,1.175,alexnet conv1,0.022698861051343392
8,MFC,1.175,alexnet conv4,-0.012724573249502097
8,MFC,1.175,resnet50 avgpool,-0.020609464437861193
8,MFC,1.175,clip ln_post,-0.035544812518566074
8,MFC,1.175,category,-0.04114382131674644
8,MFC,1.175,low-level,-0.009968738966314596
8,MFC,1.2,alexnet conv1,0.03982520062418871
8,MFC,1.2,alexnet conv4,-0.0008674979846056054
8,MFC,1.2,resnet50 avgpool,-0.028332714566508176
8,MFC,1.2,clip ln_post,-0.029495734112578213
8,MFC,1.2,category,-0.026381756564993152
8,MFC,1.2,low-level,-0.013679542176432656
9,MTL,-0.2,alexnet conv1,0.062124586468425405
9,MTL,-0.2,alexnet conv4,-0.0029907404472598945
9,MTL,-0.2,resnet50 avgpool,0.015488401131913306
9,MTL,-0.2,clip ln_post,-0.01342318597509912
9,MTL,-0.2,category,-0.02008490747902919
9,MTL,-0.2,low-level,0.03831668314117982
9,MTL,-0.175,alexnet conv1,0.054279704227000534
9,MTL,-0.175,alexnet conv4,0.0006875437201146066
9,MTL,-0.175,resnet50 avgpool,0.009368895513092836
9,MTL,-0.175,clip ln_post,-0.008014934598680778
9,MTL,-0.175,category,-0.009922615389401057
9,MTL,-0.175,low-level,0.027569354506215477
9,MTL,-0.15,alexnet conv1,0.012838965258065079
9,MTL,-0.15,alexnet conv4,-0.003863672605108254
9,MTL,-0.15,resnet50 avgpool,0.0026054055568127455
9,MTL,-0.15,clip ln_post,0.007658854970966282
9,MTL,-0.15,category,-0.004092940573108574
9,MTL,-0.15,low-level,0.015073360519760859
9,MTL,-0.125,alexnet conv1,-0.012877995480504174
9,MTL,-0.125,alexnet conv4,-0.023247479129212024
9,MTL,-0.125,resnet50 avgpool,-0.005442400261626571
9,MTL,-0.125,clip ln_post,-0.016408533199931956
9,MTL,-0.125,category,-0.017101854394664474
9,MTL,-0.125,low-level,-0.00763914534337218
9,MTL,-0.1,alexnet conv1,-0.03115908662973067
9,MTL,-0.1,alexnet conv4,-0.02202683769037727
9,MTL,-0.1,resnet50 avgpool,-0.004546392319133966
9,MTL,-0.1,clip ln_post,-0.02401346004170922
9,MTL,-0.1,category,-0.01992266478964471
9,MTL,-0.1,low-level,-0.013721991791982305
9,MTL,-0.075,alexnet conv1,-0.019997970477574144
9,MTL,-0.075,alexnet conv4,-0.05324223578677041
9,MTL,-0.075,resnet50 avgpool,-0.01976718806064226
9,MTL,-0.075,clip ln_post,-0.03017218835180256
9,MTL,-0.075,category,-0.0272715211519919
9,MTL,-0.075,low-level,0.006070880620263987
9,MTL,-0.05,alexnet conv1,-0.004346503197562542
9,MTL,-0.05,alexnet conv4,-0.025438310913171253
9,MTL,-0.05,resnet50 avgpool,-0.010941726252151044
9,MTL,-0.05,clip ln_post,-0.012073946689736716
9,MTL,-0.05,category,-0.00637908755988994
9,MTL,-0.05,low-level,0.005029697941050317
9,MTL,-0.025,alexnet conv1,-0.010813505153127793
9,MTL,-0.025,alexnet conv4,-0.010351923938937746
9,MTL,-0.025,resnet50 avgpool,-0.0006700945775468806
9,MTL,-0.025,clip ln_post,0.0001270662860206446
9,MTL,-0.025,category,0.010844448851812898
9,MTL,-0.025,low-level,0.002824938784673158
9,MTL,-0.0,alexnet conv1,0.010911332556742063
9,MTL,-0.0,alexnet conv4,0.0003022989214619867
9,MTL,-0.0,resnet50 avgpool,0.01586695456728133
9,MTL,-0.0,clip ln_post,0.007230140881453203
9,MTL,-0.0,category,-0.0027581257195362285
9,MTL,-0.0,low-level,0.004665186540384179
9,MTL,0.025,alexnet conv1,0.030436345683526034
9,MTL,0.025,alexnet conv4,0.027420195255127268
9,MTL,0.025,resnet50 avgpool,0.040775435636824904
9,MTL,0.025,clip ln_post,0.03386471930795742
9,MTL,0.025,category,0.020932994264448085
9,MTL,0.025,low-level,0.006525655808885492
9,MTL,0.05,alexnet conv1,0.04002256717551331
9,MTL,0.05,alexnet conv4,0.03069416382897989
9,MTL,0.05,resnet50 avgpool,0.029436723987161423
9,MTL,0.05,clip ln_post,0.02694770883871759
9,MTL,0.05,category,0.024310592070725067
9,MTL,0.05,low-level,0.020202933405210205
9,MTL,0.075,alexnet conv1,0.023518749617621754
9,MTL,0.075,alexnet conv4,0.009743763375048292
9,MTL,0.075,resnet50 avgpool,0.00819794788910421
9,MTL,0.075,clip ln_post,0.005708506852177137
9,MTL,0.075,category,0.006474958239980772
9,MTL,0.075,low-level,0.022232574588429966
9,MTL,0.1,alexnet conv1,0.025196492251409505
9,MTL,0.1,alexnet conv4,0.004437749805094592
9,MTL,0.1,resnet50 avgpool,0.0010133688851934873
9,MTL,0.1,clip ln_post,-0.012897684632690429
9,MTL,0.1,category,-0.021508218344993075
9,MTL,0.1,low-level,0.026441872078005732
9,MTL,0.125,alexnet conv1,0.0450914468570208
9,MTL,0.125,alexnet conv4,0.025991511387316174
9,MTL,0.125,resnet50 avgpool,0.005160830643069496
9,MTL,0.125,clip ln_post,0.009295650884140395
9,MTL,0.125,category,4.056067234612101e-05
9,MTL,0.125,low-level,0.010496521269157509
9,MTL,0.15,alexnet conv1,0.052655132132311426
9,MTL,0.15,alexnet conv4,0.05548032071696033
9,MTL,0.15,resnet50 avgpool,0.014342990436592208
9,MTL,0.15,clip ln_post,0.02290520402146838
9,MTL,0.15,category,0.04339991941034947
9,MTL,0.15,low-level,0.02163886556739935
9,MTL,0.175,alexnet conv1,0.04863791444375401
9,MTL,0.175,alexnet conv4,0.03532617611356939
9,MTL,0.175,resnet50 avgpool,0.007787358630617827
9,MTL,0.175,clip ln_post,-0.003952666917777068
9,MTL,0.175,category,0.032348979862956324
9,MTL,0.175,low-level,0.009196156782327332
9,MTL,0.2,alexnet conv1,0.06031691508659992
9,MTL,0.2,alexnet conv4,0.05174966045631166
9,MTL,0.2,resnet50 avgpool,0.00932404208466188
9,MTL,0.2,clip ln_post,0.004970765622183352
9,MTL,0.2,category,0.042068791890626775
9,MTL,0.2,low-level,0.002832674393757982
9,MTL,0.225,alexnet conv1,0.02838495142700898
9,MTL,0.225,alexnet conv4,0.038910515014657525
9,MTL,0.225,resnet50 avgpool,0.033573374729693906
9,MTL,0.225,clip ln_post,-0.0014708632079771533
9,MTL,0.225,category,0.046655835199588096
9,MTL,0.225,low-level,0.010724240565075392
9,MTL,0.25,alexnet conv1,0.00782378847626028
9,MTL,0.25,alexnet conv4,0.059206288014130325
9,MTL,0.25,resnet50 avgpool,0.04666003918665455
9,MTL,0.25,clip ln_post,0.006402504420845308
9,MTL,0.25,category,0.02876489136109909
9,MTL,0.25,low-level,-0.009629367271403741
9,MTL,0.275,alexnet conv1,0.024403016961254548
9,MTL,0.275,alexnet conv4,0.04617555418124618
9,MTL,0.275,resnet50 avgpool,0.018468858829352137
9,MTL,0.275,clip ln_post,0.002997824938375165
9,MTL,0.275,category,0.022304682456516903
9,MTL,0.275,low-level,0.007033871811989235
9,MTL,0.3,alexnet conv1,-0.017818801485924917
9,MTL,0.3,alexnet conv4,0.006226964654286252
9,MTL,0.3,resnet50 avgpool,0.003353626100542934
9,MTL,0.3,clip ln_post,-0.01764619789285121
9,MTL,0.3,category,-0.007555347057927449
9,MTL,0.3,low-level,0.010410430369321481
9,MTL,0.325,alexnet conv1,-0.012730343219433551
9,MTL,0.325,alexnet conv4,-0.008513559920748707
9,MTL,0.325,resnet50 avgpool,-0.005481811326651634
9,MTL,0.325,clip ln_post,-0.016066552938061317
9,MTL,0.325,category,-0.017171913737807774
9,MTL,0.325,low-level,0.009830181881409878
9,MTL,0.35,alexnet conv1,-0.022380173613440187
9,MTL,0.35,alexnet conv4,0.00932215425205833
9,MTL,0.35,resnet50 avgpool,0.005822538493561999
9,MTL,0.35,clip ln_post,-0.013518134536370017
9,MTL,0.35,category,-0.005000024700121825
9,MTL,0.35,low-level,-0.002511448005281672
9,MTL,0.375,alexnet conv1,0.008848087134162816
9,MTL,0.375,alexnet conv4,0.04390318113307467
9,MTL,0.375,resnet50 avgpool,0.03520044072905884
9,MTL,0.375,clip ln_post,0.016095247174618948
9,MTL,0.375,category,0.052467073346632344
9,MTL,0.375,low-level,0.02717175894154918
9,MTL,0.4,alexnet conv1,-0.006393675424981422
9,MTL,0.4,alexnet conv4,0.01522484577718055
9,MTL,0.4,resnet50 avgpool,0.02108809757170672
9,MTL,0.4,clip ln_post,-0.0017176942495799878
9,MTL,0.4,category,0.060686140497496315
9,MTL,0.4,low-level,0.017782674676318607
9,MTL,0.425,alexnet conv1,-0.00208550628599116
9,MTL,0.425,alexnet conv4,0.015260399275367126
9,MTL,0.425,resnet50 avgpool,0.02006081769442157
9,MTL,0.425,clip ln_post,0.016978769213406082
9,MTL,0.425,category,0.04535789368451222
9,MTL,0.425,low-level,0.0155910484465349
9,MTL,0.45,alexnet conv1,-0.023902331813157148
9,MTL,0.45,alexnet conv4,-0.012580041440587449
9,MTL,0.45,resnet50 avgpool,-6.351471514325946e-06
9,MTL,0.45,clip ln_post,0.0030961028009620826
9,MTL,0.45,category,0.021829016389912394
9,MTL,0.45,low-level,-0.011392213890369261
9,MTL,0.475,alexnet conv1,-0.006548191042762561
9,MTL,0.475,alexnet conv4,0.004127412238511637
9,MTL,0.475,resnet50 avgpool,0.006432762978562493
9,MTL,0.475,clip ln_post,0.010663707069314741
9,MTL,0.475,category,0.02635706235727936
9,MTL,0.475,low-level,-0.010806719602967097
9,MTL,0.5,alexnet conv1,-0.015593824911839034
9,MTL,0.5,alexnet conv4,-0.008226592984683003
9,MTL,0.5,resnet50 avgpool,-0.004325356196337539
9,MTL,0.5,clip ln_post,0.009130737854254244
9,MTL,0.5,category,0.025855584953727317
9,MTL,0.5,low-level,-0.006546573485542601
9,MTL,0.525,alexnet conv1,-0.00886794418469342
9,MTL,0.525,alexnet conv4,-0.03880796188691203
9,MTL,0.525,resnet50 avgpool,-0.027951114390452433
9,MTL,0.525,clip ln_post,-0.019990619806156854
9,MTL,0.525,category,0.013816439934628673
9,MTL,0.525,low-level,-0.0024361189798103467
9,MTL,0.55,alexnet conv1,-0.007332886478032467
9,MTL,0.55,alexnet conv4,-0.025129799752968297
9,MTL,0.55,resnet50 avgpool,-0.022648438311977895
9,MTL,0.55,clip ln_post,-0.018629578495711098
9,MTL,0.55,category,-0.0038975118790772634
9,MTL,0.55,low-level,0.004089155986489179
9,MTL,0.575,alexnet conv1,0.015295297560502578
9,MTL,0.575,alexnet conv4,-0.003855375969848406
9,MTL,0.575,resnet50 avgpool,-0.007688523836937455
9,MTL,0.575,clip ln_post,-0.013612178084614047
9,MTL,0.575,category,0.009465385992044783
9,MTL,0.575,low-level,0.03326297164180583
9,MTL,0.6,alexnet conv1,0.00509447803639856
9,MTL,0.6,alexnet conv4,-0.00764410448715287
9,MTL,0.6,resnet50 avgpool,-0.009288623724167099
9,MTL,0.6,clip ln_post,-0.007479089080227479
9,MTL,0.6,category,0.018654221945366013
9,MTL,0.6,low-level,0.02272937759919946
9,MTL,0.625,alexnet conv1,-0.013188726174917806
9,MTL,0.625,alexnet conv4,-0.013652494162665976
9,MTL,0.625,resnet50 avgpool,0.002153415023658515
9,MTL,0.625,clip ln_post,-0.0052032515930481565
9,MTL,0.625,category,0.032028181818037
9,MTL,0.625,low-level,0.012562317927554568
9,MTL,0.65,alexnet conv1,0.0007003039942852316
9,MTL,0.65,alexnet conv4,-0.004509688103026355
9,MTL,0.65,resnet50 avgpool,-0.006111671727777978
9,MTL,0.65,clip ln_post,-0.0017430755651478744
9,MTL,0.65,category,0.013156407175541793
9,MTL,0.65,low-level,0.022176103413586286
9,MTL,0.675,alexnet conv1,-0.013596645440220857
9,MTL,0.675,alexnet conv4,0.02090928993005519
9,MTL,0.675,resnet50 avgpool,0.016552786543299877
9,MTL,0.675,clip ln_post,0.014313366616518296
9,MTL,0.675,category,0.01037984478675733
9,MTL,0.675,low-level,0.004745351857189108
9,MTL,0.7,alexnet conv1,-0.02913405650835818
9,MTL,0.7,alexnet conv4,0.026423526112574282
9,MTL,0.7,resnet50 avgpool,0.022845108699435675
9,MTL,0.7,clip ln_post,0.02117890191042926
9,MTL,0.7,category,-0.0008296501161706569
9,MTL,0.7,low-level,-0.005175171618725956
9,MTL,0.725,alexnet conv1,-0.023524015892520157
9,MTL,0.725,alexnet conv4,0.012382728125323256
9,MTL,0.725,resnet50 avgpool,0.029286188788665866
9,MTL,0.725,clip ln_post,0.017501690654425976
9,MTL,0.725,category,-0.007913018441343242
9,MTL,0.725,low-level,-0.02898349264429163
9,MTL,0.75,alexnet conv1,-0.025163801215240027
9,MTL,0.75,alexnet conv4,0.012011066712236734
9,MTL,0.75,resnet50 avgpool,0.021127414449855685
9,MTL,0.75,clip ln_post,0.008738633793972678
9,MTL,0.75,category,-0.016272204278493817
9,MTL,0.75,low-level,-0.025764836337198515
9,MTL,0.775,alexnet conv1,-0.025957256029987132
9,MTL,0.775,alexnet conv4,-0.009818396236652798
9,MTL,0.775,resnet50 avgpool,-0.0009166348683582794
9,MTL,0.775,clip ln_post,-0.007162445088027464
9,MTL,0.775,category,-0.0066703869340120825
9,MTL,0.775,low-level,-0.009909552752390319
9,MTL,0.8,alexnet conv1,-0.012687324387545742
9,MTL,0.8,alexnet conv4,-0.04121037834540522
9,MTL,0.8,resnet50 avgpool,-0.0514457071218956
9,MTL,0.8,clip ln_post,-0.03816422734942815
9,MTL,0.8,category,-0.04848844012286284
9,MTL,0.8,low-level,-0.020591470649444714
9,MTL,0.825,alexnet conv1,0.002203547012232582
9,MTL,0.825,alexnet conv4,-0.0006624244897671692
9,MTL,0.825,resnet50 avgpool,-0.006731658887240208
9,MTL,0.825,clip ln_post,-0.028159382048915094
9,MTL,0.825,category,-0.0009292081301111357
9,MTL,0.825,low-level,-0.004253876547541563
9,MTL,0.85,alexnet conv1,-0.005294256590767606
9,MTL,0.85,alexnet conv4,-0.016346808035434576
9,MTL,0.85,resnet50 avgpool,-0.02131753270680223
9,MTL,0.85,clip ln_post,-0.04538784067085954
9,MTL,0.85,category,-0.005785426810096713
9,MTL,0.85,low-level,0.008479279992930251
9,MTL,0.875,alexnet conv1,-0.008966340804645853
9,MTL,0.875,alexnet conv4,-0.0010891197040664732
9,MTL,0.875,resnet50 avgpool,0.011300733863187747
9,MTL,0.875,clip ln_post,-0.018017892066590286
9,MTL,0.875,category,0.015383556820728802
9,MTL,0.875,low-level,0.01944093700708015
9,MTL,0.9,alexnet conv1,-0.01653181972566393
9,MTL,0.9,alexnet conv4,0.022916784912146985
9,MTL,0.9,resnet50 avgpool,0.029577664409539604
9,MTL,0.9,clip ln_post,0.01599765319065414
9,MTL,0.9,category,0.0286026486717146
9,MTL,0.9,low-level,0.009349857478876135
9,MTL,0.925,alexnet conv1,-0.008605498597066004
9,MTL,0.925,alexnet conv4,0.023302779110726826
9,MTL,0.925,resnet50 avgpool,0.017081117587073105
9,MTL,0.925,clip ln_post,0.007416327860093012
9,MTL,0.925,category,0.014815707407883108
9,MTL,0.925,low-level,0.006691486137043215
9,MTL,0.95,alexnet conv1,-0.0017401926277229322
9,MTL,0.95,alexnet conv4,0.035709234138663885
9,MTL,0.95,resnet50 avgpool,0.03370067853044558
9,MTL,0.95,clip ln_post,0.029079673825114952
9,MTL,0.95,category,0.03562701965529283
9,MTL,0.95,low-level,-0.00031719682821190146
9,MTL,0.975,alexnet conv1,0.011934816293412266
9,MTL,0.975,alexnet conv4,0.0579774482219934
9,MTL,0.975,resnet50 avgpool,0.053219741503709034
9,MTL,0.975,clip ln_post,0.05094923171765166
9,MTL,0.975,category,0.05640883323190537
9,MTL,0.975,low-level,0.004716416010818878
9,MTL,1.0,alexnet conv1,-0.007517521420757427
9,MTL,1.0,alexnet conv4,0.025144824607246867
9,MTL,1.0,resnet50 avgpool,0.03378260063724383
9,MTL,1.0,clip ln_post,0.033712378178489696
9,MTL,1.0,category,0.03368010738267902
9,MTL,1.0,low-level,-0.010732578151150933
9,MTL,1.025,alexnet conv1,-0.011312515412863256
9,MTL,1.025,alexnet conv4,0.003753744235456051
9,MTL,1.025,resnet50 avgpool,0.006887501311449873
9,MTL,1.025,clip ln_post,0.012893376606879295
9,MTL,1.025,category,-0.006290591547498403
9,MTL,1.025,low-level,-0.027857893953603875
9,MTL,1.05,alexnet conv1,-0.008327974919099616
9,MTL,1.05,alexnet conv4,-0.017767985618728742
9,MTL,1.05,resnet50 avgpool,0.0136090944881922
9,MTL,1.05,clip ln_post,-0.005779392714145534
9,MTL,1.05,category,-0.012208762376182422
9,MTL,1.05,low-level,-0.03900431285800738
9,MTL,1.075,alexnet conv1,-0.015890738801037103
9,MTL,1.075,alexnet conv4,-0.009664437549965113
9,MTL,1.075,resnet50 avgpool,0.010714715405344688
9,MTL,1.075,clip ln_post,-0.007168223248122057
9,MTL,1.075,category,0.00938795198120219
9,MTL,1.075,low-level,-0.03801429822300487
9,MTL,1.1,alexnet conv1,-0.036933913327926185
9,MTL,1.1,alexnet conv4,-0.01626730612184391
9,MTL,1.1,resnet50 avgpool,0.01249264011464918
9,MTL,1.1,clip ln_post,-0.017459417127383817
9,MTL,1.1,category,0.002068594289652171
9,MTL,1.1,low-level,-0.04376557410709407
9,MTL,1.125,alexnet conv1,-0.04735662075179309
9,MTL,1.125,alexnet conv4,-0.035849625820111745
9,MTL,1.125,resnet50 avgpool,-0.01696660682114461
9,MTL,1.125,clip ln_post,-0.03118005754244818
9,MTL,1.125,category,-0.016589314989563488
9,MTL,1.125,low-level,-0.0355613484579438
9,MTL,1.15,alexnet conv1,-0.01066833860656987
9,MTL,1.15,alexnet conv4,-0.011713493514905972
9,MTL,1.15,resnet50 avgpool,-0.020864403740971676
9,MTL,1.15,clip ln_post,-0.033649854473086264
9,MTL,1.15,category,-0.011740470977277206
9,MTL,1.15,low-level,-0.0042147521382263665
9,MTL,1.175,alexnet conv1,-0.01797702724760804
9,MTL,1.175,alexnet conv4,-0.020624087974145947
9,MTL,1.175,resnet50 avgpool,-0.03448665572624675
9,MTL,1.175,clip ln_post,-0.04062363096304279
9,MTL,1.175,category,-0.01835554790354458
9,MTL,1.175,low-level,-0.022885187262756568
9,MTL,1.2,alexnet conv1,0.024033673364336375
9,MTL,1.2,alexnet conv4,-0.015602244399545969
9,MTL,1.2,resnet50 avgpool,-0.007366695471470426
9,MTL,1.2,clip ln_post,-0.018257347866286414
9,MTL,1.2,category,0.004365803277982479
9,MTL,1.2,low-level,-0.01242177063300706
9,MFC,-0.2,alexnet conv1,-0.0011189810388714152
9,MFC,-0.2,alexnet conv4,-0.0013786583513578348
9,MFC,-0.2,resnet50 avgpool,-0.010197522983440553
9,MFC,-0.2,clip ln_post,-0.000600179249910461
9,MFC,-0.2,category,0.000700593431432999
9,MFC,-0.2,low-level,-0.013648313084383497
9,MFC,-0.175,alexnet conv1,0.0032923923458338974
9,MFC,-0.175,alexnet conv4,-0.017535970582244428
9,MFC,-0.175,resnet50 avgpool,-0.028413834037318803
9,MFC,-0.175,clip ln_post,-0.019413106832733687
9,MFC,-0.175,category,-0.013694757917590311
9,MFC,-0.175,low-level,-0.02093598167172532
9,MFC,-0.15,alexnet conv1,-0.0063319912112997385
9,MFC,-0.15,alexnet conv4,-0.009951187446707631
9,MFC,-0.15,resnet50 avgpool,-0.003682575812859359
9,MFC,-0.15,clip ln_post,-0.01304049650734588
9,MFC,-0.15,category,-0.005250763401897846
9,MFC,-0.15,low-level,-0.030035715663416725
9,MFC,-0.125,alexnet conv1,-0.01254182204429912
9,MFC,-0.125,alexnet conv4,-0.013895291548922835
9,MFC,-0.125,resnet50 avgpool,-0.009346024482527063
9,MFC,-0.125,clip ln_post,-0.021098789829684737
9,MFC,-0.125,category,-0.01390493594702021
9,MFC,-0.125,low-level,-0.024390928280461327
9,MFC,-0.1,alexnet conv1,-0.036243548096610186
9,MFC,-0.1,alexnet conv4,0.002688969791320376
9,MFC,-0.1,resnet50 avgpool,-0.003451256940241867
9,MFC,-0.1,clip ln_post,-0.0028146806053415095
9,MFC,-0.1,category,0.004325242605636359
9,MFC,-0.1,low-level,-0.01874950705455607
9,MFC,-0.075,alexnet conv1,-0.030090511949898476
9,MFC,-0.075,alexnet conv4,-0.01606274041712009
9,MFC,-0.075,resnet50 avgpool,-0.02815002888261031
9,MFC,-0.075,clip ln_post,-0.02207038069270598
9,MFC,-0.075,category,0.004292056600989532
9,MFC,-0.075,low-level,-0.019006301429617546
9,MFC,-0.05,alexnet conv1,-0.020275506440785244
9,MFC,-0.05,alexnet conv4,0.005272675510896233
9,MFC,-0.05,resnet50 avgpool,-0.004367924569252703
9,MFC,-0.05,clip ln_post,-0.016178741792739895
9,MFC,-0.05,category,0.012164514369986652
9,MFC,-0.05,low-level,-0.010509351159714814
9,MFC,-0.025,alexnet conv1,0.00392670000554474
9,MFC,-0.025,alexnet conv4,0.0314102707430419
9,MFC,-0.025,resnet50 avgpool,0.029517216910491917
9,MFC,-0.025,clip ln_post,0.00900494923368329
9,MFC,-0.025,category,0.02896769472282969
9,MFC,-0.025,low-level,0.029770763885868762
9,MFC,-0.0,alexnet conv1,-0.015062451222459654
9,MFC,-0.0,alexnet conv4,0.04315004649146106
9,MFC,-0.0,resnet50 avgpool,0.04658919837058342
9,MFC,-0.0,clip ln_post,0.03507575368543008
9,MFC,-0.0,category,0.029461797458682437
9,MFC,-0.0,low-level,0.02377961450376334
9,MFC,0.025,alexnet conv1,0.013556517735921132
9,MFC,0.025,alexnet conv4,0.050705238567576506
9,MFC,0.025,resnet50 avgpool,0.047523180004470186
9,MFC,0.025,clip ln_post,0.042872580144636636
9,MFC,0.025,category,0.013407145877317816
9,MFC,0.025,low-level,0.02817449699498819
9,MFC,0.05,alexnet conv1,0.0009305458604499397
9,MFC,0.05,alexnet conv4,0.02152139405749609
9,MFC,0.05,resnet50 avgpool,0.023564372921387786
9,MFC,0.05,clip ln_post,0.022304648024053526
9,MFC,0.05,category,-0.012946229146111893
9,MFC,0.05,low-level,0.017304717230932052
9,MFC,0.075,alexnet conv1,-0.0153802868833964
9,MFC,0.075,alexnet conv4,0.003687293346827446
9,MFC,0.075,resnet50 avgpool,-0.0003203991819992663
9,MFC,0.075,clip ln_post,0.007851770168624811
9,MFC,0.075,category,-0.03207980449193207
9,MFC,0.075,low-level,-0.0001997007478192257
9,MFC,0.1,alexnet conv1,-0.005679669287764575
9,MFC,0.1,alexnet conv4,-0.021545534563348415
9,MFC,0.1,resnet50 avgpool,-0.02423400065963574
9,MFC,0.1,clip ln_post,-0.02547728380446837
9,MFC,0.1,category,-0.05814556747508928
9,MFC,0.1,low-level,0.00742325673810864
9,MFC,0.125,alexnet conv1,-0.004934110547054576
9,MFC,0.125,alexnet conv4,0.008994490395354734
9,MFC,0.125,resnet50 avgpool,0.0013853292392345833
9,MFC,0.125,clip ln_post,-0.016398684528757257
9,MFC,0.125,category,-0.03355842536564065
9,MFC,0.125,low-level,0.0017622159764038123
9,MFC,0.15,alexnet conv1,0.03014440322335336
9,MFC,0.15,alexnet conv4,0.026631167223556813
9,MFC,0.15,resnet50 avgpool,0.03731221696331847
9,MFC,0.15,clip ln_post,0.024504800213664975
9,MFC,0.15,category,-0.015553174177812582
9,MFC,0.15,low-level,0.021523924817906055
9,MFC,0.175,alexnet conv1,-0.004153018783565847
9,MFC,0.175,alexnet conv4,0.017298525467598934
9,MFC,0.175,resnet50 avgpool,0.038082866268804916
9,MFC,0.175,clip ln_post,0.01648847328725056
9,MFC,0.175,category,-0.0064491469030332396
9,MFC,0.175,low-level,0.007035083956133814
9,MFC,0.2,alexnet conv1,0.005469796357326662
9,MFC,0.2,alexnet conv4,0.020045186768070714
9,MFC,0.2,resnet50 avgpool,0.03510750694792015
9,MFC,0.2,clip ln_post,0.00517923393964292
9,MFC,0.2,category,-0.001511806878355419
9,MFC,0.2,low-level,0.0027647001347855145
9,MFC,0.225,alexnet conv1,0.010559712472856775
9,MFC,0.225,alexnet conv4,-0.0049422310938069345
9,MFC,0.225,resnet50 avgpool,0.031544130769386385
9,MFC,0.225,clip ln_post,0.000865180168437257
9,MFC,0.225,category,-0.0014233108659638825
9,MFC,0.225,low-level,0.00019701846939118993
9,MFC,0.25,alexnet conv1,-0.0026835560934854704
9,MFC,0.25,alexnet conv4,0.0013834864525282993
9,MFC,0.25,resnet50 avgpool,0.0345542409524701
9,MFC,0.25,clip ln_post,0.00519350120383113
9,MFC,0.25,category,0.0168621776944374
9,MFC,0.25,low-level,0.009868970494036374
9,MFC,0.275,alexnet conv1,0.003517195943674282
9,MFC,0.275,alexnet conv4,0.009404236067037795
9,MFC,0.275,resnet50 avgpool,0.03453265987259874
9,MFC,0.275,clip ln_post,0.0012759659908389749
9,MFC,0.275,category,0.029395425449388786
9,MFC,0.275,low-level,-0.014052956284430932
9,MFC,0.3,alexnet conv1,-0.006807839689677994
9,MFC,0.3,alexnet conv4,0.021038764124038704
9,MFC,0.3,resnet50 avgpool,0.04353278100511156
9,MFC,0.3,clip ln_post,0.011526958454332756
9,MFC,0.3,category,0.04877973949698498
9,MFC,0.3,low-level,-0.0018980866877989255
9,MFC,0.325,alexnet conv1,0.003723153976131735
9,MFC,0.325,alexnet conv4,0.021305820773513402
9,MFC,0.325,resnet50 avgpool,0.04706602557345679
9,MFC,0.325,clip ln_post,0.01987375027324432
9,MFC,0.325,category,0.04510715498273621
9,MFC,0.325,low-level,0.0016031343426726582
9,MFC,0.35,alexnet conv1,0.045166829118552534
9,MFC,0.35,alexnet conv4,0.06639967963357865
9,MFC,0.35,resnet50 avgpool,0.08092836154394076
9,MFC,0.35,clip ln_post,0.06371665590069721
9,MFC,0.35,category,0.08888686977959935
9,MFC,0.35,low-level,0.01646826815478655
9,MFC,0.375,alexnet conv1,0.036538357113881516
9,MFC,0.375,alexnet conv4,0.04966924435671142
9,MFC,0.375,resnet50 avgpool,0.05931918531792043
9,MFC,0.375,clip ln_post,0.05957632367983374
9,MFC,0.375,category,0.07349593829117126
9,MFC,0.375,low-level,0.02445030696321937
9,MFC,0.4,alexnet conv1,0.016646183068655927
9,MFC,0.4,alexnet conv4,0.06510966751295622
9,MFC,0.4,resnet50 avgpool,0.07379643300376935
9,MFC,0.4,clip ln_post,0.064817692292131
9,MFC,0.4,category,0.052828432063897784
9,MFC,0.4,low-level,0.01548597684362415
9,MFC,0.425,alexnet conv1,-0.009977273116305476
9,MFC,0.425,alexnet conv4,0.05758782168606138
9,MFC,0.425,resnet50 avgpool,0.060361023210185216
9,MFC,0.425,clip ln_post,0.05239582337716627
9,MFC,0.425,category,0.048908796181722634
9,MFC,0.425,low-level,0.019443377675695584
9,MFC,0.45,alexnet conv1,-0.014997654746785133
9,MFC,0.45,alexnet conv4,0.06659630907022074
9,MFC,0.45,resnet50 avgpool,0.06078060936287984
9,MFC,0.45,clip ln_post,0.06772810361932319
9,MFC,0.45,category,0.055040832373686205
9,MFC,0.45,low-level,0.028729527970594693
9,MFC,0.475,alexnet conv1,-0.032309034675430795
9,MFC,0.475,alexnet conv4,0.045355313437952835
9,MFC,0.475,resnet50 avgpool,0.03880715515584283
9,MFC,0.475,clip ln_post,0.04848925888769886
9,MFC,0.475,category,0.03900461746156982
9,MFC,0.475,low-level,0.023887134965452663
9,MFC,0.5,alexnet conv1,-0.012094540854949836
9,MFC,0.5,alexnet conv4,0.04281341440612021
9,MFC,0.5,resnet50 avgpool,0.028908372467980354
9,MFC,0.5,clip ln_post,0.03935785353514877
9,MFC,0.5,category,0.02927374343235042
9,MFC,0.5,low-level,0.031138467894028132
9,MFC,0.525,alexnet conv1,-0.04135834183267513
9,MFC,0.525,alexnet conv4,0.019699099139385848
9,MFC,0.525,resnet50 avgpool,0.004442917798035327
9,MFC,0.525,clip ln_post,0.011240765488683692
9,MFC,0.525,category,-0.009244145961065943
9,MFC,0.525,low-level,0.020079564977846836
9,MFC,0.55,alexnet conv1,-0.05330826488199735
9,MFC,0.55,alexnet conv4,-0.001490052760211925
9,MFC,0.55,resnet50 avgpool,-0.00531999008335047
9,MFC,0.55,clip ln_post,-0.011548977707932067
9,MFC,0.55,category,-0.018344485901995635
9,MFC,0.55,low-level,0.0024244520924187837
9,MFC,0.575,alexnet conv1,-0.029702793721977868
9,MFC,0.575,alexnet conv4,0.009948959722333813
9,MFC,0.575,resnet50 avgpool,-0.0004591692111455999
9,MFC,0.575,clip ln_post,-0.006612459252914612
9,MFC,0.575,category,-0.00819694314776609
9,MFC,0.575,low-level,0.007010235001169964
9,MFC,0.6,alexnet conv1,-0.03958120337903199
9,MFC,0.6,alexnet conv4,0.029206592688199095
9,MFC,0.6,resnet50 avgpool,0.022536749057250796
9,MFC,0.6,clip ln_post,0.030999198264930316
9,MFC,0.6,category,0.03326343865766887
9,MFC,0.6,low-level,-0.019807078250210955
9,MFC,0.625,alexnet conv1,-0.034806219511605826
9,MFC,0.625,alexnet conv4,-0.0037033419714983962
9,MFC,0.625,resnet50 avgpool,-0.012323472295012296
9,MFC,0.625,clip ln_post,0.002010521247371674
9,MFC,0.625,category,0.01523237613289326
9,MFC,0.625,low-level,-0.02408997254575414
9,MFC,0.65,alexnet conv1,-0.028820770483045176
9,MFC,0.65,alexnet conv4,-0.0025888778075981614
9,MFC,0.65,resnet50 avgpool,-0.020226283560319608
9,MFC,0.65,clip ln_post,0.0032011047874861516
9,MFC,0.65,category,0.004572293973562731
9,MFC,0.65,low-level,-0.015995761262969022
9,MFC,0.675,alexnet conv1,-0.016123998742318547
9,MFC,0.675,alexnet conv4,0.0037779625478581943
9,MFC,0.675,resnet50 avgpool,0.006057215333066498
9,MFC,0.675,clip ln_post,-0.01653353965992313
9,MFC,0.675,category,-0.0007116554329819413
9,MFC,0.675,low-level,0.008267564275786052
9,MFC,0.7,alexnet conv1,0.004691259924737315
9,MFC,0.7,alexnet conv4,0.006613151321699862
9,MFC,0.7,resnet50 avgpool,0.009785279312000086
9,MFC,0.7,clip ln_post,-0.017728165045546723
9,MFC,0.7,category,0.004981588030873589
9,MFC,0.7,low-level,0.0187961909844486
9,MFC,0.725,alexnet conv1,0.022140672767846797
9,MFC,0.725,alexnet conv4,0.011972110201265887
9,MFC,0.725,resnet50 avgpool,0.018355752676401986
9,MFC,0.725,clip ln_post,-0.010376387956234061
9,MFC,0.725,category,0.0007927767776741833
9,MFC,0.725,low-level,0.045623881172526685
9,MFC,0.75,alexnet conv1,0.01805951447566289
9,MFC,0.75,alexnet conv4,0.02761682878685092
9,MFC,0.75,resnet50 avgpool,0.0367374313142206
9,MFC,0.75,clip ln_post,0.014920503410015374
9,MFC,0.75,category,0.013650509911394541
9,MFC,0.75,low-level,0.06353657059359599
9,MFC,0.775,alexnet conv1,0.0214388454032177
9,MFC,0.775,alexnet conv4,0.020400582517163104
9,MFC,0.775,resnet50 avgpool,0.012318648288923402
9,MFC,0.775,clip ln_post,0.02702678076874345
9,MFC,0.775,category,0.007665967073416871
9,MFC,0.775,low-level,0.04233329475766495
9,MFC,0.8,alexnet conv1,-0.007656496203982237
9,MFC,0.8,alexnet conv4,0.0005048948919508632
9,MFC,0.8,resnet50 avgpool,0.013808074501655191
9,MFC,0.8,clip ln_post,0.027210674501704335
9,MFC,0.8,category,0.000556787411296752
9,MFC,0.8,low-level,0.014516654655792424
9,MFC,0.825,alexnet conv1,0.0060281607293307515
9,MFC,0.825,alexnet conv4,0.01511524091897234
9,MFC,0.825,resnet50 avgpool,0.02470692934485493
9,MFC,0.825,clip ln_post,0.035166631735620874
9,MFC,0.825,category,0.015940344232025554
9,MFC,0.825,low-level,0.02970373559073886
9,MFC,0.85,alexnet conv1,-0.004708098900151182
9,MFC,0.85,alexnet conv4,0.0036884440647484812
9,MFC,0.85,resnet50 avgpool,0.008139527455433431
9,MFC,0.85,clip ln_post,0.025897426888256442
9,MFC,0.85,category,0.019236820693610296
9,MFC,0.85,low-level,0.00887238325311478
9,MFC,0.875,alexnet conv1,0.004537837693735238
9,MFC,0.875,alexnet conv4,0.002688335053677101
9,MFC,0.875,resnet50 avgpool,-0.007269867267759121
9,MFC,0.875,clip ln_post,0.011448676875049805
9,MFC,0.875,category,0.0104941521360964
9,MFC,0.875,low-level,0.005759040158745018
9,MFC,0.9,alexnet conv1,-0.0014954869334546789
9,MFC,0.9,alexnet conv4,-0.019216178455137026
9,MFC,0.9,resnet50 avgpool,-0.04118687257719618
9,MFC,0.9,clip ln_post,-0.0048466559850559
9,MFC,0.9,category,-0.03111003568947481
9,MFC,0.9,low-level,-0.003222825100130886
9,MFC,0.925,alexnet conv1,-0.011678419141263033
9,MFC,0.925,alexnet conv4,-0.005748192287667359
9,MFC,0.925,resnet50 avgpool,-0.03248310840278796
9,MFC,0.925,clip ln_post,-0.012730687206285394
9,MFC,0.925,category,-0.02207606775783877
9,MFC,0.925,low-level,-0.012159669032231485
9,MFC,0.95,alexnet conv1,-0.024124985493173542
9,MFC,0.95,alexnet conv4,0.0014291588972731588
9,MFC,0.95,resnet50 avgpool,-0.019259295568982506
9,MFC,0.95,clip ln_post,-0.009648122744992145
9,MFC,0.95,category,-0.028709581353354375
9,MFC,0.95,low-level,0.001585935000080673
9,MFC,0.975,alexnet conv1,-0.005630823154803338
9,MFC,0.975,alexnet conv4,0.010225119738137552
9,MFC,0.975,resnet50 avgpool,-0.018720575303267407
9,MFC,0.975,clip ln_post,-0.012977247972504638
9,MFC,0.975,category,-0.024712511460336636
9,MFC,0.975,low-level,0.033474331086853486
9,MFC,1.0,alexnet conv1,-0.013778761907780565
9,MFC,1.0,alexnet conv4,0.015917672152519838
9,MFC,1.0,resnet50 avgpool,0.0012006082997966627
9,MFC,1.0,clip ln_post,0.013310366477858835
9,MFC,1.0,category,-0.0073931043685429645
9,MFC,1.0,low-level,0.021509542891433895
9,MFC,1.025,alexnet conv1,0.009503394372162159
9,MFC,1.025,alexnet conv4,0.04144754499450398
9,MFC,1.025,resnet50 avgpool,0.007520121797554073
9,MFC,1.025,clip ln_post,0.015057135806582416
9,MFC,1.025,category,0.008263315157059742
9,MFC,1.025,low-level,0.015437597549961837
9,MFC,1.05,alexnet conv1,0.0041496935773313965
9,MFC,1.05,alexnet conv4,0.05204775372900175
9,MFC,1.05,resnet50 avgpool,0.02310334454320962
9,MFC,1.05,clip ln_post,0.03915800536439305
9,MFC,1.05,category,0.01659300232341314
9,MFC,1.05,low-level,0.012242037502920817
9,MFC,1.075,alexnet conv1,0.018999491308967435
9,MFC,1.075,alexnet conv4,0.057232954202491464
9,MFC,1.075,resnet50 avgpool,0.03460761624564723
9,MFC,1.075,clip ln_post,0.04626842244107976
9,MFC,1.075,category,0.043425730747297005
9,MFC,1.075,low-level,0.008686437884287572
9,MFC,1.1,alexnet conv1,0.016047977648061974
9,MFC,1.1,alexnet conv4,0.04194670677225753
9,MFC,1.1,resnet50 avgpool,0.04164474364748424
9,MFC,1.1,clip ln_post,0.04925161565300703
9,MFC,1.1,category,0.035273035605726685
9,MFC,1.1,low-level,0.02427955434701508
9,MFC,1.125,alexnet conv1,0.020239142116447905
9,MFC,1.125,alexnet conv4,0.030241296948369783
9,MFC,1.125,resnet50 avgpool,0.027439683748316613
9,MFC,1.125,clip ln_post,0.04458430786036984
9,MFC,1.125,category,0.034004592761447995
9,MFC,1.125,low-level,0.00501883778472795
9,MFC,1.15,alexnet conv1,-0.016886081137161564
9,MFC,1.15,alexnet conv4,0.021529637456695536
9,MFC,1.15,resnet50 avgpool,0.03008015548860916
9,MFC,1.15,clip ln_post,0.03689454730879838
9,MFC,1.15,category,0.03896774412307334
9,MFC,1.15,low-level,-0.01588795414556983
9,MFC,1.175,alexnet conv1,-0.031033343055056974
9,MFC,1.175,alexnet conv4,-0.010206483021914665
9,MFC,1.175,resnet50 avgpool,0.01626754773165651
9,MFC,1.175,clip ln_post,0.01845149977857894
9,MFC,1.175,category,0.03481580620837041
9,MFC,1.175,low-level,-0.017681194459944326
9,MFC,1.2,alexnet conv1,-0.022991741285195485
9,MFC,1.2,alexnet conv4,-0.02783178780859818
9,MFC,1.2,resnet50 avgpool,0.009815693482816914
9,MFC,1.2,clip ln_post,-0.003616976701197213
9,MFC,1.2,category,0.007068618989773996
9,MFC,1.2,low-level,-0.01693075847708503
10,MTL,-0.2,alexnet conv1,-0.0066306727312612545
10,MTL,-0.2,alexnet conv4,-0.013731340137715055
10,MTL,-0.2,resnet50 avgpool,-0.002558347803927388
10,MTL,-0.2,clip ln_post,-0.016052974166191062
10,MTL,-0.2,category,-0.023144739547348935
10,MTL,-0.2,low-level,-0.008529644207546918
10,MTL,-0.175,alexnet conv1,-0.008427307137981848
10,MTL,-0.175,alexnet conv4,-0.0035094186897468294
10,MTL,-0.175,resnet50 avgpool,0.002918848081173583
10,MTL,-0.175,clip ln_post,-0.013668043773376258
10,MTL,-0.175,category,-0.018705152440361826
10,MTL,-0.175,low-level,0.0016805255612537535
10,MTL,-0.15,alexnet conv1,-0.015126020400154682
10,MTL,-0.15,alexnet conv4,0.0025623638335592882
10,MTL,-0.15,resnet50 avgpool,0.008601926297231378
10,MTL,-0.15,clip ln_post,-0.011476983062916161
10,MTL,-0.15,category,-0.020086870490997603
10,MTL,-0.15,low-level,0.007956564994779196
10,MTL,-0.125,alexnet conv1,-0.011882579502823976
10,MTL,-0.125,alexnet conv4,-0.007949513987278662
10,MTL,-0.125,resnet50 avgpool,0.0016921451447815896
10,MTL,-0.125,clip ln_post,-0.00048303348138612644
10,MTL,-0.125,category,-0.021041372097007835
10,MTL,-0.125,low-level,0.01997541081550642
10,MTL,-0.1,alexnet conv1,-0.0033388332802759928
10,MTL,-0.1,alexnet conv4,0.010386291918682594
10,MTL,-0.1,resnet50 avgpool,0.018480858194828156
10,MTL,-0.1,clip ln_post,0.015688100234532265
10,MTL,-0.1,category,-0.006693057632466915
10,MTL,-0.1,low-level,0.0349398621390622
10,MTL,-0.075,alexnet conv1,-0.015586726496583674
10,MTL,-0.075,alexnet conv4,-0.01967510104414322
10,MTL,-0.075,resnet50 avgpool,-0.010523508680822836
10,MTL,-0.075,clip ln_post,-0.017591606457474086
10,MTL,-0.075,category,-0.0354493429119244
10,MTL,-0.075,low-level,0.037570123131436296
10,MTL,-0.05,alexnet conv1,-0.008682482084544973
10,MTL,-0.05,alexnet conv4,-0.013225818179128237
10,MTL,-0.05,resnet50 avgpool,-0.0053006339533941335
10,MTL,-0.05,clip ln_post,-0.0043037113822907876
10,MTL,-0.05,category,-0.021574430453590164
10,MTL,-0.05,low-level,0.031111585517028906
10,MTL,-0.025,alexnet conv1,-0.02090909501547865
10,MTL,-0.025,alexnet conv4,-0.004987805703784047
10,MTL,-0.025,resnet50 avgpool,-0.004441519352964885
10,MTL,-0.025,clip ln_post,-0.00979643494874831
10,MTL,-0.025,category,-0.010451407706132208
10,MTL,-0.025,low-level,0.018424466244048258
10,MTL,-0.0,alexnet conv1,-0.024987647768948466
10,MTL,-0.0,alexnet conv4,-0.020245016405247465
10,MTL,-0.0,resnet50 avgpool,-0.02004999169150645
10,MTL,-0.0,clip ln_post,-0.02137416993355293
10,MTL,-0.0,category,-0.01751202543284903
10,MTL,-0.0,low-level,0.02245557410994538
10,MTL,0.025,alexnet conv1,-0.015750881103691678
10,MTL,0.025,alexnet conv4,-0.016414399112915277
10,MTL,0.025,resnet50 avgpool,-0.010994410305346612
10,MTL,0.025,clip ln_post,-0.010564782124544822
10,MTL,0.025,category,-0.025411680861623237
10,MTL,0.025,low-level,0.002630981074702804
10,MTL,0.05,alexnet conv1,-0.005124115516593056
10,MTL,0.05,alexnet conv4,-0.011443625692042615
10,MTL,0.05,resnet50 avgpool,0.006587860856613289
10,MTL,0.05,clip ln_post,0.00022021309694373993
10,MTL,0.05,category,-0.013898005239124805
10,MTL,0.05,low-level,-0.007934915808167438
10,MTL,0.075,alexnet conv1,0.00251855801976857
10,MTL,0.075,alexnet conv4,-0.009520641805932201
10,MTL,0.075,resnet50 avgpool,0.011831638913566075
10,MTL,0.075,clip ln_post,0.007946901071088152
10,MTL,0.075,category,0.0031617865699088967
10,MTL,0.075,low-level,0.008248961915138823
10,MTL,0.1,alexnet conv1,-0.039376895073044
10,MTL,0.1,alexnet conv4,-0.022433393318929885
10,MTL,0.1,resnet50 avgpool,0.008558610203861075
10,MTL,0.1,clip ln_post,-0.004420846385349092
10,MTL,0.1,category,-0.005270927215447638
10,MTL,0.1,low-level,-0.015889760337785434
10,MTL,0.125,alexnet conv1,-0.00566123571875377
10,MTL,0.125,alexnet conv4,0.007137108082869047
10,MTL,0.125,resnet50 avgpool,0.02058803817406762
10,MTL,0.125,clip ln_post,0.00035042556833407974
10,MTL,0.125,category,0.004195188510286911
10,MTL,0.125,low-level,0.019035145997384845
10,MTL,0.15,alexnet conv1,-0.022481385920130676
10,MTL,0.15,alexnet conv4,0.021887638572514464
10,MTL,0.15,resnet50 avgpool,0.04463739128303322
10,MTL,0.15,clip ln_post,0.017241060069957338
10,MTL,0.15,category,0.019830925503902117
10,MTL,0.15,low-level,0.012505573147258134
10,MTL,0.175,alexnet conv1,-0.030123245940662333
10,MTL,0.175,alexnet conv4,0.01824629338990584
10,MTL,0.175,resnet50 avgpool,0.04429972744223381
10,MTL,0.175,clip ln_post,0.011273652433097298
10,MTL,0.175,category,0.032052779737311375
10,MTL,0.175,low-level,0.015887600090799325
10,MTL,0.2,alexnet conv1,-0.02125898736848655
10,MTL,0.2,alexnet conv4,0.016638840881252413
10,MTL,0.2,resnet50 avgpool,0.020008563599230648
10,MTL,0.2,clip ln_post,0.007840074360695122
10,MTL,0.2,category,0.023156285937744218
10,MTL,0.2,low-level,0.019918529144306103
10,MTL,0.225,alexnet conv1,-0.015401106348021571
10,MTL,0.225,alexnet conv4,0.024700718319335194
10,MTL,0.225,resnet50 avgpool,0.029525215150289916
10,MTL,0.225,clip ln_post,0.01695543868936176
10,MTL,0.225,category,0.032845631877787614
10,MTL,0.225,low-level,0.011825664002252509
10,MTL,0.25,alexnet conv1,-0.015226904417682856
10,MTL,0.25,alexnet conv4,0.01107301204374585
10,MTL,0.25,resnet50 avgpool,0.020088375140379006
10,MTL,0.25,clip ln_post,-2.092588243817982e-06
10,MTL,0.25,category,0.008634775617274023
10,MTL,0.25,low-level,-0.0008787195264702524
10,MTL,0.275,alexnet conv1,0.011302782743499884
10,MTL,0.275,alexnet conv4,0.014835128081349883
10,MTL,0.275,resnet50 avgpool,0.021975665818084283
10,MTL,0.275,clip ln_post,0.0018114999989561227
10,MTL,0.275,category,0.014098142672643078
10,MTL,0.275,low-level,0.016146784623304603
10,MTL,0.3,alexnet conv1,0.03935533126532133
10,MTL,0.3,alexnet conv4,0.02554858707024166
10,MTL,0.3,resnet50 avgpool,0.03345338990532081
10,MTL,0.3,clip ln_post,0.016526561198414946
10,MTL,0.3,category,0.021464739744834958
10,MTL,0.3,low-level,0.029905481445820677
10,MTL,0.325,alexnet conv1,0.009697754673112007
10,MTL,0.325,alexnet conv4,0.0020353763335183707
10,MTL,0.325,resnet50 avgpool,0.015089312310615128
10,MTL,0.325,clip ln_post,-0.01204262947956612
10,MTL,0.325,category,-0.007686047206461432
10,MTL,0.325,low-level,0.021658172337100753
10,MTL,0.35,alexnet conv1,0.03122181932837319
10,MTL,0.35,alexnet conv4,0.008645466308820224
10,MTL,0.35,resnet50 avgpool,0.02287854434832092
10,MTL,0.35,clip ln_post,-0.016247182142257236
10,MTL,0.35,category,-0.00869828076444809
10,MTL,0.35,low-level,0.018832422685324195
10,MTL,0.375,alexnet conv1,0.03757730623457655
10,MTL,0.375,alexnet conv4,0.010702573985994564
10,MTL,0.375,resnet50 avgpool,0.017592436082528407
10,MTL,0.375,clip ln_post,-0.00901760227881861
10,MTL,0.375,category,0.0021033674503410983
10,MTL,0.375,low-level,0.016460995044364417
10,MTL,0.4,alexnet conv1,0.001373662557422619
10,MTL,0.4,alexnet conv4,0.005205165857094376
10,MTL,0.4,resnet50 avgpool,0.007635221409174634
10,MTL,0.4,clip ln_post,-0.006862196114625199
10,MTL,0.4,category,-0.00045993121741218885
10,MTL,0.4,low-level,-0.0033446535430357418
10,MTL,0.425,alexnet conv1,-0.023176999947960762
10,MTL,0.425,alexnet conv4,-0.03011487558768706
10,MTL,0.425,resnet50 avgpool,-0.020101489659927058
10,MTL,0.425,clip ln_post,-0.02872678238708652
10,MTL,0.425,category,-0.01110570316186503
10,MTL,0.425,low-level,-0.020117189709984218
10,MTL,0.45,alexnet conv1,-0.014952480558936991
10,MTL,0.45,alexnet conv4,-0.00906903903218667
10,MTL,0.45,resnet50 avgpool,-0.002954758764107525
10,MTL,0.45,clip ln_post,-0.014444017055982803
10,MTL,0.45,category,0.007368521470591092
10,MTL,0.45,low-level,-0.014393393818444714
10,MTL,0.475,alexnet conv1,0.0030409253942642453
10,MTL,0.475,alexnet conv4,-0.0230987638889544
10,MTL,0.475,resnet50 avgpool,-0.009537105433223824
10,MTL,0.475,clip ln_post,-0.009714149030738901
10,MTL,0.475,category,-0.001966735163996891
10,MTL,0.475,low-level,-0.015799047684515507
10,MTL,0.5,alexnet conv1,-0.010631970477487979
10,MTL,0.5,alexnet conv4,-0.019082850243469663
10,MTL,0.5,resnet50 avgpool,-0.0038999014553640337
10,MTL,0.5,clip ln_post,-0.01745394991350893
10,MTL,0.5,category,0.00175890013688176
10,MTL,0.5,low-level,-0.027565871133886036
10,MTL,0.525,alexnet conv1,-0.028867303151142134
10,MTL,0.525,alexnet conv4,-0.0352239676416459
10,MTL,0.525,resnet50 avgpool,-0.02666279768203469
10,MTL,0.525,clip ln_post,-0.029543394409975433
10,MTL,0.525,category,-0.021874636603867577
10,MTL,0.525,low-level,-0.026956230425520394
10,MTL,0.55,alexnet conv1,-0.007900748143308794
10,MTL,0.55,alexnet conv4,-0.030099220643458102
10,MTL,0.55,resnet50 avgpool,-0.020039504586450825
10,MTL,0.55,clip ln_post,-0.027780692473437892
10,MTL,0.55,category,-0.012198761452618683
10,MTL,0.55,low-level,-0.020859423833099983
10,MTL,0.575,alexnet conv1,-0.02475438620027653
10,MTL,0.575,alexnet conv4,-0.02667815782745794
10,MTL,0.575,resnet50 avgpool,0.005277103209377621
10,MTL,0.575,clip ln_post,-0.0069693836716438
10,MTL,0.575,category,-0.0030501714627544745
10,MTL,0.575,low-level,-0.018696404449476022
10,MTL,0.6,alexnet conv1,-0.0028821544899359495
10,MTL,0.6,alexnet conv4,-0.013043519752628296
10,MTL,0.6,resnet50 avgpool,0.006271897751943566
10,MTL,0.6,clip ln_post,-0.0030500850992329514
10,MTL,0.6,category,-0.005852095532010319
10,MTL,0.6,low-level,-0.018957860382615474
10,MTL,0.625,alexnet conv1,0.012213802875725944
10,MTL,0.625,alexnet conv4,-0.0002970299332843562
10,MTL,0.625,resnet50 avgpool,0.006293244085137432
10,MTL,0.625,clip ln_post,0.014612134532282335
10,MTL,0.625,category,0.014837111657941323
10,MTL,0.625,low-level,-0.011936490633053083
10,MTL,0.65,alexnet conv1,0.000746868746962928
10,MTL,0.65,alexnet conv4,-0.010908060030032234
10,MTL,0.65,resnet50 avgpool,0.00115120061275881
10,MTL,0.65,clip ln_post,0.0034626165602259337
10,MTL,0.65,category,0.0038757383760173567
10,MTL,0.65,low-level,0.0020594451256283667
10,MTL,0.675,alexnet conv1,-0.00422380479671873
10,MTL,0.675,alexnet conv4,-0.012249128793815772
10,MTL,0.675,resnet50 avgpool,-0.0015348305143350577
10,MTL,0.675,clip ln_post,0.0013952956348100185
10,MTL,0.675,category,0.005305566386633493
10,MTL,0.675,low-level,-0.00885229908401404
10,MTL,0.7,alexnet conv1,-0.021507066201720947
10,MTL,0.7,alexnet conv4,-0.0028736423757863465
10,MTL,0.7,resnet50 avgpool,0.009817855384374213
10,MTL,0.7,clip ln_post,0.0005891111128466116
10,MTL,0.7,category,0.020956698567442412
10,MTL,0.7,low-level,-0.014044941630094218
10,MTL,0.725,alexnet conv1,-0.02478230831885243
10,MTL,0.725,alexnet conv4,-0.025263729266880544
10,MTL,0.725,resnet50 avgpool,-0.012591235558692519
10,MTL,0.725,clip ln_post,-0.02765650807380149
10,MTL,0.725,category,-0.007843847875196996
10,MTL,0.725,low-level,-0.013478974639879578
10,MTL,0.75,alexnet conv1,-0.009218969194188504
10,MTL,0.75,alexnet conv4,-0.00037300586811359987
10,MTL,0.75,resnet50 avgpool,0.010343049927744331
10,MTL,0.75,clip ln_post,-0.004243952603620525
10,MTL,0.75,category,0.022232574706121416
10,MTL,0.75,low-level,-0.007834519900137244
10,MTL,0.775,alexnet conv1,-0.00691536299868907
10,MTL,0.775,alexnet conv4,-0.0021037068304683533
10,MTL,0.775,resnet50 avgpool,0.018966001984604894
10,MTL,0.775,clip ln_post,0.003758328758957986
10,MTL,0.775,category,0.02389717932144168
10,MTL,0.775,low-level,-0.017064441755965255
10,MTL,0.8,alexnet conv1,0.00887440899444237
10,MTL,0.8,alexnet conv4,0.006604144060592129
10,MTL,0.8,resnet50 avgpool,0.029069583459532998
10,MTL,0.8,clip ln_post,0.011408911924478307
10,MTL,0.8,category,0.028887144370604044
10,MTL,0.8,low-level,-0.009850386352038309
10,MTL,0.825,alexnet conv1,0.005655499223960671
10,MTL,0.825,alexnet conv4,0.011890519739508946
10,MTL,0.825,resnet50 avgpool,0.021791047663277108
10,MTL,0.825,clip ln_post,0.001547706617362646
10,MTL,0.825,category,0.009539242864904686
10,MTL,0.825,low-level,0.007145823173245532
10,MTL,0.85,alexnet conv1,0.016707032838872937
10,MTL,0.85,alexnet conv4,-0.004489458793725301
10,MTL,0.85,resnet50 avgpool,0.023491848294305066
10,MTL,0.85,clip ln_post,-0.002535825497355549
10,MTL,0.85,category,0.013526596348076467
10,MTL,0.85,low-level,-0.0003581579960248621
10,MTL,0.875,alexnet conv1,0.00635479420955606
10,MTL,0.875,alexnet conv4,0.024052745711614937
10,MTL,0.875,resnet50 avgpool,0.0468135187425155
10,MTL,0.875,clip ln_post,0.0005159607359693747
10,MTL,0.875,category,0.01968467122556184
10,MTL,0.875,low-level,0.003081965254233073
10,MTL,0.9,alexnet conv1,-0.014143655735101669
10,MTL,0.9,alexnet conv4,0.013945823183555438
10,MTL,0.9,resnet50 avgpool,0.038819456306203315
10,MTL,0.9,clip ln_post,0.00171614305630442
10,MTL,0.9,category,0.02349113125920749
10,MTL,0.9,low-level,-0.01803429116461625
10,MTL,0.925,alexnet conv1,-0.034998997490749896
10,MTL,0.925,alexnet conv4,-0.0030648073193717137
10,MTL,0.925,resnet50 avgpool,0.016344030799084287
10,MTL,0.925,clip ln_post,-0.007517221340768425
10,MTL,0.925,category,0.005003435837956866
10,MTL,0.925,low-level,-0.023962268253020606
10,MTL,0.95,alexnet conv1,-0.013869497678557672
10,MTL,0.95,alexnet conv4,-0.0018092849806072002
10,MTL,0.95,resnet50 avgpool,0.00568355021633142
10,MTL,0.95,clip ln_post,-0.004732152313257555
10,MTL,0.95,category,0.017140616541800695
10,MTL,0.95,low-level,-0.01835389173214551
10,MTL,0.975,alexnet conv1,-0.025917072690001024
10,MTL,0.975,alexnet conv4,-0.0015185134809850712
10,MTL,0.975,resnet50 avgpool,0.004361242255232644
10,MTL,0.975,clip ln_post,0.008285086850756698
10,MTL,0.975,category,0.008101717260691695
10,MTL,0.975,low-level,-0.009132243573946638
10,MTL,1.0,alexnet conv1,-0.01888322151340776
10,MTL,1.0,alexnet conv4,0.0020439432190307834
10,MTL,1.0,resnet50 avgpool,0.005844992030057906
10,MTL,1.0,clip ln_post,0.0022244551325496624
10,MTL,1.0,category,0.008309552287806827
10,MTL,1.0,low-level,0.0018713618766622627
10,MTL,1.025,alexnet conv1,-0.01779771431757189
10,MTL,1.025,alexnet conv4,0.00026225172882262684
10,MTL,1.025,resnet50 avgpool,0.015135404023341932
10,MTL,1.025,clip ln_post,0.0014086566254907162
10,MTL,1.025,category,0.01044755890933378
10,MTL,1.025,low-level,0.004909174968780967
10,MTL,1.05,alexnet conv1,-0.006420569783523213
10,MTL,1.05,alexnet conv4,0.018801634735735394
10,MTL,1.05,resnet50 avgpool,0.025974136395436564
10,MTL,1.05,clip ln_post,0.018578127302410895
10,MTL,1.05,category,0.02049484295163101
10,MTL,1.05,low-level,0.021344567622876717
10,MTL,1.075,alexnet conv1,-0.003564871472746788
10,MTL,1.075,alexnet conv4,0.009974003706977385
10,MTL,1.075,resnet50 avgpool,0.010685586808911376
10,MTL,1.075,clip ln_post,0.02138567997435515
10,MTL,1.075,category,0.018657042480381466
10,MTL,1.075,low-level,0.017351693390065644
10,MTL,1.1,alexnet conv1,-0.035235052398925125
10,MTL,1.1,alexnet conv4,-0.012771302857619177
10,MTL,1.1,resnet50 avgpool,-0.0023769756578279097
10,MTL,1.1,clip ln_post,0.002303538536757139
10,MTL,1.1,category,-0.003102130219533257
10,MTL,1.1,low-level,0.0016537826379006957
10,MTL,1.125,alexnet conv1,-0.006928933409286395
10,MTL,1.125,alexnet conv4,0.006474395534863235
10,MTL,1.125,resnet50 avgpool,0.005611285846793751
10,MTL,1.125,clip ln_post,0.033791335657546454
10,MTL,1.125,category,0.005930995866378101
10,MTL,1.125,low-level,0.002791021385910337
10,MTL,1.15,alexnet conv1,0.0002718641029957307
10,MTL,1.15,alexnet conv4,0.03185700121195495
10,MTL,1.15,resnet50 avgpool,0.027401296076022343
10,MTL,1.15,clip ln_post,0.03470001350855118
10,MTL,1.15,category,0.03674831183139397
10,MTL,1.15,low-level,0.007628938811675873
10,MTL,1.175,alexnet conv1,0.01744107864324865
10,MTL,1.175,alexnet conv4,0.0429216235716563
10,MTL,1.175,resnet50 avgpool,0.027803633619842984
10,MTL,1.175,clip ln_post,0.02954107145982333
10,MTL,1.175,category,0.04018721177078971
10,MTL,1.175,low-level,0.018704051498277717
10,MTL,1.2,alexnet conv1,0.02599776540572164
10,MTL,1.2,alexnet conv4,0.022627159902248714
10,MTL,1.2,resnet50 avgpool,0.010576735169016823
10,MTL,1.2,clip ln_post,0.019311212997015003
10,MTL,1.2,category,0.03700425681848945
10,MTL,1.2,low-level,0.024050920536495424
10,MFC,-0.2,alexnet conv1,-0.010842025097552953
10,MFC,-0.2,alexnet conv4,-0.015003967250900554
10,MFC,-0.2,resnet50 avgpool,-0.028490240980335743
10,MFC,-0.2,clip ln_post,-0.012944380364097856
10,MFC,-0.2,category,-0.01922281560975044
10,MFC,-0.2,low-level,-0.014232916947257136
10,MFC,-0.175,alexnet conv1,-0.008459881600551705
10,MFC,-0.175,alexnet conv4,-0.009366721389057435
10,MFC,-0.175,resnet50 avgpool,-0.023686966441547348
10,MFC,-0.175,clip ln_post,-0.017468362836540064
10,MFC,-0.175,category,-0.006414019864580859
10,MFC,-0.175,low-level,-0.019682356638793072
10,MFC,-0.15,alexnet conv1,0.0027029071505290003
10,MFC,-0.15,alexnet conv4,0.008209088363013357
10,MFC,-0.15,resnet50 avgpool,-0.0010448378480272273
10,MFC,-0.15,clip ln_post,0.014597529909481368
10,MFC,-0.15,category,0.00590790308558753
10,MFC,-0.15,low-level,-0.019783514513135297
10,MFC,-0.125,alexnet conv1,-0.00014190937919508368
10,MFC,-0.125,alexnet conv4,0.028557893278940344
10,MFC,-0.125,resnet50 avgpool,-0.0005146816635555245
10,MFC,-0.125,clip ln_post,0.02956595054591842
10,MFC,-0.125,category,0.01422707736539043
10,MFC,-0.125,low-level,-0.013515761664618478
10,MFC,-0.1,alexnet conv1,0.0016779142559856788
10,MFC,-0.1,alexnet conv4,0.024300908312815984
10,MFC,-0.1,resnet50 avgpool,-0.0011326089569297852
10,MFC,-0.1,clip ln_post,0.027298698037022714
10,MFC,-0.1,category,0.02434363975005937
10,MFC,-0.1,low-level,-0.01586362473219059
10,MFC,-0.075,alexnet conv1,-0.00947870305124432
10,MFC,-0.075,alexnet conv4,-0.002908649331233928
10,MFC,-0.075,resnet50 avgpool,-0.004029529161910257
10,MFC,-0.075,clip ln_post,0.015151617957656042
10,MFC,-0.075,category,0.010811270206785259
10,MFC,-0.075,low-level,-0.005770486867412347
10,MFC,-0.05,alexnet conv1,-0.011007181698415887
10,MFC,-0.05,alexnet conv4,0.0027626981476479746
10,MFC,-0.05,resnet50 avgpool,0.00930944182001553
10,MFC,-0.05,clip ln_post,0.033240646655710845
10,MFC,-0.05,category,0.014003847151081583
10,MFC,-0.05,low-level,0.0046168956457591365
10,MFC,-0.025,alexnet conv1,-0.00871775000942712
10,MFC,-0.025,alexnet conv4,0.024236305490381933
10,MFC,-0.025,resnet50 avgpool,0.022319770126781144
10,MFC,-0.025,clip ln_post,0.0450490802315924
10,MFC,-0.025,category,0.019438348230462428
10,MFC,-0.025,low-level,0.0018104915615114495
10,MFC,-0.0,alexnet conv1,-0.005502443872433811
10,MFC,-0.0,alexnet conv4,0.01510332733580467
10,MFC,-0.0,resnet50 avgpool,0.029825223679157666
10,MFC,-0.0,clip ln_post,0.04491630800445193
10,MFC,-0.0,category,0.01821443084856221
10,MFC,-0.0,low-level,0.011872250268167038
10,MFC,0.025,alexnet conv1,-0.009607725050954766
10,MFC,0.025,alexnet conv4,0.018682291158017908
10,MFC,0.025,resnet50 avgpool,0.037440899766421405
10,MFC,0.025,clip ln_post,0.02380677235400384
10,MFC,0.025,category,0.023954911273418103
10,MFC,0.025,low-level,0.009900742176452095
10,MFC,0.05,alexnet conv1,-0.014753410818960236
10,MFC,0.05,alexnet conv4,0.01845512693076464
10,MFC,0.05,resnet50 avgpool,0.019419189906027035
10,MFC,0.05,clip ln_post,0.01095525200278254
10,MFC,0.05,category,0.02024659555813238
10,MFC,0.05,low-level,0.007307685437727706
10,MFC,0.075,alexnet conv1,-0.019076475823392076
10,MFC,0.075,alexnet conv4,0.01698824834660721
10,MFC,0.075,resnet50 avgpool,0.012907754431602516
10,MFC,0.075,clip ln_post,0.011717901345924408
10,MFC,0.075,category,0.019626939273585414
10,MFC,0.075,low-level,-0.004784782760150378
10,MFC,0.1,alexnet conv1,-0.020533191097903438
10,MFC,0.1,alexnet conv4,0.005949706821137891
10,MFC,0.1,resnet50 avgpool,0.011176384936436997
10,MFC,0.1,clip ln_post,0.006397406329822013
10,MFC,0.1,category,0.01289731807153343
10,MFC,0.1,low-level,-0.004618237544147974
10,MFC,0.125,alexnet conv1,-0.0014312337034253651
10,MFC,0.125,alexnet conv4,-0.011070832465690511
10,MFC,0.125,resnet50 avgpool,-0.022733690202913596
10,MFC,0.125,clip ln_post,-0.025328949072607423
10,MFC,0.125,category,-0.015223915736183374
10,MFC,0.125,low-level,0.0010425664473930599
10,MFC,0.15,alexnet conv1,-0.0038393130516394466
10,MFC,0.15,alexnet conv4,-0.018825848510864593
10,MFC,0.15,resnet50 avgpool,-0.026997985535050624
10,MFC,0.15,clip ln_post,-0.028350118114121716
10,MFC,0.15,category,-0.00803051451992077
10,MFC,0.15,low-level,-0.01296694455465302
10,MFC,0.175,alexnet conv1,-0.025545331395999352
10,MFC,0.175,alexnet conv4,-0.02650634006232389
10,MFC,0.175,resnet50 avgpool,-0.0158408736746329
10,MFC,0.175,clip ln_post,-0.032729475192142456
10,MFC,0.175,category,-0.00705869332831761
10,MFC,0.175,low-level,-0.016036637801771846
10,MFC,0.2,alexnet conv1,-0.009724473432628531
10,MFC,0.2,alexnet conv4,-0.009253190019487522
10,MFC,0.2,resnet50 avgpool,-0.009904173441239878
10,MFC,0.2,clip ln_post,-0.023838633177934738
10,MFC,0.2,category,-0.01606102903984154
10,MFC,0.2,low-level,-0.010846650055865503
10,MFC,0.225,alexnet conv1,0.004239361474679122
10,MFC,0.225,alexnet conv4,0.012139378259202166
10,MFC,0.225,resnet50 avgpool,0.0047525465912919935
10,MFC,0.225,clip ln_post,0.006214057581894078
10,MFC,0.225,category,0.0039296215311953545
10,MFC,0.225,low-level,-0.004542772271730809
10,MFC,0.25,alexnet conv1,-0.000668084974328469
10,MFC,0.25,alexnet conv4,-0.004586663464410613
10,MFC,0.25,resnet50 avgpool,-0.012653473546991138
10,MFC,0.25,clip ln_post,-0.02074512727537317
10,MFC,0.25,category,-0.009491132904924333
10,MFC,0.25,low-level,-0.0021313534813077713
10,MFC,0.275,alexnet conv1,0.004513173182899468
10,MFC,0.275,alexnet conv4,-0.004180487092425992
10,MFC,0.275,resnet50 avgpool,-0.009598069181875902
10,MFC,0.275,clip ln_post,-0.018241191598552354
10,MFC,0.275,category,0.0045550510109399625
10,MFC,0.275,low-level,-0.00039976167884614244
10,MFC,0.3,alexnet conv1,-0.0024969442734503982
10,MFC,0.3,alexnet conv4,0.00395429425140138
10,MFC,0.3,resnet50 avgpool,0.0014162344046276829
10,MFC,0.3,clip ln_post,-0.004193719209311844
10,MFC,0.3,category,0.01776989481834373
10,MFC,0.3,low-level,0.00363991146164096
10,MFC,0.325,alexnet conv1,-0.009824424726066507
10,MFC,0.325,alexnet conv4,0.005536825789976388
10,MFC,0.325,resnet50 avgpool,0.001593327940738262
10,MFC,0.325,clip ln_post,0.0031937745477193507
10,MFC,0.325,category,0.02142625177685067
10,MFC,0.325,low-level,0.0026378532698129865
10,MFC,0.35,alexnet conv1,-0.02016498900049274
10,MFC,0.35,alexnet conv4,0.018945960498583846
10,MFC,0.35,resnet50 avgpool,0.013550100087255294
10,MFC,0.35,clip ln_post,0.008266509693229594
10,MFC,0.35,category,0.015539517073654498
10,MFC,0.35,low-level,-0.007374094104212042
10,MFC,0.375,alexnet conv1,0.009855568689513568
10,MFC,0.375,alexnet conv4,0.028196130038504654
10,MFC,0.375,resnet50 avgpool,0.0013011887679683256
10,MFC,0.375,clip ln_post,0.0034010986542560174
10,MFC,0.375,category,0.010922885313939682
10,MFC,0.375,low-level,0.003927097047921489
10,MFC,0.4,alexnet conv1,0.02189671934228383
10,MFC,0.4,alexnet conv4,0.05600489283538252
10,MFC,0.4,resnet50 avgpool,0.029867673096257624
10,MFC,0.4,clip ln_post,0.02219186771816343
10,MFC,0.4,category,0.03802996116527062
10,MFC,0.4,low-level,0.01198133871365962
10,MFC,0.425,alexnet conv1,-0.004775975847195064
10,MFC,0.425,alexnet conv4,0.0305425771052559
10,MFC,0.425,resnet50 avgpool,0.023531254678924217
10,MFC,0.425,clip ln_post,0.016853369032920992
10,MFC,0.425,category,0.008074775683102695
10,MFC,0.425,low-level,0.0049878347003878875
10,MFC,0.45,alexnet conv1,-0.013357438596727273
10,MFC,0.45,alexnet conv4,0.03703099249807598
10,MFC,0.45,resnet50 avgpool,0.025849695859132903
10,MFC,0.45,clip ln_post,0.024161557078448602
10,MFC,0.45,category,0.015025702701064313
10,MFC,0.45,low-level,0.0011516516710407723
10,MFC,0.475,alexnet conv1,-0.02239784831538882
10,MFC,0.475,alexnet conv4,0.014252943934976267
10,MFC,0.475,resnet50 avgpool,0.01384918877941232
10,MFC,0.475,clip ln_post,0.02398227752059294
10,MFC,0.475,category,0.006531408166932924
10,MFC,0.475,low-level,-0.0018812803260981267
10,MFC,0.5,alexnet conv1,-0.018330894203455177
10,MFC,0.5,alexnet conv4,-0.0013770648256065635
10,MFC,0.5,resnet50 avgpool,0.0002147085749813642
10,MFC,0.5,clip ln_post,-0.004926295852426309
10,MFC,0.5,category,0.008036287715118414
10,MFC,0.5,low-level,-0.007192409439160061
10,MFC,0.525,alexnet conv1,-0.01142492771533284
10,MFC,0.525,alexnet conv4,0.007150481960929229
10,MFC,0.525,resnet50 avgpool,0.027744818841719966
10,MFC,0.525,clip ln_post,0.008345625315885782
10,MFC,0.525,category,0.022247969893315126
10,MFC,0.525,low-level,-0.019560113400691546
10,MFC,0.55,alexnet conv1,-0.008816222476069231
10,MFC,0.55,alexnet conv4,0.01515951953220256
10,MFC,0.55,resnet50 avgpool,0.04011874901846497
10,MFC,0.55,clip ln_post,0.028482107432958502
10,MFC,0.55,category,0.03014762532208933
10,MFC,0.55,low-level,-0.005200168775699207
10,MFC,0.575,alexnet conv1,0.0040261172281917
10,MFC,0.575,alexnet conv4,0.03286589293675465
10,MFC,0.575,resnet50 avgpool,0.0556248907311312
10,MFC,0.575,clip ln_post,0.04835696447003604
10,MFC,0.575,category,0.03497016771052007
10,MFC,0.575,low-level,-0.0041437274533685
10,MFC,0.6,alexnet conv1,-0.0032427159822346965
10,MFC,0.6,alexnet conv4,0.029976028572042016
10,MFC,0.6,resnet50 avgpool,0.05586135320268263
10,MFC,0.6,clip ln_post,0.052073778146906696
10,MFC,0.6,category,0.05135449568142959
10,MFC,0.6,low-level,-0.012804263941573572
10,MFC,0.625,alexnet conv1,-0.003849590736778445
10,MFC,0.625,alexnet conv4,0.030456426584323532
10,MFC,0.625,resnet50 avgpool,0.047938422657435906
10,MFC,0.625,clip ln_post,0.05809492132345037
10,MFC,0.625,category,0.04690528658244641
10,MFC,0.625,low-level,-0.015824915876986048
10,MFC,0.65,alexnet conv1,0.008334497063700798
10,MFC,0.65,alexnet conv4,0.022794864982404735
10,MFC,0.65,resnet50 avgpool,0.015524287142980606
10,MFC,0.65,clip ln_post,0.03798727955074183
10,MFC,0.65,category,0.027538141092754907
10,MFC,0.65,low-level,-0.01427728336205544
10,MFC,0.675,alexnet conv1,0.0294198785431498
10,MFC,0.675,alexnet conv4,0.021358225023285566
10,MFC,0.675,resnet50 avgpool,0.012078424176084701
10,MFC,0.675,clip ln_post,0.0442715604634477
10,MFC,0.675,category,0.026085220301348203
10,MFC,0.675,low-level,-0.01153671123406015
10,MFC,0.7,alexnet conv1,0.024057093591268564
10,MFC,0.7,alexnet conv4,0.027009448859102204
10,MFC,0.7,resnet50 avgpool,0.01271995631590751
10,MFC,0.7,clip ln_post,0.06254509616266163
10,MFC,0.7,category,0.03580150781898059
10,MFC,0.7,low-level,0.005463193747290912
10,MFC,0.725,alexnet conv1,0.013924645997217306
10,MFC,0.725,alexnet conv4,0.017254967163343696
10,MFC,0.725,resnet50 avgpool,0.0036077622825940966
10,MFC,0.725,clip ln_post,0.04323949078664487
10,MFC,0.725,category,0.029289343636039807
10,MFC,0.725,low-level,0.01737303166864733
10,MFC,0.75,alexnet conv1,-0.00527241703601252
10,MFC,0.75,alexnet conv4,0.008830063521635734
10,MFC,0.75,resnet50 avgpool,0.010973481201063562
10,MFC,0.75,clip ln_post,0.045982764431564634
10,MFC,0.75,category,0.009710514322434749
10,MFC,0.75,low-level,0.006645483552133974
10,MFC,0.775,alexnet conv1,0.013792764610183708
10,MFC,0.775,alexnet conv4,0.0027077060884645923
10,MFC,0.775,resnet50 avgpool,0.006708361076639521
10,MFC,0.775,clip ln_post,0.027865359334807084
10,MFC,0.775,category,0.0035562882417478035
10,MFC,0.775,low-level,0.0015549122734169936
10,MFC,0.8,alexnet conv1,-0.009389530439822808
10,MFC,0.8,alexnet conv4,-0.007966786297632948
10,MFC,0.8,resnet50 avgpool,-0.009125983529361973
10,MFC,0.8,clip ln_post,0.011292111993286605
10,MFC,0.8,category,-0.017223365672966905
10,MFC,0.8,low-level,-0.01809668219054625
10,MFC,0.825,alexnet conv1,-0.016548735545740705
10,MFC,0.825,alexnet conv4,-0.026366101209694497
10,MFC,0.825,resnet50 avgpool,-0.04102445632849848
10,MFC,0.825,clip ln_post,-0.010604998803149067
10,MFC,0.825,category,-0.02492480806662205
10,MFC,0.825,low-level,-0.013725842059442422
10,MFC,0.85,alexnet conv1,-0.019389745465749512
10,MFC,0.85,alexnet conv4,-0.027081892041030228
10,MFC,0.85,resnet50 avgpool,-0.027598853159832095
10,MFC,0.85,clip ln_post,-0.011035255243700734
10,MFC,0.85,category,-0.027376491627220917
10,MFC,0.85,low-level,-0.018397360863147194
10,MFC,0.875,alexnet conv1,-0.008112221986039515
10,MFC,0.875,alexnet conv4,-0.04796567463227861
10,MFC,0.875,resnet50 avgpool,-0.03341961047276914
10,MFC,0.875,clip ln_post,-0.028951204824354433
10,MFC,0.875,category,-0.03880549372015393
10,MFC,0.875,low-level,-0.02822321125556919
10,MFC,0.9,alexnet conv1,-0.0268794055345676
10,MFC,0.9,alexnet conv4,-0.030799044011612358
10,MFC,0.9,resnet50 avgpool,-0.023992669581224865
10,MFC,0.9,clip ln_post,-0.019883113014559882
10,MFC,0.9,category,-0.03277442913701669
10,MFC,0.9,low-level,-0.02073236876968338
10,MFC,0.925,alexnet conv1,-0.03655530804484097
10,MFC,0.925,alexnet conv4,-0.024724518087398444
10,MFC,0.925,resnet50 avgpool,-0.024474386938981123
10,MFC,0.925,clip ln_post,-0.003281521492785375
10,MFC,0.925,category,-0.02780755686864489
10,MFC,0.925,low-level,-0.030518777337192642
10,MFC,0.95,alexnet conv1,-0.03832704725624212
10,MFC,0.95,alexnet conv4,-0.03691240283205835
10,MFC,0.95,resnet50 avgpool,-0.019750029879389338
10,MFC,0.95,clip ln_post,-0.025176128915756157
10,MFC,0.95,category,-0.02776522010386218
10,MFC,0.95,low-level,-0.03360554636212861
10,MFC,0.975,alexnet conv1,-0.036004077773067016
10,MFC,0.975,alexnet conv4,-0.029639303899022536
10,MFC,0.975,resnet50 avgpool,-0.020559333147188025
10,MFC,0.975,clip ln_post,-0.023670523756247386
10,MFC,0.975,category,-0.030066800589322335
10,MFC,0.975,low-level,-0.021329331518481008
10,MFC,1.0,alexnet conv1,-0.06096804337129002
10,MFC,1.0,alexnet conv4,-0.024049188794877177
10,MFC,1.0,resnet50 avgpool,-0.02134117502022739
10,MFC,1.0,clip ln_post,-0.03723964722654444
10,MFC,1.0,category,-0.036234497458803784
10,MFC,1.0,low-level,-0.024790698002896933
10,MFC,1.025,alexnet conv1,-0.04909018226027986
10,MFC,1.025,alexnet conv4,-0.028981446671237567
10,MFC,1.025,resnet50 avgpool,-0.018335118042081266
10,MFC,1.025,clip ln_post,-0.026155357114827096
10,MFC,1.025,category,-0.0351106487936627
10,MFC,1.025,low-level,-0.0036898693882131566
10,MFC,1.05,alexnet conv1,-0.03778531015038103
10,MFC,1.05,alexnet conv4,-0.01887434210894285
10,MFC,1.05,resnet50 avgpool,-0.021086733043372455
10,MFC,1.05,clip ln_post,-0.024345521198746924
10,MFC,1.05,category,-0.031329205939206836
10,MFC,1.05,low-level,-0.004864373604925062
10,MFC,1.075,alexnet conv1,-0.007347125651718005
10,MFC,1.075,alexnet conv4,0.00011812894220105668
10,MFC,1.075,resnet50 avgpool,-0.0045577135773208115
10,MFC,1.075,clip ln_post,-0.016920799024229487
10,MFC,1.075,category,-0.011550239192083506
10,MFC,1.075,low-level,-0.01675177620952116
10,MFC,1.1,alexnet conv1,0.0029028145701722585
10,MFC,1.1,alexnet conv4,-0.008104826241137768
10,MFC,1.1,resnet50 avgpool,-0.009867578116270816
10,MFC,1.1,clip ln_post,-0.020333729903774838
10,MFC,1.1,category,-0.010838211784374259
10,MFC,1.1,low-level,-0.006541301976380166
10,MFC,1.125,alexnet conv1,0.006083761342537089
10,MFC,1.125,alexnet conv4,-0.018381212976652943
10,MFC,1.125,resnet50 avgpool,-0.0034026660817858363
10,MFC,1.125,clip ln_post,-0.02875198365766873
10,MFC,1.125,category,-0.01657291901403251
10,MFC,1.125,low-level,-0.004205285632399305
10,MFC,1.15,alexnet conv1,0.00620076586087811
10,MFC,1.15,alexnet conv4,-0.011460276186336766
10,MFC,1.15,resnet50 avgpool,0.00014746706159783353
10,MFC,1.15,clip ln_post,-0.01395494100454082
10,MFC,1.15,category,-0.016022541071857258
10,MFC,1.15,low-level,-0.0013364985768337964
10,MFC,1.175,alexnet conv1,0.023328676349882768
10,MFC,1.175,alexnet conv4,-0.0033107420148443542
10,MFC,1.175,resnet50 avgpool,0.017325343531786865
10,MFC,1.175,clip ln_post,0.00537261802242801
10,MFC,1.175,category,-0.001832027276051899
10,MFC,1.175,low-level,0.009935373786972184
10,MFC,1.2,alexnet conv1,0.02930475236036866
10,MFC,1.2,alexnet conv4,-0.004074367576982182
10,MFC,1.2,resnet50 avgpool,0.015503243663204632
10,MFC,1.2,clip ln_post,-0.006263894689283606
10,MFC,1.2,category,0.009712438720833964
10,MFC,1.2,low-level,0.00793433265424576
11,MTL,-0.2,alexnet conv1,-0.029284187324556055
11,MTL,-0.2,alexnet conv4,-0.029296810512761253
11,MTL,-0.2,resnet50 avgpool,-0.028863915381260114
11,MTL,-0.2,clip ln_post,-0.03703653729309925
11,MTL,-0.2,category,-0.03414460079725718
11,MTL,-0.2,low-level,-0.013460455475560155
11,MTL,-0.175,alexnet conv1,-0.041471906144205095
11,MTL,-0.175,alexnet conv4,-0.04036707110098713
11,MTL,-0.175,resnet50 avgpool,-0.04142613017227566
11,MTL,-0.175,clip ln_post,-0.045025936108960427
11,MTL,-0.175,category,-0.04085690241371624
11,MTL,-0.175,low-level,-0.029808014194778364
11,MTL,-0.15,alexnet conv1,-0.034621646964827536
11,MTL,-0.15,alexnet conv4,-0.03739539442946115
11,MTL,-0.15,resnet50 avgpool,-0.015649773167944955
11,MTL,-0.15,clip ln_post,-0.031154076818112195
11,MTL,-0.15,category,-0.030074498182919195
11,MTL,-0.15,low-level,0.0007013231369417843
11,MTL,-0.125,alexnet conv1,-0.03068300926857755
11,MTL,-0.125,alexnet conv4,-0.058985727600954774
11,MTL,-0.125,resnet50 avgpool,-0.03762591904091504
11,MTL,-0.125,clip ln_post,-0.05235567507483122
11,MTL,-0.125,category,-0.03955793349424667
11,MTL,-0.125,low-level,-0.008671556808586873
11,MTL,-0.1,alexnet conv1,-0.0013131740308890381
11,MTL,-0.1,alexnet conv4,-0.03566843563992426
11,MTL,-0.1,resnet50 avgpool,-0.01872491455474091
11,MTL,-0.1,clip ln_post,-0.030774656256860117
11,MTL,-0.1,category,-0.035799583420581385
11,MTL,-0.1,low-level,-0.005051393645083683
11,MTL,-0.075,alexnet conv1,0.0005633621286363063
11,MTL,-0.075,alexnet conv4,-0.04192890711903225
11,MTL,-0.075,resnet50 avgpool,-0.015051267155454042
11,MTL,-0.075,clip ln_post,-0.031381824199287145
11,MTL,-0.075,category,-0.04580645509649511
11,MTL,-0.075,low-level,0.004432213054054542
11,MTL,-0.05,alexnet conv1,-0.015396052884341158
11,MTL,-0.05,alexnet conv4,-0.036450159915625814
11,MTL,-0.05,resnet50 avgpool,-0.025783801076905522
11,MTL,-0.05,clip ln_post,-0.03121779041136181
11,MTL,-0.05,category,-0.04512521806317329
11,MTL,-0.05,low-level,-0.0060758855427495385
11,MTL,-0.025,alexnet conv1,-0.014594852556393432
11,MTL,-0.025,alexnet conv4,-0.02093405142585065
11,MTL,-0.025,resnet50 avgpool,-0.0062286122660995405
11,MTL,-0.025,clip ln_post,-0.006793738354802806
11,MTL,-0.025,category,-0.03293030540735304
11,MTL,-0.025,low-level,0.010018122039720606
11,MTL,-0.0,alexnet conv1,0.0015119763577414892
11,MTL,-0.0,alexnet conv4,0.009380747690704029
11,MTL,-0.0,resnet50 avgpool,-0.002181072991359502
11,MTL,-0.0,clip ln_post,0.01932146168555016
11,MTL,-0.0,category,-0.0038199308224401464
11,MTL,-0.0,low-level,-0.0014382186631060384
11,MTL,0.025,alexnet conv1,-0.004695373343130835
11,MTL,0.025,alexnet conv4,-0.007953845757707936
11,MTL,0.025,resnet50 avgpool,-0.008026280885023777
11,MTL,0.025,clip ln_post,-0.0029731780512359425
11,MTL,0.025,category,-0.00787848704638285
11,MTL,0.025,low-level,-0.011504607160841483
11,MTL,0.05,alexnet conv1,0.026318135994175117
11,MTL,0.05,alexnet conv4,-0.0019445009770824506
11,MTL,0.05,resnet50 avgpool,-0.017459468933773228
11,MTL,0.05,clip ln_post,0.006276993099607304
11,MTL,0.05,category,-0.020000272563032963
11,MTL,0.05,low-level,-0.004448892544952533
11,MTL,0.075,alexnet conv1,-0.003459969814664276
11,MTL,0.075,alexnet conv4,-0.039458837864574624
11,MTL,0.075,resnet50 avgpool,-0.04524625069401761
11,MTL,0.075,clip ln_post,-0.0283442946295171
11,MTL,0.075,category,-0.043058414182417265
11,MTL,0.075,low-level,-0.0043174042229932146
11,MTL,0.1,alexnet conv1,-0.005049236619942442
11,MTL,0.1,alexnet conv4,-0.023773271611033528
11,MTL,0.1,resnet50 avgpool,-0.026209911003108002
11,MTL,0.1,clip ln_post,-0.02652817128317086
11,MTL,0.1,category,-0.037252504211988086
11,MTL,0.1,low-level,-0.0052337452320239935
11,MTL,0.125,alexnet conv1,0.020215894149457056
11,MTL,0.125,alexnet conv4,-0.009022446322582398
11,MTL,0.125,resnet50 avgpool,-0.018484134811062126
11,MTL,0.125,clip ln_post,-0.02422010444344731
11,MTL,0.125,category,-0.04000824271966279
11,MTL,0.125,low-level,-0.0037495830610552237
11,MTL,0.15,alexnet conv1,0.046933176450107916
11,MTL,0.15,alexnet conv4,0.016296316887464853
11,MTL,0.15,resnet50 avgpool,0.001613015023823481
11,MTL,0.15,clip ln_post,-0.00498679887726181
11,MTL,0.15,category,-0.0144810979540867
11,MTL,0.15,low-level,0.007342341212084332
11,MTL,0.175,alexnet conv1,0.019331294756096937
11,MTL,0.175,alexnet conv4,-0.006603873425622952
11,MTL,0.175,resnet50 avgpool,-0.004260485500576878
11,MTL,0.175,clip ln_post,-0.014816220684723486
11,MTL,0.175,category,-0.01813745491259364
11,MTL,0.175,low-level,0.018289044049501255
11,MTL,0.2,alexnet conv1,0.016701165859362554
11,MTL,0.2,alexnet conv4,-0.010715980082503459
11,MTL,0.2,resnet50 avgpool,-0.00959495043604062
11,MTL,0.2,clip ln_post,-0.017939961990478447
11,MTL,0.2,category,-0.02845415473078086
11,MTL,0.2,low-level,0.002578257194308717
11,MTL,0.225,alexnet conv1,0.005293850359017907
11,MTL,0.225,alexnet conv4,-0.016480972093488044
11,MTL,0.225,resnet50 avgpool,-0.00795265206418317
11,MTL,0.225,clip ln_post,-0.0019666366622697507
11,MTL,0.225,category,-0.014119311055034436
11,MTL,0.225,low-level,-0.014861313625540233
11,MTL,0.25,alexnet conv1,0.011030763991950339
11,MTL,0.25,alexnet conv4,-0.0018688456158178872
11,MTL,0.25,resnet50 avgpool,0.009825064262273432
11,MTL,0.25,clip ln_post,0.01561998721211109
11,MTL,0.25,category,0.006061854957524665
11,MTL,0.25,low-level,-0.0022636440426400087
11,MTL,0.275,alexnet conv1,0.03111744283100468
11,MTL,0.275,alexnet conv4,0.010086507308033397
11,MTL,0.275,resnet50 avgpool,0.022796973679872906
11,MTL,0.275,clip ln_post,0.01598837295467944
11,MTL,0.275,category,0.021915048970251073
11,MTL,0.275,low-level,0.013913319601572747
11,MTL,0.3,alexnet conv1,0.04425678830471343
11,MTL,0.3,alexnet conv4,0.01912147855255243
11,MTL,0.3,resnet50 avgpool,0.030501946419585712
11,MTL,0.3,clip ln_post,0.01883107112140074
11,MTL,0.3,category,0.02186693901027072
11,MTL,0.3,low-level,0.010666297623667748
11,MTL,0.325,alexnet conv1,0.051102678662445694
11,MTL,0.325,alexnet conv4,0.017710577912108953
11,MTL,0.325,resnet50 avgpool,0.01562205563651837
11,MTL,0.325,clip ln_post,0.020080488064134407
11,MTL,0.325,category,0.023876010939050323
11,MTL,0.325,low-level,0.015720859953182214
11,MTL,0.35,alexnet conv1,0.04758705792132188
11,MTL,0.35,alexnet conv4,0.04474310484602328
11,MTL,0.35,resnet50 avgpool,0.046104297252872066
11,MTL,0.35,clip ln_post,0.04767340819663626
11,MTL,0.35,category,0.05140260564140994
11,MTL,0.35,low-level,0.01217654868348073
11,MTL,0.375,alexnet conv1,0.03202146833801545
11,MTL,0.375,alexnet conv4,0.029435999043962643
11,MTL,0.375,resnet50 avgpool,0.033556451889981895
11,MTL,0.375,clip ln_post,0.0413057056656039
11,MTL,0.375,category,0.03056714417311802
11,MTL,0.375,low-level,0.008411162473332469
11,MTL,0.4,alexnet conv1,0.017280941676694986
11,MTL,0.4,alexnet conv4,0.014671039522061741
11,MTL,0.4,resnet50 avgpool,0.010134578844433532
11,MTL,0.4,clip ln_post,0.019626443131976534
11,MTL,0.4,category,0.019193949633762225
11,MTL,0.4,low-level,0.005166046216668759
11,MTL,0.425,alexnet conv1,0.027837401775937597
11,MTL,0.425,alexnet conv4,0.031916859867816214
11,MTL,0.425,resnet50 avgpool,0.037212222883001134
11,MTL,0.425,clip ln_post,0.02998893206075101
11,MTL,0.425,category,0.02106254047939919
11,MTL,0.425,low-level,0.013243639814033054
11,MTL,0.45,alexnet conv1,0.04750616222937438
11,MTL,0.45,alexnet conv4,0.06558939321758353
11,MTL,0.45,resnet50 avgpool,0.0701747453911316
11,MTL,0.45,clip ln_post,0.06633526319263641
11,MTL,0.45,category,0.05084260570723862
11,MTL,0.45,low-level,0.009595193685328391
11,MTL,0.475,alexnet conv1,0.03204582065247411
11,MTL,0.475,alexnet conv4,0.04963019245729
11,MTL,0.475,resnet50 avgpool,0.06088418680390592
11,MTL,0.475,clip ln_post,0.05479948790451133
11,MTL,0.475,category,0.03372315754782928
11,MTL,0.475,low-level,0.007981381254899299
11,MTL,0.5,alexnet conv1,0.017944922020657596
11,MTL,0.5,alexnet conv4,0.03942565447332412
11,MTL,0.5,resnet50 avgpool,0.04021541886290166
11,MTL,0.5,clip ln_post,0.04852262206777644
11,MTL,0.5,category,0.023279447435293928
11,MTL,0.5,low-level,0.004515571846406046
11,MTL,0.525,alexnet conv1,0.03949203897597193
11,MTL,0.525,alexnet conv4,0.04513681428927894
11,MTL,0.525,resnet50 avgpool,0.043389640034097954
11,MTL,0.525,clip ln_post,0.0461453644985223
11,MTL,0.525,category,0.029425975922384016
11,MTL,0.525,low-level,0.009119704153708086
11,MTL,0.55,alexnet conv1,0.05636446199946095
11,MTL,0.55,alexnet conv4,0.04638828999088528
11,MTL,0.55,resnet50 avgpool,0.038452372188962906
11,MTL,0.55,clip ln_post,0.060916603396077094
11,MTL,0.55,category,0.029285494839241383
11,MTL,0.55,low-level,0.02629573611770838
11,MTL,0.575,alexnet conv1,0.047451184668492914
11,MTL,0.575,alexnet conv4,0.043602318846810484
11,MTL,0.575,resnet50 avgpool,0.040943509087033036
11,MTL,0.575,clip ln_post,0.05846791269326204
11,MTL,0.575,category,0.027501577523169837
11,MTL,0.575,low-level,0.005328340208363667
11,MTL,0.6,alexnet conv1,0.0626443724795991
11,MTL,0.6,alexnet conv4,0.07254436235527377
11,MTL,0.6,resnet50 avgpool,0.07055483931796173
11,MTL,0.6,clip ln_post,0.08465829931645082
11,MTL,0.6,category,0.056379099901777814
11,MTL,0.6,low-level,0.01426972330306526
11,MTL,0.625,alexnet conv1,0.035796178567220845
11,MTL,0.625,alexnet conv4,0.06926253317630321
11,MTL,0.625,resnet50 avgpool,0.0666762986940935
11,MTL,0.625,clip ln_post,0.0877754535603667
11,MTL,0.625,category,0.0457506475429179
11,MTL,0.625,low-level,-0.004443450848965145
11,MTL,0.65,alexnet conv1,0.005017552997479462
11,MTL,0.65,alexnet conv4,0.03935626076756665
11,MTL,0.65,resnet50 avgpool,0.038878449896716676
11,MTL,0.65,clip ln_post,0.05027780744022956
11,MTL,0.65,category,0.011113400755461886
11,MTL,0.65,low-level,-0.014486373039581498
11,MTL,0.675,alexnet conv1,0.018111262649510677
11,MTL,0.675,alexnet conv4,0.05699624000393632
11,MTL,0.675,resnet50 avgpool,0.03707186321118908
11,MTL,0.675,clip ln_post,0.05870192978455627
11,MTL,0.675,category,0.027628587817517973
11,MTL,0.675,low-level,0.008051751179652726
11,MTL,0.7,alexnet conv1,0.0019126047128579732
11,MTL,0.7,alexnet conv4,0.0381978770516676
11,MTL,0.7,resnet50 avgpool,0.005633276548961849
11,MTL,0.7,clip ln_post,0.02947216425264141
11,MTL,0.7,category,0.012785702964379007
11,MTL,0.7,low-level,-0.00820252707593324
11,MTL,0.725,alexnet conv1,0.016354197330575228
11,MTL,0.725,alexnet conv4,0.01984747135567268
11,MTL,0.725,resnet50 avgpool,-0.015091759301794773
11,MTL,0.725,clip ln_post,0.003086992943154517
11,MTL,0.725,category,0.0029385563556000517
11,MTL,0.725,low-level,-0.008540716077446655
11,MTL,0.75,alexnet conv1,-0.006704559299691552
11,MTL,0.75,alexnet conv4,-0.01985295654656583
11,MTL,0.75,resnet50 avgpool,-0.033549966316256244
11,MTL,0.75,clip ln_post,-0.04141347798746661
11,MTL,0.75,category,-0.01388261005193109
11,MTL,0.75,low-level,-0.0023915319529558073
11,MTL,0.775,alexnet conv1,0.009873723785362552
11,MTL,0.775,alexnet conv4,0.012071276513238034
11,MTL,0.775,resnet50 avgpool,-0.004135286219806062
11,MTL,0.775,clip ln_post,-0.01335238030027955
11,MTL,0.775,category,0.02388948172784482
11,MTL,0.775,low-level,0.010215940092964918
11,MTL,0.8,alexnet conv1,0.037002458228974563
11,MTL,0.8,alexnet conv4,0.033570822929029694
11,MTL,0.8,resnet50 avgpool,0.010876925732119787
11,MTL,0.8,clip ln_post,0.008571687672193112
11,MTL,0.8,category,0.03797607801009261
11,MTL,0.8,low-level,0.0148780237239645
11,MTL,0.825,alexnet conv1,0.05981197938369819
11,MTL,0.825,alexnet conv4,0.06227288248949737
11,MTL,0.825,resnet50 avgpool,0.043719155829218204
11,MTL,0.825,clip ln_post,0.035076123624198145
11,MTL,0.825,category,0.050455801628996565
11,MTL,0.825,low-level,0.016633360523126573
11,MTL,0.85,alexnet conv1,0.049663920340323735
11,MTL,0.85,alexnet conv4,0.08039582593758844
11,MTL,0.85,resnet50 avgpool,0.06004576289123926
11,MTL,0.85,clip ln_post,0.0542135229231814
11,MTL,0.85,category,0.050609753500933705
11,MTL,0.85,low-level,0.022826993219459937
11,MTL,0.875,alexnet conv1,0.043480695813846656
11,MTL,0.875,alexnet conv4,0.06940841025745713
11,MTL,0.875,resnet50 avgpool,0.04761249760842456
11,MTL,0.875,clip ln_post,0.036345586885720156
11,MTL,0.875,category,0.03722171383760066
11,MTL,0.875,low-level,0.009728091564418844
11,MTL,0.9,alexnet conv1,0.027372826243818347
11,MTL,0.9,alexnet conv4,0.0657569049870473
11,MTL,0.9,resnet50 avgpool,0.05063379874557857
11,MTL,0.9,clip ln_post,0.036867211624973036
11,MTL,0.9,category,0.04522336238153321
11,MTL,0.9,low-level,0.004876292820025916
11,MTL,0.925,alexnet conv1,0.04620935355950839
11,MTL,0.925,alexnet conv4,0.04227753973069553
11,MTL,0.925,resnet50 avgpool,0.027383287574115005
11,MTL,0.925,clip ln_post,0.025054053213587932
11,MTL,0.925,category,0.02204975685819607
11,MTL,0.925,low-level,0.01684877146028985
11,MTL,0.95,alexnet conv1,0.055904532367645914
11,MTL,0.95,alexnet conv4,0.050997706123776014
11,MTL,0.95,resnet50 avgpool,0.03585705371513896
11,MTL,0.95,clip ln_post,0.02580204155164359
11,MTL,0.95,category,0.019534568150423134
11,MTL,0.95,low-level,0.011538774825700128
11,MTL,0.975,alexnet conv1,0.04196491606823476
11,MTL,0.975,alexnet conv4,0.03852261162899905
11,MTL,0.975,resnet50 avgpool,0.017780957502396992
11,MTL,0.975,clip ln_post,0.010130569258491373
11,MTL,0.975,category,0.015214293744187302
11,MTL,0.975,low-level,-0.003400206203226706
11,MTL,1.0,alexnet conv1,0.03637597693746737
11,MTL,1.0,alexnet conv4,0.03427083155326405
11,MTL,1.0,resnet50 avgpool,0.015073755632654735
11,MTL,1.0,clip ln_post,0.014985336932933075
11,MTL,1.0,category,0.01850886380364198
11,MTL,1.0,low-level,-0.01113902925607834
11,MTL,1.025,alexnet conv1,0.0448254052623346
11,MTL,1.025,alexnet conv4,0.06229416760763869
11,MTL,1.025,resnet50 avgpool,0.04117425278393817
11,MTL,1.025,clip ln_post,0.044919814982594175
11,MTL,1.025,category,0.039946661970887934
11,MTL,1.025,low-level,-0.0060927293477359605
11,MTL,1.05,alexnet conv1,0.04498420516326674
11,MTL,1.05,alexnet conv4,0.06397738340935985
11,MTL,1.05,resnet50 avgpool,0.05099896586512064
11,MTL,1.05,clip ln_post,0.04774610429338667
11,MTL,1.05,category,0.04062789900420975
11,MTL,1.05,low-level,0.003873740075010219
11,MTL,1.075,alexnet conv1,0.03638946680194291
11,MTL,1.075,alexnet conv4,0.050495454337733434
11,MTL,1.075,resnet50 avgpool,0.0504940222276882
11,MTL,1.075,clip ln_post,0.03826418423003849
11,MTL,1.075,category,0.014814018877150751
11,MTL,1.075,low-level,0.004616960082656559
11,MTL,1.1,alexnet conv1,0.010318178896261417
11,MTL,1.1,alexnet conv4,0.038392172017545294
11,MTL,1.1,resnet50 avgpool,0.039018129759260924
11,MTL,1.1,clip ln_post,0.028691411363168495
11,MTL,1.1,category,0.004112439379120701
11,MTL,1.1,low-level,0.004290986705972144
11,MTL,1.125,alexnet conv1,-0.001309013018237936
11,MTL,1.125,alexnet conv4,0.026980995136122562
11,MTL,1.125,resnet50 avgpool,0.013680816777367969
11,MTL,1.125,clip ln_post,0.023827049034700485
11,MTL,1.125,category,-0.006489071402150213
11,MTL,1.125,low-level,0.0058425418170333894
11,MTL,1.15,alexnet conv1,0.010930949626919387
11,MTL,1.15,alexnet conv4,0.0059519234504092485
11,MTL,1.15,resnet50 avgpool,-0.009120179375826582
11,MTL,1.15,clip ln_post,0.014339824203771947
11,MTL,1.15,category,-0.014354087659738564
11,MTL,1.15,low-level,-0.009306000889693132
11,MTL,1.175,alexnet conv1,0.0048979903343107385
11,MTL,1.175,alexnet conv4,0.010084981764486904
11,MTL,1.175,resnet50 avgpool,0.001815464479070084
11,MTL,1.175,clip ln_post,0.010355075463725933
11,MTL,1.175,category,0.0078015111104142824
11,MTL,1.175,low-level,-0.01176622096437962
11,MTL,1.2,alexnet conv1,-0.019244275947971793
11,MTL,1.2,alexnet conv4,0.009341818139125808
11,MTL,1.2,resnet50 avgpool,-0.006783072437356833
11,MTL,1.2,clip ln_post,0.006694977533044724
11,MTL,1.2,category,-0.0003194501342695538
11,MTL,1.2,low-level,-0.01901360474257627
11,MFC,-0.2,alexnet conv1,0.002594561340279219
11,MFC,-0.2,alexnet conv4,0.02537124706299844
11,MFC,-0.2,resnet50 avgpool,0.009279691304475245
11,MFC,-0.2,clip ln_post,0.041743804076571966
11,MFC,-0.2,category,0.026512436745973752
11,MFC,-0.2,low-level,0.016684065917708876
11,MFC,-0.175,alexnet conv1,0.0151806789983939
11,MFC,-0.175,alexnet conv4,0.006712108082224678
11,MFC,-0.175,resnet50 avgpool,0.0034142743888566232
11,MFC,-0.175,clip ln_post,0.023097368830125194
11,MFC,-0.175,category,0.017744877639153948
11,MFC,-0.175,low-level,0.012069907229167792
11,MFC,-0.15,alexnet conv1,0.008903859878409639
11,MFC,-0.15,alexnet conv4,-0.0044965532961315936
11,MFC,-0.15,resnet50 avgpool,-0.008394489426124219
11,MFC,-0.15,clip ln_post,0.0020922708920981734
11,MFC,-0.15,category,0.007120274077092463
11,MFC,-0.15,low-level,0.01616269409327839
11,MFC,-0.125,alexnet conv1,0.017768218327776426
11,MFC,-0.125,alexnet conv4,-0.00045581372499213686
11,MFC,-0.125,resnet50 avgpool,-0.004987335314432858
11,MFC,-0.125,clip ln_post,-0.0056212719549719094
11,MFC,-0.125,category,0.005301717589835064
11,MFC,-0.125,low-level,0.016125240146651162
11,MFC,-0.1,alexnet conv1,-0.0021501384478290657
11,MFC,-0.1,alexnet conv4,-0.0028034464306559625
11,MFC,-0.1,resnet50 avgpool,-0.009972972716618615
11,MFC,-0.1,clip ln_post,-0.0033921773658077774
11,MFC,-0.1,category,0.0018570444552416833
11,MFC,-0.1,low-level,0.013036910137875115
11,MFC,-0.075,alexnet conv1,-0.006389817274227997
11,MFC,-0.075,alexnet conv4,0.011005222816734224
11,MFC,-0.075,resnet50 avgpool,0.024242433439326874
11,MFC,-0.075,clip ln_post,0.021822536364125386
11,MFC,-0.075,category,0.020083021694199177
11,MFC,-0.075,low-level,0.014309616186259958
11,MFC,-0.05,alexnet conv1,0.010992894427334731
11,MFC,-0.05,alexnet conv4,0.006735788642027699
11,MFC,-0.05,resnet50 avgpool,0.015494928081592169
11,MFC,-0.05,clip ln_post,0.008500964955426292
11,MFC,-0.05,category,0.018483846624452193
11,MFC,-0.05,low-level,0.019124315386961483
11,MFC,-0.025,alexnet conv1,0.01318093626915055
11,MFC,-0.025,alexnet conv4,0.020352903102603105
11,MFC,-0.025,resnet50 avgpool,0.02855135615569676
11,MFC,-0.025,clip ln_post,-0.007747602580125542
11,MFC,-0.025,category,0.020034911734218824
11,MFC,-0.025,low-level,0.029768134198963153
11,MFC,-0.0,alexnet conv1,0.028342812580876363
11,MFC,-0.0,alexnet conv4,0.006598729750286146
11,MFC,-0.0,resnet50 avgpool,0.018484113869070465
11,MFC,-0.0,clip ln_post,-0.025024721537880892
11,MFC,-0.0,category,0.026953123979393798
11,MFC,-0.0,low-level,0.0518995182233603
11,MFC,0.025,alexnet conv1,0.037260487730093536
11,MFC,0.025,alexnet conv4,0.02590816751077714
11,MFC,0.025,resnet50 avgpool,0.032069122645504766
11,MFC,0.025,clip ln_post,-0.013225898725250016
11,MFC,0.025,category,0.026395048443621685
11,MFC,0.025,low-level,0.04551070455380968
11,MFC,0.05,alexnet conv1,0.022989743102204113
11,MFC,0.05,alexnet conv4,0.028920606963613028
11,MFC,0.05,resnet50 avgpool,0.026320821401875225
11,MFC,0.05,clip ln_post,-0.011230642414989757
11,MFC,0.05,category,0.025246182599290817
11,MFC,0.05,low-level,0.03597523742870283
11,MFC,0.075,alexnet conv1,0.012837709913181077
11,MFC,0.075,alexnet conv4,0.02684063868615538
11,MFC,0.075,resnet50 avgpool,0.024501953043698763
11,MFC,0.075,clip ln_post,-0.009691420526095309
11,MFC,0.075,category,0.012968520812304355
11,MFC,0.075,low-level,0.03400714288162888
11,MFC,0.1,alexnet conv1,-0.010683052827920208
11,MFC,0.1,alexnet conv4,0.010049109743691416
11,MFC,0.1,resnet50 avgpool,0.010231928498138046
11,MFC,0.1,clip ln_post,-0.022170350627191387
11,MFC,0.1,category,0.006675738046873988
11,MFC,0.1,low-level,0.022541309012889366
11,MFC,0.125,alexnet conv1,0.00784722202354179
11,MFC,0.125,alexnet conv4,0.010837976849472342
11,MFC,0.125,resnet50 avgpool,0.010467248825682653
11,MFC,0.125,clip ln_post,-0.012381417744225572
11,MFC,0.125,category,0.019453743417656138
11,MFC,0.125,low-level,0.0021828224531245414
11,MFC,0.15,alexnet conv1,0.0024585302170515655
11,MFC,0.15,alexnet conv4,0.0032420071763630412
11,MFC,0.15,resnet50 avgpool,0.0022048051006804616
11,MFC,0.15,clip ln_post,-0.012884544261150684
11,MFC,0.15,category,0.016774980845950003
11,MFC,0.15,low-level,0.002707084272404458
11,MFC,0.175,alexnet conv1,0.021003925186493917
11,MFC,0.175,alexnet conv4,0.006634877238818118
11,MFC,0.175,resnet50 avgpool,-0.002922166581390877
11,MFC,0.175,clip ln_post,-0.0035272161608151135
11,MFC,0.175,category,0.005644260504895188
11,MFC,0.175,low-level,0.014515529124743057
11,MFC,0.2,alexnet conv1,0.02145850011213309
11,MFC,0.2,alexnet conv4,0.012810474047562732
11,MFC,0.2,resnet50 avgpool,-0.0009995950914239724
11,MFC,0.2,clip ln_post,0.00047241911345809195
11,MFC,0.2,category,0.0033888655810161697
11,MFC,0.2,low-level,0.004414947187389999
11,MFC,0.225,alexnet conv1,0.020394780642238437
11,MFC,0.225,alexnet conv4,0.02294534124711223
11,MFC,0.225,resnet50 avgpool,0.010734897144664472
11,MFC,0.225,clip ln_post,0.0158154871479706
11,MFC,0.225,category,0.007884260241580492
11,MFC,0.225,low-level,-0.0016832270781782204
11,MFC,0.25,alexnet conv1,0.015441930344384031
11,MFC,0.25,alexnet conv4,-0.009639627758868985
11,MFC,0.25,resnet50 avgpool,-0.012893024156851576
11,MFC,0.25,clip ln_post,-0.0039357025955723554
11,MFC,0.25,category,-0.006673813648474774
11,MFC,0.25,low-level,-0.008974893503206523
11,MFC,0.275,alexnet conv1,0.010230915227926067
11,MFC,0.275,alexnet conv4,0.0023370827746332142
11,MFC,0.275,resnet50 avgpool,0.00021160110560313104
11,MFC,0.275,clip ln_post,0.013841501457549733
11,MFC,0.275,category,0.01869937924516418
11,MFC,0.275,low-level,-0.007099262682089975
11,MFC,0.3,alexnet conv1,-0.0013670706628162272
11,MFC,0.3,alexnet conv4,0.010017699978042484
11,MFC,0.3,resnet50 avgpool,0.01719024996541672
11,MFC,0.3,clip ln_post,0.026847628478603357
11,MFC,0.3,category,0.02128769509210725
11,MFC,0.3,low-level,-0.011648808882662395
11,MFC,0.325,alexnet conv1,0.004271584756158022
11,MFC,0.325,alexnet conv4,0.00654673078498807
11,MFC,0.325,resnet50 avgpool,0.008592966346644682
11,MFC,0.325,clip ln_post,0.02136737989548696
11,MFC,0.325,category,0.0059752570295600275
11,MFC,0.325,low-level,0.0047615548695517556
11,MFC,0.35,alexnet conv1,-0.0005117143444291867
11,MFC,0.35,alexnet conv4,0.036727997319012676
11,MFC,0.35,resnet50 avgpool,0.02750359931621627
11,MFC,0.35,clip ln_post,0.043318327719719704
11,MFC,0.35,category,0.037775940576574345
11,MFC,0.35,low-level,0.003192377877967703
11,MFC,0.375,alexnet conv1,0.0028462019230186823
11,MFC,0.375,alexnet conv4,0.028046436682100856
11,MFC,0.375,resnet50 avgpool,0.0393569148020755
11,MFC,0.375,clip ln_post,0.02510637758521799
11,MFC,0.375,category,0.02293113132503616
11,MFC,0.375,low-level,0.014747962679283105
11,MFC,0.4,alexnet conv1,-0.013340116347777483
11,MFC,0.4,alexnet conv4,0.0376142269658776
11,MFC,0.4,resnet50 avgpool,0.056251844022912015
11,MFC,0.4,clip ln_post,0.03846449599121308
11,MFC,0.4,category,0.04226556204194103
11,MFC,0.4,low-level,0.014148723697084002
11,MFC,0.425,alexnet conv1,-0.0013521728521319863
11,MFC,0.425,alexnet conv4,0.05267900492779885
11,MFC,0.425,resnet50 avgpool,0.046773266623617665
11,MFC,0.425,clip ln_post,0.03994746446865709
11,MFC,0.425,category,0.03658281356906155
11,MFC,0.425,low-level,0.03159707404420686
11,MFC,0.45,alexnet conv1,-0.00856422426854907
11,MFC,0.45,alexnet conv4,0.045743200934324706
11,MFC,0.45,resnet50 avgpool,0.040345135170181845
11,MFC,0.45,clip ln_post,0.04399810476908562
11,MFC,0.45,category,0.03386748742777034
11,MFC,0.45,low-level,0.022804710940331
11,MFC,0.475,alexnet conv1,-0.00731732680850465
11,MFC,0.475,alexnet conv4,0.04940970550353222
11,MFC,0.475,resnet50 avgpool,0.03468789776091318
11,MFC,0.475,clip ln_post,0.03787114976328333
11,MFC,0.475,category,0.03819930822440146
11,MFC,0.475,low-level,0.02995623516807605
11,MFC,0.5,alexnet conv1,0.003216878397290434
11,MFC,0.5,alexnet conv4,0.03507691780895888
11,MFC,0.5,resnet50 avgpool,0.0211250891065636
11,MFC,0.5,clip ln_post,0.022554695778329033
11,MFC,0.5,category,0.03135807191519505
11,MFC,0.5,low-level,0.02881956507568617
11,MFC,0.525,alexnet conv1,0.006283957117296315
11,MFC,0.525,alexnet conv4,0.030750740502381503
11,MFC,0.525,resnet50 avgpool,0.025004315983389407
11,MFC,0.525,clip ln_post,0.017457363458149924
11,MFC,0.525,category,0.0354493429119244
11,MFC,0.525,low-level,0.014302967909368318
11,MFC,0.55,alexnet conv1,0.005074916334488017
11,MFC,0.55,alexnet conv4,0.03250504953302968
11,MFC,0.55,resnet50 avgpool,0.02173670319491283
11,MFC,0.55,clip ln_post,0.030547608016022215
11,MFC,0.55,category,0.025378966088836597
11,MFC,0.55,low-level,0.014358100118803598
11,MFC,0.575,alexnet conv1,0.014046178818524746
11,MFC,0.575,alexnet conv4,0.03391302473833014
11,MFC,0.575,resnet50 avgpool,0.025079766757504653
11,MFC,0.575,clip ln_post,0.0323193085652849
11,MFC,0.575,category,0.03277827793381512
11,MFC,0.575,low-level,0.027496520923034333
11,MFC,0.6,alexnet conv1,0.007625905444729678
11,MFC,0.6,alexnet conv4,0.027154315891889012
11,MFC,0.6,resnet50 avgpool,0.02516629262336451
11,MFC,0.6,clip ln_post,0.03712371880439039
11,MFC,0.6,category,0.027399584408011487
11,MFC,0.6,low-level,0.018591357808374308
11,MFC,0.625,alexnet conv1,0.010670795319107884
11,MFC,0.625,alexnet conv4,0.04729230905420631
11,MFC,0.625,resnet50 avgpool,0.027353226150544648
11,MFC,0.625,clip ln_post,0.05862078117778638
11,MFC,0.625,category,0.041928792322078544
11,MFC,0.625,low-level,-0.0008777400856294198
11,MFC,0.65,alexnet conv1,0.011796979917364578
11,MFC,0.65,alexnet conv4,0.05454780221594367
11,MFC,0.65,resnet50 avgpool,0.03227119836674632
11,MFC,0.65,clip ln_post,0.06376443073983327
11,MFC,0.65,category,0.04644535536503422
11,MFC,0.65,low-level,-0.00244191033028369
11,MFC,0.675,alexnet conv1,0.006509992087922241
11,MFC,0.675,alexnet conv4,0.09118632407011694
11,MFC,0.675,resnet50 avgpool,0.06515300560624206
11,MFC,0.675,clip ln_post,0.08193678923363575
11,MFC,0.675,category,0.0690397169702079
11,MFC,0.675,low-level,0.0034263804709600046
11,MFC,0.7,alexnet conv1,0.0012159355308325787
11,MFC,0.7,alexnet conv4,0.10361503366428383
11,MFC,0.7,resnet50 avgpool,0.06925108112870866
11,MFC,0.7,clip ln_post,0.08661979552522865
11,MFC,0.7,category,0.0873080309739481
11,MFC,0.7,low-level,-0.018242825073902035
11,MFC,0.725,alexnet conv1,0.0120857860916153
11,MFC,0.725,alexnet conv4,0.11084409158885333
11,MFC,0.725,resnet50 avgpool,0.07975136836262262
11,MFC,0.725,clip ln_post,0.09088562928829165
11,MFC,0.725,category,0.10039394008860451
11,MFC,0.725,low-level,-0.0021881352753170833
11,MFC,0.75,alexnet conv1,0.023059521818423682
11,MFC,0.75,alexnet conv4,0.13719124029609323
11,MFC,0.75,resnet50 avgpool,0.0967699149383982
11,MFC,0.75,clip ln_post,0.10910597393960517
11,MFC,0.75,category,0.10752383615769306
11,MFC,0.75,low-level,-0.0039135427465485225
11,MFC,0.775,alexnet conv1,0.02592859239633785
11,MFC,0.775,alexnet conv4,0.14270257968221634
11,MFC,0.775,resnet50 avgpool,0.10276076955130811
11,MFC,0.775,clip ln_post,0.12211845927151202
11,MFC,0.775,category,0.12119091358891217
11,MFC,0.775,low-level,0.0021648638898126996
11,MFC,0.8,alexnet conv1,0.009739411516373662
11,MFC,0.8,alexnet conv4,0.12118627967309464
11,MFC,0.8,resnet50 avgpool,0.09694632705431855
11,MFC,0.8,clip ln_post,0.10108893330567188
11,MFC,0.8,category,0.10107325272352712
11,MFC,0.8,low-level,0.01309183937108351
11,MFC,0.825,alexnet conv1,0.026166733449067163
11,MFC,0.825,alexnet conv4,0.10480924429515019
11,MFC,0.825,resnet50 avgpool,0.06732344973137161
11,MFC,0.825,clip ln_post,0.07313336875816207
11,MFC,0.825,category,0.08930940530913084
11,MFC,0.825,low-level,0.021180375964552696
11,MFC,0.85,alexnet conv1,0.02974008803935971
11,MFC,0.85,alexnet conv4,0.13622974674211558
11,MFC,0.85,resnet50 avgpool,0.10454016386612314
11,MFC,0.85,clip ln_post,0.09754227492198175
11,MFC,0.85,category,0.1064038362893504
11,MFC,0.85,low-level,0.030242508972258043
11,MFC,0.875,alexnet conv1,0.017939130754501684
11,MFC,0.875,alexnet conv4,0.09242522652211357
11,MFC,0.875,resnet50 avgpool,0.0795185240228615
11,MFC,0.875,clip ln_post,0.07222626800022178
11,MFC,0.875,category,0.07876562647983636
11,MFC,0.875,low-level,0.016665177852151707
11,MFC,0.9,alexnet conv1,0.00028566487550134165
11,MFC,0.9,alexnet conv4,0.07541139672722937
11,MFC,0.9,resnet50 avgpool,0.0682732367120099
11,MFC,0.9,clip ln_post,0.0640972408713343
11,MFC,0.9,category,0.060918755725524056
11,MFC,0.9,low-level,0.024455456989440627
11,MFC,0.925,alexnet conv1,0.02505625373363493
11,MFC,0.925,alexnet conv4,0.10178937204619652
11,MFC,0.925,resnet50 avgpool,0.09685067370193869
11,MFC,0.925,clip ln_post,0.07178179355825368
11,MFC,0.925,category,0.06767146970836661
11,MFC,0.925,low-level,0.028651333223893714
11,MFC,0.95,alexnet conv1,0.015597911131053903
11,MFC,0.95,alexnet conv4,0.06854969838763676
11,MFC,0.95,resnet50 avgpool,0.08119113190034438
11,MFC,0.95,clip ln_post,0.03411293054705097
11,MFC,0.95,category,0.03658088917066233
11,MFC,0.95,low-level,0.03337519573029777
11,MFC,0.975,alexnet conv1,0.018120873412761352
11,MFC,0.975,alexnet conv4,0.047484988264881116
11,MFC,0.975,resnet50 avgpool,0.06301042882832561
11,MFC,0.975,clip ln_post,0.01954293291291609
11,MFC,0.975,category,0.034156147187652475
11,MFC,0.975,low-level,0.014130328573792119
11,MFC,1.0,alexnet conv1,0.011351901379483144
11,MFC,1.0,alexnet conv4,0.04099864129646832
11,MFC,1.0,resnet50 avgpool,0.05263766221441214
11,MFC,1.0,clip ln_post,0.02013257563016644
11,MFC,1.0,category,0.03202776255812159
11,MFC,1.0,low-level,0.013549177028699707
11,MFC,1.025,alexnet conv1,0.005548622574972137
11,MFC,1.025,alexnet conv4,0.02271408366595016
11,MFC,1.025,resnet50 avgpool,0.0458116039227843
11,MFC,1.025,clip ln_post,0.007213826652941092
11,MFC,1.025,category,0.018535805381230976
11,MFC,1.025,low-level,-0.006968136817678661
11,MFC,1.05,alexnet conv1,-0.007349922213066169
11,MFC,1.05,alexnet conv4,0.02081498975955939
11,MFC,1.05,resnet50 avgpool,0.03459455447130595
11,MFC,1.05,clip ln_post,0.009744328051647051
11,MFC,1.05,category,0.01335340049214719
11,MFC,1.05,low-level,-0.014437832724752613
11,MFC,1.075,alexnet conv1,-0.003184049408975756
11,MFC,1.075,alexnet conv4,0.03149333063935553
11,MFC,1.075,resnet50 avgpool,0.02576604710074299
11,MFC,1.075,clip ln_post,0.0010641028694343244
11,MFC,1.075,category,0.015393262795314219
11,MFC,1.075,low-level,-0.0031309727365682774
11,MFC,1.1,alexnet conv1,0.003938109313691112
11,MFC,1.1,alexnet conv4,0.04307624635071298
11,MFC,1.1,resnet50 avgpool,0.03374442559622237
11,MFC,1.1,clip ln_post,0.017257430263747698
11,MFC,1.1,category,0.026787625717061374
11,MFC,1.1,low-level,-0.006036891554273898
11,MFC,1.125,alexnet conv1,-0.011544126310031122
11,MFC,1.125,alexnet conv4,0.02648669325229956
11,MFC,1.125,resnet50 avgpool,0.028718711665684266
11,MFC,1.125,clip ln_post,0.010323718858517376
11,MFC,1.125,category,0.02252508326280197
11,MFC,1.125,low-level,-0.012978206513400155
11,MFC,1.15,alexnet conv1,-0.007874287131381965
11,MFC,1.15,alexnet conv4,0.04491843120022202
11,MFC,1.15,resnet50 avgpool,0.05024771863097781
11,MFC,1.15,clip ln_post,0.038228450748572465
11,MFC,1.15,category,0.0519395127947907
11,MFC,1.15,low-level,-0.004634736611733181
11,MFC,1.175,alexnet conv1,0.006693630801888579
11,MFC,1.175,alexnet conv4,0.04870955028535623
11,MFC,1.175,resnet50 avgpool,0.04388879079445205
11,MFC,1.175,clip ln_post,0.03294358933674509
11,MFC,1.175,category,0.044950097808844805
11,MFC,1.175,low-level,0.0017887859926144494
11,MFC,1.2,alexnet conv1,0.041723878576966286
11,MFC,1.2,alexnet conv4,0.06445597396666866
11,MFC,1.2,resnet50 avgpool,0.04764451469183171
11,MFC,1.2,clip ln_post,0.0440641445343322
11,MFC,1.2,category,0.05918487276783209
11,MFC,1.2,low-level,0.019193026061606264
12,MTL,-0.2,alexnet conv1,-0.0076832216998795125
12,MTL,-0.2,alexnet conv4,0.010239872537987657
12,MTL,-0.2,resnet50 avgpool,0.00888024335393888
12,MTL,-0.2,clip ln_post,0.008358107265498392
12,MTL,-0.2,category,0.017017477427662957
12,MTL,-0.2,low-level,0.016666100279032106
12,MTL,-0.175,alexnet conv1,-0.014773193004019329
12,MTL,-0.175,alexnet conv4,-0.005628638229212907
12,MTL,-0.175,resnet50 avgpool,-0.012554864514836516
12,MTL,-0.175,clip ln_post,-0.004479702587137611
12,MTL,-0.175,category,-0.012301759740608187
12,MTL,-0.175,low-level,0.03171635121491347
12,MTL,-0.15,alexnet conv1,-0.001877097254257349
12,MTL,-0.15,alexnet conv4,-0.010467453190356876
12,MTL,-0.15,resnet50 avgpool,-0.019237117230381254
12,MTL,-0.15,clip ln_post,-0.025114990962073824
12,MTL,-0.15,category,-0.016358380972674065
12,MTL,-0.15,low-level,0.03200518727078472
12,MTL,-0.125,alexnet conv1,-0.0007420210054067239
12,MTL,-0.125,alexnet conv4,-0.014905786015187062
12,MTL,-0.125,resnet50 avgpool,-0.016778823355581788
12,MTL,-0.125,clip ln_post,-0.01951271921275843
12,MTL,-0.125,category,-0.02689552075104746
12,MTL,-0.125,low-level,0.04671859401240713
12,MTL,-0.1,alexnet conv1,-0.002526166029022911
12,MTL,-0.1,alexnet conv4,-0.015838037514097635
12,MTL,-0.1,resnet50 avgpool,-0.01514416189972021
12,MTL,-0.1,clip ln_post,-0.0019016232044841118
12,MTL,-0.1,category,-0.0189496327945387
12,MTL,-0.1,low-level,0.03809884162956248
12,MTL,-0.075,alexnet conv1,-0.01588328141115196
12,MTL,-0.075,alexnet conv4,-0.023132241089437885
12,MTL,-0.075,resnet50 avgpool,-0.01829613458630626
12,MTL,-0.075,clip ln_post,-0.02211750449333339
12,MTL,-0.075,category,-0.027602708176147253
12,MTL,-0.075,low-level,0.023462851090025633
12,MTL,-0.05,alexnet conv1,-0.030357432057282776
12,MTL,-0.05,alexnet conv4,-0.031088318877260997
12,MTL,-0.05,resnet50 avgpool,-0.017716537131247465
12,MTL,-0.05,clip ln_post,-0.022293249760178123
12,MTL,-0.05,category,-0.0273592336345579
12,MTL,-0.05,low-level,0.022559323196020196
12,MTL,-0.025,alexnet conv1,-0.027455412090047163
12,MTL,-0.025,alexnet conv4,-0.026190548622740426
12,MTL,-0.025,resnet50 avgpool,-0.010280444930081355
12,MTL,-0.025,clip ln_post,-0.0225274830600541
12,MTL,-0.025,category,-0.031115661952042704
12,MTL,-0.025,low-level,0.037917115970387126
12,MTL,-0.0,alexnet conv1,-0.028056886505492956
12,MTL,-0.0,alexnet conv4,-0.023855099122874552
12,MTL,-0.0,resnet50 avgpool,-0.01599204251979992
12,MTL,-0.0,clip ln_post,-0.019659655568417637
12,MTL,-0.0,category,-0.018052825805382852
12,MTL,-0.0,low-level,0.028431312517617543
12,MTL,0.025,alexnet conv1,0.0038240573958864994
12,MTL,0.025,alexnet conv4,0.0014414286591136758
12,MTL,0.025,resnet50 avgpool,-0.02110181945634185
12,MTL,0.025,clip ln_post,-0.013828947988205565
12,MTL,0.025,category,-0.012539403017507219
12,MTL,0.025,low-level,0.013299514940236732
12,MTL,0.05,alexnet conv1,-0.026962224924401788
12,MTL,0.05,alexnet conv4,-0.02146273136051496
12,MTL,0.05,resnet50 avgpool,-0.01908659042768851
12,MTL,0.05,clip ln_post,-0.02906418391548763
12,MTL,0.05,category,-0.025140388992821127
12,MTL,0.05,low-level,0.003644085919836287
12,MTL,0.075,alexnet conv1,-0.04128772406277686
12,MTL,0.075,alexnet conv4,-0.02445523459236969
12,MTL,0.075,resnet50 avgpool,-0.006309745518819955
12,MTL,0.075,clip ln_post,-0.014187568352436354
12,MTL,0.075,category,-0.022502010409904353
12,MTL,0.075,low-level,-0.0031526569336374913
12,MTL,0.1,alexnet conv1,-0.018651904534611394
12,MTL,0.1,alexnet conv4,-0.003576067686634824
12,MTL,0.1,resnet50 avgpool,0.017709449924865846
12,MTL,0.1,clip ln_post,-0.012335898710335446
12,MTL,0.1,category,-0.019129509760011754
12,MTL,0.1,low-level,0.010913523843039846
12,MTL,0.125,alexnet conv1,-0.01723802817953008
12,MTL,0.125,alexnet conv4,0.005721562553182308
12,MTL,0.125,resnet50 avgpool,0.04164125214821681
12,MTL,0.125,clip ln_post,0.023019074087652927
12,MTL,0.125,category,0.016344889895943265
12,MTL,0.125,low-level,0.004472466870834284
12,MTL,0.15,alexnet conv1,-0.031384704974039945
12,MTL,0.15,alexnet conv4,-0.00642673821207516
12,MTL,0.15,resnet50 avgpool,0.026400863869762394
12,MTL,0.15,clip ln_post,0.020634015581555473
12,MTL,0.15,category,0.009920281526608529
12,MTL,0.15,low-level,-0.010411971742817987
12,MTL,0.175,alexnet conv1,-0.015686675601318416
12,MTL,0.175,alexnet conv4,-0.028111361698045723
12,MTL,0.175,resnet50 avgpool,-0.013884090115734007
12,MTL,0.175,clip ln_post,-0.007171305239797931
12,MTL,0.175,category,-0.017029012174441215
12,MTL,0.175,low-level,-0.016426930367622015
12,MTL,0.2,alexnet conv1,-0.0010297694503541813
12,MTL,0.2,alexnet conv4,-0.0020800097169654044
12,MTL,0.2,resnet50 avgpool,-0.0063830187891425775
12,MTL,0.2,clip ln_post,0.015013005871139143
12,MTL,0.2,category,-0.010026125164956295
12,MTL,0.2,low-level,-0.006429700143736049
12,MTL,0.225,alexnet conv1,0.02315913591991804
12,MTL,0.225,alexnet conv4,0.013596862346390907
12,MTL,0.225,resnet50 avgpool,0.010440655897932097
12,MTL,0.225,clip ln_post,0.03627305403377036
12,MTL,0.225,category,0.009855809612688034
12,MTL,0.225,low-level,0.004580084338494498
12,MTL,0.25,alexnet conv1,0.021236070520804225
12,MTL,0.25,alexnet conv4,0.034843265437289155
12,MTL,0.25,resnet50 avgpool,0.037762939517155106
12,MTL,0.25,clip ln_post,0.07050849414272914
12,MTL,0.25,category,0.04250133013233445
12,MTL,0.25,low-level,0.00025510504722300165
12,MTL,0.275,alexnet conv1,0.011222581793696694
12,MTL,0.275,alexnet conv4,0.07800309348677807
12,MTL,0.275,resnet50 avgpool,0.07506523395276078
12,MTL,0.275,clip ln_post,0.10776418073644567
12,MTL,0.275,category,0.06131520177281385
12,MTL,0.275,low-level,0.0070907689874019
12,MTL,0.3,alexnet conv1,-0.005996054358515308
12,MTL,0.3,alexnet conv4,0.06400720606551139
12,MTL,0.3,resnet50 avgpool,0.07310720016659354
12,MTL,0.3,clip ln_post,0.0852033302230762
12,MTL,0.3,category,0.07649102469233292
12,MTL,0.3,low-level,-0.003930966780350155
12,MTL,0.325,alexnet conv1,-0.01650676955537537
12,MTL,0.325,alexnet conv4,0.04559622516262286
12,MTL,0.325,resnet50 avgpool,0.041361446040581125
12,MTL,0.325,clip ln_post,0.049230489812361736
12,MTL,0.325,category,0.03423603509096389
12,MTL,0.325,low-level,-0.008105894651151333
12,MTL,0.35,alexnet conv1,0.024761990064110454
12,MTL,0.35,alexnet conv4,0.06873889563138763
12,MTL,0.35,resnet50 avgpool,0.04704229697634215
12,MTL,0.35,clip ln_post,0.05153230163251372
12,MTL,0.35,category,0.06349169576737375
12,MTL,0.35,low-level,0.01762044815352371
12,MTL,0.375,alexnet conv1,0.016416317221724566
12,MTL,0.375,alexnet conv4,0.029654621360878822
12,MTL,0.375,resnet50 avgpool,0.015548532617077494
12,MTL,0.375,clip ln_post,0.021873318939181804
12,MTL,0.375,category,0.014605235538186538
12,MTL,0.375,low-level,0.00694136747059702
12,MTL,0.4,alexnet conv1,0.014738754497179605
12,MTL,0.4,alexnet conv4,-0.0036639443667697514
12,MTL,0.4,resnet50 avgpool,-0.010970143633744683
12,MTL,0.4,clip ln_post,-0.0069668527098626564
12,MTL,0.4,category,0.0025103785094589674
12,MTL,0.4,low-level,0.018157272336519755
12,MTL,0.425,alexnet conv1,0.0067719927637395275
12,MTL,0.425,alexnet conv4,-0.006189190780658907
12,MTL,0.425,resnet50 avgpool,-0.01832128449384411
12,MTL,0.425,clip ln_post,-0.01549376835250754
12,MTL,0.425,category,0.0052141650979269346
12,MTL,0.425,low-level,0.015354219575796399
12,MTL,0.45,alexnet conv1,0.02282049990091306
12,MTL,0.45,alexnet conv4,-0.002552114389935449
12,MTL,0.45,resnet50 avgpool,-0.005641315671783909
12,MTL,0.45,clip ln_post,0.0015909638388939618
12,MTL,0.45,category,0.011734030580781814
12,MTL,0.45,low-level,0.0033949103552388077
12,MTL,0.475,alexnet conv1,0.012830495511839554
12,MTL,0.475,alexnet conv4,-0.011110837133305686
12,MTL,0.475,resnet50 avgpool,-0.012436221189228935
12,MTL,0.475,clip ln_post,-0.01767202770839295
12,MTL,0.475,category,0.005347906556520803
12,MTL,0.475,low-level,0.001661752123794608
12,MTL,0.5,alexnet conv1,0.0005302628297396669
12,MTL,0.5,alexnet conv4,-0.00823808114640991
12,MTL,0.5,resnet50 avgpool,0.0006678590482876949
12,MTL,0.5,clip ln_post,-0.003756129731254548
12,MTL,0.5,category,-0.007431068964506996
12,MTL,0.5,low-level,0.0008235378822371084
12,MTL,0.525,alexnet conv1,0.007136083823411576
12,MTL,0.525,alexnet conv4,-0.011954583143175863
12,MTL,0.525,resnet50 avgpool,-0.010150675340076697
12,MTL,0.525,clip ln_post,0.0031098204378105106
12,MTL,0.525,category,0.01956729254511661
12,MTL,0.525,low-level,4.9688121497585304e-05
12,MTL,0.55,alexnet conv1,0.00030901793927272484
12,MTL,0.55,alexnet conv4,-0.01019161788383193
12,MTL,0.55,resnet50 avgpool,-0.014124872008108113
12,MTL,0.55,clip ln_post,0.00026292939966744266
12,MTL,0.55,category,-0.012067915119290722
12,MTL,0.55,low-level,0.0029543494912089617
12,MTL,0.575,alexnet conv1,0.00010562991392387777
12,MTL,0.575,alexnet conv4,-0.023138632073692936
12,MTL,0.575,resnet50 avgpool,-0.02831802578006801
12,MTL,0.575,clip ln_post,-0.008146540582084841
12,MTL,0.575,category,-0.011361660938017427
12,MTL,0.575,low-level,0.012453386029132749
12,MTL,0.6,alexnet conv1,-0.00918360224892047
12,MTL,0.6,alexnet conv4,-0.02162199711471503
12,MTL,0.6,resnet50 avgpool,-0.010450618970848702
12,MTL,0.6,clip ln_post,-0.0025412431297865542
12,MTL,0.6,category,-0.01612261553498505
12,MTL,0.6,low-level,-0.0033681178287632407
12,MTL,0.625,alexnet conv1,-0.0002480330384173293
12,MTL,0.625,alexnet conv4,-0.02290702090998934
12,MTL,0.625,resnet50 avgpool,-0.01434086192837003
12,MTL,0.625,clip ln_post,-0.005592950537608415
12,MTL,0.625,category,-0.01290405952547057
12,MTL,0.625,low-level,0.0018396130702322876
12,MTL,0.65,alexnet conv1,-0.021049107200878835
12,MTL,0.65,alexnet conv4,-0.022319874407974158
12,MTL,0.65,resnet50 avgpool,-0.015242492962146146
12,MTL,0.65,clip ln_post,-0.009747137302849866
12,MTL,0.65,category,-0.030669154407331572
12,MTL,0.65,low-level,-0.007155721453059667
12,MTL,0.675,alexnet conv1,0.0017771676852155176
12,MTL,0.675,alexnet conv4,-0.018786557909863704
12,MTL,0.675,resnet50 avgpool,-0.009735724662150303
12,MTL,0.675,clip ln_post,-0.01351814587124911
12,MTL,0.675,category,-0.028598505146420004
12,MTL,0.675,low-level,0.0017801253409310425
12,MTL,0.7,alexnet conv1,-0.0014469868123130791
12,MTL,0.7,alexnet conv4,-0.02362121792261426
12,MTL,0.7,resnet50 avgpool,-0.025879575662529842
12,MTL,0.7,clip ln_post,-0.01188064912274886
12,MTL,0.7,category,-0.03010339555894113
12,MTL,0.7,low-level,-0.01295074090705989
12,MTL,0.725,alexnet conv1,-0.018143813503086133
12,MTL,0.725,alexnet conv4,-0.01586349008912218
12,MTL,0.725,resnet50 avgpool,-0.025110612217698083
12,MTL,0.725,clip ln_post,-0.009195133581909246
12,MTL,0.725,category,-0.023570055334036447
12,MTL,0.725,low-level,-0.004583998783074852
12,MTL,0.75,alexnet conv1,-0.010315460809375
12,MTL,0.75,alexnet conv4,-0.021822339725966543
12,MTL,0.75,resnet50 avgpool,-0.03033159881873045
12,MTL,0.75,clip ln_post,-0.018444780912292305
12,MTL,0.75,category,-0.03308911330386861
12,MTL,0.75,low-level,0.010764849176311727
12,MTL,0.775,alexnet conv1,-0.012847905089342379
12,MTL,0.775,alexnet conv4,-0.018956915732428237
12,MTL,0.775,resnet50 avgpool,-0.020475765203686037
12,MTL,0.775,clip ln_post,0.004746867940017759
12,MTL,0.775,category,-0.016235214131350012
12,MTL,0.775,low-level,0.010325475044222262
12,MTL,0.8,alexnet conv1,-0.0187676951785521
12,MTL,0.8,alexnet conv4,-0.014184367435290798
12,MTL,0.8,resnet50 avgpool,-0.025696125592227767
12,MTL,0.8,clip ln_post,0.00541970851533812
12,MTL,0.8,category,-0.003241653444310134
12,MTL,0.8,low-level,0.010870606141716218
12,MTL,0.825,alexnet conv1,-0.009666632094772344
12,MTL,0.825,alexnet conv4,-0.012485394767735213
12,MTL,0.825,resnet50 avgpool,-0.018760555886383392
12,MTL,0.825,clip ln_post,0.013522250428320729
12,MTL,0.825,category,0.0006956705169329599
12,MTL,0.825,low-level,0.002025711436622693
12,MTL,0.85,alexnet conv1,-0.01239789146809643
12,MTL,0.85,alexnet conv4,-0.010235494096995177
12,MTL,0.85,resnet50 avgpool,-0.01801190601737929
12,MTL,0.85,clip ln_post,0.01040525656261391
12,MTL,0.85,category,-0.0010526473971155651
12,MTL,0.85,low-level,0.007351789086966552
12,MTL,0.875,alexnet conv1,-0.007396287271866049
12,MTL,0.875,alexnet conv4,-0.02389109728370878
12,MTL,0.875,resnet50 avgpool,-0.022581731606296503
12,MTL,0.875,clip ln_post,-0.010007912839805856
12,MTL,0.875,category,-0.020494866087353514
12,MTL,0.875,low-level,0.014595294315880587
12,MTL,0.9,alexnet conv1,-0.006846659197832829
12,MTL,0.9,alexnet conv4,-0.016886888716316457
12,MTL,0.9,resnet50 avgpool,-0.012430183031653616
12,MTL,0.9,clip ln_post,-0.0035166452047749137
12,MTL,0.9,category,-0.012701043680372441
12,MTL,0.9,low-level,0.01889418650679501
12,MTL,0.925,alexnet conv1,-0.003543368966261546
12,MTL,0.925,alexnet conv4,-0.01474930411086148
12,MTL,0.925,resnet50 avgpool,-0.011909235054239293
12,MTL,0.925,clip ln_post,-0.0111543283672737
12,MTL,0.925,category,-0.020358238926866317
12,MTL,0.925,low-level,-0.003851271442497964
12,MTL,0.95,alexnet conv1,0.009203358836921331
12,MTL,0.95,alexnet conv4,0.014047240769070492
12,MTL,0.95,resnet50 avgpool,0.01750373241465291
12,MTL,0.95,clip ln_post,0.024605084341205997
12,MTL,0.95,category,0.008878223946334706
12,MTL,0.95,low-level,0.027403386829894006
12,MTL,0.975,alexnet conv1,0.002918882373967655
12,MTL,0.975,alexnet conv4,0.015423061751387074
12,MTL,0.975,resnet50 avgpool,0.02596663650659699
12,MTL,0.975,clip ln_post,0.0357180045190687
12,MTL,0.975,category,0.0016790397232048732
12,MTL,0.975,low-level,0.022648881984828333
12,MTL,1.0,alexnet conv1,-0.003365185016515382
12,MTL,1.0,alexnet conv4,-0.0012484239990928543
12,MTL,1.0,resnet50 avgpool,0.015662847822177146
12,MTL,1.0,clip ln_post,0.010160820013143954
12,MTL,1.0,category,-0.013281246142734284
12,MTL,1.0,low-level,0.015268811047459405
12,MTL,1.025,alexnet conv1,-0.00465380661256897
12,MTL,1.025,alexnet conv4,0.0031353061022948315
12,MTL,1.025,resnet50 avgpool,0.01591872018438876
12,MTL,1.025,clip ln_post,0.0049778191890069694
12,MTL,1.025,category,-0.020275492685761703
12,MTL,1.025,low-level,0.013385880667572275
12,MTL,1.05,alexnet conv1,-0.007285420899367026
12,MTL,1.05,alexnet conv4,-0.0031125758713123138
12,MTL,1.05,resnet50 avgpool,0.0053593504155101754
12,MTL,1.05,clip ln_post,0.0009657504586056223
12,MTL,1.05,category,-0.014469588398393287
12,MTL,1.05,low-level,0.03284326817654785
12,MTL,1.075,alexnet conv1,-0.005140506467185061
12,MTL,1.075,alexnet conv4,0.01206191712018171
12,MTL,1.075,resnet50 avgpool,0.019793199237332085
12,MTL,1.075,clip ln_post,0.01381994290752191
12,MTL,1.075,category,0.01647001988112059
12,MTL,1.075,low-level,0.026520321510858282
12,MTL,1.1,alexnet conv1,-0.005171785853331355
12,MTL,1.1,alexnet conv4,-0.00073859285082335
12,MTL,1.1,resnet50 avgpool,0.001705410729847369
12,MTL,1.1,clip ln_post,0.00015979360453172482
12,MTL,1.1,category,-0.005172801346342195
12,MTL,1.1,low-level,-0.006125189533391372
12,MTL,1.125,alexnet conv1,-0.02597558636592838
12,MTL,1.125,alexnet conv4,-0.01875491874351972
12,MTL,1.125,resnet50 avgpool,-0.009895903940626307
12,MTL,1.125,clip ln_post,-0.015538648635521072
12,MTL,1.125,category,-0.01141459996010362
12,MTL,1.125,low-level,-0.005140952276257853
12,MTL,1.15,alexnet conv1,-0.0264432535258906
12,MTL,1.15,alexnet conv4,-0.01929708805479943
12,MTL,1.15,resnet50 avgpool,-0.018247250243174903
12,MTL,1.15,clip ln_post,-0.008892718941469578
12,MTL,1.15,category,-0.007522505537553085
12,MTL,1.15,low-level,-0.001574600457291774
12,MTL,1.175,alexnet conv1,0.0015125946337413998
12,MTL,1.175,alexnet conv4,-0.021715250916168924
12,MTL,1.175,resnet50 avgpool,-0.010795296266637971
12,MTL,1.175,clip ln_post,-0.009496629548994707
12,MTL,1.175,category,0.006287990536826672
12,MTL,1.175,low-level,0.00638532494384976
12,MTL,1.2,alexnet conv1,-0.0037418735782260666
12,MTL,1.2,alexnet conv4,-0.006373620948981833
12,MTL,1.2,resnet50 avgpool,0.007546112548401039
12,MTL,1.2,clip ln_post,0.015889419249242503
12,MTL,1.2,category,0.017966224010357766
12,MTL,1.2,low-level,0.014442585328846638
12,MFC,-0.2,alexnet conv1,0.01849969793271226
12,MFC,-0.2,alexnet conv4,-0.01016276837613374
12,MFC,-0.2,resnet50 avgpool,-0.020321274251502937
12,MFC,-0.2,clip ln_post,-0.01961274706942924
12,MFC,-0.2,category,0.01089017054115304
12,MFC,-0.2,low-level,-0.005601523656834138
12,MFC,-0.175,alexnet conv1,-0.007572645127164543
12,MFC,-0.175,alexnet conv4,-0.01092552887292366
12,MFC,-0.175,resnet50 avgpool,-0.02134935206251039
12,MFC,-0.175,clip ln_post,-0.020727384575667696
12,MFC,-0.175,category,0.0009160136380259495
12,MFC,-0.175,low-level,-0.02515740033152011
12,MFC,-0.15,alexnet conv1,-0.028225587366161667
12,MFC,-0.15,alexnet conv4,-0.032951590788482615
12,MFC,-0.15,resnet50 avgpool,-0.025701826066926177
12,MFC,-0.15,clip ln_post,-0.025592909990134197
12,MFC,-0.15,category,-0.016661441340396363
12,MFC,-0.15,low-level,-0.025165770684495378
12,MFC,-0.125,alexnet conv1,-0.046346336737895476
12,MFC,-0.125,alexnet conv4,-0.029863135127756592
12,MFC,-0.125,resnet50 avgpool,-0.02835015033257043
12,MFC,-0.125,clip ln_post,-0.022698913609374302
12,MFC,-0.125,category,-0.021129894423371688
12,MFC,-0.125,low-level,-0.014020062543999125
12,MFC,-0.1,alexnet conv1,-0.036622689708476396
12,MFC,-0.1,alexnet conv4,-0.024852201410564927
12,MFC,-0.1,resnet50 avgpool,-0.03652006267287292
12,MFC,-0.1,clip ln_post,-0.026728238184135243
12,MFC,-0.1,category,-0.004449209098983184
12,MFC,-0.1,low-level,-0.011076103403899728
12,MFC,-0.075,alexnet conv1,-0.022862066222727375
12,MFC,-0.075,alexnet conv4,-0.01312491966329814
12,MFC,-0.075,resnet50 avgpool,-0.03307356339161496
12,MFC,-0.075,clip ln_post,-0.0223363030237375
12,MFC,-0.075,category,-0.026897316425816584
12,MFC,-0.075,low-level,-0.002117066210226615
12,MFC,-0.05,alexnet conv1,-0.008620432574171317
12,MFC,-0.05,alexnet conv4,-0.01846972027710856
12,MFC,-0.05,resnet50 avgpool,-0.025744913409310625
12,MFC,-0.05,clip ln_post,-0.03378398340755047
12,MFC,-0.05,category,-0.02605635432535999
12,MFC,-0.05,low-level,0.008140827135728104
12,MFC,-0.025,alexnet conv1,0.018913808097692116
12,MFC,-0.025,alexnet conv4,-0.007239420988597583
12,MFC,-0.025,resnet50 avgpool,-0.020386176705510003
12,MFC,-0.025,clip ln_post,-0.008466212525723531
12,MFC,-0.025,category,-0.01907656133141016
12,MFC,-0.025,low-level,0.017484294859427946
12,MFC,-0.0,alexnet conv1,0.02309703698010346
12,MFC,-0.0,alexnet conv4,-0.012206568223067758
12,MFC,-0.0,resnet50 avgpool,-0.032608337046831734
12,MFC,-0.0,clip ln_post,-0.026146344003800025
12,MFC,-0.0,category,-0.020910513005861272
12,MFC,-0.0,low-level,0.006737591264233112
12,MFC,0.025,alexnet conv1,0.015836313153217773
12,MFC,0.025,alexnet conv4,0.00011048189339936001
12,MFC,0.025,resnet50 avgpool,-0.02147909575547198
12,MFC,0.025,clip ln_post,-0.021917063681722762
12,MFC,0.025,category,-0.01660755818521837
12,MFC,0.025,low-level,0.0033584301517048188
12,MFC,0.05,alexnet conv1,-0.019588626727801307
12,MFC,0.05,alexnet conv4,-0.016719699521983898
12,MFC,0.05,resnet50 avgpool,-0.040142121892082785
12,MFC,0.05,clip ln_post,-0.030276795845376913
12,MFC,0.05,category,-0.024416766889229505
12,MFC,0.05,low-level,0.008649190761491286
12,MFC,0.075,alexnet conv1,-0.0193090849684776
12,MFC,0.075,alexnet conv4,-0.04109455239643786
12,MFC,0.075,resnet50 avgpool,-0.05046543318722397
12,MFC,0.075,clip ln_post,-0.042518649713473605
12,MFC,0.075,category,-0.03795875842449968
12,MFC,0.075,low-level,-0.015750737731594907
12,MFC,0.1,alexnet conv1,-0.034173112998321785
12,MFC,0.1,alexnet conv4,-0.0438756537219899
12,MFC,0.1,resnet50 avgpool,-0.05090272774789668
12,MFC,0.1,clip ln_post,-0.04631928773927966
12,MFC,0.1,category,-0.041601644594212124
12,MFC,0.1,low-level,-0.021818687870426786
12,MFC,0.125,alexnet conv1,-0.0273061227785283
12,MFC,0.125,alexnet conv4,-0.019725234561260897
12,MFC,0.125,resnet50 avgpool,-0.029061747932806345
12,MFC,0.125,clip ln_post,-0.02428926617637405
12,MFC,0.125,category,-0.02433016896126487
12,MFC,0.125,low-level,-0.0003093035513210376
12,MFC,0.15,alexnet conv1,-0.02486298009258139
12,MFC,0.15,alexnet conv4,-0.007268393428601483
12,MFC,0.15,resnet50 avgpool,-0.015474781885612805
12,MFC,0.15,clip ln_post,-0.002578912839739998
12,MFC,0.15,category,-0.009496906100121974
12,MFC,0.15,low-level,0.006946159002890047
12,MFC,0.175,alexnet conv1,-0.0037759361411788712
12,MFC,0.175,alexnet conv4,0.012650159879541151
12,MFC,0.175,resnet50 avgpool,0.002640211660258675
12,MFC,0.175,clip ln_post,-0.004416962451356908
12,MFC,0.175,category,-0.012439311252520454
12,MFC,0.175,low-level,0.020774284971457162
12,MFC,0.2,alexnet conv1,-0.006047368993794908
12,MFC,0.2,alexnet conv4,0.007814554127470669
12,MFC,0.2,resnet50 avgpool,0.0015140689459853072
12,MFC,0.2,clip ln_post,-0.002585137444031078
12,MFC,0.2,category,-0.004964947869972583
12,MFC,0.2,low-level,0.020055882834853364
12,MFC,0.225,alexnet conv1,-0.00542282242013285
12,MFC,0.225,alexnet conv4,0.005711221031007371
12,MFC,0.225,resnet50 avgpool,0.00903382748958977
12,MFC,0.225,clip ln_post,0.0019062029070989798
12,MFC,0.225,category,-0.011958211652716912
12,MFC,0.225,low-level,0.025092609031161093
12,MFC,0.25,alexnet conv1,0.00038588358206362365
12,MFC,0.25,alexnet conv4,0.0031336549224235174
12,MFC,0.25,resnet50 avgpool,-0.0017203846150773013
12,MFC,0.25,clip ln_post,0.00500027907620274
12,MFC,0.25,category,-0.009210170738639063
12,MFC,0.25,low-level,0.014873896540684545
12,MFC,0.275,alexnet conv1,0.016073194464602456
12,MFC,0.275,alexnet conv4,0.008570535862651671
12,MFC,0.275,resnet50 avgpool,-0.0022878368757775444
12,MFC,0.275,clip ln_post,-0.004489634384270779
12,MFC,0.275,category,0.0065756693301148505
12,MFC,0.275,low-level,0.025800084280884355
12,MFC,0.3,alexnet conv1,0.020245958794872277
12,MFC,0.3,alexnet conv4,-0.011220016770604671
12,MFC,0.3,resnet50 avgpool,-0.01577072766809802
12,MFC,0.3,clip ln_post,-0.01147950576745028
12,MFC,0.3,category,-0.011479036451312579
12,MFC,0.3,low-level,0.04984695656929917
12,MFC,0.325,alexnet conv1,0.032999776700375676
12,MFC,0.325,alexnet conv4,0.00046245878003890295
12,MFC,0.325,resnet50 avgpool,-0.004545401297145676
12,MFC,0.325,clip ln_post,0.0012848862329202595
12,MFC,0.325,category,-0.0015491407113674145
12,MFC,0.325,low-level,0.04792635201562611
12,MFC,0.35,alexnet conv1,0.024129401455711994
12,MFC,0.35,alexnet conv4,-0.0006516004050451824
12,MFC,0.35,resnet50 avgpool,-0.006227642490793321
12,MFC,0.35,clip ln_post,-0.002497189133660606
12,MFC,0.35,category,-0.0072492087698398135
12,MFC,0.35,low-level,0.04265446819493977
12,MFC,0.375,alexnet conv1,0.007864355794566614
12,MFC,0.375,alexnet conv4,0.0022321762837833954
12,MFC,0.375,resnet50 avgpool,-0.0048039446825215975
12,MFC,0.375,clip ln_post,-0.0016477883955179037
12,MFC,0.375,category,-0.009277524682611558
12,MFC,0.375,low-level,0.001924126030117239
12,MFC,0.4,alexnet conv1,0.021781087329857916
12,MFC,0.4,alexnet conv4,-0.0123816046112281
12,MFC,0.4,resnet50 avgpool,-0.005699110116136683
12,MFC,0.4,clip ln_post,-0.0022944787089794394
12,MFC,0.4,category,-0.01727147563294726
12,MFC,0.4,low-level,0.017305493745535656
12,MFC,0.425,alexnet conv1,0.02723213150013969
12,MFC,0.425,alexnet conv4,0.004257274932162768
12,MFC,0.425,resnet50 avgpool,0.008282530316851432
12,MFC,0.425,clip ln_post,0.00492675818716532
12,MFC,0.425,category,-0.008742541927630017
12,MFC,0.425,low-level,0.014494330996413264
12,MFC,0.45,alexnet conv1,0.02097294231529041
12,MFC,0.45,alexnet conv4,0.021742476740921945
12,MFC,0.45,resnet50 avgpool,0.02898304148444879
12,MFC,0.45,clip ln_post,0.009562192328313106
12,MFC,0.45,category,0.006423641856576931
12,MFC,0.45,low-level,0.004261229746742116
12,MFC,0.475,alexnet conv1,-0.008418450286431031
12,MFC,0.475,alexnet conv4,-0.006777107191577882
12,MFC,0.475,resnet50 avgpool,0.01466962835400817
12,MFC,0.475,clip ln_post,1.8520775241859388e-05
12,MFC,0.475,category,0.0038815115712149996
12,MFC,0.475,low-level,-0.02028006524467837
12,MFC,0.5,alexnet conv1,-0.014263411708962661
12,MFC,0.5,alexnet conv4,-0.003822277546883191
12,MFC,0.5,resnet50 avgpool,0.011184982429475687
12,MFC,0.5,clip ln_post,-0.012609727337330534
12,MFC,0.5,category,0.00018089344952613285
12,MFC,0.5,low-level,-0.014560647840318772
12,MFC,0.525,alexnet conv1,-0.015096237666165685
12,MFC,0.525,alexnet conv4,0.001396297628564949
12,MFC,0.525,resnet50 avgpool,0.01617530278318167
12,MFC,0.525,clip ln_post,-0.013895597843858935
12,MFC,0.525,category,0.005628865317701474
12,MFC,0.525,low-level,-0.0004901005981110144
12,MFC,0.55,alexnet conv1,-0.009686125424049558
12,MFC,0.55,alexnet conv4,0.010355011026828509
12,MFC,0.55,resnet50 avgpool,0.028189426990250212
12,MFC,0.55,clip ln_post,-0.007848953765160037
12,MFC,0.55,category,0.021316561068095465
12,MFC,0.55,low-level,-0.0018548595872321847
12,MFC,0.575,alexnet conv1,-0.03334155966984287
12,MFC,0.575,alexnet conv4,0.0035437458359265967
12,MFC,0.575,resnet50 avgpool,0.029959300753470957
12,MFC,0.575,clip ln_post,-0.0029958920575776163
12,MFC,0.575,category,0.025550237546366657
12,MFC,0.575,low-level,-0.01607884880235134
12,MFC,0.6,alexnet conv1,-0.019362709354513178
12,MFC,0.6,alexnet conv4,-0.004672177670980924
12,MFC,0.6,resnet50 avgpool,0.01639885532233437
12,MFC,0.6,clip ln_post,-0.018048075827897504
12,MFC,0.6,category,0.0013663228634420673
12,MFC,0.6,low-level,-0.018993904772111568
12,MFC,0.625,alexnet conv1,-0.020572884226716125
12,MFC,0.625,alexnet conv4,-0.0059057866318542466
12,MFC,0.625,resnet50 avgpool,0.013145909982633744
12,MFC,0.625,clip ln_post,-0.008215520776298625
12,MFC,0.625,category,0.002778831288465275
12,MFC,0.625,low-level,-0.01897124714805514
12,MFC,0.65,alexnet conv1,-0.01506380496477016
12,MFC,0.65,alexnet conv4,-0.0097145066555196
12,MFC,0.65,resnet50 avgpool,0.011188787428268527
12,MFC,0.65,clip ln_post,-0.014014268055998345
12,MFC,0.65,category,-0.0005657731293689688
12,MFC,0.65,low-level,-0.014156254759470337
12,MFC,0.675,alexnet conv1,-0.0037925028675063724
12,MFC,0.675,alexnet conv4,0.006958671037447194
12,MFC,0.675,resnet50 avgpool,0.025302442954852396
12,MFC,0.675,clip ln_post,-0.005426479214061616
12,MFC,0.675,category,0.0028981439892165543
12,MFC,0.675,low-level,-0.012702928865763434
12,MFC,0.7,alexnet conv1,0.0010097857867514494
12,MFC,0.7,alexnet conv4,0.008425715546615494
12,MFC,0.7,resnet50 avgpool,0.0309170183052596
12,MFC,0.7,clip ln_post,0.013112186932367317
12,MFC,0.7,category,0.005915600679184387
12,MFC,0.7,low-level,-0.01752607574371714
12,MFC,0.725,alexnet conv1,-0.007324292437116098
12,MFC,0.725,alexnet conv4,0.016850773836877275
12,MFC,0.725,resnet50 avgpool,0.04325187878017449
12,MFC,0.725,clip ln_post,0.03208288958863923
12,MFC,0.725,category,0.01211023912625483
12,MFC,0.725,low-level,-0.022043521092915765
12,MFC,0.75,alexnet conv1,-0.0363995173470185
12,MFC,0.75,alexnet conv4,0.007132104557784137
12,MFC,0.75,resnet50 avgpool,0.023843826791867046
12,MFC,0.75,clip ln_post,0.018652385993923812
12,MFC,0.75,category,-0.007549414920117227
12,MFC,0.75,low-level,-0.01742154943056212
12,MFC,0.775,alexnet conv1,-0.035533151984706704
12,MFC,0.775,alexnet conv4,-0.013309231742842553
12,MFC,0.775,resnet50 avgpool,0.001508997762158102
12,MFC,0.775,clip ln_post,0.0077071845362168484
12,MFC,0.775,category,-0.02088164702987306
12,MFC,0.775,low-level,-0.008487061083884804
12,MFC,0.8,alexnet conv1,-0.026454980633232733
12,MFC,0.8,alexnet conv4,-0.012862663101708206
12,MFC,0.8,resnet50 avgpool,0.00794789339930847
12,MFC,0.8,clip ln_post,0.011262226160261731
12,MFC,0.8,category,-0.014688932981201828
12,MFC,0.8,low-level,-0.003503401894449939
12,MFC,0.825,alexnet conv1,-0.014230065614546162
12,MFC,0.825,alexnet conv4,0.0005987428180889424
12,MFC,0.825,resnet50 avgpool,0.008960659392565741
12,MFC,0.825,clip ln_post,0.021669998118700348
12,MFC,0.825,category,0.007578280896105438
12,MFC,0.825,low-level,-0.0009252751848585045
12,MFC,0.85,alexnet conv1,-0.014309862657392602
12,MFC,0.85,alexnet conv4,-0.0023958153957120134
12,MFC,0.85,resnet50 avgpool,0.005245450194440917
12,MFC,0.85,clip ln_post,0.014808468925963476
12,MFC,0.85,category,0.012281510583784893
12,MFC,0.85,low-level,-0.020760400430984902
12,MFC,0.875,alexnet conv1,-0.009879147761203149
12,MFC,0.875,alexnet conv4,-0.020025881015413128
12,MFC,0.875,resnet50 avgpool,-0.009853522818020382
12,MFC,0.875,clip ln_post,-0.00988685119229009
12,MFC,0.875,category,-0.010291682638997431
12,MFC,0.875,low-level,-0.008108257505925554
12,MFC,0.9,alexnet conv1,-0.01972987079603049
12,MFC,0.9,alexnet conv4,-0.027164989863947164
12,MFC,0.9,resnet50 avgpool,-0.019225394326104366
12,MFC,0.9,clip ln_post,-0.011671977169130902
12,MFC,0.9,category,-0.03971380976458302
12,MFC,0.9,low-level,-0.004769855952862297
12,MFC,0.925,alexnet conv1,-0.011981383819487816
12,MFC,0.925,alexnet conv4,-0.01911029552900463
12,MFC,0.925,resnet50 avgpool,-0.023425078781195163
12,MFC,0.925,clip ln_post,-0.006343905984813976
12,MFC,0.925,category,-0.02325827905290257
12,MFC,0.925,low-level,-0.008632744854346452
12,MFC,0.95,alexnet conv1,-0.007571246846490459
12,MFC,0.95,alexnet conv4,-0.005956113459664192
12,MFC,0.95,resnet50 avgpool,-0.02028177443338252
12,MFC,0.95,clip ln_post,-0.0068208534012384825
12,MFC,0.95,category,-0.013565084316060752
12,MFC,0.95,low-level,0.009617952797498261
12,MFC,0.975,alexnet conv1,0.0011600365223179646
12,MFC,0.975,alexnet conv4,-0.021674325056362315
12,MFC,0.975,resnet50 avgpool,-0.013419602482593858
12,MFC,0.975,clip ln_post,-0.015850974158303985
12,MFC,0.975,category,-0.02162831360876816
12,MFC,0.975,low-level,0.013963126101436001
12,MFC,1.0,alexnet conv1,-0.0019982526259904373
12,MFC,1.0,alexnet conv4,-0.02694164835563353
12,MFC,1.0,resnet50 avgpool,-0.015132217618764357
12,MFC,1.0,clip ln_post,-0.011255629432888032
12,MFC,1.0,category,-0.013447696013708686
12,MFC,1.0,low-level,0.009356907649579886
12,MFC,1.025,alexnet conv1,-0.015572571321142235
12,MFC,1.025,alexnet conv4,-0.04224505870162694
12,MFC,1.025,resnet50 avgpool,-0.012069544771619787
12,MFC,1.025,clip ln_post,-0.02060918314195704
12,MFC,1.025,category,-0.026171818229312836
12,MFC,1.025,low-level,0.009430217507778242
12,MFC,1.05,alexnet conv1,-0.0007409437742448661
12,MFC,1.05,alexnet conv4,-0.007655741339159049
12,MFC,1.05,resnet50 avgpool,0.0008769169042648387
12,MFC,1.05,clip ln_post,-0.012037075019008242
12,MFC,1.05,category,-0.012198761452618683
12,MFC,1.05,low-level,0.013389371912167767
12,MFC,1.075,alexnet conv1,-0.0013865193293809805
12,MFC,1.075,alexnet conv4,0.00707090400353403
12,MFC,1.075,resnet50 avgpool,0.015903514393540416
12,MFC,1.075,clip ln_post,-0.0059483407589125195
12,MFC,1.075,category,0.01250089200129531
12,MFC,1.075,low-level,0.006893610713041438
12,MFC,1.1,alexnet conv1,0.018298898062039694
12,MFC,1.1,alexnet conv4,-0.0021920385403784927
12,MFC,1.1,resnet50 avgpool,0.011166010595951865
12,MFC,1.1,clip ln_post,-0.01028329437091894
12,MFC,1.1,category,0.009860617397573454
12,MFC,1.1,low-level,0.012703992074570916
12,MFC,1.125,alexnet conv1,0.02420079592713445
12,MFC,1.125,alexnet conv4,0.008616102414664479
12,MFC,1.125,resnet50 avgpool,0.01157332266825357
12,MFC,1.125,clip ln_post,-0.0024520446433259216
12,MFC,1.125,category,0.008186390790257118
12,MFC,1.125,low-level,-0.0009076516934132632
12,MFC,1.15,alexnet conv1,-0.00897639971568379
12,MFC,1.15,alexnet conv4,-0.020886972217670833
12,MFC,1.15,resnet50 avgpool,-0.022150765032219612
12,MFC,1.15,clip ln_post,-0.020748552096471213
12,MFC,1.15,category,-0.02454185278517843
12,MFC,1.15,low-level,-0.0036115431175504026
12,MFC,1.175,alexnet conv1,-0.03078459725921008
12,MFC,1.175,alexnet conv4,-0.02266180440014829
12,MFC,1.175,resnet50 avgpool,-0.019015218886856724
12,MFC,1.175,clip ln_post,-0.026480483146310397
12,MFC,1.175,category,-0.01983284990230133
12,MFC,1.175,low-level,-0.0013577031488533314
12,MFC,1.2,alexnet conv1,-0.027980342145491454
12,MFC,1.2,alexnet conv4,-0.013465724802846937
12,MFC,1.2,resnet50 avgpool,-0.008259585948601472
12,MFC,1.2,clip ln_post,-0.028306154429932315
12,MFC,1.2,category,-0.006204260439066514
12,MFC,1.2,low-level,0.0037035219558546944
13,MTL,-0.2,alexnet conv1,0.01674695471867147
13,MTL,-0.2,alexnet conv4,-0.007786590124911442
13,MTL,-0.2,resnet50 avgpool,-0.0168626737209089
13,MTL,-0.2,clip ln_post,-0.01633141244364639
13,MTL,-0.2,category,-0.021887964415752883
13,MTL,-0.2,low-level,0.004187222359129151
13,MTL,-0.175,alexnet conv1,0.02175224859641617
13,MTL,-0.175,alexnet conv4,0.022155836216046818
13,MTL,-0.175,resnet50 avgpool,0.001734783039806512
13,MTL,-0.175,clip ln_post,0.01180425645400609
13,MTL,-0.175,category,-0.01159593029436091
13,MTL,-0.175,low-level,-0.006445605129094556
13,MTL,-0.15,alexnet conv1,0.02271549966677103
13,MTL,-0.15,alexnet conv4,0.01830759059950208
13,MTL,-0.15,resnet50 avgpool,0.009095520986105162
13,MTL,-0.15,clip ln_post,0.006305715846633689
13,MTL,-0.15,category,-0.002365299460111327
13,MTL,-0.15,low-level,-0.015162933076843554
13,MTL,-0.125,alexnet conv1,0.008344320468712963
13,MTL,-0.125,alexnet conv4,-0.012413157748973797
13,MTL,-0.125,resnet50 avgpool,-0.012195831425034618
13,MTL,-0.125,clip ln_post,-0.014817559361267453
13,MTL,-0.125,category,-0.014253413805427165
13,MTL,-0.125,low-level,-0.028592284862017536
13,MTL,-0.1,alexnet conv1,-0.02882217154818693
13,MTL,-0.1,alexnet conv4,-0.02934270086018361
13,MTL,-0.1,resnet50 avgpool,-0.018803488907458747
13,MTL,-0.1,clip ln_post,-0.011454852210496169
13,MTL,-0.1,category,-0.020160699515890074
13,MTL,-0.1,low-level,-0.04146683334945545
13,MTL,-0.075,alexnet conv1,-0.0199351458092291
13,MTL,-0.075,alexnet conv4,-0.028691833424846616
13,MTL,-0.075,resnet50 avgpool,-0.03186570985864169
13,MTL,-0.075,clip ln_post,-0.021917791818663646
13,MTL,-0.075,category,-0.02029188419182902
13,MTL,-0.075,low-level,-0.024841527438506775
13,MTL,-0.05,alexnet conv1,-0.023178125982743235
13,MTL,-0.05,alexnet conv4,-0.018658375403539294
13,MTL,-0.05,resnet50 avgpool,-0.015372620406593216
13,MTL,-0.05,clip ln_post,-0.02556588676627735
13,MTL,-0.05,category,-0.011256042724882728
13,MTL,-0.05,low-level,-0.010998803290828437
13,MTL,-0.025,alexnet conv1,-0.01836080420031658
13,MTL,-0.025,alexnet conv4,0.0002255500829728154
13,MTL,-0.025,resnet50 avgpool,-0.005560952575294063
13,MTL,-0.025,clip ln_post,-0.020066883824165934
13,MTL,-0.025,category,0.004776314792140772
13,MTL,-0.025,low-level,-0.002100038760082538
13,MTL,-0.0,alexnet conv1,-0.007036620352260023
13,MTL,-0.0,alexnet conv4,-3.915508071919929e-05
13,MTL,-0.0,resnet50 avgpool,-0.00694163553269094
13,MTL,-0.0,clip ln_post,-0.011480087310449524
13,MTL,-0.0,category,-0.005058560610070022
13,MTL,-0.0,low-level,0.010825237674851778
13,MTL,0.025,alexnet conv1,-0.01211282703561894
13,MTL,0.025,alexnet conv4,0.01760973255671923
13,MTL,0.025,resnet50 avgpool,0.009293579066792375
13,MTL,0.025,clip ln_post,-0.012590596022485592
13,MTL,0.025,category,0.004575562485022079
13,MTL,0.025,low-level,0.00826383234014166
13,MTL,0.05,alexnet conv1,-0.014537071990474063
13,MTL,0.05,alexnet conv4,0.01418531741113063
13,MTL,0.05,resnet50 avgpool,0.011972025971059536
13,MTL,0.05,clip ln_post,-0.002033818571523165
13,MTL,0.05,category,0.005603175779877168
13,MTL,0.05,low-level,0.0002668331922294154
13,MTL,0.075,alexnet conv1,-0.0005538899047150979
13,MTL,0.075,alexnet conv4,-0.0018844200139250715
13,MTL,0.075,resnet50 avgpool,0.00401303009432505
13,MTL,0.075,clip ln_post,-0.01296129988243875
13,MTL,0.075,category,-0.00410449023960495
13,MTL,0.075,low-level,-0.013670110586861108
13,MTL,0.1,alexnet conv1,0.0009480069113469691
13,MTL,0.1,alexnet conv4,0.00048043989626484314
13,MTL,0.1,resnet50 avgpool,-0.004098230171020423
13,MTL,0.1,clip ln_post,-0.008889711146657943
13,MTL,0.1,category,0.00027628287811384404
13,MTL,0.1,low-level,-0.01209772141594051
13,MTL,0.125,alexnet conv1,-0.013846794948673047
13,MTL,0.125,alexnet conv4,0.0038180053805840345
13,MTL,0.125,resnet50 avgpool,-0.00614660342674905
13,MTL,0.125,clip ln_post,-0.013670376389062978
13,MTL,0.125,category,-0.003365085702494518
13,MTL,0.125,low-level,-0.005146719980209109
13,MTL,0.15,alexnet conv1,-0.02720691895310043
13,MTL,0.15,alexnet conv4,-0.0021087925125974783
13,MTL,0.15,resnet50 avgpool,7.087897624306959e-05
13,MTL,0.15,clip ln_post,-0.014534507401956623
13,MTL,0.15,category,-0.010798884005701543
13,MTL,0.15,low-level,-0.0259747855971781
13,MTL,0.175,alexnet conv1,-0.019327691122608546
13,MTL,0.175,alexnet conv4,0.039742543858394305
13,MTL,0.175,resnet50 avgpool,0.05061613659199488
13,MTL,0.175,clip ln_post,0.02576538501162197
13,MTL,0.175,category,0.02995780963260329
13,MTL,0.175,low-level,-0.009985386484907191
13,MTL,0.2,alexnet conv1,0.018433120119372193
13,MTL,0.2,alexnet conv4,0.11289469436123281
13,MTL,0.2,resnet50 avgpool,0.11996737682313571
13,MTL,0.2,clip ln_post,0.09889467169233228
13,MTL,0.2,category,0.07231853408125252
13,MTL,0.2,low-level,0.014773421697455004
13,MTL,0.225,alexnet conv1,0.024032731611275296
13,MTL,0.225,alexnet conv4,0.20757338228527109
13,MTL,0.225,resnet50 avgpool,0.20607716558171685
13,MTL,0.225,clip ln_post,0.18806903096468713
13,MTL,0.225,category,0.1300815320730973
13,MTL,0.225,low-level,0.02389295831522979
13,MTL,0.25,alexnet conv1,0.01770440163549094
13,MTL,0.25,alexnet conv4,0.24289618162926224
13,MTL,0.25,resnet50 avgpool,0.23170271447131835
13,MTL,0.25,clip ln_post,0.2499890392837483
13,MTL,0.25,category,0.15242069226821595
13,MTL,0.25,low-level,0.03026324476584882
13,MTL,0.275,alexnet conv1,0.055623205706263584
13,MTL,0.275,alexnet conv4,0.31082573448333095
13,MTL,0.275,resnet50 avgpool,0.2820809452052595
13,MTL,0.275,clip ln_post,0.29599314682666195
13,MTL,0.275,category,0.20033887662482425
13,MTL,0.275,low-level,0.0683551150666431
13,MTL,0.3,alexnet conv1,0.0762120718944631
13,MTL,0.3,alexnet conv4,0.3378348531033339
13,MTL,0.3,resnet50 avgpool,0.30053379429170024
13,MTL,0.3,clip ln_post,0.3444895398553423
13,MTL,0.3,category,0.23968235352687772
13,MTL,0.3,low-level,0.08327142880597889
13,MTL,0.325,alexnet conv1,0.07717091709195666
13,MTL,0.325,alexnet conv4,0.3586680640065621
13,MTL,0.325,resnet50 avgpool,0.33272417267985355
13,MTL,0.325,clip ln_post,0.3811961119059618
13,MTL,0.325,category,0.2661578063072835
13,MTL,0.325,low-level,0.09235223401563504
13,MTL,0.35,alexnet conv1,0.08384181455643432
13,MTL,0.35,alexnet conv4,0.3428794663758862
13,MTL,0.35,resnet50 avgpool,0.33094849154125255
13,MTL,0.35,clip ln_post,0.39272057690766665
13,MTL,0.35,category,0.2697773107752353
13,MTL,0.35,low-level,0.09825121772204383
13,MTL,0.375,alexnet conv1,0.08952111354845825
13,MTL,0.375,alexnet conv4,0.3617345466852668
13,MTL,0.375,resnet50 avgpool,0.35171624100038856
13,MTL,0.375,clip ln_post,0.4201959609174237
13,MTL,0.375,category,0.29802773197402715
13,MTL,0.375,low-level,0.08661422817729128
13,MTL,0.4,alexnet conv1,0.08295385800071846
13,MTL,0.4,alexnet conv4,0.3463440273194919
13,MTL,0.4,resnet50 avgpool,0.3352291812310164
13,MTL,0.4,clip ln_post,0.38900447686943496
13,MTL,0.4,category,0.28056228125470095
13,MTL,0.4,low-level,0.09637745396003011
13,MTL,0.425,alexnet conv1,0.10229339262507338
13,MTL,0.425,alexnet conv4,0.34810630719435126
13,MTL,0.425,resnet50 avgpool,0.33438719556884466
13,MTL,0.425,clip ln_post,0.39355072390085927
13,MTL,0.425,category,0.2743111326815496
13,MTL,0.425,low-level,0.09727155779576015
13,MTL,0.45,alexnet conv1,0.08418702717976687
13,MTL,0.45,alexnet conv4,0.29591919098856695
13,MTL,0.45,resnet50 avgpool,0.2932955073924973
13,MTL,0.45,clip ln_post,0.3465324005344964
13,MTL,0.45,category,0.23632521841080373
13,MTL,0.45,low-level,0.0867062360121994
13,MTL,0.475,alexnet conv1,0.07531491052795032
13,MTL,0.475,alexnet conv4,0.2637005393007468
13,MTL,0.475,resnet50 avgpool,0.2585728829766404
13,MTL,0.475,clip ln_post,0.3203701212859636
13,MTL,0.475,category,0.22627170188202803
13,MTL,0.475,low-level,0.086740880510099
13,MTL,0.5,alexnet conv1,0.06757326191714669
13,MTL,0.5,alexnet conv4,0.22347707549120185
13,MTL,0.5,resnet50 avgpool,0.22612132895585144
13,MTL,0.5,clip ln_post,0.2727324465707934
13,MTL,0.5,category,0.19657427395469748
13,MTL,0.5,low-level,0.08426528901353221
13,MTL,0.525,alexnet conv1,0.058054654706250625
13,MTL,0.525,alexnet conv4,0.2086589458633922
13,MTL,0.525,resnet50 avgpool,0.20960799826339988
13,MTL,0.525,clip ln_post,0.26491970956383
13,MTL,0.525,category,0.18804528237206072
13,MTL,0.525,low-level,0.0814322209411308
13,MTL,0.55,alexnet conv1,0.07119241825412763
13,MTL,0.55,alexnet conv4,0.20791175171009732
13,MTL,0.55,resnet50 avgpool,0.2226015020962483
13,MTL,0.55,clip ln_post,0.2694121759497426
13,MTL,0.55,category,0.19662396511982586
13,MTL,0.55,low-level,0.07799905043210482
13,MTL,0.575,alexnet conv1,0.060884130421620684
13,MTL,0.575,alexnet conv4,0.18340755948421308
13,MTL,0.575,resnet50 avgpool,0.18090221263933867
13,MTL,0.575,clip ln_post,0.22380677332055732
13,MTL,0.575,category,0.162259542963637
13,MTL,0.575,low-level,0.060321565699589984
13,MTL,0.6,alexnet conv1,0.06986815624411451
13,MTL,0.6,alexnet conv4,0.154118246204467
13,MTL,0.6,resnet50 avgpool,0.16950271977834122
13,MTL,0.6,clip ln_post,0.19958007859342605
13,MTL,0.6,category,0.15231534699814378
13,MTL,0.6,low-level,0.07226784107551677
13,MTL,0.625,alexnet conv1,0.07674166103423748
13,MTL,0.625,alexnet conv4,0.14912488604012505
13,MTL,0.625,resnet50 avgpool,0.156838195303442
13,MTL,0.625,clip ln_post,0.1812469339313284
13,MTL,0.625,category,0.15166538655826448
13,MTL,0.625,low-level,0.0650250790337878
13,MTL,0.65,alexnet conv1,0.07100045590393667
13,MTL,0.65,alexnet conv4,0.14889605772999587
13,MTL,0.65,resnet50 avgpool,0.17883826981827017
13,MTL,0.65,clip ln_post,0.17661466686368896
13,MTL,0.65,category,0.15703004474552534
13,MTL,0.65,low-level,0.05469257742615165
13,MTL,0.675,alexnet conv1,0.08261375522335157
13,MTL,0.675,alexnet conv4,0.15814162164267337
13,MTL,0.675,resnet50 avgpool,0.18436149942289026
13,MTL,0.675,clip ln_post,0.17335380061837258
13,MTL,0.675,category,0.16511777878182196
13,MTL,0.675,low-level,0.05303151502976457
13,MTL,0.7,alexnet conv1,0.08125131112977033
13,MTL,0.7,alexnet conv4,0.15604692953415447
13,MTL,0.7,resnet50 avgpool,0.18397702217611292
13,MTL,0.7,clip ln_post,0.1732497608037931
13,MTL,0.7,category,0.1563125043210714
13,MTL,0.7,low-level,0.039876894789521646
13,MTL,0.725,alexnet conv1,0.09454180623376465
13,MTL,0.725,alexnet conv4,0.15228027069528213
13,MTL,0.725,resnet50 avgpool,0.17866625229875413
13,MTL,0.725,clip ln_post,0.16562973361503083
13,MTL,0.725,category,0.16270278815658223
13,MTL,0.725,low-level,0.04545401458237919
13,MTL,0.75,alexnet conv1,0.09159106511021145
13,MTL,0.75,alexnet conv4,0.14273724351118514
13,MTL,0.75,resnet50 avgpool,0.15945345538609598
13,MTL,0.75,clip ln_post,0.15176117832609798
13,MTL,0.75,category,0.13234744920295183
13,MTL,0.75,low-level,0.03152942980021444
13,MTL,0.775,alexnet conv1,0.12613325332590403
13,MTL,0.775,alexnet conv4,0.15260328964021969
13,MTL,0.775,resnet50 avgpool,0.1707114335438951
13,MTL,0.775,clip ln_post,0.15460008599232836
13,MTL,0.775,category,0.14695068881088286
13,MTL,0.775,low-level,0.055611547460597294
13,MTL,0.8,alexnet conv1,0.11252802908382564
13,MTL,0.8,alexnet conv4,0.10857880440532902
13,MTL,0.8,resnet50 avgpool,0.12536231900867598
13,MTL,0.8,clip ln_post,0.12333497795626627
13,MTL,0.8,category,0.10914167508799409
13,MTL,0.8,low-level,0.027677158488503186
13,MTL,0.825,alexnet conv1,0.10927433788703735
13,MTL,0.825,alexnet conv4,0.09754819667285496
13,MTL,0.825,resnet50 avgpool,0.11391629948589407
13,MTL,0.825,clip ln_post,0.09246881647229793
13,MTL,0.825,category,0.08672102138206486
13,MTL,0.825,low-level,0.02957130847393916
13,MTL,0.85,alexnet conv1,0.08051349576689534
13,MTL,0.85,alexnet conv4,0.09542961297369401
13,MTL,0.85,resnet50 avgpool,0.10593269999080102
13,MTL,0.85,clip ln_post,0.09655198129670081
13,MTL,0.85,category,0.07732541587958904
13,MTL,0.85,low-level,0.02303978801858783
13,MTL,0.875,alexnet conv1,0.05909687963808734
13,MTL,0.875,alexnet conv4,0.085685033618147
13,MTL,0.875,resnet50 avgpool,0.08239438786068651
13,MTL,0.875,clip ln_post,0.0697352422557997
13,MTL,0.875,category,0.06434608354805377
13,MTL,0.875,low-level,0.024510756734809205
13,MTL,0.9,alexnet conv1,0.0574764640365948
13,MTL,0.9,alexnet conv4,0.05664510079696329
13,MTL,0.9,resnet50 avgpool,0.06018815393624258
13,MTL,0.9,clip ln_post,0.05737662711864976
13,MTL,0.9,category,0.04595836480394462
13,MTL,0.9,low-level,0.03132561106089759
13,MTL,0.925,alexnet conv1,0.05757730617013966
13,MTL,0.925,alexnet conv4,0.06229751993722712
13,MTL,0.925,resnet50 avgpool,0.0679947323867347
13,MTL,0.925,clip ln_post,0.06391847036496828
13,MTL,0.925,category,0.048586033615933846
13,MTL,0.925,low-level,0.028033037029281706
13,MTL,0.95,alexnet conv1,0.03848080174810602
13,MTL,0.95,alexnet conv4,0.03002154840730419
13,MTL,0.95,resnet50 avgpool,0.054207788039310735
13,MTL,0.95,clip ln_post,0.05363548690207941
13,MTL,0.95,category,0.048906044719360664
13,MTL,0.95,low-level,0.02870139263857935
13,MTL,0.975,alexnet conv1,0.04397576771859387
13,MTL,0.975,alexnet conv4,0.032128596290903935
13,MTL,0.975,resnet50 avgpool,0.04136649060186563
13,MTL,0.975,clip ln_post,0.03996599490943356
13,MTL,0.975,category,0.03148630987195254
13,MTL,0.975,low-level,0.04069566867031911
13,MTL,1.0,alexnet conv1,0.01990266478016051
13,MTL,1.0,alexnet conv4,0.025837038841556553
13,MTL,1.0,resnet50 avgpool,0.04891904591533605
13,MTL,1.0,clip ln_post,0.035632165721287176
13,MTL,1.0,category,0.03435249627655804
13,MTL,1.0,low-level,0.03878371799196998
13,MTL,1.025,alexnet conv1,0.006362318828252652
13,MTL,1.025,alexnet conv4,0.03293705704626882
13,MTL,1.025,resnet50 avgpool,0.05483310302297456
13,MTL,1.025,clip ln_post,0.05610013540254131
13,MTL,1.025,category,0.030085019015331966
13,MTL,1.025,low-level,0.015527312455314624
13,MTL,1.05,alexnet conv1,0.03001633707322509
13,MTL,1.05,alexnet conv4,0.013088677130342468
13,MTL,1.05,resnet50 avgpool,0.02889570210275897
13,MTL,1.05,clip ln_post,0.031141062175755147
13,MTL,1.05,category,0.012633481822241674
13,MTL,1.05,low-level,0.025078896859389438
13,MTL,1.075,alexnet conv1,0.018600889636425633
13,MTL,1.075,alexnet conv4,0.010049014699267717
13,MTL,1.075,resnet50 avgpool,0.04007790085826597
13,MTL,1.075,clip ln_post,0.0273533824100209
13,MTL,1.075,category,0.010224454136817366
13,MTL,1.075,low-level,0.017886725836749842
13,MTL,1.1,alexnet conv1,0.016439721202680155
13,MTL,1.1,alexnet conv4,0.014508010949736206
13,MTL,1.1,resnet50 avgpool,0.040101405827523515
13,MTL,1.1,clip ln_post,0.025851132801945446
13,MTL,1.1,category,0.014340870256053127
13,MTL,1.1,low-level,-0.004887380799150011
13,MTL,1.125,alexnet conv1,0.010769598024849291
13,MTL,1.125,alexnet conv4,0.012209693412592782
13,MTL,1.125,resnet50 avgpool,0.035811535490799226
13,MTL,1.125,clip ln_post,0.028171403990040946
13,MTL,1.125,category,0.025606851213961532
13,MTL,1.125,low-level,-0.016562075594429737
13,MTL,1.15,alexnet conv1,0.01821182126070687
13,MTL,1.15,alexnet conv4,0.015622672619811198
13,MTL,1.15,resnet50 avgpool,0.03634468799100111
13,MTL,1.15,clip ln_post,0.05726516900625443
13,MTL,1.15,category,0.04870131711903171
13,MTL,1.15,low-level,-0.011437124009092614
13,MTL,1.175,alexnet conv1,0.028884417591097732
13,MTL,1.175,alexnet conv4,0.015364187227642956
13,MTL,1.175,resnet50 avgpool,0.03921308359241477
13,MTL,1.175,clip ln_post,0.047855113803679905
13,MTL,1.175,category,0.04282782140085609
13,MTL,1.175,low-level,-0.0065666176224553
13,MTL,1.2,alexnet conv1,0.03660463771166329
13,MTL,1.2,alexnet conv4,0.0172942221212539
13,MTL,1.2,resnet50 avgpool,0.042755969195760773
13,MTL,1.2,clip ln_post,0.04978922916382017
13,MTL,1.2,category,0.05496439157181388
13,MTL,1.2,low-level,0.003073272716770685
13,MFC,-0.2,alexnet conv1,-0.005741385553613599
13,MFC,-0.2,alexnet conv4,-0.012536989356596808
13,MFC,-0.2,resnet50 avgpool,-0.012661138315939626
13,MFC,-0.2,clip ln_post,-0.019250410340606483
13,MFC,-0.2,category,-0.012816345309914148
13,MFC,-0.2,low-level,0.0017829125694143258
13,MFC,-0.175,alexnet conv1,-0.005561714541606094
13,MFC,-0.175,alexnet conv4,-0.02946522117694406
13,MFC,-0.175,resnet50 avgpool,-0.015699458848625537
13,MFC,-0.175,clip ln_post,-0.03071597035253195
13,MFC,-0.175,category,-0.01934576440778449
13,MFC,-0.175,low-level,-0.0043133559749126025
13,MFC,-0.15,alexnet conv1,0.021452264231384962
13,MFC,-0.15,alexnet conv4,-0.02891734645660342
13,MFC,-0.15,resnet50 avgpool,-0.008417602941229917
13,MFC,-0.15,clip ln_post,-0.011869543918475264
13,MFC,-0.15,category,-0.0022738677162750906
13,MFC,-0.15,low-level,0.006739298842014826
13,MFC,-0.125,alexnet conv1,0.012697951115437492
13,MFC,-0.125,alexnet conv4,-0.014258504839223887
13,MFC,-0.125,resnet50 avgpool,-0.0011764679311608768
13,MFC,-0.125,clip ln_post,-0.007759230218265556
13,MFC,-0.125,category,-0.003208061620688808
13,MFC,-0.125,low-level,0.020107259984091304
13,MFC,-0.1,alexnet conv1,0.008512557153272725
13,MFC,-0.1,alexnet conv4,-0.0001012158675499058
13,MFC,-0.1,resnet50 avgpool,0.013837889769449165
13,MFC,-0.1,clip ln_post,0.0032473586606940365
13,MFC,-0.1,category,-0.011661522632330383
13,MFC,-0.1,low-level,0.00787512320012603
13,MFC,-0.075,alexnet conv1,-0.010395496729479497
13,MFC,-0.075,alexnet conv4,0.015103689793352679
13,MFC,-0.075,resnet50 avgpool,0.016251795824112736
13,MFC,-0.075,clip ln_post,0.01619494314951626
13,MFC,-0.075,category,-0.009274359059562564
13,MFC,-0.075,low-level,0.003339977035205254
13,MFC,-0.05,alexnet conv1,0.02093670139325718
13,MFC,-0.05,alexnet conv4,0.01703942251961827
13,MFC,-0.05,resnet50 avgpool,0.005480132596701033
13,MFC,-0.05,clip ln_post,0.008800503094942846
13,MFC,-0.05,category,-0.01638615861273763
13,MFC,-0.05,low-level,0.002993113216376241
13,MFC,-0.025,alexnet conv1,0.002274102151091792
13,MFC,-0.025,alexnet conv4,0.0022353256371449542
13,MFC,-0.025,resnet50 avgpool,-0.010744495020535655
13,MFC,-0.025,clip ln_post,-0.0022750832028550602
13,MFC,-0.025,category,-0.035137616685586584
13,MFC,-0.025,low-level,-0.008030826908136982
13,MFC,-0.0,alexnet conv1,0.005566371718367354
13,MFC,-0.0,alexnet conv4,0.007634676917391409
13,MFC,-0.0,resnet50 avgpool,0.0045813393657610215
13,MFC,-0.0,clip ln_post,0.012733795750551575
13,MFC,-0.0,category,-0.01283820942257064
13,MFC,-0.0,low-level,-0.005307274175673593
13,MFC,0.025,alexnet conv1,0.008957953042873968
13,MFC,0.025,alexnet conv4,-0.006802640312181819
13,MFC,0.025,resnet50 avgpool,-0.009807911160179381
13,MFC,0.025,clip ln_post,-0.006745636210876398
13,MFC,0.025,category,-0.029085232772948773
13,MFC,0.025,low-level,0.0036335354306409363
13,MFC,0.05,alexnet conv1,0.020148095256910813
13,MFC,0.05,alexnet conv4,-0.00920567908409497
13,MFC,0.05,resnet50 avgpool,-0.008495445935161995
13,MFC,0.05,clip ln_post,-0.008757143506666785
13,MFC,0.05,category,-0.027198956144675122
13,MFC,0.05,low-level,-0.011331097927150069
13,MFC,0.075,alexnet conv1,0.014640971654801644
13,MFC,0.075,alexnet conv4,0.008928972548257889
13,MFC,0.075,resnet50 avgpool,0.02015635123439316
13,MFC,0.075,clip ln_post,0.019014094462996692
13,MFC,0.075,category,0.005869520424965334
13,MFC,0.075,low-level,-0.011320063108466347
13,MFC,0.1,alexnet conv1,0.0009102227256204483
13,MFC,0.1,alexnet conv4,0.022271970836272626
13,MFC,0.1,resnet50 avgpool,0.026502649439023973
13,MFC,0.1,clip ln_post,0.021051217036435227
13,MFC,0.1,category,-0.003212036913899079
13,MFC,0.1,low-level,-0.0008366986147381568
13,MFC,0.125,alexnet conv1,-0.012517940198796079
13,MFC,0.125,alexnet conv4,0.036177474242187944
13,MFC,0.125,resnet50 avgpool,0.03536517949142638
13,MFC,0.125,clip ln_post,0.027226499715304903
13,MFC,0.125,category,-0.004078650833738187
13,MFC,0.125,low-level,0.007457058220566831
13,MFC,0.15,alexnet conv1,-0.013442727274156602
13,MFC,0.15,alexnet conv4,0.005806349222673221
13,MFC,0.15,resnet50 avgpool,0.023775940909509283
13,MFC,0.15,clip ln_post,0.005129457335389438
13,MFC,0.15,category,-0.00029615934416519975
13,MFC,0.15,low-level,0.01375165870239502
13,MFC,0.175,alexnet conv1,-0.02841738379134178
13,MFC,0.175,alexnet conv4,0.0035379851772969636
13,MFC,0.175,resnet50 avgpool,0.009117038077077201
13,MFC,0.175,clip ln_post,-0.0065415548912025525
13,MFC,0.175,category,-0.011969607856126394
13,MFC,0.175,low-level,0.01863220435765087
13,MFC,0.2,alexnet conv1,-0.021326069400548958
13,MFC,0.2,alexnet conv4,0.002526660959619536
13,MFC,0.2,resnet50 avgpool,0.006642484014558926
13,MFC,0.2,clip ln_post,-0.012273191142236024
13,MFC,0.2,category,-0.02207679084324076
13,MFC,0.2,low-level,0.01543020443997545
13,MFC,0.225,alexnet conv1,-0.014115202012122026
13,MFC,0.225,alexnet conv4,0.0030688861749786018
13,MFC,0.225,resnet50 avgpool,0.011170824032189376
13,MFC,0.225,clip ln_post,-0.021592902592778372
13,MFC,0.225,category,-0.010786958126070731
13,MFC,0.225,low-level,-0.008010732261675561
13,MFC,0.25,alexnet conv1,-0.007411179149601522
13,MFC,0.25,alexnet conv4,0.04135838282924736
13,MFC,0.25,resnet50 avgpool,0.028535739873606254
13,MFC,0.25,clip ln_post,0.018541641520167452
13,MFC,0.25,category,0.00953672841144046
13,MFC,0.25,low-level,0.002596059498144308
13,MFC,0.275,alexnet conv1,-0.010459047619563115
13,MFC,0.275,alexnet conv4,0.031051577045381133
13,MFC,0.275,resnet50 avgpool,0.027402963380743172
13,MFC,0.275,clip ln_post,0.0034320815254595214
13,MFC,0.275,category,0.013025048203453383
13,MFC,0.275,low-level,-0.011449186596290236
13,MFC,0.3,alexnet conv1,-0.014261969933382818
13,MFC,0.3,alexnet conv4,0.040168859982668545
13,MFC,0.3,resnet50 avgpool,0.030128354175705557
13,MFC,0.3,clip ln_post,0.008502351959643327
13,MFC,0.3,category,0.018284361120642096
13,MFC,0.3,low-level,-0.015643617833318604
13,MFC,0.325,alexnet conv1,-0.0244351448684504
13,MFC,0.325,alexnet conv4,0.024827236945580748
13,MFC,0.325,resnet50 avgpool,0.026857389057640534
13,MFC,0.325,clip ln_post,-0.011129038315132875
13,MFC,0.325,category,0.01499083069593246
13,MFC,0.325,low-level,-0.015251168131407557
13,MFC,0.35,alexnet conv1,0.003979005801563173
13,MFC,0.35,alexnet conv4,0.03790162680484206
13,MFC,0.35,resnet50 avgpool,0.02510784513555681
13,MFC,0.35,clip ln_post,0.014149377731592847
13,MFC,0.35,category,0.021834297957414223
13,MFC,0.35,low-level,0.0017550097819076503
13,MFC,0.375,alexnet conv1,0.006910230599809314
13,MFC,0.375,alexnet conv4,0.03156861548845991
13,MFC,0.375,resnet50 avgpool,0.018162593081997993
13,MFC,0.375,clip ln_post,0.008053418484373551
13,MFC,0.375,category,0.003778516196362716
13,MFC,0.375,low-level,0.009963962827436418
13,MFC,0.4,alexnet conv1,0.014481131097976123
13,MFC,0.4,alexnet conv4,0.045700774070138846
13,MFC,0.4,resnet50 avgpool,0.0251419290324488
13,MFC,0.4,clip ln_post,0.03585751927172285
13,MFC,0.4,category,0.00783132762423414
13,MFC,0.4,low-level,0.0003457426168138496
13,MFC,0.425,alexnet conv1,0.006279087298773558
13,MFC,0.425,alexnet conv4,0.01926927424232712
13,MFC,0.425,resnet50 avgpool,0.015862585687219644
13,MFC,0.425,clip ln_post,0.015570229039920901
13,MFC,0.425,category,0.013166171112418006
13,MFC,0.425,low-level,-0.0007354215321356989
13,MFC,0.45,alexnet conv1,0.015593146022489457
13,MFC,0.45,alexnet conv4,0.0355303264267547
13,MFC,0.45,resnet50 avgpool,0.030803586812880694
13,MFC,0.45,clip ln_post,0.03221839877299776
13,MFC,0.45,category,0.0035877021222697016
13,MFC,0.45,low-level,0.02228986979545435
13,MFC,0.475,alexnet conv1,0.0007611431306645994
13,MFC,0.475,alexnet conv4,0.0073789252605963454
13,MFC,0.475,resnet50 avgpool,0.013209335220767383
13,MFC,0.475,clip ln_post,0.011283508056558174
13,MFC,0.475,category,-0.009151124970044158
13,MFC,0.475,low-level,0.010610885113728678
13,MFC,0.5,alexnet conv1,0.015822439889202563
13,MFC,0.5,alexnet conv4,0.01623811748171223
13,MFC,0.5,resnet50 avgpool,0.02358729544861316
13,MFC,0.5,clip ln_post,0.026577868240308493
13,MFC,0.5,category,0.006404197361746803
13,MFC,0.5,low-level,0.019624874093524283
13,MFC,0.525,alexnet conv1,0.013619685492782594
13,MFC,0.525,alexnet conv4,0.004437158585931771
13,MFC,0.525,resnet50 avgpool,-0.005087523413468864
13,MFC,0.525,clip ln_post,-0.0008137977413939563
13,MFC,0.525,category,-0.01987050311154028
13,MFC,0.525,low-level,0.03162352861244395
13,MFC,0.55,alexnet conv1,0.029054774249582714
13,MFC,0.55,alexnet conv4,0.016663895557892983
13,MFC,0.55,resnet50 avgpool,0.004381903946391388
13,MFC,0.55,clip ln_post,0.007269741770680063
13,MFC,0.55,category,-0.009759344831215645
13,MFC,0.55,low-level,0.027155395209920854
13,MFC,0.575,alexnet conv1,0.026021945351479694
13,MFC,0.575,alexnet conv4,0.01908386834644895
13,MFC,0.575,resnet50 avgpool,0.0012661447613047255
13,MFC,0.575,clip ln_post,0.01688217071514672
13,MFC,0.575,category,0.0017034131406011826
13,MFC,0.575,low-level,0.022950805496013714
13,MFC,0.6,alexnet conv1,0.0291827475387876
13,MFC,0.6,alexnet conv4,0.018253384670467263
13,MFC,0.6,resnet50 avgpool,0.006995039222352842
13,MFC,0.6,clip ln_post,0.011873643716073813
13,MFC,0.6,category,-0.0009699715433061576
13,MFC,0.6,low-level,0.021456451018795036
13,MFC,0.625,alexnet conv1,0.03581258420130479
13,MFC,0.625,alexnet conv4,0.02083802595038818
13,MFC,0.625,resnet50 avgpool,0.018551936925453243
13,MFC,0.625,clip ln_post,0.012691776449741914
13,MFC,0.625,category,0.022327234315487842
13,MFC,0.625,low-level,0.018509397296696886
13,MFC,0.65,alexnet conv1,0.031117877780062288
13,MFC,0.65,alexnet conv4,0.018600881581813458
13,MFC,0.65,resnet50 avgpool,0.007903406165327502
13,MFC,0.65,clip ln_post,0.025867399896699925
13,MFC,0.65,category,0.024054499215350654
13,MFC,0.65,low-level,0.026552911829936493
13,MFC,0.675,alexnet conv1,0.02487286310172367
13,MFC,0.675,alexnet conv4,0.01090986909592739
13,MFC,0.675,resnet50 avgpool,0.002200552265450531
13,MFC,0.675,clip ln_post,0.01236519092253198
13,MFC,0.675,category,0.019101283875352818
13,MFC,0.675,low-level,0.01258286359479481
13,MFC,0.7,alexnet conv1,0.007592498135260627
13,MFC,0.7,alexnet conv4,0.0063374252438556395
13,MFC,0.7,resnet50 avgpool,-0.006176210570192569
13,MFC,0.7,clip ln_post,-0.008843371351876057
13,MFC,0.7,category,0.004064737307502238
13,MFC,0.7,low-level,-0.0054209166988915605
13,MFC,0.725,alexnet conv1,0.01659466938806882
13,MFC,0.725,alexnet conv4,-0.006883854966771568
13,MFC,0.725,resnet50 avgpool,-0.005529736120337402
13,MFC,0.725,clip ln_post,-0.008734500380912277
13,MFC,0.725,category,0.001460920254774643
13,MFC,0.725,low-level,0.0030734966349892307
13,MFC,0.75,alexnet conv1,0.00997999311659287
13,MFC,0.75,alexnet conv4,0.0022069073544588934
13,MFC,0.75,resnet50 avgpool,0.008057877517675236
13,MFC,0.75,clip ln_post,0.00027648745038584424
13,MFC,0.75,category,0.017376006622095142
13,MFC,0.75,low-level,0.00012184695118237458
13,MFC,0.775,alexnet conv1,-0.007135630866995621
13,MFC,0.775,alexnet conv4,-0.002473627782117818
13,MFC,0.775,resnet50 avgpool,0.00480499339302716
13,MFC,0.775,clip ln_post,0.01307695283685632
13,MFC,0.775,category,0.029309836839329098
13,MFC,0.775,low-level,-0.006729029211488007
13,MFC,0.8,alexnet conv1,-0.010192120993832437
13,MFC,0.8,alexnet conv4,-0.006145348518171735
13,MFC,0.8,resnet50 avgpool,0.018858519628780584
13,MFC,0.8,clip ln_post,0.021137183912209936
13,MFC,0.8,category,0.010631921690870157
13,MFC,0.8,low-level,-0.011921956890839282
13,MFC,0.825,alexnet conv1,-5.078432978164888e-05
13,MFC,0.825,alexnet conv4,-0.019102286022654933
13,MFC,0.825,resnet50 avgpool,0.006588116993280548
13,MFC,0.825,clip ln_post,0.0075724421509376595
13,MFC,0.825,category,0.010848575170829934
13,MFC,0.825,low-level,-0.006720463936898029
13,MFC,0.85,alexnet conv1,-0.010604857041974738
13,MFC,0.85,alexnet conv4,-0.016889290992311984
13,MFC,0.85,resnet50 avgpool,0.009694015722139028
13,MFC,0.85,clip ln_post,0.01711523091851421
13,MFC,0.85,category,0.012947529985853095
13,MFC,0.85,low-level,-0.014596247615222645
13,MFC,0.875,alexnet conv1,-0.00615125415982057
13,MFC,0.875,alexnet conv4,-0.010106131565143629
13,MFC,0.875,resnet50 avgpool,0.014804625265032182
13,MFC,0.875,clip ln_post,0.025606622161905852
13,MFC,0.875,category,0.01485169543357297
13,MFC,0.875,low-level,-0.02288160187910365
13,MFC,0.9,alexnet conv1,-0.019476546799345847
13,MFC,0.9,alexnet conv4,-0.008973836738088782
13,MFC,0.9,resnet50 avgpool,0.007404527650865013
13,MFC,0.9,clip ln_post,0.007906690836173649
13,MFC,0.9,category,0.012939579399432553
13,MFC,0.9,low-level,-0.016005158766458184
13,MFC,0.925,alexnet conv1,-0.020080330193735722
13,MFC,0.925,alexnet conv4,-0.0029683211200926696
13,MFC,0.925,resnet50 avgpool,-0.0021971483863441514
13,MFC,0.925,clip ln_post,0.015887572705117918
13,MFC,0.925,category,0.021842248543834767
13,MFC,0.925,low-level,-0.0064569266919718106
13,MFC,0.95,alexnet conv1,-0.025337715712501846
13,MFC,0.95,alexnet conv4,-0.01358231370319958
13,MFC,0.95,resnet50 avgpool,-0.008714850349043075
13,MFC,0.95,clip ln_post,0.0034654856130837013
13,MFC,0.95,category,0.012647395348477624
13,MFC,0.95,low-level,-0.005640359774911093
13,MFC,0.975,alexnet conv1,-0.01469327347351761
13,MFC,0.975,alexnet conv4,-0.0005806682683617387
13,MFC,0.975,resnet50 avgpool,0.00042822345643796385
13,MFC,0.975,clip ln_post,-0.007994250914237144
13,MFC,0.975,category,0.016507405055650896
13,MFC,0.975,low-level,0.0018352224427424686
13,MFC,1.0,alexnet conv1,-0.02563622930534937
13,MFC,1.0,alexnet conv4,-0.018776438297920493
13,MFC,1.0,resnet50 avgpool,0.011062241416341564
13,MFC,1.0,clip ln_post,0.004557494491869572
13,MFC,1.0,category,0.009960097138334335
13,MFC,1.0,low-level,-0.0017945853133825363
13,MFC,1.025,alexnet conv1,-0.023005775002283003
13,MFC,1.025,alexnet conv4,0.0027285304827893305
13,MFC,1.025,resnet50 avgpool,0.01628572829429579
13,MFC,1.025,clip ln_post,0.026078914012491537
13,MFC,1.025,category,0.010892303396142916
13,MFC,1.025,low-level,0.009916424506362462
13,MFC,1.05,alexnet conv1,-0.009428824059871466
13,MFC,1.05,alexnet conv4,0.0037859141947448522
13,MFC,1.05,resnet50 avgpool,0.016050810697360078
13,MFC,1.05,clip ln_post,0.020133712941405958
13,MFC,1.05,category,0.02392530218601684
13,MFC,1.05,low-level,0.0034588872747875663
13,MFC,1.075,alexnet conv1,0.00734473665374604
13,MFC,1.075,alexnet conv4,0.007814231942983552
13,MFC,1.075,resnet50 avgpool,0.01675768829485974
13,MFC,1.075,clip ln_post,0.025713804886157144
13,MFC,1.075,category,0.022722775989909825
13,MFC,1.075,low-level,0.010321600495514588
13,MFC,1.1,alexnet conv1,0.021519402645732617
13,MFC,1.1,alexnet conv4,0.036716368069950225
13,MFC,1.1,resnet50 avgpool,0.03573765697698111
13,MFC,1.1,clip ln_post,0.02273667040941942
13,MFC,1.1,category,0.03751285437872359
13,MFC,1.1,low-level,0.0013528478286324941
13,MFC,1.125,alexnet conv1,0.002841448090911287
13,MFC,1.125,alexnet conv4,0.024865821759757753
13,MFC,1.125,resnet50 avgpool,0.022629510238082226
13,MFC,1.125,clip ln_post,-0.0014990938110241584
13,MFC,1.125,category,0.020874264647133746
13,MFC,1.125,low-level,0.015787292783503083
13,MFC,1.15,alexnet conv1,0.0027383377785771394
13,MFC,1.15,alexnet conv4,0.049485874749053735
13,MFC,1.15,resnet50 avgpool,0.035598769688275175
13,MFC,1.15,clip ln_post,0.009715057590992568
13,MFC,1.15,category,0.0341716204354907
13,MFC,1.15,low-level,0.019940212160289003
13,MFC,1.175,alexnet conv1,0.011511071792575465
13,MFC,1.175,alexnet conv4,0.040286339723128055
13,MFC,1.175,resnet50 avgpool,0.027186787255422992
13,MFC,1.175,clip ln_post,-0.0039765958615995455
13,MFC,1.175,category,0.0221403955346051
13,MFC,1.175,low-level,0.03654354347829393
13,MFC,1.2,alexnet conv1,0.004420124692097952
13,MFC,1.2,alexnet conv4,0.03315824958405339
13,MFC,1.2,resnet50 avgpool,0.001506415453493868
13,MFC,1.2,clip ln_post,-0.01676946252694139
13,MFC,1.2,category,0.013195985811495042
13,MFC,1.2,low-level,0.014671110402648903
14,MTL,-0.2,alexnet conv1,-0.018270674700968336
14,MTL,-0.2,alexnet conv4,0.01752889969074671
14,MTL,-0.2,resnet50 avgpool,0.007506091477661005
14,MTL,-0.2,clip ln_post,0.025557667840011025
14,MTL,-0.2,category,0.03616358546701037
14,MTL,-0.2,low-level,-0.020030538192174388
14,MTL,-0.175,alexnet conv1,-0.0328576369592723
14,MTL,-0.175,alexnet conv4,0.006116173101940951
14,MTL,-0.175,resnet50 avgpool,-0.011380490419947376
14,MTL,-0.175,clip ln_post,0.002905437151897382
14,MTL,-0.175,category,0.024685387592935613
14,MTL,-0.175,low-level,-0.023543256051069286
14,MTL,-0.15,alexnet conv1,-0.009581164161836929
14,MTL,-0.15,alexnet conv4,0.008616870824666249
14,MTL,-0.15,resnet50 avgpool,-0.005098743488232676
14,MTL,-0.15,clip ln_post,0.012978820274848115
14,MTL,-0.15,category,0.03436893570406785
14,MTL,-0.15,low-level,-0.012131576561846652
14,MTL,-0.125,alexnet conv1,-0.0036312108695663943
14,MTL,-0.125,alexnet conv4,-0.012607351226738056
14,MTL,-0.125,resnet50 avgpool,-0.014877281088721698
14,MTL,-0.125,clip ln_post,0.0076194488676078745
14,MTL,-0.125,category,0.02860695597736989
14,MTL,-0.125,low-level,-0.0035476410463758283
14,MTL,-0.1,alexnet conv1,-0.008892180690751685
14,MTL,-0.1,alexnet conv4,-0.011908053019297796
14,MTL,-0.1,resnet50 avgpool,-0.012208486831688532
14,MTL,-0.1,clip ln_post,0.001852588186598017
14,MTL,-0.1,category,0.013055977543712701
14,MTL,-0.1,low-level,-0.003723800247473771
14,MTL,-0.075,alexnet conv1,-0.00043979471229273263
14,MTL,-0.075,alexnet conv4,-0.018299882335647832
14,MTL,-0.075,resnet50 avgpool,0.004112635039439378
14,MTL,-0.075,clip ln_post,0.0017395690903626194
14,MTL,-0.075,category,0.004976074342704278
14,MTL,-0.075,low-level,0.004785968399062965
14,MTL,-0.05,alexnet conv1,-0.011267522873229916
14,MTL,-0.05,alexnet conv4,-0.027185036182735513
14,MTL,-0.05,resnet50 avgpool,0.0004207197797330339
14,MTL,-0.05,clip ln_post,-0.010204231908703124
14,MTL,-0.05,category,-0.008939425038692649
14,MTL,-0.05,low-level,0.002646175295115191
14,MTL,-0.025,alexnet conv1,-0.016276881108279583
14,MTL,-0.025,alexnet conv4,-0.026158210058460505
14,MTL,-0.025,resnet50 avgpool,-0.008609388089952983
14,MTL,-0.025,clip ln_post,-0.016135822296130486
14,MTL,-0.025,category,-0.007176609417886576
14,MTL,-0.025,low-level,-0.004225497876198523
14,MTL,-0.0,alexnet conv1,-0.03501008063710668
14,MTL,-0.0,alexnet conv4,-0.029534769531255337
14,MTL,-0.0,resnet50 avgpool,-0.00926640924899389
14,MTL,-0.0,clip ln_post,-0.012372994230809927
14,MTL,-0.0,category,-0.020636482639955524
14,MTL,-0.0,low-level,-0.014552628668434457
14,MTL,0.025,alexnet conv1,-0.05261624822247597
14,MTL,0.025,alexnet conv4,-0.024185310129761224
14,MTL,0.025,resnet50 avgpool,-0.0011330680698239252
14,MTL,0.025,clip ln_post,-0.01386658674171658
14,MTL,0.025,category,-0.014550192590242454
14,MTL,0.025,low-level,-0.028140086046970846
14,MTL,0.05,alexnet conv1,-0.030944758389600282
14,MTL,0.05,alexnet conv4,-0.011899186502212365
14,MTL,0.05,resnet50 avgpool,0.003999657827187304
14,MTL,0.05,clip ln_post,-0.012434201228749777
14,MTL,0.05,category,0.0030501087434488833
14,MTL,0.05,low-level,-0.01928858920232972
14,MTL,0.075,alexnet conv1,-0.009398121489171754
14,MTL,0.075,alexnet conv4,-0.002827278417167928
14,MTL,0.075,resnet50 avgpool,-0.005096486585900429
14,MTL,0.075,clip ln_post,-0.015239669367062393
14,MTL,0.075,category,-0.0056187260870839174
14,MTL,0.075,low-level,-0.01770015202210588
14,MTL,0.1,alexnet conv1,-0.014115298667468159
14,MTL,0.1,alexnet conv4,-0.009010891175951986
14,MTL,0.1,resnet50 avgpool,-0.012931328670524789
14,MTL,0.1,clip ln_post,-0.007392503725805847
14,MTL,0.1,category,0.0036310818374391467
14,MTL,0.1,low-level,0.008954202815443938
14,MTL,0.125,alexnet conv1,-0.029910191783022313
14,MTL,0.125,alexnet conv4,0.004489357305611858
14,MTL,0.125,resnet50 avgpool,0.0053683957947243555
14,MTL,0.125,clip ln_post,0.01034995595222566
14,MTL,0.125,category,0.008633021420629291
14,MTL,0.125,low-level,-0.003694165718348848
14,MTL,0.15,alexnet conv1,-0.019938504582507288
14,MTL,0.15,alexnet conv4,0.024350020505109503
14,MTL,0.15,resnet50 avgpool,0.02185645594692895
14,MTL,0.15,clip ln_post,0.008180618530809357
14,MTL,0.15,category,0.0013788162812851115
14,MTL,0.15,low-level,-0.004624574913009545
14,MTL,0.175,alexnet conv1,-0.007770898129466459
14,MTL,0.175,alexnet conv4,0.008980539786343231
14,MTL,0.175,resnet50 avgpool,0.022399462459669273
14,MTL,0.175,clip ln_post,0.014375646285971933
14,MTL,0.175,category,-0.00020493229000341485
14,MTL,0.175,low-level,-0.011747896721674901
14,MTL,0.2,alexnet conv1,0.020159590799411112
14,MTL,0.2,alexnet conv4,0.11071814806191727
14,MTL,0.2,resnet50 avgpool,0.10184814816218109
14,MTL,0.2,clip ln_post,0.09482910458461567
14,MTL,0.2,category,0.05854497702282021
14,MTL,0.2,low-level,0.003528459792935381
14,MTL,0.225,alexnet conv1,0.015520343604858308
14,MTL,0.225,alexnet conv4,0.14989864269346026
14,MTL,0.225,resnet50 avgpool,0.1264580475073656
14,MTL,0.225,clip ln_post,0.140880494311936
14,MTL,0.225,category,0.0806896021464902
14,MTL,0.225,low-level,0.005622948925227348
14,MTL,0.25,alexnet conv1,0.031126435000040083
14,MTL,0.25,alexnet conv4,0.18202494664173838
14,MTL,0.25,resnet50 avgpool,0.149355647457177
14,MTL,0.25,clip ln_post,0.17572871107363808
14,MTL,0.25,category,0.09529351485158791
14,MTL,0.25,low-level,0.01862428184111269
14,MTL,0.275,alexnet conv1,0.03316047748978179
14,MTL,0.275,alexnet conv4,0.22779124176009957
14,MTL,0.275,resnet50 avgpool,0.17243558449562676
14,MTL,0.275,clip ln_post,0.22370638224529446
14,MTL,0.275,category,0.13966632972203605
14,MTL,0.275,low-level,0.02723200745911215
14,MTL,0.3,alexnet conv1,0.032567985050742904
14,MTL,0.3,alexnet conv4,0.22786752538111402
14,MTL,0.3,resnet50 avgpool,0.18700160959503553
14,MTL,0.3,clip ln_post,0.2373970353150541
14,MTL,0.3,category,0.15586592880172345
14,MTL,0.3,low-level,0.03608888478468811
14,MTL,0.325,alexnet conv1,0.05190712983186842
14,MTL,0.325,alexnet conv4,0.24056846314674707
14,MTL,0.325,resnet50 avgpool,0.18836782807988334
14,MTL,0.325,clip ln_post,0.24522709940373447
14,MTL,0.325,category,0.17382834350221696
14,MTL,0.325,low-level,0.04651877470816723
14,MTL,0.35,alexnet conv1,0.04113202084136701
14,MTL,0.35,alexnet conv4,0.21909183854629125
14,MTL,0.35,resnet50 avgpool,0.1819748533976816
14,MTL,0.35,clip ln_post,0.24188815980257772
14,MTL,0.35,category,0.19213496486456083
14,MTL,0.35,low-level,0.04626528800831659
14,MTL,0.375,alexnet conv1,0.04165398870709866
14,MTL,0.375,alexnet conv4,0.225370945176134
14,MTL,0.375,resnet50 avgpool,0.17812168641309614
14,MTL,0.375,clip ln_post,0.2448705571629125
14,MTL,0.375,category,0.1946976133065453
14,MTL,0.375,low-level,0.045351387546775715
14,MTL,0.4,alexnet conv1,0.041602057400542874
14,MTL,0.4,alexnet conv4,0.20825615887221205
14,MTL,0.4,resnet50 avgpool,0.1637905338047949
14,MTL,0.4,clip ln_post,0.20957427843497828
14,MTL,0.4,category,0.1798012244205689
14,MTL,0.4,low-level,0.04790190143489888
14,MTL,0.425,alexnet conv1,0.042034003698729464
14,MTL,0.425,alexnet conv4,0.17009004276728434
14,MTL,0.425,resnet50 avgpool,0.1248423019700138
14,MTL,0.425,clip ln_post,0.17122157723894957
14,MTL,0.425,category,0.1502989331956113
14,MTL,0.425,low-level,0.04697324009108079
14,MTL,0.45,alexnet conv1,0.02424528638296029
14,MTL,0.45,alexnet conv4,0.13106538232846957
14,MTL,0.45,resnet50 avgpool,0.09993192048476549
14,MTL,0.45,clip ln_post,0.152037474076714
14,MTL,0.45,category,0.12298324960865126
14,MTL,0.45,low-level,0.05038289596531461
14,MTL,0.475,alexnet conv1,0.007157984026711724
14,MTL,0.475,alexnet conv4,0.12579231931256038
14,MTL,0.475,resnet50 avgpool,0.08651386287678735
14,MTL,0.475,clip ln_post,0.1489132865454444
14,MTL,0.475,category,0.10685328771488734
14,MTL,0.475,low-level,0.033536056001025015
14,MTL,0.5,alexnet conv1,0.003757871256986281
14,MTL,0.5,alexnet conv4,0.11247042249752932
14,MTL,0.5,resnet50 avgpool,0.08518648534278382
14,MTL,0.5,clip ln_post,0.13267549124821928
14,MTL,0.5,category,0.09827796567688035
14,MTL,0.5,low-level,0.03413573476504903
14,MTL,0.525,alexnet conv1,-0.004794496622436924
14,MTL,0.525,alexnet conv4,0.11250701298973105
14,MTL,0.525,resnet50 avgpool,0.1100945567652595
14,MTL,0.525,clip ln_post,0.13631707001458107
14,MTL,0.525,category,0.11838918497158442
14,MTL,0.525,low-level,0.017203654451003178
14,MTL,0.55,alexnet conv1,0.004329313772559455
14,MTL,0.55,alexnet conv4,0.09942978951790557
14,MTL,0.55,resnet50 avgpool,0.10545101324057102
14,MTL,0.55,clip ln_post,0.12252117699302746
14,MTL,0.55,category,0.10533718669563877
14,MTL,0.55,low-level,0.013807346680070573
14,MTL,0.575,alexnet conv1,0.025981868823127346
14,MTL,0.575,alexnet conv4,0.08660356387076773
14,MTL,0.575,resnet50 avgpool,0.08785387970822045
14,MTL,0.575,clip ln_post,0.0977990350162215
14,MTL,0.575,category,0.10628624205808176
14,MTL,0.575,low-level,0.017347588759699783
14,MTL,0.6,alexnet conv1,0.020324362389811942
14,MTL,0.6,alexnet conv4,0.06419686514751785
14,MTL,0.6,resnet50 avgpool,0.06404216182233939
14,MTL,0.6,clip ln_post,0.09044824612688497
14,MTL,0.6,category,0.07990568639638004
14,MTL,0.6,low-level,0.0025928972574032648
14,MTL,0.625,alexnet conv1,0.020081108269272105
14,MTL,0.625,alexnet conv4,0.0627034723909932
14,MTL,0.625,resnet50 avgpool,0.07114016154123987
14,MTL,0.625,clip ln_post,0.08511956762480984
14,MTL,0.625,category,0.0739546914507469
14,MTL,0.625,low-level,-0.0021575551347224747
14,MTL,0.65,alexnet conv1,0.020648689403767195
14,MTL,0.65,alexnet conv4,0.0710685850355822
14,MTL,0.65,resnet50 avgpool,0.0926009539959988
14,MTL,0.65,clip ln_post,0.09559294117759255
14,MTL,0.65,category,0.07878353288607008
14,MTL,0.65,low-level,-0.003569229017935031
14,MTL,0.675,alexnet conv1,0.021894404446743898
14,MTL,0.675,alexnet conv4,0.05674393733207585
14,MTL,0.675,resnet50 avgpool,0.07621826589122789
14,MTL,0.675,clip ln_post,0.09278501154979839
14,MTL,0.675,category,0.07633230394156322
14,MTL,0.675,low-level,-0.020526109482876632
14,MTL,0.7,alexnet conv1,0.020572718301705258
14,MTL,0.7,alexnet conv4,0.055762115547883614
14,MTL,0.7,resnet50 avgpool,0.0647072649792396
14,MTL,0.7,clip ln_post,0.08722033452183325
14,MTL,0.7,category,0.056244960253461505
14,MTL,0.7,low-level,-0.004522650239587984
14,MTL,0.725,alexnet conv1,0.003927910563751458
14,MTL,0.725,alexnet conv4,0.026528710942186777
14,MTL,0.725,resnet50 avgpool,0.031538881082143984
14,MTL,0.725,clip ln_post,0.062213751970576985
14,MTL,0.725,category,0.023815917585833745
14,MTL,0.725,low-level,0.00046674383371754486
14,MTL,0.75,alexnet conv1,0.023868072785444956
14,MTL,0.75,alexnet conv4,0.032013138258101065
14,MTL,0.75,resnet50 avgpool,0.03679304797788382
14,MTL,0.75,clip ln_post,0.06661744686475446
14,MTL,0.75,category,0.03634464215041145
14,MTL,0.75,low-level,0.010198360096425437
14,MTL,0.775,alexnet conv1,0.026242849534148297
14,MTL,0.775,alexnet conv4,0.03400816581737547
14,MTL,0.775,resnet50 avgpool,0.03190196850082171
14,MTL,0.775,clip ln_post,0.0757313178683233
14,MTL,0.775,category,0.03415405524464679
14,MTL,0.775,low-level,0.017845429840113763
14,MTL,0.8,alexnet conv1,0.018653437926274243
14,MTL,0.8,alexnet conv4,0.011003168890628858
14,MTL,0.8,resnet50 avgpool,0.020474857985588665
14,MTL,0.8,clip ln_post,0.04818611003651846
14,MTL,0.8,category,0.016537836839887226
14,MTL,0.8,low-level,0.012801419052552337
14,MTL,0.825,alexnet conv1,0.004691236494316266
14,MTL,0.825,alexnet conv4,0.0054497538214108715
14,MTL,0.825,resnet50 avgpool,0.005118987950480606
14,MTL,0.825,clip ln_post,0.031105455957161528
14,MTL,0.825,category,0.015242585181710304
14,MTL,0.825,low-level,0.017920511712991256
14,MTL,0.85,alexnet conv1,0.009657143318511044
14,MTL,0.85,alexnet conv4,0.017775568966849977
14,MTL,0.85,resnet50 avgpool,0.011657234007000477
14,MTL,0.85,clip ln_post,0.027579881326308273
14,MTL,0.85,category,0.03144218426139772
14,MTL,0.85,low-level,0.023060377218236977
14,MTL,0.875,alexnet conv1,0.008812440030190492
14,MTL,0.875,alexnet conv4,0.012313087247275591
14,MTL,0.875,resnet50 avgpool,0.03305397618572075
14,MTL,0.875,clip ln_post,0.045414021821993486
14,MTL,0.875,category,0.053644508767690016
14,MTL,0.875,low-level,0.020755421069736525
14,MTL,0.9,alexnet conv1,0.013212953352557696
14,MTL,0.9,alexnet conv4,0.02224184175395998
14,MTL,0.9,resnet50 avgpool,0.03327898338783278
14,MTL,0.9,clip ln_post,0.04541117693297225
14,MTL,0.9,category,0.05336596002399606
14,MTL,0.9,low-level,0.021737750294495956
14,MTL,0.925,alexnet conv1,0.006232067694723858
14,MTL,0.925,alexnet conv4,0.025012341598963466
14,MTL,0.925,resnet50 avgpool,0.025953154130713134
14,MTL,0.925,clip ln_post,0.034961925332739896
14,MTL,0.925,category,0.029331182710974193
14,MTL,0.925,low-level,0.020842327113291176
14,MTL,0.95,alexnet conv1,-0.022587946828321836
14,MTL,0.95,alexnet conv4,0.003508882252575782
14,MTL,0.95,resnet50 avgpool,0.017276163680751057
14,MTL,0.95,clip ln_post,0.013502877506978712
14,MTL,0.95,category,0.026169654470047723
14,MTL,0.95,low-level,0.022377579689304355
14,MTL,0.975,alexnet conv1,-0.021368346448948312
14,MTL,0.975,alexnet conv4,0.0014843055430655372
14,MTL,0.975,resnet50 avgpool,0.022515046144422114
14,MTL,0.975,clip ln_post,0.01648960341589788
14,MTL,0.975,category,0.018595118275455486
14,MTL,0.975,low-level,-0.003108416600625291
14,MTL,1.0,alexnet conv1,-0.020075626300223828
14,MTL,1.0,alexnet conv4,0.013474070991985674
14,MTL,1.0,resnet50 avgpool,0.03519102749968317
14,MTL,1.0,clip ln_post,0.030655104870148445
14,MTL,1.0,category,0.027759371942986836
14,MTL,1.0,low-level,-0.011764328130517815
14,MTL,1.025,alexnet conv1,-0.008814878966757958
14,MTL,1.025,alexnet conv4,0.028367880144896416
14,MTL,1.025,resnet50 avgpool,0.04093245332635766
14,MTL,1.025,clip ln_post,0.048544967172880364
14,MTL,1.025,category,0.03226987195694549
14,MTL,1.025,low-level,-0.01522403536482509
14,MTL,1.05,alexnet conv1,-0.009545512837415115
14,MTL,1.05,alexnet conv4,0.018634680345434355
14,MTL,1.05,resnet50 avgpool,0.025387082430540185
14,MTL,1.05,clip ln_post,0.029910066131072333
14,MTL,1.05,category,0.0035534861159815436
14,MTL,1.05,low-level,-0.008125895495672716
14,MTL,1.075,alexnet conv1,-0.0002971571961567669
14,MTL,1.075,alexnet conv4,0.020794867727416566
14,MTL,1.075,resnet50 avgpool,0.01932520385836801
14,MTL,1.075,clip ln_post,0.034278568813722134
14,MTL,1.075,category,0.007719779468089803
14,MTL,1.075,low-level,-0.004617422417395571
14,MTL,1.1,alexnet conv1,-0.009225437047767357
14,MTL,1.1,alexnet conv4,0.030064120254509257
14,MTL,1.1,resnet50 avgpool,0.02205293693455173
14,MTL,1.1,clip ln_post,0.06492825292987485
14,MTL,1.1,category,0.02227594095998284
14,MTL,1.1,low-level,0.002832512304161126
14,MTL,1.125,alexnet conv1,-0.0021059186269724037
14,MTL,1.125,alexnet conv4,0.04625664863129458
14,MTL,1.125,resnet50 avgpool,0.024561679603920313
14,MTL,1.125,clip ln_post,0.07139678470707257
14,MTL,1.125,category,0.04369832898393205
14,MTL,1.125,low-level,0.020593660293367795
14,MTL,1.15,alexnet conv1,0.014781995026657158
14,MTL,1.15,alexnet conv4,0.05232851331164492
14,MTL,1.15,resnet50 avgpool,0.04779430953634895
14,MTL,1.15,clip ln_post,0.07719181075594611
14,MTL,1.15,category,0.04008913311921171
14,MTL,1.15,low-level,0.022462839370129845
14,MTL,1.175,alexnet conv1,-0.004294759486316271
14,MTL,1.175,alexnet conv4,0.04806564847863068
14,MTL,1.175,resnet50 avgpool,0.03736877071436833
14,MTL,1.175,clip ln_post,0.06954236973443262
14,MTL,1.175,category,0.04018463554562107
14,MTL,1.175,low-level,-5.177182523465921e-05
14,MTL,1.2,alexnet conv1,0.0017520472955486193
14,MTL,1.2,alexnet conv4,0.012273436002446231
14,MTL,1.2,resnet50 avgpool,0.008468699789964068
14,MTL,1.2,clip ln_post,0.04665611712225745
14,MTL,1.2,category,0.018143471383894563
14,MTL,1.2,low-level,0.01151616069654946
14,MFC,-0.2,alexnet conv1,-0.01641912394841883
14,MFC,-0.2,alexnet conv4,-0.019409163524787987
14,MFC,-0.2,resnet50 avgpool,-0.004666138322769936
14,MFC,-0.2,clip ln_post,-0.018173861484434867
14,MFC,-0.2,category,0.004448821363569278
14,MFC,-0.2,low-level,-0.010054021446197499
14,MFC,-0.175,alexnet conv1,-0.0079800184145188
14,MFC,-0.175,alexnet conv4,-0.03203333922544324
14,MFC,-0.175,resnet50 avgpool,-0.017941772667296036
14,MFC,-0.175,clip ln_post,-0.012506194963318267
14,MFC,-0.175,category,-0.017439140989125544
14,MFC,-0.175,low-level,-0.012527194948188485
14,MFC,-0.15,alexnet conv1,-0.006481591525382971
14,MFC,-0.15,alexnet conv4,-0.03325530604987463
14,MFC,-0.15,resnet50 avgpool,-0.017762001778097527
14,MFC,-0.15,clip ln_post,-0.021867766233349153
14,MFC,-0.15,category,-0.026239291655971216
14,MFC,-0.15,low-level,0.003641441837954761
14,MFC,-0.125,alexnet conv1,0.03233564815154899
14,MFC,-0.125,alexnet conv4,-0.0035770935412655315
14,MFC,-0.125,resnet50 avgpool,0.0009894333927003359
14,MFC,-0.125,clip ln_post,-0.004488324704330653
14,MFC,-0.125,category,-0.006066393710877785
14,MFC,-0.125,low-level,0.0049600253463824755
14,MFC,-0.1,alexnet conv1,0.00950376900434194
14,MFC,-0.1,alexnet conv4,-0.009635170336489736
14,MFC,-0.1,resnet50 avgpool,-0.014221373077083774
14,MFC,-0.1,clip ln_post,-0.012338605869577607
14,MFC,-0.1,category,-0.018165357356613378
14,MFC,-0.1,low-level,-0.005495566844556322
14,MFC,-0.075,alexnet conv1,-0.006949825462353427
14,MFC,-0.075,alexnet conv4,-0.006238097377400233
14,MFC,-0.075,resnet50 avgpool,-0.014438459373580055
14,MFC,-0.075,clip ln_post,-0.0053825171407946475
14,MFC,-0.075,category,-0.011593596639319402
14,MFC,-0.075,low-level,-0.01718820892669084
14,MFC,-0.05,alexnet conv1,-0.019126705995855885
14,MFC,-0.05,alexnet conv4,-0.013474584876242627
14,MFC,-0.05,resnet50 avgpool,-0.02194551579377997
14,MFC,-0.05,clip ln_post,-0.009656471563855407
14,MFC,-0.05,category,-0.015461444908898418
14,MFC,-0.05,low-level,-0.009236802105550371
14,MFC,-0.025,alexnet conv1,-0.028580318930166056
14,MFC,-0.025,alexnet conv4,-0.019278963940777133
14,MFC,-0.025,resnet50 avgpool,-0.020248442837267944
14,MFC,-0.025,clip ln_post,-0.026874722583047374
14,MFC,-0.025,category,-0.026824244017728534
14,MFC,-0.025,low-level,-0.013398644381706966
14,MFC,-0.0,alexnet conv1,-0.024064703588854243
14,MFC,-0.0,alexnet conv4,-0.010241047930045861
14,MFC,-0.0,resnet50 avgpool,-0.012544236896634482
14,MFC,-0.0,clip ln_post,-0.008349810492373416
14,MFC,-0.0,category,-0.01988042176421477
14,MFC,-0.0,low-level,-0.010331775081617709
14,MFC,0.025,alexnet conv1,-0.01902707527598259
14,MFC,0.025,alexnet conv4,-0.010618177759594546
14,MFC,0.025,resnet50 avgpool,-0.008688545596592497
14,MFC,0.025,clip ln_post,-0.0062432845476428
14,MFC,0.025,category,-0.020145043070724032
14,MFC,0.025,low-level,-0.01774309277054869
14,MFC,0.05,alexnet conv1,-0.019841862123751993
14,MFC,0.05,alexnet conv4,-0.011637714459848559
14,MFC,0.05,resnet50 avgpool,-0.010326339829320063
14,MFC,0.05,clip ln_post,-0.024229409131435217
14,MFC,0.05,category,-0.023805969416416103
14,MFC,0.05,low-level,-0.0023632151583831877
14,MFC,0.075,alexnet conv1,-0.00959585416352698
14,MFC,0.075,alexnet conv4,0.003482189267818227
14,MFC,0.075,resnet50 avgpool,-0.004669437491918002
14,MFC,0.075,clip ln_post,-0.013336420891710263
14,MFC,0.075,category,-0.025853302682566727
14,MFC,0.075,low-level,0.0040256871119014005
14,MFC,0.1,alexnet conv1,-0.0007906294549254496
14,MFC,0.1,alexnet conv4,-0.001633890967666158
14,MFC,0.1,resnet50 avgpool,0.0011561300354116838
14,MFC,0.1,clip ln_post,-0.008416335145273115
14,MFC,0.1,category,-0.01668506974726832
14,MFC,0.1,low-level,0.0013972690147936034
14,MFC,0.125,alexnet conv1,0.01113747310500557
14,MFC,0.125,alexnet conv4,0.0033654908247399643
14,MFC,0.125,resnet50 avgpool,-0.001069810367623583
14,MFC,0.125,clip ln_post,-0.00909569657665064
14,MFC,0.125,category,-0.01789078788068647
14,MFC,0.125,low-level,-0.0013945046718941488
14,MFC,0.15,alexnet conv1,0.009790026699299575
14,MFC,0.15,alexnet conv4,0.005990901329660534
14,MFC,0.15,resnet50 avgpool,0.00710821457806449
14,MFC,0.15,clip ln_post,-0.0011474503853287805
14,MFC,0.15,category,-0.015332118706469076
14,MFC,0.15,low-level,-0.006353275109699308
14,MFC,0.175,alexnet conv1,-0.00105742076317154
14,MFC,0.175,alexnet conv4,-0.021800484446904737
14,MFC,0.175,resnet50 avgpool,0.00014222673091489286
14,MFC,0.175,clip ln_post,0.0003029613496921605
14,MFC,0.175,category,-0.023286674972815218
14,MFC,0.175,low-level,-0.01353579348510491
14,MFC,0.2,alexnet conv1,0.011127828512383755
14,MFC,0.2,alexnet conv4,-0.02044934580697639
14,MFC,0.2,resnet50 avgpool,0.005643270711752185
14,MFC,0.2,clip ln_post,-0.010601369394901708
14,MFC,0.2,category,-0.0023358301792622237
14,MFC,0.2,low-level,-0.01556204072118085
14,MFC,0.225,alexnet conv1,0.022034520869268184
14,MFC,0.225,alexnet conv4,-0.00827398115148581
14,MFC,0.225,resnet50 avgpool,0.014130977775533656
14,MFC,0.225,clip ln_post,-0.0005145511788382425
14,MFC,0.225,category,0.010171008412596667
14,MFC,0.225,low-level,-0.012441680741618173
14,MFC,0.25,alexnet conv1,0.013752436777931407
14,MFC,0.25,alexnet conv4,0.007540159265328643
14,MFC,0.25,resnet50 avgpool,0.0304048915646869
14,MFC,0.25,clip ln_post,0.018827989426781475
14,MFC,0.25,category,0.02368261211563735
14,MFC,0.25,low-level,-0.01918229087449556
14,MFC,0.275,alexnet conv1,-0.004556426450294782
14,MFC,0.275,alexnet conv4,-0.013447413447521704
14,MFC,0.275,resnet50 avgpool,0.028093646374997953
14,MFC,0.275,clip ln_post,0.015062115107135234
14,MFC,0.275,category,0.015083414471028041
14,MFC,0.275,low-level,-0.02449093272331696
14,MFC,0.3,alexnet conv1,0.018791498811770724
14,MFC,0.3,alexnet conv4,0.010197021419881469
14,MFC,0.3,resnet50 avgpool,0.032891382562452824
14,MFC,0.3,clip ln_post,0.013002244697983879
14,MFC,0.3,category,0.010021785871332045
14,MFC,0.3,low-level,0.0014986588619665519
14,MFC,0.325,alexnet conv1,0.029092824237511108
14,MFC,0.325,alexnet conv4,0.011454241670893083
14,MFC,0.325,resnet50 avgpool,0.028711937736842656
14,MFC,0.325,clip ln_post,0.01045426479085188
14,MFC,0.325,category,0.003268968470636996
14,MFC,0.325,low-level,0.005648560981030629
14,MFC,0.35,alexnet conv1,0.02894983392936175
14,MFC,0.35,alexnet conv4,0.01060335405134234
14,MFC,0.35,resnet50 avgpool,0.017867509143015818
14,MFC,0.35,clip ln_post,0.016475585168863466
14,MFC,0.35,category,-0.005634643158152144
14,MFC,0.35,low-level,0.02154767755632191
14,MFC,0.375,alexnet conv1,0.030785547703447075
14,MFC,0.375,alexnet conv4,0.003430662302793776
14,MFC,0.375,resnet50 avgpool,0.020500102751076634
14,MFC,0.375,clip ln_post,-0.004888938561145216
14,MFC,0.375,category,-0.013728473796345269
14,MFC,0.375,low-level,0.02736352799952018
14,MFC,0.4,alexnet conv1,0.005467264548285622
14,MFC,0.4,alexnet conv4,-0.0007228370060689506
14,MFC,0.4,resnet50 avgpool,0.0033532703671436573
14,MFC,0.4,clip ln_post,-0.01984835253024494
14,MFC,0.4,category,-0.01432337432752023
14,MFC,0.4,low-level,0.02545741530407759
14,MFC,0.425,alexnet conv1,0.0005070120618397297
14,MFC,0.425,alexnet conv4,0.0016837248532108149
14,MFC,0.425,resnet50 avgpool,0.011133176774869878
14,MFC,0.425,clip ln_post,-0.012155315114857354
14,MFC,0.425,category,-0.0033764087003475243
14,MFC,0.425,low-level,0.004545517283561037
14,MFC,0.45,alexnet conv1,0.0228294273232601
14,MFC,0.45,alexnet conv4,-0.0041935017347830405
14,MFC,0.45,resnet50 avgpool,0.0015797671956755523
14,MFC,0.45,clip ln_post,-0.009067217078912029
14,MFC,0.45,category,-0.01971329251799839
14,MFC,0.45,low-level,0.004900923824065929
14,MFC,0.475,alexnet conv1,0.034929876030884044
14,MFC,0.475,alexnet conv4,0.016122915585576623
14,MFC,0.475,resnet50 avgpool,0.008316614213743427
14,MFC,0.475,clip ln_post,-0.0016245427847724893
14,MFC,0.475,category,-0.004868634112993749
14,MFC,0.475,low-level,0.014794895293521279
14,MFC,0.5,alexnet conv1,0.039191337750456884
14,MFC,0.5,alexnet conv4,0.010077499029773635
14,MFC,0.5,resnet50 avgpool,0.017168239932179395
14,MFC,0.5,clip ln_post,0.026567104056593953
14,MFC,0.5,category,0.014932202295879889
14,MFC,0.5,low-level,0.006557635118954509
14,MFC,0.525,alexnet conv1,0.01711853492042958
14,MFC,0.525,alexnet conv4,0.01802927314122942
14,MFC,0.525,resnet50 avgpool,0.0316792842488618
14,MFC,0.525,clip ln_post,0.032465167926292025
14,MFC,0.525,category,0.018014145181465224
14,MFC,0.525,low-level,-0.0023469013468780725
14,MFC,0.55,alexnet conv1,0.013726210960680168
14,MFC,0.55,alexnet conv4,0.03400090055719101
14,MFC,0.55,resnet50 avgpool,0.047226783173216665
14,MFC,0.55,clip ln_post,0.03479016233896866
14,MFC,0.55,category,0.025455375905861066
14,MFC,0.55,low-level,-0.012414581804406851
14,MFC,0.575,alexnet conv1,0.0287092007796246
14,MFC,0.575,alexnet conv4,0.011099703417580969
14,MFC,0.575,resnet50 avgpool,0.00044691498945799473
14,MFC,0.575,clip ln_post,-0.006929400576792712
14,MFC,0.575,category,0.0018583180472154317
14,MFC,0.575,low-level,-0.009004697179187181
14,MFC,0.6,alexnet conv1,0.03912542363716027
14,MFC,0.6,alexnet conv4,-0.0019831276752427796
14,MFC,0.6,resnet50 avgpool,-0.01011520911306812
14,MFC,0.6,clip ln_post,-0.004638109883313285
14,MFC,0.6,category,-0.008668834830532803
14,MFC,0.6,low-level,-0.014259759747801201
14,MFC,0.625,alexnet conv1,0.05103092656624254
14,MFC,0.625,alexnet conv4,0.012671142144264574
14,MFC,0.625,resnet50 avgpool,-0.014608091116969027
14,MFC,0.625,clip ln_post,-0.0036448199423021717
14,MFC,0.625,category,-0.005889316295243767
14,MFC,0.625,low-level,-0.009510663752366219
14,MFC,0.65,alexnet conv1,0.06053275118720474
14,MFC,0.65,alexnet conv4,0.022421324288042523
14,MFC,0.65,resnet50 avgpool,-0.00018619041510429746
14,MFC,0.65,clip ln_post,-0.0180260802929621
14,MFC,0.65,category,0.0017051162381837527
14,MFC,0.65,low-level,0.013898974337283909
14,MFC,0.675,alexnet conv1,0.03656024874395089
14,MFC,0.675,alexnet conv4,0.015040443367609384
14,MFC,0.675,resnet50 avgpool,-0.0010058164738701808
14,MFC,0.675,clip ln_post,-0.0027229728003865805
14,MFC,0.675,category,0.012835128182641061
14,MFC,0.675,low-level,0.01604507903533428
14,MFC,0.7,alexnet conv1,0.0443409509473603
14,MFC,0.7,alexnet conv4,0.015175646476705149
14,MFC,0.7,resnet50 avgpool,0.009718938303139881
14,MFC,0.7,clip ln_post,0.008705046275100138
14,MFC,0.7,category,0.010668416883478742
14,MFC,0.7,low-level,0.0247390904917507
14,MFC,0.725,alexnet conv1,0.050866266129489766
14,MFC,0.725,alexnet conv4,0.005268267299818466
14,MFC,0.725,resnet50 avgpool,0.000657891057156121
14,MFC,0.725,clip ln_post,0.0031950826167370413
14,MFC,0.725,category,-0.010755960774353987
14,MFC,0.725,low-level,0.021849090809553478
14,MFC,0.75,alexnet conv1,0.03356242841221789
14,MFC,0.75,alexnet conv4,0.015672029672314923
14,MFC,0.75,resnet50 avgpool,0.012547001239533935
14,MFC,0.75,clip ln_post,0.01673962341066715
14,MFC,0.75,category,0.007880939812655596
14,MFC,0.75,low-level,0.03561941365928713
14,MFC,0.775,alexnet conv1,0.03146285037595192
14,MFC,0.775,alexnet conv4,0.010896709470551142
14,MFC,0.775,resnet50 avgpool,0.0061773800998807995
14,MFC,0.775,clip ln_post,0.01707963597637764
14,MFC,0.775,category,0.0066374186354504075
14,MFC,0.775,low-level,0.028169266295968932
14,MFC,0.8,alexnet conv1,0.021164978767913428
14,MFC,0.8,alexnet conv4,0.02235464498658901
14,MFC,0.8,resnet50 avgpool,0.013020122715173941
14,MFC,0.8,clip ln_post,0.011067958580065438
14,MFC,0.8,category,0.01822703600700275
14,MFC,0.8,low-level,0.026968457326806444
14,MFC,0.825,alexnet conv1,0.016430358521484566
14,MFC,0.825,alexnet conv4,0.019876342307563136
14,MFC,0.825,resnet50 avgpool,0.010561457180637786
14,MFC,0.825,clip ln_post,0.005885874019628047
14,MFC,0.825,category,0.0004078749461233014
14,MFC,0.825,low-level,0.02682573282085896
14,MFC,0.85,alexnet conv1,0.0020273748817808464
14,MFC,0.85,alexnet conv4,-0.002569508274561084
14,MFC,0.85,resnet50 avgpool,-0.007296106127260759
14,MFC,0.85,clip ln_post,-0.00511924891991517
14,MFC,0.85,category,-0.00903293783121848
14,MFC,0.85,low-level,-0.007778791649400801
14,MFC,0.875,alexnet conv1,0.0013155130902655
14,MFC,0.875,alexnet conv4,-0.012482528901817166
14,MFC,0.875,resnet50 avgpool,-0.013354748356259855
14,MFC,0.875,clip ln_post,0.0022664132183067703
14,MFC,0.875,category,-0.004251847609099977
14,MFC,0.875,low-level,-0.015604784937086523
14,MFC,0.9,alexnet conv1,0.009234061926487451
14,MFC,0.9,alexnet conv4,-0.003271556326598879
14,MFC,0.9,resnet50 avgpool,-0.005049587801033399
14,MFC,0.9,clip ln_post,0.008466942273586851
14,MFC,0.9,category,-0.009329393279864196
14,MFC,0.9,low-level,-0.0030124104562320496
14,MFC,0.925,alexnet conv1,0.00886947796086706
14,MFC,0.925,alexnet conv4,-0.010745197382717566
14,MFC,0.925,resnet50 avgpool,0.0010347953575638236
14,MFC,0.925,clip ln_post,-0.0038448707340421966
14,MFC,0.925,category,-0.01863889022089311
14,MFC,0.925,low-level,0.005121803842897999
14,MFC,0.95,alexnet conv1,0.011828718311190367
14,MFC,0.95,alexnet conv4,-0.014406132993065276
14,MFC,0.95,resnet50 avgpool,-0.006841927488540737
14,MFC,0.95,clip ln_post,-0.007926982015172208
14,MFC,0.95,category,-0.011060374758533817
14,MFC,0.95,low-level,0.00974186817308792
14,MFC,0.975,alexnet conv1,0.0009547260688257719
14,MFC,0.975,alexnet conv4,-0.030688028902886823
14,MFC,0.975,resnet50 avgpool,-0.025862101572809305
14,MFC,0.975,clip ln_post,-0.01733908792200723
14,MFC,0.975,category,-0.01791466348728881
14,MFC,0.975,low-level,0.0134516421189151
14,MFC,1.0,alexnet conv1,0.022708525983547407
14,MFC,1.0,alexnet conv4,-0.03167198838115106
14,MFC,1.0,resnet50 avgpool,-0.028390724635955374
14,MFC,1.0,clip ln_post,-0.016119084812024814
14,MFC,1.0,category,-0.020936917356368295
14,MFC,1.0,low-level,0.021104546623665094
14,MFC,1.025,alexnet conv1,0.030075325830971146
14,MFC,1.025,alexnet conv4,-0.014994122903896727
14,MFC,1.025,resnet50 avgpool,-0.012525397158750376
14,MFC,1.025,clip ln_post,-0.01670966991889998
14,MFC,1.025,category,-0.00624745039427886
14,MFC,1.025,low-level,0.030894934169590237
14,MFC,1.05,alexnet conv1,0.04432338706004516
14,MFC,1.05,alexnet conv4,0.017650738587316906
14,MFC,1.05,resnet50 avgpool,0.008519294030898317
14,MFC,1.05,clip ln_post,-0.0060997819661589275
14,MFC,1.05,category,0.025692142338000934
14,MFC,1.05,low-level,0.03679061548500609
14,MFC,1.075,alexnet conv1,0.02252595853300073
14,MFC,1.075,alexnet conv4,0.013237102690789471
14,MFC,1.075,resnet50 avgpool,0.01759808397658755
14,MFC,1.075,clip ln_post,-0.008464598381443082
14,MFC,1.075,category,0.030946765424399173
14,MFC,1.075,low-level,0.023231640826053192
14,MFC,1.1,alexnet conv1,0.0111191601387579
14,MFC,1.1,alexnet conv4,0.004447608639771377
14,MFC,1.1,resnet50 avgpool,0.025664333458160493
14,MFC,1.1,clip ln_post,-0.002249353549713982
14,MFC,1.1,category,0.03372031505803763
14,MFC,1.1,low-level,0.03429486168323559
14,MFC,1.125,alexnet conv1,0.01289259242963884
14,MFC,1.125,alexnet conv4,-0.008007384764854426
14,MFC,1.125,resnet50 avgpool,0.018038523057854517
14,MFC,1.125,clip ln_post,-0.002636786839160633
14,MFC,1.125,category,0.010001889532496762
14,MFC,1.125,low-level,0.017676730820814987
14,MFC,1.15,alexnet conv1,0.01682171601798429
14,MFC,1.15,alexnet conv4,0.003946806683920806
14,MFC,1.15,resnet50 avgpool,0.020984365366281107
14,MFC,1.15,clip ln_post,0.008687807794117
14,MFC,1.15,category,0.004196137860361184
14,MFC,1.15,low-level,0.02145254614281119
14,MFC,1.175,alexnet conv1,0.01106136507453661
14,MFC,1.175,alexnet conv4,-0.0016910545502927022
14,MFC,1.175,resnet50 avgpool,0.010353127858501319
14,MFC,1.175,clip ln_post,0.003384183968682431
14,MFC,1.175,category,-0.0065717607172939745
14,MFC,1.175,low-level,0.0017946610267370084
14,MFC,1.2,alexnet conv1,0.005520911487235296
14,MFC,1.2,alexnet conv4,-0.0160688997453892
14,MFC,1.2,resnet50 avgpool,-0.004037182654401697
14,MFC,1.2,clip ln_post,-0.005824446325314523
14,MFC,1.2,category,0.00011141949747758477
14,MFC,1.2,low-level,0.00276664329669271
15,MTL,-0.2,alexnet conv1,0.010931128439309736
15,MTL,-0.2,alexnet conv4,0.007821771059982066
15,MTL,-0.2,resnet50 avgpool,-0.0032790664469935513
15,MTL,-0.2,clip ln_post,0.010457958635996663
15,MTL,-0.2,category,0.021856594665359007
15,MTL,-0.2,low-level,0.003923316212965184
15,MTL,-0.175,alexnet conv1,0.0034494633785394258
15,MTL,-0.175,alexnet conv4,0.008782652463434187
15,MTL,-0.175,resnet50 avgpool,-0.004169790567453743
15,MTL,-0.175,clip ln_post,0.005673133991862961
15,MTL,-0.175,category,0.020022528051726864
15,MTL,-0.175,low-level,0.0031908958293269695
15,MTL,-0.15,alexnet conv1,0.012396388046419415
15,MTL,-0.15,alexnet conv4,0.005849323800487179
15,MTL,-0.15,resnet50 avgpool,0.00864709334048016
15,MTL,-0.15,clip ln_post,0.02198342885330134
15,MTL,-0.15,category,0.003165857723116068
15,MTL,-0.15,low-level,-0.008618505910938363
15,MTL,-0.125,alexnet conv1,-0.0003667860965898267
15,MTL,-0.125,alexnet conv4,-0.0005363840106076536
15,MTL,-0.125,resnet50 avgpool,0.008017488470370383
15,MTL,-0.125,clip ln_post,-0.0012243509896360469
15,MTL,-0.125,category,-0.009676413689764615
15,MTL,-0.125,low-level,-0.013801220342048063
15,MTL,-0.1,alexnet conv1,-0.008045558793810357
15,MTL,-0.1,alexnet conv4,0.007542095594096208
15,MTL,-0.1,resnet50 avgpool,0.004139493949207797
15,MTL,-0.1,clip ln_post,0.006973299824084693
15,MTL,-0.1,category,-0.0036814511383591294
15,MTL,-0.1,low-level,-0.004411762393734858
15,MTL,-0.075,alexnet conv1,-0.01057712984501354
15,MTL,-0.075,alexnet conv4,0.008021712308996471
15,MTL,-0.075,resnet50 avgpool,0.007365564269915649
15,MTL,-0.075,clip ln_post,0.01359264132693408
15,MTL,-0.075,category,-0.0038393635127693666
15,MTL,-0.075,low-level,0.006974271210313348
15,MTL,-0.05,alexnet conv1,-0.030299925469706966
15,MTL,-0.05,alexnet conv4,-0.0011760072073443012
15,MTL,-0.05,resnet50 avgpool,-0.0006009787784295271
15,MTL,-0.05,clip ln_post,-0.012379861593152802
15,MTL,-0.05,category,-0.020442993530578216
15,MTL,-0.05,low-level,-0.011382135171754102
15,MTL,-0.025,alexnet conv1,-0.036831798717071686
15,MTL,-0.025,alexnet conv4,-0.004010815075976129
15,MTL,-0.025,resnet50 avgpool,0.01112906247896941
15,MTL,-0.025,clip ln_post,0.0008981279199741162
15,MTL,-0.025,category,-0.014946501365865282
15,MTL,-0.025,low-level,-0.0030305027261060447
15,MTL,-0.0,alexnet conv1,-0.0316947056093376
15,MTL,-0.0,alexnet conv4,-0.0111719162376007
15,MTL,-0.0,resnet50 avgpool,0.013123084822644012
15,MTL,-0.0,clip ln_post,-0.01273865912538459
15,MTL,-0.0,category,0.0006963364943873082
15,MTL,-0.0,low-level,-0.0085862391345537
15,MTL,0.025,alexnet conv1,-0.012509592398734904
15,MTL,0.025,alexnet conv4,0.00993813812987164
15,MTL,0.025,resnet50 avgpool,0.018425260428808998
15,MTL,0.025,clip ln_post,0.005088493188775083
15,MTL,0.025,category,0.018772546967539806
15,MTL,0.025,low-level,0.010408003931269338
15,MTL,0.05,alexnet conv1,-0.01173220472622992
15,MTL,0.05,alexnet conv4,0.015880011035205307
15,MTL,0.05,resnet50 avgpool,0.00890097632724995
15,MTL,0.05,clip ln_post,-0.001967931843907957
15,MTL,0.05,category,0.010148248254267493
15,MTL,0.05,low-level,0.018362484392416896
15,MTL,0.075,alexnet conv1,-0.008345393343055058
15,MTL,0.075,alexnet conv4,0.04006381334156683
15,MTL,0.075,resnet50 avgpool,0.030271222053749814
15,MTL,0.075,clip ln_post,0.025436684343254117
15,MTL,0.075,category,0.019078858922721112
15,MTL,0.075,low-level,0.01791079462885984
15,MTL,0.1,alexnet conv1,-0.01535022053012648
15,MTL,0.1,alexnet conv4,0.03150749709125402
15,MTL,0.1,resnet50 avgpool,0.024507512337023946
15,MTL,0.1,clip ln_post,0.04449347791632828
15,MTL,0.1,category,0.0243223107766321
15,MTL,0.1,low-level,-0.012904489091825596
15,MTL,0.125,alexnet conv1,0.003567052661724563
15,MTL,0.125,alexnet conv4,0.027325890407735295
15,MTL,0.125,resnet50 avgpool,0.02566940786383257
15,MTL,0.125,clip ln_post,0.042705329848998316
15,MTL,0.125,category,0.02072266966356984
15,MTL,0.125,low-level,-0.0019560915640064462
15,MTL,0.15,alexnet conv1,0.016316640284912125
15,MTL,0.15,alexnet conv4,0.025531931743180202
15,MTL,0.15,resnet50 avgpool,0.024483499927199198
15,MTL,0.15,clip ln_post,0.058927505642288054
15,MTL,0.15,category,0.010435534622170454
15,MTL,0.15,low-level,-0.01332280376436231
15,MTL,0.175,alexnet conv1,-0.006503187551554351
15,MTL,0.175,alexnet conv4,0.016926203669000855
15,MTL,0.175,resnet50 avgpool,0.023541295558465188
15,MTL,0.175,clip ln_post,0.04587036554046693
15,MTL,0.175,category,0.0003291426599153123
15,MTL,0.175,low-level,-0.01660901465235766
15,MTL,0.2,alexnet conv1,-0.0026389035912409847
15,MTL,0.2,alexnet conv4,0.010257527666561843
15,MTL,0.2,resnet50 avgpool,0.0042767203768826504
15,MTL,0.2,clip ln_post,0.04039640760946148
15,MTL,0.2,category,0.001116801973238661
15,MTL,0.2,low-level,-0.015246187159236745
15,MTL,0.225,alexnet conv1,0.01618973181543716
15,MTL,0.225,alexnet conv4,0.016220042931985028
15,MTL,0.225,resnet50 avgpool,0.008950678117154888
15,MTL,0.225,clip ln_post,0.02430651110104693
15,MTL,0.225,category,-0.00580470667862207
15,MTL,0.225,low-level,0.004732894948500356
15,MTL,0.25,alexnet conv1,-0.004912685168768097
15,MTL,0.25,alexnet conv4,0.025510820604661928
15,MTL,0.25,resnet50 avgpool,0.021724740484906212
15,MTL,0.25,clip ln_post,0.02565600337824611
15,MTL,0.25,category,0.007111764524644149
15,MTL,0.25,low-level,-0.005775113436647331
15,MTL,0.275,alexnet conv1,0.0006643315250535684
15,MTL,0.275,alexnet conv4,0.03305711104078039
15,MTL,0.275,resnet50 avgpool,0.028339687391351343
15,MTL,0.275,clip ln_post,0.027113443567853484
15,MTL,0.275,category,-0.0035577848210499078
15,MTL,0.275,low-level,0.009373864219136796
15,MTL,0.3,alexnet conv1,-0.007957765131993701
15,MTL,0.3,alexnet conv4,0.02863667382972994
15,MTL,0.3,resnet50 avgpool,0.023419811064830817
15,MTL,0.3,clip ln_post,0.011756250965425817
15,MTL,0.3,category,0.003209616573856254
15,MTL,0.3,low-level,0.011904375283377367
15,MTL,0.325,alexnet conv1,0.0017208823901098953
15,MTL,0.325,alexnet conv4,0.029349800195357212
15,MTL,0.325,resnet50 avgpool,0.03717834518418089
15,MTL,0.325,clip ln_post,0.020781442299838443
15,MTL,0.325,category,0.011833915287128571
15,MTL,0.325,low-level,0.015907150245477515
15,MTL,0.35,alexnet conv1,0.002597894338798433
15,MTL,0.35,alexnet conv4,0.03734520130821336
15,MTL,0.35,resnet50 avgpool,0.05326045771538672
15,MTL,0.35,clip ln_post,0.04542781131804205
15,MTL,0.35,category,0.028804739139409414
15,MTL,0.35,low-level,0.021138074752316816
15,MTL,0.375,alexnet conv1,-0.007088509774832479
15,MTL,0.375,alexnet conv4,0.025269515700269148
15,MTL,0.375,resnet50 avgpool,0.028099336153040423
15,MTL,0.375,clip ln_post,0.022329340616970925
15,MTL,0.375,category,0.0028348125044729213
15,MTL,0.375,low-level,0.0017612553281903928
15,MTL,0.4,alexnet conv1,0.022110181063300052
15,MTL,0.4,alexnet conv4,0.024529680240659962
15,MTL,0.4,resnet50 avgpool,0.029633006803221864
15,MTL,0.4,clip ln_post,0.021081333231368387
15,MTL,0.4,category,0.012385657318200481
15,MTL,0.4,low-level,0.005856964405599134
15,MTL,0.425,alexnet conv1,-0.0007911691139413687
15,MTL,0.425,alexnet conv4,0.017966514824984105
15,MTL,0.425,resnet50 avgpool,0.015140080531172419
15,MTL,0.425,clip ln_post,0.007935503794856427
15,MTL,0.425,category,0.0107665798408136
15,MTL,0.425,low-level,0.005378504333007618
15,MTL,0.45,alexnet conv1,-0.0003422485260510773
15,MTL,0.45,alexnet conv4,-0.0055689846345578645
15,MTL,0.45,resnet50 avgpool,-0.00026788190273497773
15,MTL,0.45,clip ln_post,0.0013095043495807877
15,MTL,0.45,category,-0.006870139566209208
15,MTL,0.45,low-level,-0.02040993942235724
15,MTL,0.475,alexnet conv1,-0.02173614098298281
15,MTL,0.475,alexnet conv4,-0.03214596847844922
15,MTL,0.475,resnet50 avgpool,-0.02784262599739619
15,MTL,0.475,clip ln_post,-0.0159730176420235
15,MTL,0.475,category,-0.023774373863015858
15,MTL,0.475,low-level,-0.03077191929964207
15,MTL,0.5,alexnet conv1,-0.004191829597294908
15,MTL,0.5,alexnet conv4,-0.0273497240051697
15,MTL,0.5,resnet50 avgpool,-0.03403037882683969
15,MTL,0.5,clip ln_post,-0.030554948989561154
15,MTL,0.5,category,-0.03282104061386736
15,MTL,0.5,low-level,-0.012963276484267204
15,MTL,0.525,alexnet conv1,-0.00382544139854667
15,MTL,0.525,alexnet conv4,-0.02050953631285939
15,MTL,0.525,resnet50 avgpool,-0.009009286697206149
15,MTL,0.525,clip ln_post,-0.0036502954676607066
15,MTL,0.525,category,-0.018715470205704784
15,MTL,0.525,low-level,-0.00414132234617218
15,MTL,0.55,alexnet conv1,0.009138717871215233
15,MTL,0.55,alexnet conv4,-0.0005701795523836794
15,MTL,0.55,resnet50 avgpool,0.01579292456833787
15,MTL,0.55,clip ln_post,0.015692799295276852
15,MTL,0.55,category,-0.004113331969577487
15,MTL,0.55,low-level,0.008016111131687962
15,MTL,0.575,alexnet conv1,0.018530434332783122
15,MTL,0.575,alexnet conv4,-0.005179379821668052
15,MTL,0.575,resnet50 avgpool,0.009447599360858148
15,MTL,0.575,clip ln_post,0.0122710711683108
15,MTL,0.575,category,-0.009670706013581115
15,MTL,0.575,low-level,0.01139744537858185
15,MTL,0.6,alexnet conv1,0.020505181989516015
15,MTL,0.6,alexnet conv4,0.007469336671370819
15,MTL,0.6,resnet50 avgpool,0.017484695979114406
15,MTL,0.6,clip ln_post,0.024493416765712626
15,MTL,0.6,category,-0.0027263666569863733
15,MTL,0.6,low-level,0.008612366685536369
15,MTL,0.625,alexnet conv1,0.025341287127541526
15,MTL,0.625,alexnet conv4,0.039891125678317554
15,MTL,0.625,resnet50 avgpool,0.044492744946620096
15,MTL,0.625,clip ln_post,0.04804885461223976
15,MTL,0.625,category,0.019476493696838456
15,MTL,0.625,low-level,0.007917772371608
15,MTL,0.65,alexnet conv1,0.0055340566143096265
15,MTL,0.65,alexnet conv4,0.028566463386297637
15,MTL,0.65,resnet50 avgpool,0.030496986389406556
15,MTL,0.65,clip ln_post,0.04477118966776517
15,MTL,0.65,category,0.039822456732297125
15,MTL,0.65,low-level,0.005825536919803411
15,MTL,0.675,alexnet conv1,0.01523643785665662
15,MTL,0.675,alexnet conv4,0.05130380716129512
15,MTL,0.675,resnet50 avgpool,0.039559154837405484
15,MTL,0.675,clip ln_post,0.06773481166267635
15,MTL,0.675,category,0.041348308832020134
15,MTL,0.675,low-level,0.018845197300238342
15,MTL,0.7,alexnet conv1,0.005427226682071726
15,MTL,0.7,alexnet conv4,0.03281266000487092
15,MTL,0.7,resnet50 avgpool,0.033635254993685575
15,MTL,0.7,clip ln_post,0.05015888109142289
15,MTL,0.7,category,0.02464955087781958
15,MTL,0.7,low-level,0.015703072147648545
15,MTL,0.725,alexnet conv1,0.01026111841267075
15,MTL,0.725,alexnet conv4,0.019670216727318543
15,MTL,0.725,resnet50 avgpool,0.012605081437026324
15,MTL,0.725,clip ln_post,-0.004190489309828506
15,MTL,0.725,category,0.0027225615395307053
15,MTL,0.725,low-level,0.018132132149663614
15,MTL,0.75,alexnet conv1,0.016148967423204815
15,MTL,0.75,alexnet conv4,0.005860795179150943
15,MTL,0.75,resnet50 avgpool,-0.004630284022121239
15,MTL,0.75,clip ln_post,-0.0030330866456927145
15,MTL,0.75,category,-0.0216111645894684
15,MTL,0.75,low-level,0.012436525789824317
15,MTL,0.775,alexnet conv1,0.004832565941434542
15,MTL,0.775,alexnet conv4,-0.010458746377067661
15,MTL,0.775,resnet50 avgpool,-0.025999178184697644
15,MTL,0.775,clip ln_post,-0.02038809853597565
15,MTL,0.775,category,-0.036015436717900945
15,MTL,0.775,low-level,0.014824065876984758
15,MTL,0.8,alexnet conv1,0.01048562783975018
15,MTL,0.8,alexnet conv4,-0.010390266064331171
15,MTL,0.8,resnet50 avgpool,-0.027114932060183963
15,MTL,0.8,clip ln_post,-0.018644126794596594
15,MTL,0.8,category,-0.03050372408336534
15,MTL,0.8,low-level,0.01099940738674178
15,MTL,0.825,alexnet conv1,0.0055937928400657914
15,MTL,0.825,alexnet conv4,0.01510473044924606
15,MTL,0.825,resnet50 avgpool,0.00373915072736241
15,MTL,0.825,clip ln_post,0.011877643636481357
15,MTL,0.825,category,-0.0032552779833242744
15,MTL,0.825,low-level,0.013738676278486685
15,MTL,0.85,alexnet conv1,-0.0016614941235998152
15,MTL,0.85,alexnet conv4,0.01871009729017845
15,MTL,0.85,resnet50 avgpool,0.004374698290337041
15,MTL,0.85,clip ln_post,0.027015186964817743
15,MTL,0.85,category,-0.003036483729623344
15,MTL,0.85,low-level,-0.004999757137333612
15,MTL,0.875,alexnet conv1,-0.024119491060888308
15,MTL,0.875,alexnet conv4,-0.007257659852413216
15,MTL,0.875,resnet50 avgpool,-0.007513081270108985
15,MTL,0.875,clip ln_post,0.014475908487439973
15,MTL,0.875,category,0.004594679327719534
15,MTL,0.875,low-level,-0.01476549756999439
15,MTL,0.9,alexnet conv1,-0.023849473075003753
15,MTL,0.9,alexnet conv4,-0.01692417229580959
15,MTL,0.9,resnet50 avgpool,-0.01902568666084312
15,MTL,0.9,clip ln_post,0.0057326350229435314
15,MTL,0.9,category,0.022082999153971276
15,MTL,0.9,low-level,-0.028332594499867487
15,MTL,0.925,alexnet conv1,-0.03565304005420742
15,MTL,0.925,alexnet conv4,-0.01855776846467004
15,MTL,0.925,resnet50 avgpool,-0.013501823963705844
15,MTL,0.925,clip ln_post,-0.011649123012537333
15,MTL,0.925,category,-0.0020833018069784225
15,MTL,0.925,low-level,-0.033780439378192195
15,MTL,0.95,alexnet conv1,-0.016977025049998522
15,MTL,0.95,alexnet conv4,-0.01916384420168574
15,MTL,0.95,resnet50 avgpool,-0.002074512083168343
15,MTL,0.95,clip ln_post,0.0029501450822520246
15,MTL,0.95,category,0.005064611333494575
15,MTL,0.95,low-level,-0.012873151817686265
15,MTL,0.975,alexnet conv1,-0.020674411002296094
15,MTL,0.975,alexnet conv4,-0.0057241486835528975
15,MTL,0.975,resnet50 avgpool,0.014370338296546699
15,MTL,0.975,clip ln_post,0.016963504577996707
15,MTL,0.975,category,0.011091917383273243
15,MTL,0.975,low-level,-0.017425584791263247
15,MTL,1.0,alexnet conv1,-0.02000937872598305
15,MTL,1.0,alexnet conv4,-0.010879487098792358
15,MTL,1.0,resnet50 avgpool,0.002655022481131395
15,MTL,1.0,clip ln_post,0.00688333302790244
15,MTL,1.0,category,0.015511561308032032
15,MTL,1.0,low-level,-0.012994046713709212
15,MTL,1.025,alexnet conv1,-0.017715869792309828
15,MTL,1.025,alexnet conv4,0.0058650286833116455
15,MTL,1.025,resnet50 avgpool,-0.0018516409642058964
15,MTL,1.025,clip ln_post,-0.005492183907441604
15,MTL,1.025,category,0.012081247921747014
15,MTL,1.025,low-level,-0.004058068263778986
15,MTL,1.05,alexnet conv1,-0.01595333055893828
15,MTL,1.05,alexnet conv4,-0.008048750031155242
15,MTL,1.05,resnet50 avgpool,-0.016541067554947345
15,MTL,1.05,clip ln_post,-0.01109517994738186
15,MTL,1.05,category,0.010034094730597442
15,MTL,1.05,low-level,-0.01118382578716694
15,MTL,1.075,alexnet conv1,-0.03216289766232473
15,MTL,1.075,alexnet conv4,-0.01579545854932904
15,MTL,1.075,resnet50 avgpool,-0.027603900179822765
15,MTL,1.075,clip ln_post,-0.03079310292966994
15,MTL,1.075,category,-0.012653918098825101
15,MTL,1.075,low-level,0.0033546412621363363
15,MTL,1.1,alexnet conv1,-0.01548574260186449
15,MTL,1.1,alexnet conv4,-0.0160057209783882
15,MTL,1.1,resnet50 avgpool,-0.025672584602875533
15,MTL,1.1,clip ln_post,-0.023812194718922004
15,MTL,1.1,category,-0.018306420079220433
15,MTL,1.1,low-level,-0.005624021799569444
15,MTL,1.125,alexnet conv1,0.001960927553158056
15,MTL,1.125,alexnet conv4,0.007059276365394016
15,MTL,1.125,resnet50 avgpool,-0.007125153427474609
15,MTL,1.125,clip ln_post,-0.011595820810988875
15,MTL,1.125,category,-0.0060292086085065024
15,MTL,1.125,low-level,0.01123225494834777
15,MTL,1.15,alexnet conv1,-0.001540536401601881
15,MTL,1.15,alexnet conv4,0.0018203149665236146
15,MTL,1.15,resnet50 avgpool,-0.0034041513522714414
15,MTL,1.15,clip ln_post,-0.007507140188166568
15,MTL,1.15,category,0.012792804885956997
15,MTL,1.15,low-level,-0.0032380185324125455
15,MTL,1.175,alexnet conv1,0.0003581547741799909
15,MTL,1.175,alexnet conv4,0.002316462967457795
15,MTL,1.175,resnet50 avgpool,0.00671789129376841
15,MTL,1.175,clip ln_post,0.019728467682589103
15,MTL,1.175,category,0.0164951841703223
15,MTL,1.175,low-level,-0.002418244268782589
15,MTL,1.2,alexnet conv1,-0.002997994311356047
15,MTL,1.2,alexnet conv4,0.024040180516617413
15,MTL,1.2,resnet50 avgpool,0.0038923623383655204
15,MTL,1.2,clip ln_post,0.011477782080444211
15,MTL,1.2,category,0.04041224993792573
15,MTL,1.2,low-level,-0.01742870998078827
15,MFC,-0.2,alexnet conv1,0.04404647915890363
15,MFC,-0.2,alexnet conv4,0.006133467965209334
15,MFC,-0.2,resnet50 avgpool,0.003985335115812565
15,MFC,-0.2,clip ln_post,0.0011640138898114107
15,MFC,-0.2,category,0.019094079392543786
15,MFC,-0.2,low-level,0.007569602094683733
15,MFC,-0.175,alexnet conv1,0.033405447242715526
15,MFC,-0.175,alexnet conv4,-0.005050766996256243
15,MFC,-0.175,resnet50 avgpool,-0.005155254647272811
15,MFC,-0.175,clip ln_post,0.02130882286495364
15,MFC,-0.175,category,0.018140897469898862
15,MFC,-0.175,low-level,0.0036319825014130376
15,MFC,-0.15,alexnet conv1,0.010510856496013792
15,MFC,-0.15,alexnet conv4,-0.021742404249412345
15,MFC,-0.15,resnet50 avgpool,-0.03273352827299038
15,MFC,-0.15,clip ln_post,-0.004416066778482727
15,MFC,-0.15,category,0.006396402442978498
15,MFC,-0.15,low-level,-0.005433747696090951
15,MFC,-0.125,alexnet conv1,0.008814371526190752
15,MFC,-0.125,alexnet conv4,-0.009801567347628068
15,MFC,-0.125,resnet50 avgpool,-0.018553902250824646
15,MFC,-0.125,clip ln_post,-0.0034394128334638446
15,MFC,-0.125,category,0.017872636689274246
15,MFC,-0.125,low-level,-0.0017985997320920006
15,MFC,-0.1,alexnet conv1,0.0028689513696539383
15,MFC,-0.1,alexnet conv4,-0.012044287118752332
15,MFC,-0.1,resnet50 avgpool,-0.016230043538465105
15,MFC,-0.1,clip ln_post,-0.0031110826772561754
15,MFC,-0.1,category,0.0262039413584601
15,MFC,-0.1,low-level,0.006637459547482351
15,MFC,-0.075,alexnet conv1,0.0012061749517954016
15,MFC,-0.075,alexnet conv4,0.0010954514200307046
15,MFC,-0.075,resnet50 avgpool,-0.008346799678341317
15,MFC,-0.075,clip ln_post,0.012956512220960205
15,MFC,-0.075,category,0.017632914289567137
15,MFC,-0.075,low-level,0.01363864121708206
15,MFC,-0.05,alexnet conv1,0.0025201657203592787
15,MFC,-0.05,alexnet conv4,0.018032032651361565
15,MFC,-0.05,resnet50 avgpool,0.0031315542795675214
15,MFC,-0.05,clip ln_post,0.02626614991625652
15,MFC,-0.05,category,0.03976918508791777
15,MFC,-0.05,low-level,0.023161767065409924
15,MFC,-0.025,alexnet conv1,0.00931144902937026
15,MFC,-0.025,alexnet conv4,0.034185541264912286
15,MFC,-0.025,resnet50 avgpool,0.01870858946677875
15,MFC,-0.025,clip ln_post,0.04126880265444965
15,MFC,-0.025,category,0.04270483320496591
15,MFC,-0.025,low-level,0.015344899653321762
15,MFC,-0.0,alexnet conv1,0.003394841831516226
15,MFC,-0.0,alexnet conv4,0.018622250467921417
15,MFC,-0.0,resnet50 avgpool,0.007585389134552414
15,MFC,-0.0,clip ln_post,0.039931327858619886
15,MFC,-0.0,category,0.024660966230186585
15,MFC,-0.0,low-level,0.011258313229665707
15,MFC,0.025,alexnet conv1,-0.001580695086998446
15,MFC,0.025,alexnet conv4,0.004033997860746556
15,MFC,0.025,resnet50 avgpool,0.005705664959527057
15,MFC,0.025,clip ln_post,0.02738951217840608
15,MFC,0.025,category,0.016304928297538882
15,MFC,0.025,low-level,0.010250591034554236
15,MFC,0.05,alexnet conv1,0.0136274598044567
15,MFC,0.05,alexnet conv4,0.0027826429783228868
15,MFC,0.05,resnet50 avgpool,0.0035152566726533705
15,MFC,0.05,clip ln_post,0.02660902348021261
15,MFC,0.05,category,0.009522306432810048
15,MFC,0.05,low-level,0.030096699549846416
15,MFC,0.075,alexnet conv1,0.00264348988741508
15,MFC,0.075,alexnet conv4,0.00010964260281042303
15,MFC,0.075,resnet50 avgpool,0.009325348068144442
15,MFC,0.075,clip ln_post,0.02731162891141311
15,MFC,0.075,category,0.008264715113711657
15,MFC,0.075,low-level,0.01849323007913341
15,MFC,0.1,alexnet conv1,0.008322397425287158
15,MFC,0.1,alexnet conv4,0.011287232509229233
15,MFC,0.1,resnet50 avgpool,0.0163253006039258
15,MFC,0.1,clip ln_post,0.029915825178779536
15,MFC,0.1,category,0.01747309935642907
15,MFC,0.1,low-level,0.016176351493687235
15,MFC,0.125,alexnet conv1,0.00599941988749988
15,MFC,0.125,alexnet conv4,0.0009558118305473527
15,MFC,0.125,resnet50 avgpool,0.005262849767667612
15,MFC,0.125,clip ln_post,0.014629627539010294
15,MFC,0.125,category,0.005620158482022155
15,MFC,0.125,low-level,0.005346814266854895
15,MFC,0.15,alexnet conv1,-0.002153827460206543
15,MFC,0.15,alexnet conv4,-0.015105321657779917
15,MFC,0.15,resnet50 avgpool,-0.010860512043423665
15,MFC,0.15,clip ln_post,0.0036796883584202934
15,MFC,0.15,category,0.0026769001300626853
15,MFC,0.15,low-level,-0.0009405273984785728
15,MFC,0.175,alexnet conv1,-0.0038668549925205526
15,MFC,0.175,alexnet conv4,0.0014364514811942078
15,MFC,0.175,resnet50 avgpool,0.0038167359737047973
15,MFC,0.175,clip ln_post,0.03305527942197114
15,MFC,0.175,category,0.013538607907267991
15,MFC,0.175,low-level,-0.005109957119306747
15,MFC,0.2,alexnet conv1,-0.018402722013012802
15,MFC,0.2,alexnet conv4,-0.008802300884380953
15,MFC,0.2,resnet50 avgpool,-0.01307407411846394
15,MFC,0.2,clip ln_post,0.009820598785282006
15,MFC,0.2,category,-0.005882711586463271
15,MFC,0.2,low-level,-0.012010829870687778
15,MFC,0.225,alexnet conv1,0.00029749226802336756
15,MFC,0.225,alexnet conv4,0.0021716845354049436
15,MFC,0.225,resnet50 avgpool,-0.008709859711337649
15,MFC,0.225,clip ln_post,0.015420579178422858
15,MFC,0.225,category,-0.0014744830140714861
15,MFC,0.225,low-level,-0.008836315511608218
15,MFC,0.25,alexnet conv1,-0.00729021337299141
15,MFC,0.25,alexnet conv4,-0.0035754439566914984
15,MFC,0.25,resnet50 avgpool,-0.009404893807090932
15,MFC,0.25,clip ln_post,0.00623882390341868
15,MFC,0.25,category,-0.002678802688790519
15,MFC,0.25,low-level,-0.01746295496992382
15,MFC,0.275,alexnet conv1,-0.0003293450373420842
15,MFC,0.275,alexnet conv4,-0.012260957797260231
15,MFC,0.275,resnet50 avgpool,-0.011211235632408327
15,MFC,0.275,clip ln_post,-0.0004589034742235786
15,MFC,0.275,category,-0.018721177881888287
15,MFC,0.275,low-level,-0.009914694375666649
15,MFC,0.3,alexnet conv1,0.007830761618095037
15,MFC,0.3,alexnet conv4,-0.00974285566854093
15,MFC,0.3,resnet50 avgpool,-0.0058859239582235495
15,MFC,0.3,clip ln_post,-0.003022886284830624
15,MFC,0.3,category,-0.023905650415236415
15,MFC,0.3,low-level,-0.0035402436905516465
15,MFC,0.325,alexnet conv1,0.03154655390570465
15,MFC,0.325,alexnet conv4,-0.0074355814026556815
15,MFC,0.325,resnet50 avgpool,0.00033375252112583014
15,MFC,0.325,clip ln_post,-0.01117534105869874
15,MFC,0.325,category,-0.021285827047008755
15,MFC,0.325,low-level,-0.0032183121182581
15,MFC,0.35,alexnet conv1,0.022389225047591162
15,MFC,0.35,alexnet conv4,0.0011192221914901183
15,MFC,0.35,resnet50 avgpool,0.010662887300871624
15,MFC,0.35,clip ln_post,0.016747156083975923
15,MFC,0.35,category,-0.015372674520900138
15,MFC,0.35,low-level,-0.009059149579354647
15,MFC,0.375,alexnet conv1,0.013508204827473174
15,MFC,0.375,alexnet conv4,-0.0034806991645653157
15,MFC,0.375,resnet50 avgpool,0.022891581543592065
15,MFC,0.375,clip ln_post,0.017056786652551382
15,MFC,0.375,category,-0.016032862399458597
15,MFC,0.375,low-level,-0.009663846366765491
15,MFC,0.4,alexnet conv1,0.01405863608171908
15,MFC,0.4,alexnet conv4,0.0038723659581726706
15,MFC,0.4,resnet50 avgpool,0.01621074146584199
15,MFC,0.4,clip ln_post,0.009504767776251997
15,MFC,0.4,category,-0.015551515041316548
15,MFC,0.4,low-level,-0.015337302543115567
15,MFC,0.425,alexnet conv1,-0.010394910353712948
15,MFC,0.425,alexnet conv4,-0.014528795071000055
15,MFC,0.425,resnet50 avgpool,-0.004579090518040953
15,MFC,0.425,clip ln_post,0.0009234645080409129
15,MFC,0.425,category,-0.02410351652293117
15,MFC,0.425,low-level,-0.0180012189270138
15,MFC,0.45,alexnet conv1,0.00852166208687862
15,MFC,0.45,alexnet conv4,-0.009163464861670606
15,MFC,0.45,resnet50 avgpool,-0.01317534314645422
15,MFC,0.45,clip ln_post,-0.012309678535401904
15,MFC,0.45,category,-0.03268025126800764
15,MFC,0.45,low-level,-0.0019057389614375328
15,MFC,0.475,alexnet conv1,0.01437498419685091
15,MFC,0.475,alexnet conv4,-0.005267071995371266
15,MFC,0.475,resnet50 avgpool,-0.007247994317799737
15,MFC,0.475,clip ln_post,0.00515909991912654
15,MFC,0.475,category,-0.028711513761745546
15,MFC,0.475,low-level,-0.0002199070216809798
15,MFC,0.5,alexnet conv1,-0.005603374606712619
15,MFC,0.5,alexnet conv4,-0.007942527416675555
15,MFC,0.5,resnet50 avgpool,-0.007176195504845951
15,MFC,0.5,clip ln_post,-6.666963591889993e-05
15,MFC,0.5,category,-0.028968359190003155
15,MFC,0.5,low-level,-0.007559110156860803
15,MFC,0.525,alexnet conv1,0.0057621149035146394
15,MFC,0.525,alexnet conv4,-0.005394207604909649
15,MFC,0.525,resnet50 avgpool,0.001275625039838112
15,MFC,0.525,clip ln_post,0.0004812501902499397
15,MFC,0.525,category,-0.017948739038387614
15,MFC,0.525,low-level,0.0009073955567460059
15,MFC,0.55,alexnet conv1,0.034342350065714046
15,MFC,0.55,alexnet conv4,0.0007323720559651467
15,MFC,0.55,resnet50 avgpool,-5.525463954038244e-07
15,MFC,0.55,clip ln_post,-0.006094105075495945
15,MFC,0.55,category,-0.01930526341133338
15,MFC,0.55,low-level,0.023642134470165162
15,MFC,0.575,alexnet conv1,0.042890713191962394
15,MFC,0.575,alexnet conv4,0.015102850502763738
15,MFC,0.575,resnet50 avgpool,0.0013501479226304628
15,MFC,0.575,clip ln_post,-0.013700879205380679
15,MFC,0.575,category,-0.01959825745541984
15,MFC,0.575,low-level,0.030279213839952725
15,MFC,0.6,alexnet conv1,0.042102440516560195
15,MFC,0.6,alexnet conv4,0.003030725033402155
15,MFC,0.6,resnet50 avgpool,-0.0009437685744189591
15,MFC,0.6,clip ln_post,-0.01223262811530813
15,MFC,0.6,category,-0.005890321821374607
15,MFC,0.6,low-level,0.023907886733440305
15,MFC,0.625,alexnet conv1,0.051420330013827904
15,MFC,0.625,alexnet conv4,0.002808353300394738
15,MFC,0.625,resnet50 avgpool,0.0042500370576597085
15,MFC,0.625,clip ln_post,-0.0017778365528198145
15,MFC,0.625,category,0.005072221568405912
15,MFC,0.625,low-level,0.026463826208326505
15,MFC,0.65,alexnet conv1,0.025661158330039964
15,MFC,0.65,alexnet conv4,-0.017954597220805685
15,MFC,0.65,resnet50 avgpool,-0.007079818848292527
15,MFC,0.65,clip ln_post,-0.03839830641017998
15,MFC,0.65,category,-0.032495703071407714
15,MFC,0.65,low-level,0.006863019295989781
15,MFC,0.675,alexnet conv1,0.033973988486982215
15,MFC,0.675,alexnet conv4,-0.011894176533437713
15,MFC,0.675,resnet50 avgpool,-0.005225329773220527
15,MFC,0.675,clip ln_post,-0.026019272831159065
15,MFC,0.675,category,-0.036243743765241046
15,MFC,0.675,low-level,0.014758857347714928
15,MFC,0.7,alexnet conv1,0.0256569038838876
15,MFC,0.7,alexnet conv4,-0.00457414981893103
15,MFC,0.7,resnet50 avgpool,0.006028706457378718
15,MFC,0.7,clip ln_post,-0.010716461748311696
15,MFC,0.7,category,-0.022024019833408414
15,MFC,0.7,low-level,0.017995661244611046
15,MFC,0.725,alexnet conv1,0.011156670467670373
15,MFC,0.725,alexnet conv4,-0.009498270926069308
15,MFC,0.725,resnet50 avgpool,0.01874692942074554
15,MFC,0.725,clip ln_post,0.0023527055004134664
15,MFC,0.725,category,-0.012950717260367233
15,MFC,0.725,low-level,0.008150950172313286
15,MFC,0.75,alexnet conv1,-0.010117921906449636
15,MFC,0.75,alexnet conv4,-0.0037346401445427866
15,MFC,0.75,resnet50 avgpool,0.024144305710085977
15,MFC,0.75,clip ln_post,0.026171055553961823
15,MFC,0.75,category,-4.566140946802021e-05
15,MFC,0.75,low-level,-0.001112193736903684
15,MFC,0.775,alexnet conv1,-0.017096326743732685
15,MFC,0.775,alexnet conv4,-0.0002016182192698439
15,MFC,0.775,resnet50 avgpool,0.032718406544087586
15,MFC,0.775,clip ln_post,0.04528867594728103
15,MFC,0.775,category,0.016367712735557413
15,MFC,0.775,low-level,0.010644796641920064
15,MFC,0.8,alexnet conv1,-0.007791709636411715
15,MFC,0.8,alexnet conv4,0.012407656448856294
15,MFC,0.8,resnet50 avgpool,0.043961243641914685
15,MFC,0.8,clip ln_post,0.053847700158208056
15,MFC,0.8,category,0.027522414556849183
15,MFC,0.8,low-level,0.010673290637960596
15,MFC,0.825,alexnet conv1,-0.0002857083704071023
15,MFC,0.825,alexnet conv4,0.029638203638999043
15,MFC,0.825,resnet50 avgpool,0.0399665716196655
15,MFC,0.825,clip ln_post,0.04990919616852023
15,MFC,0.825,category,0.03452573323400678
15,MFC,0.825,low-level,0.005633880644875191
15,MFC,0.85,alexnet conv1,0.016713855095387614
15,MFC,0.85,alexnet conv4,0.020206940642560105
15,MFC,0.85,resnet50 avgpool,0.03543839430520104
15,MFC,0.85,clip ln_post,0.05634902775160566
15,MFC,0.85,category,0.022280865261666033
15,MFC,0.85,low-level,0.00471157439006546
15,MFC,0.875,alexnet conv1,0.026537543629901066
15,MFC,0.875,alexnet conv4,0.016359719572684398
15,MFC,0.875,resnet50 avgpool,0.025506736916287735
15,MFC,0.875,clip ln_post,0.03895575484255528
15,MFC,0.875,category,0.011858648550590416
15,MFC,0.875,low-level,0.01718177006971583
15,MFC,0.9,alexnet conv1,0.03736263148896633
15,MFC,0.9,alexnet conv4,0.040331698466146676
15,MFC,0.9,resnet50 avgpool,0.047290931715523885
15,MFC,0.9,clip ln_post,0.06618661210304842
15,MFC,0.9,category,0.02614496203789724
15,MFC,0.9,low-level,0.02770361144581784
15,MFC,0.925,alexnet conv1,0.02592772733098995
15,MFC,0.925,alexnet conv4,0.028315591213559938
15,MFC,0.925,resnet50 avgpool,0.032069006659089405
15,MFC,0.925,clip ln_post,0.04314730736119126
15,MFC,0.925,category,0.015698012063359783
15,MFC,0.925,low-level,0.020160821544151893
15,MFC,0.95,alexnet conv1,0.032072101241088155
15,MFC,0.95,alexnet conv4,0.018654810432189358
15,MFC,0.95,resnet50 avgpool,0.035221079257718904
15,MFC,0.95,clip ln_post,0.030267726352064605
15,MFC,0.95,category,0.015502048514392863
15,MFC,0.95,low-level,0.02401191688248517
15,MFC,0.975,alexnet conv1,0.029745963073482273
15,MFC,0.975,alexnet conv4,-7.239646517738563e-05
15,MFC,0.975,resnet50 avgpool,0.022051789957777596
15,MFC,0.975,clip ln_post,0.011034862178626453
15,MFC,0.975,category,-0.0033408931260768123
15,MFC,0.975,low-level,0.02458200944505733
15,MFC,1.0,alexnet conv1,0.021551965831845425
15,MFC,1.0,alexnet conv4,-0.004636711602639202
15,MFC,1.0,resnet50 avgpool,0.011752054512481132
15,MFC,1.0,clip ln_post,0.008878805201769067
15,MFC,1.0,category,-0.014309144192040834
15,MFC,1.0,low-level,0.03345328036259519
15,MFC,1.025,alexnet conv1,0.019679115462852687
15,MFC,1.025,alexnet conv4,0.013404079634004612
15,MFC,1.025,resnet50 avgpool,0.012887762884176972
15,MFC,1.025,clip ln_post,0.03211104690189073
15,MFC,1.025,category,-0.009267363563280269
15,MFC,1.025,low-level,0.023213952897710527
15,MFC,1.05,alexnet conv1,0.021877296450478045
15,MFC,1.05,alexnet conv4,0.029972982317716335
15,MFC,1.05,resnet50 avgpool,0.028438807448812557
15,MFC,1.05,clip ln_post,0.0289013677169649
15,MFC,1.05,category,0.006955754708961746
15,MFC,1.05,low-level,0.017076383523980207
15,MFC,1.075,alexnet conv1,-0.0023107812440275053
15,MFC,1.075,alexnet conv4,0.01821915256871119
15,MFC,1.075,resnet50 avgpool,0.03125078371376492
15,MFC,1.075,clip ln_post,0.035475308592812345
15,MFC,1.075,category,0.021651118322752915
15,MFC,1.075,low-level,0.004812988401074942
15,MFC,1.1,alexnet conv1,0.004876254157887463
15,MFC,1.1,alexnet conv4,0.013823037064593119
15,MFC,1.1,resnet50 avgpool,0.033832240200030686
15,MFC,1.1,clip ln_post,0.030844837703688583
15,MFC,1.1,category,0.020473434470223564
15,MFC,1.1,low-level,-0.007937377297649005
15,MFC,1.125,alexnet conv1,0.01852007771244478
15,MFC,1.125,alexnet conv4,0.007173137974063222
15,MFC,1.125,resnet50 avgpool,0.013972983335819313
15,MFC,1.125,clip ln_post,0.023071402371386083
15,MFC,1.125,category,0.015688499269720612
15,MFC,1.125,low-level,0.0076914087728052185
15,MFC,1.15,alexnet conv1,0.006128081040584756
15,MFC,1.15,alexnet conv4,-0.004201881753292926
15,MFC,1.15,resnet50 avgpool,-0.0060577964947204155
15,MFC,1.15,clip ln_post,0.012149361145535453
15,MFC,1.15,category,0.0041513831441341706
15,MFC,1.15,low-level,-0.0024759346230455678
15,MFC,1.175,alexnet conv1,0.02962184149982086
15,MFC,1.175,alexnet conv4,0.019078505585660908
15,MFC,1.175,resnet50 avgpool,-0.0010450150494951409
15,MFC,1.175,clip ln_post,0.02945604375182856
15,MFC,1.175,category,0.027343574036432772
15,MFC,1.175,low-level,0.024150947543287872
15,MFC,1.2,alexnet conv1,0.03050904253291443
15,MFC,1.2,alexnet conv4,0.025070924404255755
15,MFC,1.2,resnet50 avgpool,0.013438189305655573
15,MFC,1.2,clip ln_post,0.03499306124157478
15,MFC,1.2,category,0.0329903683406446
15,MFC,1.2,low-level,0.020421376971649852
16,MTL,-0.2,alexnet conv1,0.01922243164469369
16,MTL,-0.2,alexnet conv4,-0.026901458987471427
16,MTL,-0.2,resnet50 avgpool,-0.03812548378269892
16,MTL,-0.2,clip ln_post,0.004208842935521548
16,MTL,-0.2,category,-0.029188934753808533
16,MTL,-0.2,low-level,0.025325581507725497
16,MTL,-0.175,alexnet conv1,0.005862866856858635
16,MTL,-0.175,alexnet conv4,-0.022633720588817036
16,MTL,-0.175,resnet50 avgpool,-0.0229611469307896
16,MTL,-0.175,clip ln_post,-0.00657638158428714
16,MTL,-0.175,category,-0.010025860737191184
16,MTL,-0.175,low-level,0.025250555518290307
16,MTL,-0.15,alexnet conv1,0.024101672193798263
16,MTL,-0.15,alexnet conv4,-0.007066984641560377
16,MTL,-0.15,resnet50 avgpool,-0.02447428776089048
16,MTL,-0.15,clip ln_post,0.002777132802430578
16,MTL,-0.15,category,-0.0009365827978104305
16,MTL,-0.15,low-level,0.01871643108071905
16,MTL,-0.125,alexnet conv1,0.0106889982930881
16,MTL,-0.125,alexnet conv4,-0.0023195279124445353
16,MTL,-0.125,resnet50 avgpool,-0.010544757234964886
16,MTL,-0.125,clip ln_post,0.014490282330484711
16,MTL,-0.125,category,-0.0053724454189362095
16,MTL,-0.125,low-level,0.01852535047960367
16,MTL,-0.1,alexnet conv1,-0.0013246687959452795
16,MTL,-0.1,alexnet conv4,0.0005540399658666761
16,MTL,-0.1,resnet50 avgpool,-0.01260471430704381
16,MTL,-0.1,clip ln_post,0.007433953091168228
16,MTL,-0.1,category,-2.5811336947531546e-05
16,MTL,-0.1,low-level,0.0026146235854257356
16,MTL,-0.075,alexnet conv1,0.032575231357775895
16,MTL,-0.075,alexnet conv4,0.024482076606035706
16,MTL,-0.075,resnet50 avgpool,-0.0026216056995017676
16,MTL,-0.075,clip ln_post,0.0210685517473754
16,MTL,-0.075,category,0.003093673099854138
16,MTL,-0.075,low-level,0.02676044894870656
16,MTL,-0.05,alexnet conv1,0.034367406950942314
16,MTL,-0.05,alexnet conv4,0.0028965945219766235
16,MTL,-0.05,resnet50 avgpool,-0.020246275748542007
16,MTL,-0.05,clip ln_post,0.005025737997172591
16,MTL,-0.05,category,-0.021478719674195894
16,MTL,-0.05,low-level,0.007518512430497251
16,MTL,-0.025,alexnet conv1,-0.00016006035822626946
16,MTL,-0.025,alexnet conv4,-0.0031716816264091485
16,MTL,-0.025,resnet50 avgpool,-0.028799259019560482
16,MTL,-0.025,clip ln_post,0.007807711186018343
16,MTL,-0.025,category,-0.021054676281486447
16,MTL,-0.025,low-level,-0.007950498490184376
16,MTL,-0.0,alexnet conv1,-0.022462914736552344
16,MTL,-0.0,alexnet conv4,-0.014102650099277064
16,MTL,-0.0,resnet50 avgpool,-0.02180275073181155
16,MTL,-0.0,clip ln_post,-0.010665951174014839
16,MTL,-0.0,category,-0.02996696219608413
16,MTL,-0.0,low-level,-0.011517924704390394
16,MTL,0.025,alexnet conv1,-0.032967278086915484
16,MTL,0.025,alexnet conv4,-0.010670296055560101
16,MTL,0.025,resnet50 avgpool,-0.014428880677431324
16,MTL,0.025,clip ln_post,-0.0019937846489970447
16,MTL,0.025,category,-0.014387976681324015
16,MTL,0.025,low-level,-0.006293169838020686
16,MTL,0.05,alexnet conv1,-0.04437322278578735
16,MTL,0.05,alexnet conv4,-0.019277522777048445
16,MTL,0.05,resnet50 avgpool,-0.009447594790695875
16,MTL,0.05,clip ln_post,0.0025959254429793062
16,MTL,0.05,category,-0.004904154020030994
16,MTL,0.05,low-level,-0.015476713769113894
16,MTL,0.075,alexnet conv1,-0.04324499505273196
16,MTL,0.075,alexnet conv4,-0.02770775188293898
16,MTL,0.075,resnet50 avgpool,-0.017677693165202388
16,MTL,0.075,clip ln_post,0.0006121368880934603
16,MTL,0.075,category,-0.001994847612659224
16,MTL,0.075,low-level,-0.015877036658105487
16,MTL,0.1,alexnet conv1,-0.018732823692241843
16,MTL,0.1,alexnet conv4,0.0026508691523975596
16,MTL,0.1,resnet50 avgpool,0.026234837039095498
16,MTL,0.1,clip ln_post,0.01775040543355079
16,MTL,0.1,category,0.011047252213543503
16,MTL,0.1,low-level,-0.010709445035364714
16,MTL,0.125,alexnet conv1,0.000309833871549904
16,MTL,0.125,alexnet conv4,-0.006087523031762516
16,MTL,0.125,resnet50 avgpool,-0.0061077322593080996
16,MTL,0.125,clip ln_post,-0.0047348438778817194
16,MTL,0.125,category,-0.020859247587455138
16,MTL,0.125,low-level,-0.01135373650394205
16,MTL,0.15,alexnet conv1,0.017500572697157497
16,MTL,0.15,alexnet conv4,-0.01244364246366987
16,MTL,0.15,resnet50 avgpool,-0.006008745947609655
16,MTL,0.15,clip ln_post,-0.016807103394011792
16,MTL,0.15,category,-0.02717565047190107
16,MTL,0.15,low-level,0.010323418076132317
16,MTL,0.175,alexnet conv1,0.0038289299330724435
16,MTL,0.175,alexnet conv4,-0.026547901930003753
16,MTL,0.175,resnet50 avgpool,-0.0036338402471004978
16,MTL,0.175,clip ln_post,-0.04157021725800054
16,MTL,0.175,category,-0.037832045297381954
16,MTL,0.175,low-level,0.008932110017806234
16,MTL,0.2,alexnet conv1,0.035230895850691356
16,MTL,0.2,alexnet conv4,-0.029817542002637396
16,MTL,0.2,resnet50 avgpool,-0.021530255814012533
16,MTL,0.2,clip ln_post,-0.043862656205862695
16,MTL,0.2,category,-0.04386083614155539
16,MTL,0.2,low-level,0.01986718176240681
16,MTL,0.225,alexnet conv1,0.061684271012825885
16,MTL,0.225,alexnet conv4,0.0075006046387937385
16,MTL,0.225,resnet50 avgpool,0.015753213676687906
16,MTL,0.225,clip ln_post,0.011974366591210693
16,MTL,0.225,category,-0.014469098026016257
16,MTL,0.225,low-level,0.017144427548137886
16,MTL,0.25,alexnet conv1,0.05618010054080466
16,MTL,0.25,alexnet conv4,0.04836455136866226
16,MTL,0.25,resnet50 avgpool,0.05271109961212205
16,MTL,0.25,clip ln_post,0.057417679237010945
16,MTL,0.25,category,0.015147567454351373
16,MTL,0.25,low-level,0.024065930321859483
16,MTL,0.275,alexnet conv1,0.05255249710293454
16,MTL,0.275,alexnet conv4,0.06189296865485334
16,MTL,0.275,resnet50 avgpool,0.06070999377629503
16,MTL,0.275,clip ln_post,0.0636595581783734
16,MTL,0.275,category,0.022260434450321134
16,MTL,0.275,low-level,0.021467486403714924
16,MTL,0.3,alexnet conv1,0.08178145303158478
16,MTL,0.3,alexnet conv4,0.0804124345022416
16,MTL,0.3,resnet50 avgpool,0.08084532967003716
16,MTL,0.3,clip ln_post,0.0882454246267886
16,MTL,0.3,category,0.07045757519906183
16,MTL,0.3,low-level,0.03393041670157724
16,MTL,0.325,alexnet conv1,0.06193083177904512
16,MTL,0.325,alexnet conv4,0.09684553409650912
16,MTL,0.325,resnet50 avgpool,0.11096865550855221
16,MTL,0.325,clip ln_post,0.10710066259238811
16,MTL,0.325,category,0.08700264218242955
16,MTL,0.325,low-level,0.033209358833897674
16,MTL,0.35,alexnet conv1,0.08424412042521033
16,MTL,0.35,alexnet conv4,0.12776879316881426
16,MTL,0.35,resnet50 avgpool,0.13252956300811258
16,MTL,0.35,clip ln_post,0.11852805732852112
16,MTL,0.35,category,0.11411929531273626
16,MTL,0.35,low-level,0.04149282021633661
16,MTL,0.375,alexnet conv1,0.08387847878203102
16,MTL,0.375,alexnet conv4,0.13264268554138903
16,MTL,0.375,resnet50 avgpool,0.13071321005335973
16,MTL,0.375,clip ln_post,0.11977566487949115
16,MTL,0.375,category,0.11233462572950695
16,MTL,0.375,low-level,0.05210602264465445
16,MTL,0.4,alexnet conv1,0.07388709810971854
16,MTL,0.4,alexnet conv4,0.12386561121672324
16,MTL,0.4,resnet50 avgpool,0.1230348911596935
16,MTL,0.4,clip ln_post,0.11003280651746973
16,MTL,0.4,category,0.0986140564749691
16,MTL,0.4,low-level,0.048283567035543415
16,MTL,0.425,alexnet conv1,0.04296273336538963
16,MTL,0.425,alexnet conv4,0.0981856823007872
16,MTL,0.425,resnet50 avgpool,0.09879221711729354
16,MTL,0.425,clip ln_post,0.08106552220603026
16,MTL,0.425,category,0.07974965650017318
16,MTL,0.425,low-level,0.03513183992260623
16,MTL,0.45,alexnet conv1,0.01605387047044051
16,MTL,0.45,alexnet conv4,0.06530478995958072
16,MTL,0.45,resnet50 avgpool,0.07472190505815465
16,MTL,0.45,clip ln_post,0.04510618915067108
16,MTL,0.45,category,0.0621094513634602
16,MTL,0.45,low-level,0.017717599735097362
16,MTL,0.475,alexnet conv1,0.0054739201044671695
16,MTL,0.475,alexnet conv4,0.05970218601187295
16,MTL,0.475,resnet50 avgpool,0.08399365295117377
16,MTL,0.475,clip ln_post,0.04417778501788199
16,MTL,0.475,category,0.0635880722371688
16,MTL,0.475,low-level,0.004553763465959102
16,MTL,0.5,alexnet conv1,-0.013102778602936713
16,MTL,0.5,alexnet conv4,0.022363952995343318
16,MTL,0.5,resnet50 avgpool,0.04495497007355339
16,MTL,0.5,clip ln_post,0.01209236227155485
16,MTL,0.5,category,0.03454663083734615
16,MTL,0.5,low-level,0.002168292455000582
16,MTL,0.525,alexnet conv1,0.0002252663420577408
16,MTL,0.525,alexnet conv4,0.03901273234571432
16,MTL,0.525,resnet50 avgpool,0.05133156081822679
16,MTL,0.525,clip ln_post,0.03853491822818269
16,MTL,0.525,category,0.04820451541643999
16,MTL,0.525,low-level,0.012405038129714002
16,MTL,0.55,alexnet conv1,0.0066540898521503565
16,MTL,0.55,alexnet conv4,0.019890056888054144
16,MTL,0.55,resnet50 avgpool,0.02867630419543564
16,MTL,0.55,clip ln_post,0.027052223510534885
16,MTL,0.55,category,0.029299554769297957
16,MTL,0.55,low-level,0.022626107832179297
16,MTL,0.575,alexnet conv1,-0.009296220100478559
16,MTL,0.575,alexnet conv4,0.009369006080295212
16,MTL,0.575,resnet50 avgpool,0.004760008154126421
16,MTL,0.575,clip ln_post,0.019564571614745535
16,MTL,0.575,category,0.025781838276734366
16,MTL,0.575,low-level,0.013118286676840488
16,MTL,0.6,alexnet conv1,-0.001981122656784088
16,MTL,0.6,alexnet conv4,-0.008518084985883025
16,MTL,0.6,resnet50 avgpool,-0.002934646019920606
16,MTL,0.6,clip ln_post,0.013660712991376002
16,MTL,0.6,category,0.017522210453524274
16,MTL,0.6,low-level,0.0014060626372210643
16,MTL,0.625,alexnet conv1,-0.01234914845645319
16,MTL,0.625,alexnet conv4,-0.001273038007516768
16,MTL,0.625,resnet50 avgpool,-0.009898594314110283
16,MTL,0.625,clip ln_post,0.01029906053095681
16,MTL,0.625,category,0.02296471521560378
16,MTL,0.625,low-level,0.01847451823208121
16,MTL,0.65,alexnet conv1,-0.002353791459936711
16,MTL,0.65,alexnet conv4,0.02245214467202451
16,MTL,0.65,resnet50 avgpool,0.004766732278063574
16,MTL,0.65,clip ln_post,0.04512647618476648
16,MTL,0.65,category,0.03824502668854246
16,MTL,0.65,low-level,0.013452265149324282
16,MTL,0.675,alexnet conv1,-0.005811666051994922
16,MTL,0.675,alexnet conv4,0.00426141559271105
16,MTL,0.675,resnet50 avgpool,-0.0018359356348183163
16,MTL,0.675,clip ln_post,0.02991539807182265
16,MTL,0.675,category,0.02026558683766191
16,MTL,0.675,low-level,0.002929183181106866
16,MTL,0.7,alexnet conv1,-0.00872035334984634
16,MTL,0.7,alexnet conv4,0.0176738355983639
16,MTL,0.7,resnet50 avgpool,0.006703714050609802
16,MTL,0.7,clip ln_post,0.03858394454473299
16,MTL,0.7,category,0.03333718533466181
16,MTL,0.7,low-level,0.007108029644131678
16,MTL,0.725,alexnet conv1,0.026850462936686185
16,MTL,0.725,alexnet conv4,0.016718473543602667
16,MTL,0.725,resnet50 avgpool,0.026897773414058853
16,MTL,0.725,clip ln_post,0.031093483422986953
16,MTL,0.725,category,0.03559752098449565
16,MTL,0.725,low-level,0.01775840312785606
16,MTL,0.75,alexnet conv1,0.016471839065915168
16,MTL,0.75,alexnet conv4,0.027465978267074503
16,MTL,0.75,resnet50 avgpool,0.035193601942837736
16,MTL,0.75,clip ln_post,0.0512227176451905
16,MTL,0.75,category,0.05361752150772232
16,MTL,0.75,low-level,0.008836240063182194
16,MTL,0.775,alexnet conv1,0.007828243925007918
16,MTL,0.775,alexnet conv4,0.016368000082556844
16,MTL,0.775,resnet50 avgpool,0.02801089029612272
16,MTL,0.775,clip ln_post,0.01722858966455467
16,MTL,0.775,category,0.020247150168413674
16,MTL,0.775,low-level,0.00779441036108054
16,MTL,0.8,alexnet conv1,0.014513808574101606
16,MTL,0.8,alexnet conv4,0.028198686641819348
16,MTL,0.8,resnet50 avgpool,0.053410134131120744
16,MTL,0.8,clip ln_post,0.012444961079935254
16,MTL,0.8,category,0.03670740847323951
16,MTL,0.8,low-level,-0.00018073232998920782
16,MTL,0.825,alexnet conv1,0.022923672839346917
16,MTL,0.825,alexnet conv4,0.03307111707027381
16,MTL,0.825,resnet50 avgpool,0.039498056842844444
16,MTL,0.825,clip ln_post,0.01752297688842434
16,MTL,0.825,category,0.03228629518751232
16,MTL,0.825,low-level,0.005600368033170816
16,MTL,0.85,alexnet conv1,0.020940387979494126
16,MTL,0.85,alexnet conv4,0.051564448107085395
16,MTL,0.85,resnet50 avgpool,0.04088477021964953
16,MTL,0.85,clip ln_post,0.023897982836530322
16,MTL,0.85,category,0.038554762731912835
16,MTL,0.85,low-level,6.917411787233648e-05
16,MTL,0.875,alexnet conv1,-0.0029382906425174794
16,MTL,0.875,alexnet conv4,0.026954809710159133
16,MTL,0.875,resnet50 avgpool,0.017020223724134337
16,MTL,0.875,clip ln_post,0.009751855256229663
16,MTL,0.875,category,0.006851066292644802
16,MTL,0.875,low-level,-0.005581825503824028
16,MTL,0.9,alexnet conv1,-0.004905547353107172
16,MTL,0.9,alexnet conv4,0.0016295721892854813
16,MTL,0.9,resnet50 avgpool,0.0023854505355506727
16,MTL,0.9,clip ln_post,-0.02846899888114181
16,MTL,0.9,category,0.006010354174925203
16,MTL,0.9,low-level,-0.004958762938103088
16,MTL,0.925,alexnet conv1,-0.013174164064856591
16,MTL,0.925,alexnet conv4,-0.0041449228073029065
16,MTL,0.925,resnet50 avgpool,-0.01039560207895825
16,MTL,0.925,clip ln_post,-0.023413804962239663
16,MTL,0.925,category,-0.015601109517857998
16,MTL,0.925,low-level,0.00686840185100963
16,MTL,0.95,alexnet conv1,-0.01640858643599236
16,MTL,0.95,alexnet conv4,-0.004610320637515747
16,MTL,0.95,resnet50 avgpool,0.0014854580786909238
16,MTL,0.95,clip ln_post,-0.006967617487275967
16,MTL,0.95,category,-0.010029548071040829
16,MTL,0.95,low-level,-0.01060782558621707
16,MTL,0.975,alexnet conv1,-0.0506386934920718
16,MTL,0.975,alexnet conv4,-0.00825733885710696
16,MTL,0.975,resnet50 avgpool,-0.013666179925271313
16,MTL,0.975,clip ln_post,0.003233271653214733
16,MTL,0.975,category,-0.008786916563709668
16,MTL,0.975,low-level,-0.02172815882102274
16,MTL,1.0,alexnet conv1,-0.032478317157351624
16,MTL,1.0,alexnet conv4,0.006089767136462614
16,MTL,1.0,resnet50 avgpool,-0.002345081221438342
16,MTL,1.0,clip ln_post,0.009282612144423044
16,MTL,1.0,category,0.0021386536327954713
16,MTL,1.0,low-level,-0.009746863351796418
16,MTL,1.025,alexnet conv1,-0.0025326850983012046
16,MTL,1.025,alexnet conv4,0.03477672673414214
16,MTL,1.025,resnet50 avgpool,0.023983815746227464
16,MTL,1.025,clip ln_post,0.04766975116400646
16,MTL,1.025,category,0.03028776024100345
16,MTL,1.025,low-level,-0.0002790101925761249
16,MTL,1.05,alexnet conv1,0.006548317990291217
16,MTL,1.05,alexnet conv4,0.023564352445979934
16,MTL,1.05,resnet50 avgpool,0.01639243952936374
16,MTL,1.05,clip ln_post,0.02897338188789649
16,MTL,1.05,category,0.01507750811120807
16,MTL,1.05,low-level,-0.009079320010067348
16,MTL,1.075,alexnet conv1,-0.0005817472877660503
16,MTL,1.075,alexnet conv4,0.019328707201585877
16,MTL,1.075,resnet50 avgpool,0.021692810076914638
16,MTL,1.075,clip ln_post,0.028828772272432013
16,MTL,1.075,category,0.017861445167691833
16,MTL,1.075,low-level,0.015766371173770773
16,MTL,1.1,alexnet conv1,0.009372896407786257
16,MTL,1.1,alexnet conv4,0.039164651681780384
16,MTL,1.1,resnet50 avgpool,0.036709355434979975
16,MTL,1.1,clip ln_post,0.04393639224460348
16,MTL,1.1,category,0.042057729889077834
16,MTL,1.1,low-level,0.015351821971406665
16,MTL,1.125,alexnet conv1,0.026489166175052124
16,MTL,1.125,alexnet conv4,0.06749704683192614
16,MTL,1.125,resnet50 avgpool,0.041374001424596976
16,MTL,1.125,clip ln_post,0.07478393735376974
16,MTL,1.125,category,0.053318847465900876
16,MTL,1.125,low-level,0.01175211422918812
16,MTL,1.15,alexnet conv1,0.021256847693023512
16,MTL,1.15,alexnet conv4,0.037613283265228024
16,MTL,1.15,resnet50 avgpool,0.015759331728552765
16,MTL,1.15,clip ln_post,0.026705210393415304
16,MTL,1.15,category,0.019115138676571938
16,MTL,1.15,low-level,0.002430660236078176
16,MTL,1.175,alexnet conv1,0.0050299723115154755
16,MTL,1.175,alexnet conv4,0.02224717355422531
16,MTL,1.175,resnet50 avgpool,-0.011346230219425118
16,MTL,1.175,clip ln_post,0.020138816713076223
16,MTL,1.175,category,0.0009255207962614883
16,MTL,1.175,low-level,0.020713647408071356
16,MTL,1.2,alexnet conv1,-0.005681065710579782
16,MTL,1.2,alexnet conv4,0.01602190426370884
16,MTL,1.2,resnet50 avgpool,-0.01424461838712919
16,MTL,1.2,clip ln_post,0.01661406534390618
16,MTL,1.2,category,-0.00573380413620165
16,MTL,1.2,low-level,0.005077712772452943
17,MTL,-0.2,alexnet conv1,-0.02357836493847911
17,MTL,-0.2,alexnet conv4,-0.006555105178175663
17,MTL,-0.2,resnet50 avgpool,-0.025463217087772015
17,MTL,-0.2,clip ln_post,-0.015625595187741582
17,MTL,-0.2,category,-0.03678805621345973
17,MTL,-0.2,low-level,0.014131422912773807
17,MTL,-0.175,alexnet conv1,0.010487076018758515
17,MTL,-0.175,alexnet conv4,0.023907888019142055
17,MTL,-0.175,resnet50 avgpool,0.0024307655267463055
17,MTL,-0.175,clip ln_post,0.012148744665124736
17,MTL,-0.175,category,0.013932718979982566
17,MTL,-0.175,low-level,-0.0008769696549281892
17,MTL,-0.15,alexnet conv1,0.00922010308815872
17,MTL,-0.15,alexnet conv4,0.04121980355788521
17,MTL,-0.15,resnet50 avgpool,0.015039119021257149
17,MTL,-0.15,clip ln_post,0.027151158071618192
17,MTL,-0.15,category,0.03443927317132227
17,MTL,-0.15,low-level,0.011487869970350069
17,MTL,-0.125,alexnet conv1,0.01119611292355394
17,MTL,-0.125,alexnet conv4,0.06375537838251606
17,MTL,-0.125,resnet50 avgpool,0.03451392798763902
17,MTL,-0.125,clip ln_post,0.03279275529659115
17,MTL,-0.125,category,0.040614814228387294
17,MTL,-0.125,low-level,0.0018034636254034284
17,MTL,-0.1,alexnet conv1,0.0163574351148032
17,MTL,-0.1,alexnet conv4,0.01758922309559206
17,MTL,-0.1,resnet50 avgpool,0.002762079843743463
17,MTL,-0.1,clip ln_post,-0.002666406535614051
17,MTL,-0.1,category,0.003915590533797781
17,MTL,-0.1,low-level,0.012741442904811238
17,MTL,-0.075,alexnet conv1,-0.008702509277723564
17,MTL,-0.075,alexnet conv4,0.01354076316033762
17,MTL,-0.075,resnet50 avgpool,0.022103866897248897
17,MTL,-0.075,clip ln_post,-0.004034657918822542
17,MTL,-0.075,category,0.005528832236519293
17,MTL,-0.075,low-level,-0.009240868744550648
17,MTL,-0.05,alexnet conv1,0.009501694353872393
17,MTL,-0.05,alexnet conv4,0.029927788849423362
17,MTL,-0.05,resnet50 avgpool,0.012219651132542059
17,MTL,-0.05,clip ln_post,0.010693936483445165
17,MTL,-0.05,category,-0.006766630190298446
17,MTL,-0.05,low-level,0.02143912731902373
17,MTL,-0.025,alexnet conv1,0.0026815672486493474
17,MTL,-0.025,alexnet conv4,-0.0024522929317022887
17,MTL,-0.025,resnet50 avgpool,-0.01511386752099822
17,MTL,-0.025,clip ln_post,-0.009484935181807985
17,MTL,-0.025,category,-0.012185988387421413
17,MTL,-0.025,low-level,0.014003440904047846
17,MTL,-0.0,alexnet conv1,-0.015380233690188448
17,MTL,-0.0,alexnet conv4,-0.010337034346461639
17,MTL,-0.0,resnet50 avgpool,-0.0037975626295953272
17,MTL,-0.0,clip ln_post,0.0035299238952988953
17,MTL,-0.0,category,-0.010439329822953348
17,MTL,-0.0,low-level,-0.027281156843486507
17,MTL,0.025,alexnet conv1,-0.008176296568654656
17,MTL,0.025,alexnet conv4,-0.014976803810634931
17,MTL,0.025,resnet50 avgpool,-0.0024782698216918404
17,MTL,0.025,clip ln_post,0.01770971347227023
17,MTL,0.025,category,-0.009908768678578454
17,MTL,0.025,low-level,0.0029925096448447726
17,MTL,0.05,alexnet conv1,0.010129088733431052
17,MTL,0.05,alexnet conv4,-0.01398415015575989
17,MTL,0.05,resnet50 avgpool,-0.020231057606947545
17,MTL,0.05,clip ln_post,0.003191452251990622
17,MTL,0.05,category,0.0014351133633183398
17,MTL,0.05,low-level,0.01376903210315351
17,MTL,0.075,alexnet conv1,-0.015406780827286444
17,MTL,0.075,alexnet conv4,-0.04426881518762742
17,MTL,0.075,resnet50 avgpool,-0.03388029249543688
17,MTL,0.075,clip ln_post,-0.021994271357633127
17,MTL,0.075,category,-0.018915832651676574
17,MTL,0.075,low-level,0.0036864323168158946
17,MTL,0.1,alexnet conv1,0.0020917136610262986
17,MTL,0.1,alexnet conv4,-0.013285716184673326
17,MTL,0.1,resnet50 avgpool,-0.014165479812143418
17,MTL,0.1,clip ln_post,0.0035139658286910164
17,MTL,0.1,category,-0.006244985117387496
17,MTL,0.1,low-level,0.03153433036621073
17,MTL,0.125,alexnet conv1,0.004372705139534656
17,MTL,0.125,alexnet conv4,-0.014779043939984563
17,MTL,0.125,resnet50 avgpool,-0.019820170219533226
17,MTL,0.125,clip ln_post,-0.018307068728532716
17,MTL,0.125,category,-0.016536357820074014
17,MTL,0.125,low-level,0.01456372403420256
17,MTL,0.15,alexnet conv1,0.012530207155519266
17,MTL,0.15,alexnet conv4,0.0049632976283932925
17,MTL,0.15,resnet50 avgpool,0.004348221354482111
17,MTL,0.15,clip ln_post,-0.0019321267150539676
17,MTL,0.15,category,-0.00844157945966708
17,MTL,0.15,low-level,0.009363963037722653
17,MTL,0.175,alexnet conv1,0.008704086738454266
17,MTL,0.175,alexnet conv4,0.022028683328499558
17,MTL,0.175,resnet50 avgpool,0.01278354710933003
17,MTL,0.175,clip ln_post,0.020166470159667108
17,MTL,0.175,category,-0.011367904391305741
17,MTL,0.175,low-level,0.008596027975885686
17,MTL,0.2,alexnet conv1,-0.007855128962573062
17,MTL,0.2,alexnet conv4,0.020899354007791755
17,MTL,0.2,resnet50 avgpool,0.01756558035135665
17,MTL,0.2,clip ln_post,0.02954086392352577
17,MTL,0.2,category,0.002689546860167662
17,MTL,0.2,low-level,-0.006199193032523814
17,MTL,0.225,alexnet conv1,-0.024080086273297923
17,MTL,0.225,alexnet conv4,0.014044047381662757
17,MTL,0.225,resnet50 avgpool,0.020231700349290723
17,MTL,0.225,clip ln_post,0.01572647829622244
17,MTL,0.225,category,-0.0007445158621353274
17,MTL,0.225,low-level,-0.01281441564778562
17,MTL,0.25,alexnet conv1,-0.03031023344976952
17,MTL,0.25,alexnet conv4,0.025799540847907282
17,MTL,0.25,resnet50 avgpool,0.03331700417919913
17,MTL,0.25,clip ln_post,0.01702890648939918
17,MTL,0.25,category,0.013189510988077609
17,MTL,0.25,low-level,-0.03622130722031664
17,MTL,0.275,alexnet conv1,0.006616006617455104
17,MTL,0.275,alexnet conv4,0.004631846793312774
17,MTL,0.275,resnet50 avgpool,0.012337506157993339
17,MTL,0.275,clip ln_post,0.009901714744395988
17,MTL,0.275,category,-0.013634516709286023
17,MTL,0.275,low-level,-0.00946968865444754
17,MTL,0.3,alexnet conv1,0.0003930600470471804
17,MTL,0.3,alexnet conv4,-0.008903961310342776
17,MTL,0.3,resnet50 avgpool,0.007882734491549932
17,MTL,0.3,clip ln_post,-0.007073756824480885
17,MTL,0.3,category,-0.0249382704312826
17,MTL,0.3,low-level,-0.004129270208715694
17,MTL,0.325,alexnet conv1,-0.0034516927309504015
17,MTL,0.325,alexnet conv4,-0.01703297034585389
17,MTL,0.325,resnet50 avgpool,0.009773409740606375
17,MTL,0.325,clip ln_post,-0.004408326349136615
17,MTL,0.325,category,-0.007555608706397121
17,MTL,0.325,low-level,0.00041807582977121984
17,MTL,0.35,alexnet conv1,0.020210766237865406
17,MTL,0.35,alexnet conv4,-0.0026014776173598985
17,MTL,0.35,resnet50 avgpool,0.00902496930389166
17,MTL,0.35,clip ln_post,0.0001288545185970458
17,MTL,0.35,category,0.00102529514294787
17,MTL,0.35,low-level,-0.021253334373224964
17,MTL,0.375,alexnet conv1,0.05868131049644124
17,MTL,0.375,alexnet conv4,-0.00500274449294841
17,MTL,0.375,resnet50 avgpool,-0.019351338261247387
17,MTL,0.375,clip ln_post,-0.020384866800634675
17,MTL,0.375,category,-0.016181573316175868
17,MTL,0.375,low-level,0.0458839182305836
17,MTL,0.4,alexnet conv1,0.028624932492755807
17,MTL,0.4,alexnet conv4,0.023183288957960648
17,MTL,0.4,resnet50 avgpool,-0.012801449050538094
17,MTL,0.4,clip ln_post,-0.02703084378821702
17,MTL,0.4,category,-0.021975688841336362
17,MTL,0.4,low-level,0.004389135856561131
17,MTL,0.425,alexnet conv1,0.020467091813923748
17,MTL,0.425,alexnet conv4,-0.014609438906266436
17,MTL,0.425,resnet50 avgpool,-0.027141264126683506
17,MTL,0.425,clip ln_post,-0.029763841244600686
17,MTL,0.425,category,0.001143208599572587
17,MTL,0.425,low-level,0.030646718471080855
17,MTL,0.45,alexnet conv1,0.0004757972659362302
17,MTL,0.45,alexnet conv4,-0.013863345600570504
17,MTL,0.45,resnet50 avgpool,-0.022579435552347177
17,MTL,0.45,clip ln_post,-0.04061799896346914
17,MTL,0.45,category,-0.006129988907902325
17,MTL,0.45,low-level,0.008816152100737024
17,MTL,0.475,alexnet conv1,-0.012923732947538798
17,MTL,0.475,alexnet conv4,-0.015651514231945243
17,MTL,0.475,resnet50 avgpool,0.01493999160965416
17,MTL,0.475,clip ln_post,-0.021219044685079663
17,MTL,0.475,category,-0.0007183062728795561
17,MTL,0.475,low-level,0.008857125910590189
17,MTL,0.5,alexnet conv1,-0.011799294134004965
17,MTL,0.5,alexnet conv4,-0.016112061299235078
17,MTL,0.5,resnet50 avgpool,0.006034581844697603
17,MTL,0.5,clip ln_post,-0.008359482192469559
17,MTL,0.5,category,-0.012840449691603873
17,MTL,0.5,low-level,-0.00961314463779741
17,MTL,0.525,alexnet conv1,0.02430183978713814
17,MTL,0.525,alexnet conv4,0.014979867349559356
17,MTL,0.525,resnet50 avgpool,0.010641039748449975
17,MTL,0.525,clip ln_post,0.008535022272049865
17,MTL,0.525,category,-0.007799575114903528
17,MTL,0.525,low-level,0.02466250053198157
17,MTL,0.55,alexnet conv1,0.0046967551393907484
17,MTL,0.55,alexnet conv4,0.027815540156220783
17,MTL,0.55,resnet50 avgpool,0.01977780322856129
17,MTL,0.55,clip ln_post,0.012823505813198549
17,MTL,0.55,category,0.003561142834288729
17,MTL,0.55,low-level,-0.03582362013554567
17,MTL,0.575,alexnet conv1,-0.00761948247050588
17,MTL,0.575,alexnet conv4,-0.009374367512762374
17,MTL,0.575,resnet50 avgpool,-0.0020546200609659476
17,MTL,0.575,clip ln_post,0.00023689175964298006
17,MTL,0.575,category,-0.021442785529265092
17,MTL,0.575,low-level,-0.02676661999354175
17,MTL,0.6,alexnet conv1,-0.00801082191544755
17,MTL,0.6,alexnet conv4,0.008377409391124243
17,MTL,0.6,resnet50 avgpool,0.029536652734801515
17,MTL,0.6,clip ln_post,-0.003518675641434694
17,MTL,0.6,category,-0.0062819225490148255
17,MTL,0.6,low-level,-0.003356864501053399
17,MTL,0.625,alexnet conv1,-0.0034030502382367636
17,MTL,0.625,alexnet conv4,-0.014676125340327804
17,MTL,0.625,resnet50 avgpool,-0.014819283230572194
17,MTL,0.625,clip ln_post,-0.03591560372165367
17,MTL,0.625,category,-0.0026459392557639226
17,MTL,0.625,low-level,0.0017576470847701605
17,MTL,0.65,alexnet conv1,-0.019682970107415924
17,MTL,0.65,alexnet conv4,-0.019862848720218443
17,MTL,0.65,resnet50 avgpool,-0.004456163240393447
17,MTL,0.65,clip ln_post,-0.01789822193769953
17,MTL,0.65,category,-0.026106759192630204
17,MTL,0.65,low-level,-0.0028487522988019376
17,MTL,0.675,alexnet conv1,-0.012743580958379123
17,MTL,0.675,alexnet conv4,-0.022165366344488686
17,MTL,0.675,resnet50 avgpool,-0.006956816742259161
17,MTL,0.675,clip ln_post,-0.012936329548535033
17,MTL,0.675,category,-0.00998036558138612
17,MTL,0.675,low-level,-0.005602225674961348
17,MTL,0.7,alexnet conv1,-0.0320722717590525
17,MTL,0.7,alexnet conv4,-0.028994570042105504
17,MTL,0.7,resnet50 avgpool,-0.019114189356257125
17,MTL,0.7,clip ln_post,-0.027431755439249042
17,MTL,0.7,category,-0.019320956766096367
17,MTL,0.7,low-level,0.006765743318741683
17,MTL,0.725,alexnet conv1,-0.0175244953380536
17,MTL,0.725,alexnet conv4,-0.01722673408142981
17,MTL,0.725,resnet50 avgpool,-0.023165976075861027
17,MTL,0.725,clip ln_post,-0.02444284362375414
17,MTL,0.725,category,-0.0025445006549970864
17,MTL,0.725,low-level,-0.0007998871594072738
17,MTL,0.75,alexnet conv1,-0.006704885937108784
17,MTL,0.75,alexnet conv4,-0.0013192111601600864
17,MTL,0.75,resnet50 avgpool,0.007735269348592843
17,MTL,0.75,clip ln_post,-0.010430087349597748
17,MTL,0.75,category,0.021768703640649686
17,MTL,0.75,low-level,-0.013679444526193935
17,MTL,0.775,alexnet conv1,0.0018691963657248263
17,MTL,0.775,alexnet conv4,0.035552903948171725
17,MTL,0.775,resnet50 avgpool,0.03590611459722342
17,MTL,0.775,clip ln_post,-0.004184929120253538
17,MTL,0.775,category,0.057814139972894495
17,MTL,0.775,low-level,-0.00749491217269717
17,MTL,0.8,alexnet conv1,0.02708511038866165
17,MTL,0.8,alexnet conv4,0.07477857268077386
17,MTL,0.8,resnet50 avgpool,0.048531321761404365
17,MTL,0.8,clip ln_post,0.04878043858833677
17,MTL,0.8,category,0.07772547275942855
17,MTL,0.8,low-level,0.021997757823730316
17,MTL,0.825,alexnet conv1,0.00817972333211093
17,MTL,0.825,alexnet conv4,0.024436666500325253
17,MTL,0.825,resnet50 avgpool,0.02553690469870589
17,MTL,0.825,clip ln_post,0.0066049491862707355
17,MTL,0.825,category,0.027647870597641278
17,MTL,0.825,low-level,0.010386938287189154
17,MTL,0.85,alexnet conv1,-0.010069014335174249
17,MTL,0.85,alexnet conv4,0.014138163554838544
17,MTL,0.85,resnet50 avgpool,0.027004634058542743
17,MTL,0.85,clip ln_post,-0.005179357832812438
17,MTL,0.85,category,0.021062531537545583
17,MTL,0.85,low-level,-0.017461668104633902
17,MTL,0.875,alexnet conv1,0.053276887053122564
17,MTL,0.875,alexnet conv4,0.05622904109811887
17,MTL,0.875,resnet50 avgpool,0.03301718619328596
17,MTL,0.875,clip ln_post,0.023083650496564533
17,MTL,0.875,category,0.0448532150556364
17,MTL,0.875,low-level,0.01898524546200435
17,MTL,0.9,alexnet conv1,0.010839473712165367
17,MTL,0.9,alexnet conv4,0.04885605624528484
17,MTL,0.9,resnet50 avgpool,0.03851501592445613
17,MTL,0.9,clip ln_post,0.021809361375193657
17,MTL,0.9,category,0.05279296663274134
17,MTL,0.9,low-level,-0.017565357259925553
17,MTL,0.925,alexnet conv1,-0.010337120742667532
17,MTL,0.925,alexnet conv4,-0.017901010648198327
17,MTL,0.925,resnet50 avgpool,0.023637985460748606
17,MTL,0.925,clip ln_post,0.01487594903406405
17,MTL,0.925,category,-0.010671450742117429
17,MTL,0.925,low-level,0.06286847888917359
17,MTL,0.95,alexnet conv1,-0.015379595018959273
17,MTL,0.95,alexnet conv4,0.010214334306925445
17,MTL,0.95,resnet50 avgpool,0.013912697273382369
17,MTL,0.95,clip ln_post,0.0009029961858530146
17,MTL,0.95,category,0.005199532885347322
17,MTL,0.95,low-level,-0.0050907202381453905
17,MTL,0.975,alexnet conv1,-0.007159422660681927
17,MTL,0.975,alexnet conv4,-0.02475549684372961
17,MTL,0.975,resnet50 avgpool,-0.028869371868070627
17,MTL,0.975,clip ln_post,-0.03068276788304367
17,MTL,0.975,category,-0.0168865393878088
17,MTL,0.975,low-level,0.011129344654535665
17,MTL,1.0,alexnet conv1,-0.019619485189723476
17,MTL,1.0,alexnet conv4,-0.011269940840315336
17,MTL,1.0,resnet50 avgpool,0.002928375730819866
17,MTL,1.0,clip ln_post,-0.02199236438696067
17,MTL,1.0,category,-0.003348760430310174
17,MTL,1.0,low-level,-0.008253765998617216
17,MTL,1.025,alexnet conv1,-0.022358303212074312
17,MTL,1.025,alexnet conv4,-0.02068125480981876
17,MTL,1.025,resnet50 avgpool,-0.024958020766765524
17,MTL,1.025,clip ln_post,-0.03404805747770562
17,MTL,1.025,category,-0.015474938085321976
17,MTL,1.025,low-level,0.006171353624624252
17,MTL,1.05,alexnet conv1,-0.014623877219608294
17,MTL,1.05,alexnet conv4,-0.012669412490015552
17,MTL,1.05,resnet50 avgpool,-0.003002636903483209
17,MTL,1.05,clip ln_post,-0.019377868182695244
17,MTL,1.05,category,-0.006483927879066697
17,MTL,1.05,low-level,0.008599990337945304
17,MTL,1.075,alexnet conv1,-0.02914047305362404
17,MTL,1.075,alexnet conv4,-0.019263228683283295
17,MTL,1.075,resnet50 avgpool,-0.009760045304345759
17,MTL,1.075,clip ln_post,-0.037610813823903605
17,MTL,1.075,category,-0.012481153937550239
17,MTL,1.075,low-level,-0.019275838837694
17,MTL,1.1,alexnet conv1,-0.02725965281367447
17,MTL,1.1,alexnet conv4,0.00115087964309546
17,MTL,1.1,resnet50 avgpool,-0.003107560172577731
17,MTL,1.1,clip ln_post,-0.010845247286932641
17,MTL,1.1,category,-0.018284766565576097
17,MTL,1.1,low-level,-0.005588720245276087
17,MTL,1.125,alexnet conv1,-0.019647900637134386
17,MTL,1.125,alexnet conv4,-0.021960164638572647
17,MTL,1.125,resnet50 avgpool,-0.033107685932980746
17,MTL,1.125,clip ln_post,-0.03344502822254273
17,MTL,1.125,category,-0.02267889511379287
17,MTL,1.125,low-level,-0.020581293506075373
17,MTL,1.15,alexnet conv1,0.004089672227053342
17,MTL,1.15,alexnet conv4,0.00417966442356631
17,MTL,1.15,resnet50 avgpool,-0.004378611770393175
17,MTL,1.15,clip ln_post,-0.011416956132927869
17,MTL,1.15,category,-0.004190366957835891
17,MTL,1.15,low-level,0.009429719010915648
17,MTL,1.175,alexnet conv1,0.011090559632346656
17,MTL,1.175,alexnet conv4,-0.0026199785088468863
17,MTL,1.175,resnet50 avgpool,0.0025355592904832973
17,MTL,1.175,clip ln_post,-0.029477939944459953
17,MTL,1.175,category,-0.008126098541840095
17,MTL,1.175,low-level,0.01676172695956569
17,MTL,1.2,alexnet conv1,0.0072392725038908385
17,MTL,1.2,alexnet conv4,0.01951233542136321
17,MTL,1.2,resnet50 avgpool,0.0014851367406183984
17,MTL,1.2,clip ln_post,0.02625527206466612
17,MTL,1.2,category,-0.0016014132622207899
17,MTL,1.2,low-level,0.021691155720645065
17,MFC,-0.2,alexnet conv1,0.004312851174791371
17,MFC,-0.2,alexnet conv4,0.003494473538396502
17,MFC,-0.2,resnet50 avgpool,0.006536981822018855
17,MFC,-0.2,clip ln_post,0.005395723763241518
17,MFC,-0.2,category,0.032674511730723756
17,MFC,-0.2,low-level,0.0032564629580192923
17,MFC,-0.175,alexnet conv1,-0.005149170193233627
17,MFC,-0.175,alexnet conv4,-0.01606310203554355
17,MFC,-0.175,resnet50 avgpool,-0.019535538778936778
17,MFC,-0.175,clip ln_post,-0.01583770982296942
17,MFC,-0.175,category,0.019868956779934447
17,MFC,-0.175,low-level,0.019512362437856094
17,MFC,-0.15,alexnet conv1,-0.009730459620399146
17,MFC,-0.15,alexnet conv4,0.010429454974421517
17,MFC,-0.15,resnet50 avgpool,-0.0015323255299477315
17,MFC,-0.15,clip ln_post,0.011202842726518959
17,MFC,-0.15,category,0.02947071067281026
17,MFC,-0.15,low-level,0.009993497479370336
17,MFC,-0.125,alexnet conv1,-0.012297062898444287
17,MFC,-0.125,alexnet conv4,0.0032897606364002733
17,MFC,-0.125,resnet50 avgpool,-0.007944811899865963
17,MFC,-0.125,clip ln_post,0.0168571841113716
17,MFC,-0.125,category,0.024991950230276564
17,MFC,-0.125,low-level,0.023186736932779946
17,MFC,-0.1,alexnet conv1,-0.022511577828418308
17,MFC,-0.1,alexnet conv4,-0.018652004205306577
17,MFC,-0.1,resnet50 avgpool,-0.012437290977981217
17,MFC,-0.1,clip ln_post,0.00587679486078112
17,MFC,-0.1,category,-0.01632375315295459
17,MFC,-0.1,low-level,0.014851403230716546
17,MFC,-0.075,alexnet conv1,-0.01636987482771829
17,MFC,-0.075,alexnet conv4,-0.0042399220756867044
17,MFC,-0.075,resnet50 avgpool,-0.01664769451095836
17,MFC,-0.075,clip ln_post,0.013322581457066197
17,MFC,-0.075,category,-0.008292073118817415
17,MFC,-0.075,low-level,0.006994683208494579
17,MFC,-0.05,alexnet conv1,-0.021614627810211926
17,MFC,-0.05,alexnet conv4,-0.024732406448547205
17,MFC,-0.05,resnet50 avgpool,-0.026984251406796222
17,MFC,-0.05,clip ln_post,-0.0021160917120888146
17,MFC,-0.05,category,-0.006256185289173701
17,MFC,-0.05,low-level,0.0039463614688897255
17,MFC,-0.025,alexnet conv1,-0.002686426116843351
17,MFC,-0.025,alexnet conv4,0.007518902411015509
17,MFC,-0.025,resnet50 avgpool,-0.018367312055725643
17,MFC,-0.025,clip ln_post,0.002090362998610661
17,MFC,-0.025,category,-0.004924323132073954
17,MFC,-0.025,low-level,0.006519244376864603
17,MFC,-0.0,alexnet conv1,-0.005292546590134538
17,MFC,-0.0,alexnet conv4,-0.011914131643814996
17,MFC,-0.0,resnet50 avgpool,-0.02388134560100236
17,MFC,-0.0,clip ln_post,-0.01652897601774543
17,MFC,-0.0,category,-0.0329406913289593
17,MFC,-0.0,low-level,-0.012336376183399809
17,MFC,0.025,alexnet conv1,-0.005358353435897303
17,MFC,0.025,alexnet conv4,0.0038670846439686187
17,MFC,0.025,resnet50 avgpool,-0.019396234737818936
17,MFC,0.025,clip ln_post,0.004326911993505381
17,MFC,0.025,category,-0.035818516305953216
17,MFC,0.025,low-level,-0.0029936303960212854
17,MFC,0.05,alexnet conv1,0.0036500151671569154
17,MFC,0.05,alexnet conv4,0.014885124670060536
17,MFC,0.05,resnet50 avgpool,-0.004065501059896752
17,MFC,0.05,clip ln_post,0.005049421876022534
17,MFC,0.05,category,-0.027200468741931428
17,MFC,0.05,low-level,0.0023801685060952284
17,MFC,0.075,alexnet conv1,0.036585911637139944
17,MFC,0.075,alexnet conv4,-0.008572328224453935
17,MFC,0.075,resnet50 avgpool,0.0009748537631459326
17,MFC,0.075,clip ln_post,-0.017254197566295898
17,MFC,0.075,category,-0.022129555066139
17,MFC,0.075,low-level,0.010094762728048197
17,MFC,0.1,alexnet conv1,0.0135267654026209
17,MFC,0.1,alexnet conv4,0.00204476242332207
17,MFC,0.1,resnet50 avgpool,0.008541857625836386
17,MFC,0.1,clip ln_post,0.016025027471997324
17,MFC,0.1,category,-0.023595471727018077
17,MFC,0.1,low-level,0.009356395606099892
17,MFC,0.125,alexnet conv1,0.00796303245659428
17,MFC,0.125,alexnet conv4,-0.00482823119999787
17,MFC,0.125,resnet50 avgpool,0.007730573920679738
17,MFC,0.125,clip ln_post,0.0034394621452859264
17,MFC,0.125,category,-0.027392389512625345
17,MFC,0.125,low-level,0.009898584860103388
17,MFC,0.15,alexnet conv1,0.002055417819539417
17,MFC,0.15,alexnet conv4,0.008921224011342752
17,MFC,0.15,resnet50 avgpool,0.014652309326903257
17,MFC,0.15,clip ln_post,0.0049373338929549005
17,MFC,0.15,category,-0.016020925639659796
17,MFC,0.15,low-level,0.020568484797544553
17,MFC,0.175,alexnet conv1,0.002249692141506015
17,MFC,0.175,alexnet conv4,0.009491391933940992
17,MFC,0.175,resnet50 avgpool,0.023807285365381424
17,MFC,0.175,clip ln_post,0.010545619183067397
17,MFC,0.175,category,-0.02118828454972769
17,MFC,0.175,low-level,0.017410235812741412
17,MFC,0.2,alexnet conv1,-0.006178072796528099
17,MFC,0.2,alexnet conv4,-0.007122799869796229
17,MFC,0.2,resnet50 avgpool,0.013123110597402983
17,MFC,0.2,clip ln_post,0.003798166870789871
17,MFC,0.2,category,-0.00024303354570155719
17,MFC,0.2,low-level,0.015294073439556789
17,MFC,0.225,alexnet conv1,-0.00215904448555448
17,MFC,0.225,alexnet conv4,0.004076196074084711
17,MFC,0.225,resnet50 avgpool,0.013391924747760567
17,MFC,0.225,clip ln_post,0.006240107156436633
17,MFC,0.225,category,0.019848704472073854
17,MFC,0.225,low-level,0.0038856400544986856
17,MFC,0.25,alexnet conv1,-0.009452096483042636
17,MFC,0.25,alexnet conv4,-0.012863631582107262
17,MFC,0.25,resnet50 avgpool,-0.01100468423352684
17,MFC,0.25,clip ln_post,-0.005242013420202883
17,MFC,0.25,category,-0.0068599113216005715
17,MFC,0.25,low-level,-0.01702342164527269
17,MFC,0.275,alexnet conv1,-0.0020205736722311773
17,MFC,0.275,alexnet conv4,-0.007014946560792772
17,MFC,0.275,resnet50 avgpool,-0.020030561785721237
17,MFC,0.275,clip ln_post,0.0024754184510085223
17,MFC,0.275,category,-0.006544546534967278
17,MFC,0.275,low-level,-0.01458599807354047
17,MFC,0.3,alexnet conv1,-0.022108573362709345
17,MFC,0.3,alexnet conv4,-0.0109690640517452
17,MFC,0.3,resnet50 avgpool,-0.01985578854820758
17,MFC,0.3,clip ln_post,-0.01569507713960076
17,MFC,0.3,category,-0.011297202199793813
17,MFC,0.3,low-level,-0.013484065154776013
17,MFC,0.325,alexnet conv1,-0.005610425614213151
17,MFC,0.325,alexnet conv4,-0.01940066751986274
17,MFC,0.325,resnet50 avgpool,-0.02731729935838635
17,MFC,0.325,clip ln_post,0.004246836154780212
17,MFC,0.325,category,-0.012400497343772311
17,MFC,0.325,low-level,-0.005349837968266478
17,MFC,0.35,alexnet conv1,0.014871089068210941
17,MFC,0.35,alexnet conv4,-0.0013077162578033943
17,MFC,0.35,resnet50 avgpool,-0.005186136157768437
17,MFC,0.35,clip ln_post,0.00989812305973475
17,MFC,0.35,category,-0.002014670989852888
17,MFC,0.35,low-level,-0.012805519970199776
17,MFC,0.375,alexnet conv1,0.009875902404777299
17,MFC,0.375,alexnet conv4,-0.00036633184065841345
17,MFC,0.375,resnet50 avgpool,-0.012181865532103828
17,MFC,0.375,clip ln_post,-0.0033390139241233747
17,MFC,0.375,category,-0.014869410536166024
17,MFC,0.375,low-level,-0.02788743242500114
17,MFC,0.4,alexnet conv1,0.02697251107027638
17,MFC,0.4,alexnet conv4,-0.0046457642953964245
17,MFC,0.4,resnet50 avgpool,-0.009517634447560585
17,MFC,0.4,clip ln_post,-0.0031868218847766637
17,MFC,0.4,category,-0.002436122029855622
17,MFC,0.4,low-level,-0.006517383965627651
17,MFC,0.425,alexnet conv1,-0.017319280445214615
17,MFC,0.425,alexnet conv4,-0.01330213353991793
17,MFC,0.425,resnet50 avgpool,-0.00914590522634507
17,MFC,0.425,clip ln_post,-0.00419158242367384
17,MFC,0.425,category,-0.003152685239745855
17,MFC,0.425,low-level,-0.02879365490113235
17,MFC,0.45,alexnet conv1,-0.007861586340906243
17,MFC,0.45,alexnet conv4,-0.010719401082843149
17,MFC,0.45,resnet50 avgpool,-0.010450352021186434
17,MFC,0.45,clip ln_post,-0.0202594738417864
17,MFC,0.45,category,-0.022634913828278484
17,MFC,0.45,low-level,0.003405737077389413
17,MFC,0.475,alexnet conv1,0.010281353209384066
17,MFC,0.475,alexnet conv4,-0.005103155804783729
17,MFC,0.475,resnet50 avgpool,-0.017236111316235238
17,MFC,0.475,clip ln_post,-0.029430130453529827
17,MFC,0.475,category,-0.008822503476499386
17,MFC,0.475,low-level,0.01238157561462426
17,MFC,0.5,alexnet conv1,0.050404692896420925
17,MFC,0.5,alexnet conv4,-0.004719277853462561
17,MFC,0.5,resnet50 avgpool,-0.02479569767043752
17,MFC,0.5,clip ln_post,-0.028753043036025536
17,MFC,0.5,category,-0.017582319849285034
17,MFC,0.5,low-level,0.005927043599431969
17,MFC,0.525,alexnet conv1,0.03946691341874419
17,MFC,0.525,alexnet conv4,-0.011372493800977159
17,MFC,0.525,resnet50 avgpool,-0.021055110635962025
17,MFC,0.525,clip ln_post,-0.033262985317125036
17,MFC,0.525,category,-0.02029908757907292
17,MFC,0.525,low-level,0.015284994280709861
17,MFC,0.55,alexnet conv1,0.039074004603939
17,MFC,0.55,alexnet conv4,-0.003569767066028515
17,MFC,0.55,resnet50 avgpool,-0.0003948016486669927
17,MFC,0.55,clip ln_post,-0.021499003534930873
17,MFC,0.55,category,-0.01178134045353263
17,MFC,0.55,low-level,0.030826057569934597
17,MFC,0.575,alexnet conv1,0.029179128512905887
17,MFC,0.575,alexnet conv4,0.005473001982992812
17,MFC,0.575,resnet50 avgpool,-0.012809192873443129
17,MFC,0.575,clip ln_post,-0.004532797551364977
17,MFC,0.575,category,-0.012219186903511772
17,MFC,0.575,low-level,0.025631190969641258
17,MFC,0.6,alexnet conv1,0.024649818608699615
17,MFC,0.6,alexnet conv4,-0.0023004005163655746
17,MFC,0.6,resnet50 avgpool,-0.012444585540490273
17,MFC,0.6,clip ln_post,-0.012880035605671762
17,MFC,0.6,category,-0.010726266514669134
17,MFC,0.6,low-level,0.015857800831696488
17,MFC,0.625,alexnet conv1,0.017775167847163518
17,MFC,0.625,alexnet conv4,-0.0014074516555089025
17,MFC,0.625,resnet50 avgpool,-0.013442224666356702
17,MFC,0.625,clip ln_post,-0.0021708742414198474
17,MFC,0.625,category,-0.00426466007576304
17,MFC,0.625,low-level,-0.0013147607894880844
17,MFC,0.65,alexnet conv1,-0.01959326457349334
17,MFC,0.65,alexnet conv4,-0.018018006349714972
17,MFC,0.65,resnet50 avgpool,-0.021952590965117036
17,MFC,0.65,clip ln_post,-0.0007462050469194692
17,MFC,0.65,category,0.0005477898966606528
17,MFC,0.65,low-level,-0.02174537156853868
17,MFC,0.675,alexnet conv1,-0.011372229609697724
17,MFC,0.675,alexnet conv4,0.012817840795860637
17,MFC,0.675,resnet50 avgpool,0.005431721155666992
17,MFC,0.675,clip ln_post,0.02938794200586443
17,MFC,0.675,category,0.021361877132101158
17,MFC,0.675,low-level,-0.01818613510247155
17,MFC,0.7,alexnet conv1,-0.011424826820764856
17,MFC,0.7,alexnet conv4,0.02056334057959712
17,MFC,0.7,resnet50 avgpool,-0.011338271953804442
17,MFC,0.7,clip ln_post,0.00967194578178971
17,MFC,0.7,category,0.01892189846979929
17,MFC,0.7,low-level,0.0019526072402206262
17,MFC,0.725,alexnet conv1,-0.0008398270261080526
17,MFC,0.725,alexnet conv4,0.007523357344325547
17,MFC,0.725,resnet50 avgpool,-0.022261770475410534
17,MFC,0.725,clip ln_post,0.0070020032400418515
17,MFC,0.725,category,0.01235227640216486
17,MFC,0.725,low-level,0.0028265325600802544
17,MFC,0.75,alexnet conv1,-0.008916590412006827
17,MFC,0.75,alexnet conv4,-0.006312685657632244
17,MFC,0.75,resnet50 avgpool,-0.015360521950996096
17,MFC,0.75,clip ln_post,-0.005827000585985538
17,MFC,0.75,category,-0.00935872057708589
17,MFC,0.75,low-level,-0.005148250482997753
17,MFC,0.775,alexnet conv1,-0.011372804709007225
17,MFC,0.775,alexnet conv4,0.0007345886852365043
17,MFC,0.775,resnet50 avgpool,-0.020017019331095006
17,MFC,0.775,clip ln_post,-0.012043596033027468
17,MFC,0.775,category,0.005076700732432529
17,MFC,0.775,low-level,-0.015711091319532862
17,MFC,0.8,alexnet conv1,0.016529449182952554
17,MFC,0.8,alexnet conv4,0.026551391771433865
17,MFC,0.8,resnet50 avgpool,0.010020464567110358
17,MFC,0.8,clip ln_post,0.00825561442214866
17,MFC,0.8,category,0.028130169187184795
17,MFC,0.8,low-level,0.020574672856068704
17,MFC,0.825,alexnet conv1,0.005017631250483563
17,MFC,0.825,alexnet conv4,0.027512719424017163
17,MFC,0.825,resnet50 avgpool,0.0019659238773880082
17,MFC,0.825,clip ln_post,0.01650499054701228
17,MFC,0.825,category,0.04115271699761253
17,MFC,0.825,low-level,0.0015630369991192937
17,MFC,0.85,alexnet conv1,0.04882374252709528
17,MFC,0.85,alexnet conv4,0.014160486195121927
17,MFC,0.85,resnet50 avgpool,0.0028390060022435806
17,MFC,0.85,clip ln_post,0.002829303416175725
17,MFC,0.85,category,0.008388515208109345
17,MFC,0.85,low-level,-0.003936444522058871
17,MFC,0.875,alexnet conv1,0.02464484810740253
17,MFC,0.875,alexnet conv4,0.006937243523094593
17,MFC,0.875,resnet50 avgpool,-0.007763455858535544
17,MFC,0.875,clip ln_post,-0.010825676111703958
17,MFC,0.875,category,-0.0005516475855413365
17,MFC,0.875,low-level,-0.004903138157406908
17,MFC,0.9,alexnet conv1,0.030458372578625707
17,MFC,0.9,alexnet conv4,0.0024700305923191688
17,MFC,0.9,resnet50 avgpool,-0.0042790094976636085
17,MFC,0.9,clip ln_post,-0.00964874074708706
17,MFC,0.9,category,0.004220296809484184
17,MFC,0.9,low-level,-0.004377568954117244
17,MFC,0.925,alexnet conv1,0.02625854781290419
17,MFC,0.925,alexnet conv4,-0.007256316521364732
17,MFC,0.925,resnet50 avgpool,-0.024854414623117847
17,MFC,0.925,clip ln_post,-0.00757128730555189
17,MFC,0.925,category,-0.010683832085012107
17,MFC,0.925,low-level,-0.01076181028471522
17,MFC,0.95,alexnet conv1,0.004356449760986795
17,MFC,0.95,alexnet conv4,-0.016338677703830854
17,MFC,0.95,resnet50 avgpool,-0.02718019052804929
17,MFC,0.95,clip ln_post,-0.011880129289799458
17,MFC,0.95,category,-0.01374296835812377
17,MFC,0.95,low-level,-0.02121362218177819
17,MFC,0.975,alexnet conv1,0.01710749365805612
17,MFC,0.975,alexnet conv4,0.0007830339556416915
17,MFC,0.975,resnet50 avgpool,-0.029599783138910464
17,MFC,0.975,clip ln_post,-0.009606523302817823
17,MFC,0.975,category,-0.008199488910931108
17,MFC,0.975,low-level,-0.010906056042522374
17,MFC,1.0,alexnet conv1,0.00221236032690333
17,MFC,1.0,alexnet conv4,-0.004622026433716457
17,MFC,1.0,resnet50 avgpool,-0.016751234939582808
17,MFC,1.0,clip ln_post,-0.0163754486193454
17,MFC,1.0,category,-0.0057055018109937
17,MFC,1.0,low-level,-0.02458483822485421
17,MFC,1.025,alexnet conv1,0.03741516850235789
17,MFC,1.025,alexnet conv4,0.023326388840024245
17,MFC,1.025,resnet50 avgpool,-0.007247823560021565
17,MFC,1.025,clip ln_post,-0.007354031676199333
17,MFC,1.025,category,0.008195631235602512
17,MFC,1.025,low-level,-0.013112927956687684
17,MFC,1.05,alexnet conv1,0.05436341355651192
17,MFC,1.05,alexnet conv4,0.038240364849064026
17,MFC,1.05,resnet50 avgpool,0.025633624794768183
17,MFC,1.05,clip ln_post,0.031157435212562958
17,MFC,1.05,category,0.04655539092180599
17,MFC,1.05,low-level,0.01667117715557758
17,MFC,1.075,alexnet conv1,0.0439946316203145
17,MFC,1.075,alexnet conv4,0.04158925217810245
17,MFC,1.075,resnet50 avgpool,0.028490683984005526
17,MFC,1.075,clip ln_post,0.02121479332238886
17,MFC,1.075,category,0.05657666636919108
17,MFC,1.075,low-level,0.042162882326343146
17,MFC,1.1,alexnet conv1,-0.005036542881774391
17,MFC,1.1,alexnet conv4,-0.0035574099135516823
17,MFC,1.1,resnet50 avgpool,-0.01893180173315496
17,MFC,1.1,clip ln_post,-0.008499601867541715
17,MFC,1.1,category,0.009783065275530042
17,MFC,1.1,low-level,0.004155509207389893
17,MFC,1.125,alexnet conv1,0.0013107166009133694
17,MFC,1.125,alexnet conv4,0.03198909844299604
17,MFC,1.125,resnet50 avgpool,0.024566351077033196
17,MFC,1.125,clip ln_post,0.017719732414162134
17,MFC,1.125,category,0.05212394590166541
17,MFC,1.125,low-level,0.005610027048729454
17,MFC,1.15,alexnet conv1,-0.01819755537866885
17,MFC,1.15,alexnet conv4,-0.00590616131641463
17,MFC,1.15,resnet50 avgpool,-0.004673373895698097
17,MFC,1.15,clip ln_post,-0.012280470396950195
17,MFC,1.15,category,0.01444603004164979
17,MFC,1.15,low-level,-0.019685497615686342
17,MFC,1.175,alexnet conv1,0.0008542286726821347
17,MFC,1.175,alexnet conv4,-0.00960560990979685
17,MFC,1.175,resnet50 avgpool,-0.010692876232932375
17,MFC,1.175,clip ln_post,-0.011010965755217064
17,MFC,1.175,category,-0.002698443892353004
17,MFC,1.175,low-level,0.007013656652940835
17,MFC,1.2,alexnet conv1,0.012956197603913354
17,MFC,1.2,alexnet conv4,0.0005833851033811132
17,MFC,1.2,resnet50 avgpool,-0.003291080787368662
17,MFC,1.2,clip ln_post,0.003048809323562752
17,MFC,1.2,category,-0.0004388105794078813
17,MFC,1.2,low-level,0.017093984882451885
18,MTL,-0.2,alexnet conv1,0.016669818919688613
18,MTL,-0.2,alexnet conv4,0.007130203669310152
18,MTL,-0.2,resnet50 avgpool,0.01526076761820118
18,MTL,-0.2,clip ln_post,0.038133298393070086
18,MTL,-0.2,category,0.021430948255805094
18,MTL,-0.2,low-level,0.016946005127579003
18,MTL,-0.175,alexnet conv1,-0.0011431959391764147
18,MTL,-0.175,alexnet conv4,-0.01510798451256593
18,MTL,-0.175,resnet50 avgpool,-0.006793284074675973
18,MTL,-0.175,clip ln_post,-0.002477229804683774
18,MTL,-0.175,category,-0.00804949624828181
18,MTL,-0.175,low-level,-0.0046041613039058795
18,MTL,-0.15,alexnet conv1,0.003341404312483178
18,MTL,-0.15,alexnet conv4,-0.01008310665077189
18,MTL,-0.15,resnet50 avgpool,-0.011221819392810086
18,MTL,-0.15,clip ln_post,-0.00028396857417667626
18,MTL,-0.15,category,-0.006441506724900249
18,MTL,-0.15,low-level,-0.0014266683492429322
18,MTL,-0.125,alexnet conv1,0.007950158356252896
18,MTL,-0.125,alexnet conv4,-0.008276143009394358
18,MTL,-0.125,resnet50 avgpool,0.0030510999803673665
18,MTL,-0.125,clip ln_post,-0.0005872392209764681
18,MTL,-0.125,category,-0.0023203174238819453
18,MTL,-0.125,low-level,0.010805652079879999
18,MTL,-0.1,alexnet conv1,0.015597021901869462
18,MTL,-0.1,alexnet conv4,0.006617168368483791
18,MTL,-0.1,resnet50 avgpool,0.022734639036228153
18,MTL,-0.1,clip ln_post,0.002110609633104812
18,MTL,-0.1,category,0.006172235320153454
18,MTL,-0.1,low-level,0.02132677337365331
18,MTL,-0.075,alexnet conv1,0.013749993008596629
18,MTL,-0.075,alexnet conv4,0.007289103447433294
18,MTL,-0.075,resnet50 avgpool,0.02626730978041014
18,MTL,-0.075,clip ln_post,0.0037901799173542666
18,MTL,-0.075,category,0.022460290717922268
18,MTL,-0.075,low-level,0.010350924116609444
18,MTL,-0.05,alexnet conv1,0.01226258805076504
18,MTL,-0.05,alexnet conv4,0.023653166067004017
18,MTL,-0.05,resnet50 avgpool,0.033138796084721325
18,MTL,-0.05,clip ln_post,0.009030529931364138
18,MTL,-0.05,category,0.028063427608185337
18,MTL,-0.05,low-level,-0.003958561584933231
18,MTL,-0.025,alexnet conv1,0.005909424094713785
18,MTL,-0.025,alexnet conv4,0.009702716314213593
18,MTL,-0.025,resnet50 avgpool,0.026066946469717613
18,MTL,-0.025,clip ln_post,-0.0008116358834854084
18,MTL,-0.025,category,0.031185830067483267
18,MTL,-0.025,low-level,-0.0062105361054499006
18,MTL,-0.0,alexnet conv1,-0.0097759649573594
18,MTL,-0.0,alexnet conv4,0.013340246832494768
18,MTL,-0.0,resnet50 avgpool,0.005573646644086432
18,MTL,-0.0,clip ln_post,-0.001995923232148589
18,MTL,-0.0,category,0.004665461289336289
18,MTL,-0.0,low-level,0.004855747115282533
18,MTL,0.025,alexnet conv1,0.007107397840389652
18,MTL,0.025,alexnet conv4,0.009323416572144182
18,MTL,0.025,resnet50 avgpool,0.0014978791755077313
18,MTL,0.025,clip ln_post,-0.010490078818439687
18,MTL,0.025,category,-0.012216518979895312
18,MTL,0.025,low-level,0.011351273119733267
18,MTL,0.05,alexnet conv1,0.018175668939407592
18,MTL,0.05,alexnet conv4,0.01427352508001323
18,MTL,0.05,resnet50 avgpool,0.005676275290612341
18,MTL,0.05,clip ln_post,-0.005501931599099296
18,MTL,0.05,category,-0.016146735653433622
18,MTL,0.05,low-level,0.02891636701576258
18,MTL,0.075,alexnet conv1,0.022363836910006426
18,MTL,0.075,alexnet conv4,0.01876641674944875
18,MTL,0.075,resnet50 avgpool,0.007876115528346347
18,MTL,0.075,clip ln_post,0.0022798064274361794
18,MTL,0.075,category,0.0005328136306691874
18,MTL,0.075,low-level,0.01728866121700628
18,MTL,0.1,alexnet conv1,0.031207338746599766
18,MTL,0.1,alexnet conv4,0.03475764103683917
18,MTL,0.1,resnet50 avgpool,0.026520574172964665
18,MTL,0.1,clip ln_post,0.016444180235981837
18,MTL,0.1,category,0.017231460177519996
18,MTL,0.1,low-level,0.025862476917736788
18,MTL,0.125,alexnet conv1,-0.008704967339900794
18,MTL,0.125,alexnet conv4,-0.009458371599184869
18,MTL,0.125,resnet50 avgpool,-0.0010059437367425917
18,MTL,0.125,clip ln_post,-0.01525349752524941
18,MTL,0.125,category,-0.002667887605895537
18,MTL,0.125,low-level,-0.0020594982860687406
18,MTL,0.15,alexnet conv1,-0.013834076716044147
18,MTL,0.15,alexnet conv4,-0.020688090955619038
18,MTL,0.15,resnet50 avgpool,-0.011501672060163856
18,MTL,0.15,clip ln_post,-0.03886902116770123
18,MTL,0.15,category,-0.011183357065228536
18,MTL,0.15,low-level,-0.0034820152881951836
18,MTL,0.175,alexnet conv1,-0.0008203284209477963
18,MTL,0.175,alexnet conv4,-0.004764249942786479
18,MTL,0.175,resnet50 avgpool,-0.004762199238525986
18,MTL,0.175,clip ln_post,-0.015048844328110933
18,MTL,0.175,category,-0.005509560302797869
18,MTL,0.175,low-level,0.007597587039234623
18,MTL,0.2,alexnet conv1,0.00024156265198247722
18,MTL,0.2,alexnet conv4,0.0066934987062488615
18,MTL,0.2,resnet50 avgpool,0.013938490264628678
18,MTL,0.2,clip ln_post,0.00539630985868808
18,MTL,0.2,category,0.007216855592469031
18,MTL,0.2,low-level,-0.0037357694011701283
18,MTL,0.225,alexnet conv1,0.004729795533734302
18,MTL,0.225,alexnet conv4,0.024016839861448303
18,MTL,0.225,resnet50 avgpool,0.014720380465341111
18,MTL,0.225,clip ln_post,0.014370837682501726
18,MTL,0.225,category,0.014830934250096451
18,MTL,0.225,low-level,-0.014763867316489583
18,MTL,0.25,alexnet conv1,0.025679361753562016
18,MTL,0.25,alexnet conv4,0.06423069774050989
18,MTL,0.25,resnet50 avgpool,0.05180570776624676
18,MTL,0.25,clip ln_post,0.05167732208089837
18,MTL,0.25,category,0.040923524342688235
18,MTL,0.25,low-level,0.015894931398803644
18,MTL,0.275,alexnet conv1,0.0265301108337833
18,MTL,0.275,alexnet conv4,0.07207569991293546
18,MTL,0.275,resnet50 avgpool,0.05882087385350974
18,MTL,0.275,clip ln_post,0.06836202270204687
18,MTL,0.275,category,0.04899211785371804
18,MTL,0.275,low-level,0.016032500952957277
18,MTL,0.3,alexnet conv1,0.04244107896543314
18,MTL,0.3,alexnet conv4,0.06852290391476576
18,MTL,0.3,resnet50 avgpool,0.05521214018468699
18,MTL,0.3,clip ln_post,0.08089877525304563
18,MTL,0.3,category,0.05305219591394275
18,MTL,0.3,low-level,0.020319083396990546
18,MTL,0.325,alexnet conv1,0.049044048663569734
18,MTL,0.325,alexnet conv4,0.07164935318113494
18,MTL,0.325,resnet50 avgpool,0.05840956830449022
18,MTL,0.325,clip ln_post,0.08377492100229687
18,MTL,0.325,category,0.06379631593596731
18,MTL,0.325,low-level,0.03461294959459784
18,MTL,0.35,alexnet conv1,0.043578493303988254
18,MTL,0.35,alexnet conv4,0.06214843712042641
18,MTL,0.35,resnet50 avgpool,0.04705129411585193
18,MTL,0.35,clip ln_post,0.07843805740332656
18,MTL,0.35,category,0.048266421869294064
18,MTL,0.35,low-level,0.023647540725858972
18,MTL,0.375,alexnet conv1,0.05305680329015831
18,MTL,0.375,alexnet conv4,0.08593844299372073
18,MTL,0.375,resnet50 avgpool,0.06583938743759385
18,MTL,0.375,clip ln_post,0.09455285071798299
18,MTL,0.375,category,0.05620706371991227
18,MTL,0.375,low-level,0.046983665981083854
18,MTL,0.4,alexnet conv1,0.03639221825746288
18,MTL,0.4,alexnet conv4,0.10794332127925182
18,MTL,0.4,resnet50 avgpool,0.07614561812215057
18,MTL,0.4,clip ln_post,0.10341372313119918
18,MTL,0.4,category,0.04400582255021536
18,MTL,0.4,low-level,0.03898648640985883
18,MTL,0.425,alexnet conv1,0.011463593075631624
18,MTL,0.425,alexnet conv4,0.1023690093241995
18,MTL,0.425,resnet50 avgpool,0.07090402769786529
18,MTL,0.425,clip ln_post,0.11523354753962271
18,MTL,0.425,category,0.04513065132607254
18,MTL,0.425,low-level,0.029828738711912096
18,MTL,0.45,alexnet conv1,-0.011531303367443908
18,MTL,0.45,alexnet conv4,0.05178577260110646
18,MTL,0.45,resnet50 avgpool,0.037326451781985646
18,MTL,0.45,clip ln_post,0.06242996031434587
18,MTL,0.45,category,0.022282686174365872
18,MTL,0.45,low-level,0.010520718563164413
18,MTL,0.475,alexnet conv1,-0.009436434057457145
18,MTL,0.475,alexnet conv4,0.052065715480116626
18,MTL,0.475,resnet50 avgpool,0.03658443352247625
18,MTL,0.475,clip ln_post,0.046500020349172215
18,MTL,0.475,category,0.04178290116634822
18,MTL,0.475,low-level,0.005321664545790626
18,MTL,0.5,alexnet conv1,-0.007168836811160225
18,MTL,0.5,alexnet conv4,0.03903655065731178
18,MTL,0.5,resnet50 avgpool,0.015371698958960065
18,MTL,0.5,clip ln_post,0.02728786941641075
18,MTL,0.5,category,0.029596937806849705
18,MTL,0.5,low-level,0.005558080300591426
18,MTL,0.525,alexnet conv1,0.0015050638895704167
18,MTL,0.525,alexnet conv4,0.04810864722028117
18,MTL,0.525,resnet50 avgpool,0.029155996560822368
18,MTL,0.525,clip ln_post,0.04210137408590785
18,MTL,0.525,category,0.03882855461923268
18,MTL,0.525,low-level,-0.00923698091794072
18,MTL,0.55,alexnet conv1,-0.011229364953498341
18,MTL,0.55,alexnet conv4,0.024141607415006382
18,MTL,0.55,resnet50 avgpool,0.015342998764847777
18,MTL,0.55,clip ln_post,0.019732130920207612
18,MTL,0.55,category,0.029652319868818906
18,MTL,0.55,low-level,-0.01714296778101002
18,MTL,0.575,alexnet conv1,-0.006562264910034365
18,MTL,0.575,alexnet conv4,0.007270239545712658
18,MTL,0.575,resnet50 avgpool,0.006814240564640428
18,MTL,0.575,clip ln_post,0.011069753147658673
18,MTL,0.575,category,0.010274327358423757
18,MTL,0.575,low-level,-0.026893737911476957
18,MTL,0.6,alexnet conv1,-0.017947074213031534
18,MTL,0.6,alexnet conv4,-0.003962324699742745
18,MTL,0.6,resnet50 avgpool,-0.009831459624342684
18,MTL,0.6,clip ln_post,-0.002399747657377263
18,MTL,0.6,category,0.008303489842830204
18,MTL,0.6,low-level,-0.02186228587522331
18,MTL,0.625,alexnet conv1,0.003017061189303568
18,MTL,0.625,alexnet conv4,0.0029020413274031803
18,MTL,0.625,resnet50 avgpool,0.00276638071633571
18,MTL,0.625,clip ln_post,0.0020998776678389803
18,MTL,0.625,category,0.025745019910578194
18,MTL,0.625,low-level,-0.015827026185376656
18,MTL,0.65,alexnet conv1,0.013833153657488561
18,MTL,0.65,alexnet conv4,-0.006255347134840421
18,MTL,0.65,resnet50 avgpool,-0.0009450975854283123
18,MTL,0.65,clip ln_post,-0.0024890749173525914
18,MTL,0.65,category,0.021786157342917885
18,MTL,0.65,low-level,-0.01937933729589323
18,MTL,0.675,alexnet conv1,-0.00504187953717915
18,MTL,0.675,alexnet conv4,-0.01744527026342603
18,MTL,0.675,resnet50 avgpool,0.005131538647176207
18,MTL,0.675,clip ln_post,-0.013149975950861143
18,MTL,0.675,category,0.024016717631884236
18,MTL,0.675,low-level,-0.024314206477521694
18,MTL,0.7,alexnet conv1,0.0008262002332254841
18,MTL,0.7,alexnet conv4,-0.00013386282162936326
18,MTL,0.7,resnet50 avgpool,0.026972276823901208
18,MTL,0.7,clip ln_post,0.0098633349465755
18,MTL,0.7,category,0.038454248269371896
18,MTL,0.7,low-level,-0.0083421489452698
18,MTL,0.725,alexnet conv1,-0.006308792708485647
18,MTL,0.725,alexnet conv4,0.030022002687431017
18,MTL,0.725,resnet50 avgpool,0.052522268618506694
18,MTL,0.725,clip ln_post,0.048036397349045426
18,MTL,0.725,category,0.061250650811658945
18,MTL,0.725,low-level,-0.002675310438285085
18,MTL,0.75,alexnet conv1,0.007564901423016712
18,MTL,0.75,alexnet conv4,0.024501307063802092
18,MTL,0.75,resnet50 avgpool,0.032914249606425874
18,MTL,0.75,clip ln_post,0.028025831373227356
18,MTL,0.75,category,0.04969107767029483
18,MTL,0.75,low-level,0.008646039797207291
18,MTL,0.775,alexnet conv1,0.004509600156937353
18,MTL,0.775,alexnet conv4,0.033144104074146565
18,MTL,0.775,resnet50 avgpool,0.030723941196743203
18,MTL,0.775,clip ln_post,0.0414446138963015
18,MTL,0.775,category,0.04915444458707604
18,MTL,0.775,low-level,-0.0044815523864114755
18,MTL,0.8,alexnet conv1,-0.002739932591788363
18,MTL,0.8,alexnet conv4,0.03356489312354433
18,MTL,0.8,resnet50 avgpool,0.02352887051371956
18,MTL,0.8,clip ln_post,0.02638678867561221
18,MTL,0.8,category,0.021419489898156292
18,MTL,0.8,low-level,-0.004359491182545169
18,MTL,0.825,alexnet conv1,0.005551670440220254
18,MTL,0.825,alexnet conv4,0.026009267391911686
18,MTL,0.825,resnet50 avgpool,0.005286072825498928
18,MTL,0.825,clip ln_post,0.017809063266130548
18,MTL,0.825,category,0.022149005335129878
18,MTL,0.825,low-level,-0.013151006941219916
18,MTL,0.85,alexnet conv1,-0.0028153881986709146
18,MTL,0.85,alexnet conv4,0.03023945466332018
18,MTL,0.85,resnet50 avgpool,0.0005631317667280183
18,MTL,0.85,clip ln_post,0.014369555388243006
18,MTL,0.85,category,0.01858736583262796
18,MTL,0.85,low-level,-0.00838311148096172
18,MTL,0.875,alexnet conv1,0.0049034433067551755
18,MTL,0.875,alexnet conv4,0.04244210995579191
18,MTL,0.875,resnet50 avgpool,0.018411427437854674
18,MTL,0.875,clip ln_post,0.04178969925676163
18,MTL,0.875,category,0.023617584840451043
18,MTL,0.875,low-level,-0.0037003871007950566
18,MTL,0.9,alexnet conv1,0.003685634273130018
18,MTL,0.9,alexnet conv4,0.033921147009250335
18,MTL,0.9,resnet50 avgpool,0.0125137485786187
18,MTL,0.9,clip ln_post,0.03186768323862527
18,MTL,0.9,category,0.02407973859895263
18,MTL,0.9,low-level,-0.019531474421631806
18,MTL,0.925,alexnet conv1,0.000503450312334663
18,MTL,0.925,alexnet conv4,0.028976689617285296
18,MTL,0.925,resnet50 avgpool,0.018500975394203676
18,MTL,0.925,clip ln_post,0.036771553439825876
18,MTL,0.925,category,0.03433878814717799
18,MTL,0.925,low-level,-0.018745457037639423
18,MTL,0.95,alexnet conv1,0.009509648871231804
18,MTL,0.95,alexnet conv4,0.02749873916322812
18,MTL,0.95,resnet50 avgpool,0.01752951828496197
18,MTL,0.95,clip ln_post,0.02684394107714832
18,MTL,0.95,category,0.026394326844010177
18,MTL,0.95,low-level,-0.027371866134046737
18,MTL,0.975,alexnet conv1,0.00946354588204795
18,MTL,0.975,alexnet conv4,0.013171953765649759
18,MTL,0.975,resnet50 avgpool,0.008216461555001005
18,MTL,0.975,clip ln_post,0.018307207199962414
18,MTL,0.975,category,0.012195511990872512
18,MTL,0.975,low-level,-0.03423385121783288
18,MTL,1.0,alexnet conv1,0.014206022597195134
18,MTL,1.0,alexnet conv4,0.024873513914387645
18,MTL,1.0,resnet50 avgpool,0.005108218933998756
18,MTL,1.0,clip ln_post,0.030476075005270296
18,MTL,1.0,category,0.009183873655512985
18,MTL,1.0,low-level,-0.024145412413799222
18,MTL,1.025,alexnet conv1,-0.008396702833550705
18,MTL,1.025,alexnet conv4,0.010254856757163651
18,MTL,1.025,resnet50 avgpool,-0.009323904681642164
18,MTL,1.025,clip ln_post,0.017430125981609146
18,MTL,1.025,category,0.010591341920040551
18,MTL,1.025,low-level,-0.021974185380365985
18,MTL,1.05,alexnet conv1,-0.006961137359696068
18,MTL,1.05,alexnet conv4,0.0057119829973194
18,MTL,1.05,resnet50 avgpool,-0.010325993480996413
18,MTL,1.05,clip ln_post,0.022014935274296408
18,MTL,1.05,category,-0.0006225707655847853
18,MTL,1.05,low-level,-0.008734210414873872
18,MTL,1.075,alexnet conv1,-0.02018148323531064
18,MTL,1.075,alexnet conv4,-0.007184271059015515
18,MTL,1.075,resnet50 avgpool,-0.02562041649072172
18,MTL,1.075,clip ln_post,0.01510704534478599
18,MTL,1.075,category,0.006225707655847853
18,MTL,1.075,low-level,-0.021539866193431786
18,MTL,1.1,alexnet conv1,-0.024190746992981304
18,MTL,1.1,alexnet conv4,-0.014658387337252698
18,MTL,1.1,resnet50 avgpool,-0.03395755546721687
18,MTL,1.1,clip ln_post,0.0017574116672590997
18,MTL,1.1,category,0.0017340314575183592
18,MTL,1.1,low-level,-0.011109910222132802
18,MTL,1.125,alexnet conv1,-0.02169048099746874
18,MTL,1.125,alexnet conv4,-0.030860434654709862
18,MTL,1.125,resnet50 avgpool,-0.04670409522515632
18,MTL,1.125,clip ln_post,-0.008773589413811617
18,MTL,1.125,category,-0.009628839877541373
18,MTL,1.125,low-level,-0.01139674623824481
18,MTL,1.15,alexnet conv1,-0.024993219949653138
18,MTL,1.15,alexnet conv4,-0.026781975334741307
18,MTL,1.15,resnet50 avgpool,-0.02497522272420284
18,MTL,1.15,clip ln_post,0.0008979313874369754
18,MTL,1.15,category,-0.001898267917151155
18,MTL,1.15,low-level,0.0007157489473524001
18,MTL,1.175,alexnet conv1,-0.024059329551609148
18,MTL,1.175,alexnet conv4,-0.023911954312590144
18,MTL,1.175,resnet50 avgpool,-0.0047277013345680486
18,MTL,1.175,clip ln_post,0.014912803539348662
18,MTL,1.175,category,0.0126729435595725
18,MTL,1.175,low-level,0.015484912976810166
18,MTL,1.2,alexnet conv1,-0.02004426486224796
18,MTL,1.2,alexnet conv4,-0.02627217154432072
18,MTL,1.2,resnet50 avgpool,0.010312231370629256
18,MTL,1.2,clip ln_post,0.02072122118642917
18,MTL,1.2,category,0.014191175948038466
18,MTL,1.2,low-level,0.0025011552246970033
18,MFC,-0.2,alexnet conv1,0.030904601315126148
18,MFC,-0.2,alexnet conv4,0.010757114986895985
18,MFC,-0.2,resnet50 avgpool,0.004839513849899196
18,MFC,-0.2,clip ln_post,0.017837837562674874
18,MFC,-0.2,category,-0.015400032679986837
18,MFC,-0.2,low-level,0.005702352902999505
18,MFC,-0.175,alexnet conv1,0.04438913202648605
18,MFC,-0.175,alexnet conv4,0.002771616214251344
18,MFC,-0.175,resnet50 avgpool,0.0024198568021406046
18,MFC,-0.175,clip ln_post,0.032698743624838905
18,MFC,-0.175,category,-0.015844998902015225
18,MFC,-0.175,low-level,0.0011307112903006721
18,MFC,-0.15,alexnet conv1,0.02418360577382438
18,MFC,-0.15,alexnet conv4,-0.02491622752276704
18,MFC,-0.15,resnet50 avgpool,-0.023200020029565196
18,MFC,-0.15,clip ln_post,0.003600741882619841
18,MFC,-0.15,category,-0.03350423776509041
18,MFC,-0.15,low-level,0.00725801908811635
18,MFC,-0.125,alexnet conv1,0.005711472334907322
18,MFC,-0.125,alexnet conv4,-0.021919613771938285
18,MFC,-0.125,resnet50 avgpool,-0.026092576245667687
18,MFC,-0.125,clip ln_post,-0.005393637338367454
18,MFC,-0.125,category,-0.021667754313880287
18,MFC,-0.125,low-level,0.003191095583708982
18,MFC,-0.1,alexnet conv1,-0.007144790571964327
18,MFC,-0.1,alexnet conv4,-0.020463077309817272
18,MFC,-0.1,resnet50 avgpool,-0.013295857864782368
18,MFC,-0.1,clip ln_post,-0.010823684745623879
18,MFC,-0.1,category,-0.015094476476018843
18,MFC,-0.1,low-level,0.01009154305156702
18,MFC,-0.075,alexnet conv1,-0.023073361253067748
18,MFC,-0.075,alexnet conv4,-0.024396012340645302
18,MFC,-0.075,resnet50 avgpool,-0.024891696395918032
18,MFC,-0.075,clip ln_post,-0.01740123569864946
18,MFC,-0.075,category,-0.018486150340063564
18,MFC,-0.075,low-level,-0.0040275058433311695
18,MFC,-0.05,alexnet conv1,-0.0037924722599800968
18,MFC,-0.05,alexnet conv4,0.0027369427197479275
18,MFC,-0.05,resnet50 avgpool,0.003502146985872623
18,MFC,-0.05,clip ln_post,0.01110552368034072
18,MFC,-0.05,category,0.004823968570144686
18,MFC,-0.05,low-level,0.007629328654905283
18,MFC,-0.025,alexnet conv1,-0.003380879966767057
18,MFC,-0.025,alexnet conv4,-0.003476931216988495
18,MFC,-0.025,resnet50 avgpool,0.0005302898910338558
18,MFC,-0.025,clip ln_post,0.011884892787441467
18,MFC,-0.025,category,0.0010484397248651752
18,MFC,-0.025,low-level,0.016587584551197142
18,MFC,-0.0,alexnet conv1,0.007396361885039061
18,MFC,-0.0,alexnet conv4,0.013433947746882693
18,MFC,-0.0,resnet50 avgpool,0.003714120214558373
18,MFC,-0.0,clip ln_post,0.01107367574378931
18,MFC,-0.0,category,0.00927172106415378
18,MFC,-0.0,low-level,0.00706769343511992
18,MFC,0.025,alexnet conv1,0.024391848106149326
18,MFC,0.025,alexnet conv4,0.032600288878343577
18,MFC,0.025,resnet50 avgpool,0.017183786944605175
18,MFC,0.025,clip ln_post,0.02489918396339861
18,MFC,0.025,category,0.017412884173625992
18,MFC,0.025,low-level,0.012728143023725125
18,MFC,0.05,alexnet conv1,0.020070758092623507
18,MFC,0.05,alexnet conv4,0.019970429843335604
18,MFC,0.05,resnet50 avgpool,0.010315949379610575
18,MFC,0.05,clip ln_post,0.01976489063885756
18,MFC,0.05,category,-9.548631373999775e-05
18,MFC,0.05,low-level,-0.001724846870223857
18,MFC,0.075,alexnet conv1,0.01750835237508089
18,MFC,0.075,alexnet conv4,0.006437365260836566
18,MFC,0.075,resnet50 avgpool,-0.004218214895867268
18,MFC,0.075,clip ln_post,0.006299159392320881
18,MFC,0.075,category,-0.0084734554812874
18,MFC,0.075,low-level,-0.012161552606527917
18,MFC,0.1,alexnet conv1,0.028718167173901042
18,MFC,0.1,alexnet conv4,0.0028886867804122245
18,MFC,0.1,resnet50 avgpool,-0.0024867229705966454
18,MFC,0.1,clip ln_post,0.005086903208331166
18,MFC,0.1,category,-0.01140488531310533
18,MFC,0.1,low-level,-0.004207735845423823
18,MFC,0.125,alexnet conv1,0.038031438156545944
18,MFC,0.125,alexnet conv4,0.0023943961730462674
18,MFC,0.125,resnet50 avgpool,-0.00918159096091575
18,MFC,0.125,clip ln_post,-0.0013099650733973637
18,MFC,0.125,category,-0.013077805529830093
18,MFC,0.125,low-level,0.002945689270795211
18,MFC,0.15,alexnet conv1,0.004602642204049127
18,MFC,0.15,alexnet conv4,0.0016896981536019442
18,MFC,0.15,resnet50 avgpool,-0.007082315778067676
18,MFC,0.15,clip ln_post,-0.013157540842618628
18,MFC,0.15,category,-0.02261688827245587
18,MFC,0.15,low-level,0.0024390606084951495
18,MFC,0.175,alexnet conv1,0.015953438490741465
18,MFC,0.175,alexnet conv4,-0.001861407986932816
18,MFC,0.175,resnet50 avgpool,-0.0018384426766911925
18,MFC,0.175,clip ln_post,0.0028759685477833235
18,MFC,0.175,category,-0.023974703653838636
18,MFC,0.175,low-level,-0.011928758205362301
18,MFC,0.2,alexnet conv1,0.0036131508181411107
18,MFC,0.2,alexnet conv4,0.0016617148199734898
18,MFC,0.2,resnet50 avgpool,0.0060457129655311324
18,MFC,0.2,clip ln_post,0.006823551696318079
18,MFC,0.2,category,-0.020848481741991106
18,MFC,0.2,low-level,-0.015176933603731175
18,MFC,0.225,alexnet conv1,0.010294561162433383
18,MFC,0.225,alexnet conv4,0.010878456108433588
18,MFC,0.225,resnet50 avgpool,0.00942943459947455
18,MFC,0.225,clip ln_post,0.0196938038536203
18,MFC,0.225,category,-0.008297760664005805
18,MFC,0.225,low-level,-0.009377308371304066
18,MFC,0.25,alexnet conv1,-0.0036012783197908885
18,MFC,0.25,alexnet conv4,0.05312028652149962
18,MFC,0.25,resnet50 avgpool,0.04421054355435525
18,MFC,0.25,clip ln_post,0.04097522976071204
18,MFC,0.25,category,0.0254852971372054
18,MFC,0.25,low-level,0.004150986269863222
18,MFC,0.275,alexnet conv1,-0.020026169370529097
18,MFC,0.275,alexnet conv4,0.06862583863655444
18,MFC,0.275,resnet50 avgpool,0.06556037728267389
18,MFC,0.275,clip ln_post,0.0646819461113196
18,MFC,0.275,category,0.04663933508316449
18,MFC,0.275,low-level,0.012670776464871698
18,MFC,0.3,alexnet conv1,-0.020812030495045233
18,MFC,0.3,alexnet conv4,0.07208898680118411
18,MFC,0.3,resnet50 avgpool,0.06260910133287208
18,MFC,0.3,clip ln_post,0.0714557718538962
18,MFC,0.3,category,0.04955357737850923
18,MFC,0.3,low-level,0.01778994483866509
18,MFC,0.325,alexnet conv1,-0.014323913122875728
18,MFC,0.325,alexnet conv4,0.07935160024008674
18,MFC,0.325,resnet50 avgpool,0.05929526473602897
18,MFC,0.325,clip ln_post,0.07382517134350958
18,MFC,0.325,category,0.0508464620665488
18,MFC,0.325,low-level,0.018589932142018824
18,MFC,0.35,alexnet conv1,-0.024085112365190602
18,MFC,0.35,alexnet conv4,0.041908733537371484
18,MFC,0.35,resnet50 avgpool,0.03551544472529482
18,MFC,0.35,clip ln_post,0.04314200420453334
18,MFC,0.35,category,0.03634782018826754
18,MFC,0.35,low-level,0.004585849948580645
18,MFC,0.375,alexnet conv1,-0.012437550336493346
18,MFC,0.375,alexnet conv4,0.07534693083320235
18,MFC,0.375,resnet50 avgpool,0.06005843118527266
18,MFC,0.375,clip ln_post,0.06736744885585459
18,MFC,0.375,category,0.057440746893433044
18,MFC,0.375,low-level,0.01272155596188604
18,MFC,0.4,alexnet conv1,-0.016957668206012598
18,MFC,0.4,alexnet conv4,0.07701738974015616
18,MFC,0.4,resnet50 avgpool,0.06391539833588362
18,MFC,0.4,clip ln_post,0.0693011582635411
18,MFC,0.4,category,0.052937612337454754
18,MFC,0.4,low-level,0.014393493695635718
18,MFC,0.425,alexnet conv1,0.02296905885813127
18,MFC,0.425,alexnet conv4,0.07392417219271057
18,MFC,0.425,resnet50 avgpool,0.06302822791031631
18,MFC,0.425,clip ln_post,0.06243172588533528
18,MFC,0.425,category,0.06258936893029372
18,MFC,0.425,low-level,0.02886901717261359
18,MFC,0.45,alexnet conv1,0.0412935351466031
18,MFC,0.45,alexnet conv4,0.07616646184754454
18,MFC,0.45,resnet50 avgpool,0.06386131483695391
18,MFC,0.45,clip ln_post,0.06488110928479761
18,MFC,0.45,category,0.07025119074479115
18,MFC,0.45,low-level,0.027676786365420567
18,MFC,0.475,alexnet conv1,0.03553844708675246
18,MFC,0.475,alexnet conv4,0.056218447989900014
18,MFC,0.475,resnet50 avgpool,0.05976528196413562
18,MFC,0.475,clip ln_post,0.055460789284463574
18,MFC,0.475,category,0.05651452965015506
18,MFC,0.475,low-level,0.02219604322911645
18,MFC,0.5,alexnet conv1,0.02270771246771744
18,MFC,0.5,alexnet conv4,0.030058780046635307
18,MFC,0.5,resnet50 avgpool,0.03207430337205759
18,MFC,0.5,clip ln_post,0.03562521942374495
18,MFC,0.5,category,0.03224190869744764
18,MFC,0.5,low-level,0.015299571517829421
18,MFC,0.525,alexnet conv1,0.023091485741390458
18,MFC,0.525,alexnet conv4,0.016879200174175515
18,MFC,0.525,resnet50 avgpool,0.020978461335554706
18,MFC,0.525,clip ln_post,0.02025169045689807
18,MFC,0.525,category,0.02686411950761097
18,MFC,0.525,low-level,0.0078008725632252906
18,MFC,0.55,alexnet conv1,0.03951114773790277
18,MFC,0.55,alexnet conv4,0.026710231293150335
18,MFC,0.55,resnet50 avgpool,0.0190572253002869
18,MFC,0.55,clip ln_post,0.014115498421850172
18,MFC,0.55,category,0.026126965165538182
18,MFC,0.55,low-level,0.0028115413158947508
18,MFC,0.575,alexnet conv1,0.033061064244437305
18,MFC,0.575,alexnet conv4,0.01038232904949107
18,MFC,0.575,resnet50 avgpool,0.005784883681219122
18,MFC,0.575,clip ln_post,0.0018907428844847217
18,MFC,0.575,category,0.009649846866564175
18,MFC,0.575,low-level,0.0036165160351090365
18,MFC,0.6,alexnet conv1,0.0333666578413892
18,MFC,0.6,alexnet conv4,0.012587793017447682
18,MFC,0.6,resnet50 avgpool,0.021525061816248806
18,MFC,0.6,clip ln_post,0.012995678578136455
18,MFC,0.6,category,0.01793805889919598
18,MFC,0.6,low-level,0.016746877394394566
18,MFC,0.625,alexnet conv1,0.04163000207203288
18,MFC,0.625,alexnet conv4,0.013053608959842334
18,MFC,0.625,resnet50 avgpool,0.011299962018315185
18,MFC,0.625,clip ln_post,0.011642695432019371
18,MFC,0.625,category,0.012119122939880515
18,MFC,0.625,low-level,0.0132446514733226
18,MFC,0.65,alexnet conv1,0.05109999808751289
18,MFC,0.65,alexnet conv4,0.010129957107965853
18,MFC,0.65,resnet50 avgpool,0.014936617805713837
18,MFC,0.65,clip ln_post,0.022376775839009003
18,MFC,0.65,category,0.014628503264967655
18,MFC,0.65,low-level,0.036459187524954806
18,MFC,0.675,alexnet conv1,0.024332912508843643
18,MFC,0.675,alexnet conv4,-0.0011399515413911573
18,MFC,0.675,resnet50 avgpool,-0.006579464728879048
18,MFC,0.675,clip ln_post,0.009074648264107359
18,MFC,0.675,category,-0.0011362871335059731
18,MFC,0.675,low-level,-0.0040271288874812435
18,MFC,0.7,alexnet conv1,0.030999223677147223
18,MFC,0.7,alexnet conv4,0.035417953310415966
18,MFC,0.7,resnet50 avgpool,0.018036175943865876
18,MFC,0.7,clip ln_post,0.042980248260931914
18,MFC,0.7,category,0.020206813713658324
18,MFC,0.7,low-level,0.003878828978984215
18,MFC,0.725,alexnet conv1,0.023185855188589146
18,MFC,0.725,alexnet conv4,0.05933018309074261
18,MFC,0.725,resnet50 avgpool,0.034977428850259916
18,MFC,0.725,clip ln_post,0.06719892220525643
18,MFC,0.725,category,0.028982005946364117
18,MFC,0.725,low-level,0.0042788467944976155
18,MFC,0.75,alexnet conv1,0.027855592312080166
18,MFC,0.75,alexnet conv4,0.07328268515871594
18,MFC,0.75,resnet50 avgpool,0.04761626877784625
18,MFC,0.75,clip ln_post,0.0893310633631983
18,MFC,0.75,category,0.059249257675668604
18,MFC,0.75,low-level,0.010389584644140921
18,MFC,0.775,alexnet conv1,0.03930284902329258
18,MFC,0.775,alexnet conv4,0.08271491470861624
18,MFC,0.775,resnet50 avgpool,0.05882098500715779
18,MFC,0.775,clip ln_post,0.10748691151295851
18,MFC,0.775,category,0.06378676730459329
18,MFC,0.775,low-level,0.023717831715413057
18,MFC,0.8,alexnet conv1,0.03508777381525226
18,MFC,0.8,alexnet conv4,0.06914388551707788
18,MFC,0.8,resnet50 avgpool,0.03955378563292769
18,MFC,0.8,clip ln_post,0.08273574071386341
18,MFC,0.8,category,0.04859489478855965
18,MFC,0.8,low-level,0.016789338087951574
18,MFC,0.825,alexnet conv1,0.02911882452562136
18,MFC,0.825,alexnet conv4,0.049229214532004996
18,MFC,0.825,resnet50 avgpool,0.02585939200127266
18,MFC,0.825,clip ln_post,0.05624887348194081
18,MFC,0.825,category,0.03663236940321274
18,MFC,0.825,low-level,0.01207295831626078
18,MFC,0.85,alexnet conv1,0.02473047688948766
18,MFC,0.85,alexnet conv4,0.041355384902594744
18,MFC,0.85,resnet50 avgpool,0.014259951447571037
18,MFC,0.85,clip ln_post,0.05355495044583503
18,MFC,0.85,category,0.025651443323112994
18,MFC,0.85,low-level,0.011570265137470838
18,MFC,0.875,alexnet conv1,0.03916666647335598
18,MFC,0.875,alexnet conv4,0.05364393780117645
18,MFC,0.875,resnet50 avgpool,0.03238810784066364
18,MFC,0.875,clip ln_post,0.05414414049388099
18,MFC,0.875,category,0.048264512143019266
18,MFC,0.875,low-level,0.019896548107672617
18,MFC,0.9,alexnet conv1,0.038956966256226834
18,MFC,0.9,alexnet conv4,0.05931582977184158
18,MFC,0.9,resnet50 avgpool,0.038290271507960265
18,MFC,0.9,clip ln_post,0.058612344776991246
18,MFC,0.9,category,0.0551185197432763
18,MFC,0.9,low-level,0.014323655375286036
18,MFC,0.925,alexnet conv1,0.0620337829379189
18,MFC,0.925,alexnet conv4,0.07677518755196676
18,MFC,0.925,resnet50 avgpool,0.06316690255726076
18,MFC,0.925,clip ln_post,0.06350409117594169
18,MFC,0.925,category,0.07197376384466071
18,MFC,0.925,low-level,0.03679140966976683
18,MFC,0.95,alexnet conv1,0.043227030301605664
18,MFC,0.95,alexnet conv4,0.03458587482122306
18,MFC,0.95,resnet50 avgpool,0.019062626723213398
18,MFC,0.95,clip ln_post,0.01813765439177278
18,MFC,0.95,category,0.03768462858062751
18,MFC,0.95,low-level,0.01931328464326716
18,MFC,0.975,alexnet conv1,0.038762113911186426
18,MFC,0.975,alexnet conv4,0.025920144719085676
18,MFC,0.975,resnet50 avgpool,0.002495367180385966
18,MFC,0.975,clip ln_post,-0.003108640518843836
18,MFC,0.975,category,0.03611101413019235
18,MFC,0.975,low-level,0.020970791733838912
18,MFC,1.0,alexnet conv1,0.01527382414454155
18,MFC,1.0,alexnet conv4,0.045979632798349865
18,MFC,1.0,resnet50 avgpool,0.019628516389151127
18,MFC,1.0,clip ln_post,0.017667023402218183
18,MFC,1.0,category,0.029711521383337696
18,MFC,1.0,low-level,0.021472143014240018
18,MFC,1.025,alexnet conv1,0.022650307246725555
18,MFC,1.025,alexnet conv4,0.04041953884471396
18,MFC,1.025,resnet50 avgpool,0.024630683466448366
18,MFC,1.025,clip ln_post,0.0171804555570084
18,MFC,1.025,category,0.02455717016765262
18,MFC,1.025,low-level,0.02591544404741865
18,MFC,1.05,alexnet conv1,0.02236370803621158
18,MFC,1.05,alexnet conv4,0.03402019618612439
18,MFC,1.05,resnet50 avgpool,0.02016419159388713
18,MFC,1.05,clip ln_post,0.01418235170292673
18,MFC,1.05,category,0.022431644823800268
18,MFC,1.05,low-level,0.03141094484415512
18,MFC,1.075,alexnet conv1,0.009153166234539947
18,MFC,1.075,alexnet conv4,0.00740118659773362
18,MFC,1.075,resnet50 avgpool,0.003010612666793943
18,MFC,1.075,clip ln_post,0.007777449751011962
18,MFC,1.075,category,0.003015457787909129
18,MFC,1.075,low-level,0.00607436161012548
18,MFC,1.1,alexnet conv1,0.009174077618676205
18,MFC,1.1,alexnet conv4,0.008737335604398898
18,MFC,1.1,resnet50 avgpool,0.009675187260711973
18,MFC,1.1,clip ln_post,0.015691070775503475
18,MFC,1.1,category,0.004522231818726293
18,MFC,1.1,low-level,-0.012463544180913859
18,MFC,1.125,alexnet conv1,0.017783969927351526
18,MFC,1.125,alexnet conv4,0.00949108621200662
18,MFC,1.125,resnet50 avgpool,0.007456837524193156
18,MFC,1.125,clip ln_post,0.012088568154661547
18,MFC,1.125,category,0.014137703612344066
18,MFC,1.125,low-level,-0.005023830762210915
18,MFC,1.15,alexnet conv1,0.016889020357342806
18,MFC,1.15,alexnet conv4,0.025357122495083272
18,MFC,1.15,resnet50 avgpool,0.022922896264817298
18,MFC,1.15,clip ln_post,0.03347655819178932
18,MFC,1.15,category,0.015480241183528436
18,MFC,1.15,low-level,0.0020908049526817954
18,MFC,1.175,alexnet conv1,0.0005515733982527343
18,MFC,1.175,alexnet conv4,-0.0001828380855158562
18,MFC,1.175,resnet50 avgpool,0.0009471209040074003
18,MFC,1.175,clip ln_post,0.007762054165295127
18,MFC,1.175,category,-0.0009644117687739773
18,MFC,1.175,low-level,-0.004975841382854997
18,MFC,1.2,alexnet conv1,-0.0007398853982046902
18,MFC,1.2,alexnet conv4,-0.013292623132531725
18,MFC,1.2,resnet50 avgpool,-0.009861453389170742
18,MFC,1.2,clip ln_post,-0.005928577962472828
18,MFC,1.2,category,-0.008307309295379803
18,MFC,1.2,low-level,-0.00023940723776367162
20,MFC,-0.2,alexnet conv1,-0.009509371760714144
20,MFC,-0.2,alexnet conv4,-0.005570798986413661
20,MFC,-0.2,resnet50 avgpool,-0.008902663687285813
20,MFC,-0.2,clip ln_post,-0.01962484186066515
20,MFC,-0.2,category,-0.0056397554402055515
20,MFC,-0.2,low-level,-0.0022658761600071243
20,MFC,-0.175,alexnet conv1,-0.004314232667687228
20,MFC,-0.175,alexnet conv4,-0.012103643346003067
20,MFC,-0.175,resnet50 avgpool,-0.0325342743127259
20,MFC,-0.175,clip ln_post,-0.016259716441559772
20,MFC,-0.175,category,-0.001956256725748719
20,MFC,-0.175,low-level,0.006974643900794311
20,MFC,-0.15,alexnet conv1,-0.010800243404653716
20,MFC,-0.15,alexnet conv4,-0.012136141505544321
20,MFC,-0.15,resnet50 avgpool,-0.0012606067856581133
20,MFC,-0.15,clip ln_post,-0.009867887132368157
20,MFC,-0.15,category,-0.005452478215130806
20,MFC,-0.15,low-level,0.007230838537877906
20,MFC,-0.125,alexnet conv1,-0.01241467768080474
20,MFC,-0.125,alexnet conv4,-0.011030751305067902
20,MFC,-0.125,resnet50 avgpool,0.008821768880028032
20,MFC,-0.125,clip ln_post,-0.013068568310458394
20,MFC,-0.125,category,-0.013472278530786244
20,MFC,-0.125,low-level,0.008980314327558662
20,MFC,-0.1,alexnet conv1,-0.018094351096209618
20,MFC,-0.1,alexnet conv4,-0.0188968829352242
20,MFC,-0.1,resnet50 avgpool,0.011461456803394037
20,MFC,-0.1,clip ln_post,-0.029307807726806107
20,MFC,-0.1,category,-0.023917082300570845
20,MFC,-0.1,low-level,-0.008598689815119775
20,MFC,-0.075,alexnet conv1,-0.0087397711916102
20,MFC,-0.075,alexnet conv4,0.00026041875929488743
20,MFC,-0.075,resnet50 avgpool,0.010067551171984952
20,MFC,-0.075,clip ln_post,0.0073325090243085405
20,MFC,-0.075,category,0.021291969113112888
20,MFC,-0.075,low-level,-0.019087355734064088
20,MFC,-0.05,alexnet conv1,-0.0013591164885739
20,MFC,-0.05,alexnet conv4,0.0035154382133576103
20,MFC,-0.05,resnet50 avgpool,0.0049151064931656704
20,MFC,-0.05,clip ln_post,0.02348185759932572
20,MFC,-0.05,category,0.03164151862537393
20,MFC,-0.05,low-level,-0.014165559994066584
20,MFC,-0.025,alexnet conv1,0.007639010000111275
20,MFC,-0.025,alexnet conv4,0.034580673922613714
20,MFC,-0.025,resnet50 avgpool,0.026226681425239547
20,MFC,-0.025,clip ln_post,0.05501507389992533
20,MFC,-0.025,category,0.05393513283625792
20,MFC,-0.025,low-level,-0.006618078548162808
20,MFC,-0.0,alexnet conv1,-0.004083145602462051
20,MFC,-0.0,alexnet conv4,-0.007843935824235763
20,MFC,-0.0,resnet50 avgpool,-0.010425410312649522
20,MFC,-0.0,clip ln_post,0.013262578572363275
20,MFC,-0.0,category,0.03284222268210182
20,MFC,-0.0,low-level,-0.005984518154141904
20,MFC,0.025,alexnet conv1,-0.017342347635622046
20,MFC,0.025,alexnet conv4,-0.01078766320191602
20,MFC,0.025,resnet50 avgpool,-0.01944451752553175
20,MFC,0.025,clip ln_post,0.01766854342588014
20,MFC,0.025,category,0.04829536726366928
20,MFC,0.025,low-level,0.00568190973212633
20,MFC,0.05,alexnet conv1,-0.03403315601422192
20,MFC,0.05,alexnet conv4,-0.014931704078723856
20,MFC,0.05,resnet50 avgpool,-0.006713654219512339
20,MFC,0.05,clip ln_post,0.013053314199657804
20,MFC,0.05,category,0.0523309431610493
20,MFC,0.05,low-level,0.0012583207476940567
20,MFC,0.075,alexnet conv1,-0.032659106560101354
20,MFC,0.075,alexnet conv4,-0.01874923194733454
20,MFC,0.075,resnet50 avgpool,-0.009137424532775898
20,MFC,0.075,clip ln_post,0.015751399193219287
20,MFC,0.075,category,0.03275659958843186
20,MFC,0.075,low-level,0.0010077182822519867
20,MFC,0.1,alexnet conv1,-0.004045282327763904
20,MFC,0.1,alexnet conv4,-0.01870626278566002
20,MFC,0.1,resnet50 avgpool,-0.021579305633187256
20,MFC,0.1,clip ln_post,0.000753377820755581
20,MFC,0.1,category,-0.002366129147833947
20,MFC,0.1,low-level,-0.005308329522772879
20,MFC,0.125,alexnet conv1,0.02262262345493343
20,MFC,0.125,alexnet conv4,-0.018983815388157185
20,MFC,0.125,resnet50 avgpool,-0.02681140218702645
20,MFC,0.125,clip ln_post,-0.013380209045179139
20,MFC,0.125,category,-0.025618620040375607
20,MFC,0.125,low-level,0.0020714832515863714
20,MFC,0.15,alexnet conv1,0.00430642130936462
20,MFC,0.15,alexnet conv4,-0.022751157702290685
20,MFC,0.15,resnet50 avgpool,-0.01929506911990103
20,MFC,0.15,clip ln_post,-0.007726782851028373
20,MFC,0.15,category,-0.017482171723436413
20,MFC,0.15,low-level,-0.004904023643707089
20,MFC,0.175,alexnet conv1,-0.0020712461064293615
20,MFC,0.175,alexnet conv4,-0.001913337032757947
20,MFC,0.175,resnet50 avgpool,-0.002227730319090591
20,MFC,0.175,clip ln_post,-0.0017201705023319682
20,MFC,0.175,category,-0.014426858271235493
20,MFC,0.175,low-level,-0.0011863268729761975
20,MFC,0.2,alexnet conv1,0.014843996638565109
20,MFC,0.2,alexnet conv4,0.03207001802250488
20,MFC,0.2,resnet50 avgpool,0.010618165296792662
20,MFC,0.2,clip ln_post,0.012735497715113326
20,MFC,0.2,category,-0.013126612497750824
20,MFC,0.2,low-level,0.009334462845777066
20,MFC,0.225,alexnet conv1,0.009770689895879793
20,MFC,0.225,alexnet conv4,0.05562059335950599
20,MFC,0.225,resnet50 avgpool,0.014052469233105599
20,MFC,0.225,clip ln_post,0.02556613720147271
20,MFC,0.225,category,-0.015645774309788398
20,MFC,0.225,low-level,0.0180713153805504
20,MFC,0.25,alexnet conv1,-0.023060484558984632
20,MFC,0.25,alexnet conv4,0.05704626764604461
20,MFC,0.25,resnet50 avgpool,0.00839271946750825
20,MFC,0.25,clip ln_post,0.041865990727163876
20,MFC,0.25,category,-0.008654403288571262
20,MFC,0.25,low-level,0.03404411862445101
20,MFC,0.275,alexnet conv1,-0.02692600852178934
20,MFC,0.275,alexnet conv4,0.03485022282097738
20,MFC,0.275,resnet50 avgpool,0.0018654322251865647
20,MFC,0.275,clip ln_post,0.035716863722575334
20,MFC,0.275,category,-0.012216973089786367
20,MFC,0.275,low-level,0.016781219618868803
20,MFC,0.3,alexnet conv1,-0.006221719840610008
20,MFC,0.3,alexnet conv4,0.04871175154406683
20,MFC,0.3,resnet50 avgpool,0.016973176081231764
20,MFC,0.3,clip ln_post,0.04710658394529643
20,MFC,0.3,category,-0.006580428339099735
20,MFC,0.3,low-level,0.01344681652782324
20,MFC,0.325,alexnet conv1,0.014585300544089623
20,MFC,0.325,alexnet conv4,0.02326574042995467
20,MFC,0.325,resnet50 avgpool,0.006522786372779041
20,MFC,0.325,clip ln_post,0.021952841798594074
20,MFC,0.325,category,-0.014280245613206823
20,MFC,0.325,low-level,-0.005230361761177121
20,MFC,0.35,alexnet conv1,-0.00028904303700433867
20,MFC,0.35,alexnet conv4,0.0049843093767774705
20,MFC,0.35,resnet50 avgpool,0.0006129665789423631
20,MFC,0.35,clip ln_post,0.018685018922646103
20,MFC,0.35,category,-0.0027588787888170735
20,MFC,0.35,low-level,-0.0086569627576936
20,MFC,0.375,alexnet conv1,0.015286741314810632
20,MFC,0.375,alexnet conv4,-0.016746370823838997
20,MFC,0.375,resnet50 avgpool,0.02441459640479414
20,MFC,0.375,clip ln_post,0.01202789419146282
20,MFC,0.375,category,-0.012391409169313684
20,MFC,0.375,low-level,-0.015472223739140721
20,MFC,0.4,alexnet conv1,0.014800489990597585
20,MFC,0.4,alexnet conv4,-0.024219740022324417
20,MFC,0.4,resnet50 avgpool,0.01981145457564641
20,MFC,0.4,clip ln_post,-0.018330505312536757
20,MFC,0.4,category,-0.01637348305471106
20,MFC,0.4,low-level,-0.021767788685115367
20,MFC,0.425,alexnet conv1,0.01293463059857359
20,MFC,0.425,alexnet conv4,-0.019705693020843604
20,MFC,0.425,resnet50 avgpool,0.01326344408117066
20,MFC,0.425,clip ln_post,-0.021339432808534717
20,MFC,0.425,category,-0.013637079427270368
20,MFC,0.425,low-level,-0.01342849519154074
20,MFC,0.45,alexnet conv1,0.03533739795597262
20,MFC,0.45,alexnet conv4,0.001400389580223844
20,MFC,0.45,resnet50 avgpool,0.010963440344266091
20,MFC,0.45,clip ln_post,0.0014805321778747899
20,MFC,0.45,category,0.00425496568262141
20,MFC,0.45,low-level,-0.00877205712278013
20,MFC,0.475,alexnet conv1,0.008168919161678596
20,MFC,0.475,alexnet conv4,0.008562439396985831
20,MFC,0.475,resnet50 avgpool,0.009051769262515854
20,MFC,0.475,clip ln_post,-0.004377282243586572
20,MFC,0.475,category,0.009887230789721169
20,MFC,0.475,low-level,-0.026661509222324593
20,MFC,0.5,alexnet conv1,0.0032398116560940792
20,MFC,0.5,alexnet conv4,-0.0022140986263470405
20,MFC,0.5,resnet50 avgpool,0.010429027006664982
20,MFC,0.5,clip ln_post,-0.026573624024087066
20,MFC,0.5,category,-0.01351829005645839
20,MFC,0.5,low-level,-0.028973243736829944
20,MFC,0.525,alexnet conv1,0.008114399373519496
20,MFC,0.525,alexnet conv4,-0.006215307882085933
20,MFC,0.525,resnet50 avgpool,-0.00678194525678716
20,MFC,0.525,clip ln_post,-0.02847368635193323
20,MFC,0.525,category,-0.009291152476767126
20,MFC,0.525,low-level,-0.026333017607573707
20,MFC,0.55,alexnet conv1,0.011664581224769176
20,MFC,0.55,alexnet conv4,-0.012852955545390142
20,MFC,0.55,resnet50 avgpool,-0.006691342028737893
20,MFC,0.55,clip ln_post,-0.01992998464369183
20,MFC,0.55,category,-0.00843501917890409
20,MFC,0.55,low-level,-0.03650629762632276
20,MFC,0.575,alexnet conv1,0.012548094302422107
20,MFC,0.575,alexnet conv4,0.016135821558706253
20,MFC,0.575,resnet50 avgpool,-0.010220959529454132
20,MFC,0.575,clip ln_post,-0.0013572543169743914
20,MFC,0.575,category,0.0070256182623936346
20,MFC,0.575,low-level,-0.011252742929951159
20,MFC,0.6,alexnet conv1,0.012417821018175281
20,MFC,0.6,alexnet conv4,0.014437850560614853
20,MFC,0.6,resnet50 avgpool,-0.007597726529449524
20,MFC,0.6,clip ln_post,0.00302504562018622
20,MFC,0.6,category,-0.009059995580628637
20,MFC,0.6,low-level,0.0005095002493213284
20,MFC,0.625,alexnet conv1,0.009803103231751717
20,MFC,0.625,alexnet conv4,0.0015240101784973665
20,MFC,0.625,resnet50 avgpool,0.01372455217238571
20,MFC,0.625,clip ln_post,0.020998948996590595
20,MFC,0.625,category,0.005408600755349952
20,MFC,0.625,low-level,-0.012465792494883991
20,MFC,0.65,alexnet conv1,0.009263935931700138
20,MFC,0.65,alexnet conv4,0.0036364717527030523
20,MFC,0.65,resnet50 avgpool,0.001189009903776684
20,MFC,0.65,clip ln_post,0.053592320310454265
20,MFC,0.65,category,0.03972228640278159
20,MFC,0.65,low-level,0.0012493260685083492
20,MFC,0.675,alexnet conv1,0.018160504847348505
20,MFC,0.675,alexnet conv4,-0.010808084594115345
20,MFC,0.675,resnet50 avgpool,-0.0005257616674700659
20,MFC,0.675,clip ln_post,0.026850227729675595
20,MFC,0.675,category,0.023928831200954678
20,MFC,0.675,low-level,0.02149513251275397
20,MFC,0.7,alexnet conv1,-0.014500942497933217
20,MFC,0.7,alexnet conv4,-0.029485823905508884
20,MFC,0.7,resnet50 avgpool,-0.009476792645763503
20,MFC,0.7,clip ln_post,-0.007712771036245035
20,MFC,0.7,category,0.010945621377461441
20,MFC,0.7,low-level,-0.0022146273059353004
20,MFC,0.725,alexnet conv1,-0.009198197513052056
20,MFC,0.725,alexnet conv4,-0.02082327859850545
20,MFC,0.725,resnet50 avgpool,0.0031945390885714255
20,MFC,0.725,clip ln_post,0.002358437068389431
20,MFC,0.725,category,-0.00489492354198311
20,MFC,0.725,low-level,-0.001757483077982725
20,MFC,0.75,alexnet conv1,0.0010800995319245896
20,MFC,0.75,alexnet conv4,0.0028651187174224156
20,MFC,0.75,resnet50 avgpool,0.025349307834948473
20,MFC,0.75,clip ln_post,0.006558336295572014
20,MFC,0.75,category,0.003751989502019405
20,MFC,0.75,low-level,-0.0038215469052966288
20,MFC,0.775,alexnet conv1,0.009245012446024502
20,MFC,0.775,alexnet conv4,0.012993357145503
20,MFC,0.775,resnet50 avgpool,0.02848999139291311
20,MFC,0.775,clip ln_post,0.005759724161848054
20,MFC,0.775,category,0.0063910096171838435
20,MFC,0.775,low-level,-0.008223439420500479
20,MFC,0.8,alexnet conv1,-0.002208576693485838
20,MFC,0.8,alexnet conv4,0.0036862157173148166
20,MFC,0.8,resnet50 avgpool,0.010176410007211435
20,MFC,0.8,clip ln_post,4.277805347736174e-06
20,MFC,0.8,category,-0.017801082038772804
20,MFC,0.8,low-level,-0.014955695605277215
20,MFC,0.825,alexnet conv1,-0.027990505714626045
20,MFC,0.825,alexnet conv4,0.0021954858242387103
20,MFC,0.825,resnet50 avgpool,-0.008193674504878703
20,MFC,0.825,clip ln_post,-0.007876269521215697
20,MFC,0.825,category,-0.016424855342746264
20,MFC,0.825,low-level,-0.03583137278740179
20,MFC,0.85,alexnet conv1,-0.013227073004392253
20,MFC,0.85,alexnet conv4,0.0041236718410338465
20,MFC,0.85,resnet50 avgpool,-0.005357854883764065
20,MFC,0.85,clip ln_post,-0.008016636119979225
20,MFC,0.85,category,-0.01686790526800934
20,MFC,0.85,low-level,-0.02381307928965041
20,MFC,0.875,alexnet conv1,0.015300883078998967
20,MFC,0.875,alexnet conv4,0.01039562179041888
20,MFC,0.875,resnet50 avgpool,0.051439982634382764
20,MFC,0.875,clip ln_post,0.01616839798679598
20,MFC,0.875,category,0.0008657614005877696
20,MFC,0.875,low-level,-0.013507550748379086
20,MFC,0.9,alexnet conv1,4.32089746154236e-05
20,MFC,0.9,alexnet conv4,0.0063971424563591915
20,MFC,0.9,resnet50 avgpool,0.035096591723605096
20,MFC,0.9,clip ln_post,0.0034504418143228356
20,MFC,0.9,category,-0.009134906446745613
20,MFC,0.9,low-level,-0.007263169677025717
20,MFC,0.925,alexnet conv1,0.028220398536986664
20,MFC,0.925,alexnet conv4,0.006481044910613451
20,MFC,0.925,resnet50 avgpool,0.02968115103079159
20,MFC,0.925,clip ln_post,-0.013531656514193649
20,MFC,0.925,category,-0.018033306888965702
20,MFC,0.925,low-level,0.012386193812937629
20,MFC,0.95,alexnet conv1,0.03775514837949576
20,MFC,0.95,alexnet conv4,0.012663377345454876
20,MFC,0.95,resnet50 avgpool,0.03383435386348841
20,MFC,0.95,clip ln_post,-0.01531638953214817
20,MFC,0.95,category,-0.015210216638097143
20,MFC,0.95,low-level,0.0022394658232477802
20,MFC,0.975,alexnet conv1,0.008430475224059254
20,MFC,0.975,alexnet conv4,-0.0022897136566653997
20,MFC,0.975,resnet50 avgpool,0.008214620472462165
20,MFC,0.975,clip ln_post,-0.03155935345976032
20,MFC,0.975,category,-0.020842480211799564
20,MFC,0.975,low-level,0.006407764718499575
20,MFC,1.0,alexnet conv1,0.004079782792975642
20,MFC,1.0,alexnet conv4,-0.003995749827520445
20,MFC,1.0,resnet50 avgpool,0.0010922086599997004
20,MFC,1.0,clip ln_post,-0.025000160417673743
20,MFC,1.0,category,-0.010928497018016901
20,MFC,1.0,low-level,0.018429075545875577
20,MFC,1.025,alexnet conv1,-0.008970830414203847
20,MFC,1.025,alexnet conv4,-0.02078210597125992
20,MFC,1.025,resnet50 avgpool,0.003308798396350919
20,MFC,1.025,clip ln_post,-0.010579927241173504
20,MFC,1.025,category,0.011061199423739381
20,MFC,1.025,low-level,-0.010822048133750364
20,MFC,1.05,alexnet conv1,-0.0004031511700563122
20,MFC,1.05,alexnet conv4,-0.013565034636727142
20,MFC,1.05,resnet50 avgpool,-0.0060198907220158915
20,MFC,1.05,clip ln_post,0.0010150416991736516
20,MFC,1.05,category,0.011523510108304935
20,MFC,1.05,low-level,-0.013120783185855073
20,MFC,1.075,alexnet conv1,-0.0006488200535217621
20,MFC,1.075,alexnet conv4,-0.022775536639093038
20,MFC,1.075,resnet50 avgpool,-0.003221691527594176
20,MFC,1.075,clip ln_post,-0.0057049425399122175
20,MFC,1.075,category,-0.004553541018341288
20,MFC,1.075,low-level,-0.015634587815385417
20,MFC,1.1,alexnet conv1,-0.010978625193220886
20,MFC,1.1,alexnet conv4,-0.01998888969154039
20,MFC,1.1,resnet50 avgpool,0.0193285273634147
20,MFC,1.1,clip ln_post,0.002895293681706778
20,MFC,1.1,category,-0.018125340966322685
20,MFC,1.1,low-level,-0.03278601305008867
20,MFC,1.125,alexnet conv1,-0.013645384737831107
20,MFC,1.125,alexnet conv4,-0.0002717119229126865
20,MFC,1.125,resnet50 avgpool,0.008613053784153293
20,MFC,1.125,clip ln_post,-0.012408003564869163
20,MFC,1.125,category,-0.0258058970952848
20,MFC,1.125,low-level,-0.00026046526577270526
20,MFC,1.15,alexnet conv1,-0.026030231667411804
20,MFC,1.15,alexnet conv4,0.000918250804913547
20,MFC,1.15,resnet50 avgpool,0.009917824103756826
20,MFC,1.15,clip ln_post,-0.021102917458005535
20,MFC,1.15,category,-0.03137394787723168
20,MFC,1.15,low-level,0.014424590880451657
20,MFC,1.175,alexnet conv1,-0.030619410125374797
20,MFC,1.175,alexnet conv4,-0.03148787378480982
20,MFC,1.175,resnet50 avgpool,0.02248714035351267
20,MFC,1.175,clip ln_post,0.006865280784129599
20,MFC,1.175,category,0.015129954917196603
20,MFC,1.175,low-level,0.0070104539039892305
20,MFC,1.2,alexnet conv1,-0.02403225365987704
20,MFC,1.2,alexnet conv4,-0.009474941718436478
20,MFC,1.2,resnet50 avgpool,0.03388123955628528
20,MFC,1.2,clip ln_post,0.02713819324594665
20,MFC,1.2,category,0.030699749825378753
20,MFC,1.2,low-level,-0.005321222542910898
21,MTL,-0.2,alexnet conv1,0.0015432089219225076
21,MTL,-0.2,alexnet conv4,-0.010204425219395394
21,MTL,-0.2,resnet50 avgpool,0.007480004199739227
21,MTL,-0.2,clip ln_post,0.00248113790251249
21,MTL,-0.2,category,0.005553598965508913
21,MTL,-0.2,low-level,0.014535230706130194
21,MTL,-0.175,alexnet conv1,0.006515221142148131
21,MTL,-0.175,alexnet conv4,-0.024033599898468073
21,MTL,-0.175,resnet50 avgpool,-0.009089364040556377
21,MTL,-0.175,clip ln_post,0.0016102716229156888
21,MTL,-0.175,category,0.004642162869027152
21,MTL,-0.175,low-level,0.012255445220685678
21,MTL,-0.15,alexnet conv1,0.003439846171599015
21,MTL,-0.15,alexnet conv4,-0.005252027590745388
21,MTL,-0.15,resnet50 avgpool,-0.008330413375326603
21,MTL,-0.15,clip ln_post,0.00505428847270042
21,MTL,-0.15,category,0.02782323337884649
21,MTL,-0.15,low-level,0.008900051657771928
21,MTL,-0.125,alexnet conv1,0.017970986745665277
21,MTL,-0.125,alexnet conv4,-0.01455432174791425
21,MTL,-0.125,resnet50 avgpool,-0.00788319875429559
21,MTL,-0.125,clip ln_post,-0.004302554739982041
21,MTL,-0.125,category,0.0029488888156566076
21,MTL,-0.125,low-level,0.006125635660327546
21,MTL,-0.1,alexnet conv1,0.012880692545607213
21,MTL,-0.1,alexnet conv4,-0.006558331037446679
21,MTL,-0.1,resnet50 avgpool,-0.00537054798709829
21,MTL,-0.1,clip ln_post,-0.007941692958853922
21,MTL,-0.1,category,0.0038985669861166246
21,MTL,-0.1,low-level,0.010104256451428616
21,MTL,-0.075,alexnet conv1,-0.002208410345091289
21,MTL,-0.075,alexnet conv4,-0.0019964516147074588
21,MTL,-0.075,resnet50 avgpool,0.008018031351231173
21,MTL,-0.075,clip ln_post,-0.005781355761085202
21,MTL,-0.075,category,0.0038688231508002035
21,MTL,-0.075,low-level,0.001186861602715237
21,MTL,-0.05,alexnet conv1,-0.0064717036834733834
21,MTL,-0.05,alexnet conv4,-0.005123788499338633
21,MTL,-0.05,resnet50 avgpool,0.0164929186942703
21,MTL,-0.05,clip ln_post,-0.006230242519604347
21,MTL,-0.05,category,-0.007319108047505052
21,MTL,-0.05,low-level,0.001141454532023553
21,MTL,-0.025,alexnet conv1,-0.010642958579421068
21,MTL,-0.025,alexnet conv4,-0.015727656434937926
21,MTL,-0.025,resnet50 avgpool,-0.009471635934519431
21,MTL,-0.025,clip ln_post,-0.01906547966684681
21,MTL,-0.025,category,-0.01788454326383092
21,MTL,-0.025,low-level,-0.007493821081469194
21,MTL,-0.0,alexnet conv1,-0.022851198939976954
21,MTL,-0.0,alexnet conv4,-0.016683647077875625
21,MTL,-0.0,resnet50 avgpool,-0.024585608245778413
21,MTL,-0.0,clip ln_post,-0.004659862168960918
21,MTL,-0.0,category,-0.017723076729256066
21,MTL,-0.0,low-level,-0.0032113964282421566
21,MTL,0.025,alexnet conv1,0.001347410965412413
21,MTL,0.025,alexnet conv4,-0.014281104470072633
21,MTL,0.025,resnet50 avgpool,-0.016033217813441112
21,MTL,0.025,clip ln_post,-0.019112470274292664
21,MTL,0.025,category,-0.013896744771765036
21,MTL,0.025,low-level,-0.004704937389630872
21,MTL,0.05,alexnet conv1,-0.011193663690481026
21,MTL,0.05,alexnet conv4,-0.001022310708688081
21,MTL,0.05,resnet50 avgpool,-0.01134012392555662
21,MTL,0.05,clip ln_post,-0.018625496476629113
21,MTL,0.05,category,-0.004427582342815829
21,MTL,0.05,low-level,-0.011072738186931802
21,MTL,0.075,alexnet conv1,-0.005201894073627713
21,MTL,0.075,alexnet conv4,-0.00595437205251133
21,MTL,0.075,resnet50 avgpool,-0.013887519067844504
21,MTL,0.075,clip ln_post,-0.015710339018755445
21,MTL,0.075,category,-0.012473289795907738
21,MTL,0.075,low-level,0.00029564937275706435
21,MTL,0.1,alexnet conv1,-0.013724579096252926
21,MTL,0.1,alexnet conv4,-0.0049877509324212374
21,MTL,0.1,resnet50 avgpool,-0.02010686852993946
21,MTL,0.1,clip ln_post,-0.018003408170603752
21,MTL,0.1,category,-0.01782293103353262
21,MTL,0.1,low-level,-0.014914282366144529
21,MTL,0.125,alexnet conv1,-0.009844340560137579
21,MTL,0.125,alexnet conv4,0.006273602107880409
21,MTL,0.125,resnet50 avgpool,-0.005243248063471479
21,MTL,0.125,clip ln_post,-0.001264556391783244
21,MTL,0.125,category,-0.00017208933290215072
21,MTL,0.125,low-level,-0.003306025233952977
21,MTL,0.15,alexnet conv1,-0.004115724788670819
21,MTL,0.15,alexnet conv4,-0.0094615016214772
21,MTL,0.15,resnet50 avgpool,-0.00295556583624775
21,MTL,0.15,clip ln_post,-0.0032709586743752787
21,MTL,0.15,category,-0.00010835254293839121
21,MTL,0.15,low-level,-0.02107549041569454
21,MTL,0.175,alexnet conv1,0.00038506684438878474
21,MTL,0.175,alexnet conv4,-0.007348929884845853
21,MTL,0.175,resnet50 avgpool,0.007596934615648212
21,MTL,0.175,clip ln_post,0.003974992993776144
21,MTL,0.175,category,0.0077631410175859105
21,MTL,0.175,low-level,-0.0248155352050087
21,MTL,0.2,alexnet conv1,-0.002299533783582288
21,MTL,0.2,alexnet conv4,-0.0037166477518597975
21,MTL,0.2,resnet50 avgpool,-0.009536897624229636
21,MTL,0.2,clip ln_post,-0.001633766926638618
21,MTL,0.2,category,-0.006947310106049789
21,MTL,0.2,low-level,-0.030643233982720657
21,MTL,0.225,alexnet conv1,-0.027270168600688597
21,MTL,0.225,alexnet conv4,-0.005726540903369734
21,MTL,0.225,resnet50 avgpool,-0.014006964133675427
21,MTL,0.225,clip ln_post,-0.0024861559258993206
21,MTL,0.225,category,0.005868033795996794
21,MTL,0.225,low-level,-0.03264430411205093
21,MTL,0.25,alexnet conv1,-0.027632440892613932
21,MTL,0.25,alexnet conv4,-0.0028000199986354846
21,MTL,0.25,resnet50 avgpool,0.0019929172508837975
21,MTL,0.25,clip ln_post,0.000961843124146163
21,MTL,0.25,category,0.017572232993008502
21,MTL,0.25,low-level,-0.013839930808175045
21,MTL,0.275,alexnet conv1,-0.009456560922367277
21,MTL,0.275,alexnet conv4,0.014219414195402107
21,MTL,0.275,resnet50 avgpool,0.017695591500690753
21,MTL,0.275,clip ln_post,0.014347693559869755
21,MTL,0.275,category,0.009528650099582049
21,MTL,0.275,low-level,-0.004393391434279507
21,MTL,0.3,alexnet conv1,-0.016864183155231038
21,MTL,0.3,alexnet conv4,-0.007331348277383935
21,MTL,0.3,resnet50 avgpool,-0.009468662171703352
21,MTL,0.3,clip ln_post,-0.0005636102106913855
21,MTL,0.3,category,-0.003641495266596128
21,MTL,0.3,low-level,0.008049339628766663
21,MTL,0.325,alexnet conv1,-0.020426117916377766
21,MTL,0.325,alexnet conv4,-0.02642928964223011
21,MTL,0.325,resnet50 avgpool,-0.017481606229882964
21,MTL,0.325,clip ln_post,-0.002850428983489644
21,MTL,0.325,category,-0.019890127588023894
21,MTL,0.325,low-level,-0.002192697407654645
21,MTL,0.35,alexnet conv1,-0.010681354915673109
21,MTL,0.35,alexnet conv4,-0.030446575793629964
21,MTL,0.35,resnet50 avgpool,-0.01323155628484377
21,MTL,0.35,clip ln_post,0.006934742395589093
21,MTL,0.35,category,-0.019471589333928535
21,MTL,0.35,low-level,-0.004567490265582344
21,MTL,0.375,alexnet conv1,-0.01369622525046429
21,MTL,0.375,alexnet conv4,-0.012188635434514882
21,MTL,0.375,resnet50 avgpool,0.007346908177189199
21,MTL,0.375,clip ln_post,0.011095373258074132
21,MTL,0.375,category,-0.013444213563022344
21,MTL,0.375,low-level,-0.00533312786984221
21,MTL,0.4,alexnet conv1,-0.002884082764091338
21,MTL,0.4,alexnet conv4,-0.012388425256820344
21,MTL,0.4,resnet50 avgpool,-0.008642141364913187
21,MTL,0.4,clip ln_post,0.014314212147968668
21,MTL,0.4,category,-0.009862205967059057
21,MTL,0.4,low-level,-0.006531293315287909
21,MTL,0.425,alexnet conv1,0.014440266828552775
21,MTL,0.425,alexnet conv4,-0.02476333004163887
21,MTL,0.425,resnet50 avgpool,-0.022067934622426975
21,MTL,0.425,clip ln_post,-0.009903730437570092
21,MTL,0.425,category,-0.020742076013872807
21,MTL,0.425,low-level,0.0015569758650569713
21,MTL,0.45,alexnet conv1,0.016031004406014626
21,MTL,0.45,alexnet conv4,-0.016083650962131806
21,MTL,0.45,resnet50 avgpool,-0.03030881292878406
21,MTL,0.45,clip ln_post,-0.011375264587566356
21,MTL,0.45,category,-0.016877501982403523
21,MTL,0.45,low-level,-0.012108024875838477
21,MTL,0.475,alexnet conv1,0.00286965050999098
21,MTL,0.475,alexnet conv4,-0.021872772980278933
21,MTL,0.475,resnet50 avgpool,-0.02117991201889125
21,MTL,0.475,clip ln_post,-0.007947609876959806
21,MTL,0.475,category,-0.0009093115368163027
21,MTL,0.475,low-level,-0.020011901430517166
21,MTL,0.5,alexnet conv1,0.008493085933793873
21,MTL,0.5,alexnet conv4,-0.012662781456823917
21,MTL,0.5,resnet50 avgpool,-0.020670591505201338
21,MTL,0.5,clip ln_post,0.010137976279850167
21,MTL,0.5,category,0.00222016485040429
21,MTL,0.5,low-level,-0.009110715206517551
21,MTL,0.525,alexnet conv1,-0.014074796855592816
21,MTL,0.525,alexnet conv4,-0.020669758658302142
21,MTL,0.525,resnet50 avgpool,-0.011155289907143082
21,MTL,0.525,clip ln_post,0.011613980739605163
21,MTL,0.525,category,0.0002974383531642111
21,MTL,0.525,low-level,-0.016247145091041217
21,MTL,0.55,alexnet conv1,-0.006889734833661434
21,MTL,0.55,alexnet conv4,-0.04768030777742785
21,MTL,0.55,resnet50 avgpool,-0.007087667262398672
21,MTL,0.55,clip ln_post,-0.013343061113989724
21,MTL,0.55,category,-0.012360688133638432
21,MTL,0.55,low-level,-0.030266349013382182
21,MTL,0.575,alexnet conv1,-0.011739869495178407
21,MTL,0.575,alexnet conv4,-0.03939640656558374
21,MTL,0.575,resnet50 avgpool,-0.010651823485584064
21,MTL,0.575,clip ln_post,-0.027551709514754854
21,MTL,0.575,category,-0.0076696603923057305
21,MTL,0.575,low-level,-0.012955983838401335
21,MTL,0.6,alexnet conv1,-0.014104673023083075
21,MTL,0.6,alexnet conv4,-0.029792017734993053
21,MTL,0.6,resnet50 avgpool,-0.02078477529835766
21,MTL,0.6,clip ln_post,-0.02375773748598723
21,MTL,0.6,category,-0.021976445179504287
21,MTL,0.6,low-level,-0.014217935368606247
21,MTL,0.625,alexnet conv1,-0.021678552116833272
21,MTL,0.625,alexnet conv4,-0.01433300839094701
21,MTL,0.625,resnet50 avgpool,-0.011240712291134564
21,MTL,0.625,clip ln_post,-0.019268433340815745
21,MTL,0.625,category,-0.016919993175712696
21,MTL,0.625,low-level,-0.008016307664225102
21,MTL,0.65,alexnet conv1,-0.006709382401463678
21,MTL,0.65,alexnet conv4,-0.011416573471581924
21,MTL,0.65,resnet50 avgpool,-0.003641446670722068
21,MTL,0.65,clip ln_post,-0.020726115168788462
21,MTL,0.65,category,-0.012424424923602191
21,MTL,0.65,low-level,0.00809849531596594
21,MTL,0.675,alexnet conv1,-0.004229542902434264
21,MTL,0.675,alexnet conv4,-0.0018970383693629668
21,MTL,0.675,resnet50 avgpool,-0.002903378393024711
21,MTL,0.675,clip ln_post,-0.008132559881788709
21,MTL,0.675,category,-0.01012565136557593
21,MTL,0.675,low-level,-0.005563956945636421
21,MTL,0.7,alexnet conv1,0.0018073116006236153
21,MTL,0.7,alexnet conv4,-0.028549598639319544
21,MTL,0.7,resnet50 avgpool,-0.013348942591802025
21,MTL,0.7,clip ln_post,-0.011058392922642964
21,MTL,0.7,category,-0.007387093956799729
21,MTL,0.7,low-level,0.00031173121143145615
21,MTL,0.725,alexnet conv1,-0.005194266355895243
21,MTL,0.725,alexnet conv4,-0.020168081971569052
21,MTL,0.725,resnet50 avgpool,-0.028492468886064153
21,MTL,0.725,clip ln_post,-0.020186016371044356
21,MTL,0.725,category,-0.01803538700007849
21,MTL,0.725,low-level,-0.0067814357401622845
21,MTL,0.75,alexnet conv1,-0.01012732324978368
21,MTL,0.75,alexnet conv4,-0.01291996844550908
21,MTL,0.75,resnet50 avgpool,-0.015138401949994548
21,MTL,0.75,clip ln_post,-0.0066473441675470694
21,MTL,0.75,category,-0.01176368686764455
21,MTL,0.75,low-level,-0.0003646306823710212
21,MTL,0.775,alexnet conv1,-0.011643024060196228
21,MTL,0.775,alexnet conv4,-0.028323463791502614
21,MTL,0.775,resnet50 avgpool,-0.03266607411784535
21,MTL,0.775,clip ln_post,-0.020204163412281165
21,MTL,0.775,category,-0.025407609039220007
21,MTL,0.775,low-level,-0.001800971009917174
21,MTL,0.8,alexnet conv1,-0.0042801403652133856
21,MTL,0.8,alexnet conv4,-0.02895782893740953
21,MTL,0.8,resnet50 avgpool,-0.023091374587742398
21,MTL,0.8,clip ln_post,-0.02422687031767674
21,MTL,0.8,category,-0.0256030685284422
21,MTL,0.8,low-level,-0.009882925374314584
21,MTL,0.825,alexnet conv1,-0.003379597672508336
21,MTL,0.825,alexnet conv4,-0.02169066786447127
21,MTL,0.825,resnet50 avgpool,-0.013670825836422505
21,MTL,0.825,clip ln_post,-0.02665329968335451
21,MTL,0.825,category,-0.015912951894285297
21,MTL,0.825,low-level,0.0013980229264934547
21,MTL,0.85,alexnet conv1,-0.00043967067126519303
21,MTL,0.85,alexnet conv4,-0.007594287870086555
21,MTL,0.85,resnet50 avgpool,-0.015907905768099802
21,MTL,0.85,clip ln_post,0.0009016107342798394
21,MTL,0.85,category,-0.0031634693418679314
21,MTL,0.85,low-level,-0.023514626737544165
21,MTL,0.875,alexnet conv1,-0.0030798307820059296
21,MTL,0.875,alexnet conv4,-0.018937809231059814
21,MTL,0.875,resnet50 avgpool,-0.023806337404946237
21,MTL,0.875,clip ln_post,-0.0064876389282061365
21,MTL,0.875,category,-0.008782929657006064
21,MTL,0.875,low-level,0.0023244466990485274
21,MTL,0.9,alexnet conv1,-0.0198993591673227
21,MTL,0.9,alexnet conv4,-0.03298310365316742
21,MTL,0.9,resnet50 avgpool,-0.028387963514900787
21,MTL,0.9,clip ln_post,-0.00814575172561367
21,MTL,0.9,category,-0.010690784236587933
21,MTL,0.9,low-level,-0.012712879533648008
21,MTL,0.925,alexnet conv1,-0.018129201881753293
21,MTL,0.925,alexnet conv4,-0.053133787662432215
21,MTL,0.925,resnet50 avgpool,-0.02048668215626582
21,MTL,0.925,clip ln_post,-0.006074031371026187
21,MTL,0.925,category,-0.006199465103808343
21,MTL,0.925,low-level,0.0008467169413650267
21,MTL,0.95,alexnet conv1,0.014280867664474603
21,MTL,0.95,alexnet conv4,-0.030279117184606585
21,MTL,0.95,resnet50 avgpool,-0.01447899662574898
21,MTL,0.95,clip ln_post,-0.0027352947460963293
21,MTL,0.95,category,0.03589443554792391
21,MTL,0.95,low-level,-0.01509452525561666
21,MTL,0.975,alexnet conv1,0.0017509196498437136
21,MTL,0.975,alexnet conv4,-0.02788330501073944
21,MTL,0.975,resnet50 avgpool,-0.0011103975583880126
21,MTL,0.975,clip ln_post,-0.0018569827830022788
21,MTL,0.975,category,0.03194275457017082
21,MTL,0.975,low-level,-0.018885207780770828
21,MTL,1.0,alexnet conv1,-0.006220517380860753
21,MTL,1.0,alexnet conv4,-0.03378752904783117
21,MTL,1.0,resnet50 avgpool,-0.0018457079368756567
21,MTL,1.0,clip ln_post,-0.0037153783449805607
21,MTL,1.0,category,0.010038544419292125
21,MTL,1.0,low-level,-0.015517153978435859
21,MTL,1.025,alexnet conv1,0.003730127950800728
21,MTL,1.025,alexnet conv4,-0.017390601999652196
21,MTL,1.025,resnet50 avgpool,0.015439056458758958
21,MTL,1.025,clip ln_post,0.004344461276221211
21,MTL,1.025,category,0.007986219782459069
21,MTL,1.025,low-level,-0.011854771759741
21,MTL,1.05,alexnet conv1,0.0003358032253863231
21,MTL,1.05,alexnet conv4,-0.015254799150577356
21,MTL,1.05,resnet50 avgpool,0.015860671911366173
21,MTL,1.05,clip ln_post,0.002486898561142123
21,MTL,1.05,category,0.00814343719770301
21,MTL,1.05,low-level,-0.010177184521009743
21,MTL,1.075,alexnet conv1,0.002259503971980569
21,MTL,1.075,alexnet conv4,-0.009931771764406228
21,MTL,1.075,resnet50 avgpool,0.009994183732327891
21,MTL,1.075,clip ln_post,0.0055353179665766855
21,MTL,1.075,category,-0.014529863552071713
21,MTL,1.075,low-level,0.0037345177144376828
21,MTL,1.1,alexnet conv1,-0.01732475876694275
21,MTL,1.1,alexnet conv4,-0.020507285854216885
21,MTL,1.1,resnet50 avgpool,-0.005766838128095759
21,MTL,1.1,clip ln_post,0.01789930069728198
21,MTL,1.1,category,0.000949678170460017
21,MTL,1.1,low-level,0.002053322009450728
21,MTL,1.125,alexnet conv1,-0.0074194512363082235
21,MTL,1.125,alexnet conv4,-0.0192475767280423
21,MTL,1.125,resnet50 avgpool,-0.01929586090620393
21,MTL,1.125,clip ln_post,0.0070343328424015
21,MTL,1.125,category,0.0013278497909116568
21,MTL,1.125,low-level,0.01159583369836836
21,MTL,1.15,alexnet conv1,-0.01126586362312127
21,MTL,1.15,alexnet conv4,-0.008296000850257751
21,MTL,1.15,resnet50 avgpool,-0.022344198154594277
21,MTL,1.15,clip ln_post,-0.0017780250307447773
21,MTL,1.15,category,0.004196005339280835
21,MTL,1.15,low-level,0.004989526168945246
21,MTL,1.175,alexnet conv1,0.0007683326774945915
21,MTL,1.175,alexnet conv4,0.0031515522706828075
21,MTL,1.175,resnet50 avgpool,-0.021381818593277063
21,MTL,1.175,clip ln_post,-0.005354272837731629
21,MTL,1.175,category,0.005135060711413559
21,MTL,1.175,low-level,0.022000918638184427
21,MTL,1.2,alexnet conv1,0.027830756720890835
21,MTL,1.2,alexnet conv4,-0.015732514977003634
21,MTL,1.2,resnet50 avgpool,-0.02876325044918317
21,MTL,1.2,clip ln_post,-0.02794111457326266
21,MTL,1.2,category,-0.012248086471369123
21,MTL,1.2,low-level,0.022724246975596225
21,MFC,-0.2,alexnet conv1,-0.007328604876476144
21,MFC,-0.2,alexnet conv4,-0.017390023678497825
21,MFC,-0.2,resnet50 avgpool,-0.0008792462981066868
21,MFC,-0.2,clip ln_post,-0.004106713288566186
21,MFC,-0.2,category,-0.011529985304444098
21,MFC,-0.2,low-level,-0.022590148959291272
21,MFC,-0.175,alexnet conv1,-0.020681218760508855
21,MFC,-0.175,alexnet conv4,-0.025181304809541675
21,MFC,-0.175,resnet50 avgpool,-0.013340414368428066
21,MFC,-0.175,clip ln_post,-0.012813658841217872
21,MFC,-0.175,category,-0.02031291496145016
21,MFC,-0.175,low-level,-0.013341738546670113
21,MFC,-0.15,alexnet conv1,-0.021460758625387773
21,MFC,-0.15,alexnet conv4,-0.010645054389509757
21,MFC,-0.15,resnet50 avgpool,-0.015452357845309538
21,MFC,-0.15,clip ln_post,0.017600232947116615
21,MFC,-0.15,category,0.0007223502862559413
21,MFC,-0.15,low-level,-0.01550033917005328
21,MFC,-0.125,alexnet conv1,-0.008195994785456963
21,MFC,-0.125,alexnet conv4,0.002860121903784526
21,MFC,-0.125,resnet50 avgpool,-0.021273372905836276
21,MFC,-0.125,clip ln_post,0.008849765103022872
21,MFC,-0.125,category,-0.012133360249434354
21,MFC,-0.125,low-level,-0.007984524164571113
21,MFC,-0.1,alexnet conv1,-0.010624131728916448
21,MFC,-0.1,alexnet conv4,0.003964043553981509
21,MFC,-0.1,resnet50 avgpool,-0.017092615178441108
21,MFC,-0.1,clip ln_post,0.0037295238548873864
21,MFC,-0.1,category,-0.013357106616738538
21,MFC,-0.1,low-level,-0.0006363401368129362
21,MFC,-0.075,alexnet conv1,-0.008158234763566977
21,MFC,-0.075,alexnet conv4,-0.005612099362623719
21,MFC,-0.075,resnet50 avgpool,-0.02267810854611879
21,MFC,-0.075,clip ln_post,0.004833176481037626
21,MFC,-0.075,category,-0.010414591480078308
21,MFC,-0.075,low-level,0.0025201093380740336
21,MFC,-0.05,alexnet conv1,-0.010873745771231952
21,MFC,-0.05,alexnet conv4,-0.00019756191657705431
21,MFC,-0.05,resnet50 avgpool,-0.009087123247448488
21,MFC,-0.05,clip ln_post,0.008697845451813097
21,MFC,-0.05,category,0.02223564145869024
21,MFC,-0.05,low-level,0.007402204700712907
21,MFC,-0.025,alexnet conv1,-0.008917713811355622
21,MFC,-0.025,alexnet conv4,-0.0137776509358931
21,MFC,-0.025,resnet50 avgpool,-0.01934686271051438
21,MFC,-0.025,clip ln_post,0.035779049628963326
21,MFC,-0.025,category,0.02245447110423248
21,MFC,-0.025,low-level,-0.004252187639111208
21,MFC,-0.0,alexnet conv1,-0.01633066175379141
21,MFC,-0.0,alexnet conv4,-0.016696400750798108
21,MFC,-0.0,resnet50 avgpool,-0.013531782288240316
21,MFC,-0.0,clip ln_post,0.038197342225418984
21,MFC,-0.0,category,0.043234789192083546
21,MFC,-0.0,low-level,0.003927248474630434
21,MFC,0.025,alexnet conv1,-0.00034985691271432004
21,MFC,0.025,alexnet conv4,-0.008828354332931583
21,MFC,0.025,resnet50 avgpool,-0.0009378097723297499
21,MFC,0.025,clip ln_post,0.019478160943626303
21,MFC,0.025,category,0.033185621974464126
21,MFC,0.025,low-level,0.008057587551636831
21,MFC,0.05,alexnet conv1,0.010638356174022617
21,MFC,0.05,alexnet conv4,0.007809344404314004
21,MFC,0.05,resnet50 avgpool,0.01936658684481562
21,MFC,0.05,clip ln_post,0.005206335386782606
21,MFC,0.05,category,0.009804842856091674
21,MFC,0.05,low-level,-0.004614762784454428
21,MFC,0.075,alexnet conv1,-0.0027029135942187423
21,MFC,0.075,alexnet conv4,-0.010513931746943313
21,MFC,0.075,resnet50 avgpool,0.013861451120991955
21,MFC,0.075,clip ln_post,0.0020753078788515195
21,MFC,0.075,category,0.00425124389058276
21,MFC,0.075,low-level,-0.008412497928031566
21,MFC,0.1,alexnet conv1,0.008888752647808772
21,MFC,0.1,alexnet conv4,-0.0026100149192037347
21,MFC,0.1,resnet50 avgpool,-0.0010084809395786297
21,MFC,0.1,clip ln_post,0.004696889221142716
21,MFC,0.1,category,0.012528528347209664
21,MFC,0.1,low-level,-0.007448703976815916
21,MFC,0.125,alexnet conv1,0.003864221134338379
21,MFC,0.125,alexnet conv4,-0.01796007435708666
21,MFC,0.125,resnet50 avgpool,-0.0044148086480605385
21,MFC,0.125,clip ln_post,0.014287014944488776
21,MFC,0.125,category,0.024874344563189883
21,MFC,0.125,low-level,-0.010967037511321241
21,MFC,0.15,alexnet conv1,0.01611253319047931
21,MFC,0.15,alexnet conv4,-0.02292982323129029
21,MFC,0.15,resnet50 avgpool,-0.012158301765052918
21,MFC,0.15,clip ln_post,0.004913788650636468
21,MFC,0.15,category,0.01426641815355484
21,MFC,0.15,low-level,0.0025549294265190883
21,MFC,0.175,alexnet conv1,0.00902981790364761
21,MFC,0.175,alexnet conv4,-0.03965073255602331
21,MFC,0.175,resnet50 avgpool,-0.027491783200151294
21,MFC,0.175,clip ln_post,-0.0101004208451095
21,MFC,0.175,category,0.007206506385235745
21,MFC,0.175,low-level,-0.015332031604906352
21,MFC,0.2,alexnet conv1,0.01952414311362749
21,MFC,0.2,alexnet conv4,-0.023038655540115617
21,MFC,0.2,resnet50 avgpool,-0.012610368484459896
21,MFC,0.2,clip ln_post,-0.01526057752935378
21,MFC,0.2,category,-0.007429585150108902
21,MFC,0.2,low-level,-0.017710442594624363
21,MFC,0.225,alexnet conv1,0.022394235016365817
21,MFC,0.225,alexnet conv4,-0.016548487463685622
21,MFC,0.225,resnet50 avgpool,-0.00805272256588138
21,MFC,0.225,clip ln_post,-0.022133710196394128
21,MFC,0.225,category,-0.012182225121739904
21,MFC,0.225,low-level,-0.014947689675613579
21,MFC,0.25,alexnet conv1,-0.0016390507522273197
21,MFC,0.25,alexnet conv4,0.0012507153462167438
21,MFC,0.25,resnet50 avgpool,-0.011077519404720603
21,MFC,0.25,clip ln_post,-0.0008262727247350852
21,MFC,0.25,category,0.01676702487979967
21,MFC,0.25,low-level,-0.017325029401911926
21,MFC,0.275,alexnet conv1,0.010408293897307743
21,MFC,0.275,alexnet conv4,-0.007631846526672095
21,MFC,0.275,resnet50 avgpool,-0.00224804225885142
21,MFC,0.275,clip ln_post,-0.003119129234821896
21,MFC,0.275,category,-0.00661375423857278
21,MFC,0.275,low-level,-0.0024069823100354515
21,MFC,0.3,alexnet conv1,-0.013165031631944072
21,MFC,0.3,alexnet conv4,-0.0054042968121236845
21,MFC,0.3,resnet50 avgpool,0.011926415924140968
21,MFC,0.3,clip ln_post,0.005576668734575579
21,MFC,0.3,category,0.007964974185804483
21,MFC,0.3,low-level,-0.009569104796484179
21,MFC,0.325,alexnet conv1,-0.006672070216010782
21,MFC,0.325,alexnet conv4,0.02398443937850149
21,MFC,0.325,resnet50 avgpool,0.02483421223972681
21,MFC,0.325,clip ln_post,0.007212127129771557
21,MFC,0.325,category,0.023695213948860334
21,MFC,0.325,low-level,0.005545608539095168
21,MFC,0.35,alexnet conv1,0.0036312285897131865
21,MFC,0.35,alexnet conv4,0.010749579091742342
21,MFC,0.35,resnet50 avgpool,0.010146522223370919
21,MFC,0.35,clip ln_post,-0.001074087366690047
21,MFC,0.35,category,0.01612753242049662
21,MFC,0.35,low-level,0.012446793809428704
21,MFC,0.375,alexnet conv1,-0.012259915530444412
21,MFC,0.375,alexnet conv4,-0.02430558643156891
21,MFC,0.375,resnet50 avgpool,-0.013547438843391714
21,MFC,0.375,clip ln_post,-0.010028883001590279
21,MFC,0.375,category,0.014763565115272164
21,MFC,0.375,low-level,0.007733687432127005
21,MFC,0.4,alexnet conv1,0.0021262339698074994
21,MFC,0.4,alexnet conv4,-0.029873382205369316
21,MFC,0.4,resnet50 avgpool,-0.003590159733140518
21,MFC,0.4,clip ln_post,-0.006482703061863521
21,MFC,0.4,category,0.019184773779091616
21,MFC,0.4,low-level,0.017090688515208154
21,MFC,0.425,alexnet conv1,-0.001379790506367564
21,MFC,0.425,alexnet conv4,-0.004563831860731142
21,MFC,0.425,resnet50 avgpool,0.007645499094313633
21,MFC,0.425,clip ln_post,0.0017568301242598555
21,MFC,0.425,category,0.023117333719855578
21,MFC,0.425,low-level,0.028625740499159655
21,MFC,0.45,alexnet conv1,0.014055008284394157
21,MFC,0.45,alexnet conv4,-0.018267034016263926
21,MFC,0.45,resnet50 avgpool,-0.0013292655350980436
21,MFC,0.45,clip ln_post,-0.02247179932071654
21,MFC,0.45,category,-0.0003845452994480158
21,MFC,0.45,low-level,0.006913644144450308
21,MFC,0.475,alexnet conv1,0.008098880326428044
21,MFC,0.475,alexnet conv4,-0.004187130536550323
21,MFC,0.475,resnet50 avgpool,-4.0683846110564394e-05
21,MFC,0.475,clip ln_post,-0.008004112981387763
21,MFC,0.475,category,-0.0015360566381266046
21,MFC,0.475,low-level,0.003823266653258638
21,MFC,0.5,alexnet conv1,-0.010359574770088507
21,MFC,0.5,alexnet conv4,0.007940897163170747
21,MFC,0.5,resnet50 avgpool,-0.005591547214190593
21,MFC,0.5,clip ln_post,0.012534593914935102
21,MFC,0.5,category,0.007387093956799729
21,MFC,0.5,low-level,-0.005479636432590875
21,MFC,0.525,alexnet conv1,-0.019289312506503297
21,MFC,0.525,alexnet conv4,-0.013899256248710135
21,MFC,0.525,resnet50 avgpool,-0.00365627843358645
21,MFC,0.525,clip ln_post,0.008671917655212441
21,MFC,0.525,category,0.01740226821977181
21,MFC,0.525,low-level,-0.008085519335747346
21,MFC,0.55,alexnet conv1,-0.003452364649845905
21,MFC,0.55,alexnet conv4,0.0009559552026441191
21,MFC,0.55,resnet50 avgpool,0.01687307222523057
21,MFC,0.55,clip ln_post,0.003246777117694793
21,MFC,0.55,category,0.033459690171308294
21,MFC,0.55,low-level,-0.010839294584024646
21,MFC,0.575,alexnet conv1,-0.008161946328858553
21,MFC,0.575,alexnet conv4,-0.004447126973963138
21,MFC,0.575,resnet50 avgpool,0.015663665763029397
21,MFC,0.575,clip ln_post,-0.0006180175050306532
21,MFC,0.575,category,0.03609201959681156
21,MFC,0.575,low-level,-0.010832585092080457
21,MFC,0.6,alexnet conv1,0.0012729122464565958
21,MFC,0.6,alexnet conv4,0.02242215713494172
21,MFC,0.6,resnet50 avgpool,0.0292926108379717
21,MFC,0.6,clip ln_post,0.0012763129037181046
21,MFC,0.6,category,0.02789121928814117
21,MFC,0.6,low-level,-0.013754273229507967
21,MFC,0.625,alexnet conv1,-0.003860135835041749
21,MFC,0.625,alexnet conv4,0.004473599262347019
21,MFC,0.625,resnet50 avgpool,0.035155661308532454
21,MFC,0.625,clip ln_post,0.011633434238937224
21,MFC,0.625,category,0.011933651640881244
21,MFC,0.625,low-level,-0.017248903651296176
21,MFC,0.65,alexnet conv1,0.03994285884141376
21,MFC,0.65,alexnet conv4,0.01656972747599874
21,MFC,0.65,resnet50 avgpool,0.0377871965405531
21,MFC,0.65,clip ln_post,0.012973043506994126
21,MFC,0.65,category,0.018150113222013254
21,MFC,0.65,low-level,-0.0036848272009897924
21,MFC,0.675,alexnet conv1,0.03345805191484938
21,MFC,0.675,alexnet conv4,0.022887547793813377
21,MFC,0.675,resnet50 avgpool,0.031622554004370425
21,MFC,0.675,clip ln_post,0.00918926217355398
21,MFC,0.675,category,-0.005525979689857951
21,MFC,0.675,low-level,-0.0019140239355237192
21,MFC,0.7,alexnet conv1,0.02407653098137627
21,MFC,0.7,alexnet conv4,0.026481353044425608
21,MFC,0.7,resnet50 avgpool,0.015844786605228922
21,MFC,0.7,clip ln_post,0.007797286649883692
21,MFC,0.7,category,0.005642830471458178
21,MFC,0.7,low-level,-0.013727731671459357
21,MFC,0.725,alexnet conv1,0.02482719183975255
21,MFC,0.725,alexnet conv4,0.009494035810986167
21,MFC,0.725,resnet50 avgpool,0.02072710266424147
21,MFC,0.725,clip ln_post,6.471236515967066e-05
21,MFC,0.725,category,0.009010257541210138
21,MFC,0.725,low-level,-0.006713129407048836
21,MFC,0.75,alexnet conv1,0.009435441729236828
21,MFC,0.75,alexnet conv4,-0.013884411598466272
21,MFC,0.75,resnet50 avgpool,-0.015263098622965461
21,MFC,0.75,clip ln_post,-0.010716207222566875
21,MFC,0.75,category,-0.006807089168129518
21,MFC,0.75,low-level,-0.01879306946114542
21,MFC,0.775,alexnet conv1,-0.0041867278059414285
21,MFC,0.775,alexnet conv4,-0.020922628374859954
21,MFC,0.775,resnet50 avgpool,-0.038591265921358586
21,MFC,0.775,clip ln_post,-0.004950532180469605
21,MFC,0.775,category,-0.008355893164248873
21,MFC,0.775,low-level,-0.01902634552811927
21,MFC,0.8,alexnet conv1,0.01586967213501376
21,MFC,0.8,alexnet conv4,-0.0019661856039877887
21,MFC,0.8,resnet50 avgpool,-0.0036504114540760685
21,MFC,0.8,clip ln_post,-0.010590268528398127
21,MFC,0.8,category,-0.005011836250816957
21,MFC,0.8,low-level,0.011976803967003465
21,MFC,0.825,alexnet conv1,0.006509077083978831
21,MFC,0.825,alexnet conv4,-0.027615030042930186
21,MFC,0.825,resnet50 avgpool,-0.022094527729993527
21,MFC,0.825,clip ln_post,-0.030827120778742074
21,MFC,0.825,category,-0.030959083445063457
21,MFC,0.825,low-level,-0.0024237375142879157
21,MFC,0.85,alexnet conv1,0.008797240977010798
21,MFC,0.85,alexnet conv4,-0.0338611175956109
21,MFC,0.85,resnet50 avgpool,-0.02445927487561295
21,MFC,0.85,clip ln_post,-0.036196781147578364
21,MFC,0.85,category,-0.04204078666009578
21,MFC,0.85,low-level,0.00710961769150588
21,MFC,0.875,alexnet conv1,0.017031586992891607
21,MFC,0.875,alexnet conv4,-0.010373783105970319
21,MFC,0.875,resnet50 avgpool,-0.007921324455578454
21,MFC,0.875,clip ln_post,-0.020196861100880682
21,MFC,0.875,category,-0.028428732883502207
21,MFC,0.875,low-level,0.005574542316960615
21,MFC,0.9,alexnet conv1,0.007119706898719917
21,MFC,0.9,alexnet conv4,-0.013201989414461143
21,MFC,0.9,resnet50 avgpool,0.010244608068628494
21,MFC,0.9,clip ln_post,-0.017176663445595042
21,MFC,0.9,category,-0.012779226387733784
21,MFC,0.9,low-level,0.004654476855258775
21,MFC,0.925,alexnet conv1,0.0408180101746892
21,MFC,0.925,alexnet conv4,0.009636778037080447
21,MFC,0.925,resnet50 avgpool,0.020688690218765075
21,MFC,0.925,clip ln_post,0.009394609678262191
21,MFC,0.925,category,-0.0017697582013270563
21,MFC,0.925,low-level,-0.004374788501993433
21,MFC,0.95,alexnet conv1,0.018293470864354223
21,MFC,0.95,alexnet conv4,-0.011691599815318698
21,MFC,0.95,resnet50 avgpool,-0.018694526113916136
21,MFC,0.95,clip ln_post,-0.018781272676149666
21,MFC,0.95,category,-0.00781200588989146
21,MFC,0.95,low-level,-0.0002303313007616158
21,MFC,0.975,alexnet conv1,0.002985749689923206
21,MFC,0.975,alexnet conv4,0.0021951476206791614
21,MFC,0.975,resnet50 avgpool,-0.005028537877567679
21,MFC,0.975,clip ln_post,-0.0031650276368564313
21,MFC,0.975,category,-0.002993504568631239
21,MFC,0.975,low-level,-0.005111350567213522
21,MFC,1.0,alexnet conv1,0.0009220275652283759
21,MFC,1.0,alexnet conv4,0.015912261702365614
21,MFC,1.0,resnet50 avgpool,0.013501796578024439
21,MFC,1.0,clip ln_post,0.011479781235186764
21,MFC,1.0,category,0.03349368312595563
21,MFC,1.0,low-level,-0.013077518270631208
21,MFC,1.025,alexnet conv1,-3.340086577930874e-05
21,MFC,1.025,alexnet conv4,0.01331886022624001
21,MFC,1.025,resnet50 avgpool,0.03428582279744955
21,MFC,1.025,clip ln_post,0.037455456061549305
21,MFC,1.025,category,0.03570534973769809
21,MFC,1.025,low-level,-0.01945959506255624
21,MFC,1.05,alexnet conv1,-0.005573955941194063
21,MFC,1.05,alexnet conv4,-0.00851225591077727
21,MFC,1.05,resnet50 avgpool,0.02868185214943577
21,MFC,1.05,clip ln_post,0.02001277938324456
21,MFC,1.05,category,0.05868246251963339
21,MFC,1.05,low-level,-0.019365923144772156
21,MFC,1.075,alexnet conv1,-0.010282770821127376
21,MFC,1.075,alexnet conv4,-0.00714082448092793
21,MFC,1.075,resnet50 avgpool,0.014637184376155597
21,MFC,1.075,clip ln_post,-0.004016453304500657
21,MFC,1.075,category,0.028993865754514205
21,MFC,1.075,low-level,-0.018960739101007856
21,MFC,1.1,alexnet conv1,-0.00971168270849003
21,MFC,1.1,alexnet conv4,-0.012865213191923729
21,MFC,1.1,resnet50 avgpool,0.001599014496935858
21,MFC,1.1,clip ln_post,-0.002029585067362462
21,MFC,1.1,category,0.0037116057355562632
21,MFC,1.1,low-level,-0.020948768813222104
21,MFC,1.125,alexnet conv1,-0.006653998888128448
21,MFC,1.125,alexnet conv4,-0.01769989427451619
21,MFC,1.125,resnet50 avgpool,-0.005454074315383096
21,MFC,1.125,clip ln_post,-0.013163079193952149
21,MFC,1.125,category,-0.007064160887650014
21,MFC,1.125,low-level,-0.019141378277399142
21,MFC,1.15,alexnet conv1,-0.003975787178536885
21,MFC,1.15,alexnet conv4,-0.006605841972839231
21,MFC,1.15,resnet50 avgpool,-0.0054490095752456336
21,MFC,1.15,clip ln_post,-0.00660311629207823
21,MFC,1.15,category,0.02150266837410701
21,MFC,1.15,low-level,-0.032067432787869846
21,MFC,1.175,alexnet conv1,0.0002087368855126704
21,MFC,1.175,alexnet conv4,0.002438480676418341
21,MFC,1.175,resnet50 avgpool,0.014059282061615748
21,MFC,1.175,clip ln_post,0.013246489535821594
21,MFC,1.175,category,0.04030714597308153
21,MFC,1.175,low-level,-0.029078387150643446
21,MFC,1.2,alexnet conv1,-0.021843396198743707
21,MFC,1.2,alexnet conv4,-0.01720660888275003
21,MFC,1.2,resnet50 avgpool,-0.012030816585346014
21,MFC,1.2,clip ln_post,0.007474282203248048
21,MFC,1.2,category,0.016384604140017116
21,MFC,1.2,low-level,-0.029262195011465517
