subject,unit,area,t,pref_minus_nonpref,rho_alexnet conv1,rho_resnet50 avgpool,rho_clip ln_post
1,34,amygdala,-0.15,-0.6451612903225801,0.05078744549840137,-0.08939509637501415,-0.02349142778206599
1,34,amygdala,-0.125,-0.13440860215053796,0.1340596659119799,-0.1349576732434477,-0.07453460851182807
1,34,amygdala,-0.1,5.134408602150536,-0.006962619300360381,-0.027671292145917542,-0.02111823868675483
1,34,amygdala,-0.075,7.043010752688174,0.13607333070463726,-0.150582369908736,-0.21140283178366395
1,34,amygdala,-0.05,6.612903225806451,0.2376914699133961,-0.15240971921954977,-0.26420419697816966
1,34,amygdala,-0.025,7.983870967741934,0.08197718950426866,-0.1453080853584244,-0.2588228332585631
1,34,amygdala,-0.0,6.155913978494625,0.0607459491584684,-0.21860868524523341,-0.43844507809451166
1,34,amygdala,0.025,2.983870967741935,-0.03324906656952365,-0.11995691630340036,-0.3269789248057376
1,34,amygdala,0.05,1.397849462365591,-0.11130156716424036,-0.03676015062305186,-0.21175378431820496
1,34,amygdala,0.075,3.172043010752687,0.008712067960900308,-0.04131863810695994,-0.2155090495591129
1,34,amygdala,0.1,1.4516129032258078,0.028773541613417518,-0.06945337630824917,-0.12137804335774975
1,34,amygdala,0.125,2.93010752688172,0.08015013055136357,0.08769127443032212,-0.05210013254212921
1,34,amygdala,0.15,1.424731182795699,0.09982365266742736,0.0661328513331565,-0.1814257297266825
1,34,amygdala,0.175,-1.8010752688172058,0.11213220137432793,0.023436732690632456,-0.1495181491455994
1,34,amygdala,0.2,-1.720430107526882,0.00918247585521819,0.10294038721902497,-0.042096946095252365
1,34,amygdala,0.225,-0.026881720430107947,-0.02259649877380144,0.04886142575890774,-0.02223984603103569
1,34,amygdala,0.25,-0.349462365591398,-0.10377958435573265,0.03430477678065906,0.14207979878814503
1,34,amygdala,0.275,4.327956989247312,-0.11390981286448448,0.15421949212106137,0.24552027983785063
1,34,amygdala,0.3,3.198924731182796,-0.1646678623188994,0.12912035281892698,0.24382336809387373
1,34,amygdala,0.325,-0.026881720430107947,-0.0822004628332999,0.11578747533029626,0.24487245825781362
1,34,amygdala,0.35,1.0752688172043001,-0.07855876143819843,0.23821453185702496,0.28664429496658317
1,34,amygdala,0.375,-0.32258064516128826,-0.14347097973830514,0.14268253790673496,0.24202620868457927
1,34,amygdala,0.4,2.39247311827957,-0.03698664146020777,0.014779393870963354,-0.0006359463799898171
1,34,amygdala,0.425,2.204301075268818,-0.18787605984913752,0.09636559909187936,0.008312200185450948
1,34,amygdala,0.45,6.478494623655915,-0.16757115785923168,0.06006262073851571,-0.026121909019413636
1,34,amygdala,0.475,5.080645161290322,-0.1350981174227339,0.057070816170296475,-0.04842372281116064
1,34,amygdala,0.5,3.602150537634408,-0.12049457133289596,0.1356519222722349,0.05005746990890922
1,34,amygdala,0.525,9.784946236559142,-0.12093539157633668,0.0816772754238159,0.11550553525134516
1,34,amygdala,0.55,3.252688172043011,-0.05990377382952099,0.000994147735894178,-0.02809104628090728
1,34,amygdala,0.575,7.903225806451612,0.07810525486202581,0.11105193403020935,0.06423966401518409
1,34,amygdala,0.6,12.849462365591398,0.020119017161527433,0.11043839761738573,-0.0005595681132156808
1,34,amygdala,0.625,15.107526881720432,0.08575496695479616,0.1437265526109919,0.07495884641335107
1,34,amygdala,0.65,16.559139784946233,0.05357427203795169,0.20037339799411308,0.15405477367136322
1,34,amygdala,0.675,12.93010752688172,-0.08449289420363607,0.2536830802987307,0.1091483652972281
1,34,amygdala,0.7,7.71505376344086,-0.005133562658455933,0.23014195579774333,0.1905547810683568
1,34,amygdala,0.725,1.1290322580645142,-0.02987962030386528,0.15019046099701655,0.17904768197483
1,34,amygdala,0.75,1.048387096774194,-0.07225725222199962,0.17681864649243734,0.21692473602850135
1,34,amygdala,0.775,4.596774193548387,-0.09710831298099999,0.24356339901448282,0.3931122464673183
1,34,amygdala,0.8,4.54301075268817,-0.1426323327329453,0.25370996562845044,0.3630826268391907
1,34,amygdala,0.825,2.28494623655914,-0.052075393196311326,0.22026621190498316,0.251841682023527
1,34,amygdala,0.85,5.725806451612904,-0.1077690904065716,0.18102857163104355,0.24634394593054665
1,34,amygdala,0.875,5.940860215053765,-0.14142175671762863,0.09758838977672667,0.10611083778903203
1,34,amygdala,0.9,7.123655913978494,-0.15101312402475778,0.07606605826171278,-0.011698557940617813
1,34,amygdala,0.925,9.220430107526884,-0.17592981424351664,0.12871055674092777,0.021629466339895553
1,34,amygdala,0.95,3.46774193548387,-0.049972545985477665,0.1288605040755294,-0.07921856526451039
1,34,amygdala,0.975,-1.9086021505376332,-0.08662814097889182,0.08935037624606992,0.003561803153317138
1,34,amygdala,1.0,-0.05376344086021412,-0.20433825343872639,0.2867802733319572,0.17090894225784492
1,34,amygdala,1.025,-1.881720430107527,-0.2145388840641648,0.38184823512331756,0.2699193203458482
1,34,amygdala,1.05,3.494623655913978,-0.2310726399209545,0.28643830720262164,0.3501649039817045
1,34,amygdala,1.075,8.440860215053762,-0.1542374372612277,0.2661341856099967,0.2605227690071407
1,34,amygdala,1.1,7.284946236559139,-0.04267156500024747,0.13643202993225725,0.269049557629689
1,34,amygdala,1.125,9.05913978494624,-0.05305712283010118,0.05280167207020661,0.21051697122911114
1,34,amygdala,1.15,8.897849462365592,-0.061702100066068695,0.11428103130029281,0.17987127852867968
1,36,amygdala,-0.15,1.6935483870967758,-0.0652111968297019,-0.12919920591113274,-0.11722215920931174
1,36,amygdala,-0.125,3.25268817204301,0.018353496431160188,-0.1513268786524628,-0.09831134717861013
1,36,amygdala,-0.1,6.908602150537635,-0.07171342365244157,-0.14684541677106142,-0.04742627341511522
1,36,amygdala,-0.075,5.268817204301075,-0.04810580062451326,-0.13404361403481227,-0.08201184981932122
1,36,amygdala,-0.05,8.68279569892473,-0.009407782463786853,-0.03903718429946338,0.015236517251133057
1,36,amygdala,-0.025,5.618279569892472,0.0009711407972024979,0.10038529082661612,0.18428674443755824
1,36,amygdala,-0.0,3.790322580645161,0.053763911147379655,0.2151580520393232,0.18233646437697046
1,36,amygdala,0.025,8.924731182795698,0.022070483586825312,0.25344059360455007,0.20544685993192763
1,36,amygdala,0.05,2.311827956989248,-0.05712101025916437,0.2646317286559408,0.18372732816811727
1,36,amygdala,0.075,3.897849462365591,-0.10268828147846083,0.13615743436362926,-0.021603748761253427
1,36,amygdala,0.1,0.8870967741935489,-0.1677191726095,0.006566701304180606,-0.03439213990438559
1,36,amygdala,0.125,-0.940860215053763,-0.18932356128629438,-0.13014403991083937,-0.1183335891933292
1,36,amygdala,0.15,0.8870967741935489,-0.244408201951415,-0.16092563813191385,-0.15944761960275294
1,36,amygdala,0.175,0.7795698924731198,-0.13227583124083642,-0.04774498427754408,-0.00942637731322299
1,36,amygdala,0.2,3.951612903225807,-0.1438311737243554,-0.08988811034244541,-0.05702770925582824
1,36,amygdala,0.225,0.887096774193548,-0.08469132907273139,0.08374662627632164,0.07235912770338279
1,36,amygdala,0.25,-0.5376344086021501,0.1017378265960604,0.12073229158664234,0.12336190165926321
1,36,amygdala,0.275,-2.0430107526881716,0.030191431834887605,0.2134107307007974,0.18546895678417408
1,36,amygdala,0.3,-2.2043010752688166,0.12037331104116256,0.3690852508424362,0.3233612635519331
1,36,amygdala,0.325,0.913978494623656,0.11702853679493959,0.27681504302817006,0.2243707194852096
1,36,amygdala,0.35,5.725806451612902,0.0851794040559669,0.09849187379165993,0.06865357955648589
1,36,amygdala,0.375,8.9247311827957,0.05303438858534498,-0.08621592339462858,-0.08303029217253914
1,36,amygdala,0.4,5.833333333333331,0.0,-0.08075723222633749,-0.16552296443988174
1,36,amygdala,0.425,3.897849462365591,0.12026312413059476,-0.05279533287209857,-0.23922486499561335
1,36,amygdala,0.45,0.645161290322581,0.17058335425824903,0.10420573105315631,-0.09413692876206121
1,36,amygdala,0.475,-1.075268817204301,0.15234539914686768,0.0005090056770693874,-0.1421907358893334
1,36,amygdala,0.5,0.48387096774193417,0.17699826787987075,-0.14401420437009002,-0.1669930166523112
1,36,amygdala,0.525,2.043010752688174,0.05831129786234955,-0.07411243626910512,-0.0699327803034472
1,36,amygdala,0.55,-0.08064516129032206,0.041758515241510134,-0.16930299128136067,-0.17904154611790338
1,36,amygdala,0.575,-0.24193548387096797,-0.09371764922231365,-0.2146823643084444,-0.23740953264846051
1,36,amygdala,0.6,1.666666666666667,-0.04857526913253257,-0.07061073105197964,-0.12911603412730605
1,36,amygdala,0.625,-1.0752688172043001,0.015414460209138147,-0.1292833886733481,-0.22263356285587171
1,36,amygdala,0.65,2.903225806451613,-0.0007131125400945516,-0.0458684173110817,-0.1222223957112055
1,36,amygdala,0.675,2.983870967741936,0.015322839480921568,-0.03714705012263348,-0.09571038171610577
1,36,amygdala,0.7,-0.6182795698924748,-0.029691073278050064,-0.11350064328838068,-0.08511270661719858
1,36,amygdala,0.725,5.51075268817204,-0.13830086002080694,-0.14367823098995514,-0.0677804807396919
1,36,amygdala,0.75,8.333333333333334,-0.05302618337316849,-0.04438808814803437,-0.01574732403874009
1,36,amygdala,0.775,13.413978494623656,0.07421949737591435,0.01778496254547325,0.0587955976791908
1,36,amygdala,0.8,18.521505376344088,0.0041865185396253455,-0.013989098534845666,0.02335771014486092
1,36,amygdala,0.825,12.258064516129032,0.0799985325648182,0.10882360381857349,0.07605620488002396
1,36,amygdala,0.85,10.77956989247312,0.11304350539383021,-0.04740699511753052,-0.011127439632778931
1,36,amygdala,0.875,5.752688172043011,0.1036161658402566,0.12339394940631296,0.13691132344564605
1,36,amygdala,0.9,2.043010752688173,0.12446076750163128,0.053851986760726375,0.06638760363139427
1,36,amygdala,0.925,6.989247311827959,0.11812819351725885,0.06548438586170457,0.11589839251140041
1,36,amygdala,0.95,8.978494623655914,-0.03161441854813103,-0.010759636385418889,0.01318758283818562
1,36,amygdala,0.975,10.672043010752688,-0.09932739794301414,-0.06020776332516813,-0.04911145199561495
1,36,amygdala,1.0,14.408602150537634,-0.13016679852884716,-0.049668232732438714,-0.06866054141458368
1,36,amygdala,1.025,11.397849462365592,0.03539676249778192,0.04745107122718528,0.03611184860884822
1,36,amygdala,1.05,6.048387096774192,0.052146743256840156,0.04623609669534355,0.00695972235812587
1,36,amygdala,1.075,4.67741935483871,0.12465726222912481,0.06009711222280646,-0.06191823683561878
1,36,amygdala,1.1,2.849462365591397,-0.0007772443600474615,-0.03463919031278187,-0.09417610829241742
1,36,amygdala,1.125,0.8870967741935489,-0.08927155866880844,-0.03432532569782813,-0.0756442758074984
1,36,amygdala,1.15,1.0215053763440851,0.01967247404253296,-0.0680339727304265,-0.03568197440266721
1,38,amygdala,-0.15,-2.6612903225806446,0.07637603661033708,0.1436430046341202,0.19445655532492548
1,38,amygdala,-0.125,-2.688172043010753,-0.013776232849633344,0.029013581304530824,0.14191085316127985
1,38,amygdala,-0.1,-2.6612903225806455,-0.06709255851309498,-0.09510837532254912,0.07537526987752118
1,38,amygdala,-0.075,-2.043010752688172,0.044854633926359654,-0.07676992640994851,0.04430346522392925
1,38,amygdala,-0.05,-0.21505376344086002,0.13887782102073828,-0.068910456092482,0.021481672087111915
1,38,amygdala,-0.025,3.333333333333333,0.06113613757734258,0.04793477743874358,0.08285450425697322
1,38,amygdala,-0.0,5.080645161290323,-0.00024254097843452564,0.06346488935703422,0.12331861303515437
1,38,amygdala,0.025,5.0,0.005260063033634522,0.07086249020183533,0.16025658709139845
1,38,amygdala,0.05,3.279569892473118,-0.08640731549696877,0.15380502158460443,0.1621798844712337
1,38,amygdala,0.075,-0.05376344086021523,-0.005620582001759572,0.1723821895067959,0.18699040027552008
1,38,amygdala,0.1,-1.9354838709677422,0.026889401052085413,0.12736253035052406,0.10805799462948722
1,38,amygdala,0.125,-1.8817204301075268,-0.036606163701768,0.08409381329468206,0.09856724598484719
1,38,amygdala,0.15,-1.7204301075268815,-0.01681863153050046,0.07657392744218376,0.1868116876634261
1,38,amygdala,0.175,-1.6935483870967742,-0.05781607870402382,0.08060742159700836,0.1701505388906828
1,38,amygdala,0.2,0.026881720430107503,0.015837301100722487,0.11078098645159676,0.18705641974613876
1,38,amygdala,0.225,1.6935483870967742,0.009624850868457735,0.16936546970186678,0.06865017939877865
1,38,amygdala,0.25,6.478494623655914,0.05778603162096541,0.07877008365659709,0.046495120373366644
1,38,amygdala,0.275,9.274193548387096,0.24783225281777377,0.16399191383561812,0.07799101300665642
1,38,amygdala,0.3,7.5,0.2559326864736461,0.20173333350829983,0.15400866240008548
1,38,amygdala,0.325,5.698924731182796,0.28669208049040806,0.17537831195261294,0.2353884664129839
1,38,amygdala,0.35,0.725806451612903,0.27747743754089604,0.28183380983283257,0.23174857150637584
1,38,amygdala,0.375,-0.5107526881720428,0.11720087687407117,0.21940046557294465,0.2582023841038448
1,38,amygdala,0.4,1.370967741935484,0.01812613820263078,0.03813930838823338,0.033514751134189745
1,38,amygdala,0.425,2.876344086021505,-0.09824774569716724,0.013357664912698216,0.02594673402684832
1,38,amygdala,0.45,2.903225806451613,-0.23340971368975144,-0.02944715980185539,0.08963673149738925
1,38,amygdala,0.475,0.9408602150537635,-0.36173468707400297,-0.044679881814960784,0.09381449368625
1,38,amygdala,0.5,-0.9408602150537637,-0.23129244963181667,0.1095039638748007,0.22952242174771256
1,38,amygdala,0.525,-0.8870967741935483,-0.11288016089533351,0.0956575880123977,0.2501874518795943
1,38,amygdala,0.55,-0.9139784946236562,-0.04336328664018847,0.11059722866644224,0.2474886617919891
1,38,amygdala,0.575,1.102150537634409,0.178023900674607,0.16866529042059636,0.22334481100582707
1,38,amygdala,0.6,2.956989247311828,0.18287884055994147,0.26936628528464013,0.2563110770025591
1,38,amygdala,0.625,3.118279569892473,0.042683726963187556,0.06954983443722368,0.13366815799458798
1,38,amygdala,0.65,3.091397849462366,-0.07043705901016395,-0.0015593945521949995,0.15438006066730495
1,38,amygdala,0.675,2.7419354838709675,-0.18430929706403398,-0.11636742141925134,0.08479688780550827
1,38,amygdala,0.7,1.1290322580645165,-0.14445220778068357,-0.11181181860025854,0.08986670257361355
1,38,amygdala,0.725,-0.7258064516129037,-0.0969857552133418,-0.04205576995976769,0.08913118345833261
1,38,amygdala,0.75,-0.6989247311827957,0.09151682994953832,0.08866917523515074,0.11179004149416913
1,38,amygdala,0.775,-0.6182795698924728,0.054578547777790115,0.019684924666138214,-0.024553802309624524
1,38,amygdala,0.8,2.553763440860215,0.07329382628785727,0.045067905951469686,-0.025392932015332114
1,38,amygdala,0.825,4.35483870967742,0.12334833823245425,0.17258325165180002,0.030177921480786695
1,38,amygdala,0.85,5.913978494623657,-0.10827606074788393,0.07453249387097491,0.03565058164546276
1,38,amygdala,0.875,4.543010752688172,-0.05194196089068454,0.0922389566181812,0.08330212288829282
1,38,amygdala,0.9,6.209677419354839,-0.23356964109789133,0.14185615374570798,0.10191556105993774
1,38,amygdala,0.925,6.236559139784947,-0.2523637382030792,0.10792042505574351,0.13450155277856418
1,38,amygdala,0.95,6.236559139784947,-0.18978585405721807,0.1676085714030399,0.06410579563889081
1,38,amygdala,0.975,6.182795698924732,-0.06721201202253278,0.2851466334616771,0.15035576022818448
1,38,amygdala,1.0,2.983870967741935,-0.06924168124038153,0.20622151007135342,0.0902911523374575
1,38,amygdala,1.025,1.2096774193548385,-0.06225226924848307,0.18633707057394658,0.019281676315901837
1,38,amygdala,1.05,-0.40322580645161277,0.07034998337318923,0.07413704789869924,-0.07087596455728784
1,38,amygdala,1.075,-0.4569892473118278,0.08112495248026795,0.09866264447276599,-0.07169975573579668
1,38,amygdala,1.1,-2.096774193548387,0.1360985338027235,0.06111456025701184,-0.020109338359986306
1,38,amygdala,1.125,-0.3225806451612905,0.12373208533939317,0.07940266601809737,0.02850690201446804
1,38,amygdala,1.15,-0.3225806451612907,-0.014908700495610085,0.1307337898839036,0.22744313807235844
2,0,amygdala,-0.15,-0.32258064516129037,0.09889448718978451,0.05527061851680425,0.22836683704374294
2,0,amygdala,-0.125,-0.40322580645161293,0.25355598817350644,-0.01509392676311005,0.18171329307045106
2,0,amygdala,-0.1,-0.456989247311828,0.3109956996851247,-0.063868129451635,0.14285232621761113
2,0,amygdala,-0.075,-0.4301075268817205,0.3127709824687982,-0.044692035442953124,0.09282755558396985
2,0,amygdala,-0.05,-0.2956989247311828,0.3603620470049798,-0.08524162236319373,-0.04373265842981243
2,0,amygdala,-0.025,-0.21505376344086022,0.33809776890515775,-0.053970812573973875,-0.07563256728053482
2,0,amygdala,-0.0,-0.2150537634408602,0.072282338268715,0.038871835246731185,-0.003120761271284204
2,0,amygdala,0.025,-0.2688172043010753,0.04051546265629133,0.014370869232787097,-0.0036360030588979395
2,0,amygdala,0.05,-0.34946236559139787,0.08279506086125592,-0.049138223563394326,0.05600619149001546
2,0,amygdala,0.075,-0.40322580645161293,0.061601096572970776,-0.06319226880917297,0.029967077115141377
2,0,amygdala,0.1,-0.456989247311828,0.17316048539494336,-0.11482946725171862,-0.0422528181215297
2,0,amygdala,0.125,-0.456989247311828,0.02849126197392838,0.00020746064544122604,-0.05248754329663019
2,0,amygdala,0.15,-0.43010752688172044,-0.1276410216675982,0.09377425031900592,-0.00041554320673119313
2,0,amygdala,0.175,-0.43010752688172044,-0.08400898496082287,0.10208511445362979,0.14502457914918643
2,0,amygdala,0.2,-0.3225806451612903,-0.19478700120956957,0.10748048106531546,0.12233550690361109
2,0,amygdala,0.225,-0.24193548387096775,-0.12153177779120511,0.07803619416066855,0.09594614036147772
2,0,amygdala,0.25,-0.24193548387096775,-0.06828959958339552,0.16370228609809934,0.1120261509294815
2,0,amygdala,0.275,-0.24193548387096775,-0.0962846639287391,0.28408106278307677,-0.05034522227351135
2,0,amygdala,0.3,-0.24193548387096775,-0.11594967279305339,0.24398050590253675,-0.027649159585975885
2,0,amygdala,0.325,-0.2956989247311828,-0.16662676804856677,0.2913789863508243,0.05251518013091356
2,0,amygdala,0.35,-0.29569892473118276,-0.08797793172135027,0.00991300639113806,-0.10706964773391243
2,0,amygdala,0.375,-0.2688172043010753,-0.08476456384617118,-0.11305215873342184,-0.08289836835013728
2,0,amygdala,0.4,-0.37634408602150543,-0.01544180826608941,-0.1424821951490954,-0.09903241321670607
2,0,amygdala,0.425,-0.4301075268817205,0.06581846865879,-0.17095230736181827,-0.1855216903018619
2,0,amygdala,0.45,-0.4838709677419355,0.13910605855790237,-0.03645366729751613,-0.08643104174240679
2,0,amygdala,0.475,1.1827956989247312,0.20928729395329573,-0.023522612665039352,-0.07532921276417437
2,0,amygdala,0.5,6.182795698924732,0.28393271735797904,-0.03520794974199225,-0.14734636763124823
2,0,amygdala,0.525,7.795698924731183,0.07403249948871489,-0.11422551693501345,-0.13231928080259114
2,0,amygdala,0.55,7.903225806451614,0.003670631659458873,-0.18650964262118389,-0.13352788376295674
2,0,amygdala,0.575,6.129032258064516,-0.062069964103361686,-0.09040338720786861,-0.011794611013271488
2,0,amygdala,0.6,2.8763440860215055,-0.2293477435352754,-0.06272226847173068,0.0636904181504564
2,0,amygdala,0.625,4.596774193548387,-0.15388908627269818,0.08448366873168808,0.06561691221671917
2,0,amygdala,0.65,6.182795698924731,-0.16634994175225276,0.08410828738100701,-0.03542942653821358
2,0,amygdala,0.675,7.876344086021506,-0.17234244164914325,0.04823649210714418,-0.08445714590762717
2,0,amygdala,0.7,6.155913978494624,-0.12367231445599229,0.05186146818115416,-0.0385849323267787
2,0,amygdala,0.725,2.7688172043010755,0.04738073830818318,0.1728935019045124,0.07334775853697159
2,0,amygdala,0.75,0.913978494623656,-0.11117546292889108,0.32004141286437643,0.24780910910122145
2,0,amygdala,0.775,-0.8602150537634408,-0.09606795359144531,0.23922332766390247,0.22762425663284275
2,0,amygdala,0.8,2.4731182795698925,-0.11202445805806907,0.2780913191041516,0.18732895281710396
2,0,amygdala,0.825,4.139784946236559,-0.19057131198604113,0.27004970109940046,0.09932512149264469
2,0,amygdala,0.85,5.967741935483871,-0.09458410339668456,0.10762256624809668,0.03895753791438877
2,0,amygdala,0.875,5.940860215053764,-0.18325754393381097,0.06138584621525454,-0.05344106530974132
2,0,amygdala,0.9,2.634408602150538,-0.08087978453787485,0.044401541338695026,-0.15352555336213583
2,0,amygdala,0.925,1.0483870967741935,-0.14212943540990533,0.08413816198046833,-0.06452029624783351
2,0,amygdala,0.95,-0.6451612903225806,-0.17413112941341183,0.023312720589995964,-0.09264298873312608
2,0,amygdala,0.975,-0.456989247311828,-0.16640349998458673,0.020676181599040645,0.044831528370996784
2,0,amygdala,1.0,-0.5376344086021506,-0.20842259239917488,-0.0586487038190162,0.18702632260200933
2,0,amygdala,1.025,-0.6989247311827957,-0.05223413308061319,-0.1937814455456235,0.0031148794956328972
2,0,amygdala,1.05,-0.6182795698924731,0.04071018704273797,-0.10589801819345132,0.027408519915640833
2,0,amygdala,1.075,-0.6989247311827956,0.13967848893964263,-0.15373317456400912,-0.02859179752874563
2,0,amygdala,1.1,-0.5645161290322581,0.20640374444105122,-0.10617519249220575,-0.034746358988820183
2,0,amygdala,1.125,-0.43010752688172044,0.07757340796168267,-0.1210615306068684,-0.0821279072927663
2,0,amygdala,1.15,-0.456989247311828,0.035934493008085766,-0.08615939093605375,-0.038891128508751045
3,39,hippocampus,-0.15,0.43010752688172094,0.06326961448058235,0.12336262176110228,0.024625269038500517
3,39,hippocampus,-0.125,0.5107526881720434,0.057910517917084355,0.07209106881606944,-0.07079712655526821
3,39,hippocampus,-0.1,0.8333333333333339,-0.027517890269981703,-0.109573143620318,-0.0981882395429376
3,39,hippocampus,-0.075,0.967741935483871,0.09195028694768448,-0.13303950139580475,-0.09737617039403883
3,39,hippocampus,-0.05,-0.5645161290322582,0.09423091659761118,-0.036702116806575834,0.024232304101415164
3,39,hippocampus,-0.025,2.661290322580645,0.08559739627909521,-0.1376615225044258,-0.08042234758802319
3,39,hippocampus,-0.0,2.5268817204301075,0.2049739044259521,0.10076754732074006,0.13723977230756426
3,39,hippocampus,0.025,0.7526881720430114,0.09629514489418729,0.038194113357379766,0.05480933640477616
3,39,hippocampus,0.05,0.5376344086021514,0.1593985443641692,0.03301620286797036,-0.024360959247602027
3,39,hippocampus,0.075,-2.876344086021505,0.15403872049376094,0.14641225470345612,0.04668562218162293
3,39,hippocampus,0.1,-1.2096774193548383,0.1567013058980615,-0.004499735232337283,-0.05397050854692261
3,39,hippocampus,0.125,-1.1559139784946237,0.19523437286182574,0.1905072108832978,0.12295787441416917
3,39,hippocampus,0.15,-1.1290322580645158,0.1260410776065602,0.11002046216707438,0.016754784395796123
3,39,hippocampus,0.175,-1.0752688172043008,0.01762747877439283,-0.09403910482726748,-0.11803421910606654
3,39,hippocampus,0.2,-1.4247311827956988,-0.04465827865348968,-0.10533584757368672,-0.15390880809299556
3,39,hippocampus,0.225,0.16129032258064546,0.03801060389115496,-0.11004558460774837,-0.15013931361066488
3,39,hippocampus,0.25,2.0430107526881724,0.03175868023888822,-0.05480891845946454,-0.059537835045076044
3,39,hippocampus,0.275,5.268817204301076,0.1306329478939557,0.057787945550863556,0.024065330424820536
3,39,hippocampus,0.3,5.295698924731184,0.04660381663989986,0.0466555124986241,-0.04241645208323665
3,39,hippocampus,0.325,3.521505376344086,0.14523171142390925,-0.01574271359346351,-0.08640367641675614
3,39,hippocampus,0.35,1.5591397849462365,0.12614310735475087,0.042771771128486666,-0.06392492033229688
3,39,hippocampus,0.375,-0.18817204301075252,0.07581846714803475,0.07651122471588481,-0.03835824310873501
3,39,hippocampus,0.4,1.7473118279569895,0.07602629766486915,0.0659836346963003,-0.010582038729029086
3,39,hippocampus,0.425,5.32258064516129,0.01389900465609963,0.07433393601262173,-0.012560581985512258
3,39,hippocampus,0.45,5.188172043010754,0.012441710936904653,0.03717057739534869,-0.004353310866121918
3,39,hippocampus,0.475,3.682795698924732,-0.009507503488242381,-0.11292108651199351,-0.0898017474285626
3,39,hippocampus,0.5,3.736559139784946,0.0938822401361153,0.0005519392617184829,0.03926653604797208
3,39,hippocampus,0.525,0.40322580645161255,-0.11231124896754503,-0.12774530577747284,-0.11733508625131349
3,39,hippocampus,0.55,2.0430107526881724,-0.08084494755571155,-0.061520397188362434,-0.046994385643674905
3,39,hippocampus,0.575,5.349462365591398,-0.124479939625165,0.05684359060415517,0.11744908017572363
3,39,hippocampus,0.6,8.602150537634408,0.007536960297711763,-0.10722685784373436,-0.07751932017543404
3,39,hippocampus,0.625,8.548387096774192,0.16465029518976076,-0.026717422567884026,0.03461179093009808
3,39,hippocampus,0.65,6.908602150537634,0.15873482070241082,-0.0953907885399867,0.0037215588051363
3,39,hippocampus,0.675,5.295698924731184,0.20938558664035534,-0.07510654994697015,0.0031033609179477255
3,39,hippocampus,0.7,0.456989247311828,0.05419603196231391,-0.07865642023779894,0.02713738355885355
3,39,hippocampus,0.725,2.204301075268817,0.23456805598782185,-0.0246900136083291,0.07577636637278805
3,39,hippocampus,0.75,2.365591397849462,0.22017939116654192,-0.036998204410441694,0.007756436983321109
3,39,hippocampus,0.775,0.6451612903225805,0.17515604469127014,-0.08633383031290957,-0.0430097540575842
3,39,hippocampus,0.8,0.4301075268817205,0.08525904979598178,0.03167870291965678,0.045686468135759085
3,39,hippocampus,0.825,2.1236559139784945,-0.028732791132485322,-0.14572561824141514,-0.13301638183676448
3,39,hippocampus,0.85,2.069892473118279,-0.042495022313234466,-0.15901948288799997,-0.06998722882197944
3,39,hippocampus,0.875,3.494623655913978,0.004731489360398743,-0.16940283218214516,-0.10652314844176404
3,39,hippocampus,0.9,3.3602150537634414,0.05263763325520945,-0.13888693816234765,-0.09776298044996479
3,39,hippocampus,0.925,3.4139784946236564,-0.08191330715872087,-0.06035041840493662,-0.08468567856992171
3,39,hippocampus,0.95,3.1720430107526885,0.016288551978044574,-0.019280857852605474,-0.09221506103864212
3,39,hippocampus,0.975,1.827956989247312,0.05651195078752481,-0.003120770407042327,-0.0688129874752833
3,39,hippocampus,1.0,0.053763440860215006,0.09765196606612425,0.0007227742664159342,-0.09819404676593621
3,39,hippocampus,1.025,-1.8010752688172038,0.15642554362194688,0.10868678512398977,0.05407302742487052
3,39,hippocampus,1.05,-1.5591397849462358,0.03796515202157708,0.03644757480662244,0.012680772321570121
3,39,hippocampus,1.075,0.1612903225806459,0.09255846710783447,0.09219821730535749,0.058669253546250376
3,39,hippocampus,1.1,0.45698924731182844,0.04003534047534934,0.10101700599321393,0.03920986953771327
3,39,hippocampus,1.125,-1.1559139784946237,0.0707970736259947,-0.032234930911725426,-0.09542893521120653
3,39,hippocampus,1.15,0.6989247311827955,0.0955273160802288,-0.07690118272943426,-0.1415325629298836
4,8,amygdala,-0.15,0.9946236559139786,-0.08100112387726467,-0.1481443719057316,-0.14762316861053346
4,8,amygdala,-0.125,1.0752688172043012,0.05286764362522127,0.04339881193115178,-0.005523485154873863
4,8,amygdala,-0.1,0.8333333333333336,0.015995082031264703,-0.04870835106808274,-0.034940432357627046
4,8,amygdala,-0.075,-0.8602150537634408,0.06240672193465879,0.015428968153587231,0.10688014692960705
4,8,amygdala,-0.05,-0.9946236559139786,-0.006797130156962358,-0.11996934727038562,-0.06584719839557283
4,8,amygdala,-0.025,-0.9946236559139785,-0.15503596402439013,-0.3519598266924609,-0.22406925055088672
4,8,amygdala,-0.0,0.7795698924731184,-0.19510645672121193,-0.4376312635451007,-0.31386567188538456
4,8,amygdala,0.025,2.553763440860215,-0.15696386271601814,-0.4211501313759977,-0.3903660829541305
4,8,amygdala,0.05,2.7150537634408605,-0.08288478903772548,-0.1880655239603169,-0.1635555750575132
4,8,amygdala,0.075,4.301075268817204,-0.14277341085734938,-0.08124788773959424,-0.03528799768660895
4,8,amygdala,0.1,2.6075268817204305,-0.10612074571536675,-0.09778542208576675,-0.022796962859754057
4,8,amygdala,0.125,0.7795698924731185,-0.1550237590999909,-0.14478768598671213,-0.09320814208163881
4,8,amygdala,0.15,0.5913978494623657,-0.01801369185211963,0.011094146727972088,-0.04546312705534954
4,8,amygdala,0.175,-0.9946236559139784,0.04963176906494827,0.10828490899777991,0.06798755521568889
4,8,amygdala,0.2,-1.1021505376344085,-0.018956096101552078,0.08944469049399016,0.04830294117728825
4,8,amygdala,0.225,0.510752688172043,-0.009374303423900334,0.1260016666094839,0.07758614657310454
4,8,amygdala,0.25,2.338709677419355,-0.02344483775539392,0.07982136081756976,0.044654104184478884
4,8,amygdala,0.275,2.28494623655914,-0.08514739311688374,-0.07691647844891832,-0.07856266138251139
4,8,amygdala,0.3,2.3655913978494625,-0.05437663335426395,-0.0899997049919987,-0.010173879694747682
4,8,amygdala,0.325,2.473118279569893,-0.03688975760014305,-0.06197595282351077,0.036338731346681793
4,8,amygdala,0.35,2.3655913978494625,0.013185729166952355,-0.06186709802194783,0.05151301134421083
4,8,amygdala,0.375,2.39247311827957,0.1396110429637644,0.02926133492322164,0.09083265407520018
4,8,amygdala,0.4,2.473118279569893,0.06977088730158415,0.06241595705689462,0.036688122632333627
4,8,amygdala,0.425,0.7258064516129034,0.17446460627610708,0.19863792895169397,0.1417578438366471
4,8,amygdala,0.45,0.8064516129032259,0.2391146286596509,0.2557708175710016,0.1462910758724361
4,8,amygdala,0.475,0.7795698924731186,0.07303997849978043,0.08253460373937602,0.011153324829645407
4,8,amygdala,0.5,0.752688172043011,0.09898859705965504,-0.00683765164660623,0.0040625377984020265
4,8,amygdala,0.525,0.6451612903225807,0.08484940409539697,0.05650981603425972,0.09162380761598753
4,8,amygdala,0.55,0.6182795698924732,0.06081657912294172,0.07583821801064894,0.06151852486535795
4,8,amygdala,0.575,2.258064516129032,0.23724202950598633,0.1562420086968246,0.108295311485113
4,8,amygdala,0.6,2.39247311827957,0.28204676333642165,0.22629726812385356,0.17957146459971335
4,8,amygdala,0.625,2.634408602150538,0.2905224144965298,0.13148385563296555,0.15352761821744454
4,8,amygdala,0.65,0.8870967741935485,0.17524989595805573,-0.0036928922782800016,0.12024057258079683
4,8,amygdala,0.675,0.8870967741935486,-0.0034045677074619894,-0.09336951615420093,-0.017504901221552353
4,8,amygdala,0.7,0.8333333333333336,-0.009423798767748397,-0.07142247487135628,0.028446451388714204
4,8,amygdala,0.725,2.338709677419355,0.08819176547546212,-0.01880373422841005,0.031442771157386265
4,8,amygdala,0.75,4.005376344086022,0.19673177131383876,0.017694552994606764,0.04779790593271571
4,8,amygdala,0.775,2.473118279569893,0.2688217467398591,0.14072432778326738,0.11061400673504086
4,8,amygdala,0.8,2.39247311827957,0.18544891685066703,0.09996128288481869,0.07219896215135507
4,8,amygdala,0.825,0.8602150537634411,0.03848869130585836,0.08581937926306255,0.12084062090172645
4,8,amygdala,0.85,2.6075268817204305,0.11194621055700553,0.27106509639372334,0.25346423639614224
4,8,amygdala,0.875,2.526881720430108,0.005105522288633778,0.12917551563230803,0.1860614770414605
4,8,amygdala,0.9,4.059139784946237,0.0810273921807297,0.17006692691462028,0.21780004474016543
4,8,amygdala,0.925,3.9516129032258065,0.011850142665950244,0.08497282395062901,0.16727796175607962
4,8,amygdala,0.95,0.645161290322581,-0.16334446965803012,-0.07014983526843739,0.032550426176026034
4,8,amygdala,0.975,0.7526881720430109,-0.05238423601749354,0.09029085076202047,0.1739904982009607
4,8,amygdala,1.0,-0.7526881720430108,0.05878602936777434,0.04291144528499359,0.14304796825615232
4,8,amygdala,1.025,0.9408602150537635,0.1764888546410641,-0.006455120202998188,0.04650620691705513
4,8,amygdala,1.05,0.967741935483871,0.2089993258097138,0.003193538085377631,-0.03087086815865043
4,8,amygdala,1.075,0.7795698924731184,0.03629914558488603,-0.17737082501705673,-0.20789510653162
4,8,amygdala,1.1,0.8064516129032258,-0.01300261160584788,-0.15247212549727138,-0.1708709644362305
4,8,amygdala,1.125,-0.8870967741935484,-0.11196222232836349,-0.16767164993900263,-0.14410667645277744
4,8,amygdala,1.15,-0.9677419354838711,-0.01837245203687434,0.005613804789044937,0.09852510930268261
4,13,amygdala,-0.15,-0.9408602150537635,-0.07383938844630883,0.015164768104496639,0.015579429732353971
4,13,amygdala,-0.125,-1.021505376344086,0.013302694380815256,-0.02005636998953685,-0.017308121040533257
4,13,amygdala,-0.1,-0.9408602150537635,0.08077377735313364,-0.08721460048386558,-0.0997449291200168
4,13,amygdala,-0.075,-0.9139784946236559,-2.8496183760118395e-05,-0.05912958130224568,-0.04733216122555665
4,13,amygdala,-0.05,-1.1021505376344087,0.06786875076828688,-0.23041273170633808,-0.1284977954208463
4,13,amygdala,-0.025,-0.967741935483871,0.0619116306164017,-0.22339542291540335,-0.09272479239783665
4,13,amygdala,-0.0,-0.9408602150537636,0.03253421286302167,-0.154191402451874,0.0316977836316142
4,13,amygdala,0.025,-0.8333333333333333,0.04145739084484688,-0.18685954797946247,0.018830573603218968
4,13,amygdala,0.05,-0.5913978494623656,0.012962236712847642,-0.16140287642951914,-6.579815590277991e-05
4,13,amygdala,0.075,-0.7258064516129034,-0.029702894931336703,-0.18281229256082368,0.003905684526882948
4,13,amygdala,0.1,-0.7258064516129032,-0.016872671843551162,-0.24575563050494828,-0.06294539618369699
4,13,amygdala,0.125,-0.6989247311827957,-0.04908528430561477,-0.30211782999398085,-0.08782495057964561
4,13,amygdala,0.15,-0.6989247311827957,-0.1709046149306161,-0.24987765994841354,-0.062155902288030286
4,13,amygdala,0.175,-0.6451612903225806,-0.11791068153246631,-0.13144037903806835,0.032180448739959976
4,13,amygdala,0.2,-0.8064516129032258,-0.18532621393662066,-0.14413600666975787,-0.02199188555373625
4,13,amygdala,0.225,-0.6989247311827957,-0.10860124021515184,0.01831067422232211,0.07756780442111282
4,13,amygdala,0.25,-0.6720430107526881,-0.07097511963167144,-0.1151045574396968,-0.027667153115679334
4,13,amygdala,0.275,1.0483870967741935,-0.12868160726400002,-0.18275544014145526,-0.05320004813238758
4,13,amygdala,0.3,1.2903225806451613,-0.012331634079762604,-0.14809343942557981,0.03555304963919249
4,13,amygdala,0.325,1.2365591397849462,-0.025796113913974166,-0.09090906351752275,0.0951076034373144
4,13,amygdala,0.35,2.903225806451613,-0.11333369241802771,-0.06969875657749508,0.07423796131258403
4,13,amygdala,0.375,2.8225806451612905,-0.11961442579188367,-0.14578111259270124,-0.02973037176234129
4,13,amygdala,0.4,5.994623655913979,-0.058551226494326654,-0.089274534902064,-0.014830832644991531
4,13,amygdala,0.425,7.607526881720431,0.07350646573586282,-0.023860407083002275,0.03478064630352977
4,13,amygdala,0.45,7.419354838709678,-0.11554719061821131,-0.11874794382093183,-0.11438328036267655
4,13,amygdala,0.475,5.806451612903226,-0.1453078980547522,-0.15635419000637715,-0.1485466014541815
4,13,amygdala,0.5,2.5,-0.12116264513600877,-0.11892325772590746,-0.09870983978736124
4,13,amygdala,0.525,2.338709677419355,-0.30926649694536457,-0.21107423929613833,-0.1634123142937845
4,13,amygdala,0.55,2.5,-0.19953435558002502,-0.0846115478799514,-0.11099357031598371
4,13,amygdala,0.575,4.139784946236559,-0.24517396801302965,-0.20062314799463563,-0.1883731170686959
4,13,amygdala,0.6,5.913978494623656,-0.2749761013297664,-0.263865955821493,-0.23295847656177504
4,13,amygdala,0.625,4.327956989247312,-0.17967714345303382,-0.0895385307944016,-0.10520382577642039
4,13,amygdala,0.65,2.5000000000000004,-0.027212719724680985,-0.053741403871583104,-0.03774091948701658
4,13,amygdala,0.675,0.8333333333333335,0.1291240811271432,0.12175744387857372,0.11531163628607542
4,13,amygdala,0.7,-0.8333333333333334,0.14338688727794882,0.12640215624128404,0.05160974413246204
4,13,amygdala,0.725,-0.7258064516129032,0.32894133368619993,0.21720160568760036,0.1327960584628518
4,13,amygdala,0.75,1.075268817204301,0.24750473955887167,0.17780361736641578,0.10178994071124692
4,13,amygdala,0.775,1.129032258064516,0.15387961058294475,0.046951455984953615,-0.031300970656635736
4,13,amygdala,0.8,0.9946236559139785,0.26460153522446417,-0.047838595961785746,-0.06871859305565282
4,13,amygdala,0.825,0.7258064516129032,-0.01606333733820835,-0.35798294639435757,-0.27194351871157313
4,13,amygdala,0.85,-0.967741935483871,0.008824051313404241,-0.4014660525441449,-0.2964541854714848
4,13,amygdala,0.875,-1.209677419354839,-0.04500943176257464,-0.32514725842361436,-0.18011991104012673
4,13,amygdala,0.9,-1.2365591397849462,0.024868076664111314,-0.20435546955409273,-0.02284583746285391
4,13,amygdala,0.925,-1.102150537634409,0.017929817166059,-0.10041816478338818,-0.023048626122983803
4,13,amygdala,0.95,-1.0483870967741935,0.026530369442631083,-0.017724665177254066,0.012458231115002856
4,13,amygdala,0.975,-0.9946236559139786,0.04874069306462744,0.03365157663690983,0.07669826350239854
4,13,amygdala,1.0,0.7258064516129032,-0.006938286947138171,-0.02587951755810187,0.007992203951766754
4,13,amygdala,1.025,0.8064516129032259,0.23111027215311095,0.10205512553813688,0.2063396106147282
4,13,amygdala,1.05,0.7795698924731184,0.14242001463974874,0.19654785257364168,0.30844929264772997
4,13,amygdala,1.075,0.8602150537634411,0.08978318302988265,0.22959466156328828,0.3322705350574296
4,13,amygdala,1.1,-0.8333333333333333,0.1268382510820367,0.14353813926550302,0.24379525344652064
4,13,amygdala,1.125,0.8870967741935485,0.058636257209496674,0.07826971870757139,0.1422765640398598
4,13,amygdala,1.15,0.806451612903226,0.1719781938434342,0.09280442163558,0.19712239183032415
4,15,amygdala,-0.15,0.6182795698924732,0.15247447723174115,0.12735100325730328,0.1787916004221591
4,15,amygdala,-0.125,-1.0215053763440862,0.10437588846518334,0.24146617090403497,0.2623003824507719
4,15,amygdala,-0.1,-0.913978494623656,-0.015837928693269873,0.18245525912210167,0.1955375042515242
4,15,amygdala,-0.075,-0.7526881720430109,-0.06433195605897962,0.17898473780264765,0.1574612566744812
4,15,amygdala,-0.05,-0.752688172043011,-0.17693308963164658,-0.08543366480422845,-0.1423492041262966
4,15,amygdala,-0.025,-0.9139784946236559,-0.22152037210571776,-0.18032595947378163,-0.23936363440172354
4,15,amygdala,-0.0,-0.9408602150537635,-0.22762287812669227,-0.15066424828754021,-0.19553236035294078
4,15,amygdala,0.025,-1.1021505376344085,-0.2613783820690306,-0.23412632483838214,-0.22927091196412658
4,15,amygdala,0.05,-1.2365591397849462,-0.09892542888276444,-0.022342454485247465,0.04242028441203969
4,15,amygdala,0.075,-1.2096774193548387,0.03360803185542246,0.03783352128936816,0.09223319982970227
4,15,amygdala,0.1,-1.2365591397849462,-0.009812996899883413,0.021509864264787425,0.06773498433186002
4,15,amygdala,0.125,-1.2903225806451613,0.002605534448817132,-0.011654863771052976,0.002521484950468192
4,15,amygdala,0.15,-1.2903225806451615,0.02598892491414858,-0.07496275266859398,-0.010527857176251067
4,15,amygdala,0.175,-1.1290322580645162,-0.014706338467062409,-0.1390927737457277,-0.053520968428793926
4,15,amygdala,0.2,-1.1290322580645162,0.08217886629481957,-0.08631677497028883,-0.037434280484078604
4,15,amygdala,0.225,-1.075268817204301,0.1593060251874707,0.002504274779652987,0.09755288573466409
4,15,amygdala,0.25,0.7258064516129034,0.09948410855559771,-0.0681083512419092,-0.01683577221710115
4,15,amygdala,0.275,0.6989247311827956,0.18564446417046615,-0.09200204782853845,0.002375706122839603
4,15,amygdala,0.3,0.7795698924731183,0.10879348485755119,-0.04450380358833549,0.03925448910157136
4,15,amygdala,0.325,0.913978494623656,0.11713339821648955,0.13491148190608737,0.18383946094165865
4,15,amygdala,0.35,-0.7258064516129034,0.16719122258385583,0.17330387877314102,0.20890506317227464
4,15,amygdala,0.375,0.9946236559139785,0.026529935050193073,0.04958571193905133,-0.0024950772249586342
4,15,amygdala,0.4,0.9946236559139785,0.030653314548221046,-0.00949163546924611,-0.05539380700084616
4,15,amygdala,0.425,2.634408602150538,-0.08456295401391424,-0.03165721657913469,-0.0775109086864611
4,15,amygdala,0.45,2.7150537634408605,-0.12897086943256938,0.0003868159043216277,-0.06018210778070659
4,15,amygdala,0.475,0.9677419354838711,0.016662568605385973,0.10242484144664724,0.10384293239178646
4,15,amygdala,0.5,0.8870967741935485,-0.02468922311950891,0.08399835935090345,0.06215084136767466
4,15,amygdala,0.525,-0.8064516129032258,0.1006433317280473,0.01825763589069524,0.03908039417925675
4,15,amygdala,0.55,0.6182795698924732,0.10840216040514794,0.17029793374100463,0.2298824805679632
4,15,amygdala,0.575,3.924731182795699,0.14760500601544593,0.20843599112621025,0.15777601360382384
4,15,amygdala,0.6,3.8709677419354835,0.16172351096443566,0.2538516199239985,0.23759206359464666
4,15,amygdala,0.625,3.8709677419354835,0.10456866525048798,0.23377913974143744,0.23106881728850232
4,15,amygdala,0.65,5.53763440860215,0.13097243495222946,0.1229216555923473,0.06726748747385872
4,15,amygdala,0.675,3.844086021505376,0.09299685645800305,0.08219166614672374,0.04824836907632955
4,15,amygdala,0.7,5.268817204301075,0.1704758518879092,0.15352699788747035,0.22691718122917642
4,15,amygdala,0.725,5.188172043010753,0.15416135768729,0.13566739446210724,0.19619800110569818
4,15,amygdala,0.75,3.575268817204301,0.04527536992915105,0.15279417635549536,0.15401783500222915
4,15,amygdala,0.775,3.494623655913978,0.03187716694362511,0.2159394887627802,0.2424498568724109
4,15,amygdala,0.8,3.817204301075269,-0.13136681875369108,-0.07213272854448355,-0.03947094048520089
4,15,amygdala,0.825,5.618279569892474,-0.16218130317960985,-0.09137566089412014,0.003190451865828391
4,15,amygdala,0.85,4.005376344086022,0.06334423843596447,-0.087370388668258,-0.008875542556400195
4,15,amygdala,0.875,4.059139784946236,-0.13243457825645175,-0.19632920370318405,-0.140670772169969
4,15,amygdala,0.9,4.005376344086022,-0.06726328947259687,-0.10655083661401044,-0.07137141295866514
4,15,amygdala,0.925,2.3118279569892475,-0.010288284432280472,-0.053999282931858836,-0.03416165162320754
4,15,amygdala,0.95,3.951612903225806,-0.12455121136837877,-0.028959496055088296,0.10399476285410479
4,15,amygdala,0.975,3.897849462365591,-0.03516428684781915,-0.1440394039163848,-0.02566042553759776
4,15,amygdala,1.0,2.4193548387096775,-0.07309533472683354,-0.141964845414772,-0.06470079237929874
4,15,amygdala,1.025,4.112903225806452,-0.03774758194602286,-0.1729017769533694,-0.1059869177294509
4,15,amygdala,1.05,2.553763440860215,0.11815405313119037,-0.23490360043021205,-0.25465446369508415
4,15,amygdala,1.075,1.0752688172043012,0.21866329214906216,0.10006625233940133,-0.007412314988103803
4,15,amygdala,1.1,0.913978494623656,0.1833083032652612,0.10046847525012136,0.02284317145911046
4,15,amygdala,1.125,-0.8602150537634409,0.06925292858467552,0.10805090458198742,0.046674256838871456
4,15,amygdala,1.15,-0.967741935483871,-0.07087027209730039,0.11366633012707114,0.15623414251401646
4,25,amygdala,-0.15,4.596774193548388,0.07724267397444895,-0.05099786363550361,-0.08497958338072763
4,25,amygdala,-0.125,3.1720430107526916,0.10674607471458174,-0.020199992322085896,-0.011922551859276263
4,25,amygdala,-0.1,-0.3494623655914033,0.0777444071097278,-0.05519220836440189,-0.07021015237193955
4,25,amygdala,-0.075,4.6505376344086,0.057525252809276006,-0.05454283636310088,-0.052394485533228966
4,25,amygdala,-0.05,-2.0698924731182835,-0.040222277407004944,-0.005738816449648098,-0.008089961514922429
4,25,amygdala,-0.025,-1.2634408602150522,0.021322936746225016,0.056793793608428726,0.02109555945864679
4,25,amygdala,-0.0,4.166666666666664,-0.013485926032025317,0.14493582302957544,0.08503204672252666
4,25,amygdala,0.025,2.4462365591397877,-0.035959350834939764,0.12648992466692593,0.08982251347799299
4,25,amygdala,0.05,9.032258064516125,0.03913316572580606,0.09496550675487733,0.07073780763864233
4,25,amygdala,0.075,2.4193548387096833,-0.022974361902275784,0.08217752526583262,0.0877570131563853
4,25,amygdala,0.1,0.2956989247311803,-0.035305404203883756,0.10846688916715358,0.12798840379490906
4,25,amygdala,0.125,2.1774193548387117,0.03311570010307493,0.11237581348957894,0.1365358544356726
4,25,amygdala,0.15,1.1021505376344152,-0.002376034241992456,0.16950729390214264,0.20011769248781142
4,25,amygdala,0.175,5.13440860215054,-0.00989410397460109,0.08864102381347745,0.018316777101697403
4,25,amygdala,0.2,5.107526881720435,-0.15011744332966992,0.07174693569713762,-0.03481167387419257
4,25,amygdala,0.225,5.241935483870964,-0.07441014121053031,0.027265170708685133,-0.1023076210729419
4,25,amygdala,0.25,9.70430107526882,-0.219138627225407,0.07013751307664516,-0.07398205039638914
4,25,amygdala,0.275,22.12365591397849,-0.10953175485924281,0.11719290945812338,0.04887462653345253
4,25,amygdala,0.3,30.752688172043012,-0.008511104386991491,0.06404795467480837,0.003485259363219067
4,25,amygdala,0.325,34.193548387096776,0.0013379995002932884,0.11014512867508712,0.05450454568175867
4,25,amygdala,0.35,32.15053763440859,0.06456145121160273,0.16934109697201513,0.14365807644304557
4,25,amygdala,0.375,23.84408602150538,0.07468867944662944,0.2596284654063545,0.2260375161729973
4,25,amygdala,0.4,19.516129032258057,0.026561725419362348,0.2564519439966382,0.30136953859839255
4,25,amygdala,0.425,16.559139784946225,-0.022214154185057684,0.29007141561420213,0.381275664558081
4,25,amygdala,0.45,18.68279569892473,-0.0804744550933871,0.2895564381068183,0.4098006867063251
4,25,amygdala,0.475,18.413978494623663,-0.07022441439425296,0.24258653485202328,0.3904699973574577
4,25,amygdala,0.5,18.03763440860216,-0.10972984553817632,0.2594532657041647,0.38198408493950053
4,25,amygdala,0.525,18.46774193548388,-0.07808157132093617,0.19642908398304745,0.269458466929934
4,25,amygdala,0.55,14.247311827956992,0.0024497527302654023,0.11294117742007091,0.13799431874402227
4,25,amygdala,0.575,18.118279569892472,-0.09043658129005325,0.07450540239724934,0.04918214973562918
4,25,amygdala,0.6,12.392473118279568,-0.021025363453081963,0.036390052130334166,-0.06158510905668358
4,25,amygdala,0.625,10.3494623655914,-0.017760692574166098,-0.05631377489020801,-0.08688338799794768
4,25,amygdala,0.65,10.806451612903231,-0.037822010033912994,-0.050817005460003416,-0.06340748740979531
4,25,amygdala,0.675,0.967741935483879,0.016702138814731777,-0.07436368310401759,-0.03302525783790383
4,25,amygdala,0.7,-0.7258064516129075,0.040755155797127865,-0.05456746696257331,-0.008736854960226914
4,25,amygdala,0.725,3.1451612903225836,0.046944942631965594,0.013845978774121177,0.03795010970571169
4,25,amygdala,0.75,-0.18817204301075208,0.06521349329140319,0.0934146051793232,0.1058867173302923
4,25,amygdala,0.775,6.397849462365599,0.036760548725326456,0.1385414761320631,0.11496210145071123
4,25,amygdala,0.8,6.236559139784951,0.03086442600437892,0.12653657562220436,0.1351422741238341
4,25,amygdala,0.825,-1.559139784946236,0.12149870781312906,0.09998646777639049,0.10364758843991996
4,25,amygdala,0.85,1.7204301075268837,0.10103605817059107,0.08092473490336802,0.06091434675919252
4,25,amygdala,0.875,2.6612903225806477,0.09378112290435509,0.11686026839024105,0.07658539196793457
4,25,amygdala,0.9,7.983870967741936,0.0658306151385559,0.20712004670848527,0.1051773590044797
4,25,amygdala,0.925,13.5752688172043,0.09032969473553475,0.1440071559528198,-0.012933110655647034
4,25,amygdala,0.95,14.274193548387093,0.09060182030304095,0.19214967525764906,0.09656778838103137
4,25,amygdala,0.975,14.19354838709678,0.07059118528681906,0.21592002949478323,0.13301584018408133
4,25,amygdala,1.0,9.2741935483871,0.1098711010494576,0.04367515440151171,-0.05594772096277078
4,25,amygdala,1.025,9.38172043010752,0.07360725376884539,0.018503061384121725,-0.03077937434075515
4,25,amygdala,1.05,6.15591397849462,0.06137265059259968,-0.04202912540582321,-0.08043766952668695
4,25,amygdala,1.075,0.8602150537634436,0.12975370737847153,-0.22111994100903432,-0.24205856305334816
4,25,amygdala,1.1,4.543010752688176,0.17569140682082524,-0.22180503465679285,-0.21599663684612883
4,25,amygdala,1.125,-0.8870967741935516,0.09975670866281727,-0.19638181431951066,-0.18125415141089607
4,25,amygdala,1.15,-1.1290322580645231,0.12311597707388744,-0.2495942590658092,-0.23275745398753217
4,33,hippocampus,-0.15,-0.7526881720430101,-0.02356212738354296,-0.10729046544808966,-0.06411445905338123
4,33,hippocampus,-0.125,-0.9677419354838683,-0.0006343995977129951,-0.0524014067710934,-0.008830842400164893
4,33,hippocampus,-0.1,0.456989247311828,0.002257250744994267,-0.06726099972724489,0.05541677390800531
4,33,hippocampus,-0.075,-2.822580645161291,-0.09444350675678825,-0.06466059735280913,-0.0722393972777366
4,33,hippocampus,-0.05,1.155913978494624,-0.030714485788362934,0.006132760363683028,-0.03869721105514043
4,33,hippocampus,-0.025,15.645161290322582,-0.09072546310182937,-0.028205988947579915,-0.2169301575842624
4,33,hippocampus,-0.0,20.887096774193544,0.053937070301635484,0.06660276351599602,-0.2813357586933307
4,33,hippocampus,0.025,20.752688172043012,0.1370783464029189,0.07628707973727662,-0.20355056581495418
4,33,hippocampus,0.05,16.586021505376348,0.1333177064087826,0.1679970413331436,-0.22977594426491832
4,33,hippocampus,0.075,1.9892473118279579,0.177742859945953,0.23227096929982216,-0.11093387347376253
4,33,hippocampus,0.1,-4.758064516129032,0.1690326268877621,0.06138112939782092,-0.1640379624964483
4,33,hippocampus,0.125,-4.623655913978492,0.2055760177983142,0.016437963910822754,-0.07823253194595274
4,33,hippocampus,0.15,-4.569892473118276,0.09328776326026746,-0.22629033343554225,-0.15131876399945077
4,33,hippocampus,0.175,-3.306451612903225,0.12173233045594695,-0.16859737363043661,-0.03724323853574018
4,33,hippocampus,0.2,-0.4301075268817218,-0.0062054814206561025,-0.20673917405128467,-0.07146476554116249
4,33,hippocampus,0.225,0.6451612903225818,-0.06162943871775984,-0.29355208351354717,-0.11242042177963688
4,33,hippocampus,0.25,5.188172043010752,-0.1507264388537012,-0.32289110354301626,-0.23399595433340228
4,33,hippocampus,0.275,3.736559139784948,-0.11213352216477031,-0.16759278786748172,-0.21996395205685187
4,33,hippocampus,0.3,5.2419354838709715,-0.015492845453606671,-0.04571784018470185,-0.036158424904816876
4,33,hippocampus,0.325,1.8548387096774217,-0.022169915161250244,0.10733174680235422,-0.045073765870076124
4,33,hippocampus,0.35,3.2526881720430083,-0.09129522546311349,0.14563220088421844,0.01930126268449864
4,33,hippocampus,0.375,8.655913978494622,-0.06349351743225719,0.11347885227135684,0.02967246850519429
4,33,hippocampus,0.4,7.876344086021504,-0.025593274062838234,0.21197907430307322,0.08555538157567366
4,33,hippocampus,0.425,11.048387096774194,0.1300084730122414,0.27885361670045306,0.22424246260358754
4,33,hippocampus,0.45,8.38709677419355,0.1817358035864243,0.3218929267368853,0.2501304539259718
4,33,hippocampus,0.475,6.612903225806452,0.16074478356884547,0.3187333643047502,0.3208574105246311
4,33,hippocampus,0.5,6.74731182795699,0.12146508542465102,0.236578559090638,0.29176925728046377
4,33,hippocampus,0.525,7.71505376344086,-0.0406418630420103,0.13668139966280568,0.20850822311758746
4,33,hippocampus,0.55,6.155913978494626,-0.08523838812889395,-0.04230142494675798,0.008185732471668311
4,33,hippocampus,0.575,6.155913978494626,-0.09258898784813498,-0.021436859255479526,-0.019283037699077916
4,33,hippocampus,0.6,11.15591397849462,-0.022850074732025997,0.024322635103645445,0.009520864471677498
4,33,hippocampus,0.625,14.596774193548386,0.13129972780658522,0.10848262894079518,0.04857506825205971
4,33,hippocampus,0.65,14.6505376344086,0.14209786987627618,0.10753557615191466,0.10702916891785806
4,33,hippocampus,0.675,13.655913978494626,0.2791968831116549,0.16718846960537156,0.17317307127788295
4,33,hippocampus,0.7,6.827956989247312,0.32151514208032933,0.2063765913574336,0.10402557469455102
4,33,hippocampus,0.725,3.333333333333332,0.18251172891526435,0.10137289452585033,0.008129077977216575
4,33,hippocampus,0.75,8.360215053763442,0.27712062855562636,0.12534535439112482,0.022164572490065215
4,33,hippocampus,0.775,11.4247311827957,0.10817643629271775,0.011748930331580651,-0.048061499023787806
4,33,hippocampus,0.8,14.677419354838706,0.08925245261671926,-0.11380385191566335,-0.08141528073306871
4,33,hippocampus,0.825,11.666666666666666,0.15611423452337617,-0.10025381542763391,-0.0459189425975924
4,33,hippocampus,0.85,10.053763440860214,-0.01868126423569866,-0.06358765930159369,0.08749356087469784
4,33,hippocampus,0.875,4.758064516129032,0.019649806834807704,-0.004011200878423278,0.1274698709529321
4,33,hippocampus,0.9,-0.3494623655913962,-0.030995606441841184,0.1334412982828405,0.20527278983181613
4,33,hippocampus,0.925,-0.5376344086021501,-0.16128397142423867,0.008620174310783154,0.13164893429663507
4,33,hippocampus,0.95,-2.580645161290323,-0.2490590132664116,0.008374717177289161,0.0051263420297345775
4,33,hippocampus,0.975,1.2096774193548399,-0.2804731475078428,-0.11709196206966069,-0.04342466573399627
4,33,hippocampus,1.0,8.14516129032258,-0.21687300705734952,-0.14541128226905045,-0.06681607802586256
4,33,hippocampus,1.025,12.60752688172043,-0.05622701818013561,-0.09279743650867912,-0.1455705818466745
4,33,hippocampus,1.05,9.193548387096772,0.019994061294787997,-0.04229415500760604,-0.19484706881574765
4,33,hippocampus,1.075,10.43010752688172,-0.0026418736060567693,0.00807803660313512,-0.16425341093041412
4,33,hippocampus,1.1,5.99462365591398,0.03774079342334277,0.04549158724048565,-0.14260447447880525
4,33,hippocampus,1.125,0.9139784946236542,0.11847592454118931,0.01794013250173931,-0.042807642900189846
4,33,hippocampus,1.15,-0.3494623655913962,0.09625535847474369,0.009415459729846084,0.025158513364158617
4,39,amygdala,-0.15,-0.10752688172043011,0.16938389204541046,0.11736996597948673,0.20141851057299112
4,39,amygdala,-0.125,-0.026881720430107527,-0.039350767091736336,-0.15382572590406018,0.003577342462885121
4,39,amygdala,-0.1,-0.053763440860215055,0.056112225380093673,-0.04591000258371299,0.14793223054751967
4,39,amygdala,-0.075,-0.026881720430107527,0.11805230127520899,0.08943356157212802,0.2039085203844519
4,39,amygdala,-0.05,-0.026881720430107527,0.11805230127520899,0.08943356157212802,0.2039085203844519
4,39,amygdala,-0.025,-0.026881720430107527,0.11805230127520899,0.08943356157212802,0.2039085203844519
4,39,amygdala,-0.0,-0.026881720430107527,-0.16098041082983044,-0.13236167112674949,-0.10374293142366853
4,39,amygdala,0.025,-0.026881720430107527,-0.16098041082983044,-0.13236167112674949,-0.10374293142366853
4,39,amygdala,0.05,-0.026881720430107527,-0.16098041082983044,-0.13236167112674949,-0.10374293142366853
4,39,amygdala,0.075,-0.026881720430107527,-0.16098041082983044,-0.13236167112674949,-0.10374293142366853
4,39,amygdala,0.1,0.0,,,
4,39,amygdala,0.125,0.0,,,
4,39,amygdala,0.15,0.0,,,
4,39,amygdala,0.175,0.0,,,
4,39,amygdala,0.2,-0.026881720430107527,-0.16098041082983044,-0.13236167112674949,-0.10374293142366853
4,39,amygdala,0.225,-0.053763440860215055,-0.107123339361997,0.04080889118552267,-0.005101111398190333
4,39,amygdala,0.25,3.2258064516129035,0.010633055198372428,0.05702568456706743,0.07917223902482401
4,39,amygdala,0.275,3.1720430107526885,0.1049873622490866,0.1578063563270778,0.15833868661453793
4,39,amygdala,0.3,6.478494623655914,0.2745641327100057,0.24439874975393006,0.31709140789710044
4,39,amygdala,0.325,6.478494623655914,0.30797962937331785,0.31464931989162426,0.3469839795243739
4,39,amygdala,0.35,4.78494623655914,0.3106130820991913,0.3071458228966415,0.348699590877969
4,39,amygdala,0.375,4.838709677419355,0.2526443463098748,0.2330100010442197,0.29900978814202406
4,39,amygdala,0.4,3.145161290322581,0.27988799538620956,0.15839777914549819,0.2835448915272343
4,39,amygdala,0.425,6.478494623655914,0.24473817841677148,0.05092199409747279,0.24909821991461648
4,39,amygdala,0.45,4.89247311827957,0.24473817841677148,0.05092199409747279,0.24909821991461648
4,39,amygdala,0.475,4.838709677419355,0.24473817841677148,0.05092199409747279,0.24909821991461648
4,39,amygdala,0.5,3.198924731182796,0.2109002158454251,0.15035275503431078,0.26393003890482397
4,39,amygdala,0.525,1.4516129032258065,0.19941871155358093,0.21526812279212176,0.31320329074370246
4,39,amygdala,0.55,3.064516129032258,0.1993457289866475,0.21519403968626827,0.3125901879037137
4,39,amygdala,0.575,3.1182795698924735,0.1993457289866475,0.21519403968626827,0.3125901879037137
4,39,amygdala,0.6,3.1720430107526885,0.21753740953612896,0.13931334103854834,0.29935098074398814
4,39,amygdala,0.625,3.2795698924731185,0.16813509575560068,0.03219608216596609,0.13951635605251972
4,39,amygdala,0.65,1.6397849462365592,0.02504139724019585,0.16813509575560068,0.16098041082983044
4,39,amygdala,0.675,1.6397849462365592,0.02504139724019585,0.16813509575560068,0.16098041082983044
4,39,amygdala,0.7,1.6397849462365592,0.02504139724019585,0.16813509575560068,0.16098041082983044
4,39,amygdala,0.725,1.5591397849462367,0.1431737496137536,0.2219396298411876,0.29108835186372417
4,39,amygdala,0.75,1.5591397849462367,0.20514346621573307,0.2425962020418474,0.27456309410319635
4,39,amygdala,0.775,1.5591397849462367,0.20514346621573307,0.2425962020418474,0.27456309410319635
4,39,amygdala,0.8,1.5591397849462367,0.20514346621573307,0.2425962020418474,0.27456309410319635
4,39,amygdala,0.825,-0.026881720430107527,0.13236167112674949,0.2039085203844519,0.13236167112674949
4,39,amygdala,0.85,1.6397849462365592,-0.053660136943276815,-0.10374293142366853,-0.18244446560714117
4,39,amygdala,0.875,1.6397849462365592,-0.053660136943276815,-0.10374293142366853,-0.18244446560714117
4,39,amygdala,0.9,1.6397849462365592,-0.053660136943276815,-0.10374293142366853,-0.18244446560714117
4,39,amygdala,0.925,3.306451612903226,-0.053660136943276815,-0.10374293142366853,-0.18244446560714117
4,39,amygdala,0.95,1.6666666666666667,,,
4,39,amygdala,0.975,1.6666666666666667,,,
4,39,amygdala,1.0,1.6397849462365592,-0.21106320531022216,-0.010732027388655363,-0.053660136943276815
4,39,amygdala,1.025,-0.026881720430107527,-0.21106320531022216,-0.010732027388655363,-0.053660136943276815
4,39,amygdala,1.05,-0.026881720430107527,-0.21106320531022216,-0.010732027388655363,-0.053660136943276815
4,39,amygdala,1.075,-0.026881720430107527,-0.21106320531022216,-0.010732027388655363,-0.053660136943276815
4,39,amygdala,1.1,0.0,,,
4,39,amygdala,1.125,-0.026881720430107527,0.17528978068137094,0.039350767091736336,0.21106320531022216
4,39,amygdala,1.15,-0.026881720430107527,0.17528978068137094,0.039350767091736336,0.21106320531022216
4,40,amygdala,-0.15,1.1559139784946237,-0.07790611290886545,0.066126154286051,0.007424343669841055
4,40,amygdala,-0.125,1.0483870967741935,-0.029180537076163596,-0.04593962931585215,-0.037954414778118194
4,40,amygdala,-0.1,-0.6182795698924731,0.05395770481876197,-0.042324923146507556,-0.02168823701606754
4,40,amygdala,-0.075,-0.5107526881720431,-0.0003901555406623283,-0.0268852636201859,0.05901989269655585
4,40,amygdala,-0.05,-0.32258064516129037,-0.009594506914890708,-0.034795529369453425,0.07589131435254755
4,40,amygdala,-0.025,-0.24193548387096775,0.0328350389596633,0.003205531507935467,0.06995855926102405
4,40,amygdala,-0.0,-0.3225806451612903,-0.08358395976543921,0.01301071071820516,0.012616446757047428
4,40,amygdala,0.025,-0.37634408602150543,-0.030013300175668365,-0.035249501723382946,-0.02766080382814442
4,40,amygdala,0.05,-0.34946236559139787,-0.12225748103419785,-0.12280943354451025,-0.10258431655949138
4,40,amygdala,0.075,-0.37634408602150543,0.003114589165334289,0.023852233481357534,0.07719450108512074
4,40,amygdala,0.1,-0.3494623655913978,0.05312159074807725,-0.049662510420295465,-0.007535853571238865
4,40,amygdala,0.125,1.370967741935484,-0.04852152145345759,-0.025407790448866735,-0.06440680100155656
4,40,amygdala,0.15,1.3440860215053765,0.026820819613882718,0.13703834158272726,0.051211718818302554
4,40,amygdala,0.175,1.3172043010752688,-0.043525397956063985,0.061976381872221556,-0.05409134601061576
4,40,amygdala,0.2,1.3978494623655915,-0.09236733010504403,0.056302442179156684,-0.06652426184272246
4,40,amygdala,0.225,-0.6451612903225805,0.20577630746342965,0.3262913880716052,0.26391660011600737
4,40,amygdala,0.25,-1.2634408602150542,0.1059781527591984,0.4841462877026661,0.3963239903547813
4,40,amygdala,0.275,-1.7473118279569895,0.1956257896916796,0.6090486675323188,0.5379709216521189
4,40,amygdala,0.3,-0.5913978494623657,0.0897490327014102,0.563495132661914,0.5301064361429089
4,40,amygdala,0.325,-0.5376344086021507,0.08009074420040377,0.5168017615634162,0.48890528951253237
4,40,amygdala,0.35,-0.16129032258064524,0.0813052097249772,0.4672476609511349,0.4353701686638936
4,40,amygdala,0.375,0.1612903225806448,-0.026556158391974095,0.4005322887323943,0.3720911420620755
4,40,amygdala,0.4,-1.2365591397849462,0.049187738121753324,0.3965340258171483,0.3941757096058314
4,40,amygdala,0.425,-1.0483870967741935,0.11837553780460004,0.288259964872572,0.3273158395904162
4,40,amygdala,0.45,2.28494623655914,0.15672871072972003,0.27079479549164553,0.3665396847056647
4,40,amygdala,0.475,3.763440860215054,0.031984821574892124,0.33756724079837475,0.34795523152225566
4,40,amygdala,0.5,8.521505376344086,-0.10925659397953172,0.15763081529128217,0.10745766884068685
4,40,amygdala,0.525,9.973118279569892,-0.14364483489367527,0.19654357100521544,0.1215877312693083
4,40,amygdala,0.55,8.306451612903226,-0.16802794412425073,0.11620496314862284,0.07335660612231171
4,40,amygdala,0.575,13.521505376344086,-0.2525099164615637,-0.009256026043836726,-0.04033969559403469
4,40,amygdala,0.6,8.763440860215054,-0.21755605686487717,0.14911081754885822,0.10263950551946505
4,40,amygdala,0.625,12.338709677419356,-0.2465668348691884,0.08690470409323853,0.04091872990166978
4,40,amygdala,0.65,17.419354838709676,-0.16716443829596622,0.08257669550470735,0.03325962820065957
4,40,amygdala,0.675,14.193548387096774,-0.0896896500711439,0.09360016927255807,0.11845088806864153
4,40,amygdala,0.7,24.274193548387096,-0.15567237922810195,0.05677760614428642,0.13835789499489717
4,40,amygdala,0.725,24.166666666666668,-0.11488063765951433,0.01343386586160026,0.12994102539673433
4,40,amygdala,0.75,19.408602150537636,-0.1548464670830389,-0.07168007003539413,0.00724211233910232
4,40,amygdala,0.775,19.489247311827956,-0.11569515240374022,-0.06017226039402448,0.07115555092507263
4,40,amygdala,0.8,12.930107526881722,-0.07351187733417033,-0.050063509878595196,0.061556412288535665
4,40,amygdala,0.825,11.317204301075268,0.004979203448006152,0.1588818554772872,0.2386725619705428
4,40,amygdala,0.85,11.18279569892473,-0.02861005735486199,0.0968491762727859,0.17311642682811265
4,40,amygdala,0.875,7.741935483870968,-0.081853506385422,0.05323972414320517,0.10742501867659855
4,40,amygdala,0.9,7.634408602150538,-0.07025680212567192,0.14734920362569381,0.19194509259204123
4,40,amygdala,0.925,9.435483870967742,-0.07730056699246599,0.20935570227126202,0.23109648673789307
4,40,amygdala,0.95,9.489247311827956,-0.01593527493252837,0.16730207038357942,0.2257314118028501
4,40,amygdala,0.975,9.596774193548388,-0.08880256480137977,0.07152698052261305,0.11395824015467164
4,40,amygdala,1.0,6.397849462365592,-0.16985328575137518,-0.029261167473988183,-0.0282223094571602
4,40,amygdala,1.025,1.4516129032258065,-0.05956982544304259,-0.010509622516530627,0.0004589354810712064
4,40,amygdala,1.05,-0.24193548387096778,-0.0012792818714863698,0.024306355558241028,0.09082901287553226
4,40,amygdala,1.075,-0.24193548387096778,0.19376138425669387,0.08585626282064997,0.0757198523766378
4,40,amygdala,1.1,3.037634408602151,0.1581293864128811,0.025201870959552928,0.06300467739888231
4,40,amygdala,1.125,2.9838709677419355,0.057163610043938703,-0.03691406106903554,0.0568878379761871
4,40,amygdala,1.15,2.9301075268817205,-0.14741045661500835,-0.10787334058081564,0.02234871530147746
4,41,amygdala,-0.15,-2.123655913978495,0.03597625644809592,0.20309092809124685,0.1710308098631904
4,41,amygdala,-0.125,-1.8010752688172043,0.07029515738955634,0.16648853065947553,0.13918969698150124
4,41,amygdala,-0.1,-2.0430107526881724,-0.06914336949916852,0.09387501612368086,0.12802573667540107
4,41,amygdala,-0.075,-1.935483870967742,0.15106162672605689,0.035294524960376744,0.1178868930545917
4,41,amygdala,-0.05,1.532258064516129,0.08471304170261408,-0.08970237323324483,-0.08339311272625674
4,41,amygdala,-0.025,1.2903225806451615,-0.04649206945103677,-0.1385048890026369,-0.12375133562517635
4,41,amygdala,-0.0,1.3440860215053763,-0.0713081812803069,-0.20562676877505565,-0.2680576478420402
4,41,amygdala,0.025,1.4784946236559142,-0.06457699268524236,-0.17550228265217133,-0.18487548327821496
4,41,amygdala,0.05,-1.935483870967742,-0.16833508295118935,-0.19065649716614325,-0.19170155737548686
4,41,amygdala,0.075,-2.016129032258065,-0.15884992561306752,-0.19072493547988803,-0.18917582050283496
4,41,amygdala,0.1,-1.8817204301075272,-0.14042090561313336,-0.15228783326611603,-0.11428194915700897
4,41,amygdala,0.125,-1.9086021505376343,-0.17753355994529257,-0.12140765733030291,-0.13098690143526578
4,41,amygdala,0.15,-1.8548387096774195,-0.10151628570606042,-0.1411349878440259,-0.10010891894110586
4,41,amygdala,0.175,-0.3763440860215057,0.12941882403759675,0.10742538319432517,0.15716480719388942
4,41,amygdala,0.2,-0.2688172043010757,0.12685309811012752,-0.014502858427214492,0.024341211556212126
4,41,amygdala,0.225,1.2365591397849465,0.31231064153897004,0.32706926444193307,0.3322294351308314
4,41,amygdala,0.25,5.537634408602152,0.34455915174508406,0.46365306487204877,0.45066815584168585
4,41,amygdala,0.275,9.838709677419356,0.25736015296532816,0.42497049810228255,0.401501439158656
4,41,amygdala,0.3,15.29569892473118,0.3456431369024243,0.5111165882950441,0.4396836733352098
4,41,amygdala,0.325,16.74731182795699,0.27044032485329234,0.583315678020989,0.5168034946521423
4,41,amygdala,0.35,13.79032258064516,0.276045170212929,0.5764781263916429,0.5114525606633539
4,41,amygdala,0.375,7.983870967741935,0.3039411727668396,0.5733856393553048,0.4973746407193487
4,41,amygdala,0.4,2.0698924731182804,0.29037957883296456,0.5724818736298541,0.5388537855083705
4,41,amygdala,0.425,3.844086021505376,0.31141039659282027,0.4979643284437656,0.3919772667136748
4,41,amygdala,0.45,7.150537634408602,0.32987984596662645,0.4421507471190072,0.33818375363250536
4,41,amygdala,0.475,8.844086021505376,0.31317308790848997,0.39074878469038,0.3230769185309779
4,41,amygdala,0.5,10.161290322580646,0.27012684283612276,0.2929145257321178,0.20467669931470694
4,41,amygdala,0.525,5.322580645161291,0.21325185190543736,0.3190785990127657,0.20605924229692466
4,41,amygdala,0.55,2.096774193548387,0.2229943574404118,0.3924938331179263,0.2645555668834354
4,41,amygdala,0.575,5.241935483870968,0.21762254028096625,0.36640424622216655,0.21239444848486733
4,41,amygdala,0.6,5.591397849462366,0.09552086250901937,0.25417691173892676,0.09871527960760813
4,41,amygdala,0.625,7.069892473118279,0.12147683972635924,0.2095999873683973,0.09555522033474007
4,41,amygdala,0.65,7.043010752688172,0.12733174162685534,0.16401836061545252,0.00624782673838179
4,41,amygdala,0.675,2.2043010752688175,0.03739408475602102,0.18190879352307465,0.04842120781598026
4,41,amygdala,0.7,2.500000000000001,0.13652081241966985,0.2782374692701549,0.10326740806245246
4,41,amygdala,0.725,0.7795698924731189,0.1438017044511672,0.26942038991465067,0.04641864990141542
4,41,amygdala,0.75,-0.8064516129032258,0.07434037615683285,0.20905793085027494,0.023454011645142783
4,41,amygdala,0.775,1.129032258064517,0.2020347268390131,0.23234908243767505,0.07466216719429059
4,41,amygdala,0.8,-0.37634408602150526,0.16848120147042142,0.20172130781311542,0.10108347796327136
4,41,amygdala,0.825,-0.2688172043010755,0.1883232023453139,0.28434716650932235,0.19394991606386516
4,41,amygdala,0.85,-0.16129032258064546,0.21010521976201615,0.21984484533390697,0.20930906508311498
4,41,amygdala,0.875,-2.1774193548387095,0.09743670643803201,0.12111978625670755,0.11529091295321976
4,41,amygdala,0.9,-2.6075268817204305,0.12215096403059528,0.11621144178726497,0.12027532542743832
4,41,amygdala,0.925,-0.8870967741935483,0.09652705322856814,0.10752877978379166,0.20023142330506782
4,41,amygdala,0.95,-0.8064516129032258,0.05689653792493062,0.17246844806393916,0.25060636014751053
4,41,amygdala,0.975,-0.7258064516129032,0.1245082502491022,0.18642233183305698,0.2132857715401637
4,41,amygdala,1.0,-0.37634408602150526,0.024152051807208398,0.14148855844420657,0.137268584557013
4,41,amygdala,1.025,-1.9892473118279574,-0.01232730316247598,0.053312272386535915,0.02902881067292731
4,41,amygdala,1.05,-2.1236559139784945,0.10180874537612784,0.250551348752808,0.1568946900108402
4,41,amygdala,1.075,-2.096774193548387,0.07650606101262941,0.2931589932668639,0.19635325376363333
4,41,amygdala,1.1,-2.4193548387096775,0.14312550278981878,0.33968209517226916,0.17696606123975953
4,41,amygdala,1.125,-2.311827956989248,0.0831164115518383,0.3029084859833704,0.11982703342577446
4,41,amygdala,1.15,-2.2580645161290325,0.06657384522399984,0.13230995429103232,0.019346469374964953
4,43,amygdala,-0.15,-0.10752688172042979,-0.014701295187472787,0.3005008424240827,0.1445185082869617
4,43,amygdala,-0.125,-0.08064516129032273,-0.10746411361192237,0.17656337914319065,0.0008241928555095483
4,43,amygdala,-0.1,0.026881720430107503,-0.0331200494218663,0.08545189221752758,-0.04794830684276722
4,43,amygdala,-0.075,-0.026881720430107725,0.10848428892389858,0.18986088552418856,0.05322527150212982
4,43,amygdala,-0.05,-1.532258064516129,0.021261661848720075,0.030595397679164478,0.05346171325231625
4,43,amygdala,-0.025,-1.478494623655914,0.025744749397704682,0.06641127342030166,0.05805293646704063
4,43,amygdala,-0.0,-1.532258064516129,-0.008025067597272034,0.03210027038908814,0.0040796330260379566
4,43,amygdala,0.025,0.24193548387096775,0.05052529480973327,-0.006677232647407233,0.0489303283069113
4,43,amygdala,0.05,1.8548387096774195,0.14472863961928778,0.05514242023483478,0.0705855320601331
4,43,amygdala,0.075,1.7204301075268817,0.15321090950226587,0.06650187418730592,0.13842974534407446
4,43,amygdala,0.1,3.360215053763441,0.20814504808329218,-0.0020117111605988287,0.129983363790159
4,43,amygdala,0.125,1.532258064516129,0.0733840345583674,0.07179849546095939,0.047513321618993375
4,43,amygdala,0.15,-0.21505376344086025,0.08570670265786219,-0.054410206771017294,0.004516472241734833
4,43,amygdala,0.175,1.3978494623655915,0.032813269546889214,-0.07963669912503449,-0.0557509563649795
4,43,amygdala,0.2,-0.5107526881720428,-0.024339090488579886,-0.02339693214708647,-0.0785917083195757
4,43,amygdala,0.225,7.688172043010752,0.1926628562197704,0.02366265450572698,0.09296980793593064
4,43,amygdala,0.25,12.553763440860216,0.19048259460014744,0.05912160805596329,0.13746166620629197
4,43,amygdala,0.275,10.591397849462368,0.37050724690849873,0.16718168361100222,0.27779598686434953
4,43,amygdala,0.3,12.150537634408604,0.4846293887737849,0.13070917124604156,0.3464250063094388
4,43,amygdala,0.325,3.844086021505376,0.37449323641628485,0.16486628283871493,0.30004088321077593
4,43,amygdala,0.35,-1.0752688172043003,0.20215017447625735,0.09671437469164547,0.22828849313285612
4,43,amygdala,0.375,-0.8602150537634408,0.051025583288138256,0.026872079723466256,0.09460122229496534
4,43,amygdala,0.4,-2.1505376344086025,-0.055417554722097945,0.09273691650243628,0.028283323168723874
4,43,amygdala,0.425,-0.32258064516129026,-0.03147942097628058,0.0803331622401398,0.03635688570041115
4,43,amygdala,0.45,3.010752688172043,0.13660697847833753,0.13064114714768937,0.04083690738279965
4,43,amygdala,0.475,4.731182795698925,0.13026964796888266,0.011448499608387697,0.023320038463274708
4,43,amygdala,0.5,4.301075268817204,0.1477756471654202,0.05600448353906095,0.19039408031677926
4,43,amygdala,0.525,4.059139784946238,0.09028015406048352,-0.025520158458924386,0.0999539539641205
4,43,amygdala,0.55,0.537634408602151,0.045901391667498896,-0.008378620225504023,0.08143294780898817
4,43,amygdala,0.575,2.338709677419355,0.028683093945118632,-0.02790507150537762,0.007105938282967906
4,43,amygdala,0.6,4.24731182795699,-0.015796582487849643,0.034857792023188214,0.012979525277516458
4,43,amygdala,0.625,4.516129032258064,-0.05242168101039188,0.038355414484910165,-0.05621277514830052
4,43,amygdala,0.65,6.397849462365592,-0.0018444329136929152,0.0034780734943923547,-0.0062710719065559115
4,43,amygdala,0.675,2.9301075268817205,0.2000004342185845,0.15819124536668477,0.18724731686438867
4,43,amygdala,0.7,1.4247311827956992,0.30406619583617867,0.2030631539027635,0.22404599411603707
4,43,amygdala,0.725,-0.3494623655913982,0.2799239761612241,0.25150100755223315,0.23567818394927262
4,43,amygdala,0.75,-0.29569892473118253,0.06963420163782354,0.19577462731980066,0.08230949034895318
4,43,amygdala,0.775,-0.16129032258064524,0.043538696572867686,0.19916176633923482,0.040097866165428854
4,43,amygdala,0.8,-0.24193548387096797,0.07990577216690294,0.2831804829845172,0.15480068605238037
4,43,amygdala,0.825,-0.10752688172043001,0.10933932885207631,0.28387511199762494,0.18977686058720256
4,43,amygdala,0.85,-1.827956989247312,0.22751711046759998,0.28606715446037384,0.17940436399422924
4,43,amygdala,0.875,-1.7473118279569895,0.12631898299435235,0.24368221554928338,0.1300192631160294
4,43,amygdala,0.9,-1.6935483870967742,0.0843151416110821,0.17201461412753946,0.05566824615219674
4,43,amygdala,0.925,-1.720430107526882,0.14141906045589372,0.20023538824347525,0.22086618311215803
4,43,amygdala,0.95,-1.6666666666666667,-0.00010656755820404909,0.08813137063474859,0.1677639785027243
4,43,amygdala,0.975,-1.6935483870967742,0.126901655522943,0.20861963566316136,0.28465980809233865
4,43,amygdala,1.0,-1.6397849462365595,-0.024080535342796815,-0.047095560272195545,0.13172372485633876
4,43,amygdala,1.025,0.21505376344086025,-0.11602995346555847,-0.1717608759962598,-0.047696425984568386
4,43,amygdala,1.05,2.0161290322580645,-0.20832190463490488,-0.298712798276411,-0.2895144539963671
4,43,amygdala,1.075,3.844086021505376,-0.2222088516178688,-0.3137308647146534,-0.3262910929384464
4,43,amygdala,1.1,5.645161290322581,0.0900708578857462,-0.10955626168023119,-0.0732808413596626
4,43,amygdala,1.125,3.844086021505376,0.124809781107302,-0.051888767090064576,-0.18679956152423247
4,43,amygdala,1.15,3.7634408602150535,0.17154982759629386,-0.04711169452668721,-0.11178622923911823
4,44,amygdala,-0.15,-2.634408602150537,0.13930529699752384,0.02618005125855762,-0.011502971115544715
4,44,amygdala,-0.125,-4.408602150537634,0.029213721417235113,0.00851327874778057,-0.0034458509217207074
4,44,amygdala,-0.1,-7.553763440860215,-0.0859191402928441,-0.03983107569526165,-0.0036117578216648487
4,44,amygdala,-0.075,-9.13978494623656,-0.04827551483333955,-0.08034061994895772,-0.012754899182282346
4,44,amygdala,-0.05,-7.715053763440861,-0.043512024418775934,-0.05041305686303661,0.03392161903667839
4,44,amygdala,-0.025,-7.876344086021507,-0.008751805570828278,-0.07638170021380852,0.027346221464790963
4,44,amygdala,-0.0,-6.20967741935484,0.09456566257906544,-0.10359007392733649,-0.0842193656248505
4,44,amygdala,0.025,-6.317204301075266,0.14906667203377644,-0.13552437824914956,-0.08168488442000577
4,44,amygdala,0.05,-6.478494623655912,-0.03222240284720121,-0.17036549735105594,-0.16894578487313047
4,44,amygdala,0.075,-6.290322580645162,-0.04361215355122829,-0.14245111926260756,-0.18504667249795645
4,44,amygdala,0.1,-8.27956989247312,-0.13767647066396477,0.026627425713236872,-0.06466660530357526
4,44,amygdala,0.125,-6.74731182795699,-0.235841982761896,0.12235697020546774,-0.0073003537226382234
4,44,amygdala,0.15,-4.892473118279568,-0.1880274616079542,0.15922564086551305,0.054596017725937085
4,44,amygdala,0.175,-3.172043010752689,-0.21455618874151647,0.18675461313917255,0.1457491898715404
4,44,amygdala,0.2,3.46774193548387,-0.12043898332975585,0.2607904775933488,0.3070077959646241
4,44,amygdala,0.225,15.107526881720432,-0.05236986400000849,0.3905317289289458,0.43636486099281385
4,44,amygdala,0.25,24.166666666666668,0.07431633143130986,0.4943717576772845,0.5431742482055009
4,44,amygdala,0.275,32.5,0.13313007620884248,0.6097988438593462,0.6354658177938284
4,44,amygdala,0.3,34.946236559139784,0.05232596257537997,0.6270773688924883,0.6093320424538812
4,44,amygdala,0.325,32.31182795698925,0.04328912889255693,0.6108408898626885,0.5776929205358704
4,44,amygdala,0.35,27.39247311827957,-0.008008428877309659,0.6218785023465443,0.5631668660346589
4,44,amygdala,0.375,25.779569892473116,0.029832111668775967,0.6289266457492708,0.5127330989444452
4,44,amygdala,0.4,24.784946236559147,0.11121709682333379,0.5466847206496659,0.46955802682898545
4,44,amygdala,0.425,26.397849462365592,0.17758304565108968,0.5105575822316952,0.429686192391159
4,44,amygdala,0.45,24.70430107526882,0.13443391273266997,0.5140372840554226,0.40100264290414167
4,44,amygdala,0.475,23.682795698924732,0.11693438149660718,0.5344272574945391,0.4252480834119432
4,44,amygdala,0.5,21.85483870967742,0.02924772416605894,0.4330835287352441,0.27333235831182195
4,44,amygdala,0.525,20.0,-0.044777995289279574,0.45283675642631116,0.22639309419548803
4,44,amygdala,0.55,18.037634408602155,-7.582703234286075e-05,0.3441536241267974,0.1739724878719702
4,44,amygdala,0.575,14.650537634408597,-0.1020853274192905,0.2638256630930007,0.12085064119280185
4,44,amygdala,0.6,12.795698924731184,-0.03252855903582522,0.37886798752682216,0.22570321071477797
4,44,amygdala,0.625,8.5752688172043,-0.09187941851086132,0.2566304638626616,0.13383810756946649
4,44,amygdala,0.65,9.677419354838715,-0.13166056496918335,0.31811437831328904,0.1829391564340391
4,44,amygdala,0.675,8.951612903225808,-0.0992021134442314,0.35347385760859734,0.17361633252045694
4,44,amygdala,0.7,10.188172043010752,-0.21503182588996758,0.26017132295619727,0.10471049067491017
4,44,amygdala,0.725,10.537634408602152,-0.12992467216863562,0.250242149275181,0.11151930899705227
4,44,amygdala,0.75,10.940860215053766,-0.12820021656052633,0.2420630842624757,0.06892566474238136
4,44,amygdala,0.775,13.36021505376344,-0.08995436042465496,0.18352713816034388,0.0041750968973468545
4,44,amygdala,0.8,12.419354838709681,-0.07587777333948739,0.18513264336838858,-0.003826834927943419
4,44,amygdala,0.825,10.752688172043008,-0.13236620417191844,0.16966710193760653,0.01427627834268009
4,44,amygdala,0.85,6.693548387096772,-0.17113214144205172,0.1612850005730741,0.012968786041359695
4,44,amygdala,0.875,6.048387096774192,-0.18884610514102282,0.11325202341254857,0.0018968070022199962
4,44,amygdala,0.9,5.000000000000002,-0.06254782994252242,0.02758792499287441,-0.031134582016751743
4,44,amygdala,0.925,8.306451612903228,0.05197044720211407,0.006461464669204822,-0.0230838992691984
4,44,amygdala,0.95,13.68279569892473,0.07609433917166984,0.04969943190905999,0.0005066201010097859
4,44,amygdala,0.975,12.016129032258064,0.11328212334104067,-0.05921507902425116,-0.0799593765154021
4,44,amygdala,1.0,15.510752688172044,0.03672702827392738,-0.003124083317906687,-0.035152287089291495
4,44,amygdala,1.025,15.725806451612906,-0.0897644407082749,0.01792753095501422,-0.09164087251969082
4,44,amygdala,1.05,15.994623655913976,-0.07333493832465122,0.04547628045434645,-0.0673272022780068
4,44,amygdala,1.075,14.327956989247312,-0.1255446273119683,0.0874392163512333,-0.06851352890740157
4,44,amygdala,1.1,12.634408602150538,-0.06922699089900053,0.08298120094589306,-0.07287451621530353
4,44,amygdala,1.125,7.41935483870968,-0.0329975953265188,0.16061022817286413,0.0
4,44,amygdala,1.15,2.311827956989246,-0.01096860468092301,0.1138911007977595,-0.020847948388913715
4,45,amygdala,-0.15,-0.510752688172043,-0.02063148522414829,0.002649915533376845,0.054626115923754104
4,45,amygdala,-0.125,-0.5376344086021506,-0.042374692352842955,0.014872454697655186,0.03135805924346874
4,45,amygdala,-0.1,-0.6720430107526882,-0.16707181514576955,-0.15792821755679354,-0.1830182493409437
4,45,amygdala,-0.075,-0.5913978494623656,-0.1354346551728579,-0.31468872058042247,-0.2972082011336932
4,45,amygdala,-0.05,-0.5913978494623656,-0.05848119088166522,-0.3063444765873759,-0.2749828016845139
4,45,amygdala,-0.025,-0.5376344086021506,-0.04497537039166109,-0.18314489770065837,-0.161003176892456
4,45,amygdala,-0.0,-0.4838709677419355,0.000779213329103094,-0.1447503349004453,-0.11683616328728157
4,45,amygdala,0.025,-0.510752688172043,-0.17247447301417507,-0.0346764921928725,-0.041032407844184535
4,45,amygdala,0.05,-0.456989247311828,-0.19705383156595932,-0.053745692374104516,-0.08878113988958809
4,45,amygdala,0.075,-0.37634408602150543,-0.05968521460638625,-0.06149510395351305,-0.18876323213556614
4,45,amygdala,0.1,-0.34946236559139787,-0.17948902225970723,0.0118938508726312,-0.09030676589837798
4,45,amygdala,0.125,-0.2956989247311828,-0.21359821024052456,-0.03854403793813977,-0.06448714039650308
4,45,amygdala,0.15,-0.2688172043010753,-0.0731360078948122,0.06680825297977516,0.09830946766550305
4,45,amygdala,0.175,-0.3763440860215054,-0.05034342696633715,0.21815485018746097,0.2737748219045654
4,45,amygdala,0.2,-0.48387096774193555,0.026858598676426253,0.1551053225249669,0.27845744722726756
4,45,amygdala,0.225,-0.456989247311828,0.05826904827399089,0.21119959910742217,0.32967040226717365
4,45,amygdala,0.25,-0.510752688172043,0.04950021555897113,0.16790604679637716,0.2899709471241058
4,45,amygdala,0.275,-0.43010752688172044,0.026173492500997757,0.05518894040490595,0.13403028384048588
4,45,amygdala,0.3,-0.24193548387096775,-0.0347716667588694,0.07935982447347403,0.13890926057242212
4,45,amygdala,0.325,-0.2956989247311828,0.032270358675741545,-0.027789846066217098,0.07504858620953447
4,45,amygdala,0.35,1.370967741935484,0.03680005322763549,-0.039893391035175856,0.04842673671114931
4,45,amygdala,0.375,4.758064516129032,-0.018963410544868026,-0.0613601784058944,0.02411062197847506
4,45,amygdala,0.4,6.129032258064516,0.1626679781472258,0.10319442659200746,0.04943790385157153
4,45,amygdala,0.425,6.129032258064516,0.1448244792924228,-0.016343717246953954,-0.07370626498138239
4,45,amygdala,0.45,7.876344086021506,0.12978589514928238,0.01727550550210414,-0.11174177605492358
4,45,amygdala,0.475,4.435483870967742,0.1297818306573865,-0.018101438764555174,-0.18869378590930241
4,45,amygdala,0.5,3.0376344086021505,0.08497528744485344,-0.17739240250707694,-0.24731096895864677
4,45,amygdala,0.525,6.397849462365592,0.017091240398244445,-0.1487134365686327,-0.2156050153686584
4,45,amygdala,0.55,2.956989247311828,0.15444355850176011,-0.21019560540486185,-0.28741738465574196
4,45,amygdala,0.575,8.010752688172044,0.14207640973752794,-0.3015870142406357,-0.3141592786349693
4,45,amygdala,0.6,7.956989247311829,0.22593991621318324,-0.29263198183353706,-0.26438949230688924
4,45,amygdala,0.625,4.543010752688172,0.12194339065208522,-0.20911994226719297,-0.18187726988747177
4,45,amygdala,0.65,6.182795698924731,0.22933778719829165,0.030247753709381812,0.06973261868921313
4,45,amygdala,0.675,1.1021505376344085,0.09126374714736796,0.034506662395962916,0.16718663008294307
4,45,amygdala,0.7,1.1021505376344085,0.01813642720714562,0.0017310255902698642,0.11483781131813031
4,45,amygdala,0.725,1.2634408602150538,-0.04231729316857051,0.09838885280579883,0.16257542965953525
4,45,amygdala,0.75,-0.29569892473118276,-0.0371823670202716,0.08871501872284283,0.16908578245469993
4,45,amygdala,0.775,-0.24193548387096775,-0.21719453257140037,-0.07218538613609735,-0.017137890994216306
4,45,amygdala,0.8,-0.2150537634408602,-0.06512351944848314,-0.14085539500622146,-0.01001900299207433
4,45,amygdala,0.825,-0.2956989247311828,-0.08684762394394954,-0.15121122575731755,0.009636009484534943
4,45,amygdala,0.85,-0.24193548387096775,-0.020502415759507765,-0.16952333030680247,9.173340384567234e-05
4,45,amygdala,0.875,-0.18817204301075272,-0.06903318957071232,-0.008008832669057728,0.15172561522730224
4,45,amygdala,0.9,-0.24193548387096775,-0.013653353081557514,0.06762676448208957,0.12981352109574607
4,45,amygdala,0.925,-0.3225806451612903,-0.11988743425966795,0.10299911428205707,0.04575556459050391
4,45,amygdala,0.95,1.2096774193548387,-0.11153026946162879,0.009600511756681501,-0.010768141564926548
4,45,amygdala,0.975,1.2365591397849462,-0.1583440407919633,0.03874287959117648,0.038413853012907465
4,45,amygdala,1.0,1.2365591397849462,-0.12722966503862232,-0.030306484529238734,-0.030141998860151953
4,45,amygdala,1.025,1.2903225806451615,-0.1235498546757924,-0.08615164691678631,-0.08170829549987468
4,45,amygdala,1.05,-0.2956989247311828,-0.10413283631919655,-0.0005960928543150838,-0.031180241610327456
4,45,amygdala,1.075,-0.2688172043010753,-0.04351390515185224,-0.04164762028077957,-0.09861842160826106
4,45,amygdala,1.1,-0.3225806451612903,-0.1535066322171853,-0.03625719651027889,-0.08922315781417096
4,45,amygdala,1.125,-0.34946236559139787,-0.16240512736992785,-0.027809985858552225,-0.03546530078384576
4,45,amygdala,1.15,-0.2956989247311828,-0.1372307350882873,0.03274880153985246,0.031521335215270285
4,46,amygdala,-0.15,-0.5913978494623655,0.011539582639821766,-0.07849452367087553,0.05731748739779603
4,46,amygdala,-0.125,-0.5645161290322581,-0.06589313586331458,-0.07927229373950827,0.09186812855503487
4,46,amygdala,-0.1,-0.5913978494623655,0.08492902964027926,-0.1387131028663967,0.0737064960206384
4,46,amygdala,-0.075,-0.5645161290322581,0.1505501267995049,-0.0696961381853777,0.11106103876036519
4,46,amygdala,-0.05,-0.5376344086021506,0.15031596355810023,-0.07934971681974536,0.027151403103104176
4,46,amygdala,-0.025,-0.6182795698924731,0.12623788370362987,-0.07453956945419098,-0.0022872587516418416
4,46,amygdala,-0.0,-0.5107526881720431,-0.0920156350970126,-0.1172975686868652,0.0003313490640871898
4,46,amygdala,0.025,-0.5645161290322581,-0.10986439972887611,-0.12739354446041892,-0.02076330427610788
4,46,amygdala,0.05,-0.6451612903225806,-0.013897827388759346,-0.033015061063519424,0.03560932217608783
4,46,amygdala,0.075,-0.7526881720430108,0.07954391411774459,0.15223263207080984,0.06666087304964033
4,46,amygdala,0.1,-0.6720430107526881,0.1839847632049452,0.19493003240410625,0.07220198589362539
4,46,amygdala,0.125,-0.6451612903225806,0.2306444172772733,0.2773646966744645,0.12064477211426604
4,46,amygdala,0.15,-0.5107526881720431,0.16891206775962828,0.23523620454354166,0.05550109356743402
4,46,amygdala,0.175,-0.4838709677419355,0.24990312800892153,0.22953885816978833,0.20464535344283433
4,46,amygdala,0.2,-0.5107526881720431,0.1349714949596151,0.2691333633561133,0.17369863222870735
4,46,amygdala,0.225,-0.48387096774193555,0.08573357047504825,0.21921705623635712,0.19907625686579003
4,46,amygdala,0.25,-0.5645161290322581,0.09890059887280046,0.3119023464778573,0.18619056498061223
4,46,amygdala,0.275,-0.40322580645161293,0.009575064160106972,0.18418121603626056,0.15951501814555022
4,46,amygdala,0.3,4.67741935483871,0.036666548387669085,0.13917517828867945,0.13168416302668254
4,46,amygdala,0.325,7.876344086021506,0.09688390705611866,0.13547069006986232,0.04214980619968855
4,46,amygdala,0.35,9.623655913978494,0.20420240253623617,0.13469370007986053,0.19580206171804856
4,46,amygdala,0.375,12.956989247311828,0.13483827471594442,-0.09225776691090933,0.06387076170755261
4,46,amygdala,0.4,7.768817204301076,0.26144076113561027,0.0023748008400333366,0.1377384487219335
4,46,amygdala,0.425,4.381720430107527,0.27947668999932734,0.1256569677618428,0.18809896992859967
4,46,amygdala,0.45,2.634408602150538,0.2966420679919674,0.10847150511783368,0.09995784358753107
4,46,amygdala,0.475,0.8064516129032259,0.20171081891495854,0.1152332773035701,-0.007722282207827252
4,46,amygdala,0.5,4.274193548387097,0.08777221176961551,0.07047657277294192,-0.09332701553497054
4,46,amygdala,0.525,6.021505376344086,0.012847763420765714,-0.02860684269057193,-0.09385829139406676
4,46,amygdala,0.55,7.607526881720431,-0.06464177335332175,-0.04717102379836992,-0.06730836144328807
4,46,amygdala,0.575,7.661290322580646,-0.09839879599227815,-0.09839879599227815,0.01558916286316194
4,46,amygdala,0.6,4.301075268817204,-0.04900016143535483,-0.042040087775545396,0.05415807316539218
4,46,amygdala,0.625,2.60752688172043,-0.23888791821189798,-0.17866921074197617,-0.10041545890288996
4,46,amygdala,0.65,1.0752688172043012,-0.2351665495115326,-0.18837417595005754,-0.1091188006765564
4,46,amygdala,0.675,1.1827956989247312,-0.14815092743749705,-0.09988518771690291,-0.013829724848307776
4,46,amygdala,0.7,1.129032258064516,-0.0986678178011008,-0.0399858995322317,-0.016337962319403855
4,46,amygdala,0.725,2.903225806451613,0.034074542951957845,0.028672481264452328,-0.04453238032135953
4,46,amygdala,0.75,2.849462365591398,-0.019263671192963086,0.039708127835582405,-0.052764241236067023
4,46,amygdala,0.775,1.1559139784946237,-0.05778709594246956,-0.01470821589662389,-0.14411352823481027
4,46,amygdala,0.8,1.129032258064516,0.0447876392576919,0.14199442762346112,-0.050968816919316304
4,46,amygdala,0.825,-0.5913978494623655,0.09465424141372067,0.2347383793077147,0.036461200136407704
4,46,amygdala,0.85,-0.5645161290322581,0.20584755367247476,0.3570115798944281,0.1876646904424741
4,46,amygdala,0.875,-0.4838709677419355,0.12566930857055605,0.25930048474450834,0.07745952549744876
4,46,amygdala,0.9,-0.4032258064516129,-0.03607995190764946,-0.003399841622066968,-0.07448428533242635
4,46,amygdala,0.925,-0.43010752688172044,-0.11239207071145889,-0.11923244380085772,-0.09427524099448675
4,46,amygdala,0.95,-0.510752688172043,-0.2033174706627344,-0.24592406854676185,-0.3230409986836476
4,46,amygdala,0.975,-0.5376344086021506,-0.11672809096818798,-0.18681669532619946,-0.2642472993100847
4,46,amygdala,1.0,-0.5645161290322581,-0.2443043556900494,-0.16902138559702937,-0.2320113137381512
4,46,amygdala,1.025,-0.48387096774193555,-0.18447242396343635,-0.1499934888334744,-0.14881270338381816
4,46,amygdala,1.05,-0.32258064516129037,-0.12898417575706822,-0.06048389036973567,0.024619070954515525
4,46,amygdala,1.075,-0.40322580645161293,-0.21018923765631659,-0.13276653992599302,-0.025049598555097582
4,46,amygdala,1.1,-0.34946236559139787,-0.12836838382694235,-0.1213901270894212,-0.07281830618192951
4,46,amygdala,1.125,-0.34946236559139787,-0.20872627022297516,-0.1569123307851127,-0.1561338241825405
4,46,amygdala,1.15,-0.45698924731182794,-0.0409336099548721,-0.08499409289240806,-0.1365164318113009
5,5,amygdala,-0.15,-1.693548387096774,-0.02493099910105063,-0.006464546254507962,-0.10144959241636202
5,5,amygdala,-0.125,1.6666666666666679,0.016981329428312132,-0.12330033162578374,-0.1635637552476641
5,5,amygdala,-0.1,1.6935483870967731,0.0014531914052337044,-0.08989391043603581,-0.14766464244058972
5,5,amygdala,-0.075,0.43010752688172005,0.05885882324367122,-0.016783861220985918,0.004689231455634233
5,5,amygdala,-0.05,2.446236559139786,-0.022331293418370386,0.01734594137790565,0.17674871821812604
5,5,amygdala,-0.025,0.860215053763441,-0.10626435921162224,0.06613315212518671,0.14680585339926092
5,5,amygdala,-0.0,-0.940860215053763,-0.09663114086424154,0.02518142018284261,0.11019430417410594
5,5,amygdala,0.025,-1.155913978494624,-0.26788028882678633,-0.02032758166190124,0.0018108636110351164
5,5,amygdala,0.05,-1.666666666666667,-0.1070275235215506,-0.06614203911257839,-0.11307990316235408
5,5,amygdala,0.075,-1.8010752688172058,-0.06056441049085686,-0.047068521056349275,-0.14935450974188383
5,5,amygdala,0.1,-1.962365591397849,-0.004427566680678681,0.06091103294806509,0.05105777761823103
5,5,amygdala,0.125,1.344086021505376,-0.07787457022040566,0.02402649729882124,0.020513551589175016
5,5,amygdala,0.15,-0.4569892473118289,0.10172237514090544,-0.006043927626700323,0.06671369265912856
5,5,amygdala,0.175,1.478494623655914,-0.013742859818024047,0.017030871138971854,0.17190134187330267
5,5,amygdala,0.2,3.548387096774194,0.035970263442627826,-0.06882378530855068,0.07408648010200333
5,5,amygdala,0.225,3.198924731182795,0.005380885628105326,0.02983713831698214,0.18667337818829852
5,5,amygdala,0.25,6.935483870967741,0.014441705999191597,0.1002213426965176,0.21027533628610176
5,5,amygdala,0.275,4.838709677419356,0.19906455400870599,0.21446364651252253,0.2747576057190081
5,5,amygdala,0.3,4.892473118279568,0.19537028609835225,0.3023325023676196,0.2737955579119033
5,5,amygdala,0.325,7.043010752688173,0.23328724307284404,0.3032555474018369,0.303970291116252
5,5,amygdala,0.35,5.940860215053763,0.1397904691527454,0.39984845883917963,0.4334299828107237
5,5,amygdala,0.375,13.387096774193546,0.021334372178440367,0.41409708691061725,0.37840304115053425
5,5,amygdala,0.4,10.241935483870968,0.010639071545651057,0.43704387428537794,0.4109181926001341
5,5,amygdala,0.425,10.456989247311828,-0.07884073011703967,0.39597275965123924,0.3999981237580279
5,5,amygdala,0.45,12.09677419354839,-0.17898854149085666,0.17867784244588483,0.20529439396513846
5,5,amygdala,0.475,4.946236559139784,-0.1439920309328524,-0.05608056019022019,0.015577933386172273
5,5,amygdala,0.5,9.677419354838712,-0.1436681734153388,-0.10406913684908568,-0.04856388960518496
5,5,amygdala,0.525,6.586021505376342,-0.10650778514034563,-0.17122072856135298,-0.1850585555932759
5,5,amygdala,0.55,3.14516129032258,0.022440264005881852,-0.1110960149294632,-0.11001641459928331
5,5,amygdala,0.575,8.091397849462368,0.02820502879231237,-0.09205095760400128,-0.08582021033442683
5,5,amygdala,0.6,4.650537634408602,0.04900234900109509,-0.2162640434118708,-0.23991591249380692
5,5,amygdala,0.625,5.672043010752687,0.03229736312516163,-0.29351700291797045,-0.21812236601882135
5,5,amygdala,0.65,10.510752688172044,-0.07635545134754455,-0.2801321017591444,-0.14119231298459797
5,5,amygdala,0.675,3.897849462365591,-0.10858420524049446,-0.21110455046282597,-0.054497657197134106
5,5,amygdala,0.7,5.779569892473118,-0.09065017354546065,-0.09636869934479238,0.07972599421579551
5,5,amygdala,0.725,8.978494623655912,0.03093851134318299,0.025837355309682092,0.202668929210991
5,5,amygdala,0.75,8.951612903225804,0.1519962792457972,-0.006579593021083019,0.15734699886216433
5,5,amygdala,0.775,10.537634408602152,0.08025859444928093,0.026347779556642165,0.11899164035296098
5,5,amygdala,0.8,8.602150537634408,0.022747527554436,-0.14275680004218932,-0.06729155608758582
5,5,amygdala,0.825,3.575268817204301,-0.09863035861703977,-0.08028957388735879,0.024852152434277772
5,5,amygdala,0.85,-1.397849462365592,-0.22342355518865123,-0.14698783468216053,-0.11780003110187072
5,5,amygdala,0.875,0.08064516129032118,-0.04559146322783084,-0.03284628667282379,-0.10660995378877644
5,5,amygdala,0.9,5.161290322580644,0.09460460039811834,0.12990444041612714,0.05987079280022338
5,5,amygdala,0.925,4.999999999999998,0.15830293405594664,-0.01590246016159542,0.01940770259591791
5,5,amygdala,0.95,4.462365591397848,0.007871767126581726,0.03907678534498551,0.09351249091414839
5,5,amygdala,0.975,1.505376344086021,-0.15521431590236473,-0.1518205293032075,-0.028178712974820563
5,5,amygdala,1.0,-5.376344086021506,-0.26427122439393097,-0.23181551846797682,-0.07901814387641762
5,5,amygdala,1.025,-6.74731182795699,-0.21970616461754036,-0.0601931178319571,0.02319862799925619
5,5,amygdala,1.05,-1.4784946236559149,-0.0912098169253823,0.012207181421418866,0.12191890588740681
5,5,amygdala,1.075,-1.6129032258064528,0.02193185495981429,-0.005890998250833838,0.06803975468928433
5,5,amygdala,1.1,3.817204301075269,0.17418242137068854,0.060328606070244394,0.07097179885410211
5,5,amygdala,1.125,3.763440860215052,0.17832012275662898,0.02507347742379721,-0.07511840387902623
5,5,amygdala,1.15,0.6182795698924739,0.06004316273895585,0.029649359967291154,-0.10301548186038044
5,6,amygdala,-0.15,-0.48387096774193555,0.18645861535501593,0.1404390422035652,0.20708807918152836
5,6,amygdala,-0.125,-0.4838709677419355,0.16883420392157497,0.1146356950414389,0.1020933542574266
5,6,amygdala,-0.1,-0.45698924731182805,0.1999691601766191,0.02382399770786895,0.016898802268446683
5,6,amygdala,-0.075,-0.43010752688172044,0.21047263420934934,0.07064234514430284,-0.013712925822129374
5,6,amygdala,-0.05,1.129032258064516,0.14900701443348355,0.03198783096911552,-0.053916799014677025
5,6,amygdala,-0.025,1.129032258064516,0.11080211144960717,-0.10793653960177248,-0.13525499121779633
5,6,amygdala,-0.0,1.1021505376344085,0.10292865017165403,-0.03440354882449805,-0.10935189926912407
5,6,amygdala,0.025,1.1021505376344085,0.024537859805627418,-0.03603190992510552,-0.10912890281976403
5,6,amygdala,0.05,-0.48387096774193555,-0.02737371161594915,-0.12721502693015982,-0.16953187580505705
5,6,amygdala,0.075,-0.48387096774193555,-0.07299656430919774,-0.14308384525824627,-0.2548267743185218
5,6,amygdala,0.1,-0.510752688172043,0.002705760804119851,-0.12278214575768251,-0.1716178285637481
5,6,amygdala,0.125,-0.43010752688172044,0.07597451443613075,-0.10308796369467507,-0.10756541403094844
5,6,amygdala,0.15,-0.34946236559139787,0.1763986827805796,0.008814235280011731,-0.039626066366604464
5,6,amygdala,0.175,-0.32258064516129037,0.29227548279797516,0.18031189930575722,0.15041188566192432
5,6,amygdala,0.2,-0.2956989247311828,0.17125623179255997,-0.03256197078332841,0.0031969934950904257
5,6,amygdala,0.225,-0.4301075268817205,0.05949169308143924,-0.11513694048950955,-0.013261079369138548
5,6,amygdala,0.25,-0.48387096774193555,-0.007484549924890276,-0.07405765188838799,0.00736637282081306
5,6,amygdala,0.275,-0.5645161290322579,-0.09568236577084727,-0.13037271813876164,-0.027657039110639235
5,6,amygdala,0.3,-0.5645161290322581,-0.18321228684033017,-0.15662475181073077,-0.1600431491716793
5,6,amygdala,0.325,1.1827956989247312,-0.15353135384661865,-0.16214191876686934,-0.18071512078493074
5,6,amygdala,0.35,1.263440860215054,-0.13179837442674086,-0.1447692584190824,-0.13755445060571309
5,6,amygdala,0.375,1.3172043010752688,-0.24827841368793813,-0.14371508804170247,-0.19913321801804829
5,6,amygdala,0.4,1.3440860215053765,-0.24320831995984202,-0.19079341426255703,-0.1485220558274725
5,6,amygdala,0.425,-0.34946236559139787,-0.18911575771425274,0.006488522184818864,-0.08385750893830227
5,6,amygdala,0.45,1.2096774193548387,-0.15712657864519716,0.04776384466153793,0.05054549385255469
5,6,amygdala,0.475,1.2096774193548387,-0.23567156764417066,-0.058378032364101905,0.09300224466281061
5,6,amygdala,0.5,2.903225806451613,-0.2966488524381756,0.011868796923137356,0.09271165021696216
5,6,amygdala,0.525,2.956989247311828,-0.3662012486209747,-0.09619242530686237,-0.04665279167346529
5,6,amygdala,0.55,1.3978494623655915,-0.1568316577048905,-0.07596533420080634,-0.06126236629097285
5,6,amygdala,0.575,3.064516129032258,0.14212868979505702,0.053910882336056114,0.056361376987695014
5,6,amygdala,0.6,1.2365591397849462,0.08006107625098342,0.07021779257520784,0.1990688633635194
5,6,amygdala,0.625,4.516129032258064,0.06760563601953688,0.06394732238211606,0.32997989009535866
5,6,amygdala,0.65,6.075268817204302,0.07417251493687758,0.1835901256239027,0.3650760664269011
5,6,amygdala,0.675,4.381720430107527,0.04446220068171117,0.24620565547559786,0.37700451039110794
5,6,amygdala,0.7,6.155913978494624,0.08980107962571743,0.2177895454784492,0.358360957499623
5,6,amygdala,0.725,4.516129032258064,0.09196631816465389,0.2543074491288192,0.21571263328862691
5,6,amygdala,0.75,4.56989247311828,0.21009547337337492,0.27806753828829034,0.25746994285952807
5,6,amygdala,0.775,4.516129032258064,0.2279820233135089,0.22256017705141265,0.28101032455986447
5,6,amygdala,0.8,2.8763440860215055,0.190922240276528,0.1626374639392646,0.22526804011463358
5,6,amygdala,0.825,1.129032258064516,0.2931948308746534,0.15987446762420426,0.13820424846413612
5,6,amygdala,0.85,-0.5376344086021506,0.17156544761386355,0.07656946051959787,0.027050275757693393
5,6,amygdala,0.875,-0.5376344086021506,0.05674132829844354,-0.06736767693935301,-0.14748697224779736
5,6,amygdala,0.9,-0.5376344086021506,-0.037548245260941825,-0.05391373704426971,-0.1677462907791109
5,6,amygdala,0.925,1.2365591397849462,-0.2085297895273166,-0.1505559344330058,-0.08296492113379761
5,6,amygdala,0.95,2.8763440860215055,-0.1439130374711351,-0.09785809525828387,-0.09404903988729618
5,6,amygdala,0.975,4.543010752688172,-0.022336596159172006,0.05860763233714635,-0.008782500657011904
5,6,amygdala,1.0,4.516129032258064,0.09627708741717218,0.06911284675542533,0.035287518371599394
5,6,amygdala,1.025,2.8763440860215055,0.25629850107144136,0.08817198595360122,-0.031710105433144065
5,6,amygdala,1.05,1.2365591397849462,0.06417082675450876,-0.065152860514868,-0.1771724356620527
5,6,amygdala,1.075,-0.32258064516129037,-0.020531577324874647,-0.19162805503216337,-0.30112980076482815
5,6,amygdala,1.1,-0.4032258064516129,-0.0603466330874893,-0.0936511428574716,-0.23864673827699925
5,6,amygdala,1.125,-0.5376344086021506,-0.06756580272445128,0.022090686098994845,-0.09049742270129953
5,6,amygdala,1.15,-0.5645161290322581,-0.09800938135066478,0.059971213524671475,0.004167278682748854
7,17,amygdala,-0.15,0.4402515723270439,-0.05620252715221649,0.0489681244756291,0.00744348945914772
7,17,amygdala,-0.125,0.7232704402515728,0.12456374771275237,-0.06223964885715153,-0.15851264708938048
7,17,amygdala,-0.1,-1.037735849056604,0.1962944031875993,-0.011524543312679294,-0.09806338673334379
7,17,amygdala,-0.075,-2.515723270440252,0.11290390583590078,-0.07782289986983297,-0.13479813748298128
7,17,amygdala,-0.05,-0.7547169811320755,-0.04774199627264139,-0.17832550524136437,-0.16830301299249104
7,17,amygdala,-0.025,4.119496855345912,-0.22770376710888818,-0.15159433462122177,-0.22770376710888818
7,17,amygdala,-0.0,4.056603773584905,-0.24678538175164555,-0.24306016143687342,-0.364694883175388
7,17,amygdala,0.025,3.9937106918239,-0.151145496459934,-0.2558719341126898,-0.2662899672205452
7,17,amygdala,0.05,2.3899371069182394,-0.21139207993517697,-0.2102514751873253,-0.17755413908224396
7,17,amygdala,0.075,-2.7672955974842766,-0.18909728327657202,-0.25246432246347905,-0.3069641588070697
7,17,amygdala,0.1,-2.955974842767295,-0.15354721908196647,-0.163797477583266,-0.14933138695643203
7,17,amygdala,0.125,-2.861635220125786,-0.14235007441032846,-0.16149341872280262,-0.12972626384418498
7,17,amygdala,0.15,-3.050314465408804,-0.07560560018099448,-0.07357897304266366,-0.10112455822895598
7,17,amygdala,0.175,-2.672955974842768,-0.13678927683036493,-0.02582415741373253,0.00920218771404273
7,17,amygdala,0.2,-2.264150943396227,-0.02198597502188893,0.025579013741419413,-0.012661184059297904
7,17,amygdala,0.225,-2.5471698113207553,-0.08710678500231654,0.2305914796093829,-0.034226470971273515
7,17,amygdala,0.25,-0.5974842767295596,-0.15295761431163607,0.21872812121117136,0.06129287444523168
7,17,amygdala,0.275,2.830188679245283,-0.13856348526309567,0.1422841714414566,0.08215446147852062
7,17,amygdala,0.3,2.7044025157232703,-0.17125296909491453,0.2146172729028595,0.1965594103200789
7,17,amygdala,0.325,2.7987421383647795,-0.12674327227534876,0.09473057887867996,0.20823012819414205
7,17,amygdala,0.35,4.559748427672956,-0.03314930742657564,0.19530288736741208,0.2919705451532972
7,17,amygdala,0.375,7.735849056603773,0.07089644846321308,0.253640362552506,0.2560291718870066
7,17,amygdala,0.4,9.276729559748427,0.12769663499626208,0.3299704563632448,0.35642520152853413
7,17,amygdala,0.425,11.163522012578618,0.04898996901044454,0.10937588789370492,0.34730313652983813
7,17,amygdala,0.45,10.817610062893083,0.2549613167296099,0.14251641080730854,0.37503879601384793
7,17,amygdala,0.475,7.20125786163522,0.3201601087205176,0.1913978061350102,0.4022055526533103
7,17,amygdala,0.5,5.440251572327044,0.2848048393638921,-0.018114501818038944,0.15937437838072796
7,17,amygdala,0.525,8.71069182389937,0.29916993325963803,0.09481730007826944,0.10037283930454322
7,17,amygdala,0.55,5.723270440251573,0.19818599329541345,0.0663125489576731,-0.05603995006372626
7,17,amygdala,0.575,5.628930817610064,-0.021313622551958667,0.032032754361715654,-0.005484206972433809
7,17,amygdala,0.6,10.566037735849058,-0.01728003606254937,0.10135963599279559,0.03315114832143764
7,17,amygdala,0.625,10.377358490566039,-0.03754834852582274,0.14808207571870777,0.0824656121978378
7,17,amygdala,0.65,10.220125786163523,-0.04765440100951634,0.22503925182608103,0.14741534429933423
7,17,amygdala,0.675,8.836477987421382,0.038649678915917994,0.3272808464089887,0.08036153796007789
7,17,amygdala,0.7,7.358490566037736,0.13014932775897414,0.34044499458897365,0.1688277428223417
7,17,amygdala,0.725,4.150943396226415,0.14033116570909215,0.33364320247800544,0.11473510179675092
7,17,amygdala,0.75,7.389937106918239,-0.04683902573277568,0.12167085703518478,-0.024419255922446176
7,17,amygdala,0.775,5.817610062893083,-0.17615239032168806,-0.031812343304973435,-0.020898002117894783
7,17,amygdala,0.8,2.5786163522012577,-0.07184689312862211,-0.06176825445341958,-0.05562070306232095
7,17,amygdala,0.825,2.893081761006289,-0.08639115561812778,-0.087820498338817,-0.017446389090765464
7,17,amygdala,0.85,2.8930817610062896,-0.012317565470759753,-0.04684026597384151,-0.05149077538627122
7,17,amygdala,0.875,8.018867924528301,-0.08351606202626045,-0.03511375216109138,-0.06740999366973592
7,17,amygdala,0.9,11.132075471698114,-0.1530212976636375,-0.12935042221594373,-0.1075681804475872
7,17,amygdala,0.925,12.38993710691824,0.04721855553409258,-0.07061963861183512,-0.07241011293984745
7,17,amygdala,0.95,8.89937106918239,0.16822028088832153,0.052560997533338344,-0.058707749034850466
7,17,amygdala,0.975,8.553459119496855,0.20029997060180746,0.13867239843443985,-0.02594408888821259
7,17,amygdala,1.0,5.251572327044027,0.3035674401058983,0.2655486372503859,0.08103460060988725
7,17,amygdala,1.025,2.169811320754717,0.15743177943953643,0.16877484509986723,0.05509489035017823
7,17,amygdala,1.05,4.245283018867925,0.11818580133305369,0.20920487356424722,0.12884189817455852
7,17,amygdala,1.075,-0.6918238993710693,0.10579852223982433,0.07998888670730074,0.18490610431918528
7,17,amygdala,1.1,-0.628930817610063,0.17305319214281614,0.053958772296103054,0.21219318601159534
7,17,amygdala,1.125,-0.7232704402515722,0.17827493315383655,0.0783543727686876,0.22232324685695637
7,17,amygdala,1.15,-2.79874213836478,0.15923417309567717,0.09287625840472727,0.17962971670081326
7,20,amygdala,-0.15,2.1069182389937113,0.0182173452232818,0.07666122650521301,0.02942801920683983
7,20,amygdala,-0.125,2.547169811320755,-0.0006169373181283288,0.24669266894224773,0.11002048839955196
7,20,amygdala,-0.1,2.484276729559749,-0.018589069916686334,0.20435611673377133,0.14487933649036025
7,20,amygdala,-0.075,0.534591194968554,-0.0031577498946573075,0.17117465013376107,0.07258723783822642
7,20,amygdala,-0.05,-2.6729559748427674,0.027124763605965666,0.013397989296280008,-0.033207286353970085
7,20,amygdala,-0.025,-4.245283018867925,0.18640895128335394,0.04152022778033204,0.08423380204790851
7,20,amygdala,-0.0,-2.4213836477987414,0.14469512927748096,0.14518896930914474,0.15568306998199957
7,20,amygdala,0.025,1.1635220125786168,0.00852316298927668,0.1476793899410281,0.11529137058177676
7,20,amygdala,0.05,2.452830188679245,-0.0005368798776208216,0.12645586040576584,0.08821349373831347
7,20,amygdala,0.075,2.484276729559748,0.14402036565562212,0.19071077268765046,0.10485801544021162
7,20,amygdala,0.1,0.7232704402515724,0.1840434321114712,0.1426899579329204,-0.004749507925457322
7,20,amygdala,0.125,0.9119496855345908,0.209776092477402,0.17253308571441892,-0.012193881237602679
7,20,amygdala,0.15,1.1006289308176096,0.14778044808129595,0.11981411152521855,0.06508831900848969
7,20,amygdala,0.175,4.2767295597484285,-0.06876977255111397,0.0622477893199759,0.043507407124174134
7,20,amygdala,0.2,5.723270440251572,-0.25769781071089554,-0.06636918567441819,0.026026320317461993
7,20,amygdala,0.225,2.452830188679245,-0.17953193970300502,-0.03576661038278322,-0.00970220695441016
7,20,amygdala,0.25,0.7861635220125782,-0.16051617185743672,-0.019738647583397093,-0.12989437057501776
7,20,amygdala,0.275,0.8805031446540879,0.01590394145536194,-0.11810225615812932,-0.2211267496377986
7,20,amygdala,0.3,2.7044025157232707,0.18010743332318885,0.16094795043225785,-0.05063577621174616
7,20,amygdala,0.325,14.182389937106917,0.1834748346247094,0.24180285046113614,0.10923172023375835
7,20,amygdala,0.35,20.660377358490564,0.20715337818302973,0.27319454828338535,0.254970633103424
7,20,amygdala,0.375,18.58490566037736,0.028457041352580495,0.2022969354788669,0.08549502989817362
7,20,amygdala,0.4,16.82389937106918,-0.029969632061432737,0.007348717998625288,-0.01904919078973259
7,20,amygdala,0.425,6.792452830188679,-0.2048200794316651,-0.06332067603532891,-0.07686892669317888
7,20,amygdala,0.45,1.8553459119496862,-0.18617945778447056,-0.04970531820480464,-0.11275021396250896
7,20,amygdala,0.475,0.2515723270440251,-0.03888500334551454,0.056217307260322404,0.056381206115308766
7,20,amygdala,0.5,0.31446540880503093,0.09108343354163649,0.10000756320998559,0.08653949595821103
7,20,amygdala,0.525,0.5660377358490569,0.2622698747465563,0.03141029959197972,-0.03962027386764671
7,20,amygdala,0.55,-1.0691823899371067,0.2586745940679565,-0.08682956568490857,-0.06938943924392266
7,20,amygdala,0.575,0.5974842767295598,0.22315543470336482,0.01634260990206798,-0.07287808527394275
7,20,amygdala,0.6,1.8238993710691824,-0.096339576304131,0.09543805751268442,0.039298023681693585
7,20,amygdala,0.625,6.8553459119496845,-0.12842723399846737,0.026675551630137212,0.008100857703630627
7,20,amygdala,0.65,8.238993710691823,-0.14825526420903284,0.09809986551915013,0.12585934332465254
7,20,amygdala,0.675,6.41509433962264,-0.33177997083363686,-0.02220897849801999,-0.02229108193054502
7,20,amygdala,0.7,7.044025157232704,-0.2721826815924935,-0.19912398475199627,-0.16637495135386562
7,20,amygdala,0.725,1.6037735849056611,-0.2560509862024451,-0.165169071112507,-0.12013786070500385
7,20,amygdala,0.75,2.0440251572327046,-0.19204180964662654,-0.1379017012886988,-0.0887399936993161
7,20,amygdala,0.775,2.1383647798742134,-0.10073308876713595,-0.0958949231736405,-0.014183682039050752
7,20,amygdala,0.8,0.34591194968553385,-0.06010584167733922,0.09941211416388256,0.13683496109377905
7,20,amygdala,0.825,3.8050314465408803,-0.24939073888804764,0.14137593034014242,0.17203872610506632
7,20,amygdala,0.85,3.616352201257862,-0.24897756459294582,0.06555700329213078,0.14056108566129352
7,20,amygdala,0.875,3.89937106918239,-0.2288889339500862,0.1613404960780308,0.23936987666206058
7,20,amygdala,0.9,3.9308176100628938,-0.17152744343435136,0.12467580567853649,0.21540174851724597
7,20,amygdala,0.925,-0.9433962264150941,-0.09837602501044279,0.0969089773430523,0.18245881417573817
7,20,amygdala,0.95,-2.547169811320755,-0.20946077671855123,0.1546749078178476,0.23341924959884386
7,20,amygdala,0.975,-2.515723270440251,-0.027418100216577732,0.11478213772485495,0.1741049363752686
7,20,amygdala,1.0,-4.685534591194969,0.05638110682319525,0.10236221282352079,0.18044410876530242
7,20,amygdala,1.025,-3.2389937106918234,0.05318873168249402,0.14428771144590544,0.14788264876392346
7,20,amygdala,1.05,-1.2893081761006289,0.12509265625485125,0.13734863172070866,0.12860603588839703
7,20,amygdala,1.075,-1.4465408805031443,-0.061067631347995394,0.08759567200719821,0.059473496393128045
7,20,amygdala,1.1,0.7861635220125782,-0.03823695802292721,-0.03659940093415088,-0.031441096104505455
7,20,amygdala,1.125,0.7547169811320753,-0.12694824343713315,-0.004539815792207189,-0.09129611207814822
7,20,amygdala,1.15,0.7547169811320753,-0.23835121727456848,0.0571499811486925,-0.09117664379085859
7,21,amygdala,-0.15,2.893081761006289,-0.04662471921528181,-0.12321945286722255,-0.11172178865456919
7,21,amygdala,-0.125,2.6415094339622645,-0.15609850062511524,-0.03423065180733939,-0.00984026108466513
7,21,amygdala,-0.1,2.547169811320755,-0.13661028404286785,-0.01469646087502735,-0.0780749483985828
7,21,amygdala,-0.075,-0.628930817610063,-0.05041875323216897,0.1059171643669961,0.0639785011871986
7,21,amygdala,-0.05,-0.7232704402515726,-0.10643599756037089,0.13737864201242206,0.012226322300404525
7,21,amygdala,-0.025,-2.075471698113208,0.018909730661333946,0.12644560390766701,0.04014616196332419
7,21,amygdala,-0.0,-1.8238993710691824,0.0572877174803541,0.11576099008964384,0.07164140279139625
7,21,amygdala,0.025,-1.886792452830189,-0.10005867780704289,0.2058494449914059,0.06524466438302545
7,21,amygdala,0.05,-0.06289308176100628,-0.1473378712185665,0.16415706897081564,0.08715402471620018
7,21,amygdala,0.075,0.0,-0.1665516278105057,0.12558581620453965,0.1580597564463523
7,21,amygdala,0.1,-0.1572327044025157,-0.1304279425495882,0.019048386752401298,0.07345400374633848
7,21,amygdala,0.125,-0.0628930817610065,-0.07133575627823034,-0.045301437974876194,0.06280132743044206
7,21,amygdala,0.15,-1.729559748427673,-0.09268227521702946,-0.051367106577085264,0.11751396935835674
7,21,amygdala,0.175,-0.28301886792452824,-0.12750652869239995,0.00021173452124277642,-0.01122192962586715
7,21,amygdala,0.2,-0.06289308176100628,-0.12358356429128986,0.0730710658580332,-0.022601050602600963
7,21,amygdala,0.225,2.9874213836477987,-0.20873474792255015,0.015883376545886826,-0.021574211992808845
7,21,amygdala,0.25,7.830188679245283,-0.12576671228420955,0.043708537824472295,-0.006782359317590528
7,21,amygdala,0.275,12.70440251572327,-0.13947962139521822,0.042582432068918354,0.03304464252721811
7,21,amygdala,0.3,14.30817610062893,-0.07265636761276702,0.009634225931281788,-0.003954660425940996
7,21,amygdala,0.325,14.213836477987423,-0.12711139151610157,0.10488040280700896,-0.01994555996329806
7,21,amygdala,0.35,10.723270440251573,-0.13182567348435778,-0.046887948075959814,-0.09680494058514535
7,21,amygdala,0.375,5.817610062893083,-0.003812579788568495,-0.0024299959091975023,-0.012946012688655658
7,21,amygdala,0.4,4.182389937106919,-0.05165583794941933,0.14930717446256675,0.136644785614576
7,21,amygdala,0.425,7.515723270440251,-0.09468071485639765,-0.0884555945548664,0.03129384800229225
7,21,amygdala,0.45,7.735849056603774,-0.11175667607799275,-0.00037897893168874707,0.11264096025193317
7,21,amygdala,0.475,6.19496855345912,-0.1614194671977039,-0.18581715461754417,0.020786325770776125
7,21,amygdala,0.5,6.037735849056604,-0.2342029689532098,-0.2919834455250145,-0.02916457948218922
7,21,amygdala,0.525,1.2578616352201255,-0.09796706772082132,-0.1745779926512906,0.13381487883319798
7,21,amygdala,0.55,-0.44025157232704415,-0.11875548960330667,-0.07289813049253016,0.1522550439584091
7,21,amygdala,0.575,0.8805031446540883,-0.058691994535886964,0.021827954299736708,0.2115303907872724
7,21,amygdala,0.6,0.6918238993710695,0.09188528198750986,-0.06469856284938393,0.11307676750252686
7,21,amygdala,0.625,3.867924528301887,-0.007873301262465979,0.009725842735987388,0.034061501183609504
7,21,amygdala,0.65,3.773584905660378,-0.056984797758335905,-0.036660361327775295,-0.05715452165337191
7,21,amygdala,0.675,2.421383647798742,-0.16459308498025352,0.20075814708628772,0.12115295805521471
7,21,amygdala,0.7,2.3270440251572335,-0.24126646781427724,0.2090752504269658,0.10143586728814297
7,21,amygdala,0.725,-2.672955974842767,-0.23686001167661097,0.16607282436991583,0.13219996781880153
7,21,amygdala,0.75,-1.0377358490566035,-0.24866887786929906,-0.0456441283109616,0.0029568732756188633
7,21,amygdala,0.775,0.4716981132075473,-0.24011675638995156,-0.21767555179102838,-0.16262640901797926
7,21,amygdala,0.8,0.44025157232704437,-0.1682430191645167,-0.1467225933120401,-0.12257467360548206
7,21,amygdala,0.825,1.9496855345911945,-0.05374311953070428,-0.16288554101216535,-0.14793849467119136
7,21,amygdala,0.85,0.4402515723270439,0.12749420624358607,0.07833169951116331,0.06460997246084668
7,21,amygdala,0.875,0.5974842767295594,0.10601881899854533,0.1627005046157715,0.2323285195979864
7,21,amygdala,0.9,2.641509433962264,0.19347212578065687,0.12335050163236172,0.24118159098829237
7,21,amygdala,0.925,1.2578616352201255,-0.016441206197338867,0.10945266909207807,0.17496324842477368
7,21,amygdala,0.95,1.2578616352201255,0.05641828602220842,0.17198342100668743,0.1182517200331556
7,21,amygdala,0.975,-0.44025157232704415,0.06937687171367822,0.15406363349718263,0.09257240379207243
7,21,amygdala,1.0,1.257861635220126,-0.060878540194062386,-0.06155449900260159,-0.015462557745334376
7,21,amygdala,1.025,1.10062893081761,-0.07246259556610506,0.041747481528569184,0.14229246707184992
7,21,amygdala,1.05,1.0062893081761004,-0.07645774936834007,0.0070383024076061,0.1261448127934641
7,21,amygdala,1.075,1.0691823899371071,-0.17759568996968433,0.04439892249242108,0.15921796099822122
7,21,amygdala,1.1,-2.4213836477987423,-0.033786840136992256,0.2572349699207915,0.33416111716536484
7,21,amygdala,1.125,-0.47169811320754707,0.06607167777522115,0.30898101770058745,0.2849051223530117
7,21,amygdala,1.15,-0.2515723270440249,0.03719338045196315,0.2821625089742114,0.30946583144235706
7,23,amygdala,-0.15,-0.880503144654088,-0.12855814065866614,-0.06036561617512285,0.09532893113369556
7,23,amygdala,-0.125,-0.8490566037735849,-0.2200568276640849,-0.09366592896982066,0.09478155293769944
7,23,amygdala,-0.1,-0.9748427672955975,-0.12864230505859106,0.11925268688259376,0.06908400232871445
7,23,amygdala,-0.075,-0.9119496855345911,0.11654193033823344,-0.005278251754797748,0.01513410237658823
7,23,amygdala,-0.05,-1.0062893081761006,0.08161812850189204,0.06030172813865849,-0.0018474213648135749
7,23,amygdala,-0.025,0.4088050314465408,-0.024084604933687685,0.07897405100915195,0.09209880763031883
7,23,amygdala,-0.0,0.44025157232704415,0.15239654890304827,0.08248033859669723,0.14399033357209723
7,23,amygdala,0.025,0.4402515723270439,0.1320426224162409,0.2026202081461667,0.08773061922378118
7,23,amygdala,0.05,0.4716981132075473,0.025683665319510867,0.17928025416231022,0.14642905433502884
7,23,amygdala,0.075,-0.9433962264150944,0.016839290687560137,0.08202059003435189,0.11267188319597822
7,23,amygdala,0.1,-0.8490566037735849,-0.13885127791042215,-0.05293063497958014,-0.002834696979515834
7,23,amygdala,0.125,-0.8805031446540882,-0.182103763612538,-0.07505173582131514,0.09004286359100164
7,23,amygdala,0.15,-0.8490566037735849,0.09287184170793852,-0.07127032156384523,-0.09208811308593058
7,23,amygdala,0.175,-0.9433962264150944,0.030276543516404783,-0.0656616679047726,-0.15991264160676952
7,23,amygdala,0.2,-0.9748427672955976,0.008543112043405632,-0.05452652932621736,-0.05620714153147749
7,23,amygdala,0.225,7.358490566037736,-0.05346732352248429,-0.020946444885670882,0.12783423187496684
7,23,amygdala,0.25,8.867924528301886,-0.10259453997243331,0.008987032556128156,0.1678172613946307
7,23,amygdala,0.275,11.918238993710691,-0.2174844040131038,0.0576673017200319,0.3058874265149519
7,23,amygdala,0.3,15.283018867924529,-0.21164377527147796,0.08477974661246085,0.3270699596398335
7,23,amygdala,0.325,13.647798742138365,-0.21093085188645433,0.12321137849677308,0.31349718657093384
7,23,amygdala,0.35,17.264150943396224,-0.1477770014442254,0.09068855565770201,0.2842632777090669
7,23,amygdala,0.375,15.849056603773587,0.06532458390235352,-0.010525320983527766,0.11988244037660294
7,23,amygdala,0.4,15.723270440251573,0.10029110730396215,0.00804199088870932,0.11759073886688337
7,23,amygdala,0.425,12.452830188679245,0.12329411136259279,-0.15709673257559473,0.04738064040811229
7,23,amygdala,0.45,8.9937106918239,-0.02832137678857432,-0.23261352303710148,-0.0844106181157834
7,23,amygdala,0.475,8.962264150943396,-0.05857332237343089,-0.1218398724625648,0.10766816524259878
7,23,amygdala,0.5,7.29559748427673,0.0025821034808559498,-0.08391836312781835,-0.008299618331322695
7,23,amygdala,0.525,8.867924528301886,-0.017045102551297885,-0.06169783130935219,-0.012874492352576063
7,23,amygdala,0.55,7.264150943396228,0.13418092744668728,0.07134364240519159,0.003841580744894932
7,23,amygdala,0.575,5.6918238993710695,0.09270963231506339,0.02324645696082771,-0.10564478955465266
7,23,amygdala,0.6,3.9937106918238996,0.07392311148884594,-0.12942301762221622,-0.09414257936648042
7,23,amygdala,0.625,0.6603773584905661,0.07373230739965282,-0.07858557320317429,-0.13080484660837144
7,23,amygdala,0.65,2.3270440251572326,-0.10555733845082015,-0.0833052157304524,0.027861901557435256
7,23,amygdala,0.675,2.1383647798742142,-0.02148442575074196,-0.008914699481635669,0.1467359534677231
7,23,amygdala,0.7,3.867924528301887,-0.04880587085840868,0.1613534958416882,0.3343340023492685
7,23,amygdala,0.725,2.169811320754717,-0.04008551469146408,0.17631256461909572,0.3644551335739243
7,23,amygdala,0.75,2.232704402515723,0.06909953372081269,0.0800433080404702,0.33866911520626064
7,23,amygdala,0.775,2.4842767295597485,-0.07308665700292784,0.0569182904376499,0.3269864133565073
7,23,amygdala,0.8,0.9433962264150944,-0.1551165060192223,-0.1941807731600926,0.04595516584576837
7,23,amygdala,0.825,1.0691823899371071,-0.08934796011652762,-0.03727525212884361,-0.08212844013003455
7,23,amygdala,0.85,-0.660377358490566,-0.17957755720209956,0.07155980496116195,-0.06008520066709807
7,23,amygdala,0.875,-0.7547169811320755,-0.049182339014589994,0.027035012439696984,-0.08069773016369063
7,23,amygdala,0.9,-0.7232704402515723,-0.06549783715545227,0.004926828458595967,0.019997127273124807
7,23,amygdala,0.925,0.9119496855345912,-0.1166991586731526,-0.1256027664544172,0.05551661322435574
7,23,amygdala,0.95,0.9748427672955975,0.04545986225253551,-0.0697116678170631,0.049534558329166666
7,23,amygdala,0.975,0.9433962264150944,0.06534107135662827,-0.01803864535576834,0.09818317023805433
7,23,amygdala,1.0,0.8490566037735849,0.08296396268901521,0.097545215992247,-0.01833484326247958
7,23,amygdala,1.025,0.9433962264150944,0.17371192502290891,0.13753062971501612,-0.01803851322266701
7,23,amygdala,1.05,0.8490566037735849,-0.009528343742705923,0.02319526103022351,-0.03941269457210177
7,23,amygdala,1.075,2.610062893081761,-0.14614390041275152,-0.05305702395449278,-0.03873212661212267
7,23,amygdala,1.1,4.150943396226415,-0.11313156489134872,-0.05809331707756836,0.00761417262667158
7,23,amygdala,1.125,5.660377358490567,-0.1430070791905006,0.07267347238939781,0.019865917641798767
7,23,amygdala,1.15,5.59748427672956,-0.1646904456107455,0.03074221651400582,0.016652033945086485
7,24,amygdala,-0.15,-0.37735849056603776,-0.04286110111444962,0.020421355655638046,-0.11682915096016183
7,24,amygdala,-0.125,-0.4402515723270441,-0.10307409900484053,0.15285818763983156,0.0827397529426611
7,24,amygdala,-0.1,-0.5345911949685535,-0.08714325809965084,0.1795234908447134,0.04021996527676193
7,24,amygdala,-0.075,-0.5660377358490567,-0.15775231665069056,0.12644346503718404,-0.056778753408417024
7,24,amygdala,-0.05,-0.5345911949685535,-0.1415400073117808,-0.0024665852219702246,0.12994180871485697
7,24,amygdala,-0.025,-0.5031446540880503,-0.07572790947294407,-0.07923383120780259,-0.0014023686939434086
7,24,amygdala,-0.0,-0.5031446540880503,-0.19352687976419036,-0.056795932104708055,-0.13602976331251063
7,24,amygdala,0.025,-0.5031446540880503,-0.1318517671367715,-0.07821433541740473,-0.06426528196716694
7,24,amygdala,0.05,1.0691823899371071,-0.19922803026556388,-0.05898501435773055,-0.16379605983539935
7,24,amygdala,0.075,1.10062893081761,-0.25085113371570694,0.06622822853210902,-0.19752665662116112
7,24,amygdala,0.1,1.0691823899371071,-0.06594153150113394,0.014248941819091494,-0.045585900331003244
7,24,amygdala,0.125,1.0062893081761004,-0.06701746208356267,0.06153706214682274,-0.14776202115153111
7,24,amygdala,0.15,-0.4716981132075472,0.0029843237343611315,0.08952971203083394,-0.05106509501017936
7,24,amygdala,0.175,-0.5031446540880503,0.013966247619325264,-0.07794601438137262,-0.11493172942069249
7,24,amygdala,0.2,-0.4402515723270441,0.07139715171380934,-0.19045160618849472,-0.12242894671986541
7,24,amygdala,0.225,-0.3459119496855346,0.08548474460499647,-0.11362347303747447,-0.01757186416880483
7,24,amygdala,0.25,1.10062893081761,0.13622736976705277,0.1343739361647799,0.3068977139763422
7,24,amygdala,0.275,2.7358490566037736,0.08834925251882049,0.2656547792789518,0.4801541824898546
7,24,amygdala,0.3,2.7044025157232703,0.04249250082307227,0.3436993967378259,0.39536253111654784
7,24,amygdala,0.325,2.5786163522012577,0.00567129477396666,0.2307859323784451,0.17749619860144306
7,24,amygdala,0.35,1.0377358490566038,-0.09083340190768735,0.1538425490930774,0.10717297363016216
7,24,amygdala,0.375,-0.7547169811320755,-0.017054286453582757,0.11583949541424778,0.03909520637312538
7,24,amygdala,0.4,0.7861635220125788,-0.1754708509868602,0.08368609816296409,-0.0001420816607181054
7,24,amygdala,0.425,0.8490566037735849,-0.1175934192784836,0.20297791088851605,0.051610181595397396
7,24,amygdala,0.45,2.547169811320755,-0.1525576123219575,0.20649360487210097,-0.021682073230230088
7,24,amygdala,0.475,2.6729559748427674,-0.20461613466976514,0.15609675546454288,0.0074083353195070496
7,24,amygdala,0.5,1.1949685534591197,-0.14655779384623252,0.08948700185003605,0.05467381873235621
7,24,amygdala,0.525,1.1949685534591197,-0.3282331106527951,-0.043063298497112074,-0.09531491004116581
7,24,amygdala,0.55,1.2264150943396226,-0.3744324412828901,-0.06871606600322702,-0.0490829042880193
7,24,amygdala,0.575,2.767295597484277,-0.23632646033024637,0.020134309719296816,0.05778546889438186
7,24,amygdala,0.6,4.40251572327044,-0.08296421526245606,0.05508119480278626,0.0070441314845481546
7,24,amygdala,0.625,4.371069182389937,-0.024192423024921635,-0.09300320707784246,-0.03138737518203406
7,24,amygdala,0.65,2.6415094339622645,0.05185337291234019,-0.025999310227756006,0.03374584586358648
7,24,amygdala,0.675,2.8301886792452833,0.01983832049145134,-0.05085537713284748,-0.15818174063818607
7,24,amygdala,0.7,1.1320754716981134,-0.0682210507516155,0.015707781437166547,-0.1365960993604581
7,24,amygdala,0.725,2.8301886792452833,0.06019833446945253,0.04083383526948878,0.04904269906077775
7,24,amygdala,0.75,2.7358490566037736,-0.1310145877606604,-0.12709920927585905,-0.136937852647924
7,24,amygdala,0.775,0.9748427672955976,0.08812695902118421,-0.17655435085721338,0.10955783314679039
7,24,amygdala,0.8,1.0377358490566038,0.057319008790023405,-0.22468216196016458,0.08994594913042836
7,24,amygdala,0.825,-0.660377358490566,-0.011317006508315559,-0.22799261341752536,0.02919387077145119
7,24,amygdala,0.85,-0.5031446540880503,0.1430668297875565,-0.18788673904602066,0.06681000525295651
7,24,amygdala,0.875,-0.37735849056603776,0.035366392784487034,-0.11494077654958285,0.07073278556897407
7,24,amygdala,0.9,-0.5660377358490567,0.20563175213518528,-0.008315612542661012,0.2413580875036548
7,24,amygdala,0.925,-0.5345911949685535,0.26047038933688577,0.009613237049753105,0.32813898532956126
7,24,amygdala,0.95,-0.5031446540880503,0.24999160411133922,-0.005581156502043604,0.2892807355267155
7,24,amygdala,0.975,-0.4716981132075472,0.3227730523701081,-0.042142983339489376,0.30748980536742454
7,24,amygdala,1.0,-0.2830188679245283,0.2653297056094586,-0.08533354544420024,0.15591892989925016
7,24,amygdala,1.025,-0.22012578616352205,0.12022037417169289,-0.09836212432229417,0.04007345805723096
7,24,amygdala,1.05,-0.3144654088050315,-0.047287799241095906,0.03152519949406393,0.07881299873515983
7,24,amygdala,1.075,1.3207547169811322,-0.1429449909345215,-0.1064483975044309,-0.018248296715045298
7,24,amygdala,1.1,1.2893081761006289,-0.2063039579095077,-0.03831359218319429,0.02063039579095077
7,24,amygdala,1.125,2.8930817610062896,-0.11359186420941611,-0.01472487128640579,0.1430416067822277
7,24,amygdala,1.15,2.861635220125786,-0.1697642866754941,-0.07392960871352162,-0.00821440096816907
7,25,amygdala,-0.15,-1.0377358490566035,-0.1644321185356047,0.09410980161512468,0.11314883404182698
7,25,amygdala,-0.125,-1.0062893081761006,-0.2048878093525814,0.13827875517720947,0.05470969542125004
7,25,amygdala,-0.1,-1.0062893081761006,-0.17352005986803268,0.1440501252407971,0.1946733258274594
7,25,amygdala,-0.075,-1.257861635220126,-0.005805959478753117,0.2442868364143041,0.30409258442852793
7,25,amygdala,-0.05,0.5345911949685536,0.1118044386171372,0.11344470992119514,0.26505897640438675
7,25,amygdala,-0.025,0.5660377358490567,-0.007157173636707297,0.10616474227782494,0.23380100546577176
7,25,amygdala,-0.0,0.628930817610063,-0.014571225825085275,0.014749467119581732,0.31071913663094686
7,25,amygdala,0.025,2.6415094339622645,-0.006609529696733346,-0.031993955343607786,0.35815987733457944
7,25,amygdala,0.05,0.7861635220125788,-0.1380807644974253,-0.00865594655735777,0.34780329943766275
7,25,amygdala,0.075,0.8805031446540882,0.09634191059290013,-0.10189381730503334,0.25734720524476373
7,25,amygdala,0.1,0.6918238993710695,0.13480099857981834,-0.13264418260254127,0.10460557489793904
7,25,amygdala,0.125,-1.2264150943396226,-0.09026564689800495,0.04587557078553011,0.19259001525963496
7,25,amygdala,0.15,-1.1949685534591195,-0.043253287649357305,0.04962052288707996,0.1842985261567032
7,25,amygdala,0.175,-1.3522012578616351,-0.16512217103092952,0.031185833580428618,0.16133940419324708
7,25,amygdala,0.2,-1.4465408805031446,-0.26222619775661177,0.2573709527383425,0.19738934171618458
7,25,amygdala,0.225,0.2515723270440253,-0.2784860067700713,0.04265838568812789,0.10772319618214114
7,25,amygdala,0.25,0.2515723270440249,-0.3266482324342799,0.08468817420094872,-0.035796476480665515
7,25,amygdala,0.275,3.584905660377358,-0.26365122896803705,0.1888365604419861,0.018259116202589836
7,25,amygdala,0.3,5.471698113207547,-0.24569603938684081,0.055174473961143757,-0.025221341252464582
7,25,amygdala,0.325,7.264150943396227,-0.25761045481672024,0.189967606783685,-0.05789849370100359
7,25,amygdala,0.35,8.867924528301886,-0.25469257310531684,0.19277731353255867,-0.0490319776647071
7,25,amygdala,0.375,7.201257861635221,-0.25454562373467227,0.29621680079577256,0.020128137003225834
7,25,amygdala,0.4,7.201257861635221,-0.2644710072337192,0.3200740761399998,-0.03181137115311245
7,25,amygdala,0.425,5.408805031446541,-0.14471982537322226,0.2690479110036036,0.03950899575175427
7,25,amygdala,0.45,5.471698113207547,-0.011741970250074582,0.05372840932609883,-0.03549277371045271
7,25,amygdala,0.475,3.89937106918239,-0.07302065038040569,0.03189873143543292,-0.20331504563712463
7,25,amygdala,0.5,2.0754716981132075,-0.14124633192077082,-0.0865903351850445,-0.21857969521135276
7,25,amygdala,0.525,0.3144654088050314,-0.06969173342092956,-0.12859473407757038,-0.28285621142502126
7,25,amygdala,0.55,-1.477987421383648,-0.16033902081094586,-0.0339236797731907,-0.23729311882061385
7,25,amygdala,0.575,-1.4465408805031448,-0.1517432861249119,-0.03300852517142481,-0.17895242708524098
7,25,amygdala,0.6,-1.4465408805031448,-0.05015849335589084,0.04117230333175192,0.008122133291048647
7,25,amygdala,0.625,2.20125786163522,-0.05639094491392169,0.2388111762386398,0.12862506006556423
7,25,amygdala,0.65,3.9937106918238996,-0.10348049665875172,0.18289788931993342,0.2183063351262437
7,25,amygdala,0.675,5.440251572327044,-0.23834887832904159,0.1962846987208414,0.1630153528638805
7,25,amygdala,0.7,5.723270440251572,-0.17210795617057562,0.03838647976529274,0.10276916263594815
7,25,amygdala,0.725,2.2955974842767297,-0.1978997882113167,0.011896119608229195,-0.06814908829830524
7,25,amygdala,0.75,4.0251572327044025,-0.10094697974419067,-0.04554866101736924,-0.22697455131440114
7,25,amygdala,0.775,4.119496855345912,-0.11000709600334053,0.10943735705123,-0.2107084557888758
7,25,amygdala,0.8,3.9937106918238996,-0.052540379772198935,-0.00022744753148138067,-0.2796239952032094
7,25,amygdala,0.825,3.9937106918238996,-0.09179612005368841,-0.04883445166241986,-0.18472162150567514
7,25,amygdala,0.85,0.5660377358490567,-0.030926278516053254,0.04932092463775786,-0.10235658316384051
7,25,amygdala,0.875,0.5974842767295598,0.00031154656150955305,0.08278237205825267,0.057725127182555756
7,25,amygdala,0.9,0.5660377358490567,-0.0052940923480570765,0.17026339373624247,0.08784604082623523
7,25,amygdala,0.925,0.5031446540880502,-0.0525797828178989,0.1379424699488574,-0.09403517289798673
7,25,amygdala,0.95,0.628930817610063,-0.1877751998758025,0.2233266831277224,-0.04752622924896241
7,25,amygdala,0.975,0.7547169811320756,-0.27229474535939857,0.27167880109462184,-0.07727731506545661
7,25,amygdala,1.0,4.245283018867925,-0.10623419292380759,0.27249070484956645,0.006180898497385169
7,25,amygdala,1.025,4.150943396226415,-0.20778496401741856,0.13833737201696591,0.032585516728458705
7,25,amygdala,1.05,4.119496855345912,-0.14002819904388036,0.09933704512018161,0.2141442294049031
7,25,amygdala,1.075,2.3270440251572326,-0.12011453589391718,0.13472060861213522,0.20607263465485867
7,25,amygdala,1.1,-1.1635220125786165,-0.07521233129403027,0.1346260220828513,0.15749129096218548
7,25,amygdala,1.125,-1.069182389937107,0.03518287777146092,0.10170474564012287,0.21539337638235004
7,25,amygdala,1.15,-1.1635220125786165,0.08857933702686256,0.06427920624390077,0.18778998127127092
7,26,amygdala,-0.15,2.0754716981132075,0.1409028165687196,0.06667536300764404,0.06784364220927985
7,26,amygdala,-0.125,0.5345911949685536,0.19156341915027292,0.21309492963425286,0.17350878681837534
7,26,amygdala,-0.1,0.6289308176100628,0.12002558021287126,0.23385088612504273,0.23494012350219268
7,26,amygdala,-0.075,0.4716981132075473,0.01803131376400265,0.19788848714792792,0.17289335565437944
7,26,amygdala,-0.05,-1.446540880503144,0.024769753764989504,0.03994588002834701,0.043791601397535705
7,26,amygdala,-0.025,-1.2578616352201257,-0.0702091241442253,-0.03460247060028266,0.044937186728783045
7,26,amygdala,-0.0,0.47169811320754684,-0.14640746967444312,-0.03377678689690291,-0.0004967174543662193
7,26,amygdala,0.025,-1.60377358490566,-0.13615618100751561,0.03356079354705715,-0.016426906383008144
7,26,amygdala,0.05,-0.2515723270440251,-0.17043403208421104,0.11140565999650867,0.016087309857704797
7,26,amygdala,0.075,-0.4716981132075473,-0.14077410064961177,0.14344676230537418,-0.14954377170758223
7,26,amygdala,0.1,-2.515723270440252,-0.11213247222331366,0.03853637446598751,-0.09914738952281787
7,26,amygdala,0.125,-1.9182389937106914,-0.09119116338793,0.050148958808454956,-0.06156330686921258
7,26,amygdala,0.15,-3.1132075471698113,0.00688679744955819,0.01633037000014996,-0.0583109676267981
7,26,amygdala,0.175,-3.1132075471698117,0.06928708530535152,0.17583467152131474,0.06783321960649821
7,26,amygdala,0.2,-2.9245283018867925,0.08012020791218048,0.11709876541010994,-0.01374203150260892
7,26,amygdala,0.225,-1.320754716981132,-0.13223388962037866,0.016262719905889126,-0.23399085684643042
7,26,amygdala,0.25,2.106918238993712,-0.35644290095707165,0.1279237692522322,-0.3350663864358926
7,26,amygdala,0.275,5.314465408805033,-0.35310538578538486,0.046160619885593904,-0.2477045959454179
7,26,amygdala,0.3,8.459119496855346,-0.151131468719795,0.2945746867823998,0.021365691052854664
7,26,amygdala,0.325,8.11320754716981,0.025995556764240965,0.2994488173419295,0.18917599882438818
7,26,amygdala,0.35,5.880503144654088,0.0913403585928445,0.18161048315080217,0.2566503541353698
7,26,amygdala,0.375,7.704402515723269,0.07940480142538815,0.23825556798867117,0.33667800459214603
7,26,amygdala,0.4,11.132075471698114,0.010783230604940379,0.12386254924755272,0.27829824273899767
7,26,amygdala,0.425,16.352201257861637,0.04628743864209046,0.03884173805623141,0.46572857164548387
7,26,amygdala,0.45,16.82389937106918,0.00914853925277754,0.18729779686429696,0.48326540458253253
7,26,amygdala,0.475,14.968553459119496,0.004301869051181853,0.12140370831941094,0.4305591822476145
7,26,amygdala,0.5,15.125786163522012,0.009436629069441985,0.1805790027630499,0.3393047592600236
7,26,amygdala,0.525,9.937106918238994,0.009252120590835572,0.12405309671120342,0.19728176416781681
7,26,amygdala,0.55,9.968553459119498,-0.02426245426704317,0.09049688070203113,0.12089752852723223
7,26,amygdala,0.575,8.144654088050315,-0.154122609225263,0.10862454048882916,0.0029800395574601504
7,26,amygdala,0.6,1.4150943396226414,-0.12776567074716996,0.07682506296142634,0.15340163515316613
7,26,amygdala,0.625,1.4779874213836472,-0.070145291239468,0.04207061151080253,0.12666732343655998
7,26,amygdala,0.65,1.4779874213836472,-0.018285528533753592,-0.02969339205593771,0.17626590568573283
7,26,amygdala,0.675,3.3333333333333326,0.10310168033087477,-0.018519270812553425,0.3720463374001764
7,26,amygdala,0.7,3.4905660377358494,0.010659117557262048,-0.05188543215616663,0.3636542519146834
7,26,amygdala,0.725,3.49056603773585,-0.011070563228061587,-0.0917571401636715,0.3691431626195967
7,26,amygdala,0.75,1.7295597484276723,-0.02767230436317697,-0.11304342842091847,0.2736253976209663
7,26,amygdala,0.775,-1.4779874213836475,0.12446155795282861,-0.07573211620427454,0.16180833385389432
7,26,amygdala,0.8,0.28301886792452935,0.26650146186040496,-0.030427496585158215,0.2503903319812951
7,26,amygdala,0.825,0.03144654088050336,0.18403772758817893,0.0661062192888713,0.37792722736843765
7,26,amygdala,0.85,3.616352201257862,0.1946440369433081,0.28735147017346124,0.36816907115974723
7,26,amygdala,0.875,8.962264150943396,0.12449998197371025,0.22439095248550514,0.42088892069576506
7,26,amygdala,0.9,7.044025157232705,0.012910582111439514,0.26143928775665015,0.35726263420713955
7,26,amygdala,0.925,7.578616352201258,0.01723137416150896,0.1427742430525028,0.2161223199918073
7,26,amygdala,0.95,7.169811320754718,0.0632287969773271,-0.020869229650669847,0.27726262250175654
7,26,amygdala,0.975,3.553459119496856,0.026035374374820248,0.020402721264883177,0.2142911583158282
7,26,amygdala,1.0,3.647798742138365,0.008549043934425998,-0.10826008806717022,0.12085428937544655
7,26,amygdala,1.025,3.867924528301887,0.005549091290365381,-0.12716667540420662,0.1206086584246839
7,26,amygdala,1.05,0.8176100628930825,-0.17872917577370204,-0.08900450303402416,-0.007964229686052614
7,26,amygdala,1.075,0.5660377358490569,-0.06689810715545985,-0.051277229342509834,0.07920803804066504
7,26,amygdala,1.1,0.8176100628930816,0.007683569904415523,0.11500299737369755,0.13746908763769514
7,26,amygdala,1.125,-1.2264150943396224,-0.09778285300287617,0.09931979674166395,0.04482060254464884
7,26,amygdala,1.15,1.8553459119496853,-0.14403249783699373,0.11264717807228325,0.1659234474218909
7,30,amygdala,-0.15,-1.5094339622641497,-0.16825779047550737,0.053666323864703755,0.053176965288429856
7,30,amygdala,-0.125,-1.698113207547169,0.0858522688346054,0.16360989517909083,0.01847867881582935
7,30,amygdala,-0.1,1.3836477987421372,0.18626391093573216,0.09099193704792395,-0.13996543550429189
7,30,amygdala,-0.075,4.591194968553459,0.05446807772559174,0.042744007183760334,-0.03631205181706116
7,30,amygdala,-0.05,2.452830188679245,-0.04680941803007213,0.09109739043211257,0.062060097231876686
7,30,amygdala,-0.025,1.0691823899371062,-0.06997660787061098,0.0643589395249773,0.13287006869672735
7,30,amygdala,-0.0,-2.264150943396225,-0.11444012606161125,0.10486936498283463,0.06090112498418126
7,30,amygdala,0.025,-2.3584905660377364,-0.15639344884426942,0.006067163939436927,0.027179254674639747
7,30,amygdala,0.05,4.716981132075473,0.06344346984793783,0.03368643592571151,0.0688873288735996
7,30,amygdala,0.075,3.2704402515723263,-0.04528410142720516,0.01695083000982182,0.003930627248654336
7,30,amygdala,0.1,5.157232704402517,-0.0848890021646412,-0.02986683522105378,0.016142020681886405
7,30,amygdala,0.125,3.7106918238993716,0.003448776677811467,-0.007759747525075801,-0.008170316177196213
7,30,amygdala,0.15,-1.6666666666666652,-0.03753879049521159,0.033066956436219166,-0.17505794430936375
7,30,amygdala,0.175,-0.4402515723270426,0.057012260935174655,-0.20750666032351178,-0.16834136072692688
7,30,amygdala,0.2,0.8176100628930811,0.12025987011930955,-0.0022428934745886827,0.07638071778008368
7,30,amygdala,0.225,2.295597484276728,0.15068598340232528,0.06450417535117081,0.19151964800041826
7,30,amygdala,0.25,4.591194968553458,0.1102183309497408,0.06835812413623304,0.39381107186688363
7,30,amygdala,0.275,10.849056603773587,0.035567413052543954,0.20881120097247807,0.33356136172477224
7,30,amygdala,0.3,13.773584905660375,-0.005646782942637713,0.2371242592530671,0.28944840623232876
7,30,amygdala,0.325,20.408805031446544,-0.052568170217236664,0.22507145423249975,0.3481777337512876
7,30,amygdala,0.35,26.289308176100626,0.09886267049057372,0.18981632734190154,0.23535430793487924
7,30,amygdala,0.375,23.553459119496857,0.04357605500947005,0.23812362896033168,0.3879569673604311
7,30,amygdala,0.4,25.849056603773583,0.16106454670702414,0.0904058063630496,0.26691044584219004
7,30,amygdala,0.425,20.81761006289308,0.17763671538009748,-0.005596773224304441,0.0836271477428678
7,30,amygdala,0.45,14.402515723270438,0.08229105875466426,-0.10449012895231578,-0.006505222035941839
7,30,amygdala,0.475,13.962264150943394,0.1443604746151965,-0.010447941981443396,0.05776858192852555
7,30,amygdala,0.5,8.867924528301884,0.010810942929168904,-0.03247347143009757,0.09193365754052654
7,30,amygdala,0.525,9.245283018867923,0.04259065108786635,0.052542120524742816,0.1215471657969109
7,30,amygdala,0.55,9.528301886792452,0.040853035660224135,0.05701556865502453,0.13591959279798227
7,30,amygdala,0.575,9.371069182389936,0.038818512845650285,0.11114911722261381,0.1373546747903399
7,30,amygdala,0.6,9.11949685534591,0.029628036821599833,0.18547069542654862,0.06642874830702576
7,30,amygdala,0.625,8.553459119496853,-0.012239203601775682,0.22412787459464303,0.07811132929904015
7,30,amygdala,0.65,11.257861635220127,-0.028909951256340286,0.27681989894959874,0.20293891240561798
7,30,amygdala,0.675,11.698113207547172,-0.06841864000820096,0.2458425581712188,0.26605437797114
7,30,amygdala,0.7,9.748427672955975,-0.010856702198252847,0.22742148087950625,0.326189007619417
7,30,amygdala,0.725,11.949685534591197,-0.030167967191680276,0.051391254083940525,0.32156125676415004
7,30,amygdala,0.75,5.471698113207548,0.0053196111060383276,0.07199748466416758,0.3245368851867047
7,30,amygdala,0.775,2.8616352201257858,0.07247500882798472,0.1257153288628761,0.3485374304723185
7,30,amygdala,0.8,2.9559748427672954,0.07925477910129212,0.02200389753969036,0.2360121750923825
7,30,amygdala,0.825,0.9433962264150928,0.12615147928399276,0.25644706513383647,0.17173665150835343
7,30,amygdala,0.85,6.635220125786162,0.07037645391304415,0.24971633589157075,0.08787898438303199
7,30,amygdala,0.875,4.654088050314465,0.07963814894566375,0.2335565285593013,-0.026018375878782096
7,30,amygdala,0.9,8.39622641509434,-0.04540725338287047,0.1870909273136225,-0.02254058448898328
7,30,amygdala,0.925,5.471698113207548,0.03476230378706697,0.014997101751044134,-0.04784401482534188
7,30,amygdala,0.95,5.220125786163523,0.14687119874096916,0.033046019716718056,0.07343559937048458
7,30,amygdala,0.975,8.427672955974844,0.09261554748608633,-0.06404310004657093,-0.013633139206854487
7,30,amygdala,1.0,6.8238993710691815,0.10589317750035963,0.0947941255108033,0.12903675627858263
7,30,amygdala,1.025,8.30188679245283,0.02913357366975437,0.2165894031342214,0.25251809803700503
7,30,amygdala,1.05,3.4591194968553456,0.05089329193248501,0.24598424434034424,0.1830201075264365
7,30,amygdala,1.075,1.7924528301886795,0.03499385012158021,0.39385394991319844,0.30801920927737825
7,30,amygdala,1.1,-1.383647798742138,0.15247239328251883,0.4554655332135402,0.32230630974680713
7,30,amygdala,1.125,-3.805031446540882,0.07921952777893736,0.2184464171571936,0.23124090229383312
7,30,amygdala,1.15,-4.213836477987423,-0.015465535507378092,0.2886214432321066,0.16773524946565924
8,34,hippocampus,-0.15,-1.1949685534591195,-0.22806196830168132,-0.15546192204248335,-0.15934607246982488
8,34,hippocampus,-0.125,0.15723270440251613,-0.26220906689562296,-0.14356329759124387,-0.11955621745332223
8,34,hippocampus,-0.1,-0.2515723270440249,-0.21263655681289592,-0.05854637085415958,-0.16422827566436665
8,34,hippocampus,-0.075,1.5094339622641513,-0.1629664466530203,-0.08404220058800385,-0.23807467399475662
8,34,hippocampus,-0.05,1.540880503144654,-0.06996907330373424,-0.11134863278443727,-0.235177517733108
8,34,hippocampus,-0.025,1.8553459119496856,0.09044855677495381,-0.10173232643178978,-0.23539816699122595
8,34,hippocampus,-0.0,2.169811320754717,0.18462252985976293,-0.22255483129417974,-0.23137304159074157
8,34,hippocampus,0.025,0.5345911949685536,0.1510963709960434,-0.28167069757322116,-0.3245640255783666
8,34,hippocampus,0.05,0.6918238993710693,0.20301366815332664,-0.047808212001019576,-0.1802739455396612
8,34,hippocampus,0.075,-0.9119496855345912,0.25556258222720146,0.0543412822897095,-0.055926836945377416
8,34,hippocampus,0.1,-0.8176100628930817,0.11975871514048882,0.037553851411793786,-0.0766117369226832
8,34,hippocampus,0.125,-0.660377358490566,0.15039268507769238,0.15039268507769238,-0.04639774326864978
8,34,hippocampus,0.15,-0.628930817610063,0.16177324576561464,-0.1943282333035866,-0.22172450743169536
8,34,hippocampus,0.175,0.8805031446540882,0.05104835113158287,-0.180538051063623,-0.21279982210631893
8,34,hippocampus,0.2,0.9433962264150945,0.05348866247221382,-0.14886204204560335,-0.1677598959355797
8,34,hippocampus,0.225,0.9433962264150944,-0.0018943694461489161,-0.2309946743397835,-0.11970046937853464
8,34,hippocampus,0.25,0.9748427672955975,-0.2208606685916365,-0.1890557864443398,-0.012769246363970418
8,34,hippocampus,0.275,-0.5974842767295597,-0.13045966716818103,-0.010938665064656364,0.20027408831613489
8,34,hippocampus,0.3,-0.628930817610063,-0.02597186089507308,0.11352216617040008,0.04513658082974394
8,34,hippocampus,0.325,-0.628930817610063,0.04417992281063129,0.16526141448776785,0.1083690751780775
8,34,hippocampus,0.35,1.037735849056604,0.13806695115712342,0.13621618773678668,0.07477084218160572
8,34,hippocampus,0.375,1.10062893081761,0.23406204902560007,0.06845825946431201,0.03129520432654263
8,34,hippocampus,0.4,1.1635220125786163,0.21547667094995715,-0.041216787933358597,0.08064154160874508
8,34,hippocampus,0.425,4.213836477987421,0.19258697240455103,-0.10150289398901323,0.039204821487819924
8,34,hippocampus,0.45,9.245283018867925,0.21616492519762445,-0.037685194014514284,0.1438889226008727
8,34,hippocampus,0.475,12.484276729559749,0.06186403495441568,-0.06790232934223156,-0.04466059245327982
8,34,hippocampus,0.5,17.358490566037734,0.19603408749579715,0.062437712911461586,0.05195117329651174
8,34,hippocampus,0.525,17.641509433962263,0.17514593229871814,0.13452719945814612,0.05911430678810294
8,34,hippocampus,0.55,14.245283018867925,0.11855921835290718,0.21765795894586748,0.184375552110266
8,34,hippocampus,0.575,10.943396226415093,0.026747540832322333,0.13206905023812732,0.26634661302204277
8,34,hippocampus,0.6,6.132075471698114,-0.0841096307578051,0.10138411529008397,0.19912568751585352
8,34,hippocampus,0.625,4.40251572327044,0.016755433953952036,0.04822557593156708,0.1519266751786228
8,34,hippocampus,0.65,0.9748427672955976,-0.01941561809530744,-0.04718203967246755,0.07547038646724344
8,34,hippocampus,0.675,0.9119496855345914,0.21226073587497676,0.13916087056013585,0.18629516317398476
8,34,hippocampus,0.7,2.2955974842767297,0.23330698432114277,0.05013660546551233,0.08628275796597108
8,34,hippocampus,0.725,0.5974842767295598,0.2867620458249414,0.03435814754158773,0.15718138688346855
8,34,hippocampus,0.75,0.6603773584905661,0.14643073306595208,0.0765227880305658,0.26559308457623615
8,34,hippocampus,0.775,0.8176100628930818,0.17179787969662083,0.11249880879542037,0.30796790944770414
8,34,hippocampus,0.8,-0.9119496855345912,0.09109479420762237,0.014956584171177107,0.2826746005167453
8,34,hippocampus,0.825,-0.7547169811320755,0.0647497054460996,-0.008925892372996213,0.15647434530119883
8,34,hippocampus,0.85,-0.8176100628930818,0.20084919655239347,-0.09629351783780273,-0.04273701072576639
8,34,hippocampus,0.875,0.6918238993710693,0.2501407767236396,-0.2822650203097235,-0.22824869961312325
8,34,hippocampus,0.9,0.9433962264150945,0.16788370668039887,-0.36723491967236993,-0.3285276066550556
8,34,hippocampus,0.925,0.8490566037735849,0.17499660716387194,-0.3453220809333958,-0.28026800366088866
8,34,hippocampus,0.95,0.7861635220125786,0.09919511005048423,-0.20920971648723843,-0.22332424131841788
8,34,hippocampus,0.975,-0.9433962264150944,-0.026746407252413524,-0.17313777506099715,-0.22924812052469026
8,34,hippocampus,1.0,-1.0062893081761006,-0.039392976600285005,-0.1222823648633847,-0.22428893294721092
8,34,hippocampus,1.025,-1.10062893081761,-0.19040330948828266,-0.06194872073852128,-0.12209357068159138
8,34,hippocampus,1.05,-1.1320754716981132,-0.3269384329660749,-0.03913037108136959,-0.05163164165249597
8,34,hippocampus,1.075,0.34591194968553474,-0.3898916711121442,-0.04706611353231171,-0.017923432769572194
8,34,hippocampus,1.1,-0.06289308176100628,-0.21853957197218704,-0.01757548141774697,-0.042252167448725036
8,34,hippocampus,1.125,-0.1572327044025159,-0.19381128524674798,-0.0478624870314134,-0.07751543203284884
8,34,hippocampus,1.15,-0.06289308176100628,-0.07661041033207432,-0.04057815612841913,-0.21442301605123362
8,37,hippocampus,-0.15,-0.12578616352201277,-0.22778529413228615,0.01248613717360076,0.061910430152437114
8,37,hippocampus,-0.125,1.792452830188679,-0.1745316131794462,-0.0414611298276965,-0.03172105488404716
8,37,hippocampus,-0.1,3.584905660377358,-0.18458268846804035,-0.08652730802552941,-0.12418271059219498
8,37,hippocampus,-0.075,1.949685534591195,-0.16975390443565744,-0.16182799099099615,-0.18643316184942266
8,37,hippocampus,-0.05,2.012578616352201,-0.07545957351182078,-0.1229614188584025,-0.1936006944106993
8,37,hippocampus,-0.025,0.34591194968553496,-0.03571052148763799,0.12276037460053547,0.014930315829794856
8,37,hippocampus,-0.0,-1.4150943396226414,0.015010715071458075,0.14800038368700769,-0.04204755859197905
8,37,hippocampus,0.025,-1.4465408805031446,-0.07250134859126044,0.14758091803984344,-0.13873495337420222
8,37,hippocampus,0.05,-1.320754716981132,-0.06366759286363709,0.11506567764213038,-0.19907834573058772
8,37,hippocampus,0.075,-1.320754716981132,-0.18842310375194368,-0.04259962378339558,-0.27599632416115316
8,37,hippocampus,0.1,-1.3522012578616354,-0.2122190117656929,-0.16537905725760535,-0.28662214248338136
8,37,hippocampus,0.125,-1.4150943396226419,-0.03735849328193458,-0.21575287429566853,-0.15787534762365632
8,37,hippocampus,0.15,-1.5408805031446544,-0.07384635278264427,-0.19666585400753084,-0.0671447640484427
8,37,hippocampus,0.175,-1.509433962264151,0.0650866013436019,-0.15216887231122736,-0.0847240607740167
8,37,hippocampus,0.2,0.22012578616352174,0.09480555469232596,-0.005938893915340035,0.026529949461227022
8,37,hippocampus,0.225,2.0754716981132075,0.1369750123077144,0.13356943402302143,0.22021265298033899
8,37,hippocampus,0.25,2.0125786163522017,0.06941229061714524,0.11590625548128104,0.1229614188584025
8,37,hippocampus,0.275,3.3962264150943398,-0.061917647418540646,0.15180229944839693,0.20795310715638723
8,37,hippocampus,0.3,1.6037735849056605,-0.1280535740825222,0.061144271390017414,0.21863444469887655
8,37,hippocampus,0.325,-0.12578616352201277,-0.15438966977052812,0.05185909420497228,0.19512039176696946
8,37,hippocampus,0.35,1.6352201257861632,-0.16874537209058801,-0.04982089320771756,0.15552669377015158
8,37,hippocampus,0.375,0.2515723270440253,-0.03004027574558055,-0.09347826982007122,0.016566328536165742
8,37,hippocampus,0.4,1.949685534591195,-0.030969344206859588,-0.08440236766235677,0.022812629605897975
8,37,hippocampus,0.425,1.8238993710691824,0.008128167013796504,-0.014063019119108235,-0.02008388357377231
8,37,hippocampus,0.45,3.1761006289308176,0.16683066580320222,0.2909171179750433,0.16007708004944718
8,37,hippocampus,0.475,9.748427672955973,0.22565181692893768,0.3343955604915854,0.18790782103042433
8,37,hippocampus,0.5,12.70440251572327,0.2543078688806984,0.2533803534437993,0.12900896531414738
8,37,hippocampus,0.525,24.433962264150946,0.3442181936794432,0.2897901696788541,0.20496014623650852
8,37,hippocampus,0.55,23.08176100628931,0.282676312200449,0.20570702924710826,0.3011284377475318
8,37,hippocampus,0.575,18.238993710691823,0.2694747189975413,0.15363717010719546,0.2895503242751538
8,37,hippocampus,0.6,13.553459119496855,0.22144549423874285,0.2567753133236722,0.34491868247658564
8,37,hippocampus,0.625,2.012578616352201,0.2164841843566018,0.31185802031299764,0.4531609388967883
8,37,hippocampus,0.65,0.03144654088050314,0.28956842259599197,0.394280415854469,0.34074713122296074
8,37,hippocampus,0.675,-1.6352201257861636,0.28417089025116127,0.34136196848519795,0.36778128696926204
8,37,hippocampus,0.7,-1.6037735849056607,0.20762791140886047,0.30036751500757786,0.2563723306188008
8,37,hippocampus,0.725,0.15723270440251547,0.203017929339858,0.14782270057780522,0.12442754866924287
8,37,hippocampus,0.75,0.4088050314465408,0.14089089183607423,-0.03388017727449445,0.07173341657473503
8,37,hippocampus,0.775,0.31446540880503115,0.07538783391386719,0.05255634082405301,-0.015455164553104982
8,37,hippocampus,0.8,0.44025157232704415,0.02502442139170488,0.007079862991603338,0.04475007739975694
8,37,hippocampus,0.825,-1.5094339622641513,-0.02330110751421381,0.036911366247100244,0.10087096820386089
8,37,hippocampus,0.85,-1.5408805031446544,-0.13230980724967706,-0.06789865474544117,0.027770851179968012
8,37,hippocampus,0.875,-1.5094339622641513,-0.16256901278820124,-0.11216741383945794,0.03925425735680953
8,37,hippocampus,0.9,0.06289308176100605,-0.15320002437928865,-0.13074792516645903,0.027192465649319594
8,37,hippocampus,0.925,0.09433962264150941,-0.10638293185600745,-0.11650843149753104,-0.14918815566244836
8,37,hippocampus,0.95,0.09433962264150941,-0.08221214784449518,-0.04713724605860233,-0.159205834691577
8,37,hippocampus,0.975,-0.0628930817610065,-0.09809352492449319,-0.13220186169562417,-0.20657342307628568
8,37,hippocampus,1.0,-1.9811320754716983,-0.13222959763166056,-0.14992559344499143,-0.2189186566400985
8,37,hippocampus,1.025,-1.9496855345911952,-0.21984087120846008,-0.10709097041316949,-0.13032688152763622
8,37,hippocampus,1.05,-2.044025157232704,-0.09782663243783761,-0.0701874048451385,-0.04827253041692424
8,37,hippocampus,1.075,-1.886792452830189,-0.16193134438709583,-0.20647958157181223,-0.19659423787376276
8,37,hippocampus,1.1,-1.6981132075471699,-0.1680059238212289,-0.14713935623188132,-0.24361502983942065
8,37,hippocampus,1.125,-1.6666666666666667,-0.09689813225851109,-0.13297813468515632,-0.2001305947176669
8,37,hippocampus,1.15,-1.6037735849056605,-0.21207458491043008,-0.17372851555865668,-0.21532792789841995
8,38,hippocampus,-0.15,-0.4402515723270441,0.16435909393466425,0.02376775934648408,-0.09406342664057415
8,38,hippocampus,-0.125,-0.5031446540880503,0.169976607923625,0.006852112933202048,-0.08239113212422786
8,38,hippocampus,-0.1,-0.5031446540880503,0.27280838143335295,0.041277590001619124,0.0328966428604064
8,38,hippocampus,-0.075,-0.4402515723270441,0.07378278030806487,0.0936715545506726,0.1817993990394689
8,38,hippocampus,-0.05,-0.3144654088050315,0.05674535908931508,-0.012610079797625575,0.13240583787506852
8,38,hippocampus,-0.025,-0.2830188679245283,0.07227151506533232,0.05913123959890826,0.10840727259799847
8,38,hippocampus,-0.0,-0.18867924528301888,-0.1128926103345375,0.03892848632225431,0.07007127538005777
8,38,hippocampus,0.025,-0.25157232704402516,0.05168113941217019,0.06890818588289359,-0.0826898230594723
8,38,hippocampus,0.05,-0.25157232704402516,0.19983373906039137,0.09647146023605101,-0.0792444137653276
8,38,hippocampus,0.075,-0.3144654088050315,0.03254698001330121,0.15710414877142923,-0.010766491487289753
8,38,hippocampus,0.1,-0.37735849056603776,0.1691345706471014,0.05593922664936293,0.04042281884795315
8,38,hippocampus,0.125,-0.2830188679245283,0.12645736890549406,0.017369008867041257,0.11327614478505167
8,38,hippocampus,0.15,-0.3144654088050315,0.18377287193822167,0.076664844556046,0.014974085861632876
8,38,hippocampus,0.175,1.4465408805031448,0.38616241400604384,-0.08378995775602838,-0.03643041641566452
8,38,hippocampus,0.2,1.4465408805031448,0.14367093173693007,0.13868133860204182,-0.08071400659378095
8,38,hippocampus,0.225,1.3522012578616351,0.14570158885987555,0.16073371050873034,-0.04876273608043142
8,38,hippocampus,0.25,1.3836477987421385,0.05746189890005348,0.22634633294322146,0.03446340889823997
8,38,hippocampus,0.275,-0.4402515723270441,-0.11007407813581173,0.25661090904973766,0.10195854381842581
8,38,hippocampus,0.3,2.79874213836478,0.04450538073863854,0.06514109360707303,0.11010846791739294
8,38,hippocampus,0.325,7.798742138364781,-0.0967792914472084,-0.03969626781222076,0.23503542208607753
8,38,hippocampus,0.35,10.91194968553459,-0.16529074653554243,0.029504132671112016,0.24144134755410818
8,38,hippocampus,0.375,11.0062893081761,-0.16360623099227184,0.0437517556375998,0.1690142987826656
8,38,hippocampus,0.4,7.830188679245284,-0.24456765473588163,0.04314047471950529,0.21601726757358125
8,38,hippocampus,0.425,2.6415094339622645,-0.022737181996982412,0.09385989036281923,0.1078635852351329
8,38,hippocampus,0.45,-0.660377358490566,-0.10117568434971837,0.044392367576521166,0.05504243961333363
8,38,hippocampus,0.475,-0.8176100628930818,-0.1291402056117889,0.05033156731536388,0.07987843881628601
8,38,hippocampus,0.5,-0.9433962264150942,-0.15041108335717857,0.1017458811977379,0.01932364612574864
8,38,hippocampus,0.525,-0.7547169811320755,-0.2995767937092462,0.06035699529277197,-0.011286267412469554
8,38,hippocampus,0.55,-0.7232704402515724,-0.21369903381419678,-0.010687558412273807,-0.08430137537876461
8,38,hippocampus,0.575,1.10062893081761,-0.10541078299788621,-0.05196466707787688,-0.07538295454389377
8,38,hippocampus,0.6,1.0691823899371071,0.021341121057515844,-0.13930711685282957,-0.1641872177842048
8,38,hippocampus,0.625,2.7044025157232703,-0.023039554019822894,-0.07236514467135281,-0.20861268912494182
8,38,hippocampus,0.65,2.8301886792452833,0.034462445023828905,0.028804431661707743,-0.24815246483161707
8,38,hippocampus,0.675,1.1320754716981134,0.11241330947787705,-0.14705046365873553,-0.34427232034307814
8,38,hippocampus,0.7,1.2264150943396226,0.05749711645167975,-0.012621318245490678,-0.30501519093269136
8,38,hippocampus,0.725,-0.3144654088050315,0.13240583787506852,-0.02522015959525115,-0.12925331792566214
8,38,hippocampus,0.75,-0.3773584905660378,0.24144904685809976,-0.13764370610549484,-0.18825811384145882
8,38,hippocampus,0.775,-0.3144654088050315,0.19230371691379,-0.047287799241095906,-0.15447347752091328
8,38,hippocampus,0.8,-0.4088050314465409,0.036511071714299737,0.019678045144719988,-0.06928805654872791
8,38,hippocampus,0.825,-0.37735849056603776,-0.0038312456549748617,0.05549126771237784,-0.09473063853349135
8,38,hippocampus,0.85,-0.4402515723270441,-0.12816360255133916,0.10038247483067313,-0.0282132785963208
8,38,hippocampus,0.875,-0.4716981132075472,-0.1964042959262736,0.16883670499204365,0.036441279003188116
8,38,hippocampus,0.9,-0.3459119496855346,-0.23418647450974803,0.19464849829381653,0.08515871800354471
8,38,hippocampus,0.925,-0.4088050314465409,-0.15480470613460082,0.13473742941344888,0.08026910688460784
8,38,hippocampus,0.95,-0.2830188679245283,-0.13865317015345965,0.234723718761662,0.2310886169224327
8,38,hippocampus,0.975,-0.34591194968553457,0.08075119085716469,0.011943906043181915,0.06569148323750054
8,38,hippocampus,1.0,-0.37735849056603776,0.191995427909329,0.003242070717820483,0.07936589117224542
8,38,hippocampus,1.025,-0.4402515723270441,0.135277955839806,0.06543863939018921,0.036691359378603905
8,38,hippocampus,1.05,-0.5345911949685535,0.12052864413037086,0.0779555529744728,0.04947837805920052
8,38,hippocampus,1.075,-0.5031446540880503,0.05994147491906928,0.2976663566321523,0.07546395363915083
8,38,hippocampus,1.1,-0.5974842767295597,-0.09807058132836884,0.21170294819233612,0.02454375571050764
8,38,hippocampus,1.125,-0.5031446540880504,-0.12121016069536225,0.21773358593395503,0.06944213345576257
8,38,hippocampus,1.15,-0.4088050314465409,-0.12310065229900746,0.2053204368112748,-0.14199517102397138
8,42,hippocampus,-0.15,0.031446540880502916,-0.19499835717594935,-0.10047860554166411,0.050300946087115286
8,42,hippocampus,-0.125,-3.773584905660378,-0.030075249010295426,0.04574539232095139,0.0066516493740544835
8,42,hippocampus,-0.1,-2.3899371069182402,0.12121519230575481,0.12084849088365336,0.08580813277173768
8,42,hippocampus,-0.075,-5.817610062893083,0.03139211782438136,0.10389198941879135,0.07029548360674213
8,42,hippocampus,-0.05,-2.4842767295597463,-0.11201472669824775,0.054803562096811184,-0.03431853739643947
8,42,hippocampus,-0.025,-2.012578616352199,-0.03197426094643485,0.028612864282835288,-0.05579098608730491
8,42,hippocampus,-0.0,1.1320754716981138,-0.06515113475905142,-0.04666450027117058,-0.10350886534844295
8,42,hippocampus,0.025,4.402515723270441,-0.04991972289455636,0.05020521150588143,-0.1497183845963369
8,42,hippocampus,0.05,3.081761006289308,0.07635695711943359,0.017113085373619052,-0.1675452548960037
8,42,hippocampus,0.075,2.8930817610062878,-0.0063963758313810275,0.06612304442249303,-0.035607850169598845
8,42,hippocampus,0.1,1.635220125786164,0.01541924799770429,0.10654781949736403,0.023332830303404373
8,42,hippocampus,0.125,-1.7924528301886777,0.08202289946736915,0.11446295620671364,0.11360171576230625
8,42,hippocampus,0.15,-2.0754716981132075,-0.11543037756560692,0.03686391098809259,0.05543938560166982
8,42,hippocampus,0.175,3.081761006289308,-0.0878344224218674,0.023836107199986325,0.07999789402735136
8,42,hippocampus,0.2,3.050314465408807,-0.02816722883020083,0.08212366717160448,0.06769154992527157
8,42,hippocampus,0.225,9.968553459119498,0.03734429707974635,0.10424428921382542,-0.018364703723080533
8,42,hippocampus,0.25,9.81132075471698,0.08991022709336378,0.08379862862761962,-0.09216618625857137
8,42,hippocampus,0.275,4.685534591194967,0.09150938936426226,0.09710616898163009,-0.010703330363141389
8,42,hippocampus,0.3,1.2893081761006302,0.006858095961633379,0.039066653781447275,0.03445376780725339
8,42,hippocampus,0.325,-6.320754716981131,0.16745280042300234,0.11001946337692273,0.15299263400359936
8,42,hippocampus,0.35,-6.79245283018868,0.27956783343275227,0.23790754303192116,0.20394402182537846
8,42,hippocampus,0.375,-5.377358490566037,0.24851966561122593,0.1633222140048914,0.18632877774973172
8,42,hippocampus,0.4,1.4779874213836468,0.2904432181287506,0.12740163548812553,0.10480664048608478
8,42,hippocampus,0.425,5.817610062893082,0.1648330518709699,-0.018368969291340832,-0.036900495833047504
8,42,hippocampus,0.45,9.496855345911952,0.144440832744254,-0.11927465438621934,-0.12636027741906405
8,42,hippocampus,0.475,9.622641509433961,0.16001733187423076,-0.08133028303645783,-0.1989338723071758
8,42,hippocampus,0.5,7.798742138364782,0.176546362440617,-0.05272351557769638,-0.21382767368759706
8,42,hippocampus,0.525,15.09433962264151,0.14791326565598542,0.02835685258708671,-0.0589201461535721
8,42,hippocampus,0.55,12.327044025157232,0.12488794016610849,-0.032888930197691194,-0.08524941608456275
8,42,hippocampus,0.575,17.672955974842765,-0.03719494087243938,-0.16774509597856177,-0.17056537171504346
8,42,hippocampus,0.6,17.92452830188679,-0.10500452001904757,-0.23597349623625277,-0.3038332815995764
8,42,hippocampus,0.625,12.452830188679243,-0.13182782187826955,-0.26829976356312835,-0.3434611762224013
8,42,hippocampus,0.65,15.125786163522015,-0.1678200445381436,-0.2722686270025161,-0.39892988689480846
8,42,hippocampus,0.675,9.937106918238994,-0.012503702612120414,-0.15175503561159825,-0.2512551837595141
8,42,hippocampus,0.7,7.955974842767294,0.05101801103177079,-0.05730342999088494,-0.17423671127570362
8,42,hippocampus,0.725,12.264150943396224,0.006206257657904573,-0.01805088011612768,-0.13572639296306338
8,42,hippocampus,0.75,11.13207547169811,-0.01276571313827869,-0.020978050889655424,-0.08935999196795083
8,42,hippocampus,0.775,10.943396226415093,0.03274522689804089,0.041236234865398895,-0.09104473136291517
8,42,hippocampus,0.8,9.276729559748428,-0.0497383804920895,-0.05300258922003631,-0.007058851374184974
8,42,hippocampus,0.825,6.509433962264152,0.13107216292296334,0.03333721265410358,0.07122780069510912
8,42,hippocampus,0.85,7.955974842767294,0.1136393826137792,-0.017936638415417545,0.051898300721253496
8,42,hippocampus,0.875,9.685534591194969,-0.032609581876845845,-0.09933505590449919,0.11561949129867939
8,42,hippocampus,0.9,11.572327044025155,0.030222255634452373,-0.0014275019530443091,0.11044786539554255
8,42,hippocampus,0.925,8.333333333333334,-0.13405658944200985,-0.09429369504541738,0.0197178138880222
8,42,hippocampus,0.95,4.62264150943396,-0.09459060328719544,-0.02417087433238964,0.04633092889858727
8,42,hippocampus,0.975,2.8616352201257866,0.05126324285738088,-0.04576782322306965,-0.06368945292601001
8,42,hippocampus,1.0,1.037735849056605,0.06832116111489052,-0.08030804746618568,-0.12146438763479636
8,42,hippocampus,1.025,0.9119496855345908,0.08403731053115868,-0.06975300254256947,-0.09026380375695396
8,42,hippocampus,1.05,4.559748427672955,0.23321777292548046,-0.010976881479457107,-0.09592483740630055
8,42,hippocampus,1.075,7.893081761006289,0.320434190928551,0.14365134465511156,0.013774228225085873
8,42,hippocampus,1.1,12.955974842767297,0.3020355654735572,0.23938120029444887,0.05581490231355262
8,42,hippocampus,1.125,16.163522012578614,0.3619557169834336,0.2868113152917002,0.14804872636826613
8,42,hippocampus,1.15,17.641509433962263,0.1714293023727528,0.24757940321307106,0.2162809384636297
8,45,hippocampus,-0.15,-2.0440251572327037,-0.0019140507549040592,-0.028710761323560888,-0.19906127851002214
8,45,hippocampus,-0.125,-5.188679245283019,-0.045011696259871586,-0.13698681544670946,-0.25677403963964684
8,45,hippocampus,-0.1,0.2515723270440269,-0.10240878258396158,-0.07173090333552812,-0.2166574363367483
8,45,hippocampus,-0.075,6.7924528301886795,-0.053432900131486306,-0.09145402769841149,-0.08946147662805927
8,45,hippocampus,-0.05,10.471698113207545,-0.1350896337731431,-0.08656980451385074,-0.005988593535781675
8,45,hippocampus,-0.025,10.345911949685533,-0.2038404200466506,-0.0803229775817938,0.05817614544570875
8,45,hippocampus,-0.0,8.522012578616355,0.04332109591250423,0.028173002996821794,0.16895635710267912
8,45,hippocampus,0.025,3.836477987421384,-0.09212743465760147,-0.044295943439252576,0.024098618770162183
8,45,hippocampus,0.05,0.5974842767295607,-0.05262443459285623,-0.06479996371449531,-0.027783086586290556
8,45,hippocampus,0.075,0.7232704402515733,-0.02839183939349873,-0.02338869291011715,0.0611766854553325
8,45,hippocampus,0.1,-0.8805031446540879,-0.15944051220800884,-0.05884404815027585,-0.0011801365120041492
8,45,hippocampus,0.125,-2.6100628930817606,-0.06526571081504924,-0.1259656754643986,-0.06848619248549827
8,45,hippocampus,0.15,-2.6100628930817615,0.03568497124194992,0.019346294204063967,-0.07584072475794824
8,45,hippocampus,0.175,-4.371069182389936,-0.08518226261355463,0.09541875769157836,0.0035746490748654308
8,45,hippocampus,0.2,-0.849056603773584,-0.0349161510759563,0.061818759282021005,-0.06901459369580121
8,45,hippocampus,0.225,0.2830188679245289,-0.09626343306457312,0.19648178057525537,0.08280856948502668
8,45,hippocampus,0.25,6.477987421383649,-0.14626589304269919,0.14872345495324582,0.10841943962028136
8,45,hippocampus,0.275,9.056603773584905,-0.026489446027659475,0.25421717587775355,0.14279849058602892
8,45,hippocampus,0.3,7.767295597484276,0.056359187839004427,0.43476508113386064,0.17893737823614794
8,45,hippocampus,0.325,13.679245283018869,0.22358609732707657,0.4583799249233637,0.20145489081722248
8,45,hippocampus,0.35,11.0062893081761,0.20971846146287915,0.39148255238740004,0.09106409273783585
8,45,hippocampus,0.375,12.924528301886792,0.2903897235296311,0.3985217396383227,0.12359679714707426
8,45,hippocampus,0.4,13.081761006289305,0.2931167932885579,0.32144371690375234,0.1717851633831324
8,45,hippocampus,0.425,12.0125786163522,0.11898407156588668,0.163193192406291,0.016598662586598686
8,45,hippocampus,0.45,7.767295597484276,0.12494109131680392,0.18587115629057302,0.09473956210492236
8,45,hippocampus,0.475,5.786163522012581,0.04703061268628297,0.10361305376668192,0.07358145771399523
8,45,hippocampus,0.5,5.817610062893083,0.1300312327873138,0.12239666946313671,0.006172625666355932
8,45,hippocampus,0.525,4.528301886792454,0.10526540449031815,0.12377003997512351,0.04613984768908702
8,45,hippocampus,0.55,10.094339622641511,0.06709122588717593,0.01424010252305129,0.026405218678457965
8,45,hippocampus,0.575,15.754716981132075,-0.010448798686129468,-0.05041443724046903,0.022320585520175403
8,45,hippocampus,0.6,16.50943396226415,-0.15320000168234968,-0.20661922387341522,-0.12062928382401586
8,45,hippocampus,0.625,18.113207547169814,-0.12647033544318798,-0.24194325041305526,-0.15901455380682955
8,45,hippocampus,0.65,11.886792452830191,-0.12452708622482307,-0.23017780263314241,-0.2327000761862097
8,45,hippocampus,0.675,6.572327044025158,-0.03490760673217633,-0.11027722451976726,-0.15949654458116336
8,45,hippocampus,0.7,3.1761006289308202,-0.07387253513704016,-0.11239004796919613,-0.05781681399858358
8,45,hippocampus,0.725,1.5408805031446544,-0.011839549866263604,-0.08583673653041113,-0.07213205209617447
8,45,hippocampus,0.75,3.9937106918238996,-0.024434739339937006,-0.14843799222980036,0.05187808219261169
8,45,hippocampus,0.775,4.339622641509436,0.012798238163200084,-0.12834804557952081,0.08861256328234725
8,45,hippocampus,0.8,4.025157232704405,0.08754245877073584,-0.043568020335296574,0.11586980035068146
8,45,hippocampus,0.825,10.628930817610065,0.14322603057473526,-0.006752491075094023,0.17263597664276523
8,45,hippocampus,0.85,12.515723270440255,0.16793924270519567,0.07795007572341088,0.19651688357103272
8,45,hippocampus,0.875,10.597484276729562,0.14992215200087367,0.14785230095808952,0.2571079677654398
8,45,hippocampus,0.9,10.81761006289308,-0.023142262761203777,0.10180155306026897,0.25590706026976123
8,45,hippocampus,0.925,-0.5974842767295598,-0.20429382439727956,0.015889971223261648,0.215063242234017
8,45,hippocampus,0.95,-6.0062893081761,-0.2300167504814489,-0.05655949773364721,0.015968306472215053
8,45,hippocampus,0.975,-5.974842767295597,-0.1576795417260207,-0.14300029812080542,-0.05202976344515191
8,45,hippocampus,1.0,-3.805031446540882,-0.009069070565339779,-0.05034757560489079,-0.024441755200758773
8,45,hippocampus,1.025,2.8930817610062878,0.06999053227803888,0.018959152305014014,-0.04725578861463878
8,45,hippocampus,1.05,9.999999999999998,0.18143471788435012,0.08717498451310449,-0.026547449744298984
8,45,hippocampus,1.075,8.144654088050315,0.17840662608022276,0.07444129478992176,-0.04907098480407862
8,45,hippocampus,1.1,6.540880503144653,0.10796879629330633,0.050179240795192884,-0.11448029550436137
8,45,hippocampus,1.125,3.2075471698113205,0.1546210526611969,-0.041243105671771085,-0.1863246604659737
8,45,hippocampus,1.15,-3.7421383647798763,-0.018137025086184082,-0.051279795142776065,-0.18718548536256802
10,64,amygdala,-0.15,0.456989247311828,-0.013590625370430322,-0.09441471107645179,-0.10628920859969947
10,64,amygdala,-0.125,0.4569892473118278,-0.07977325945990099,-0.09601829478260748,-0.11955031053674724
10,64,amygdala,-0.1,0.32258064516129026,-0.05696913122895389,-0.01481089105619666,0.023475397706988126
10,64,amygdala,-0.075,0.18817204301075252,-0.11306076602139178,-0.10624923030757927,-0.03341406889531645
10,64,amygdala,-0.05,0.1344086021505373,-0.12669024963680303,-0.02120002059162771,0.018543309150398413
10,64,amygdala,-0.025,-1.4784946236559142,0.094428293396923,0.04473327199509406,0.07005886792530329
10,64,amygdala,-0.0,0.2688172043010746,0.078327264014345,-0.01012428437342443,0.0007250126917030282
10,64,amygdala,0.025,0.40322580645161255,0.0784202363529751,-0.008420618264515772,-0.028852241108785634
10,64,amygdala,0.05,0.40322580645161255,0.10399654298088035,-0.008753216042478905,-0.014771052071683152
10,64,amygdala,0.075,2.043010752688172,0.01869357110958479,0.011495314591545552,-0.04699394084210407
10,64,amygdala,0.1,0.510752688172043,-0.08396294365400316,0.014224440684956367,-0.10870350780254595
10,64,amygdala,0.125,0.3763440860215055,-0.08319924084802063,0.07883039328133756,-0.014662944645680038
10,64,amygdala,0.15,2.0698924731182795,-0.02839695504570712,0.20955088930929625,0.12115303214481221
10,64,amygdala,0.175,1.9623655913978497,-0.018180860449242726,0.20225172678816147,0.13043870744160788
10,64,amygdala,0.2,3.4139784946236555,0.005873526491404202,0.1526847459944386,0.17916950076989882
10,64,amygdala,0.225,3.521505376344086,-0.049330747021225495,0.10851127262356958,0.14286271648403576
10,64,amygdala,0.25,6.827956989247312,-0.09639684629635725,0.005848797415734036,0.09585529098008558
10,64,amygdala,0.275,6.827956989247312,-0.01935477627501594,0.020645094693350338,0.16032206347804873
10,64,amygdala,0.3,5.403225806451613,-0.048187110975244314,0.010141769659181113,0.13732504322296588
10,64,amygdala,0.325,8.817204301075268,0.009618527662856157,0.050821103181394704,0.19272883652250172
10,64,amygdala,0.35,3.978494623655914,0.11051958408571079,0.15777757980349072,0.25215416712188904
10,64,amygdala,0.375,2.338709677419355,0.15276554118840843,0.06111745130097016,0.11175842772360305
10,64,amygdala,0.4,2.204301075268817,0.17534518813135097,-0.04953722960150225,0.054684673571267294
10,64,amygdala,0.425,0.24193548387096753,-0.027312742015801545,-0.052288274267066844,-0.07522554218879471
10,64,amygdala,0.45,1.693548387096774,-0.035748685399057956,0.06828673414718166,0.004370782667658407
10,64,amygdala,0.475,5.053763440860215,-0.14646459044019144,0.09159405839111678,0.010737873199427525
10,64,amygdala,0.5,5.0,-0.09301418027683533,0.12658989916482025,0.030150725876921393
10,64,amygdala,0.525,3.333333333333333,0.01793421197564621,0.07064264746954692,0.029890353292743692
10,64,amygdala,0.55,1.935483870967742,0.14831282951179872,0.07384420579756407,0.015854785362418168
10,64,amygdala,0.575,-1.424731182795699,-0.02265521643828404,-0.07660141336129092,-0.09917464469786826
10,64,amygdala,0.6,3.682795698924731,-0.05844138974837384,-0.0351748411709036,-0.10186678006022434
10,64,amygdala,0.625,3.844086021505376,0.023363231248763175,-0.015317432084987929,-0.058477200107851034
10,64,amygdala,0.65,3.736559139784946,0.021037066837765375,-0.10398633037942055,-0.10592108652641713
10,64,amygdala,0.675,5.349462365591398,0.15355902865498006,0.011575485487471893,-0.014517020623111807
10,64,amygdala,0.7,1.9086021505376345,0.10182778256651707,-0.13030710661500114,-0.16270808497215583
10,64,amygdala,0.725,1.9086021505376347,0.0321221556891928,-0.18568765461004808,-0.18833300860798163
10,64,amygdala,0.75,1.9086021505376345,-0.03387937352666636,-0.2694460509811581,-0.2587813197279309
10,64,amygdala,0.775,0.21505376344086002,0.006953521515303572,-0.21279940357144977,-0.15976865582827857
10,64,amygdala,0.8,-1.3440860215053763,-0.05532464631365154,-0.23179025816257134,-0.2287617340241897
10,64,amygdala,0.825,-1.2634408602150538,-0.06407768942850232,-0.1270224830973804,-0.20019097020676985
10,64,amygdala,0.85,0.5376344086021503,0.09752856019315986,0.01691537134432023,-0.012170135158619835
10,64,amygdala,0.875,0.564516129032258,0.004137481493841098,-0.026435452229105545,-0.09549529434442644
10,64,amygdala,0.9,0.5913978494623655,-0.04157264220173792,-0.0952101716680459,-0.04421895002156107
10,64,amygdala,0.925,0.32258064516129026,-0.19916482491810572,-0.11472070069909682,-0.07618687608807581
10,64,amygdala,0.95,0.1612903225806448,-0.3413261629828943,-0.18061119948816903,-0.23845665944730948
10,64,amygdala,0.975,1.8548387096774193,-0.22452974438878287,-0.044485107352769795,-0.09706332095528544
10,64,amygdala,1.0,1.7741935483870965,-0.12356031144228843,0.03432978799061184,-0.030748719910022534
10,64,amygdala,1.025,2.043010752688172,0.10401014835203727,0.16608560907710743,0.15239208755897168
10,64,amygdala,1.05,2.043010752688172,0.09877842314402444,0.22734540663080957,0.21026404814430086
10,64,amygdala,1.075,0.403225806451613,0.06692798309414581,0.0814917740363927,0.12504678177940445
10,64,amygdala,1.1,0.26881720430107525,0.09189000614627663,0.11441805783449621,0.13672388459854096
10,64,amygdala,1.125,0.05376344086021523,0.06306916209132851,0.11430947275179412,0.16024439466981322
10,64,amygdala,1.15,0.13440860215053774,0.11620131836994901,0.09202647412515488,0.1496409353253179
10,67,amygdala,-0.15,0.5376344086021505,0.031183580425803253,-0.145799825501495,-0.09860977959117041
10,67,amygdala,-0.125,0.4838709677419355,0.06260850377124509,-0.19250268656270117,-0.21613472992589722
10,67,amygdala,-0.1,2.3118279569892475,0.033454178700837105,-0.18602762967955028,-0.0323903638132791
10,67,amygdala,-0.075,2.3118279569892475,0.00418180080768153,-0.07226151795673683,-0.19754827015487547
10,67,amygdala,-0.05,0.5376344086021505,-0.06579821388737926,-0.10034777770115365,-0.12895569678262292
10,67,amygdala,-0.025,1.048387096774194,-0.06162009655238774,-0.08574026157268202,-0.08837962957598616
10,67,amygdala,-0.0,0.967741935483871,0.002186507457829409,-0.0520597013768907,-0.13751570118705675
10,67,amygdala,0.025,1.0483870967741935,-0.051125577180850854,-0.11794393877727441,-0.034440570123361734
10,67,amygdala,0.05,0.9946236559139789,-0.01485901609082737,-0.11976788501578235,-0.08430647427419785
10,67,amygdala,0.075,0.4569892473118278,0.05797773782199953,-0.018037518433510966,-0.01066351773652852
10,67,amygdala,0.1,-1.2365591397849465,-0.013849028083684989,-0.16885902432850902,0.008590252012146554
10,67,amygdala,0.125,-1.1827956989247312,-0.03580821673585133,-0.07008335997230841,-0.050153404480183204
10,67,amygdala,0.15,-1.263440860215054,-0.1596525356556623,-0.16454264583402703,-0.2028985938252231
10,67,amygdala,0.175,-1.263440860215054,-0.10202083256845794,-0.18349465846992435,-0.18052797836292556
10,67,amygdala,0.2,0.40322580645161277,-0.03166460060295773,0.0028612590906287104,-0.15052947825364757
10,67,amygdala,0.225,5.483870967741936,-0.08677376838281015,0.011934501095630047,-0.13395924956645858
10,67,amygdala,0.25,7.204301075268818,0.04881907428878993,0.13154419152743108,0.032696117765748656
10,67,amygdala,0.275,10.510752688172042,-0.0516138117927689,0.0300253424371396,-0.05665939275327996
10,67,amygdala,0.3,9.005376344086022,-0.09134143291324529,-0.05297915115630291,-0.0574034143078335
10,67,amygdala,0.325,3.8709677419354835,-0.08631677497028883,-0.11048216163502934,-0.04195839396925834
10,67,amygdala,0.35,2.3118279569892475,-0.1530346298983939,-0.09122788061559957,-0.12070494565816303
10,67,amygdala,0.375,2.204301075268817,0.05961347098459386,0.008855124565504224,0.07864785089175247
10,67,amygdala,0.4,2.123655913978494,0.12659073899869594,0.06730868766929146,0.06895236746585537
10,67,amygdala,0.425,5.645161290322581,0.21209508899507631,0.1837895349493942,0.13377743995399755
10,67,amygdala,0.45,5.564516129032258,0.2871169140549068,0.2285801355520014,0.22209460564654399
10,67,amygdala,0.475,2.3655913978494625,0.026539378910491622,0.18922012495544133,0.19280576444653966
10,67,amygdala,0.5,2.28494623655914,-0.14429772329754106,0.15841789353399585,0.25231123865140526
10,67,amygdala,0.525,0.40322580645161255,-0.10689179878157527,0.0586038089568326,0.1179543394058004
10,67,amygdala,0.55,0.43010752688172027,-0.13033651520402226,-0.0075183589822951785,0.03959486135566403
10,67,amygdala,0.575,0.34946236559139776,0.03621107654711548,-0.04966477989345951,0.09225009088894363
10,67,amygdala,0.6,2.06989247311828,0.03583645688824953,-0.112436195382872,-0.05323172628408187
10,67,amygdala,0.625,0.6182795698924732,0.008015065934813444,-0.02149889526919274,0.062095059552742415
10,67,amygdala,0.65,2.39247311827957,0.06460878052675882,-0.09301082391908515,-0.005457417428690801
10,67,amygdala,0.675,2.231182795698925,0.09423199580378229,0.05458200652197596,-0.03585371371227169
10,67,amygdala,0.7,2.204301075268818,0.07372085967878579,0.09185941332243579,-0.08263736154649122
10,67,amygdala,0.725,2.1774193548387095,0.0013510025522679894,0.024373188902140873,-0.08952459769824819
10,67,amygdala,0.75,0.295698924731183,-0.00470138955502926,0.13318792028438384,0.020300219639345994
10,67,amygdala,0.775,0.510752688172043,-0.07750680519518217,0.10090508600882207,0.1390100692678276
10,67,amygdala,0.8,-0.9946236559139785,0.05002109947322265,-0.034252970131999606,0.0895674558316719
10,67,amygdala,0.825,-1.1021505376344085,-0.02140938410571468,0.06853224380402571,0.10116003410780619
10,67,amygdala,0.85,-0.9408602150537633,0.03024893315496626,0.029389588463063804,0.09469978504765005
10,67,amygdala,0.875,-0.8333333333333333,0.05034812381653111,0.016160771783755423,0.0824974389103252
10,67,amygdala,0.9,-1.2903225806451615,-0.07987020607092526,0.10278852562210707,0.13283270923542104
10,67,amygdala,0.925,-1.2365591397849465,-0.047885778806406716,0.04148629684610351,0.12556224949698352
10,67,amygdala,0.95,-1.2903225806451613,-0.05237078492215976,-0.03445877506348572,0.1030486664735302
10,67,amygdala,0.975,-1.3440860215053763,-0.05091141524963775,-0.12195943503831133,-0.07452171976306252
10,67,amygdala,1.0,-1.021505376344086,0.1084246767341723,0.03787650460398036,0.018980683039037206
10,67,amygdala,1.025,-1.021505376344086,0.280971893111787,-0.005550901224665885,-0.039677615386514827
10,67,amygdala,1.05,-1.1290322580645165,0.16384992354724562,-0.002140194081957237,-0.16045896669011858
10,67,amygdala,1.075,-1.3978494623655915,0.16055662751787317,0.10685630100613157,0.026074461631144685
10,67,amygdala,1.1,-1.3709677419354838,0.13870393394676198,0.05095636455698635,0.04443329485740428
10,67,amygdala,1.125,-1.2903225806451615,-0.022876082735486997,0.04749926486843362,0.08140391255038451
10,67,amygdala,1.15,-1.021505376344086,0.06902797188553492,0.17223155730263368,0.2284013775624317
10,70,amygdala,-0.15,1.2903225806451613,0.055895472666870685,-0.05281461984271245,-0.1280754531185777
10,70,amygdala,-0.125,1.2365591397849462,0.06330108182538509,-0.11323552383425015,-0.15354321488717587
10,70,amygdala,-0.1,1.3978494623655915,0.04900989303277827,-0.05146038768441719,-0.1396781951434181
10,70,amygdala,-0.075,-0.24193548387096775,-0.09594614036147772,-0.1317660327630961,-0.19317156259444182
10,70,amygdala,-0.05,-0.37634408602150543,-0.11101867537268478,-0.15656662629605275,-0.11262247646153578
10,70,amygdala,-0.025,-1.3172043010752692,0.08787366912115159,0.19036108178592023,0.2789995823448686
10,70,amygdala,-0.0,-1.4247311827956992,0.12017365592105893,0.16666281171308306,0.28091031797264415
10,70,amygdala,0.025,-1.3978494623655915,0.1841293591737258,0.16363745607250405,0.33650574300038016
10,70,amygdala,0.05,-1.3172043010752688,0.18796079603777383,0.21866766593792147,0.34396581323162745
10,70,amygdala,0.075,-0.43010752688172044,-0.018837958705147425,-0.027010308437527556,0.09405127912349338
10,70,amygdala,0.1,-0.45698924731182794,-0.17465409168035773,-0.12124062254950276,-0.06358588539833172
10,70,amygdala,0.125,-0.456989247311828,-0.0689537402365442,-0.17720547947382914,-0.11401721295240201
10,70,amygdala,0.15,-0.34946236559139787,-0.08029141562700677,-0.18765271840730907,-0.11551532577627462
10,70,amygdala,0.175,-0.2956989247311828,-0.13801613658135609,-0.25597864647995106,-0.19699739153065357
10,70,amygdala,0.2,-0.2956989247311828,0.09022404533687699,-0.03779600254632993,0.0017723316352150345
10,70,amygdala,0.225,-0.2956989247311828,0.10530947274359101,0.06780198930066818,0.04200013805311908
10,70,amygdala,0.25,-0.5645161290322581,-0.027453276892885427,0.008657045596897613,-0.07043533985647046
10,70,amygdala,0.275,-0.5913978494623655,0.08599817453306802,0.05827419338469241,-0.043470125781190874
10,70,amygdala,0.3,-0.5913978494623655,-0.07272642696529555,0.017450307718441235,-0.03278236999129134
10,70,amygdala,0.325,-0.6182795698924731,-0.23212177725167013,-0.14028523463397702,-0.120557623513574
10,70,amygdala,0.35,-0.43010752688172044,-0.2752890115205767,-0.022593837703963577,0.07788647359681303
10,70,amygdala,0.375,1.2096774193548387,-0.26004524409503565,-0.012165859372867164,0.13382445310153882
10,70,amygdala,0.4,6.290322580645162,-0.09022497556463377,-0.06293742197923233,0.05017388885057683
10,70,amygdala,0.425,7.849462365591398,0.08031901313473482,0.06467933730981945,0.10301642402470733
10,70,amygdala,0.45,7.822580645161291,0.20187940847317276,0.05587208838716341,0.10244368681383985
10,70,amygdala,0.475,5.967741935483871,0.07316920407799074,0.12354598606283744,0.06450685498059636
10,70,amygdala,0.5,0.8602150537634411,0.024809825676424545,0.18875101189078386,0.15141728140647595
10,70,amygdala,0.525,4.327956989247312,-0.08420096052835085,0.15276820933069513,0.1221008677429124
10,70,amygdala,0.55,4.327956989247312,-0.03036583974834741,0.2101676646656348,0.15754804675984957
10,70,amygdala,0.575,4.516129032258064,-0.007473415493064328,0.18953231552627925,0.03483261481984765
10,70,amygdala,0.6,4.516129032258064,0.05956814756312226,0.27202787387159166,0.057582542644351524
10,70,amygdala,0.625,-0.5376344086021506,0.0034386862174016018,0.18072206453677306,0.05979493255815007
10,70,amygdala,0.65,-0.6182795698924731,-0.170094759442305,0.10121935069513613,0.10962565058306191
10,70,amygdala,0.675,1.0483870967741935,-0.02311225028321726,0.22206456373930783,0.2705132557555917
10,70,amygdala,0.7,1.0483870967741935,-0.01746255901472019,0.1407606989150838,0.10814313332687432
10,70,amygdala,0.725,1.129032258064516,-0.045151680518589754,0.10479329862480717,0.004495761885446974
10,70,amygdala,0.75,2.956989247311828,-0.08758424457249817,0.05809608182698369,-0.1531623975438661
10,70,amygdala,0.775,1.2365591397849462,-0.153400446014736,0.03873953868451611,-0.08052676834945743
10,70,amygdala,0.8,1.317204301075269,-0.06088613530402726,0.023247433479719498,0.15166182793912247
10,70,amygdala,0.825,1.317204301075269,0.027675516047285117,-0.06974230043915851,0.12509333253372876
10,70,amygdala,0.85,-0.48387096774193555,0.06400423392328208,-0.0562020649119729,0.011240412982394579
10,70,amygdala,0.875,-0.456989247311828,0.06403618589285844,-0.21143697447884954,-0.21938963255409655
10,70,amygdala,0.9,-0.5107526881720431,-0.1420194451333151,-0.07025078965818492,-0.18841334379907743
10,70,amygdala,0.925,-0.5645161290322581,-0.12052609296632519,-0.10809572977531656,-0.19155673977208879
10,70,amygdala,0.95,-0.4838709677419355,-0.07897491296814656,-0.08079975049501,-0.09789915398747134
10,70,amygdala,0.975,-0.37634408602150543,-0.08913570051591803,-0.0941965839518478,-0.11476087791333708
10,70,amygdala,1.0,-0.34946236559139787,0.10262660521327381,-0.21325060039134405,-0.2439006959214504
10,70,amygdala,1.025,-0.2956989247311828,0.16674885835665232,-0.21901471743678622,-0.2903610763963398
10,70,amygdala,1.05,-0.34946236559139787,0.024719587426134164,-0.2581954992882817,-0.3452857203797178
10,70,amygdala,1.075,-0.456989247311828,0.13529072122226296,-0.28647559167437453,-0.2610241762409568
10,70,amygdala,1.1,-0.5376344086021506,0.06730968394755828,-0.14339602276278834,-0.03118022124041302
10,70,amygdala,1.125,-0.8333333333333333,-0.09537835208420975,-0.09537835208420975,0.03381515008411178
10,70,amygdala,1.15,-0.6989247311827957,-0.042847953468201846,-0.004940409428168305,0.11785517585561249
10,71,amygdala,-0.15,5.645161290322578,0.04665350090877387,0.297909739282023,0.12750088396914497
10,71,amygdala,-0.125,2.258064516129032,0.08072883692191572,0.32502706954852606,0.2148867811668768
10,71,amygdala,-0.1,-2.580645161290323,0.10820041380393411,0.3473281530181203,0.20469456364081504
10,71,amygdala,-0.075,-4.274193548387098,0.09679097085292038,0.2239342445720409,0.1415166564366158
10,71,amygdala,-0.05,-4.059139784946236,0.1596862277041432,0.294727166486565,0.20582627376790194
10,71,amygdala,-0.025,-5.779569892473118,0.12207955224248206,0.28925338168601405,0.2254713860052497
10,71,amygdala,-0.0,-5.725806451612904,0.0908221648576104,0.21442359022155988,0.15094709814886603
10,71,amygdala,0.025,-3.8440860215053796,0.11168357161231529,0.26072197129232405,0.16054195992111353
10,71,amygdala,0.05,-5.94086021505376,0.027686384565838686,0.10787529839552011,0.0009652134068824495
10,71,amygdala,0.075,-2.4193548387096753,-0.06665456490996215,0.011406128754645929,-0.12256496389478908
10,71,amygdala,0.1,1.3440860215053778,-0.10020467580161214,-0.03807215163781589,-0.14108941083778914
10,71,amygdala,0.125,-2.526881720430107,-0.04309510156919058,-0.06291833738287872,-0.09040519528948754
10,71,amygdala,0.15,-2.338709677419353,0.0639075664799003,-0.034498322201434777,-0.05925323390713445
10,71,amygdala,0.175,-4.247311827956988,0.026398221505728094,-0.09793382755896807,-0.08087965737925203
10,71,amygdala,0.2,-6.478494623655914,0.0326661605073936,-0.1423256720470228,0.0015785673822746712
10,71,amygdala,0.225,-4.193548387096776,0.0521133054714767,-0.03129352902086223,0.0670320164495857
10,71,amygdala,0.25,-0.5376344086021501,0.07019297773820814,-0.01974417578845621,0.11029593400892464
10,71,amygdala,0.275,-0.7258064516129039,0.016455704325537012,0.05160875690950153,0.059913028751800386
10,71,amygdala,0.3,-0.10752688172042824,0.039915706118547625,0.2873112581345299,0.13294154779649528
10,71,amygdala,0.325,5.376344086021505,-0.1449065971217975,0.10112445173279515,-0.01986602030238688
10,71,amygdala,0.35,5.32258064516129,-0.10684876125367875,0.1349910497100731,0.05960444760183706
10,71,amygdala,0.375,4.139784946236559,-0.02780000416638308,0.09838098455221388,-0.006078866418815697
10,71,amygdala,0.4,2.311827956989248,0.019440079677934194,-0.020637568203311526,-0.08135278428786877
10,71,amygdala,0.425,1.505376344086022,0.01663836753153126,0.02725425847189477,-0.07431123658254453
10,71,amygdala,0.45,3.0376344086021483,0.09230882267566355,0.03459028062099672,-0.10073302386011294
10,71,amygdala,0.475,4.35483870967742,0.08827845050723114,0.08636323969206125,0.08822737821882662
10,71,amygdala,0.5,5.88709677419355,0.07015150340110167,0.1833753688034597,0.1464307749499618
10,71,amygdala,0.525,0.7795698924731163,0.10952462876141127,0.00404225446024363,0.05487744188115561
10,71,amygdala,0.55,0.7258064516129039,0.042323913305156634,0.04884318194039603,0.06950464355995399
10,71,amygdala,0.575,2.419354838709676,0.089089350067862,0.14280236957780335,0.17355002137113623
10,71,amygdala,0.6,7.82258064516129,0.1206635224714542,0.06165493777906655,0.11417486826853966
10,71,amygdala,0.625,12.741935483870966,-0.05584480110393681,0.06967230999560928,0.009396594440197303
10,71,amygdala,0.65,7.446236559139789,0.056908850047219704,-0.0927412921280038,-0.053289926309331125
10,71,amygdala,0.675,7.338709677419358,0.047099821688712136,-0.06896211677223488,-0.0022501543477777787
10,71,amygdala,0.7,5.268817204301078,0.0658143813186601,-0.12106281747397632,0.005142941983121601
10,71,amygdala,0.725,3.521505376344086,0.11311135431156791,-0.0560729467577786,0.06646435374641996
10,71,amygdala,0.75,3.36021505376344,0.12746740083481667,0.012590949431289243,0.10008910917083681
10,71,amygdala,0.775,3.225806451612904,0.00722592933049434,-0.06096241787276212,-0.0005851985021174995
10,71,amygdala,0.8,-1.9623655913978482,0.09534286435559426,0.02129809761550282,0.0013551010487654856
10,71,amygdala,0.825,-1.8279569892473102,0.19731834661300302,0.06321399772693334,0.10090025635550037
10,71,amygdala,0.85,0.2956989247311821,0.15188888284256458,0.054404531839326656,-0.006631588503621627
10,71,amygdala,0.875,1.9892473118279526,0.10743569771162137,0.09985619062874655,-0.03632059098773563
10,71,amygdala,0.9,7.284946236559142,-0.03690937946966133,0.10439427521949697,-0.028972972581629397
10,71,amygdala,0.925,9.005376344086022,0.07250127158336273,0.2221813161425632,0.08544066402232894
10,71,amygdala,0.95,12.365591397849466,-0.1290368662959136,0.0625856775629175,-0.03908743860796595
10,71,amygdala,0.975,7.688172043010754,-0.07720476788818366,-0.017912525354915217,-0.02899637817054555
10,71,amygdala,1.0,7.311827956989248,0.05630294438369285,0.0019980116751264977,-0.017802796336063027
10,71,amygdala,1.025,4.516129032258066,-0.07604558643085464,-0.032554375329611404,-0.08805817654067978
10,71,amygdala,1.05,4.24731182795699,0.19380260175802116,0.2395281429966776,0.2373275853321424
10,71,amygdala,1.075,7.661290322580648,0.21911738390093607,0.3525521208930201,0.2661788974269922
10,71,amygdala,1.1,4.166666666666664,0.01672476508538683,0.28642120666137966,0.2022851372808349
10,71,amygdala,1.125,2.150537634408604,0.0067743946387828985,0.20982796025914402,0.10057174597200627
10,71,amygdala,1.15,0.6720430107526916,-0.11511669907421222,0.12187631098453021,-0.08035298067829118
11,6,hippocampus,-0.15,-0.618279569892473,-0.23203807661847803,-0.08121978307903321,-0.009587549910362822
11,6,hippocampus,-0.125,-0.618279569892473,-0.3254394313489186,-0.08684426538492847,-0.022656384456305554
11,6,hippocampus,-0.1,-0.456989247311828,-0.1929425814434754,0.03535597042157926,-0.039396652755474035
11,6,hippocampus,-0.075,-0.43010752688172044,-0.2345845228066644,0.007222911895912767,-0.0990214965828829
11,6,hippocampus,-0.05,-0.5376344086021506,-0.2276400019963716,0.03589344429818307,-0.10761286401428947
11,6,hippocampus,-0.025,-0.5107526881720431,-0.25733660511488693,0.04954498926906261,-0.11316172357127839
11,6,hippocampus,-0.0,-0.4301075268817205,-0.3947108393388155,-0.18998278370941546,-0.2788713766460833
11,6,hippocampus,0.025,-0.34946236559139787,-0.27345667414557534,-0.03906523916365362,-0.1403406820009882
11,6,hippocampus,0.05,-0.34946236559139787,-0.23707769947805998,-0.04098014011464546,-0.3295865713294541
11,6,hippocampus,0.075,-0.29569892473118276,-0.13845260683479174,-0.05101113233069358,-0.33535817361764714
11,6,hippocampus,0.1,-0.4032258064516129,-0.13848311447707765,-0.1421466889341432,-0.36500192315744034
11,6,hippocampus,0.125,-0.4838709677419355,-0.09193649671847605,-0.15645091289808286,-0.3301010652273456
11,6,hippocampus,0.15,-0.43010752688172044,-0.1152463627136032,-0.05454543811051365,-0.10407397682534406
11,6,hippocampus,0.175,-0.43010752688172044,-0.07447451479960959,-0.013334345001012243,-0.0698587799915669
11,6,hippocampus,0.2,-0.34946236559139787,-0.03461530743244944,-0.027558200336312257,-0.07628772196103606
11,6,hippocampus,0.225,-0.4032258064516129,0.05704185429651055,-0.06828902787970177,-0.03319198458101385
11,6,hippocampus,0.25,-0.2688172043010753,0.17435500382429647,-0.10353951567718896,-0.0363600305889794
11,6,hippocampus,0.275,-0.24193548387096775,0.15856118854724463,-0.08017499496111763,0.02132801639411882
11,6,hippocampus,0.3,1.3440860215053765,0.1802216231850108,-0.03650058191088826,0.15740875949070562
11,6,hippocampus,0.325,1.3440860215053765,0.15009432491320443,0.11962250037664167,0.19473143004514235
11,6,hippocampus,0.35,1.1559139784946237,0.1967710699263726,0.015612371005979474,0.1957460152643639
11,6,hippocampus,0.375,2.6612903225806455,0.16546378495803046,-0.012905569686799725,0.16012746435439773
11,6,hippocampus,0.4,2.634408602150538,0.148382604013934,0.022370948717406886,0.19751541524099686
11,6,hippocampus,0.425,2.580645161290323,0.06301787285965432,0.038907586527471304,0.203747441150508
11,6,hippocampus,0.45,4.408602150537634,0.01602944365813794,0.02925728101319425,0.11855404900255562
11,6,hippocampus,0.475,2.795698924731183,0.058065943941864484,-0.054516680864733394,0.05476512928013257
11,6,hippocampus,0.5,1.1559139784946235,0.06949294666753489,0.1315643165064981,0.10312618347701659
11,6,hippocampus,0.525,1.2634408602150538,-0.1202744159437301,-0.012091881086054178,-0.1078034790242573
11,6,hippocampus,0.55,-0.510752688172043,-0.0884734502709318,0.07841549292305822,-0.10482220276002091
11,6,hippocampus,0.575,-0.5645161290322581,-0.15788293826692065,0.08079218558799585,-0.04768118574685136
11,6,hippocampus,0.6,-0.45698924731182794,-0.16958987845290724,-0.03161287054656135,-0.140830947608466
11,6,hippocampus,0.625,-0.456989247311828,-0.05640159741258999,0.09944395857884947,-0.014127849838585164
11,6,hippocampus,0.65,1.263440860215054,0.07741013255520751,0.07213540897409759,-0.014256009678675415
11,6,hippocampus,0.675,1.2903225806451613,0.13237762733556407,0.11065586889819916,0.06493782234416416
11,6,hippocampus,0.7,2.795698924731183,0.16286601828759179,-0.043316504553860435,-0.026353397875425576
11,6,hippocampus,0.725,2.741935483870968,-0.0021601678495515677,-0.08863136445398893,-0.08198965434939756
11,6,hippocampus,0.75,7.741935483870968,-0.026483757750868916,-0.15956052806424129,-0.048986727069619644
11,6,hippocampus,0.775,9.301075268817204,0.118992044078798,-0.12392108254833928,0.015229465014864746
11,6,hippocampus,0.8,7.553763440860216,0.09142419159170637,-0.0907302125796241,0.1673998069144511
11,6,hippocampus,0.825,7.607526881720431,0.2557711090414937,-0.111915186854086,0.2268650500978062
11,6,hippocampus,0.85,0.967741935483871,0.1322132892881694,-0.010782264066019391,0.1622254602069755
11,6,hippocampus,0.875,-0.6720430107526881,-0.004384239483137338,0.06202319212857926,0.3287566432005712
11,6,hippocampus,0.9,-0.48387096774193555,0.01233454995009563,0.13034071002059955,0.31836656186260526
11,6,hippocampus,0.925,-0.510752688172043,-0.0973596996326686,0.04486149826877125,0.08089615789512397
11,6,hippocampus,0.95,-0.5376344086021506,-0.17550923498867643,0.001847465631459752,0.0457977006535549
11,6,hippocampus,0.975,-0.510752688172043,-0.23317245017767052,-0.058495519185196854,-0.11102004246740649
11,6,hippocampus,1.0,-0.6451612903225806,-0.1766497943241452,-0.035284680631205136,-0.08874533790286608
11,6,hippocampus,1.025,-0.6720430107526881,-0.05801640118268772,0.02072474775581567,0.07400314284191722
11,6,hippocampus,1.05,-0.7258064516129032,0.0669915535527722,0.049753208519509644,0.07425996022724483
11,6,hippocampus,1.075,1.021505376344086,0.21100710958045757,-0.0035758553363214912,0.09313046243180664
11,6,hippocampus,1.1,1.1827956989247312,0.17468877309485614,0.051077404879415256,0.05407997359425539
11,6,hippocampus,1.125,1.1559139784946235,0.2123885383672622,-0.02668333159690223,-0.03288248944264719
11,6,hippocampus,1.15,1.2365591397849462,0.07522827271341852,-0.008208658949834519,0.0032337141317529926
11,11,hippocampus,-0.15,-0.40322580645161293,-0.10551094436348772,-0.15621481484927488,-0.25798891326655576
11,11,hippocampus,-0.125,-0.48387096774193555,-0.15133176415260785,-0.15465089811620172,-0.1383663971073193
11,11,hippocampus,-0.1,-0.4032258064516129,-0.16342754196415055,-0.05457364956073968,-0.09605402432767286
11,11,hippocampus,-0.075,-0.5107526881720431,-0.0610923139176464,0.05760539093341265,0.1889698772374025
11,11,hippocampus,-0.05,-0.618279569892473,-0.06070707241621255,0.1108155262098402,0.11833503544665885
11,11,hippocampus,-0.025,-0.5645161290322581,-0.0026108017984071193,0.19673346722387303,0.040945013570140916
11,11,hippocampus,-0.0,-0.7258064516129032,-0.047213948334439516,0.11449066023726688,0.02243611888010564
11,11,hippocampus,0.025,-0.5645161290322581,0.032286047866314664,0.09800519232146719,-0.12425236603096856
11,11,hippocampus,0.05,-0.5913978494623656,0.027975433595673272,0.0965169706543697,-0.09903510462783965
11,11,hippocampus,0.075,-0.6182795698924731,0.02504403407782823,-0.026388680202812292,-0.17752690465102133
11,11,hippocampus,0.1,-0.4301075268817205,0.1185813632709861,0.0193667494703888,-0.10678363698810706
11,11,hippocampus,0.125,-0.37634408602150543,-0.024646822593265807,-0.03432950289776309,-0.13511740243093934
11,11,hippocampus,0.15,-0.37634408602150543,0.04319570932638651,-0.1980872544851949,-0.11141071563884837
11,11,hippocampus,0.175,1.317204301075269,0.044091595197424095,-0.1577355948672048,-0.06332949430679932
11,11,hippocampus,0.2,1.2365591397849462,0.03960822196263113,-0.09107694662017214,-0.029944108655667528
11,11,hippocampus,0.225,1.2096774193548387,0.13032278816030643,-0.012638221897322008,-0.027512983062990326
11,11,hippocampus,0.25,2.8763440860215055,0.21746473629000057,0.18806390947223825,0.03953904296181829
11,11,hippocampus,0.275,10.994623655913978,0.1094875831813757,0.19934668883626988,0.06626625582010846
11,11,hippocampus,0.3,14.059139784946236,0.19421901502862554,0.3149225135965023,0.1851173848228494
11,11,hippocampus,0.325,22.177419354838708,0.17069853439329388,0.3808124691265096,0.2833705327374756
11,11,hippocampus,0.35,22.06989247311828,0.22776695864216648,0.30672774939805264,0.22010172445709356
11,11,hippocampus,0.375,12.016129032258064,0.2220843939181072,0.45039411866740214,0.3122945778434384
11,11,hippocampus,0.4,10.43010752688172,0.16622463101190402,0.30604854367112755,0.14222138329881828
11,11,hippocampus,0.425,5.483870967741936,0.08093534544516358,0.2666606644666968,0.2111986540616426
11,11,hippocampus,0.45,3.978494623655914,0.02342685761766318,0.34226986903033896,0.22545451093434268
11,11,hippocampus,0.475,4.220430107526882,0.06210465133537998,0.21718271912801104,0.14850048156745538
11,11,hippocampus,0.5,6.021505376344086,0.06900040948899679,0.35990838590796015,0.2817204218946132
11,11,hippocampus,0.525,6.129032258064516,0.037425723993521,0.13006365467055317,0.07037114079429825
11,11,hippocampus,0.55,5.940860215053764,0.022174700391164696,0.03916026304544348,0.052761605436535776
11,11,hippocampus,0.575,5.940860215053764,0.007168524108486312,-0.010235825289521319,-0.03129336485819986
11,11,hippocampus,0.6,2.5,0.048950343468976094,-0.03975277717325716,-0.04578114459554486
11,11,hippocampus,0.625,0.7526881720430109,0.0459751467975442,0.013030209610991342,-0.029888882870572925
11,11,hippocampus,0.65,0.8333333333333335,0.12777669123152058,0.10758450147475286,0.1346574692696548
11,11,hippocampus,0.675,2.4731182795698925,0.11181665909668867,0.11491836947385062,0.1516116032356766
11,11,hippocampus,0.7,2.580645161290323,-0.021769035617690894,0.11874896386430205,0.15048609555508624
11,11,hippocampus,0.725,4.381720430107527,0.03472549965802024,0.2088136423313401,0.2815245865132356
11,11,hippocampus,0.75,4.381720430107527,-0.10999931256059395,0.15108089965989385,0.18274580054751544
11,11,hippocampus,0.775,2.60752688172043,-0.10061769547699902,0.2562468850620311,0.22610576235797394
11,11,hippocampus,0.8,2.634408602150538,-0.08149787957012536,0.023027814432600532,0.02331727020060808
11,11,hippocampus,0.825,-0.7258064516129032,0.01543779257709571,-0.04615552709143953,0.026424197110488976
11,11,hippocampus,0.85,-0.5376344086021505,0.07535674579073488,-0.01768542312925159,-0.013238802456754052
11,11,hippocampus,0.875,1.2903225806451615,0.17417279824921686,-0.08917134054011472,-0.06404512348144929
11,11,hippocampus,0.9,1.3440860215053765,0.01698259987140191,0.20515892462096272,0.22407913655822925
11,11,hippocampus,0.925,3.064516129032258,-0.15703682628300655,0.19376118644525298,0.1077000596003927
11,11,hippocampus,0.95,4.596774193548387,-0.09234976451205813,0.12216722223576873,0.11219139382143997
11,11,hippocampus,0.975,6.236559139784946,-0.23024365949976117,0.06272903286942959,0.03995729093157653
11,11,hippocampus,1.0,6.236559139784946,-0.15624325036802433,0.008362314808429472,0.022886335265175393
11,11,hippocampus,1.025,4.381720430107527,0.14609591354145696,0.17307506871405065,0.09780355519832822
11,11,hippocampus,1.05,2.688172043010753,0.14032636974749316,0.2082859158731072,0.029202418830214353
11,11,hippocampus,1.075,-0.6182795698924731,0.2527544055988604,0.3121509821248966,0.08767728539702478
11,11,hippocampus,1.1,-0.5645161290322581,0.30859331493444464,0.26720868840846534,0.1483924020043728
11,11,hippocampus,1.125,-0.37634408602150543,0.2855247583083495,0.19726820178672544,0.24325571103187088
11,11,hippocampus,1.15,-0.32258064516129037,0.17663025459866402,0.039032132154615484,0.15534000069614645
11,12,hippocampus,-0.15,-0.37634408602150543,0.13538091595651983,0.026225622462781328,0.08237838166987767
11,12,hippocampus,-0.125,-0.3225806451612903,0.1525394596950306,0.010333931017944789,0.01584282806795212
11,12,hippocampus,-0.1,-0.2688172043010753,0.12622863262329664,0.008230418736591066,0.005198159202057515
11,12,hippocampus,-0.075,-0.21505376344086022,0.015968531395360502,-0.000491339427549554,-0.08849023090167467
11,12,hippocampus,-0.05,-0.2688172043010753,-0.0744385479060897,-0.11865220174556627,-0.16901173692787466
11,12,hippocampus,-0.025,-0.2688172043010753,0.03021732238412617,-0.03824164926913692,-0.07529111282964367
11,12,hippocampus,-0.0,-0.2956989247311828,-0.0038787935856796764,-0.06427013675512273,-0.023960142655844077
11,12,hippocampus,0.025,-0.34946236559139787,0.026130016007582267,0.031840549307252566,0.09379118328549396
11,12,hippocampus,0.05,-0.3225806451612903,0.11897440495389001,0.042546530943048146,0.1538185466744898
11,12,hippocampus,0.075,-0.2956989247311828,0.11760873114458033,0.04818004742267471,0.16270031398887844
11,12,hippocampus,0.1,-0.24193548387096775,0.11795489589335509,0.08737239258791672,0.18228211601881686
11,12,hippocampus,0.125,-0.2956989247311828,0.1293795639124249,0.1802157073899122,0.13936523495264558
11,12,hippocampus,0.15,-0.2688172043010753,0.10630980372206358,0.2640430792771123,0.1707190007653985
11,12,hippocampus,0.175,-0.2688172043010753,0.029025136675496006,0.14828956083499856,0.11949369064193142
11,12,hippocampus,0.2,-0.2688172043010753,-0.10083139897222071,0.04007578112856794,0.008574566442840052
11,12,hippocampus,0.225,-0.16129032258064516,-0.04503375037960503,-0.10740869610680678,-0.06819091585916497
11,12,hippocampus,0.25,1.424731182795699,0.04930670456704888,-0.047013369470907077,-0.03701442845172879
11,12,hippocampus,0.275,3.1182795698924735,0.19048588634315852,0.10993878794546338,-0.017603008259098937
11,12,hippocampus,0.3,3.1182795698924735,0.26916599901640376,0.2075021276602875,0.11457958103195309
11,12,hippocampus,0.325,4.731182795698925,0.15727680694621057,0.2605384306321774,0.1573685135391821
11,12,hippocampus,0.35,3.0376344086021505,0.028666688701772608,0.24488232156602233,0.18952121234515906
11,12,hippocampus,0.375,1.3440860215053765,0.012421364667752365,0.2568227611739629,0.27125707426613366
11,12,hippocampus,0.4,1.2634408602150538,-0.015224129116967937,0.23973678322543543,0.23277347416909497
11,12,hippocampus,0.425,-0.3225806451612903,0.029659654603630754,0.2813312214876073,0.3018683548143872
11,12,hippocampus,0.45,-0.18817204301075272,0.06961189629734581,0.20003418476248797,0.20510171744313763
11,12,hippocampus,0.475,-0.16129032258064516,0.0565056180710921,0.20297202185310137,0.174212316338164
11,12,hippocampus,0.5,-0.10752688172043011,-0.029349548546652733,0.04035562925164751,0.0880486456399582
11,12,hippocampus,0.525,-0.24193548387096775,0.0016062741837492224,-0.03749502880351756,0.10353584452966416
11,12,hippocampus,0.55,-0.24193548387096775,0.0016062741837492224,-0.03749502880351756,0.10353584452966416
11,12,hippocampus,0.575,1.478494623655914,-0.09956514005727843,-0.18178908476696012,-0.038630847482030856
11,12,hippocampus,0.6,6.424731182795699,0.029859222951766348,-0.06095684685544927,0.03031788997099471
11,12,hippocampus,0.625,6.559139784946237,0.10700781664604102,0.07212868653673017,0.005621296697228737
11,12,hippocampus,0.65,6.505376344086022,0.15244244648641184,0.14678654892688797,0.019315423741015428
11,12,hippocampus,0.675,4.78494623655914,0.09734021553520286,0.02726076757562966,-0.08256249304471003
11,12,hippocampus,0.7,-0.18817204301075272,0.09158566929523684,0.01665640659392988,-0.07473272693028715
11,12,hippocampus,0.725,-0.21505376344086022,0.13433041530954212,0.08953831235699236,-0.024048219208131213
11,12,hippocampus,0.75,-0.24193548387096775,0.1232896947685836,0.14282890978771182,0.06742405182656917
11,12,hippocampus,0.775,1.370967741935484,0.16147508834204263,0.2257533603055701,0.06675403992788588
11,12,hippocampus,0.8,1.3978494623655915,0.1700283743066732,0.19301314587672608,0.0017680593515425286
11,12,hippocampus,0.825,4.650537634408602,0.17307755497222374,0.1389809060269463,-0.02742556545598407
11,12,hippocampus,0.85,4.650537634408602,0.2166255739949175,0.20835365682362797,0.052553235239614776
11,12,hippocampus,0.875,4.704301075268817,0.17200614384696392,0.15199533271102753,0.08848962241966339
11,12,hippocampus,0.9,4.650537634408602,0.015977477492107935,0.17152832158194037,0.1651373305850972
11,12,hippocampus,0.925,1.3440860215053765,-0.02444436559177939,0.20186314811275885,0.2515404072186331
11,12,hippocampus,0.95,1.370967741935484,-0.08087508683570789,0.17096553220541652,0.1980614371486724
11,12,hippocampus,0.975,-0.3225806451612903,0.016505119762389366,0.22236064124330118,0.21970148305936066
11,12,hippocampus,1.0,-0.34946236559139787,0.18892545924407483,0.24187347505475776,0.22811408747625564
11,12,hippocampus,1.025,1.317204301075269,0.1694028416188397,0.14765624427614216,0.10168110098098264
11,12,hippocampus,1.05,1.317204301075269,0.2663170862257357,0.09079618794639073,-0.0007885035861605795
11,12,hippocampus,1.075,1.317204301075269,0.15418755767610992,0.05847449592653594,-0.0060550513533395205
11,12,hippocampus,1.1,3.091397849462366,-0.0017888013749906106,-0.011558408884554715,-0.058801111865075965
11,12,hippocampus,1.125,1.424731182795699,-0.03482766665378535,-0.02200554062204348,0.0022092176608744436
11,12,hippocampus,1.15,1.4516129032258065,-0.029573739463633897,0.024196695924791366,0.08872121839090168
11,13,hippocampus,-0.15,-0.37634408602150543,0.09812751063598522,0.08717412505932888,0.13131709249607929
11,13,hippocampus,-0.125,-0.4032258064516129,0.05118442959317232,0.158824090861517,0.21037912372607998
11,13,hippocampus,-0.1,-0.456989247311828,0.0045242674073817536,0.07703593503660022,0.10179601666608946
11,13,hippocampus,-0.075,-0.37634408602150543,0.014814159018861276,0.06123185727795995,0.05530619367041543
11,13,hippocampus,-0.05,-0.2688172043010753,0.003715047677383405,-0.13846578935827777,-0.15066582247166033
11,13,hippocampus,-0.025,-0.24193548387096775,-0.017540817563519075,-0.1080455401181469,-0.09301055363513057
11,13,hippocampus,-0.0,-0.13440860215053765,0.01478695242944882,-0.19495118082985322,-0.11072469979171275
11,13,hippocampus,0.025,-0.13440860215053765,-0.005205007255165983,-0.14822441115279494,-0.12846904270705134
11,13,hippocampus,0.05,-0.16129032258064516,-0.05469146225011275,-0.01579382714734963,-0.004908892221473535
11,13,hippocampus,0.075,-0.16129032258064516,0.06268796982407941,-0.1379135336129747,-0.07167718813847572
11,13,hippocampus,0.1,-0.18817204301075272,0.12028722310384275,-0.03867327572074767,0.012002051085749277
11,13,hippocampus,0.125,-0.21505376344086022,0.15217741041634814,0.023949406686624715,0.06523413001724282
11,13,hippocampus,0.15,-0.24193548387096775,0.0957334718023271,0.07221343778292529,0.11477349934184285
11,13,hippocampus,0.175,-0.1881720430107527,0.04346458344858675,0.17746559854314128,0.1579508876070411
11,13,hippocampus,0.2,-0.1881720430107527,-0.03360574304009798,0.20483500519678766,0.18669857244498875
11,13,hippocampus,0.225,-0.13440860215053765,-0.23629549982259207,0.11527908113998299,0.17904042001576628
11,13,hippocampus,0.25,-0.13440860215053765,-0.28172101768585883,0.08576432409080315,0.08067761245507275
11,13,hippocampus,0.275,-0.26881720430107525,-0.26569470611212426,0.0864551218749101,0.05205653226950821
11,13,hippocampus,0.3,-0.34946236559139787,-0.1820071968000625,-0.02292282075567538,-0.06716386481412887
11,13,hippocampus,0.325,-0.45698924731182794,-0.26627912639641377,-0.14904050177803543,-0.11371350593441157
11,13,hippocampus,0.35,-0.45698924731182794,-0.2489617018556901,-0.10067552160846253,-0.04211857788886769
11,13,hippocampus,0.375,-0.5376344086021505,-0.20441177050303963,-0.06106478207432577,0.01759493720785658
11,13,hippocampus,0.4,-0.6451612903225807,-0.07996744562629295,-0.08225319018391712,0.02437007065114014
11,13,hippocampus,0.425,-0.5645161290322581,-0.08306588868806736,0.0015178152418085396,0.05250260904619539
11,13,hippocampus,0.45,1.0483870967741935,-0.12306222792886577,0.010296305090012024,0.053192093707825704
11,13,hippocampus,0.475,2.9301075268817205,-0.16106487625353538,-0.026968819416688276,0.01547262194271313
11,13,hippocampus,0.5,4.811827956989247,-0.23524020128068582,0.022137116447048667,0.08134723513674509
11,13,hippocampus,0.525,9.838709677419354,-0.2530747370266193,0.08441160319968621,0.0654163246035495
11,13,hippocampus,0.55,9.919354838709678,0.06510292416350968,0.14490650862200544,0.048302169540668474
11,13,hippocampus,0.575,8.145161290322582,0.13438133343480302,-0.04682464744547249,-0.18105857905201062
11,13,hippocampus,0.6,6.424731182795699,0.12185351529489823,-0.053281131821089525,-0.1485373991987935
11,13,hippocampus,0.625,1.2903225806451613,0.06762934913134201,-0.13400770693906616,-0.18931668697417153
11,13,hippocampus,0.65,-0.4032258064516129,-0.053549075613282135,-0.21189311640524544,-0.23229276425792436
11,13,hippocampus,0.675,-0.3225806451612903,-0.016525937276318587,-0.053298310796922765,-0.06515199355532929
11,13,hippocampus,0.7,-0.3225806451612903,-0.0063161959223626,-0.13242380629008166,-0.17745914844884514
11,13,hippocampus,0.725,1.2903225806451613,-0.03762502432214225,0.1364880192651505,0.12636818513712605
11,13,hippocampus,0.75,1.1827956989247312,0.01772001517755495,0.08088202483266192,0.014097256519032604
11,13,hippocampus,0.775,1.1559139784946237,0.009963769002885188,0.051978293049271776,0.02019273337847074
11,13,hippocampus,0.8,1.1827956989247312,-0.002755597593002998,0.13823229119526978,0.11680443528550022
11,13,hippocampus,0.825,-0.34946236559139787,-0.09797920173307972,-0.02831150390271266,-0.024155309289087695
11,13,hippocampus,0.85,-0.24193548387096775,-0.0977601414003708,0.07818677975610669,0.11888017194840506
11,13,hippocampus,0.875,-0.21505376344086022,-0.20247990983396058,0.07522034033551338,0.14446799641482644
11,13,hippocampus,0.9,1.3978494623655915,-0.24597284807169384,0.06847612570782004,0.04627756921580069
11,13,hippocampus,0.925,3.064516129032258,-0.14351536267014806,0.17272906119520381,0.0965770504181256
11,13,hippocampus,0.95,3.0376344086021505,-0.09312804516261039,0.0921651259364091,0.07212723537212513
11,13,hippocampus,0.975,2.9301075268817205,-0.01141597699721649,0.04380448749310721,0.054658314107885006
11,13,hippocampus,1.0,1.2903225806451613,0.04151726821753628,0.08606183724260125,0.08761873480075885
11,13,hippocampus,1.025,-0.40322580645161293,0.13289453648320554,0.06297169153691974,0.06844212587683504
11,13,hippocampus,1.05,-0.2956989247311828,0.14709956433792798,0.04821487722958788,-0.009230546760857964
11,13,hippocampus,1.075,-0.16129032258064516,0.1785080897283061,0.14591764657380094,0.07860743911494991
11,13,hippocampus,1.1,-0.18817204301075272,0.0857455413033475,0.03841741738544505,-0.07165915492868431
11,13,hippocampus,1.125,-0.16129032258064516,-0.04877595426015084,0.030484971412594274,0.015242485706297137
11,13,hippocampus,1.15,-0.24193548387096775,-0.21139180755033893,-0.06592998587942947,-0.0922240078431704
11,17,hippocampus,-0.15,-0.7258064516129032,0.03939106136211762,0.163882948124305,0.2243139449921271
11,17,hippocampus,-0.125,-0.8602150537634408,0.04034753229697395,0.09992318545422457,0.06531256790572659
11,17,hippocampus,-0.1,-0.8870967741935484,-0.023436561800933283,0.1206503055987279,0.02944276125850404
11,17,hippocampus,-0.075,-0.8870967741935484,0.026613773075178385,0.0863970282994209,-0.057557922786318
11,17,hippocampus,-0.05,-0.8333333333333334,0.02930246543771462,-0.054392314279732436,-0.25272602061978183
11,17,hippocampus,-0.025,-0.8602150537634409,0.0659477987717934,-0.006722674663459792,-0.08519760378374898
11,17,hippocampus,-0.0,-0.8602150537634409,0.051469516087391524,0.08821540142172937,-0.08230699165601899
11,17,hippocampus,0.025,-0.7795698924731184,-0.0005263852472222393,0.13863671448715725,-0.10646141625069788
11,17,hippocampus,0.05,-0.8602150537634408,0.08476141516708953,0.07992711392181825,-0.12088975980675012
11,17,hippocampus,0.075,-0.8064516129032258,0.19500683959300907,-0.04253065395153291,-0.13720788766697933
11,17,hippocampus,0.1,-0.7526881720430109,0.14337935171341665,-0.09134307403261252,-0.09489548742675086
11,17,hippocampus,0.125,-0.7795698924731184,0.14008212324976096,-0.09514357628197409,0.005329553991267359
11,17,hippocampus,0.15,-0.6989247311827956,0.005272211370909987,-0.0041356867640072355,0.135277998349397
11,17,hippocampus,0.175,-0.6989247311827957,-0.16867148663301426,0.09942576171398937,0.06675150700208568
11,17,hippocampus,0.2,0.860215053763441,-0.10932941608265287,0.12310632769295644,0.0718782106852423
11,17,hippocampus,0.225,1.021505376344086,-0.1198068255933035,0.046847334382761785,0.027335661093446564
11,17,hippocampus,0.25,1.0483870967741935,-0.03475283238669293,-0.0837486288662928,0.011299418180372839
11,17,hippocampus,0.275,1.0752688172043012,-0.062083124702145914,-0.17824081926681132,0.04768118574685136
11,17,hippocampus,0.3,6.155913978494624,-0.11030210075637922,-0.23997340202358655,0.10560194251109022
11,17,hippocampus,0.325,10.86021505376344,-0.10049787205306134,-0.34346351573992157,-0.1337693468502263
11,17,hippocampus,0.35,14.005376344086022,-0.24496088418527306,-0.3383794812606014,-0.2786163257806231
11,17,hippocampus,0.375,20.618279569892476,-0.23834043149985773,-0.20351033991527012,-0.2986672627093653
11,17,hippocampus,0.4,19.00537634408602,-0.12912485516646122,-0.12684655876566137,-0.2426546110260387
11,17,hippocampus,0.425,17.526881720430108,-0.06516791854191285,-0.08414980117289879,-0.2069057325022191
11,17,hippocampus,0.45,16.075268817204304,0.07194783127484743,0.22735953389140043,0.0047526514561637015
11,17,hippocampus,0.475,14.56989247311828,0.21913642171282768,0.05429197368702647,-0.0416540305735127
11,17,hippocampus,0.5,16.182795698924732,0.1897731411164869,0.05479571422368878,0.05878285230805599
11,17,hippocampus,0.525,14.56989247311828,0.19807674516625248,0.09790217710416113,0.202848766177906
11,17,hippocampus,0.55,14.516129032258064,0.20153563928605828,0.041582968949995615,0.24721390063264437
11,17,hippocampus,0.575,11.155913978494622,0.14567378757659724,0.15006520113140115,0.30410538867016784
11,17,hippocampus,0.6,6.182795698924731,-0.02281046908579329,0.10263021424230254,0.14608838201168056
11,17,hippocampus,0.625,4.462365591397849,-0.035151014666771924,0.05960389443496109,0.11233041643511898
11,17,hippocampus,0.65,2.580645161290323,0.008279036728972173,0.17323961874444765,-0.015844898009381197
11,17,hippocampus,0.675,0.7258064516129032,-0.05727875228678996,0.08463849673016091,-0.03677417766497632
11,17,hippocampus,0.7,-1.1827956989247312,0.049693800438338286,0.10647802065752948,0.06506144846121693
11,17,hippocampus,0.725,-1.3709677419354838,0.0576628201379383,0.0648273388725118,-0.0372092747182688
11,17,hippocampus,0.75,-1.2096774193548387,-0.20009400656151893,-0.12369870833084885,-0.042154145901081845
11,17,hippocampus,0.775,-1.0752688172043012,-0.34030917317749615,-0.12447938325707596,-0.09875094593733663
11,17,hippocampus,0.8,-0.9408602150537634,-0.33229472533215304,-0.14628286414071448,-0.18450169463687888
11,17,hippocampus,0.825,-0.7795698924731184,-0.30087242723410024,-0.13451808733089982,-0.1458423919371544
11,17,hippocampus,0.85,-0.7258064516129032,-0.21595135431288384,-0.23623641303503343,-0.3076567239526017
11,17,hippocampus,0.875,0.8870967741935484,-0.025398677676021744,-0.3041514248391928,-0.3573590936124482
11,17,hippocampus,0.9,0.7795698924731184,-0.14434018092667134,-0.24517975709720122,-0.3598877833317568
11,17,hippocampus,0.925,0.7258064516129032,-0.21916158690257173,-0.06083820003444439,-0.2835414285769098
11,17,hippocampus,0.95,0.5913978494623655,-0.28360808659536074,-0.18263460897368908,-0.39585927323380476
11,17,hippocampus,0.975,0.7258064516129032,-0.41876125244177337,-0.18338409667608488,-0.4389188323484086
11,17,hippocampus,1.0,2.553763440860215,-0.36385521785825753,-0.23520762740227713,-0.47311415530363077
11,17,hippocampus,1.025,5.940860215053764,-0.3056851063292724,-0.2955460299373886,-0.48947598314723023
11,17,hippocampus,1.05,9.35483870967742,-0.28683764554429153,-0.1573318780045267,-0.293825938126766
11,17,hippocampus,1.075,7.741935483870968,-0.22774827986360188,-0.08524913917949113,-0.22669419468054788
11,17,hippocampus,1.1,6.102150537634409,0.013881290266096942,-0.09180075256068689,-0.1661943035977556
11,17,hippocampus,1.125,2.849462365591398,0.051414772150745615,-0.023885602810188908,-0.07637995022919164
11,17,hippocampus,1.15,-0.456989247311828,0.07306072396955177,0.03900260134295049,-0.1313225885642961
11,18,hippocampus,-0.15,-0.16129032258064516,0.023101037606406666,-0.014700660294986059,-0.0945042447534818
11,18,hippocampus,-0.125,-0.13440860215053765,0.01747342828777125,-0.018895684078636354,-0.09813564956969204
11,18,hippocampus,-0.1,-0.10752688172043011,-0.122426673556568,-0.11732556215837765,-0.16833667614028097
11,18,hippocampus,-0.075,-0.08064516129032258,-0.12496043462691628,-0.11961321392201203,-0.16979482361419038
11,18,hippocampus,-0.05,-0.08064516129032258,-0.20763669321812817,-0.14223607075045308,-0.02648930872275644
11,18,hippocampus,-0.025,-0.10752688172043011,-0.20914556732580367,-0.14283111914932933,-0.025505556990951663
11,18,hippocampus,-0.0,-0.10752688172043011,-0.20914556732580367,-0.14283111914932933,-0.025505556990951663
11,18,hippocampus,0.025,-0.10752688172043011,-0.20914556732580367,-0.14283111914932933,-0.025505556990951663
11,18,hippocampus,0.05,-0.026881720430107527,-0.21106320531022216,-0.12520698620097923,0.02504139724019585
11,18,hippocampus,0.075,-0.026881720430107527,-0.053660136943276815,-0.06796950679481731,0.03219608216596609
11,18,hippocampus,0.1,-0.053763440860215055,-0.053660136943276815,-0.06796950679481731,0.03219608216596609
11,18,hippocampus,0.125,-0.053763440860215055,-0.053660136943276815,-0.06796950679481731,0.03219608216596609
11,18,hippocampus,0.15,-0.053763440860215055,-0.053660136943276815,-0.06796950679481731,0.03219608216596609
11,18,hippocampus,0.175,-0.026881720430107527,-0.053660136943276815,-0.06796950679481731,0.03219608216596609
11,18,hippocampus,0.2,3.252688172043011,0.19530877249052905,0.3129140548504175,0.28351273426044543
11,18,hippocampus,0.225,3.1720430107526885,0.14950489407101203,0.3354397781529985,0.29664420437507766
11,18,hippocampus,0.25,3.145161290322581,0.04294067166234741,0.2389741727295856,0.19683363780628813
11,18,hippocampus,0.275,3.037634408602151,0.03387807055846807,0.21348094317133207,0.22271148993219
11,18,hippocampus,0.3,-0.3225806451612903,-0.17176268664938965,-0.006401093912399614,0.013068900071149211
11,18,hippocampus,0.325,-0.24193548387096775,-0.1767469223136,-0.01978669528616343,0.0025600037027920337
11,18,hippocampus,0.35,-0.2688172043010753,-0.21790287936585256,-0.09645284090027822,-0.045525348021669
11,18,hippocampus,0.375,-0.18817204301075272,-0.1261359952324293,-0.11365840733086222,-0.00869291668971735
11,18,hippocampus,0.4,4.865591397849462,0.010362149333445743,-0.12454897140004392,0.0014222557908651018
11,18,hippocampus,0.425,6.424731182795699,0.036723137852479416,-0.06469422352755633,0.028030221162762065
11,18,hippocampus,0.45,8.145161290322582,0.11804723064180346,0.035217762440469196,0.10043834942156887
11,18,hippocampus,0.475,8.091397849462366,0.08350452528919654,0.04668783362814503,0.18563082650550464
11,18,hippocampus,0.5,3.1182795698924735,0.07003863589150577,0.13324943827645197,0.22302478039785653
11,18,hippocampus,0.525,1.478494623655914,0.13323225375464753,0.16333221698638992,0.22489225966663318
11,18,hippocampus,0.55,-0.2688172043010753,0.13724393774258709,0.16503568730700582,0.22771495228207791
11,18,hippocampus,0.575,-0.2688172043010753,0.17623599063750628,0.29096680333440633,0.26849375754841565
11,18,hippocampus,0.6,-0.2688172043010753,0.17513666457439178,0.29012000666578575,0.270128046981171
11,18,hippocampus,0.625,-0.18817204301075272,0.12792364463695857,0.23383819212886076,0.2597073463116655
11,18,hippocampus,0.65,-0.10752688172043011,0.030606668389142,0.2040444559276133,0.2244489015203747
11,18,hippocampus,0.675,-0.10752688172043011,0.27081616246991996,0.20895293216087382,0.19743584141184925
11,18,hippocampus,0.7,-0.10752688172043011,0.21561639180852374,0.07346258599199225,0.006745724581571517
11,18,hippocampus,0.725,-0.10752688172043011,0.21561639180852374,0.07346258599199225,0.006745724581571517
11,18,hippocampus,0.75,-0.10752688172043011,0.21561639180852374,0.07346258599199225,0.006745724581571517
11,18,hippocampus,0.775,-0.053763440860215055,0.04591000258371299,0.061213336778284,0.025505556990951663
11,18,hippocampus,0.8,-0.053763440860215055,-0.02504139724019585,0.12520698620097923,0.10374293142366853
11,18,hippocampus,0.825,-0.10752688172043011,0.06631444817647433,0.20914556732580367,0.13262889635294867
11,18,hippocampus,0.85,-0.10752688172043011,0.06631444817647433,0.20914556732580367,0.13262889635294867
11,18,hippocampus,0.875,-0.08064516129032258,0.06795083541924479,0.20961105163224666,0.13236427867986061
11,18,hippocampus,0.9,-0.053763440860215055,0.11805230127520899,0.16813509575560068,0.08227887664635777
11,18,hippocampus,0.925,-0.10752688172043011,0.12752778495475833,0.061213336778284,0.04080889118552267
11,18,hippocampus,0.95,-0.16129032258064516,0.0697847211249186,0.14122535088669969,0.08705348262362726
11,18,hippocampus,0.975,-0.24193548387096778,0.07050418918361197,0.14579935095436533,0.09333524373468093
11,18,hippocampus,1.0,-0.24193548387096778,0.07050418918361197,0.14579935095436533,0.09333524373468093
11,18,hippocampus,1.025,-0.18817204301075272,-0.017947513551392954,0.11797950417557179,0.1400583321670967
11,18,hippocampus,1.05,-0.13440860215053765,-0.017270248889076238,0.11621861605354833,0.1412096820930351
11,18,hippocampus,1.075,-0.10752688172043011,0.1924108905641788,0.14676325232403217,0.2904788136676391
11,18,hippocampus,1.1,-0.13440860215053765,0.21683587042543748,0.20938324640099526,0.28172101768585883
11,18,hippocampus,1.125,-0.10752688172043011,0.1687599041432532,0.18343467841657957,0.11372950061827934
11,18,hippocampus,1.15,-0.16129032258064516,0.17965478380110206,0.06941813891453334,0.028706347990790887
11,25,amygdala,-0.15,1.5053763440860228,0.11250850263739821,0.07974995156287072,0.05815792686866191
11,25,amygdala,-0.125,5.376344086021504,-0.05738725768453435,0.15536487512980163,0.09237007725018503
11,25,amygdala,-0.1,6.935483870967742,-0.04083049733949915,0.1004861109146719,0.1423425001471233
11,25,amygdala,-0.075,5.10752688172043,-0.1409558474392982,0.0004594721575348365,0.024020183346682288
11,25,amygdala,-0.05,0.2419354838709653,-0.08297611584217786,0.06263407821491987,0.16148566131450612
11,25,amygdala,-0.025,-1.3440860215053778,-0.011914017724153715,-0.011068506788891196,0.156624495371509
11,25,amygdala,-0.0,-2.9301075268817205,-0.13603701351067984,-0.153429054966856,-0.007300046855685135
11,25,amygdala,0.025,-0.026881720430107947,-0.0775731899084389,-0.01739286115360023,0.023181905176618056
11,25,amygdala,0.05,2.043010752688172,-0.15631203754969122,-0.10854495618338025,-0.1752937161712384
11,25,amygdala,0.075,-1.8010752688172058,-0.26861692147497845,-0.07319374209344992,-0.2309149482828819
11,25,amygdala,0.1,-2.043010752688171,-0.2709822397740339,-0.010331678583626838,-0.20119854472531865
11,25,amygdala,0.125,-3.5752688172042997,-0.04209237839242818,0.09563429261959093,0.06821163201541641
11,25,amygdala,0.15,-5.510752688172043,0.061200126952977524,0.03341209938493803,0.09578816862690344
11,25,amygdala,0.175,-3.3602150537634405,0.09186048855443571,0.024001431271326097,0.06673319057102181
11,25,amygdala,0.2,-3.0376344086021496,-0.013623782626505479,-0.07283876291886354,-0.06564418108239437
11,25,amygdala,0.225,-1.075268817204301,-0.05340604388148847,-0.06423090003806299,-0.1942830818243966
11,25,amygdala,0.25,2.28494623655914,-0.058896470231818515,0.05224686875403255,-0.034429017690003755
11,25,amygdala,0.275,3.736559139784946,0.07878343199094774,0.04540757884206366,0.07288301214141404
11,25,amygdala,0.3,5.403225806451613,0.10609185599574103,0.2699959367409171,0.33294702591252423
11,25,amygdala,0.325,1.774193548387096,0.07075676195708269,0.28684550401507664,0.398785212899009
11,25,amygdala,0.35,1.8817204301075279,0.10468789619948225,0.3012185479604734,0.27290785799438033
11,25,amygdala,0.375,2.311827956989247,0.07004851896806852,0.2884636926948933,0.17176736613917096
11,25,amygdala,0.4,3.924731182795699,0.16830966868372782,0.2620478807596333,0.0666491976810146
11,25,amygdala,0.425,5.483870967741935,0.2178347443889118,0.25695358490043596,0.09825672212032968
11,25,amygdala,0.45,8.467741935483872,0.116243711051503,0.11332159791812456,0.08397230372761276
11,25,amygdala,0.475,7.876344086021505,-0.0311610621230966,-0.19263902078570014,-0.1024413500274123
11,25,amygdala,0.5,7.446236559139785,-0.10099634847169253,-0.3400108690240364,-0.13949294252661257
11,25,amygdala,0.525,10.994623655913976,-0.2206487405406182,-0.3332194191366531,-0.19323356847437295
11,25,amygdala,0.55,10.725806451612904,-0.14255126929188422,-0.17702261897577395,-0.09237403839107433
11,25,amygdala,0.575,7.338709677419355,-0.08514099622560745,-0.13888066550743763,-0.04534045256272229
11,25,amygdala,0.6,5.645161290322581,0.009183979112043814,-0.005612431679582331,0.005765497998116394
11,25,amygdala,0.625,2.096774193548387,0.2040216820655708,0.014050237072632109,0.029528447423063493
11,25,amygdala,0.65,-4.46236559139785,0.13830470646003395,-0.12177772895852047,-0.14073514432790357
11,25,amygdala,0.675,-4.03225806451613,0.1877441541265728,0.04845669973100763,-0.09405097838085869
11,25,amygdala,0.7,-1.881720430107526,0.06121647886521158,-0.03274072837096423,-0.15486722062521613
11,25,amygdala,0.725,-3.5752688172043006,-0.008420273573029095,-0.15294697529611512,-0.22765450891213918
11,25,amygdala,0.75,3.49462365591398,0.007014088802687163,-0.08731772593418217,-0.13457322932746868
11,25,amygdala,0.775,6.747311827956989,0.09673789557372128,-0.017901221528909203,-0.005016416274815239
11,25,amygdala,0.8,4.838709677419355,0.09688366819166508,0.12673128078109935,0.07417297406938841
11,25,amygdala,0.825,5.161290322580644,0.148011947969508,0.22068123885346058,0.1859274782326244
11,25,amygdala,0.85,0.13440860215053707,0.1324869089046136,0.26461567594310154,0.18863843720073772
11,25,amygdala,0.875,-3.6021505376344085,0.058676180336955715,0.13498072615775333,0.1055405904582547
11,25,amygdala,0.9,-2.016129032258063,0.09693031896939205,0.08987103991309364,0.09965135016927434
11,25,amygdala,0.925,4.489247311827956,0.1487258552847267,0.08602244214304647,0.06518090034116823
11,25,amygdala,0.95,4.462365591397848,-0.030733979719849463,-0.11206160379579665,-0.10307625424314962
11,25,amygdala,0.975,6.370967741935483,-0.10389462451557345,-0.08480879719715699,-0.06567166389132544
11,25,amygdala,1.0,6.263440860215054,-0.1278319158981939,-0.14687558709752652,-0.1615911512061017
11,25,amygdala,1.025,-0.456989247311828,-0.31926792954265326,-0.2403050819309621,-0.1965019911344217
11,25,amygdala,1.05,-1.827956989247311,-0.18590236232787194,-0.15227357924413118,-0.03743051956285865
11,25,amygdala,1.075,-1.7741935483870979,-0.29859186995850057,-0.19155722431881872,-0.17551737660943045
11,25,amygdala,1.1,-4.731182795698926,-0.11408545707830775,-0.20565640947809127,-0.13352280849780812
11,25,amygdala,1.125,-0.21505376344085914,-0.03472850991882963,-0.10705607817782388,-0.06684277038251488
11,25,amygdala,1.15,1.290322580645162,-0.0010036585888938392,-0.11897214503733895,-0.1726035424541277
11,28,amygdala,-0.15,0.8870967741935484,0.0146369040011785,0.05445746319001341,0.030705361487502202
11,28,amygdala,-0.125,0.913978494623656,0.06744763010860141,0.11036061892937601,0.060687778142459715
11,28,amygdala,-0.1,-0.8602150537634409,0.10576701715548523,0.10158090799130172,0.01144403944165273
11,28,amygdala,-0.075,-1.0483870967741935,0.03793718079254365,-0.006019971802409622,-0.0454053533587405
11,28,amygdala,-0.05,-0.8870967741935484,0.04050104140316649,-0.08235499605860647,-0.051094064314584575
11,28,amygdala,-0.025,-0.7795698924731183,-0.0522933821340207,-0.07795121155501895,-0.10360904097601722
11,28,amygdala,-0.0,-0.6989247311827956,-0.14542664376611697,-0.0993488322505198,-0.25220452816118605
11,28,amygdala,0.025,-0.6451612903225806,-0.043560568137195325,-0.013466474620061834,-0.1372568845077664
11,28,amygdala,0.05,-0.6182795698924731,-0.10859358598627443,-0.056860443025500834,-0.16782047519549553
11,28,amygdala,0.075,-0.5913978494623656,-0.0781178614760732,-0.013414178233265097,-0.09889668658250346
11,28,amygdala,0.1,-0.6720430107526882,-0.09158650224915184,-0.04378600362370256,0.0463689732759892
11,28,amygdala,0.125,-0.7795698924731184,-0.06864563341540506,-0.05753552874092215,-0.08040753089745763
11,28,amygdala,0.15,-0.860215053763441,-0.04248702428003897,0.02175103632083906,-0.023056098500089408
11,28,amygdala,0.175,-0.8333333333333334,-0.08477071268216302,0.03195514936144251,-0.006327466284046933
11,28,amygdala,0.2,-0.7526881720430108,-0.010221652598434643,0.1177119587640024,-0.004473824760474292
11,28,amygdala,0.225,1.0483870967741937,0.11297652019702008,0.14444030956461415,0.15682001658040687
11,28,amygdala,0.25,1.1021505376344085,0.253764107470917,0.23571587358890012,0.1935813312354531
11,28,amygdala,0.275,1.1021505376344085,0.37073713556208227,0.24755108206848467,0.2195588451384383
11,28,amygdala,0.3,1.1021505376344085,0.3812085667434775,0.10938719608087592,0.17467081782690044
11,28,amygdala,0.325,-0.5645161290322581,0.11184444628587492,0.04691685520143063,0.02318842538730153
11,28,amygdala,0.35,1.1827956989247312,-0.015856261752526534,-0.09733045777880649,-0.05070630088095188
11,28,amygdala,0.375,0.9946236559139786,-0.15092097822322864,-0.0042391807439050595,-0.05891846860007178
11,28,amygdala,0.4,0.8870967741935485,-0.18402420801124902,0.103519156344745,0.002717968716814081
11,28,amygdala,0.425,2.526881720430108,0.03225761809636796,0.18571337324905365,0.1133948103765309
11,28,amygdala,0.45,3.9516129032258065,0.0578074890350841,0.1308569139792736,0.1270254548608379
11,28,amygdala,0.475,4.059139784946237,0.041624036259300334,0.020797674905577355,0.0016351275443005646
11,28,amygdala,0.5,4.193548387096774,-0.07430526808644969,-0.15935134506691226,-0.09120883618194535
11,28,amygdala,0.525,2.634408602150538,-0.13124424951791688,-0.164549499509684,-0.05295295142575925
11,28,amygdala,0.55,-0.5913978494623655,-0.10907433867998119,-0.024171686585750054,-0.05441011711089336
11,28,amygdala,0.575,-0.6989247311827955,-0.117632083993227,0.1401825273044769,0.061680312013969826
11,28,amygdala,0.6,-0.6720430107526881,-0.031901604661508424,0.08068522610245916,0.03745885217787289
11,28,amygdala,0.625,2.634408602150538,0.0221397546053829,0.08743876452671862,0.05843008472419296
11,28,amygdala,0.65,2.580645161290323,0.13301641060667618,0.07237830285879601,0.1481612622997576
11,28,amygdala,0.675,4.381720430107527,0.15278529340596758,0.07074134629177736,0.22651397560993583
11,28,amygdala,0.7,4.462365591397849,0.18855462758752115,0.14003094429752078,0.2919062522327582
11,28,amygdala,0.725,1.129032258064516,0.07274441652878057,0.1615664033773279,0.261392301059486
11,28,amygdala,0.75,1.2096774193548387,-0.022236119273666023,-0.07322899905775679,0.0455345902095006
11,28,amygdala,0.775,-0.6182795698924732,-0.01446728634462562,-0.37699056625937233,-0.24466536348399423
11,28,amygdala,0.8,-0.7526881720430109,-0.04289277799578197,-0.35562457305489986,-0.18754117625830494
11,28,amygdala,0.825,-0.8064516129032259,0.007289358977406981,-0.38160697886268197,-0.21639154914748657
11,28,amygdala,0.85,2.553763440860215,-0.10228647178081998,-0.2611774925471321,-0.21302138370872836
11,28,amygdala,0.875,4.381720430107527,0.014914471075101162,0.04828403345951867,0.0864788658976454
11,28,amygdala,0.9,6.075268817204301,-0.03297005345073398,0.11260003803742963,0.07867709286846634
11,28,amygdala,0.925,9.408602150537634,-0.06969727824969575,0.18083618140461602,0.07346469869562526
11,28,amygdala,0.95,6.102150537634409,0.12993762930345487,0.25906060262381597,0.20416532253226716
11,28,amygdala,0.975,4.247311827956989,-0.008570342430968544,-0.038331737037140136,-0.07648737114761654
11,28,amygdala,1.0,4.220430107526882,0.08766704375374845,-0.08227260225847745,-0.13468417044750391
11,28,amygdala,1.025,0.8870967741935485,0.25805446836074025,-0.042436658568684775,-0.05902712179512532
11,28,amygdala,1.05,0.913978494623656,0.14006052767322566,-0.11599312769584826,-0.1453436154731378
11,28,amygdala,1.075,1.0483870967741937,0.10408870430392954,-0.07600853539241251,-0.07116081893537538
11,28,amygdala,1.1,-0.6451612903225806,0.1105937906400307,-0.008574370574008583,0.024101776195304125
11,28,amygdala,1.125,-0.6182795698924731,-0.0727502681809682,0.05725224705540405,0.028407841540018023
11,28,amygdala,1.15,-0.6989247311827957,-0.028376748714623402,0.19388708503591154,0.13092423340215195
11,31,amygdala,-0.15,-0.8064516129032258,0.012171772949210884,0.2213667347292164,0.07356241418333762
11,31,amygdala,-0.125,-0.7795698924731184,0.10782735689278589,0.29940122369953764,0.19142485166455603
11,31,amygdala,-0.1,-0.8870967741935485,0.02035662886028845,0.13187179657725756,0.08116737872298889
11,31,amygdala,-0.075,-0.8870967741935483,0.07574010902331109,0.12676229213916687,0.08525809682898232
11,31,amygdala,-0.05,-0.8064516129032256,-0.030759424159979593,0.003926734999146331,0.06226254813040357
11,31,amygdala,-0.025,-0.8064516129032258,0.018675217214844327,-0.01436786872819475,0.07286346845598134
11,31,amygdala,-0.0,-0.7258064516129032,0.12853072475967944,0.04772968488972438,0.1584781733657557
11,31,amygdala,0.025,0.860215053763441,-0.008922947381897967,-0.07939960391629863,0.030513554489572395
11,31,amygdala,0.05,0.8064516129032259,-0.016927976116388563,-0.21820504348675868,-0.11975399320174886
11,31,amygdala,0.075,0.7526881720430109,-0.027612802063554726,-0.22657315707670134,-0.17208845372735496
11,31,amygdala,0.1,0.7526881720430109,-0.18045290691189952,-0.2227589623978446,-0.2622294913766888
11,31,amygdala,0.125,-0.7526881720430109,-0.17890907596160172,-0.1375192278245091,-0.14101696146989717
11,31,amygdala,0.15,1.1021505376344085,-0.10853894108056411,-0.018559756125394775,-0.059583323921759856
11,31,amygdala,0.175,1.021505376344086,-0.3354015708004246,-0.15431847973563748,-0.24353385083280285
11,31,amygdala,0.2,1.0752688172043012,-0.266673345637589,-0.27001731000923107,-0.29930043726370437
11,31,amygdala,0.225,0.9946236559139786,-0.2818204577436851,-0.3068287268238766,-0.3538442726946365
11,31,amygdala,0.25,-0.6720430107526881,-0.1964936422897007,-0.27504204477779765,-0.3225635216929226
11,31,amygdala,0.275,1.0483870967741937,-0.04102197355709511,-0.21336353814080697,-0.2266063674422716
11,31,amygdala,0.3,2.661290322580645,0.10894511402934325,0.047076171977621054,-0.0009093916029160538
11,31,amygdala,0.325,4.327956989247312,0.30380020306578936,0.1594268902959032,0.10203320978937805
11,31,amygdala,0.35,4.193548387096774,0.22132574653230694,0.13424293697898365,0.09081826519099938
11,31,amygdala,0.375,4.086021505376344,0.17167095237156932,0.12119134625929229,0.13903476461140846
11,31,amygdala,0.4,4.032258064516129,0.06211224977104476,-0.03416890968929067,-0.007086247433463304
11,31,amygdala,0.425,3.870967741935484,-0.15311653628423116,-0.01911522086630325,-0.024123575678435108
11,31,amygdala,0.45,3.9516129032258065,-0.19228662922946121,-0.033806490708025196,-0.0427396674434241
11,31,amygdala,0.475,2.39247311827957,-0.2586586822445541,0.014539985096587356,-0.05050731665130345
11,31,amygdala,0.5,0.8333333333333335,-0.08002934990691596,0.0880235321433341,0.08268435203652928
11,31,amygdala,0.525,-0.5913978494623655,0.12122652147289435,0.07537983237757699,0.10419417957995097
11,31,amygdala,0.55,-0.5645161290322581,0.135953550409378,-0.026726982829960694,0.06241518147395275
11,31,amygdala,0.575,1.1559139784946237,0.35854545802601656,-0.03704732042340778,0.05792087628751505
11,31,amygdala,0.6,1.1827956989247312,0.15198867608290245,-0.20056558461258353,-0.10389580792291217
11,31,amygdala,0.625,2.7150537634408605,-0.05064064880743977,-0.2843096896763964,-0.2168747836896593
11,31,amygdala,0.65,4.274193548387097,0.07580832209411477,-0.1349571540506116,-0.09460756325858276
11,31,amygdala,0.675,4.247311827956989,0.021416414739072513,-0.15466414995664918,-0.08509813890044295
11,31,amygdala,0.7,4.193548387096774,-0.11497762230809205,-0.18900142520730862,-0.1846683245497935
11,31,amygdala,0.725,2.7150537634408605,-0.003980788432118185,-0.15485595991719253,-0.15179634566771324
11,31,amygdala,0.75,2.6612903225806455,-0.13165612058844717,-0.17958432360821427,-0.17090142845294368
11,31,amygdala,0.775,0.9139784946236561,-0.11438530029207054,-0.18227475370764834,-0.12664524673280694
11,31,amygdala,0.8,0.9677419354838711,-0.04279200242352891,-0.03758094195648027,0.042853309017258895
11,31,amygdala,0.825,0.7795698924731184,-0.017697812480963738,-0.028638278378286773,0.03039343333507656
11,31,amygdala,0.85,0.9408602150537635,0.0647561326685343,-0.03629087069146555,0.06444435542891691
11,31,amygdala,0.875,1.075268817204301,-0.003971147659702828,-0.023861417676996996,0.07192957021879123
11,31,amygdala,0.9,2.7150537634408605,-0.031706435796705366,0.01597089820088552,0.07265918107813393
11,31,amygdala,0.925,2.7150537634408605,0.12743482295198472,0.08593142393487364,0.15211340779905552
11,31,amygdala,0.95,0.9408602150537635,0.236025110340011,0.15361705928127845,0.19587759828575668
11,31,amygdala,0.975,0.7526881720430108,0.18679248454757608,0.12957214755725832,0.0887656124127688
11,31,amygdala,1.0,0.6720430107526882,0.18381494687352937,0.05179471703633907,0.008472940123879379
11,31,amygdala,1.025,0.7258064516129034,-0.09718832143508392,-0.07346518785644139,-0.11096304415816666
11,31,amygdala,1.05,0.8064516129032259,-0.25025416884861235,-0.09626501826092962,-0.1899141392865079
11,31,amygdala,1.075,0.967741935483871,-0.05214042971039096,0.06406079020860464,-0.03365049397500717
11,31,amygdala,1.1,-0.7258064516129032,-0.11055055383917253,0.031145259971101673,0.01260929457082466
11,31,amygdala,1.125,-0.8333333333333334,0.007643354064746462,-0.03574829410826945,-0.07708783554794876
11,31,amygdala,1.15,-0.9139784946236559,-0.010553873505807547,-0.0864783241637072,-0.10957573585264666
11,34,amygdala,-0.15,-0.8333333333333328,-0.10845048391441033,-0.08336454290669429,-0.13802548804982293
11,34,amygdala,-0.125,-0.7526881720430108,-0.1486201165490414,-0.09122073785012554,-0.1543312368394858
11,34,amygdala,-0.1,-1.1021505376344087,-0.16180347250157354,0.018316392449124905,-0.07118416156364452
11,34,amygdala,-0.075,-3.091397849462365,-0.11681105292806147,0.02866687348002393,-0.03272155738665795
11,34,amygdala,-0.05,-3.0107526881720434,-0.21175336321339755,0.025046655477020275,-0.01595295276233449
11,34,amygdala,-0.025,-2.956989247311828,-0.1881419505532229,0.03505702135775228,0.042396353223295075
11,34,amygdala,-0.0,-2.8763440860215055,-0.02269099950230059,0.08636049353957782,0.12311680437720855
11,34,amygdala,0.025,-0.9408602150537633,0.0019734954709554157,0.043806406046076135,0.10685439293396758
11,34,amygdala,0.05,-0.6989247311827957,0.09289970085774771,0.06513446631969973,0.12958854046410326
11,34,amygdala,0.075,-0.6451612903225812,0.11691800922039193,0.02064644343663591,0.10443593885375654
11,34,amygdala,0.1,-0.34946236559139776,0.07243769058625617,0.03508828336784428,0.05996064572408794
11,34,amygdala,0.125,-2.177419354838709,0.01241913283586216,-0.11016377279879427,-0.07187803845129564
11,34,amygdala,0.15,-2.526881720430108,-0.06264237274323342,-0.10032160360293205,-0.057144227714605186
11,34,amygdala,0.175,0.6989247311827951,-0.0952907903773314,-0.13664093324117887,-0.060444870869831364
11,34,amygdala,0.2,0.4838709677419355,-0.16944270720341348,-0.16667736048077117,-0.06501173615872309
11,34,amygdala,0.225,2.338709677419355,-0.076104318381249,-0.0283397736603483,0.0861173564918702
11,34,amygdala,0.25,4.03225806451613,-0.15939748521082822,-0.08085379684607227,-0.007060106819303904
11,34,amygdala,0.275,2.3655913978494625,-0.18699660888111494,-0.08501267831609031,-0.053729264032340435
11,34,amygdala,0.3,2.5000000000000004,-0.08668338631298347,-0.0012319682965558584,0.019501796013565078
11,34,amygdala,0.325,4.059139784946237,-0.09446290885109399,-0.02821619355292418,-0.09832599547998647
11,34,amygdala,0.35,2.6881720430107525,0.0620228628971113,-0.04492322628762815,-0.0954218411109536
11,34,amygdala,0.375,0.9677419354838714,-0.0007124659568459459,-0.16566152878069806,-0.18553141268829057
11,34,amygdala,0.4,2.553763440860215,0.1387136161468356,-0.16969229563567623,-0.15689958610748386
11,34,amygdala,0.425,2.661290322580645,0.08930123793919398,-0.09396428391093137,-0.04410355771034288
11,34,amygdala,0.45,2.3387096774193545,0.13941244398314573,-0.006925232101116262,0.018311662409693185
11,34,amygdala,0.475,2.311827956989247,0.09077054714244634,0.09188828297495642,0.07727973558261539
11,34,amygdala,0.5,0.10752688172043001,0.13642821051134668,0.20347957533652558,0.15981221250240138
11,34,amygdala,0.525,-1.6397849462365597,0.17417078025667734,0.24429988901341623,0.19286152094415077
11,34,amygdala,0.55,1.989247311827956,0.19921569609690823,0.29517761405527304,0.27332798319509366
11,34,amygdala,0.575,5.43010752688172,0.24583273486948273,0.2303314125668818,0.19526455572772075
11,34,amygdala,0.6,5.940860215053764,0.10060722402607945,0.11510303731878375,0.0871318741240168
11,34,amygdala,0.625,5.752688172043012,-0.00220151536446869,-0.02867211677058032,-0.11067856409703902
11,34,amygdala,0.65,3.9784946236559144,0.015619489383432938,-0.06929043797791562,-0.19471260645980995
11,34,amygdala,0.675,4.005376344086022,-0.12143350148515368,-0.10069906073763543,-0.2374894921529959
11,34,amygdala,0.7,4.274193548387097,-0.21477593818132923,-0.09837365051736065,-0.23019172936466065
11,34,amygdala,0.725,4.650537634408602,-0.04781829706230276,0.099038999155514,0.04425764063460786
11,34,amygdala,0.75,4.596774193548388,-0.10333742120636337,-0.02760762439475949,0.024812583147534553
11,34,amygdala,0.775,1.021505376344086,-0.05825549079426523,-0.00018278280392642607,-0.006997970207468885
11,34,amygdala,0.8,0.8064516129032255,-0.008264887837485378,-0.1340951896923656,-0.11727771222558366
11,34,amygdala,0.825,0.5107526881720426,-0.18419721014205617,-0.27330736490104496,-0.21938588914095997
11,34,amygdala,0.85,-1.1827956989247308,-0.13110663575540615,-0.1880914855458714,-0.21943574550796077
11,34,amygdala,0.875,-0.8602150537634412,-0.27037620670564466,-0.23742998267372953,-0.18268734193902803
11,34,amygdala,0.9,0.45698924731182755,-0.3977693292645297,-0.18993373420969525,-0.16876260864467785
11,34,amygdala,0.925,2.3118279569892475,-0.22098336107682176,-0.16033509560924422,-0.1077610714296811
11,34,amygdala,0.95,2.311827956989248,-0.24723053090409164,-0.16343151589994515,-0.10575133621250435
11,34,amygdala,0.975,3.7096774193548394,-0.265816628505698,-0.13832998208367614,-0.10061066446063568
11,34,amygdala,1.0,7.311827956989247,-0.15479019616440956,-0.08192029312839166,-0.09296747415805132
11,34,amygdala,1.025,4.005376344086022,-0.14628216094752824,-0.017061491166789643,-0.047834500348898815
11,34,amygdala,1.05,4.112903225806452,-0.1784448204249952,-0.07785349475970138,-0.10234643473289141
11,34,amygdala,1.075,4.327956989247312,-0.004100457692993562,0.021422262947370214,-0.006781526184566275
11,34,amygdala,1.1,-0.8870967741935483,0.10506778593375195,0.017233616027785875,0.02644917505170763
11,34,amygdala,1.125,-1.1559139784946242,0.05837995598682804,-0.026116666227781356,-0.06857245829816674
11,34,amygdala,1.15,-1.0752688172043017,0.1611077616175478,0.010371409629784056,0.013438643555384353
11,65,hippocampus,-0.15,-0.913978494623656,-0.18405840051248518,-0.04371495146121378,-0.17076513361036147
11,65,hippocampus,-0.125,-0.9946236559139786,-0.13844976073205795,-0.0078007884928200455,-0.2542943168535352
11,65,hippocampus,-0.1,-0.9946236559139786,-0.188528545253483,0.006434227005026753,-0.14798722111561532
11,65,hippocampus,-0.075,-1.1021505376344087,-0.09194529262828446,0.04323385036351249,-0.0209322261940988
11,65,hippocampus,-0.05,-0.9946236559139785,-0.08358425021711346,-0.08822625670847115,-0.055816611386991954
11,65,hippocampus,-0.025,-0.9677419354838709,-0.11324409447870415,-0.018097597746409712,0.05889483447583566
11,65,hippocampus,-0.0,-1.1290322580645162,-0.2621810287628386,-0.1820978501419969,-0.08279692395446635
11,65,hippocampus,0.025,-0.9946236559139785,-0.37249972312058416,-0.26156332103351226,-0.12028197059580262
11,65,hippocampus,0.05,-1.0483870967741935,-0.10156790717372881,-0.1232084783549009,-0.028891422327256923
11,65,hippocampus,0.075,-1.021505376344086,0.10086503548127851,0.00702542535690497,0.024421716716860133
11,65,hippocampus,0.1,-0.9139784946236558,0.20391431551591108,0.15472097869884302,0.09918011455054042
11,65,hippocampus,0.125,-1.0752688172043012,0.20019707995455382,0.12254897137184322,-0.016823756859587292
11,65,hippocampus,0.15,-1.0752688172043012,0.1354010196801396,0.02224505283027712,-0.04966662738835457
11,65,hippocampus,0.175,-0.9139784946236559,0.037382226913305346,-0.08589527931897153,-0.07797360091661604
11,65,hippocampus,0.2,0.7258064516129032,0.03917656817860736,-0.12479517717985471,-0.10160264881811915
11,65,hippocampus,0.225,0.860215053763441,0.08336000703178086,0.07113002676137427,-0.005566948566482251
11,65,hippocampus,0.25,0.8064516129032259,-0.100672099999967,0.2108858834353348,0.008015014085736655
11,65,hippocampus,0.275,2.39247311827957,-0.13324692450896247,0.19861057635141968,-0.004013814568541746
11,65,hippocampus,0.3,2.258064516129032,-0.21954363284055273,0.19694606420231073,-0.09884301748188225
11,65,hippocampus,0.325,3.897849462365591,-0.16880817618852825,0.11270141242644517,0.006112910834436674
11,65,hippocampus,0.35,7.338709677419356,-0.07796339696953478,-0.07420577923480001,-0.04446036251022034
11,65,hippocampus,0.375,9.059139784946236,-0.059525638172360264,-0.12480532546722997,-0.09856686146858688
11,65,hippocampus,0.4,7.526881720430108,0.03540011097715253,-0.1024520858868179,0.08067655543700643
11,65,hippocampus,0.425,6.075268817204302,0.039190442289343125,-0.015255339951556385,-0.026565333363917153
11,65,hippocampus,0.45,2.688172043010753,-0.006624956202409604,0.20131625283015983,0.12622284975117246
11,65,hippocampus,0.475,0.8870967741935484,0.018726656141194255,0.3157522299362476,0.19350878012567396
11,65,hippocampus,0.5,0.8602150537634411,-0.01247272680490595,0.25194315617320706,0.16149366701553994
11,65,hippocampus,0.525,0.7258064516129034,0.04853747026239571,0.21813175169932444,0.13198634791801575
11,65,hippocampus,0.55,0.7526881720430109,0.07389192713784852,0.0980555023822301,0.09230771702824112
11,65,hippocampus,0.575,-0.9408602150537635,0.05987873321531911,0.07731859121089196,0.09676856270920128
11,65,hippocampus,0.6,-0.9408602150537634,-0.02783696674538854,0.09535520057798562,0.07504251158597548
11,65,hippocampus,0.625,-1.0215053763440858,-0.11855549721571464,-0.0019660944811892974,0.042439553729671835
11,65,hippocampus,0.65,-0.9408602150537633,-0.08325316482048682,-0.014740371990476606,0.005559714773970866
11,65,hippocampus,0.675,-1.0752688172043015,0.047463648831672194,0.05516878662902157,-0.03628419435479073
11,65,hippocampus,0.7,-1.0215053763440858,0.057840329175096926,-0.05200014059819394,-0.03181218104630331
11,65,hippocampus,0.725,-0.967741935483871,0.09939613073109181,0.17297028866007944,0.16956144736607232
11,65,hippocampus,0.75,-1.1559139784946237,0.12445556328157836,0.26553475478420463,0.3292863690119232
11,65,hippocampus,0.775,-1.0483870967741935,0.02043878205249241,0.17441859515582006,0.3455646886908759
11,65,hippocampus,0.8,-0.9946236559139786,0.2039236239736088,0.2827249325345112,0.3212623715893602
11,65,hippocampus,0.825,-0.9946236559139786,0.14067042314972206,0.20242192037938148,0.1707917159431659
11,65,hippocampus,0.85,-0.8333333333333333,0.114584698917772,0.04937506498592436,-0.005959555948738392
11,65,hippocampus,0.875,-0.8064516129032258,-0.022603640717600536,-0.04199503001640257,-0.10665264114341115
11,65,hippocampus,0.9,0.7526881720430109,-0.1377424709220231,-0.03335126210835369,-0.051111248784682616
11,65,hippocampus,0.925,0.7795698924731184,-0.19103296055486435,-0.05746110159170063,-0.014320800861089474
11,65,hippocampus,0.95,2.4731182795698925,-0.2236277006998392,-0.1013767166228889,-0.07906385689702862
11,65,hippocampus,0.975,2.60752688172043,-0.014574772141816513,0.13555747616548425,0.08282220102994903
11,65,hippocampus,1.0,1.0752688172043012,0.18241417172949023,0.05376684658554318,-0.027834487796053603
11,65,hippocampus,1.025,0.8870967741935484,0.24656498337550825,0.2138206698260692,0.07026572916795601
11,65,hippocampus,1.05,-0.8870967741935484,0.19404713028326662,0.15340883032780336,0.1732617377819897
11,65,hippocampus,1.075,-0.9408602150537634,0.19666578240879573,0.16625504807656852,0.15778660435343156
11,65,hippocampus,1.1,-0.9139784946236559,0.2045502106600618,0.15724869550460474,0.120763075582865
11,65,hippocampus,1.125,-0.7258064516129032,0.11316108473192274,-0.06302530170850999,-0.015289635957494666
11,65,hippocampus,1.15,-0.7526881720430109,0.11590484020264726,0.21881212116446266,-0.0782238427705109
11,68,hippocampus,-0.15,2.204301075268817,0.06617986773427426,0.008962724225648044,0.12747602195859786
11,68,hippocampus,-0.125,2.150537634408602,0.11547981970552322,0.11603129926476642,0.11978136026762008
11,68,hippocampus,-0.1,1.9354838709677418,-0.1293241614595686,0.15184942701708445,0.20082226805506667
11,68,hippocampus,-0.075,1.881720430107527,0.008231208707507405,0.15038934457016828,0.026459396967367033
11,68,hippocampus,-0.05,-1.6666666666666665,0.03443154287183343,-0.05444234543499309,-0.09972995123582812
11,68,hippocampus,-0.025,0.026881720430107503,-0.0018547528919473097,-0.17776059238329794,-0.22781203998918043
11,68,hippocampus,-0.0,0.18817204301075274,0.03421450520502625,-0.22849433428523078,-0.2601061512971647
11,68,hippocampus,0.025,0.13440860215053774,-0.10948975508327476,-0.08364476598213633,-0.17845478353202388
11,68,hippocampus,0.05,0.21505376344086002,-0.22442611998904652,0.10884138726149126,-0.13137336889910278
11,68,hippocampus,0.075,-1.5053763440860217,-0.177919863018337,0.14352813691943164,-0.11871214632257446
11,68,hippocampus,0.1,-0.026881720430107503,-0.1836402047366839,0.21531148642315545,-0.14544836505593878
11,68,hippocampus,0.125,1.532258064516129,-0.17922547816780207,0.14490401145113027,-0.12605773042341412
11,68,hippocampus,0.15,3.252688172043011,-0.017250192244304956,0.010238135736959971,-0.08769069905953476
11,68,hippocampus,0.175,3.198924731182796,-0.013878465487412145,-0.07921074470348997,-0.18049966012500462
11,68,hippocampus,0.2,5.10752688172043,0.0276399614536871,-0.174231921563105,-0.21968490420829662
11,68,hippocampus,0.225,3.6021505376344085,0.14287299595915695,-0.21931113611082156,-0.1996307614771782
11,68,hippocampus,0.25,2.204301075268817,0.06319749328701697,-0.18754223238045503,-0.19640816743168057
11,68,hippocampus,0.275,2.446236559139785,-0.10156662310262979,-0.0293797237449415,-0.013886510051320007
11,68,hippocampus,0.3,2.258064516129032,0.2253384037548108,-0.09852326522891543,-0.07884075846359966
11,68,hippocampus,0.325,2.17741935483871,0.028330881398046227,-0.03059293814063609,-0.12444070690027899
11,68,hippocampus,0.35,3.575268817204301,-0.07692496912907738,0.005523509166886467,-0.0030985539228875307
11,68,hippocampus,0.375,3.440860215053763,-0.24526858174344524,0.08854846578819467,0.11863360717647284
11,68,hippocampus,0.4,1.8010752688172047,-0.3682862247008181,0.14017144757855005,0.1348195446491311
11,68,hippocampus,0.425,1.9086021505376345,-0.14717831211920673,0.07160393492421865,0.11729121584814094
11,68,hippocampus,0.45,1.8010752688172043,-0.06499226477529559,0.06379525361995318,0.015942012205242034
11,68,hippocampus,0.475,1.7741935483870965,0.08122716692216625,-0.00725145927219872,-0.030548125068329685
11,68,hippocampus,0.5,0.053763440860215006,0.09178138054315964,-0.05548749931534029,-0.10725045801029762
11,68,hippocampus,0.525,-0.10752688172043023,0.10001231533318514,-0.01773813333984646,-0.17732830459924234
11,68,hippocampus,0.55,-1.774193548387097,0.14485763354429854,0.002986755330810279,-0.2075528280330036
11,68,hippocampus,0.575,-0.18817204301075274,0.15297023159233464,-0.12171968358210716,-0.10765560262447277
11,68,hippocampus,0.6,1.6129032258064517,0.08359590996245622,-0.009454140820857585,-0.10700489526255147
11,68,hippocampus,0.625,1.639784946236559,-0.06929682631477498,0.06045440167707625,0.16760535400882737
11,68,hippocampus,0.65,1.5053763440860213,0.06216909091027112,0.00010590986526451639,0.03179943704567104
11,68,hippocampus,0.675,3.198924731182795,0.03131718292081029,0.06812019890427953,-0.1476115177976628
11,68,hippocampus,0.7,1.5860215053763438,0.002461797950001427,-0.034063791199476265,-0.05469472836742301
11,68,hippocampus,0.725,3.333333333333333,-0.09317645691097337,-0.09440281371151839,-0.06113122051412359
11,68,hippocampus,0.75,5.349462365591398,-0.12916016236234104,-0.029385501443296463,0.001496483869797505
11,68,hippocampus,0.775,1.9086021505376345,-0.09999790167950263,-0.1432380366891247,0.0729083506816352
11,68,hippocampus,0.8,1.8548387096774195,-0.09137945258545369,-0.15013507672547374,0.09956268714534507
11,68,hippocampus,0.825,0.13440860215053774,-0.010209153458534955,-0.17064259700825893,-0.041898365793827455
11,68,hippocampus,0.85,-1.6129032258064517,-0.02700998817333203,-0.27268508498819555,-0.007836397366340599
11,68,hippocampus,0.875,0.16129032258064502,0.11626516404796665,-0.27277387999056235,-0.03431662663240729
11,68,hippocampus,0.9,1.9086021505376345,0.2478210672146693,-0.3141596098654632,-0.20587169465607902
11,68,hippocampus,0.925,12.06989247311828,0.11084859651301542,-0.10085949433098881,0.005395775416884176
11,68,hippocampus,0.95,13.575268817204302,-0.05793827683190336,-0.0582657659143258,-0.02076826597695641
11,68,hippocampus,0.975,11.935483870967742,-0.12978375103107276,0.006875237599291641,0.07399065225904337
11,68,hippocampus,1.0,9.973118279569892,-0.07896977797458177,0.19377681864430416,0.033414386836851016
11,68,hippocampus,1.025,-0.16129032258064502,-0.14744451812067683,0.22855093440032984,0.02296114955808418
11,68,hippocampus,1.05,0.02688172043010728,-0.1402901083076975,0.3088206073720392,0.20460203331665536
11,68,hippocampus,1.075,-0.02688172043010728,-0.25274001523366896,0.302342202602665,0.17781866098590834
11,68,hippocampus,1.1,0.08064516129032251,-0.44876700885452186,0.2278799049363571,0.23615382980521055
11,68,hippocampus,1.125,-0.10752688172043001,-0.31662273252420037,0.16760497548341613,0.05533497599492259
11,68,hippocampus,1.15,-0.37634408602150526,-0.27640657118244255,0.18159115667326406,0.08129294922054672
12,14,amygdala,-0.15,0.7526881720430109,-0.023609668604428043,0.037340322699406736,0.07679757707940976
12,14,amygdala,-0.125,0.6451612903225807,0.0885008176315284,0.16921287858562054,0.215488934742403
12,14,amygdala,-0.1,0.6720430107526882,-0.006411641346026639,0.008634343679315874,0.08471915431883198
12,14,amygdala,-0.075,-0.967741935483871,-0.005484618500628926,0.029468706970946765,0.05775155048229809
12,14,amygdala,-0.05,-0.8064516129032258,-0.0011606750588356155,0.05510152121419606,0.08066691658907528
12,14,amygdala,-0.025,-0.6720430107526882,-0.17902554980539667,-0.24153438255298268,-0.18837975329037415
12,14,amygdala,-0.0,-0.6989247311827957,-0.1472750054426926,-0.26675598330955697,-0.1263006683843795
12,14,amygdala,0.025,-0.7526881720430108,-0.041914147460113696,-0.08275510195538806,-0.010731929648393264
12,14,amygdala,0.05,-1.0752688172043012,-0.06550398575557073,-0.11111333935727098,0.032430209094705884
12,14,amygdala,0.075,-1.1021505376344087,-0.013061599118113798,-0.02013547156161253,0.13242623412927743
12,14,amygdala,0.1,-0.9946236559139785,0.042646193646768304,-0.015031727661633187,0.12470141112553375
12,14,amygdala,0.125,-0.9408602150537634,0.12199070648734596,-0.040399151753589255,0.21029656624606807
12,14,amygdala,0.15,-0.8064516129032256,0.09934403241073196,0.03999105665421634,0.07865595446580943
12,14,amygdala,0.175,-0.8602150537634409,0.08845708659691283,0.049014305911005966,0.0605232697768351
12,14,amygdala,0.2,-1.0215053763440862,0.1373287026982852,0.13721501999737604,0.10504281564007908
12,14,amygdala,0.225,2.3655913978494625,0.07035425640209608,0.1807386488958338,0.1315768174834303
12,14,amygdala,0.25,9.005376344086022,0.23352728096469305,0.15266571849868946,0.22948277872088446
12,14,amygdala,0.275,18.951612903225808,0.21923056828763,0.11990372376941259,0.21749448303960384
12,14,amygdala,0.3,20.672043010752688,0.13489744416867172,0.13918796760739072,0.22657915554340408
12,14,amygdala,0.325,17.36559139784946,0.12417405384510145,0.021771511036681037,0.12131459660881437
12,14,amygdala,0.35,12.473118279569894,-0.07229775029870134,0.06094834559079381,0.055784220569458004
12,14,amygdala,0.375,5.967741935483871,-0.07277367525579438,0.14315288139655014,0.12369403111990705
12,14,amygdala,0.4,9.327956989247312,-0.07217782405643977,0.1021090167537107,0.07601275812077761
12,14,amygdala,0.425,9.301075268817204,-0.07294322128861866,0.09400557643570731,0.020272136916461937
12,14,amygdala,0.45,12.71505376344086,-0.04493490632180678,0.08787409161335982,0.02731643160159801
12,14,amygdala,0.475,11.021505376344086,0.000911840440286674,0.05416332215302844,0.08325103219817333
12,14,amygdala,0.5,7.607526881720431,0.17241774015070074,0.0925891126519547,0.19406823154808792
12,14,amygdala,0.525,7.607526881720431,0.16972082326141635,0.13427144225803636,0.17239335025213906
12,14,amygdala,0.55,5.913978494623656,0.1746916992552889,0.14581096999136725,0.17206061586895707
12,14,amygdala,0.575,4.220430107526882,0.13003109871332727,0.02292332280134009,0.03626219372568845
12,14,amygdala,0.6,7.553763440860216,0.0908254089589242,-0.03664460574507861,-0.07945711542744766
12,14,amygdala,0.625,7.607526881720431,-0.03524800348806069,-0.15380389695920746,-0.18381067558078262
12,14,amygdala,0.65,5.913978494623656,-0.03841648014686783,-0.1425302715896754,-0.06551624383256092
12,14,amygdala,0.675,7.607526881720431,0.039942566615035875,0.039106073073359726,0.021898205930307623
12,14,amygdala,0.7,2.6612903225806455,-0.05347064965061451,0.09900918756227853,0.12084619637349284
12,14,amygdala,0.725,2.553763440860215,0.054854009775535124,0.17447429880082366,0.2015800727334082
12,14,amygdala,0.75,0.9408602150537635,-0.005229915571568409,0.18330061666897035,0.18837204995049123
12,14,amygdala,0.775,-0.7526881720430108,-0.061896121556292205,0.10353935188359856,0.12451894591799265
12,14,amygdala,0.8,-0.7795698924731183,-0.011278817445845558,0.15871987338671134,0.09346601802978183
12,14,amygdala,0.825,0.9946236559139786,-0.01887405850843008,0.13047718708001663,0.06853623500243129
12,14,amygdala,0.85,0.913978494623656,0.1671803783794412,0.08564472333413087,0.02142585607742136
12,14,amygdala,0.875,0.860215053763441,0.18640200352903924,0.049601290711799265,-0.00800210621210522
12,14,amygdala,0.9,4.193548387096774,0.20250924063279357,0.0991687393799201,0.05190863701917693
12,14,amygdala,0.925,2.338709677419355,0.01883371480991653,0.00798662793443077,-0.10207023785705141
12,14,amygdala,0.95,3.844086021505376,-0.15615967783765952,-0.0036002231201765884,-0.08888050827935953
12,14,amygdala,0.975,5.591397849462366,-0.19733734815899842,-0.05296341625350065,-0.09518757673660017
12,14,amygdala,1.0,7.311827956989248,-0.25671810730447836,-0.1416148451704173,-0.16494503824241077
12,14,amygdala,1.025,10.672043010752688,-0.18955079785938517,-0.246880566966886,-0.22985725114000455
12,14,amygdala,1.05,12.446236559139786,-0.07760952415045583,-0.16081381991249716,-0.12041669976320261
12,14,amygdala,1.075,12.39247311827957,0.06052949561027187,-0.09003249758488163,-0.08642885384816167
12,14,amygdala,1.1,9.032258064516128,0.08999859816011836,-0.11179513365202204,-0.11138498379061526
12,14,amygdala,1.125,5.833333333333334,0.06865693725294435,0.016798389176897126,-0.020761711487235834
12,14,amygdala,1.15,5.994623655913979,0.008716978659349152,-0.006253484690402652,-0.05075429241150031
12,15,amygdala,-0.15,-0.18817204301075272,-0.10964423342564474,0.0270550705855487,0.11534003775944444
12,15,amygdala,-0.125,-0.24193548387096775,-0.05011891830650453,0.059648876843609984,0.13939730260184235
12,15,amygdala,-0.1,-0.21505376344086022,0.11291791431569304,0.0,0.00806556530826379
12,15,amygdala,-0.075,-0.24193548387096775,0.07291906667472307,-0.052450556730941164,-0.0805947579036413
12,15,amygdala,-0.05,-0.1881720430107527,-0.0014239510834499315,0.02135926625174897,-0.09540472259114541
12,15,amygdala,-0.025,-0.2150537634408602,-0.19247754076126397,0.02514966436270211,-0.0866929123743509
12,15,amygdala,-0.0,-0.32258064516129037,-0.14372104127412252,-0.10037660025494273,-0.04562572738861032
12,15,amygdala,0.025,-0.3494623655913979,-0.04661015847697694,-0.12528546143811534,-0.07327601746380535
12,15,amygdala,0.05,-0.456989247311828,0.0020276432288111944,-0.06589840493636381,0.009124394529650373
12,15,amygdala,0.075,1.129032258064516,0.11066407690217024,-0.011611650404881003,0.11571262055646632
12,15,amygdala,0.1,1.2096774193548387,0.06120307458141332,0.0015975280488187932,0.11874958496219695
12,15,amygdala,0.125,1.2096774193548387,-0.017876192282185645,-0.04826917683932526,0.09024538076693334
12,15,amygdala,0.15,1.2903225806451613,0.05457510717080287,-0.10342863052531187,0.014964142288768528
12,15,amygdala,0.175,-0.2688172043010753,0.04620427355990823,-0.18444614110668092,-0.12670110341048876
12,15,amygdala,0.2,-0.3225806451612903,-0.08476675164891241,0.03942639611577322,-0.12379888380352788
12,15,amygdala,0.225,-0.48387096774193555,0.09981883649866788,0.3625581307461381,0.3169053100167669
12,15,amygdala,0.25,-0.6989247311827957,0.15351655231456657,0.5070945690816268,0.4711651632207708
12,15,amygdala,0.275,-0.8064516129032258,0.09988389855814069,0.5096105110803466,0.49369821936493874
12,15,amygdala,0.3,0.7526881720430108,0.21429180125574646,0.4536954536258473,0.4992031742457597
12,15,amygdala,0.325,2.553763440860215,0.21902425810802525,0.28333364263823063,0.39017936198036773
12,15,amygdala,0.35,2.7150537634408605,0.15457615852385467,0.18934674791728184,0.28168453829320433
12,15,amygdala,0.375,2.7150537634408605,0.11891910888041927,0.10389774775868212,0.25282663730116844
12,15,amygdala,0.4,1.0752688172043012,0.040847291654762904,0.14703119212278187,0.2966351918847829
12,15,amygdala,0.425,-0.5913978494623655,-0.052940893883754336,0.20207545445829722,0.19526251770111985
12,15,amygdala,0.45,-0.6989247311827956,0.028269982129180055,0.0809157637808918,0.03475037761199946
12,15,amygdala,0.475,0.9677419354838711,0.19989140147936493,0.05085639791908326,0.059182710417025046
12,15,amygdala,0.5,2.634408602150538,0.1398060006265318,-0.04187083267495116,0.0003548375650419589
12,15,amygdala,0.525,4.327956989247312,0.16078168125796435,-0.03996503005667015,0.05520150577389414
12,15,amygdala,0.55,4.489247311827957,0.1171396445686033,-0.030324319255928576,0.17191480231054174
12,15,amygdala,0.575,2.741935483870968,0.05126851200105131,0.1538055360031539,0.28166796954794454
12,15,amygdala,0.6,2.8225806451612905,-0.021231163968609384,0.2608400144714867,0.2262316208745355
12,15,amygdala,0.625,1.0483870967741935,-0.06264693046530867,0.1901859775549615,0.09651182169742675
12,15,amygdala,0.65,2.553763440860215,-0.1116800129821972,0.31291942131133754,0.185434809150268
12,15,amygdala,0.675,4.381720430107527,-0.04278000285579869,0.19293357723580498,0.0803864692983431
12,15,amygdala,0.7,6.075268817204302,-0.04791286422383395,0.12320887881824989,0.10194486819528398
12,15,amygdala,0.725,6.209677419354839,-0.10384479668492529,0.06365215521114917,0.07292992900559049
12,15,amygdala,0.75,4.67741935483871,-0.002773444721727829,-0.09220753889908824,-0.02347929915106573
12,15,amygdala,0.775,3.0376344086021505,-0.1082197988263155,0.02977279853555027,0.01951909613534001
12,15,amygdala,0.8,1.4516129032258065,-0.0010555516064637747,0.029830806269628418,0.013263235402957867
12,15,amygdala,0.825,1.3978494623655915,0.16673671170089124,0.03739888860580738,0.027010308437527553
12,15,amygdala,0.85,1.370967741935484,0.1493509059928663,0.01566921503149258,0.12807708508109175
12,15,amygdala,0.875,1.3978494623655915,0.12007423793030679,-0.01960395721311131,0.1886880881761964
12,15,amygdala,0.9,1.370967741935484,0.19699739153065357,0.1097051342056933,0.22530839390631638
12,15,amygdala,0.925,1.317204301075269,0.01660530962837107,0.06088613530402726,0.09409675456076941
12,15,amygdala,0.95,1.3440860215053765,0.1380263653977699,0.13111174979017448,0.12453906572361402
12,15,amygdala,0.975,2.956989247311828,0.25065629017531044,0.20860106162321798,0.11632903897799138
12,15,amygdala,1.0,1.2365591397849462,0.07030007194847504,0.19484904334851896,0.16169693812811575
12,15,amygdala,1.025,1.3440860215053765,0.11985624419195058,0.2168451786367527,0.2748019809269393
12,15,amygdala,1.05,1.370967741935484,-0.0436133063219126,0.10514556383852956,0.06543969401061638
12,15,amygdala,1.075,-0.24193548387096775,-0.16758592516471446,0.06524337544580486,0.05500912047391389
12,15,amygdala,1.1,-0.13440860215053765,-0.07447585863246903,0.0016550190807215338,-0.054615629663810616
12,15,amygdala,1.125,3.252688172043011,-0.16170726324484666,-0.0021000943278551513,-0.15750707458913635
12,15,amygdala,1.15,3.252688172043011,-0.19406297912106352,-0.09378202467062842,-0.14108436167555063
13,17,amygdala,-0.15,-1.8010752688172045,-0.11397776593921163,0.1308287430497183,0.026304615616242605
13,17,amygdala,-0.125,-0.29569892473118253,-0.11413390862808433,0.11233067772968522,0.05961269205295854
13,17,amygdala,-0.1,-0.34946236559139776,-0.08577884855436894,0.12971371081917996,0.050366290897551395
13,17,amygdala,-0.075,-0.43010752688172027,0.1272765775037124,0.1933335177283806,0.22952077309755653
13,17,amygdala,-0.05,1.0483870967741935,0.1683308383584775,0.2232853694502648,0.2388749375683335
13,17,amygdala,-0.025,-0.7526881720430108,0.11423160103948822,0.15213513114495125,0.12611064552614878
13,17,amygdala,-0.0,-0.5645161290322582,0.1322126245816718,0.11271571141592646,0.11643190157637726
13,17,amygdala,0.025,-0.5107526881720428,0.003435061392651955,0.21212169809198042,0.2357410737143237
13,17,amygdala,0.05,-2.069892473118279,0.0759768279766206,0.16983828085890265,0.24205960022831388
13,17,amygdala,0.075,-2.177419354838709,0.17904079163386707,0.3153000635161845,0.38945119178869225
13,17,amygdala,0.1,-2.473118279569892,0.144604218895022,0.3785035706086997,0.42481250265939435
13,17,amygdala,0.125,-0.8064516129032258,0.13978359276284344,0.2580924205677759,0.2774065343274676
13,17,amygdala,0.15,-0.7795698924731183,0.08019987549815344,0.21356244859024362,0.2127549798859751
13,17,amygdala,0.175,-0.40322580645161277,0.07905256012444198,0.1518703592673556,0.11998626513397001
13,17,amygdala,0.2,-0.3225806451612905,0.020220215719021512,-0.008669617557627957,-0.10400873494520431
13,17,amygdala,0.225,-2.28494623655914,0.07330712218782401,-0.14014673590799223,-0.16901581604385887
13,17,amygdala,0.25,-2.795698924731182,0.032902441121986585,-0.13894734592019395,-0.1692829299333731
13,17,amygdala,0.275,-3.6290322580645156,-0.16289725857719908,0.03070125715978253,-0.06622699758753088
13,17,amygdala,0.3,2.607526881720431,-0.18769407378106284,0.05314570554869272,-0.009256146104271591
13,17,amygdala,0.325,8.870967741935484,-0.11940621321574743,0.02916831989141895,-0.0654371589858278
13,17,amygdala,0.35,12.096774193548388,-0.03689484497472609,0.042677254797394676,-0.07821604791105247
13,17,amygdala,0.375,13.924731182795696,0.1278235865427266,0.00012813110118557196,-0.11952069118590153
13,17,amygdala,0.4,11.989247311827958,0.2675075903025212,0.11315175612700826,-0.022757918030505378
13,17,amygdala,0.425,7.338709677419353,0.32141914060143806,0.14549869148553266,0.08787089892732661
13,17,amygdala,0.45,12.392473118279572,0.3869896559672842,0.1728744348141904,0.11971567371026971
13,17,amygdala,0.475,17.473118279569896,0.3784606193347603,0.18448708658200766,0.17970550859297987
13,17,amygdala,0.5,12.688172043010754,0.28278534031655733,0.23143039496138013,0.24829244787740137
13,17,amygdala,0.525,11.048387096774194,0.1494909129423201,0.22462046733984786,0.23550324192026686
13,17,amygdala,0.55,4.704301075268818,-0.020022420445244046,0.22956475133566348,0.31545580109180005
13,17,amygdala,0.575,-1.9623655913978502,-0.08124392161399045,0.2731397036194929,0.3439137831556223
13,17,amygdala,0.6,3.2258064516129035,0.0383642611894313,0.246711710418189,0.2989332967195219
13,17,amygdala,0.625,4.838709677419355,0.07162349921303557,0.2851823995595517,0.24575732799991667
13,17,amygdala,0.65,4.704301075268818,0.013957417231845005,0.25485114956602284,0.1579702534861575
13,17,amygdala,0.675,9.973118279569894,0.015467373657472252,0.20397920177188078,0.12188907081569497
13,17,amygdala,0.7,8.14516129032258,-0.057342357061143524,0.20220050134323514,0.11702154998998256
13,17,amygdala,0.725,8.172043010752688,0.11566794948166476,0.05676129990206387,0.05642528127787133
13,17,amygdala,0.75,6.586021505376344,0.13510883725431153,0.04649099454067228,0.007855463461869529
13,17,amygdala,0.775,3.2258064516129035,0.15489414394228657,0.04911778202508343,0.07330476293874069
13,17,amygdala,0.8,1.8548387096774195,0.26576083968185954,0.022221752200244523,0.13631398919131477
13,17,amygdala,0.825,3.5215053763440864,0.2025065656899583,-0.030957072764183573,0.10413301054397299
13,17,amygdala,0.85,6.801075268817204,0.2354062826659488,0.01428885296531305,0.23350452885401868
13,17,amygdala,0.875,8.36021505376344,0.13640243240062028,0.03218571292039594,0.17377190196925307
13,17,amygdala,0.9,6.478494623655914,0.1569376713710474,-0.014323267446208526,0.01205627547630502
13,17,amygdala,0.925,4.973118279569892,0.10069333378158339,-0.008628655993525126,0.008063684470139552
13,17,amygdala,0.95,1.8010752688172045,0.0001287656465881977,-0.03976283166643545,-0.12413008331102257
13,17,amygdala,0.975,-1.4516129032258067,-0.048247834361358724,-0.06797849507271177,-0.14419759547546165
13,17,amygdala,1.0,0.32258064516129004,-0.018886822402969586,-0.09407090389171391,-0.1142548981630193
13,17,amygdala,1.025,0.6182795698924735,0.0646451029609178,-0.1514692575068009,-0.14140459310272302
13,17,amygdala,1.05,2.4193548387096775,0.02900788141322498,-0.14708887694858103,-0.09955694082854116
13,17,amygdala,1.075,2.553763440860215,0.03899533947146532,-0.186490395175953,-0.1807113795800483
13,17,amygdala,1.1,0.887096774193548,-0.017180163715441815,-0.09472517539468601,-0.104018082131675
13,17,amygdala,1.125,0.725806451612903,-0.030230829356190692,0.1525069894027451,0.13031516716450875
13,17,amygdala,1.15,-1.1021505376344087,0.0956923440452249,0.08243267418023027,0.1254489078633476
13,18,amygdala,-0.15,-2.9032258064516134,-0.047000822048109576,0.0570037609582932,-0.074775216061061
13,18,amygdala,-0.125,-3.2258064516129035,-0.15901082062343425,0.027736561321759747,0.1288047435326331
13,18,amygdala,-0.1,-3.521505376344086,-0.2267480984920081,0.027394115680197187,0.2134372358917619
13,18,amygdala,-0.075,-3.198924731182796,-0.18212243400228637,0.01512115097336125,0.16100939837451494
13,18,amygdala,-0.05,-3.467741935483871,-0.10638562920042725,0.10694973714027044,0.22628420768709823
13,18,amygdala,-0.025,-2.8494623655913975,0.005329844539691446,0.21413434238877985,0.15231859640392711
13,18,amygdala,-0.0,-2.6344086021505375,0.16964258574165167,0.2228873075498983,0.24301704566741367
13,18,amygdala,0.025,-2.6612903225806446,-0.0003112505441410631,0.10507299619295389,0.12180271294053605
13,18,amygdala,0.05,-1.0215053763440862,-0.04090170049068646,-0.03337745386954809,0.03889697042207866
13,18,amygdala,0.075,-1.2096774193548387,-0.0711540235375436,-0.022654070951231065,0.001608880182103466
13,18,amygdala,0.1,-1.2365591397849462,-0.07508412237382221,-0.04505047342429333,-0.0805025641946135
13,18,amygdala,0.125,-1.6666666666666663,0.037051698181642605,-0.05938035679457425,-0.08656530594587653
13,18,amygdala,0.15,-1.6397849462365597,0.024944609357117863,0.05492438188003912,-0.04076940787821426
13,18,amygdala,0.175,-1.8279569892473113,-0.0065648507601793445,0.06752051582637583,-0.006641782605025196
13,18,amygdala,0.2,-2.06989247311828,-0.053907145687377776,0.056914840511137044,-0.07138776517589321
13,18,amygdala,0.225,-0.456989247311828,0.08300162664647688,0.0644854840684726,-0.04840905514499039
13,18,amygdala,0.25,-2.715053763440861,-0.04297144069062937,-0.13559024232203945,-0.11280003181290209
13,18,amygdala,0.275,-3.387096774193548,0.01990042159618183,-0.21867501730881345,-0.15754500430310617
13,18,amygdala,0.3,-3.978494623655913,-0.037764336018783255,-0.250277792954672,-0.15306770967182023
13,18,amygdala,0.325,-2.3655913978494625,-0.059101250457396205,-0.28263271258338973,-0.1448146007763664
13,18,amygdala,0.35,7.849462365591397,-0.09274403690309112,-0.15145309811327606,-0.14667090421920553
13,18,amygdala,0.375,8.252688172043008,-0.11777003584370166,-0.18011587351329086,-0.21326822799716091
13,18,amygdala,0.4,10.21505376344086,-0.19655055539277821,-0.20128949097829418,-0.30536676278343666
13,18,amygdala,0.425,15.188172043010752,-0.25805572308971786,-0.19284104309414987,-0.252629738279361
13,18,amygdala,0.45,8.225806451612904,-0.1969415801375217,-0.18183767390028907,-0.24351195770232242
13,18,amygdala,0.475,14.758064516129032,-0.20364354907702095,-0.0961117841710893,-0.1788363873465245
13,18,amygdala,0.5,19.543010752688172,-0.16397452140523217,-0.07593297337800466,-0.05632013502810797
13,18,amygdala,0.525,19.596774193548388,-0.10704256408992902,0.03101280757886145,0.005652580691713663
13,18,amygdala,0.55,19.596774193548388,-0.12989245992279888,0.0397162362758852,0.0003818868872681269
13,18,amygdala,0.575,14.274193548387096,-0.12719690627217076,0.13934607012716183,0.050914420432132415
13,18,amygdala,0.6,12.688172043010752,-0.1987284880416666,0.13782987466175772,0.026924669016273946
13,18,amygdala,0.625,9.24731182795699,-0.3157969360011458,0.17075466121540572,0.0801636419646945
13,18,amygdala,0.65,9.892473118279572,-0.36412565568451355,0.16441349099038835,0.10808311472686007
13,18,amygdala,0.675,15.161290322580644,-0.37837994328540986,0.04805188458035994,0.06442568520843171
13,18,amygdala,0.7,13.46774193548387,-0.32503162480373315,0.12170877372112238,0.10099996481456015
13,18,amygdala,0.725,10.268817204301074,-0.1748913941379576,0.0441619224027589,0.017053883579163383
13,18,amygdala,0.75,17.983870967741936,-0.18384641740672036,0.0394573640454169,-0.04194726853765828
13,18,amygdala,0.775,19.838709677419352,-0.17624373485163417,0.08160751626757012,-0.0036388758423020044
13,18,amygdala,0.8,17.849462365591396,-0.1971660771194664,0.09793421484486077,-0.010508399774208236
13,18,amygdala,0.825,17.82258064516129,-0.22618552083533697,0.20478718346607433,0.08719822477974529
13,18,amygdala,0.85,11.612903225806452,-0.06501880768814512,0.2434425125067759,0.10066766913639498
13,18,amygdala,0.875,4.946236559139785,-0.18918870478599017,0.2385746949876327,0.15977820359354927
13,18,amygdala,0.9,5.672043010752689,-0.20079523845279834,0.20495706401950167,0.2183160102829939
13,18,amygdala,0.925,9.086021505376344,-0.2524404887474621,0.13638469165733855,0.1594173036952246
13,18,amygdala,0.95,5.672043010752687,-0.3314722251002096,0.11947379792474289,0.23423085393397633
13,18,amygdala,0.975,4.13978494623656,-0.2773437201318441,0.2194365074879348,0.29662045625576955
13,18,amygdala,1.0,4.13978494623656,-0.24965982423723015,0.067044917963707,0.09331547528866964
13,18,amygdala,1.025,-0.403225806451613,-0.12159736627247839,0.057780490199732575,0.10313011796605655
13,18,amygdala,1.05,1.263440860215053,-0.11210487372874277,0.09260614883002057,0.019652258165641277
13,18,amygdala,1.075,4.758064516129032,-0.08891928127323047,0.02905004200766151,-0.020383745274572727
13,18,amygdala,1.1,3.3064516129032264,-0.13491102180064599,0.08506489541507957,0.05619578766315017
13,18,amygdala,1.125,3.1989247311827964,-0.2074157824055673,0.09584713924584272,0.026013814168468992
13,18,amygdala,1.15,3.172043010752689,-0.2607424851876943,0.15246894671529077,0.12713997453835305
13,19,amygdala,-0.15,0.913978494623656,-0.32328750533515727,-0.03776267542439732,0.034512366898040735
13,19,amygdala,-0.125,-0.7526881720430108,-0.1808053277999833,-0.029834793461701106,0.08891534201468475
13,19,amygdala,-0.1,-0.5376344086021506,0.02869416658143851,-0.1649293876436206,0.154359719360223
13,19,amygdala,-0.075,-0.5913978494623655,0.07024603446807548,-0.12284439001188471,-0.11732949034805149
13,19,amygdala,-0.05,-0.6182795698924731,0.03607058307799179,0.043226677307941906,-0.03455555411939875
13,19,amygdala,-0.025,-0.8064516129032258,0.04918575796307079,0.10659370075040565,-0.014057283731806331
13,19,amygdala,-0.0,-0.9677419354838711,0.11127458920739687,0.031042020885986073,-0.10409558345208096
13,19,amygdala,0.025,-0.913978494623656,0.08432325008435847,-0.025477729185066456,-0.06908825661896399
13,19,amygdala,0.05,-0.9408602150537636,0.1345767104143356,0.042389518561965,-0.08841160720312675
13,19,amygdala,0.075,-0.9408602150537635,-0.016042958848235096,0.10187864378076303,-0.2900028291069651
13,19,amygdala,0.1,0.8602150537634411,-0.1316366342648778,0.17227134759693685,-0.16731211484855435
13,19,amygdala,0.125,0.7526881720430109,-0.1580395613936958,0.19155127534303354,-0.23347094619722303
13,19,amygdala,0.15,0.8602150537634409,-0.21638138013122338,0.06541542815675255,-0.31541832169994843
13,19,amygdala,0.175,0.860215053763441,-0.2403807931410038,0.08959981459786208,-0.14879259071492015
13,19,amygdala,0.2,0.7258064516129034,-0.09793553396916013,0.09736180500624765,0.026334159397682775
13,19,amygdala,0.225,0.7795698924731184,0.01682048272155726,0.12135192551711722,0.12562979915045444
13,19,amygdala,0.25,3.870967741935484,0.03460469933012896,0.1676566935235166,0.26652326988108216
13,19,amygdala,0.275,5.618279569892474,0.14752935905125228,0.11495978758665293,0.2783192088593553
13,19,amygdala,0.3,5.645161290322581,0.1417485713667466,0.09298307237864208,0.28892531199510524
13,19,amygdala,0.325,10.591397849462364,0.08318984210552244,0.2352712722046807,0.3569302265636125
13,19,amygdala,0.35,7.473118279569893,0.13944399859523884,0.3182503700267397,0.3686854637693626
13,19,amygdala,0.375,7.338709677419355,0.21294055281224883,0.2616702845628741,0.48438159835631134
13,19,amygdala,0.4,7.338709677419356,0.213127469406655,0.3774138618356306,0.3640077022160554
13,19,amygdala,0.425,2.446236559139785,0.12526367910886935,0.3746015356257934,0.34108198769770787
13,19,amygdala,0.45,4.032258064516129,0.14144386414324653,0.18970850694878105,0.221993639636267
13,19,amygdala,0.475,4.139784946236559,0.11692257270481331,-0.04972939044237744,0.185344363437002
13,19,amygdala,0.5,2.5,0.05831246953408594,-0.15534276876387118,0.14827101904776172
13,19,amygdala,0.525,2.39247311827957,0.24243250276116804,-0.17743497046863033,0.09653834976665526
13,19,amygdala,0.55,2.446236559139785,0.19661681452412028,-0.09017720390924737,0.18415376655326035
13,19,amygdala,0.575,0.6989247311827957,0.1435556934684032,0.10265419084640348,0.032091948211107474
13,19,amygdala,0.6,0.6182795698924732,0.11434076329316338,0.17942574858448537,-0.0709507730989487
13,19,amygdala,0.625,2.258064516129032,-0.019961458251122825,0.04855714948708459,0.12340567722703887
13,19,amygdala,0.65,0.537634408602151,-0.05871801846135294,-0.13147970612156054,-0.05166853884381763
13,19,amygdala,0.675,0.5376344086021505,-0.05521221867832576,-0.03807354210173729,0.11611872077949201
13,19,amygdala,0.7,4.005376344086022,0.03649073274773474,-0.07130601550938671,0.15181280721353302
13,19,amygdala,0.725,2.39247311827957,0.1507479225176505,0.11989625567903252,0.05513914924348746
13,19,amygdala,0.75,2.3655913978494625,0.17636308375818752,0.15742228099668965,0.18544897260167295
13,19,amygdala,0.775,2.28494623655914,0.043199619752961625,0.03828350867577698,0.08329135319276053
13,19,amygdala,0.8,0.5913978494623655,-0.016297984306770055,0.04553354378489366,0.07432104871162841
13,19,amygdala,0.825,0.6451612903225807,-0.0013260458073910467,-0.020454961922521466,0.12337868756853292
13,19,amygdala,0.85,0.5913978494623655,0.0425186164898428,-0.03481140096708828,0.13299960764545166
13,19,amygdala,0.875,0.7526881720430109,0.051464328873045535,0.06408657229787276,0.12014080787085549
13,19,amygdala,0.9,-0.8870967741935483,0.1602113060466341,0.1304872886640566,0.11470716360573838
13,19,amygdala,0.925,-0.9946236559139785,0.1552997032008058,0.22198540138509232,-0.004785381465313935
13,19,amygdala,0.95,-0.8602150537634409,0.06794739484117022,0.1386357673935554,-0.009665552981652666
13,19,amygdala,0.975,-0.8602150537634408,0.04999221783245775,0.0606679382880687,0.08064186688243757
13,19,amygdala,1.0,-0.8064516129032256,0.02991153193493313,-0.004153578205043752,0.11090630693328629
13,19,amygdala,1.025,-0.7258064516129032,0.10229179846502044,-0.08703491634440987,0.2041417953242317
13,19,amygdala,1.05,-0.7258064516129032,0.13467419582152734,-0.03177436552515911,-0.00865484602900187
13,19,amygdala,1.075,-0.7526881720430108,0.10576912886805362,-0.09378514076068113,-0.11882630994026543
13,19,amygdala,1.1,-0.8602150537634409,0.12713350815136593,-0.061743840684058374,-0.007027037106423787
13,19,amygdala,1.125,-0.8870967741935484,-0.0025833136350411345,-0.018855220209782992,-0.040026514713051145
13,19,amygdala,1.15,-0.9946236559139787,-0.12109344684173508,-0.07592344158195415,0.02886179904606562
13,20,amygdala,-0.15,-0.7258064516129032,-0.1473883276033078,-0.2830728301093125,-0.16646464095088054
13,20,amygdala,-0.125,-0.7258064516129032,-0.24299809927574997,-0.27131266040875035,-0.1975680198459358
13,20,amygdala,-0.1,-0.7258064516129032,-0.3206349961679455,-0.36279430041878324,-0.19806689667809096
13,20,amygdala,-0.075,-0.8064516129032258,-0.11464782319328692,-0.17389871257262485,-0.11767803253095913
13,20,amygdala,-0.05,-0.9408602150537634,0.04189650284306329,-0.052885274176987844,-0.010640841898549639
13,20,amygdala,-0.025,-0.9139784946236559,-0.02798573792841343,-0.0734919588456235,-0.027339008690571938
13,20,amygdala,-0.0,0.8064516129032259,-0.05645173537880483,-0.07499405322238413,-0.051044832152588135
13,20,amygdala,0.025,2.3655913978494625,-0.22353081071566602,-0.21923435937451088,-0.05299917828887953
13,20,amygdala,0.05,4.193548387096774,-0.28885301542863445,-0.2334648299288168,0.03724795007411322
13,20,amygdala,0.075,4.139784946236559,-0.11088589314565257,-0.06777965224588352,0.22639443947090504
13,20,amygdala,0.1,2.338709677419355,-0.043253629789885346,0.06818041054633532,0.28121940835231285
13,20,amygdala,0.125,0.806451612903226,0.1459419189154613,0.3414522765631562,0.45129731849242655
13,20,amygdala,0.15,-0.9946236559139785,0.1807753407995447,0.4116795165066868,0.2968080168540229
13,20,amygdala,0.175,-0.9408602150537635,0.168722311078395,0.328491663902379,0.2664140543023937
13,20,amygdala,0.2,-0.9946236559139785,0.2895513940652119,0.3705418564631625,0.25723913704634044
13,20,amygdala,0.225,-0.9139784946236559,0.2635979732502916,0.24770160692451065,0.17577989164945837
13,20,amygdala,0.25,0.8333333333333334,0.14295890249338924,0.15550121836860545,0.2906175018018478
13,20,amygdala,0.275,0.8870967741935484,0.16740361074261423,0.20626675982724463,0.3214852677729357
13,20,amygdala,0.3,1.075268817204301,0.09975461681362016,0.1429579738046515,0.34098410711727434
13,20,amygdala,0.325,2.741935483870968,-0.022504435208761105,0.014282900855990214,0.2709559792183787
13,20,amygdala,0.35,6.048387096774194,-0.06869645983826532,-0.16003188011347144,0.0383864466912867
13,20,amygdala,0.375,7.795698924731183,-0.20107483934952908,-0.3271971711512776,-0.1553959178956907
13,20,amygdala,0.4,7.795698924731183,-0.1919269858146931,-0.21786656158540157,-0.0812794936555989
13,20,amygdala,0.425,9.516129032258064,-0.11740381042296243,-0.025032651532712107,-0.03748150384480209
13,20,amygdala,0.45,4.650537634408602,-0.0499350596211791,0.051111341420766135,-0.005046628365970227
13,20,amygdala,0.475,4.46236559139785,0.016309682543047314,0.22722746676746597,0.11233250566803712
13,20,amygdala,0.5,4.408602150537634,-0.045451971733914034,0.2054293949222776,0.10479298464451109
13,20,amygdala,0.525,4.381720430107527,-0.04893144551129485,0.24286157817991297,0.15062735731846727
13,20,amygdala,0.55,5.913978494623656,-0.09131749552538537,0.23455378927034076,0.13784789588333946
13,20,amygdala,0.575,4.381720430107527,-0.04332338128402231,0.1892496811893564,0.1024739799865379
13,20,amygdala,0.6,5.887096774193549,0.08714038418127808,0.1564157043489903,0.005205288435607319
13,20,amygdala,0.625,2.553763440860215,0.07797276210703506,0.22776503313985397,0.05591571608808828
13,20,amygdala,0.65,2.60752688172043,0.14980256808950135,0.21606079946946521,0.06594788837584221
13,20,amygdala,0.675,2.553763440860215,0.05576479534770255,0.23664173964462937,0.08466970021594244
13,20,amygdala,0.7,1.0215053763440862,0.08920651498309987,0.3161309275208115,0.19300125394889184
13,20,amygdala,0.725,1.021505376344086,0.14152388376518166,0.3095815470157499,0.2990428660920594
13,20,amygdala,0.75,-0.725806451612903,0.02197548028232869,0.2930768379960566,0.19482108481064472
13,20,amygdala,0.775,-0.8602150537634409,0.0033739213533682177,0.08751658606171646,0.10385810079063905
13,20,amygdala,0.8,0.8333333333333334,-0.10473860887770466,-0.015985959486755588,-0.029817163049977637
13,20,amygdala,0.825,0.8064516129032259,-0.09464532344939383,0.002978450447689448,-0.06821519035047968
13,20,amygdala,0.85,0.7258064516129034,-0.085850412907841,-0.1830938430782507,-0.12210092237965053
13,20,amygdala,0.875,2.39247311827957,0.040332497593334085,-0.023304555571427583,-0.12682363167285915
13,20,amygdala,0.9,0.7258064516129034,-0.012143661958678949,-0.0171788388683751,-0.09735662648336026
13,20,amygdala,0.925,0.806451612903226,0.04751359974886283,-0.0920404562165271,-0.12294410608525506
13,20,amygdala,0.95,0.8870967741935485,0.17600444057944917,-0.07247412883129292,-0.20965106424570404
13,20,amygdala,0.975,-0.7526881720430108,-0.05247938646928764,-0.2422380880902656,-0.13057981900667487
13,20,amygdala,1.0,-0.6182795698924731,0.014956881633769608,-0.24636949639418343,-0.15324356742875153
13,20,amygdala,1.025,2.60752688172043,-0.09616025772443358,-0.18791598341668814,-0.0805032715954469
13,20,amygdala,1.05,2.634408602150538,-0.05815453091413511,-0.15915976881763297,0.03513757973127743
13,20,amygdala,1.075,4.435483870967742,0.005215655462781905,-0.1340591700885362,-0.03967263090722494
13,20,amygdala,1.1,4.193548387096774,0.0011747314054498853,-0.02042225366397493,-0.09048443953772964
13,20,amygdala,1.125,0.9139784946236559,0.0358275242627196,0.011700714349884662,-0.09776877219580174
13,20,amygdala,1.15,0.8870967741935484,-0.16171027140090014,-0.015058041466480578,-0.20459295470761657
13,25,amygdala,-0.15,-1.0752688172043012,-0.266277909267379,-0.22549505867137415,-0.2448117426500862
13,25,amygdala,-0.125,-0.9946236559139786,-0.20194370722327204,-0.16585261705607837,-0.19396809270301782
13,25,amygdala,-0.1,-1.0215053763440858,-0.3070965533690077,-0.295511838913658,-0.1666863300455208
13,25,amygdala,-0.075,-1.209677419354839,-0.20538413554417173,-0.29622282775864306,-0.19456270091745542
13,25,amygdala,-0.05,-1.3978494623655915,0.04829238890604136,-0.12988703349316752,-0.03286298437778937
13,25,amygdala,-0.025,-1.5591397849462367,-0.01684727018476888,-0.10469375043392087,-0.05497242381718416
13,25,amygdala,-0.0,-1.5053763440860215,-0.020828546497944415,-0.09093842847643635,0.02762406697340108
13,25,amygdala,0.025,0.21505376344086025,-0.0903438860300191,-0.13341924097260205,0.09668810708034896
13,25,amygdala,0.05,2.096774193548387,-0.18194785704119673,-0.13077153612295703,0.07415685957580351
13,25,amygdala,0.075,2.1774193548387095,-0.1937931326639055,-0.11010782808115131,0.2161893668673088
13,25,amygdala,0.1,2.1236559139784945,-0.14208337525504214,-0.09074749853759784,0.13488963462451697
13,25,amygdala,0.125,0.4838709677419355,-0.055314346274300846,0.13058404376346486,0.15839386562339935
13,25,amygdala,0.15,-1.3440860215053765,-0.008304172200018356,0.1724965670855298,0.13429189366366318
13,25,amygdala,0.175,-1.3172043010752692,0.13166676127395893,0.2034649575242073,0.1920863485252232
13,25,amygdala,0.2,0.21505376344086002,0.16924637855311772,0.400387025673257,0.3193169254336306
13,25,amygdala,0.225,0.29569892473118253,0.19127532313394416,0.20216201149580817,0.22756428434015755
13,25,amygdala,0.25,2.016129032258064,0.16642085972771847,0.19211438376443432,0.24202698943830953
13,25,amygdala,0.275,2.204301075268817,0.14446818488955024,0.2105643794657126,0.1671990965467947
13,25,amygdala,0.3,0.7795698924731185,0.16889321553651027,0.040746039466249474,0.1394067237726948
13,25,amygdala,0.325,2.39247311827957,0.1688712966935509,0.06738129082684455,0.32355705847618715
13,25,amygdala,0.35,5.752688172043011,0.027955931455033545,-0.08407079386736747,0.23405842611366778
13,25,amygdala,0.375,9.112903225806452,-0.013096274426654182,-0.19468835213601954,0.15637815156046633
13,25,amygdala,0.4,9.220430107526882,-0.13608424658680482,-0.2368047844962105,0.06796875460320034
13,25,amygdala,0.425,10.86021505376344,-0.1760188386561501,-0.2066497202154448,-0.07682573032062462
13,25,amygdala,0.45,7.607526881720431,-0.06336549559452005,-0.12186416014388622,-0.1846817343624618
13,25,amygdala,0.475,5.698924731182796,0.04138492929136462,0.039063708165059295,-0.0978883382869547
13,25,amygdala,0.5,5.537634408602151,-0.04139809416601978,0.20268116193009683,0.038697593922018485
13,25,amygdala,0.525,5.510752688172043,-0.0024350566612678956,0.27170702001775265,0.08570833155416187
13,25,amygdala,0.55,7.150537634408603,-0.08052146350049193,0.17808465966422127,0.03706359854262672
13,25,amygdala,0.575,5.698924731182796,-0.19819930399263938,0.08260745451658928,-0.011131500963228343
13,25,amygdala,0.6,7.231182795698925,-0.10690716865869569,0.010011850640128652,-0.0945563671567706
13,25,amygdala,0.625,7.419354838709678,-0.051944116512086684,0.06987615447041882,-0.029867132074861392
13,25,amygdala,0.65,5.752688172043011,-0.05008245604918303,0.15586005718754373,0.1129445732971231
13,25,amygdala,0.675,7.311827956989248,-0.057016490801697496,0.17155804368082614,0.1291488500765903
13,25,amygdala,0.7,5.806451612903226,0.008441329973154705,0.16154959086554696,0.10344995422273044
13,25,amygdala,0.725,2.338709677419355,-0.00812823481270082,0.12319798409494272,0.10170205997354927
13,25,amygdala,0.75,0.5913978494623655,-0.06757467511789098,0.03773907294595667,-0.0617882054440532
13,25,amygdala,0.775,-1.1559139784946237,-0.07886605335954049,-0.11277533233371814,-0.04472957653628961
13,25,amygdala,0.8,3.736559139784946,-0.13247918414428775,-0.11942060125995169,-0.04669348293610142
13,25,amygdala,0.825,5.376344086021506,-0.14479412293112584,-0.044077275445272936,-0.04800982046641253
13,25,amygdala,0.85,5.268817204301075,-0.05025452215779224,-0.10806221991933296,0.0015815313538534725
13,25,amygdala,0.875,6.96236559139785,0.014592688653451154,-0.06769159671461235,-0.04451177656304095
13,25,amygdala,0.9,2.043010752688172,-0.04116602955264247,-0.06262259402769352,-0.10597249782716052
13,25,amygdala,0.925,0.5376344086021503,-0.005765112838268817,-0.1798939093417085,-0.10696243333914282
13,25,amygdala,0.95,0.6989247311827957,0.03440803065593569,-0.208160026256805,-0.1819117773318789
13,25,amygdala,0.975,-0.967741935483871,0.10600899894005064,-0.10506095098205019,-0.09988978030204772
13,25,amygdala,1.0,-0.8870967741935484,0.16484038509172078,-0.11353475941812562,-0.13880989777374725
13,25,amygdala,1.025,2.28494623655914,0.06514550147951444,-0.073131456532908,-0.11335375762600738
13,25,amygdala,1.05,3.817204301075269,0.09499269613619919,-0.06248642869742385,0.011214801063420361
13,25,amygdala,1.075,5.564516129032258,0.08737206549804817,-0.07968787732721005,0.025357820963765775
13,25,amygdala,1.1,6.989247311827958,0.11303497922773928,0.06667994042772002,0.023643812689713967
13,25,amygdala,1.125,3.6021505376344085,0.14777067142015451,-0.001500348334522521,-0.02637885162696869
13,25,amygdala,1.15,2.096774193548387,-0.011012490542081723,-0.04287200919989526,-0.12593139060186487
13,26,amygdala,-0.15,-0.9408602150537634,-0.21639015410243248,-0.16898931233208409,-0.27294960794106754
13,26,amygdala,-0.125,-0.9408602150537634,-0.21219774986068513,-0.1782461098829755,-0.2536785325909267
13,26,amygdala,-0.1,-0.9946236559139785,-0.28245691917060833,-0.3890161488587341,-0.22427604105625826
13,26,amygdala,-0.075,-1.1559139784946237,-0.18413420261995553,-0.26429303810918764,-0.1942808906565672
13,26,amygdala,-0.05,-1.3172043010752692,0.015099019765300238,-0.08573885758920488,-0.017989724292857716
13,26,amygdala,-0.025,-1.4516129032258067,-0.08489855954395747,-0.036613192021226794,-0.07471293469594702
13,26,amygdala,-0.0,0.21505376344086025,-0.13388264371576433,0.0373524086783192,-0.015335299750629583
13,26,amygdala,0.025,0.16129032258064524,-0.14405463663908852,-0.05367907898039998,0.0022445156450242817
13,26,amygdala,0.05,0.16129032258064457,-0.2143926210647758,-0.08587609531292256,0.05075726364431088
13,26,amygdala,0.075,0.21505376344086002,-0.17966282811467485,-0.09983373664109096,0.20321362824421635
13,26,amygdala,0.1,-1.5053763440860217,-0.04724427356840118,-0.0808899669663431,0.17815758901893375
13,26,amygdala,0.125,-1.5860215053763442,0.003933860567377804,0.13910345053897843,0.30761719198644805
13,26,amygdala,0.15,-1.6935483870967742,0.05608231860683764,0.18631733111995158,0.15223489250044822
13,26,amygdala,0.175,-1.7473118279569892,0.15315232681863206,0.2769696396223706,0.17488593209244002
13,26,amygdala,0.2,-0.053763440860215006,0.12107596488936408,0.35998885161003047,0.21602543370709
13,26,amygdala,0.225,1.9086021505376345,0.11705948248208807,0.2199742774975905,0.13096029602683604
13,26,amygdala,0.25,3.629032258064516,0.07646328446107914,0.17283944547615662,0.12639407940244812
13,26,amygdala,0.275,3.870967741935484,0.0994433496584195,0.26214109992220846,0.16877083826579503
13,26,amygdala,0.3,2.28494623655914,0.07474483362880381,0.09798363024923769,0.17147845525787142
13,26,amygdala,0.325,3.870967741935484,-0.07925630853387035,-0.0223887877214323,0.12543318320932448
13,26,amygdala,0.35,7.365591397849463,-0.19924820994529768,-0.20654502160830504,0.0011030064141755302
13,26,amygdala,0.375,9.005376344086022,-0.169939192322735,-0.20217101153305514,-0.012469452684737875
13,26,amygdala,0.4,9.086021505376344,-0.18559422373275192,-0.1898196100122011,-0.012177328513690442
13,26,amygdala,0.425,10.725806451612902,-0.09498615298615595,-0.06066898137365679,0.028555664818841055
13,26,amygdala,0.45,5.752688172043011,-0.052031152338737674,-0.02574108591670258,0.01909232201878651
13,26,amygdala,0.475,5.672043010752688,-0.0727900360591287,0.025856493233075487,0.09404520156415974
13,26,amygdala,0.5,5.510752688172044,-0.06799549007006775,0.1341448202175982,0.05444751648467832
13,26,amygdala,0.525,4.032258064516129,0.03438012564957609,0.25332268756730436,0.11675398374956712
13,26,amygdala,0.55,7.28494623655914,-0.030738485029904873,0.2038372348296457,0.02600730807138495
13,26,amygdala,0.575,5.725806451612904,-0.04223909983455561,0.18819231372233763,-0.01481222487441511
13,26,amygdala,0.6,7.311827956989248,0.04696538620630316,0.15655128735434384,-0.00025805157256210523
13,26,amygdala,0.625,5.564516129032258,0.022097580280196562,0.11364469858386804,-0.04287043317114665
13,26,amygdala,0.65,3.924731182795699,0.159059365743048,0.1293197448946119,-0.001288156835242994
13,26,amygdala,0.675,5.483870967741936,0.015931462693868383,0.05976376527073757,-0.02590594368481207
13,26,amygdala,0.7,4.005376344086022,0.013341936575079838,0.1814841858859697,0.0317611428827482
13,26,amygdala,0.725,2.150537634408602,-0.0014055728103314154,0.2098713127583084,0.0267885641498458
13,26,amygdala,0.75,0.564516129032258,-0.11995414179504679,0.11912151239804275,-0.007993242211238656
13,26,amygdala,0.775,-1.1290322580645162,-0.028471695995009587,0.02494398341806693,0.024888428889296182
13,26,amygdala,0.8,0.37634408602150526,-0.1252589098563227,-0.012107723558008064,-0.027194548397783354
13,26,amygdala,0.825,2.1236559139784945,-0.13444821752231959,0.084708715036608,-0.015128524578756599
13,26,amygdala,0.85,1.8548387096774195,-0.012795680651655057,0.040091329229921334,0.024184647996997082
13,26,amygdala,0.875,3.548387096774193,0.05807758031049854,0.05252704233210591,0.041019829450072404
13,26,amygdala,0.9,1.9623655913978493,0.05153251443939782,0.024699501347545772,-0.0852037061988982
13,26,amygdala,0.925,0.3763440860215055,0.14767628771897107,0.011175055404742767,-0.05198470217909968
13,26,amygdala,0.95,0.6182795698924732,0.15829759155139184,0.06901545989699923,-0.0024903961057813908
13,26,amygdala,0.975,-1.209677419354839,0.1807173927321573,0.13090621221438623,0.03581214031682323
13,26,amygdala,1.0,-1.1827956989247315,0.23043651851884892,0.15369790294314414,0.036355677688274225
13,26,amygdala,1.025,1.9892473118279568,0.012719041138984734,0.01263733423659297,0.015687725259218854
13,26,amygdala,1.05,3.4677419354838706,0.008930168176403784,-0.07392344653578962,0.06372524843705661
13,26,amygdala,1.075,8.68279569892473,0.09011869377856366,-0.0519674475463323,0.11137438810794971
13,26,amygdala,1.1,10.241935483870968,0.05474421576927755,-0.07531378796660966,-0.04710486021567522
13,26,amygdala,1.125,7.123655913978496,0.08664550955141831,-0.0253267249611175,-0.10643287464617605
13,26,amygdala,1.15,5.591397849462366,-0.05766673553125304,-0.013266972505015198,-0.1877443840205512
13,28,amygdala,-0.15,-0.618279569892473,-0.22426586187582753,-0.24388714364277275,-0.21019179224008658
13,28,amygdala,-0.125,-0.6182795698924731,-0.18635442325283086,-0.2572024588746396,-0.16581652277833095
13,28,amygdala,-0.1,-0.7795698924731183,-0.25464413766298577,-0.3343645533349684,-0.143448832106986
13,28,amygdala,-0.075,-0.967741935483871,-0.16862030342749781,-0.3018127875139392,-0.19814828282954813
13,28,amygdala,-0.05,-1.155913978494624,0.0026730905230173164,-0.07481839684950572,0.03584755080341117
13,28,amygdala,-0.025,-1.263440860215054,0.03064209794678941,0.0014017428154981433,0.03658548748450154
13,28,amygdala,-0.0,0.40322580645161255,-0.039650893029863715,-0.0630205534469063,-0.016945772719466894
13,28,amygdala,0.025,0.43010752688172027,-0.16603340031209665,-0.14831583447928964,0.09447534327617893
13,28,amygdala,0.05,2.204301075268817,-0.2679378170562411,-0.2771731919913319,0.031316316825353435
13,28,amygdala,0.075,2.3655913978494625,-0.24737766201333644,-0.19996692821519527,0.14678272173497692
13,28,amygdala,0.1,0.6182795698924732,-0.08782863214280703,-0.02340198885620337,0.22582065159051717
13,28,amygdala,0.125,2.28494623655914,0.07309709499312511,0.2594620165457488,0.33005909429853386
13,28,amygdala,0.15,0.5376344086021503,0.14274637015207517,0.29310852244832086,0.23557964022915853
13,28,amygdala,0.175,0.456989247311828,0.08341028956826477,0.16314234023978574,0.2110147577605637
13,28,amygdala,0.2,2.204301075268817,0.12346442402356998,0.25232360327388864,0.31680909709828897
13,28,amygdala,0.225,0.7526881720430109,0.06339745506025214,0.14528953936669284,0.2622739971146196
13,28,amygdala,0.25,2.473118279569893,0.07307072944081434,0.1756139010665872,0.35087901583512754
13,28,amygdala,0.275,2.60752688172043,0.08246328850718539,0.1609856437152491,0.2898215684113476
13,28,amygdala,0.3,0.9946236559139785,0.10847160343594336,0.10267704915403458,0.24870594886160896
13,28,amygdala,0.325,4.301075268817204,0.08289487863024561,0.05662931034515655,0.14265991284868113
13,28,amygdala,0.35,7.688172043010754,-0.03659519633683851,-0.1443443416973805,-0.10841782835008554
13,28,amygdala,0.375,11.0752688172043,-0.10812757772496147,-0.19199331380492277,-0.10965588271047329
13,28,amygdala,0.4,11.129032258064516,-0.3207133223146866,-0.2137751471029945,-0.18773215932273382
13,28,amygdala,0.425,12.688172043010754,-0.26931850403458957,-0.19248362044402256,-0.11375285592143167
13,28,amygdala,0.45,7.768817204301076,-0.11750658064697943,-0.0802812134954554,-0.1340665215484915
13,28,amygdala,0.475,5.967741935483871,0.03187678931648786,0.1712450774908999,-0.04631642694417902
13,28,amygdala,0.5,5.913978494623656,-0.024734779278020556,0.2223408704538938,-0.005200956034009212
13,28,amygdala,0.525,4.327956989247312,0.10577202386560683,0.33308548895831974,0.0851990966064165
13,28,amygdala,0.55,5.913978494623656,0.025842782152950158,0.2848708639036083,0.13041443120706386
13,28,amygdala,0.575,4.462365591397849,-0.03223605941998256,0.21730469533265623,0.13907368521517555
13,28,amygdala,0.6,4.274193548387097,0.1878533637010973,0.18756931123582346,0.09818746882965619
13,28,amygdala,0.625,4.220430107526882,0.07240490756730403,0.08526568348696449,-0.023641132205258177
13,28,amygdala,0.65,4.247311827956989,0.09521240004998734,0.0744343409890145,-0.0019250260600607197
13,28,amygdala,0.675,4.086021505376344,0.06122102123072331,0.14167623303968155,0.006509131567634375
13,28,amygdala,0.7,4.193548387096774,0.04008057774060544,0.19317524353668852,0.11856922029076272
13,28,amygdala,0.725,0.8602150537634411,0.1478731524452011,0.3139470077675257,0.28483192990927003
13,28,amygdala,0.75,-0.7795698924731181,0.03575548145228123,0.13164245935027494,0.12167045321659851
13,28,amygdala,0.775,-0.8064516129032258,0.059671968918249024,0.0579586153552498,0.027738603373384078
13,28,amygdala,0.8,0.7795698924731184,0.0006761608280835051,0.026282077404637106,-0.029662881545054635
13,28,amygdala,0.825,0.7258064516129034,-0.1423650582435363,-0.05095873490055195,-0.16611676488094457
13,28,amygdala,0.85,0.5376344086021503,-0.13677260024539975,-0.21011890939692912,-0.3152767212149455
13,28,amygdala,0.875,2.1774193548387095,-0.11440174781056821,-0.25537152057055046,-0.3511952067708554
13,28,amygdala,0.9,0.6182795698924732,-0.12950945599467026,-0.28551209192796656,-0.40497538001524885
13,28,amygdala,0.925,0.7526881720430109,-0.035276426658285905,-0.2538519330115868,-0.3155631244035755
13,28,amygdala,0.95,0.967741935483871,0.03433429193789923,-0.1187873285779084,-0.16123134919978202
13,28,amygdala,0.975,-0.7795698924731184,-0.03531768851797492,-0.15122420272358533,-0.050139334796809
13,28,amygdala,1.0,-0.7526881720430109,-0.007569195266771748,-0.09448878758020064,0.03484983654076158
13,28,amygdala,1.025,2.473118279569893,-0.061512575604819826,0.02321053860353151,0.14357066134868024
13,28,amygdala,1.05,5.591397849462366,0.05257524343589051,0.025213195762170928,0.1641722860423175
13,28,amygdala,1.075,7.419354838709678,0.16265908129726686,0.10412253293232689,0.2121149990465108
13,28,amygdala,1.1,10.672043010752688,0.10812278849523001,0.13537277196671577,0.08025880325024508
13,28,amygdala,1.125,7.338709677419356,0.09543127356670779,0.07111757329493511,-0.0470643769546457
13,28,amygdala,1.15,4.086021505376344,-0.12387010706455442,-0.02105619698596178,-0.15020469675544396
13,30,amygdala,-0.15,-0.7795698924731183,0.02383667041499935,-0.1509253486276288,-0.22895272798609503
13,30,amygdala,-0.125,-0.7795698924731184,0.027738990185331467,-0.08207580956735736,-0.12701999619675516
13,30,amygdala,-0.1,-0.8333333333333333,0.13394204310494712,-0.27380759570694474,-0.23278508217513255
13,30,amygdala,-0.075,-1.1559139784946237,0.13796866757921647,-0.26031824071550275,-0.16276887846888694
13,30,amygdala,-0.05,-1.2096774193548387,0.02420765479947253,-0.08389012170139788,0.027359112163919987
13,30,amygdala,-0.025,0.26881720430107503,-0.049365594176035484,-0.03307494809794377,0.009544014874033526
13,30,amygdala,-0.0,1.8010752688172045,-0.2610720079372888,-0.04189945031647449,0.019135605276029397
13,30,amygdala,0.025,3.521505376344086,-0.31823108720077464,-0.15782126363210758,-0.12239034950045043
13,30,amygdala,0.05,6.85483870967742,-0.17392248973647134,-0.20737016319442664,-0.1698633060643894
13,30,amygdala,0.075,5.349462365591398,-0.15745216822628755,-0.13928036807547786,-0.05923069305605354
13,30,amygdala,0.1,3.844086021505376,-0.07217908004508923,-0.10661109198477674,-0.09544018843476486
13,30,amygdala,0.125,3.8172043010752685,-0.17634146760937003,0.1786661197247478,0.23711451576853146
13,30,amygdala,0.15,0.32258064516129004,-0.17835707613568164,0.30902509448107407,0.25326977320168453
13,30,amygdala,0.175,0.18817204301075297,-0.18790247532240045,0.27307157943295707,0.19626512329512436
13,30,amygdala,0.2,-0.13440860215053752,-0.12100448280445474,0.34780799953982916,0.24541754258931667
13,30,amygdala,0.225,-1.5860215053763442,0.019533731104851574,0.23292494514421497,0.08443092039535019
13,30,amygdala,0.25,0.24193548387096753,0.02454346001360064,0.18801318652094515,0.08326375574625046
13,30,amygdala,0.275,0.40322580645161255,0.02835589685255165,0.3209898557131747,0.24317664071215497
13,30,amygdala,0.3,0.7258064516129032,0.07584671879165908,0.08649934783543142,0.0641430303489012
13,30,amygdala,0.325,0.6182795698924732,-0.03671816853069197,0.09123992709782384,0.0031940918162099673
13,30,amygdala,0.35,0.6182795698924732,-0.07572198806209003,0.018635804326622603,-0.075385196417633
13,30,amygdala,0.375,0.7258064516129032,-0.16520462762846402,-0.1586278712705227,-0.22401712585589503
13,30,amygdala,0.4,0.6451612903225807,-0.18729006233166093,0.10741509759012345,-0.05405072802058928
13,30,amygdala,0.425,5.564516129032258,-0.062156135605652876,0.06370862763939988,-0.04990556210299469
13,30,amygdala,0.45,5.645161290322581,0.002382610829152907,-0.04733644888280897,-0.113418016698592
13,30,amygdala,0.475,12.096774193548388,-0.11169230078693367,0.05277433538173501,-0.04128962159913405
13,30,amygdala,0.5,12.150537634408604,-0.11170865439688,0.06883224440043047,-0.05366396142595215
13,30,amygdala,0.525,8.951612903225806,-0.151363682497447,0.14687925312662445,0.06068170882796581
13,30,amygdala,0.55,8.844086021505376,-0.10107095956503369,0.2527618122975216,0.13179743168224325
13,30,amygdala,0.575,2.28494623655914,0.03301882246972747,0.25634402803555495,0.18851376751543178
13,30,amygdala,0.6,2.1236559139784945,0.043237789626863136,0.2113753107822746,0.15587690366462448
13,30,amygdala,0.625,0.4301075268817205,0.12128475650392932,0.08096795368720851,0.02128682608982357
13,30,amygdala,0.65,-1.1290322580645165,0.057382807650285514,0.029383096299230093,-0.0019090712284810514
13,30,amygdala,0.675,-1.1290322580645162,0.07361809519971473,0.034701659378491484,-0.014245944376433345
13,30,amygdala,0.7,0.6720430107526882,0.2897526657996965,0.11315338674422477,-0.054634767933622874
13,30,amygdala,0.725,2.28494623655914,0.2542748037513726,0.24643785837612092,0.135925570693224
13,30,amygdala,0.75,3.9516129032258065,0.3278924285657257,0.20280890946613672,0.04545128100160264
13,30,amygdala,0.775,3.7634408602150535,0.2156834319483654,0.005189501000301638,-0.011433553006012166
13,30,amygdala,0.8,3.736559139784946,0.13375325488889492,0.04188400235498975,0.05579941103214095
13,30,amygdala,0.825,3.817204301075268,0.10055922219466058,-0.06630278386461137,-0.032350233293941634
13,30,amygdala,0.85,1.989247311827957,0.18813635922260769,-0.19510437252714868,-0.1217497012156719
13,30,amygdala,0.875,2.0698924731182795,0.26962221975777656,-0.0755030201361263,-0.08287185094329375
13,30,amygdala,0.9,0.4301075268817205,0.13327454817868242,-0.011295403347215356,-0.006278338336913746
13,30,amygdala,0.925,-1.155913978494624,0.15239069425872465,-0.0354396963392383,-0.04297766349710802
13,30,amygdala,0.95,-1.0752688172043012,0.18403840698297733,0.028395457194269474,-0.03534030274079693
13,30,amygdala,0.975,-1.155913978494624,0.15556945410197295,-0.14432079900573058,-0.17091860415940716
13,30,amygdala,1.0,-1.0752688172043012,0.31967419880877185,-0.20788868550326034,-0.21653908718191947
13,30,amygdala,1.025,0.349462365591398,0.30307476376009856,-0.10236081822854882,-0.1428494765517211
13,30,amygdala,1.05,1.9086021505376345,0.26331420041483206,-0.08796202992449141,-0.12178520056418747
13,30,amygdala,1.075,2.150537634408602,0.2430772662438077,0.02699233839545651,-0.031408203073369764
13,30,amygdala,1.1,3.629032258064516,0.110586732238177,0.029833743179873307,0.008551965855132857
13,30,amygdala,1.125,2.150537634408602,0.09324015346394836,0.09419646273024528,0.006103503258424373
13,30,amygdala,1.15,0.5913978494623657,0.054031694358824045,-0.07960650981401056,-0.13948627466532254
13,31,amygdala,-0.15,-0.8064516129032259,-0.21923923420653804,-0.2054012276445258,-0.23747607729157405
13,31,amygdala,-0.125,-0.7258064516129034,-0.23071682871796678,-0.142330814256287,-0.18641798807945809
13,31,amygdala,-0.1,-0.7258064516129032,-0.2586062084271789,-0.24051391043886572,-0.13414102769942868
13,31,amygdala,-0.075,-0.8870967741935484,-0.09286672284131006,-0.2145883589374287,-0.2081113207750753
13,31,amygdala,-0.05,-1.1021505376344085,0.00496407369586805,-0.03968422343153944,0.0382091843904815
13,31,amygdala,-0.025,-1.2903225806451613,-0.02838179926457833,-0.01748947669815262,-0.025855229597108446
13,31,amygdala,-0.0,0.29569892473118253,-0.018126724656499456,0.02194432272809555,-0.032133739163794486
13,31,amygdala,0.025,1.8817204301075268,-0.14011723921064334,-0.12441327810104467,0.051985526431774925
13,31,amygdala,0.05,3.682795698924731,-0.24769665965116008,-0.19002849811690656,-0.040233601070409436
13,31,amygdala,0.075,3.870967741935483,-0.17021189202220255,-0.11470618870366488,0.07756243262514773
13,31,amygdala,0.1,2.258064516129032,-0.12235900169968586,-0.05974881560190726,0.14655316411032066
13,31,amygdala,0.125,0.5913978494623655,-0.04866762730946347,0.20628469286834686,0.21398083864758924
13,31,amygdala,0.15,-1.2365591397849462,0.005237640475212261,0.1678816190414597,0.17284213568200463
13,31,amygdala,0.175,-1.2096774193548387,0.06917085165468484,0.14269804277571238,0.20899259337249146
13,31,amygdala,0.2,0.37634408602150526,0.1858135494333399,0.3362379518027074,0.30867656657964465
13,31,amygdala,0.225,0.5107526881720428,0.20192193795871216,0.17224713019436472,0.3072133746754286
13,31,amygdala,0.25,0.6182795698924732,0.20923048946439946,0.24675385133279767,0.29632830781019714
13,31,amygdala,0.275,0.7526881720430109,0.29845026704666106,0.35171259648829,0.31005981253898846
13,31,amygdala,0.3,-0.8333333333333333,0.1488259984962371,0.0418381654270935,0.12501850687245167
13,31,amygdala,0.325,2.60752688172043,0.04416226325967978,0.06930728396734433,0.19587759828575668
13,31,amygdala,0.35,7.688172043010753,-0.11380119397235354,-0.19447359592164415,-0.07175797508812293
13,31,amygdala,0.375,10.887096774193548,-0.11055042324259011,-0.10975275851048165,-0.0718489121662157
13,31,amygdala,0.4,10.940860215053762,-0.12811567928051898,0.05579231194474214,-0.028330395652026875
13,31,amygdala,0.425,10.913978494623656,-0.08651125124011834,0.07184576474887143,-0.02065263355365286
13,31,amygdala,0.45,6.048387096774194,-0.004041946993042121,0.12774432473358704,-0.0458400655102374
13,31,amygdala,0.475,2.473118279569893,0.009130227582672276,0.1103657151768626,0.05490032611600332
13,31,amygdala,0.5,2.39247311827957,-0.07132722376795442,0.11375437547141619,0.09904475795356064
13,31,amygdala,0.525,0.7258064516129032,0.011508303835011042,0.2143308910055712,0.14996852334344676
13,31,amygdala,0.55,2.258064516129032,-0.05167888253725547,0.190075164343375,0.1183868278532026
13,31,amygdala,0.575,2.5,0.003372415695860448,0.2902525775570559,0.1063435082761328
13,31,amygdala,0.6,2.4193548387096775,0.07953177754307843,0.2344395638670449,0.11651209667329437
13,31,amygdala,0.625,2.4193548387096775,0.059649323752152934,0.08061281988638415,0.027891857267955854
13,31,amygdala,0.65,2.473118279569893,0.11566808647552235,0.033892472179910364,-0.020852336082644245
13,31,amygdala,0.675,2.5,0.0599422047218171,0.050720327072306774,-0.09959627861471147
13,31,amygdala,0.7,2.60752688172043,0.028520522078776003,0.11265451049614458,-0.07563059010443646
13,31,amygdala,0.725,0.913978494623656,0.13760117807706915,0.25814960633311723,0.03014466590701779
13,31,amygdala,0.75,-0.9139784946236558,0.040608166604574066,0.15889276245489256,-0.013900598490438888
13,31,amygdala,0.775,-0.967741935483871,0.00278545423306258,-0.014013419234376689,-0.023662002969521298
13,31,amygdala,0.8,-0.9408602150537635,-0.0967680038841544,-0.07608587355759501,-0.11063344328961776
13,31,amygdala,0.825,0.5913978494623655,-0.19633185535166445,-0.09170092723964224,-0.19440369732683585
13,31,amygdala,0.85,0.510752688172043,-0.16675982049641946,-0.1915488248668358,-0.1953124522427095
13,31,amygdala,0.875,2.123655913978495,-0.1099011172880109,-0.12094141217539098,-0.16008427586701127
13,31,amygdala,0.9,2.123655913978495,-0.09454882303758119,-0.17821911991410228,-0.16870040952317464
13,31,amygdala,0.925,0.6451612903225805,-0.015643318598647007,-0.1511517720008718,-0.09351547154934302
13,31,amygdala,0.95,0.9946236559139785,0.020477036520537513,-0.0029564110477979695,-0.02782138396559352
13,31,amygdala,0.975,-0.8333333333333333,-0.07964944922983316,-0.09171754759798971,0.15432267024366103
13,31,amygdala,1.0,-0.8064516129032258,0.00412503469130365,-0.0330002775304292,0.11825099448403796
13,31,amygdala,1.025,4.166666666666667,-0.08739687040445218,-0.026222040898710507,0.12169410798901557
13,31,amygdala,1.05,3.8709677419354835,-0.024744214104108226,-0.0632477966917366,0.11273622489995304
13,31,amygdala,1.075,9.13978494623656,0.0788855475148983,0.009009299186356125,0.044922656767706994
13,31,amygdala,1.1,10.698924731182796,0.05031847403310035,0.08622218521083605,-0.02045297973933667
13,31,amygdala,1.125,5.672043010752688,0.11397807706866774,0.06790749918810812,-0.052225157327673556
13,31,amygdala,1.15,5.860215053763441,0.019167952214146727,0.12087545375859872,-0.05311057403134846
13,32,hippocampus,-0.15,3.682795698924731,-0.05991532549331306,0.08578785241088008,0.041879589758081065
13,32,hippocampus,-0.125,3.709677419354839,0.0601644062591322,0.049849713688828116,-0.010787333469751983
13,32,hippocampus,-0.1,1.9623655913978497,-0.04422562066368301,-0.01915891431997254,0.03384557486496591
13,32,hippocampus,-0.075,0.295698924731183,0.004027950176802348,-0.012833882632294376,0.04941878182435432
13,32,hippocampus,-0.05,-1.290322580645161,0.05456889180687316,-0.056310153408533556,-0.014491790104141302
13,32,hippocampus,-0.025,-1.2365591397849462,0.02459730737812053,-0.1629714621401521,-0.10245064538189273
13,32,hippocampus,-0.0,-1.3709677419354838,0.10168930492517594,-0.0926496375015758,-0.14941874892178483
13,32,hippocampus,0.025,-1.3440860215053765,0.2315146755641792,-0.15181560426814456,-0.24621271180801874
13,32,hippocampus,0.05,-1.532258064516129,0.20141601578309798,-0.32519257363244136,-0.3390740567557322
13,32,hippocampus,0.075,0.16129032258064502,0.1145428580627454,-0.14149251911217103,-0.13474830524712808
13,32,hippocampus,0.1,1.827956989247312,-0.05608894856498518,-0.16118077833494768,-0.1157209308099743
13,32,hippocampus,0.125,3.225806451612903,-0.10017955060005845,-0.08481491901460764,-0.022091703207802307
13,32,hippocampus,0.15,5.053763440860216,-0.06490717545678486,0.06154242221404182,0.06555841801989641
13,32,hippocampus,0.175,3.360215053763441,0.023904526714582364,0.035883709583939515,0.029584543760502274
13,32,hippocampus,0.2,1.8010752688172043,0.12118287158229374,0.037785305170425665,0.040511245043434944
13,32,hippocampus,0.225,1.908602150537635,0.14326528558969473,-0.08266871226466184,-0.03890452041880473
13,32,hippocampus,0.25,0.34946236559139776,0.14372667558574997,-0.176753811095113,-0.09719959616463243
13,32,hippocampus,0.275,0.5376344086021505,0.08494459886158576,-0.23051229003898258,-0.09981546286385944
13,32,hippocampus,0.3,0.6989247311827957,-0.0643986052584021,-0.0694894040930584,-0.04157485714969306
13,32,hippocampus,0.325,1.0752688172043012,-0.07819251269017316,0.1094132641599905,0.07312968812750008
13,32,hippocampus,0.35,6.048387096774194,-0.06254085448494809,0.16457785934407018,0.07347678697217926
13,32,hippocampus,0.375,5.994623655913979,-0.00762452784568979,0.2168969060575551,0.1320619696479181
13,32,hippocampus,0.4,5.887096774193549,-0.04106478391372716,0.28150905466992454,0.2833727146597494
13,32,hippocampus,0.425,7.311827956989248,0.057315497172534306,0.3177839070222779,0.28530314957600195
13,32,hippocampus,0.45,4.032258064516129,0.02888837209465725,0.22359960355178574,0.29206684718569276
13,32,hippocampus,0.475,3.897849462365591,0.05336227462540587,0.31493030240743464,0.3492667239238384
13,32,hippocampus,0.5,3.978494623655914,0.16200526530864992,0.32231051423046214,0.39695382632661624
13,32,hippocampus,0.525,4.005376344086021,0.14937656922751197,0.2655883586687269,0.3475248734348727
13,32,hippocampus,0.55,2.28494623655914,0.07258361512540723,0.31943678779983486,0.3190923815596194
13,32,hippocampus,0.575,7.392473118279571,0.010325632578922278,0.16550180579888418,0.24898192003864567
13,32,hippocampus,0.6,9.086021505376344,-0.05681834466504982,0.05005496541021694,0.13121551646821153
13,32,hippocampus,0.625,7.526881720430108,-0.09338665828044172,-0.02911628663157848,0.09188487086470767
13,32,hippocampus,0.65,7.17741935483871,-0.1386346818591222,-0.013778762677647988,0.11675242555752958
13,32,hippocampus,0.675,2.17741935483871,-0.13301878278772425,0.0636844444712302,0.15414069362463362
13,32,hippocampus,0.7,0.403225806451613,-0.13739010779174518,0.15908180002050135,0.19108408881513378
13,32,hippocampus,0.725,0.18817204301075274,-0.2441863240032067,0.20176636604074707,0.2624856755339592
13,32,hippocampus,0.75,0.4569892473118278,-0.20356927276960252,0.22464187327114343,0.3270797034720302
13,32,hippocampus,0.775,0.5645161290322578,-0.14628675808291214,0.1753107793325854,0.26613889289038656
13,32,hippocampus,0.8,0.6989247311827956,-0.11901274116510778,0.20262369329159516,0.2228947751201079
13,32,hippocampus,0.825,-0.8602150537634409,0.014431177084046088,0.22359416346268937,0.1894463164531153
13,32,hippocampus,0.85,-0.8870967741935484,-0.04225409737972229,0.07086574557131582,-0.020939573172476716
13,32,hippocampus,0.875,0.6451612903225807,-0.12351045858711572,0.129365939310279,0.07127038546869818
13,32,hippocampus,0.9,2.204301075268817,-0.168377389300156,0.15784843785368918,0.11441651313701341
13,32,hippocampus,0.925,3.763440860215054,-0.11582443409010298,0.025539735528972575,0.017219097709578794
13,32,hippocampus,0.95,6.908602150537635,-0.1075119104901292,0.07174058835177743,0.071768866076788
13,32,hippocampus,0.975,11.827956989247312,-0.034516298523235775,0.015165826853171131,0.05448463721324444
13,32,hippocampus,1.0,11.801075268817204,0.04423344569851028,0.012414963383782625,0.08265679815781103
13,32,hippocampus,1.025,13.5752688172043,0.0866402639981526,0.016505571765873438,0.11788894817184857
13,32,hippocampus,1.05,10.564516129032258,0.15356895501980244,-0.08583557517109958,0.05451637962158873
13,32,hippocampus,1.075,5.698924731182796,0.08232323745182135,0.07099770330534297,0.14503990503715863
13,32,hippocampus,1.1,5.672043010752689,0.03860917273584769,-0.025986943187589793,0.0826941656433661
13,32,hippocampus,1.125,4.112903225806452,0.08355042275157863,0.023610086604498672,0.059055720499107796
13,32,hippocampus,1.15,4.032258064516129,0.029249802806345794,0.025989668535221833,0.03345446195975799
13,33,hippocampus,-0.15,4.112903225806452,-0.008609729943229907,0.10839834304672026,0.15368499595912224
13,33,hippocampus,-0.125,2.6612903225806455,-0.08245489296841356,0.08226989801624084,0.07933640663178766
13,33,hippocampus,-0.1,-2.311827956989247,-0.10883911336351151,-0.011890425417767428,0.0030769083317906945
13,33,hippocampus,-0.075,-2.5537634408602146,-0.10475386722769103,-0.08800467427730414,0.03754935349807666
13,33,hippocampus,-0.05,-2.5268817204301075,-0.06968018181488138,-0.009746388728303067,0.0848325674911499
13,33,hippocampus,-0.025,-2.60752688172043,-0.054246772626831224,0.21643702666127784,0.2573512994005876
13,33,hippocampus,-0.0,-2.82258064516129,-0.1521308872294811,0.1786054772936392,0.26323008008509424
13,33,hippocampus,0.025,-2.553763440860215,-0.06495243012091681,0.24788075475757654,0.30350546938782763
13,33,hippocampus,0.05,-1.0752688172043017,-0.023908272064190283,0.2847636674835039,0.29385297788699233
13,33,hippocampus,0.075,-1.2365591397849462,-0.08871902117760716,0.1629389090355524,0.13192905092665377
13,33,hippocampus,0.1,2.123655913978494,0.05264003002540445,0.3054315746099281,0.27944899568713233
13,33,hippocampus,0.125,2.2311827956989254,-0.08376273746290001,0.21983065098596646,0.14165209602059314
13,33,hippocampus,0.15,0.37634408602150504,-0.11804843008667988,0.04489239301413717,-0.03681333102149397
13,33,hippocampus,0.175,0.3763440860215055,0.05253907146703268,0.14782619613956996,0.16400604859827553
13,33,hippocampus,0.2,-1.3440860215053763,-0.023127584823751882,0.061034772662001274,0.09928323019685541
13,33,hippocampus,0.225,1.74731182795699,0.04125683206352616,0.10079823627824469,0.2043158494344996
13,33,hippocampus,0.25,2.096774193548387,0.11318897938840138,0.10552568160730194,0.17690308695355597
13,33,hippocampus,0.275,3.8978494623655924,0.201411471199434,0.05749438450734101,0.1275381733738451
13,33,hippocampus,0.3,2.5268817204301075,0.1816042353594824,0.008236965461977384,0.09412557684557069
13,33,hippocampus,0.325,-0.5376344086021507,0.24077417957006192,-0.004175123954829296,0.04310815483361248
13,33,hippocampus,0.35,2.688172043010752,0.14311998994216982,0.08543965507507321,0.11127453997898304
13,33,hippocampus,0.375,1.0483870967741935,0.010299494132003846,0.09069349947951212,0.0484155248455833
13,33,hippocampus,0.4,0.9408602150537639,0.03306303134679459,0.07092007196688328,-0.028242967675276072
13,33,hippocampus,0.425,4.24731182795699,0.015157531962264428,0.11753598238092675,0.028153422768398363
13,33,hippocampus,0.45,2.795698924731183,-0.00785934137535968,0.06812299550934686,-0.046372725191491
13,33,hippocampus,0.475,2.5806451612903225,0.016069013963071536,0.10137043548781817,0.010069219788548073
13,33,hippocampus,0.5,7.446236559139786,-0.08194218688447887,0.13149832025626862,0.08988888545356187
13,33,hippocampus,0.525,5.483870967741936,-0.06625651434703776,0.033102416099280565,0.055041488127609374
13,33,hippocampus,0.55,5.376344086021506,0.028330760132472398,0.08290040111689735,0.12912835064937284
13,33,hippocampus,0.575,7.150537634408602,0.06101177062580584,0.07407832879630286,0.16329316557229037
13,33,hippocampus,0.6,3.682795698924732,0.13072599193680595,0.06396347107455139,0.14941224098249134
13,33,hippocampus,0.625,3.6827956989247315,0.23331979626542274,0.07996246466156016,0.14733921417187346
13,33,hippocampus,0.65,1.881720430107526,0.17945809804327945,0.013487999823914503,0.11477819155176663
13,33,hippocampus,0.675,0.24193548387096753,0.1493064881328882,-0.010118973607899753,0.10408087139554033
13,33,hippocampus,0.7,-1.4784946236559138,0.048834346114638806,0.015736371436835535,0.09498576988594827
13,33,hippocampus,0.725,-1.3440860215053767,0.01773426757640777,0.007005811243741261,0.020655509903133834
13,33,hippocampus,0.75,-1.2903225806451613,-0.001960856219354589,0.13057754376517866,0.13243519702561984
13,33,hippocampus,0.775,-1.2634408602150542,-0.012256267894635858,0.06135940487378206,0.059329704458109894
13,33,hippocampus,0.8,-1.3172043010752692,0.02642806659569813,0.10980418596417775,0.12283577698769756
13,33,hippocampus,0.825,0.4032258064516139,-0.041620984397139675,0.045089399763567975,-0.007354083709269039
13,33,hippocampus,0.85,2.1774193548387095,-0.09889853933167154,-0.14402926538388988,-0.2282214129502696
13,33,hippocampus,0.875,2.0967741935483866,-0.20925777055486636,-0.11761524487813427,-0.27567853301907036
13,33,hippocampus,0.9,4.139784946236559,-0.20957438511693186,-0.19489612459987882,-0.3140887958427799
13,33,hippocampus,0.925,2.5806451612903225,-0.09243014494166757,-0.011282184216895703,-0.07609584575061673
13,33,hippocampus,0.95,0.8333333333333335,0.0994192366825855,0.10137016361905696,0.11583303530809869
13,33,hippocampus,0.975,4.220430107526882,0.1772622360533712,0.2069032416928346,0.22290460821082603
13,33,hippocampus,1.0,5.806451612903226,0.04796664406992697,0.12960867855947764,0.14618653279382943
13,33,hippocampus,1.025,7.28494623655914,0.012757849838655083,0.0726755722988152,0.09309852540102069
13,33,hippocampus,1.05,7.419354838709678,0.07136257497173769,0.1404365542446733,0.12462443850749526
13,33,hippocampus,1.075,4.24731182795699,0.03560951172493572,-0.031125737188560213,0.0021897503549740847
13,33,hippocampus,1.1,2.5268817204301075,0.07176283252333111,0.1238157855515764,0.02330064211586609
13,33,hippocampus,1.125,-0.8333333333333341,0.08378202894347377,0.16888857229367946,0.08476892203084264
13,33,hippocampus,1.15,0.6182795698924726,-0.16026217746030433,0.19863590705765918,0.08317765172183407
13,35,hippocampus,-0.15,-0.5376344086021505,0.008111328889223546,-0.11307089796528395,0.00041070019692271127
13,35,hippocampus,-0.125,-2.258064516129032,0.05224230131530058,-0.2051316219128698,-0.03169843845722695
13,35,hippocampus,-0.1,-2.28494623655914,0.07243507477756504,-0.057653985800519184,-0.0018573096096811547
13,35,hippocampus,-0.075,-4.086021505376344,0.14642998307112337,-0.1814921282556085,-0.09654273187593419
13,35,hippocampus,-0.05,-3.7634408602150535,0.1066600416746727,-0.07994960534387734,0.0225312524150927
13,35,hippocampus,-0.025,-3.5483870967741944,-0.00619927585857763,-0.17417881372398575,-0.11434798747544452
13,35,hippocampus,-0.0,0.053763440860215006,-0.019269790315197655,-0.11843489527960452,-0.0010169442791511617
13,35,hippocampus,0.025,0.16129032258064502,0.052278499484227636,0.021286118754653166,-0.043717212112246114
13,35,hippocampus,0.05,1.9086021505376345,0.03891608748193982,-0.042626140446749505,-0.13443021700150815
13,35,hippocampus,0.075,1.774193548387097,-0.14424102596608063,-0.0848692874426311,-0.0942175134109407
13,35,hippocampus,0.1,-1.8010752688172047,-0.12592435843304753,-0.07964600167504006,-0.028850179143649703
13,35,hippocampus,0.125,-1.9623655913978493,-0.22013452407991307,-0.04085129473471776,0.041596381242457896
13,35,hippocampus,0.15,-3.682795698924731,-0.2621051090789504,0.01225892780232273,0.04203427336403128
13,35,hippocampus,0.175,-3.4139784946236564,-0.1777972622415997,0.022682596805044065,0.06796984334707362
13,35,hippocampus,0.2,-3.2526881720430105,-0.13461072441682334,0.006866295679135869,-0.0471764117574088
13,35,hippocampus,0.225,-3.1182795698924735,-0.09158198136947952,-0.09310662496451319,-0.1262094799685491
13,35,hippocampus,0.25,-3.2526881720430105,-0.0037065962743167485,-0.1591519775284754,-0.16025880836038944
13,35,hippocampus,0.275,-2.016129032258065,-0.08304999151073557,-0.08374293025325409,-0.12603785794475353
13,35,hippocampus,0.3,2.741935483870969,-0.019765549106098842,-0.13999956377225134,-0.09523867046583294
13,35,hippocampus,0.325,12.09677419354839,0.23262037699629484,-0.13047814021933776,-0.055879015362456486
13,35,hippocampus,0.35,21.532258064516128,0.263486695817783,-0.04485422787330904,0.012451002959143805
13,35,hippocampus,0.375,26.129032258064516,0.25331456985942047,0.08392752657271596,0.08683830784113386
13,35,hippocampus,0.4,24.24731182795699,0.22968788358952305,0.2872693068108441,0.2664512113971986
13,35,hippocampus,0.425,19.005376344086024,0.1334159117072235,0.2792040446721915,0.33593769431595155
13,35,hippocampus,0.45,13.602150537634408,0.11163882904942075,0.31404300077851177,0.3107378202327535
13,35,hippocampus,0.475,10.43010752688172,0.1238632589800612,0.20997236312973871,0.2519412916725807
13,35,hippocampus,0.5,13.951612903225806,0.11651785040195846,0.2706763983730328,0.3083425977697701
13,35,hippocampus,0.525,16.155913978494624,0.1487606196631964,0.41114295962070474,0.33342458175623935
13,35,hippocampus,0.55,13.709677419354838,0.038467931611875915,0.3511865703286859,0.3240538558984427
13,35,hippocampus,0.575,11.747311827956992,0.12578981066969608,0.2451308225350491,0.18551129524904725
13,35,hippocampus,0.6,6.774193548387097,0.07724118245571815,0.09502258573561069,0.13300078522647943
13,35,hippocampus,0.625,1.935483870967742,0.013754125895267307,-0.09436148453425952,-0.02295763021180305
13,35,hippocampus,0.65,1.63978494623656,-0.03783232168289087,-0.01135990765781811,-0.03676015062305186
13,35,hippocampus,0.675,2.365591397849461,-0.12293833162450549,0.10210482240625875,0.0565444130143751
13,35,hippocampus,0.7,0.887096774193548,-0.010574532584130826,0.17016548076061372,0.08096046496615417
13,35,hippocampus,0.725,-0.8333333333333326,-0.04511567987989891,0.21745245023930826,0.1424476324389763
13,35,hippocampus,0.75,-0.34946236559139754,-0.09410535110484818,0.20673212322045018,0.17464899226458375
13,35,hippocampus,0.775,-0.4301075268817205,0.0512400260751878,0.09156425712182682,0.12045900866798535
13,35,hippocampus,0.8,2.634408602150537,0.13623598452728766,0.04553210969748194,0.01840331172057636
13,35,hippocampus,0.825,2.338709677419356,0.1411316875072337,0.04231116138157345,-0.06728041557082112
13,35,hippocampus,0.85,2.150537634408601,0.22375805752416256,0.08316875421786352,0.13463951885408063
13,35,hippocampus,0.875,3.709677419354839,0.18738081177880853,0.12361126301068134,0.1451501725986277
13,35,hippocampus,0.9,7.338709677419353,0.0979164850525682,0.10302828275826217,0.17178196189984624
13,35,hippocampus,0.925,9.327956989247312,0.009581832818928143,0.10201833766035258,0.2236871185616621
13,35,hippocampus,0.95,12.63440860215054,-0.04677280913318358,0.15346926665061608,0.24400971266625154
13,35,hippocampus,0.975,11.021505376344084,-0.023144922753405305,0.08280739029551674,0.2170479422652675
13,35,hippocampus,1.0,7.580645161290321,-0.02130394446324251,0.18161034441705043,0.36273241990189137
13,35,hippocampus,1.025,7.526881720430108,-0.0532384481298869,0.05256552656869241,0.254312586934501
13,35,hippocampus,1.05,2.8494623655913984,0.034989149744745596,-0.049165565397782746,0.09750481877207334
13,35,hippocampus,1.075,1.317204301075268,0.09194047003717977,-0.026751477954140124,0.06250610519082114
13,35,hippocampus,1.1,-2.043010752688172,-0.11837548557075311,-0.17243935997440582,-0.042300808143855576
13,35,hippocampus,1.125,-3.6021505376344085,-0.05884184763794796,-0.08401193745505617,-0.08336787169719771
13,35,hippocampus,1.15,-0.5376344086021505,-0.2420923592128916,-0.07822800393996711,-0.025747892687525593
13,37,hippocampus,-0.15,-0.5645161290322581,0.2744831205472392,-0.050938012826900164,-0.04214109886568313
13,37,hippocampus,-0.125,1.0483870967741937,0.3326305660893219,-0.02684868448513229,-0.03629717623773982
13,37,hippocampus,-0.1,1.0752688172043012,0.3336624485829969,-0.011744970828646215,0.11995003821076779
13,37,hippocampus,-0.075,1.2096774193548387,0.21107828542811138,0.008901774272653777,0.23122633419337713
13,37,hippocampus,-0.05,1.075268817204301,0.10430526553720124,-0.01325356783485615,0.1731736865797871
13,37,hippocampus,-0.025,1.1559139784946235,0.0178514218905956,-0.088795150291299,0.08688131947862887
13,37,hippocampus,-0.0,1.2096774193548387,-0.004598710973947177,-0.1822196002458769,-0.07285326332411055
13,37,hippocampus,0.025,1.1559139784946237,0.010559066552662833,-0.15145661086475753,0.06460828846910571
13,37,hippocampus,0.05,1.2634408602150538,0.05713815460759486,-0.11229885031255896,0.023625430047220463
13,37,hippocampus,0.075,-0.5376344086021506,0.09547833874704653,0.06164692196879088,0.00575716270222706
13,37,hippocampus,0.1,-0.5645161290322581,0.039980809016447655,0.1423454665844214,0.09810338011794484
13,37,hippocampus,0.125,-0.6989247311827956,0.15238054842389664,0.08939178239887964,-0.09254572633432398
13,37,hippocampus,0.15,-0.6989247311827956,0.10651798606223473,0.08610355091402108,-0.1020721757410682
13,37,hippocampus,0.175,-0.7795698924731183,0.02244604373503701,0.0698990892151488,-0.025489064429317195
13,37,hippocampus,0.2,0.8602150537634411,0.06484157018591911,0.07978910299415377,-0.013234179245235428
13,37,hippocampus,0.225,0.9946236559139786,0.014436956742623498,0.12649667525843597,0.06974346117417698
13,37,hippocampus,0.25,1.021505376344086,0.08025525305584215,0.2553249428125952,0.09247777759738139
13,37,hippocampus,0.275,1.1559139784946235,0.21407133710276507,0.17692653888402043,0.010752441589636603
13,37,hippocampus,0.3,-0.5913978494623656,0.22145203531649063,0.19000660861492358,-0.05510890437092817
13,37,hippocampus,0.325,4.435483870967742,0.18281674537609222,0.28380893307418037,0.004143441990281802
13,37,hippocampus,0.35,7.768817204301076,0.12913303915491606,0.25912857523178584,0.15062646245000358
13,37,hippocampus,0.375,9.46236559139785,-0.05965124632906726,0.20353107653050845,0.15068248612860644
13,37,hippocampus,0.4,14.516129032258064,-0.12451576182739428,0.16142422354415126,0.14949938853953007
13,37,hippocampus,0.425,11.155913978494622,-0.18590762617906012,0.21995838360040676,0.20905921527434737
13,37,hippocampus,0.45,7.822580645161291,-0.24071704290287196,0.18378543912578457,0.10974595940071956
13,37,hippocampus,0.475,6.155913978494624,-0.1521423249857196,0.2584058113948143,0.169077013930915
13,37,hippocampus,0.5,1.263440860215054,-0.13189997803161851,0.25401673833443206,0.1298184423446387
13,37,hippocampus,0.525,-0.4032258064516129,-0.19214140251912867,0.0866059580984369,0.07614492618350654
13,37,hippocampus,0.55,1.2634408602150538,-0.3063943735355957,0.07934728289215869,0.007187511723863701
13,37,hippocampus,0.575,2.9838709677419355,-0.2484038627106344,0.013994066493087641,0.05876773330430505
13,37,hippocampus,0.6,2.903225806451613,-0.1153381719925366,0.06931803818811581,0.12556486839351902
13,37,hippocampus,0.625,4.67741935483871,-0.06387076170755261,0.024838629552937128,0.0808241120373351
13,37,hippocampus,0.65,3.0376344086021505,0.10535359787485797,0.044366243969486206,0.1707559341069493
13,37,hippocampus,0.675,1.2903225806451613,-0.016125983027381868,0.01863025333281058,0.00853728513214334
13,37,hippocampus,0.7,1.317204301075269,-0.07059764934440947,0.03612614087545954,0.012803703145609979
13,37,hippocampus,0.725,-0.37634408602150543,-0.05809608182698369,-0.03741035572192132,-0.05017388885057683
13,37,hippocampus,0.75,-0.34946236559139787,-0.04029713777940136,-0.07759665419856478,-0.07604092665717546
13,37,hippocampus,0.775,-0.34946236559139787,0.1691569116954532,-0.043446537436360226,-0.048720833247411825
13,37,hippocampus,0.8,1.2096774193548387,0.2286442433721283,0.04783704595603837,0.15855400388795576
13,37,hippocampus,0.825,1.1559139784946235,0.1603597168733671,0.12174276867544247,0.26865044201295163
13,37,hippocampus,0.85,1.129032258064516,0.19292331150261569,0.11781707953888278,0.1449339827651088
13,37,hippocampus,0.875,1.1827956989247312,0.25177496729082105,0.12524734679700295,0.2780754469482524
13,37,hippocampus,0.9,-0.43010752688172044,0.09944846674421765,0.10734741472891042,0.16406328449287566
13,37,hippocampus,0.925,-0.43010752688172044,-0.03291228326955325,-0.03568758931822909,-0.04942179617449671
13,37,hippocampus,0.95,1.2634408602150538,0.0014570749808858433,-0.05949722838617194,-0.011032139140992814
13,37,hippocampus,0.975,1.317204301075269,0.012177227060805453,-0.09188271327698658,-0.16273203435803651
13,37,hippocampus,1.0,1.370967741935484,0.04836462905842394,-0.04600537886045203,-0.022412876880733044
13,37,hippocampus,1.025,1.424731182795699,0.291746685215478,0.08005165171168573,0.08035487766513907
13,37,hippocampus,1.05,-0.2688172043010753,0.10509780270243092,0.13089611012032584,0.10163494264633766
13,37,hippocampus,1.075,-0.32258064516129037,-0.12695299549278974,0.17623599063750628,0.09028644710512065
13,37,hippocampus,1.1,-0.24193548387096775,-0.22196139792785585,0.10578253976187041,-0.0033788034813373845
13,37,hippocampus,1.125,-0.32258064516129037,-0.19522556774032981,0.06823218007714123,0.02952472728745338
13,37,hippocampus,1.15,-0.34946236559139787,-0.1772770505700218,0.07346069561292001,0.0035288453987611366
13,46,hippocampus,-0.15,2.7688172043010755,0.05211217360277175,-0.0064843675803145425,-0.06834945177136426
13,46,hippocampus,-0.125,4.543010752688172,0.03446597182633066,0.12305511347780136,0.07127710534420828
13,46,hippocampus,-0.1,4.623655913978495,0.08973980127447254,0.17081888250808222,0.11351071372705357
13,46,hippocampus,-0.075,4.489247311827958,0.028605128164568783,0.17021102917042125,0.1435251789066002
13,46,hippocampus,-0.05,1.1021505376344085,0.023125767078579003,0.08508388024132481,0.1563554422616553
13,46,hippocampus,-0.025,1.1021505376344085,0.09147226981572189,0.0480931215939059,0.1464244874959833
13,46,hippocampus,-0.0,1.0215053763440864,-0.07693792719858952,-0.10345014366756783,-0.02126227261373508
13,46,hippocampus,0.025,4.435483870967742,-0.22058640994209472,-0.21565651870705982,-0.08705978138465938
13,46,hippocampus,0.05,7.768817204301076,-0.15731887236227365,-0.1881106356329139,-0.08814896936300931
13,46,hippocampus,0.075,5.940860215053764,0.023908727145549088,-0.12732180241920132,-0.09098888955172937
13,46,hippocampus,0.1,5.913978494623657,-0.09126896402386822,-0.19263255196235118,-0.17619944326414114
13,46,hippocampus,0.125,2.4193548387096775,0.023621444746657273,-0.10033267125065318,-0.12468172925683345
13,46,hippocampus,0.15,-0.9677419354838712,0.0086594401846467,-0.06836537010641493,-0.071225845843085
13,46,hippocampus,0.175,0.5645161290322589,-0.12227449851429623,-0.06879591115113211,0.020836842187425427
13,46,hippocampus,0.2,0.5645161290322585,0.050497256973722385,0.07760412214283843,0.20775865787335915
13,46,hippocampus,0.225,0.8064516129032255,0.09867940911141915,0.048517593636109024,0.1923217576678254
13,46,hippocampus,0.25,2.71505376344086,0.03132132039072749,0.05458411621797889,0.08113291235266712
13,46,hippocampus,0.275,1.317204301075269,0.04297529109773755,0.03284802469741601,0.046281082720640444
13,46,hippocampus,0.3,-0.3225806451612905,-0.010909856859324144,0.04290156272217321,0.0197378811295502
13,46,hippocampus,0.325,1.6935483870967742,-0.019045998639490844,0.10244882624822628,0.05101131104143352
13,46,hippocampus,0.35,3.4139784946236555,0.11273813222716011,0.16714130208482175,0.24013355898824282
13,46,hippocampus,0.375,11.935483870967742,0.35889542902372995,0.31161465724901793,0.3016280489004955
13,46,hippocampus,0.4,15.295698924731184,0.3993788421067861,0.3205346795506493,0.3241916950516955
13,46,hippocampus,0.425,18.440860215053764,0.3722370185415571,0.2527548534647693,0.22212114731330232
13,46,hippocampus,0.45,15.000000000000002,0.28330541297998224,0.3138390843298444,0.2769954773945466
13,46,hippocampus,0.475,8.25268817204301,0.2083660192669014,0.3288791161760595,0.29943405314734345
13,46,hippocampus,0.5,4.89247311827957,0.1264749952812063,0.2783254615138486,0.21510137585577793
13,46,hippocampus,0.525,1.3709677419354838,0.09129720146423521,0.2620344773775617,0.1999919933570113
13,46,hippocampus,0.55,1.3978494623655915,0.11524207229204002,0.20273823367419938,0.1072013126003301
13,46,hippocampus,0.575,-0.5376344086021507,0.14265084875569561,0.14754173499874804,0.09300572387998071
13,46,hippocampus,0.6,-0.4569892473118278,0.1325333886349917,0.06726448634195122,0.018439196611935202
13,46,hippocampus,0.625,-2.1505376344086025,0.14413505560285295,-0.03523418835844543,-0.09248644040975287
13,46,hippocampus,0.65,-2.365591397849462,-0.0469093929201377,-0.1939759709472584,-0.1700629191683161
13,46,hippocampus,0.675,1.1290322580645165,-0.13080359819385948,-0.2496777400638917,-0.2392197585289066
13,46,hippocampus,0.7,4.24731182795699,-0.15597389297836314,-0.3136305791378819,-0.2162126301350438
13,46,hippocampus,0.725,4.086021505376344,-0.1327563799911085,-0.23242770603458962,-0.09496346852420398
13,46,hippocampus,0.75,4.005376344086022,-0.12506165579462317,-0.07852466504315882,0.023997262568708128
13,46,hippocampus,0.775,0.5376344086021514,-0.12346947981395832,-0.04296323409924051,0.06387360221062101
13,46,hippocampus,0.8,-2.6344086021505384,-0.1428440295792299,0.052321996894666566,0.13335952137899493
13,46,hippocampus,0.825,-2.3655913978494625,-0.1299030948937571,0.01078780026799367,0.028080009521101172
13,46,hippocampus,0.85,-0.4838709677419353,-0.0032801936652613424,-0.12684297278167853,-0.04774798036932841
13,46,hippocampus,0.875,1.317204301075269,0.03255329152613763,0.009202155937944136,0.0484309998930528
13,46,hippocampus,0.9,7.768817204301075,0.08018381393417709,0.06898244230466688,0.13134468861080525
13,46,hippocampus,0.925,12.903225806451612,0.05129173030247709,0.09337048382905892,0.15986758554390185
13,46,hippocampus,0.95,11.344086021505376,0.017954122746936762,0.17302201452465266,0.1682114662630283
13,46,hippocampus,0.975,11.290322580645162,0.1660898127267088,0.1174390977436877,0.09858793025431417
13,46,hippocampus,1.0,4.67741935483871,0.20764864211794642,0.1260527187089618,0.0654131253558366
13,46,hippocampus,1.025,-0.6182795698924728,0.13063259313705677,-0.01264017894408946,-0.0792361630503459
13,46,hippocampus,1.05,-0.8333333333333337,0.13410392743493668,-0.08460422160979536,-0.09250338726378116
13,46,hippocampus,1.075,-0.9946236559139778,0.17760548902709009,0.0610314667959169,0.1210958396854317
13,46,hippocampus,1.1,-0.7795698924731183,0.19422441959179398,-0.04102559428372708,0.09368687337067823
13,46,hippocampus,1.125,1.0215053763440864,0.2581949550302825,0.11632872629413767,0.2360308275238552
13,46,hippocampus,1.15,1.102150537634409,0.3072164547210727,0.2715719657191413,0.36746179134624246
13,75,amygdala,-0.15,-0.4569892473118289,-0.05833354126935194,-0.20426973398881837,-0.06685330848105993
13,75,amygdala,-0.125,0.02688172043010706,0.033291344213755306,-0.03231294430646784,0.0725818247011417
13,75,amygdala,-0.1,3.494623655913978,0.11965825987812616,0.22629127290467702,0.27734307539759007
13,75,amygdala,-0.075,5.053763440860215,0.2223805076451593,0.2974530997088183,0.2732468536467533
13,75,amygdala,-0.05,1.908602150537635,0.32872791387254996,0.391606088052533,0.3428857438080266
13,75,amygdala,-0.025,3.279569892473119,0.23145896426123042,0.22557528148270667,0.2001731206171671
13,75,amygdala,-0.0,-0.2688172043010759,0.0029335815692216756,-0.056324766129056174,-0.04140176423345025
13,75,amygdala,0.025,-2.1774193548387086,-0.13307810645520757,-0.1989388427331935,-0.14249775315178698
13,75,amygdala,0.05,-1.102150537634408,-0.14237741244859223,-0.2104067057982238,-0.22814018451408283
13,75,amygdala,0.075,-0.725806451612903,-0.09761005492040963,-0.15377730482363097,-0.23242676606930482
13,75,amygdala,0.1,2.741935483870967,0.09359216024089731,0.07329937617992723,-0.06246292726071901
13,75,amygdala,0.125,8.494623655913978,0.1329576549695019,0.15380369007960726,0.05327034834171008
13,75,amygdala,0.15,7.258064516129032,0.11901038435157715,0.1784511351236666,0.06900385508104225
13,75,amygdala,0.175,6.774193548387096,0.16459923188565648,0.22158377293697962,0.20769635331026326
13,75,amygdala,0.2,6.908602150537634,0.010100155492712055,-0.01822642272923419,-0.06213902770135538
13,75,amygdala,0.225,1.317204301075268,0.26491829156593405,0.2956549504908619,0.16715935057591802
13,75,amygdala,0.25,7.526881720430107,0.36483856831307965,0.49597235261797656,0.42757468449161845
13,75,amygdala,0.275,9.166666666666664,0.5015226828761629,0.7024846348836968,0.5507211554124265
13,75,amygdala,0.3,6.370967741935485,0.498605847584785,0.7809791790669329,0.7199631986343574
13,75,amygdala,0.325,8.84408602150538,0.4607608632184193,0.7467276031650983,0.718902714406082
13,75,amygdala,0.35,3.548387096774192,0.43536221935848507,0.6724734914705727,0.6650811690856987
13,75,amygdala,0.375,5.026881720430108,0.35954074912583234,0.6452678255331116,0.6697456861050725
13,75,amygdala,0.4,5.833333333333333,0.3398313269390363,0.6069320666987035,0.6082990878291196
13,75,amygdala,0.425,4.435483870967742,0.30032719281405373,0.5793362692607635,0.5928563098072739
13,75,amygdala,0.45,4.811827956989246,0.27880341153098515,0.5508222340281776,0.5635020464920822
13,75,amygdala,0.475,3.279569892473118,0.35704444534632795,0.5554418803500245,0.6417324771604689
13,75,amygdala,0.5,1.7204301075268837,0.3663061342695098,0.47935416362644734,0.60056606641951
13,75,amygdala,0.525,7.338709677419355,0.23879825585730913,0.36401397065979324,0.45084275764724463
13,75,amygdala,0.55,12.123655913978492,0.2663350662185641,0.39645607492724144,0.4621284335545048
13,75,amygdala,0.575,14.00537634408602,0.29035406450117734,0.397728166216702,0.42786334067631093
13,75,amygdala,0.6,13.844086021505376,0.3558419635722763,0.5243490018139515,0.48411651138138195
13,75,amygdala,0.625,10.295698924731184,0.37319397595934517,0.49854079490728115,0.4898742772144088
13,75,amygdala,0.65,5.268817204301074,0.35418581776702956,0.4985799496867202,0.49863088236111874
13,75,amygdala,0.675,3.46774193548387,0.3401832184731826,0.4674333540617802,0.4822660355984444
13,75,amygdala,0.7,3.306451612903226,0.257447598708272,0.3415037933930134,0.4289773212354475
13,75,amygdala,0.725,-0.26881720430107503,0.21747438367245236,0.21925675187957935,0.29880129872336125
13,75,amygdala,0.75,1.935483870967742,0.1642748800371621,0.1819730728174795,0.19875452467680205
13,75,amygdala,0.775,0.3225806451612909,0.2260057385999661,0.31865943220225107,0.31606166509190664
13,75,amygdala,0.8,0.752688172043011,0.18516404232456457,0.27699439990509717,0.30313700447713565
13,75,amygdala,0.825,6.182795698924731,0.11875980611213786,0.3172905432495555,0.33255819735715564
13,75,amygdala,0.85,2.311827956989247,0.09804101549755997,0.19902659009206938,0.38783684036080984
13,75,amygdala,0.875,2.6344086021505397,0.12096292085856024,0.19984733094871734,0.36803339801634305
13,75,amygdala,0.9,8.010752688172044,0.16962499332825423,0.15644823766385338,0.2932085493838265
13,75,amygdala,0.925,9.811827956989248,0.21215768300413104,0.18962606841150878,0.29569203470523564
13,75,amygdala,0.95,13.413978494623656,0.21607124482498738,0.29138546141980187,0.286219596648273
13,75,amygdala,0.975,13.118279569892472,0.13529735349301572,0.2523781672172188,0.23964700006786657
13,75,amygdala,1.0,7.822580645161291,0.10164913245943,0.200243445010237,0.22687129188040073
13,75,amygdala,1.025,4.247311827956989,0.03730605198637715,0.12076523888393371,0.1609606561029775
13,75,amygdala,1.05,2.741935483870967,-0.01745520022857926,0.06229260783327775,0.11738877346705351
13,75,amygdala,1.075,2.956989247311828,-0.031141124496735114,0.03236434378956923,0.06569706951929881
13,75,amygdala,1.1,1.317204301075269,-0.04908968031375971,0.06398550614410807,0.07514457841564053
13,75,amygdala,1.125,8.881784197001252e-16,-0.024276586768778478,0.06891583219714353,0.10521559681768797
13,75,amygdala,1.15,1.397849462365591,0.05632254954396242,0.15656236410472027,0.16221508138410978
13,77,amygdala,-0.15,-3.8709677419354844,-0.14062681599253601,0.1813613273832182,0.119509923312775
13,77,amygdala,-0.125,-3.2795698924731203,-0.1831888634138767,0.24196291080377938,0.20528953289973798
13,77,amygdala,-0.1,-3.0913978494623655,-0.16832982014708958,0.3207358627998784,0.2534344108702183
13,77,amygdala,-0.075,-3.4139784946236555,-0.058193827959357916,0.36984677490262674,0.2744982307930289
13,77,amygdala,-0.05,0.1075268817204309,-0.01936069546484226,0.25675182474531943,0.23517775148094855
13,77,amygdala,-0.025,-0.13440860215053796,-0.028036961677696634,0.12233156195784844,0.1379753739084473
13,77,amygdala,-0.0,1.586021505376344,-0.03605328103933917,-0.03057297934722287,-0.026919444885812008
13,77,amygdala,0.025,1.290322580645161,-0.09107805211666524,-0.19951522919595263,-0.22982359862408444
13,77,amygdala,0.05,-0.7795698924731171,-0.06984517167703198,-0.0946699668543019,-0.18425288551654032
13,77,amygdala,0.075,-2.338709677419355,-0.11041695631622714,-0.04354149313298736,-0.19305174567719727
13,77,amygdala,0.1,-5.537634408602151,-0.029838479472751103,0.0572837703188481,-0.11018851463998869
13,77,amygdala,0.125,-3.2258064516129035,-0.010796809801375913,0.03513408930659503,-0.07308805129072588
13,77,amygdala,0.15,-2.7688172043010746,-0.009779261109254813,0.011252500445194496,-0.06487333213775788
13,77,amygdala,0.175,-3.1989247311827964,-0.02881405684069561,0.07225131110716349,0.035324558651126395
13,77,amygdala,0.2,0.08064516129032118,-0.10915809910848935,0.043403278725602935,0.04274063324887617
13,77,amygdala,0.225,-0.16129032258064413,-0.08922109500478186,0.3641329581480792,0.29566568683882244
13,77,amygdala,0.25,4.274193548387096,-0.08530346202376662,0.5794024717131427,0.5377550586595123
13,77,amygdala,0.275,7.069892473118279,-0.0781942540720187,0.7378316629373319,0.640544640869749
13,77,amygdala,0.3,10.53763440860215,-0.08698486670021655,0.8112685706725052,0.709335156074694
13,77,amygdala,0.325,16.021505376344088,-0.06276528975119204,0.8477107345042142,0.7307022753266295
13,77,amygdala,0.35,12.06989247311828,-0.07090187285945573,0.8025434806729836,0.6868508346559681
13,77,amygdala,0.375,8.870967741935486,-0.043559247092308226,0.804355354514868,0.7270654839491076
13,77,amygdala,0.4,8.36021505376344,-0.0020246240384864016,0.7756587769446216,0.7240308639632184
13,77,amygdala,0.425,5.430107526881722,0.0026841975357232866,0.7641100060419828,0.757424834820936
13,77,amygdala,0.45,12.473118279569894,-0.008320554379157432,0.7518341659075749,0.7636195104081445
13,77,amygdala,0.475,22.365591397849464,-0.09032243277955913,0.7024656431721175,0.7402391423709638
13,77,amygdala,0.5,23.870967741935488,-0.10222585231884489,0.6551299801387926,0.6722644987722108
13,77,amygdala,0.525,20.618279569892472,-0.1347743216218662,0.5379330388265059,0.5668367524963973
13,77,amygdala,0.55,15.188172043010754,-0.028940309991842213,0.5086747737829936,0.545630103895276
13,77,amygdala,0.575,5.080645161290322,0.01708689445749848,0.5528559628915063,0.5971300049747135
13,77,amygdala,0.6,1.7741935483870943,0.04164647766837949,0.6369357170545302,0.6670263718361765
13,77,amygdala,0.625,0.10752688172043001,0.034383812659989375,0.6381909281261255,0.6694328153846126
13,77,amygdala,0.65,3.172043010752688,0.023008748135251837,0.6820703183478611,0.6452816056700683
13,77,amygdala,0.675,11.854838709677418,0.08039624221416924,0.6192662990833773,0.5746242282098087
13,77,amygdala,0.7,9.677419354838708,0.07627046054917161,0.608485734261291,0.5930028307698093
13,77,amygdala,0.725,16.18279569892473,0.09490234454018918,0.5634795005328497,0.5836418105033068
13,77,amygdala,0.75,17.06989247311828,0.04495107865460378,0.49085358189428,0.5456385030810101
13,77,amygdala,0.775,12.231182795698928,0.012209233335398703,0.4943726286451794,0.5197283186218062
13,77,amygdala,0.8,16.31720430107527,0.021119063630124727,0.5105799520074399,0.5896371662199691
13,77,amygdala,0.825,15.18817204301075,-0.058217221092992794,0.5174413521264872,0.6122819447821158
13,77,amygdala,0.85,13.360215053763442,-0.02868630368740421,0.4305735556121785,0.5738782557305107
13,77,amygdala,0.875,15.51075268817204,-0.11837703414280834,0.37749516212049705,0.5521127236480273
13,77,amygdala,0.9,15.913978494623656,-0.19862423327686465,0.2948567071389643,0.40954158606586744
13,77,amygdala,0.925,15.913978494623654,-0.06160054297109941,0.2675813407751645,0.3978931224099313
13,77,amygdala,0.95,12.607526881720428,-0.05730863788021306,0.40250740875690216,0.4585453451320108
13,77,amygdala,0.975,12.177419354838708,-0.12627614536202134,0.43639399870858875,0.4761939902730963
13,77,amygdala,1.0,8.252688172043012,-0.05804873034386813,0.3703178740580157,0.3744333639117166
13,77,amygdala,1.025,7.93010752688172,0.009288398010010706,0.30593183801739365,0.3389374605351578
13,77,amygdala,1.05,6.424731182795702,-0.03816648962081113,0.1561980104521478,0.26731789002059453
13,77,amygdala,1.075,8.360215053763442,0.011996706475620405,0.15306580038133014,0.2039186470697422
13,77,amygdala,1.1,5.188172043010754,0.0010909859850046335,0.1765367554340056,0.25440270864282466
13,77,amygdala,1.125,0.9139784946236578,-0.08171685085998208,0.26552894635783975,0.28773682187140454
13,77,amygdala,1.15,2.446236559139785,-0.13291807299444158,0.2691622715977221,0.33352661066952904
13,78,amygdala,-0.15,-1.2903225806451615,0.06461471886174477,0.034283136367808914,0.07240881822676336
13,78,amygdala,-0.125,-1.2903225806451615,-0.0031612430990984376,-0.025453457366878797,-0.04169570639328111
13,78,amygdala,-0.1,-1.1827956989247312,-0.031392479048737744,0.01132548280917684,-0.1001150689102477
13,78,amygdala,-0.075,-0.9946236559139784,-0.03501689076881506,0.05034906587689287,-0.03886397499923019
13,78,amygdala,-0.05,-1.0483870967741937,-0.12493767689104278,-0.17833508686722793,-0.1605823988949785
13,78,amygdala,-0.025,0.5376344086021503,-0.1596499795735938,-0.1696021860924672,-0.06972073566832962
13,78,amygdala,-0.0,0.3225806451612907,-0.08808273372515395,-0.23537663845443918,-0.17774225712810385
13,78,amygdala,0.025,0.24193548387096775,0.029751777326654957,-0.24585786899935777,-0.15162587608475245
13,78,amygdala,0.05,3.4946236559139785,-0.04330180097721292,-0.00953831911387919,-0.01232936135458816
13,78,amygdala,0.075,3.682795698924731,0.10122376889102759,0.016004522716522387,0.009066465373090402
13,78,amygdala,0.1,3.763440860215054,0.014425252344745228,0.002390470388557781,-0.06267428685402641
13,78,amygdala,0.125,3.763440860215054,-0.13360215567783484,-0.011983242105644104,-0.09072633529984217
13,78,amygdala,0.15,2.1236559139784945,-0.012946079492518157,-0.049217184936374996,-0.09815833406267498
13,78,amygdala,0.175,0.510752688172043,0.04390166110013533,0.03294008619745338,-0.0500191056796624
13,78,amygdala,0.2,0.4838709677419357,0.21296896556270575,0.18109135719014968,0.11230428899334166
13,78,amygdala,0.225,0.21505376344086025,0.30853937593298253,0.2547404087434759,0.2151147240111344
13,78,amygdala,0.25,0.34946236559139754,0.2858115118460798,0.28761232900902406,0.34109114172676314
13,78,amygdala,0.275,0.18817204301075274,0.15493920875967113,0.2328144131624378,0.3301043386628386
13,78,amygdala,0.3,0.1612903225806448,0.14925543828902824,0.3077598999328033,0.3064347474638483
13,78,amygdala,0.325,0.21505376344086025,-0.03636926454381117,0.31044650037548427,0.21595799476279698
13,78,amygdala,0.35,0.16129032258064502,-0.011004786346512497,0.3016187461837678,0.1966352744452718
13,78,amygdala,0.375,-0.026881720430107725,0.011930637295712193,0.26530955313648774,0.15638229962047867
13,78,amygdala,0.4,1.6129032258064515,0.0504097190532921,0.25842653219273726,0.19795621807163621
13,78,amygdala,0.425,3.3064516129032255,0.1641196675919173,0.2265411366142858,0.2283276545230849
13,78,amygdala,0.45,1.4247311827956992,0.2072915444013333,0.2573801870808259,0.3643625644942128
13,78,amygdala,0.475,6.397849462365592,0.280829718011979,0.2353638055001437,0.3061705105011942
13,78,amygdala,0.5,4.838709677419355,0.24529728983840132,0.11140265883728707,0.21471772251343302
13,78,amygdala,0.525,3.306451612903226,0.134354918679155,0.07605095952207623,0.15583251972147924
13,78,amygdala,0.55,5.053763440860216,0.11164583215635833,-0.0628258868406852,-0.033153643609875647
13,78,amygdala,0.575,3.494623655913978,0.09505288945552219,-0.03185614964909593,-0.04433811629184221
13,78,amygdala,0.6,6.989247311827958,0.10293931707966467,0.006800466338773797,-0.08020711306819903
13,78,amygdala,0.625,6.935483870967742,0.18776675536078277,-0.02801271118505305,-0.12961998204656586
13,78,amygdala,0.65,8.521505376344086,0.27544893382680447,0.07147605184187612,0.015397766487212671
13,78,amygdala,0.675,6.96236559139785,0.1574030526743609,0.0754657333224572,0.06804642548953534
13,78,amygdala,0.7,5.0,0.03609081521762148,0.16986104920269934,0.15506275033765687
13,78,amygdala,0.725,4.919354838709678,0.03884424855197412,0.27348054909244557,0.271057775536428
13,78,amygdala,0.75,1.8010752688172045,0.05377392056060385,0.06695965486557533,0.12740783600030053
13,78,amygdala,0.775,1.8279569892473115,-0.04392239816068085,0.05482205962070239,0.04400333624082951
13,78,amygdala,0.8,0.2150537634408598,0.008604093320330443,0.03530925089003531,0.07719332780787029
13,78,amygdala,0.825,0.5107526881720428,0.017673821798291963,0.05243881192899813,0.05335441023252032
13,78,amygdala,0.85,0.5913978494623655,-0.0797129839666668,0.061559411060495235,0.10729406923214849
13,78,amygdala,0.875,0.510752688172043,-0.05599007176520699,0.08534971057857255,0.0858183620901474
13,78,amygdala,0.9,0.4838709677419355,0.22448805678175865,0.13450971440835077,0.16256031697989418
13,78,amygdala,0.925,1.9623655913978493,0.12450653128099094,0.17637519103735136,0.15865068047071249
13,78,amygdala,0.95,3.629032258064516,0.20294499424501458,0.2622377766469497,0.19394810038877947
13,78,amygdala,0.975,2.016129032258064,0.3090013184307978,0.27651482615523,0.20782677529211357
13,78,amygdala,1.0,3.844086021505376,0.04639788873862081,0.05791450755052847,0.03783637355470863
13,78,amygdala,1.025,2.28494623655914,0.0892313427759505,-0.002639315991485006,0.006850990445982355
13,78,amygdala,1.05,0.2956989247311823,0.04567162175802352,0.00849006238299182,0.08312617349263696
13,78,amygdala,1.075,0.4569892473118278,-0.08313151349608884,-0.07792551891327511,-0.023892775137966206
13,78,amygdala,1.1,0.4569892473118278,0.01223656697972637,0.03924520580885214,0.0688444691787308
13,78,amygdala,1.125,2.043010752688172,-0.09437442884674203,-0.011929823943238015,0.052283993666726224
13,78,amygdala,1.15,2.3655913978494625,-0.16146382097214115,-0.003880228122357769,0.05131167337923855
13,80,amygdala,-0.15,-0.6720430107526881,0.14043314669731816,0.10381539144084098,0.03559642328049669
13,80,amygdala,-0.125,-0.7526881720430108,0.15988464725808432,0.1855847134777083,0.04616941307925392
13,80,amygdala,-0.1,0.9946236559139786,0.15597939811382533,0.12656965967380493,0.13904185241538425
13,80,amygdala,-0.075,1.021505376344086,0.12608372401911752,0.035084700981927924,0.14574590320338537
13,80,amygdala,-0.05,0.9946236559139786,0.024988879383491626,0.060669518105193596,0.21116224692965435
13,80,amygdala,-0.025,1.129032258064516,0.012581664557114194,-0.09758067344168,0.008279964335787234
13,80,amygdala,-0.0,-0.6989247311827956,0.05558737400624591,-0.017990547540311,0.03433429193789923
13,80,amygdala,0.025,-0.7526881720430108,0.10224512415257016,0.13528663644603986,0.0638802571007081
13,80,amygdala,0.05,-0.7258064516129032,0.1408189084324471,0.12340175334181158,0.042514791766377624
13,80,amygdala,0.075,-0.7795698924731183,0.044329715327824024,0.228583324185453,0.16976964246338944
13,80,amygdala,0.1,-0.7526881720430109,-0.015472388890989628,0.03491741817290902,0.015711344703977885
13,80,amygdala,0.125,-0.6989247311827957,-0.05307992638403359,-0.006143509998152035,0.0034403655989651396
13,80,amygdala,0.15,-0.7795698924731183,0.012994120399462312,-0.06303340514876787,0.0023842422751306994
13,80,amygdala,0.175,-0.7526881720430106,0.02104650647712679,-0.08353018576332757,-0.06576288001209872
13,80,amygdala,0.2,-0.6720430107526881,0.12892714362763347,0.04796016799726677,0.029298860550928497
13,80,amygdala,0.225,-0.618279569892473,0.14194314373052877,-0.007906319581160871,-0.04969245393003063
13,80,amygdala,0.25,-0.6182795698924732,0.13234679485155668,0.10447900391126193,0.03176726470274856
13,80,amygdala,0.275,-0.5376344086021506,0.10796529738905022,0.03991852649173932,-0.03897530392484589
13,80,amygdala,0.3,1.021505376344086,0.09166637096917271,0.13069850312378822,0.08516101561007014
13,80,amygdala,0.325,0.860215053763441,0.05047831866273578,0.17157860617475362,0.06984721307287643
13,80,amygdala,0.35,2.634408602150538,0.0559480278638678,0.355695277789772,0.24314030524565244
13,80,amygdala,0.375,4.301075268817204,0.07284025897480005,0.31945485288865844,0.25871470272381697
13,80,amygdala,0.4,2.7150537634408605,-0.0047500281894599225,0.23275138128353623,0.1697510074022783
13,80,amygdala,0.425,5.994623655913979,0.0403447534898631,0.1751286556047612,0.1807719325612258
13,80,amygdala,0.45,4.220430107526882,-0.004591759500150906,-0.030808224213850342,0.01200683058485406
13,80,amygdala,0.475,3.978494623655914,0.0018587969185882508,-0.02024658797477664,-0.005176034496376513
13,80,amygdala,0.5,3.9516129032258065,0.003153430837247139,0.016164884201744348,0.004232983736484898
13,80,amygdala,0.525,2.3118279569892475,0.043001819543024754,0.02663931143920359,0.07070325870124833
13,80,amygdala,0.55,3.924731182795699,0.09806497836902976,0.07402773677946295,0.0942329543475046
13,80,amygdala,0.575,4.086021505376344,0.1255892936711909,0.05950547494920573,0.13493114259052608
13,80,amygdala,0.6,3.844086021505376,0.15391696230480045,-0.11735957953353635,0.04430092662764854
13,80,amygdala,0.625,2.204301075268817,-0.02570840690002726,-0.2679769834496804,-0.16175695757514408
13,80,amygdala,0.65,0.40322580645161277,0.10251473865065547,-0.2176679026854294,-0.09103529550700198
13,80,amygdala,0.675,0.32258064516129026,-0.003077445358611537,-0.25166966866309043,-0.1916458671553043
13,80,amygdala,0.7,0.295698924731183,-0.0675282224718018,-0.056721512620506155,-0.08900450118643252
13,80,amygdala,0.725,0.3763440860215055,0.009967191687768679,0.04663420691902943,-0.02848166786756245
13,80,amygdala,0.75,3.897849462365591,-0.13380267334047227,-0.03627738658612511,-0.16188748693112287
13,80,amygdala,0.775,2.016129032258064,0.00843483987083707,0.10432996112083912,-0.029480993723314034
13,80,amygdala,0.8,2.28494623655914,0.1435051453539438,0.03318802792708899,-0.015313220689004594
13,80,amygdala,0.825,2.3118279569892475,0.12752986954990086,0.13842595771095256,0.10659340695772301
13,80,amygdala,0.85,-1.1021505376344087,0.0822020969348204,0.19368358321323986,0.1327012939547718
13,80,amygdala,0.875,4.112903225806452,0.009075412135673809,0.10457349892696866,0.09428999621479282
13,80,amygdala,0.9,4.005376344086022,0.037386706298284146,0.25211160788623843,0.2262217525857835
13,80,amygdala,0.925,7.231182795698925,0.09121240985065897,0.23028389605424446,0.2517728235174776
13,80,amygdala,0.95,8.951612903225806,0.1817032379893053,0.2431200199589145,0.2574009958223045
13,80,amygdala,0.975,5.510752688172043,0.23098257336993666,0.34512163232549914,0.3167800429765236
13,80,amygdala,1.0,5.591397849462366,0.25298239231846414,0.3035174808347601,0.29051397379522725
13,80,amygdala,1.025,2.28494623655914,0.21910568120675852,0.19083939713231401,0.12714230549524896
13,80,amygdala,1.05,0.564516129032258,0.17329466782396394,0.16983546968968005,0.16763162571703144
13,80,amygdala,1.075,-0.9946236559139784,0.20014913428545167,0.05603716438973059,0.1046103622111569
13,80,amygdala,1.1,2.39247311827957,0.12408084307823788,-0.054205866908596474,0.009222224823382547
13,80,amygdala,1.125,2.473118279569893,0.1760835324530066,-0.018533557883691622,0.05607211550503205
13,80,amygdala,1.15,4.193548387096774,0.2777523358811125,0.12591595256291427,0.18744040615023044
13,82,amygdala,-0.15,0.13440860215053774,-0.1228420454867877,-0.08036118919602166,-0.12728114699912232
13,82,amygdala,-0.125,0.053763440860215006,-0.07584322400968858,-0.06950736074204805,-0.09698950183544244
13,82,amygdala,-0.1,0.13440860215053774,-0.09596003639238113,-0.10820795782115285,-0.21579542623071596
13,82,amygdala,-0.075,-1.6129032258064517,-0.09054993769080813,-0.044331740327791476,-0.19961410371304045
13,82,amygdala,-0.05,-1.3978494623655915,-0.09032261488109163,-0.1008847530890071,-0.196733435125271
13,82,amygdala,-0.025,-1.478494623655914,0.007860916324874208,-0.011886575896090065,-0.12215700766439472
13,82,amygdala,-0.0,0.3763440860215055,0.016623635229794126,-0.041050762038532924,-0.10345121758706591
13,82,amygdala,0.025,0.5645161290322582,0.09795621693043358,-0.030902350198451386,-0.058869682661159446
13,82,amygdala,0.05,0.4838709677419357,0.041963160179993055,0.017645481284622573,-0.029501039022728364
13,82,amygdala,0.075,2.28494623655914,0.07280239367488647,0.11567522635577794,0.06693440282334336
13,82,amygdala,0.1,0.40322580645161277,0.12477056747621137,0.11365429571949821,0.07072248755564053
13,82,amygdala,0.125,0.34946236559139776,0.12215211547336806,0.1541672368516524,0.06507451281010923
13,82,amygdala,0.15,0.456989247311828,0.17659375398991625,0.1672031214248054,0.09088691872014357
13,82,amygdala,0.175,0.5376344086021503,0.06932771826698196,0.09624946699003373,0.038865113240063254
13,82,amygdala,0.2,0.564516129032258,-0.03672962871067915,0.005870031985724979,-0.06208257638235797
13,82,amygdala,0.225,0.5376344086021503,-0.07633718406347513,0.017553918561648618,-0.12857965825411408
13,82,amygdala,0.25,1.9086021505376345,0.21613857224128227,0.18473080882612294,0.07892624485156625
13,82,amygdala,0.275,13.279569892473118,0.3746346700096037,0.2779426856969524,0.2023369301357333
13,82,amygdala,0.3,19.838709677419356,0.4237040163290168,0.4883138207792885,0.42338456117722306
13,82,amygdala,0.325,23.225806451612904,0.5323877452183455,0.5930541246966625,0.5585870312231409
13,82,amygdala,0.35,23.36021505376344,0.4587501288687437,0.5042722777612443,0.49990861615143056
13,82,amygdala,0.375,11.989247311827958,0.4368399754553793,0.47021508136609014,0.48669490544648275
13,82,amygdala,0.4,7.016129032258065,0.34731410423976605,0.4296166736933184,0.4165249504990428
13,82,amygdala,0.425,6.96236559139785,0.23119003881960667,0.32781247156285703,0.32565742577327017
13,82,amygdala,0.45,7.043010752688173,0.17913810972204597,0.29060740567344534,0.19608322934200578
13,82,amygdala,0.475,8.46774193548387,0.22015182971256234,0.21847520356808636,0.20657656641374078
13,82,amygdala,0.5,6.74731182795699,0.28608812707562165,0.14709108516812205,0.22423995598116445
13,82,amygdala,0.525,6.774193548387097,0.19514565435742426,0.0934955183061222,0.1960068681126908
13,82,amygdala,0.55,6.881720430107527,0.19732682645559324,0.04592392424912244,0.1787733446918135
13,82,amygdala,0.575,8.682795698924732,0.17091609897401733,0.05979043745027461,0.08718752495044636
13,82,amygdala,0.6,8.602150537634408,0.2053608717723076,0.17771613903372774,0.076516670972855
13,82,amygdala,0.625,6.666666666666668,0.2631054583333826,0.1929996636725376,0.09897763940783919
13,82,amygdala,0.65,4.596774193548388,0.2823237103322703,0.18688885820762577,0.12219351922589158
13,82,amygdala,0.675,-0.5645161290322578,0.3029693772632451,0.1508701197610411,0.1718439169613106
13,82,amygdala,0.7,-0.5913978494623648,0.2534102392945288,0.06590340623404069,0.03558103710928755
13,82,amygdala,0.725,1.2903225806451615,0.18807231256461093,-0.013995347674122388,-0.08512526075945602
13,82,amygdala,0.75,1.3709677419354842,0.09440738690401347,0.019858648998173117,-0.08873348719024973
13,82,amygdala,0.775,1.5053763440860213,0.14909298829867643,0.09899056411473736,-0.08679492661580172
13,82,amygdala,0.8,3.3333333333333335,0.2162970815449508,0.12830819062749593,0.0027630657818591016
13,82,amygdala,0.825,3.252688172043011,0.31672421819385604,0.35374705419087754,0.18829290832828635
13,82,amygdala,0.85,3.494623655913978,0.2457642548998122,0.16299334809240715,0.0785957611643194
13,82,amygdala,0.875,5.241935483870968,0.2364870272145616,0.26167192696292213,0.15364698860565323
13,82,amygdala,0.9,3.521505376344086,0.13536379160079076,0.23549326565689951,0.14016470879168713
13,82,amygdala,0.925,1.9086021505376345,0.07514744463768198,0.06405607616892789,0.0044639334824862105
13,82,amygdala,0.95,3.602150537634408,0.12914815753470482,0.19938330277117497,0.11533407189236014
13,82,amygdala,0.975,3.467741935483871,0.22249287433567763,0.14925887915270036,0.10251149197470613
13,82,amygdala,1.0,5.134408602150538,0.21073728768805672,0.12427274312630301,-0.008737301011030119
13,82,amygdala,1.025,6.74731182795699,0.30004822774673506,0.22176780265162316,0.06782699401171405
13,82,amygdala,1.05,6.666666666666667,0.20062661920312996,0.0996731821273726,0.005521099464909319
13,82,amygdala,1.075,9.973118279569892,0.12778224137886726,0.17273277931694475,0.08128444456814374
13,82,amygdala,1.1,8.387096774193548,0.12022606741884569,0.09234873236976203,0.03473197503211098
13,82,amygdala,1.125,5.10752688172043,0.09917623699728448,0.12360203449702077,0.11717419304972174
13,82,amygdala,1.15,5.053763440860215,0.11302833122368197,0.13196864634495037,0.10259781965689894
13,83,amygdala,-0.15,2.688172043010752,0.022565499480966242,-0.09948176182015141,-0.03573295233836979
13,83,amygdala,-0.125,2.60752688172043,-0.13711810617634,-0.20216131038819357,-0.11158998607439043
13,83,amygdala,-0.1,0.9946236559139798,-0.059463351821206906,-0.014355860666955184,0.011499987852214542
13,83,amygdala,-0.075,0.8870967741935498,-0.07175174932484076,-0.08795540873355434,-0.02741567018441115
13,83,amygdala,-0.05,0.6989247311827969,0.03422907044149295,-0.12572747914213306,-0.05762615656605773
13,83,amygdala,-0.025,-2.661290322580645,0.09172715308264513,-0.04910130540221638,-0.050860386436875224
13,83,amygdala,-0.0,-0.6451612903225801,0.004543492770943918,-0.13530929875715567,-0.1657864356588806
13,83,amygdala,0.025,-2.741935483870969,-0.00936219354933436,-0.11749935555377126,-0.20948864694041894
13,83,amygdala,0.05,-2.741935483870969,0.08164006205794941,0.08235285336996144,0.007509765608698184
13,83,amygdala,0.075,-0.537634408602151,0.11110361053002475,0.09647057686132242,0.09542170556688748
13,83,amygdala,0.1,-2.5,0.1377498267665357,0.18622961792429613,0.16476508854089694
13,83,amygdala,0.125,-0.510752688172043,0.19907749054866059,0.16415252006370507,0.16479736811549525
13,83,amygdala,0.15,-2.069892473118279,0.13017686820801416,0.1648584693353643,0.18854780950378908
13,83,amygdala,0.175,-0.5913978494623668,0.153844780359811,0.1837398796823453,0.20091039826759574
13,83,amygdala,0.2,-1.989247311827957,0.16081071451376164,0.1785935271452216,0.20900545348195074
13,83,amygdala,0.225,-0.456989247311828,0.1505060705885914,0.3480468763889813,0.3598373232492053
13,83,amygdala,0.25,2.715053763440861,0.10944205327616165,0.31895846842071335,0.29958841816561904
13,83,amygdala,0.275,5.752688172043011,0.07565915189856084,0.3540593992375678,0.3006275074261808
13,83,amygdala,0.3,10.134408602150536,0.16082956584999622,0.37468461415322185,0.34343337149990505
13,83,amygdala,0.325,14.892473118279568,0.1711291388042638,0.4600095488112834,0.4763123989540848
13,83,amygdala,0.35,21.720430107526884,0.2796826274194461,0.6187756261937212,0.6236440817208774
13,83,amygdala,0.375,18.897849462365592,0.36430880305984265,0.6374389830821579,0.6427636523919134
13,83,amygdala,0.4,17.473118279569892,0.27205830049344115,0.618279744411236,0.585394412096232
13,83,amygdala,0.425,13.037634408602152,0.363680989767066,0.6113791579340513,0.5165512364107192
13,83,amygdala,0.45,9.489247311827958,0.16808920818536194,0.5297718659068646,0.44228520533706167
13,83,amygdala,0.475,12.06989247311828,0.26323911345195833,0.5354741727332818,0.41361078261098033
13,83,amygdala,0.5,11.96236559139785,0.24573573008580624,0.4883262051622566,0.39424756943886113
13,83,amygdala,0.525,13.333333333333334,0.14761605419494367,0.326878598552861,0.27739453507144585
13,83,amygdala,0.55,13.333333333333337,0.18353893177528935,0.2593391153474476,0.19954626639176587
13,83,amygdala,0.575,8.629032258064518,0.1137274075828391,0.2194186208910411,0.19312297253669056
13,83,amygdala,0.6,12.016129032258062,0.13984778446232177,0.22883026304033108,0.219186465676572
13,83,amygdala,0.625,15.026881720430106,0.09922532235596705,0.314200809376735,0.3329628611058418
13,83,amygdala,0.65,18.172043010752688,-0.001043891333439702,0.2473004029682884,0.2655812316855983
13,83,amygdala,0.675,19.166666666666668,0.0149941065863866,0.44217314321078854,0.47182985402705996
13,83,amygdala,0.7,15.645161290322582,0.09043482462509443,0.4214105195841833,0.38490098678642237
13,83,amygdala,0.725,9.274193548387094,0.10443594675419007,0.28818517893028034,0.21920603788620155
13,83,amygdala,0.75,0.672043010752688,0.2676829914688993,0.34609979499932203,0.2988720696368247
13,83,amygdala,0.775,0.9408602150537639,0.31873315353983817,0.308425230938502,0.27067182968681014
13,83,amygdala,0.8,2.6344086021505397,0.2902571409818093,0.30219946917906065,0.25448108316275136
13,83,amygdala,0.825,4.032258064516126,0.26554671841771876,0.3182844545014447,0.2750914341664626
13,83,amygdala,0.85,7.231182795698926,0.16068609540654957,0.29877253453752567,0.23978489237105682
13,83,amygdala,0.875,5.86021505376344,0.10028332404187468,0.2818692215225566,0.2291646506635046
13,83,amygdala,0.9,4.193548387096774,-0.002693714473637351,0.2166153035215545,0.16347797366895356
13,83,amygdala,0.925,7.768817204301076,0.13820266915721174,0.22549124114284083,0.18421091472913623
13,83,amygdala,0.95,8.091397849462366,0.14212155860718156,0.19891928802727638,0.19576385861504886
13,83,amygdala,0.975,11.31720430107527,0.13710751688756367,0.2428564250769822,0.14555514208788037
13,83,amygdala,1.0,11.720430107526882,0.15510152863644988,0.25098710040054234,0.21953418991741644
13,83,amygdala,1.025,8.440860215053766,0.012770787836877552,0.20087279035853614,0.19563218817846287
13,83,amygdala,1.05,8.306451612903226,-0.0661139463748624,0.2242578951159657,0.19218104781818876
13,83,amygdala,1.075,5.026881720430108,-0.028235250522590745,0.22455688412009894,0.20661679714545644
13,83,amygdala,1.1,4.946236559139786,-0.05740186321411154,0.2079607874917635,0.23492998586964461
13,83,amygdala,1.125,7.177419354838711,-0.14040104165072637,0.10422439872856497,0.1216503309530427
13,83,amygdala,1.15,9.220430107526882,-0.1129533380290493,0.00017925036640293476,0.08050902171011814
13,84,amygdala,-0.15,-0.8064516129032258,0.2231881769117492,0.030051230449018536,-0.11488816563970931
13,84,amygdala,-0.125,2.5,0.09667283332609938,-0.08656877514412452,-0.08691819502361645
13,84,amygdala,-0.1,2.338709677419355,0.17281703424076797,0.015123614599241247,-0.012348119785148283
13,84,amygdala,-0.075,2.1774193548387095,0.09767277697121328,-0.16643219212310717,-0.10558094215212117
13,84,amygdala,-0.05,2.311827956989248,0.04723601789078716,-0.09810772691585633,-0.05020050450797096
13,84,amygdala,-0.025,-1.0752688172043012,0.02254410651252597,-0.022878506114689525,-0.10135094608906918
13,84,amygdala,-0.0,-1.021505376344086,-0.15322324090521475,-0.18752907615062236,-0.062120607888364654
13,84,amygdala,0.025,-0.913978494623656,-0.20098118333643833,-0.08963331635488417,-0.0066373856987976786
13,84,amygdala,0.05,-1.0483870967741935,-0.0012262453230439177,-0.07078779819389888,0.013934605943680884
13,84,amygdala,0.075,-0.9677419354838712,0.1490159017620712,0.002844143874001358,0.10618137129605071
13,84,amygdala,0.1,-0.8064516129032256,0.3444181865275065,0.03875330840110131,0.035216884820772676
13,84,amygdala,0.125,-0.7258064516129032,0.352786539258764,0.20762606576358536,0.1335746080008422
13,84,amygdala,0.15,-0.6720430107526882,0.15457884311413106,0.1002665362629804,0.07203143102251093
13,84,amygdala,0.175,-0.860215053763441,0.1799086771640302,0.07976431110744443,0.03966626514112538
13,84,amygdala,0.2,-0.913978494623656,0.14163565272446454,0.11768171145697731,0.12191570107568571
13,84,amygdala,0.225,-1.1021505376344087,0.25322571887682793,0.19712048259322712,0.17502939402674475
13,84,amygdala,0.25,-1.1827956989247312,0.22243231257999604,0.30583059005679153,0.21902773636703693
13,84,amygdala,0.275,0.34946236559139754,0.15186589591216032,0.407172730252295,0.2539995239018664
13,84,amygdala,0.3,3.548387096774193,-0.02147835109025744,0.3347873972324569,0.24989805478037294
13,84,amygdala,0.325,5.241935483870968,-0.019951910293019827,0.3787872887373723,0.27745115580497726
13,84,amygdala,0.35,8.440860215053764,0.15394944975946254,0.5202669056560677,0.3834318501553315
13,84,amygdala,0.375,8.440860215053764,0.10624778794993085,0.43940762340554,0.3637881385140634
13,84,amygdala,0.4,5.161290322580645,0.19510248273648104,0.46097058644898675,0.35984613794718084
13,84,amygdala,0.425,5.21505376344086,0.2234734414381926,0.4078980106920633,0.3405115889017576
13,84,amygdala,0.45,5.241935483870968,0.15463065078206223,0.2849583373940066,0.2989616026221724
13,84,amygdala,0.475,3.4946236559139785,0.27889373245548155,0.3533016026529518,0.4840313424816459
13,84,amygdala,0.5,6.774193548387098,0.1832552316936597,0.15957919081061026,0.28266785081389906
13,84,amygdala,0.525,5.053763440860216,0.2062844769479941,0.22580555686392842,0.24245668605713178
13,84,amygdala,0.55,3.306451612903226,0.05080841947029811,0.20487865020869034,0.19482309356156607
13,84,amygdala,0.575,3.1989247311827955,0.15688719248081756,0.09691883121514627,0.07649674352264074
13,84,amygdala,0.6,0.026881720430107503,0.266361074733278,0.17307431445389518,0.16432532600421773
13,84,amygdala,0.625,1.8010752688172043,0.2816390627134819,0.09319391431027652,0.16557416484540816
13,84,amygdala,0.65,5.21505376344086,0.32243915990130456,0.12468042728257868,0.17835741261797886
13,84,amygdala,0.675,5.295698924731183,0.19912897162603532,0.18513686070111637,0.21369274467045488
13,84,amygdala,0.7,8.494623655913978,0.0015723197747796061,0.14272868300370042,0.16796712628507654
13,84,amygdala,0.725,8.333333333333334,-0.03077919143609542,0.07496265412098391,0.11349660287993975
13,84,amygdala,0.75,3.440860215053763,-0.041515861540795576,-0.011873213320032975,0.044100506617265334
13,84,amygdala,0.775,3.709677419354839,-0.05794718869663236,0.033657295690337215,0.08087554061513069
13,84,amygdala,0.8,0.4838709677419357,0.08996045145061324,0.051212091974194546,0.14754289559033765
13,84,amygdala,0.825,-1.021505376344086,0.03695042388079008,0.18009119967430665,0.212942260419386
13,84,amygdala,0.85,0.6451612903225807,-0.051381279216116627,0.1947276016668768,0.2403807561097363
13,84,amygdala,0.875,0.6989247311827956,-0.13403725374924202,0.1359773417132583,0.1087590488063241
13,84,amygdala,0.9,2.338709677419355,-0.23205922264589848,0.06684763277788856,0.0667337526539058
13,84,amygdala,0.925,3.8978494623655915,-0.10312190706456695,0.11572815846552825,0.09464385667183253
13,84,amygdala,0.95,2.338709677419355,-0.054474265663727914,0.051841576217768824,0.019549119502972792
13,84,amygdala,0.975,2.231182795698925,0.007967925616234005,0.16010810811436066,0.1695474625029306
13,84,amygdala,1.0,0.4569892473118278,0.16650860735144327,0.0491381977411893,0.08911457025963726
13,84,amygdala,1.025,-1.1290322580645162,0.10987256111658389,-0.042942855280830285,-0.04877974823162275
13,84,amygdala,1.05,-1.2634408602150542,0.033500678769730466,-0.06907441934451851,-0.02230614502241954
13,84,amygdala,1.075,-1.3172043010752692,-0.05734848456429698,-0.07226289386121741,-0.14066814451630968
13,84,amygdala,1.1,-1.3709677419354842,-0.14377896085998634,0.09768375778495762,-0.08898141856135337
13,84,amygdala,1.125,-1.3709677419354838,-0.05948781609590847,0.1060316502195052,-0.014660762739165714
13,84,amygdala,1.15,-1.1827956989247312,-0.030025223497481303,0.13699353814918955,0.041498950708765595
13,85,amygdala,-0.15,0.3763440860215055,0.06490461968724524,-0.1991971475990842,-0.10461006587146318
13,85,amygdala,-0.125,2.096774193548387,0.055089518311646574,-0.07790567434784917,0.07844830093534663
13,85,amygdala,-0.1,3.9247311827956994,0.0841602424509753,0.02422324321467186,0.2022226735891516
13,85,amygdala,-0.075,4.032258064516129,0.13017071948091571,0.10766662899438452,0.31523896073693347
13,85,amygdala,-0.05,3.9516129032258065,0.05605152195040303,-0.00492589693366169,0.16574346893104835
13,85,amygdala,-0.025,0.7526881720430105,0.13845259938501867,-0.05231239222966672,0.038786458556388126
13,85,amygdala,-0.0,-2.849462365591398,0.11069049354363662,-0.12250504633855286,-0.02605392646913842
13,85,amygdala,0.025,-2.956989247311828,0.07351394996627267,-0.20293263430717826,-0.1461228741679236
13,85,amygdala,0.05,-1.4516129032258067,0.13092568725746562,-0.0935956359319899,-0.07136248597071622
13,85,amygdala,0.075,-1.5322580645161288,0.12407709883892282,-0.05424177791522615,-0.09918939112341688
13,85,amygdala,0.1,0.2956989247311834,0.08383159904285581,-0.0908132718580414,-0.17894723016339165
13,85,amygdala,0.125,0.7258064516129035,0.11476716400724546,-0.01910194215748417,-0.19552924238271452
13,85,amygdala,0.15,0.5913978494623664,0.17803207741859908,0.0535029423110059,-0.19018948049217554
13,85,amygdala,0.175,3.7903225806451615,0.08586342953914759,0.043537839910508004,-0.13592678692439408
13,85,amygdala,0.2,2.0430107526881724,0.2194828226357134,0.25116881483861353,0.09346846548667982
13,85,amygdala,0.225,4.650537634408603,0.29745882523317396,0.3905528966393384,0.3698824648772406
13,85,amygdala,0.25,6.129032258064516,0.28578378510479074,0.48862457510732904,0.4507202422589296
13,85,amygdala,0.275,10.403225806451614,0.4558981125565171,0.6092745672308635,0.5953499033137643
13,85,amygdala,0.3,20.913978494623656,0.4810326430640537,0.6917208511818537,0.6614071043872751
13,85,amygdala,0.325,23.548387096774192,0.5386194651682696,0.7393521266426755,0.6670771472730317
13,85,amygdala,0.35,24.35483870967742,0.5257953788933553,0.7087219024269584,0.6371074610044004
13,85,amygdala,0.375,17.956989247311828,0.5049201140383337,0.6913380282240535,0.6033838727625919
13,85,amygdala,0.4,11.424731182795698,0.46321144048417146,0.6952750303544128,0.5656216139816604
13,85,amygdala,0.425,8.279569892473118,0.3789469617060304,0.681424350334553,0.5673925574911269
13,85,amygdala,0.45,10.053763440860216,0.3584736234275606,0.699071809052812,0.5940028294704882
13,85,amygdala,0.475,13.118279569892472,0.3319566629433599,0.6171184559307298,0.5393470578432653
13,85,amygdala,0.5,13.387096774193548,0.34585122623038483,0.5695955362104527,0.5080601438499895
13,85,amygdala,0.525,15.161290322580646,0.3425999587376442,0.5148397511605362,0.3806242868982502
13,85,amygdala,0.55,11.801075268817202,0.30500180909525104,0.44026215717667383,0.3343830664725325
13,85,amygdala,0.575,8.548387096774194,0.357937553191525,0.5070908985791952,0.37954993135003123
13,85,amygdala,0.6,8.279569892473118,0.31088153506530564,0.5635631253573934,0.4017444553800939
13,85,amygdala,0.625,4.892473118279568,0.3618476513080659,0.5355649739486703,0.43637405747158553
13,85,amygdala,0.65,6.935483870967744,0.4208906700146825,0.5828205062743264,0.45056088609423167
13,85,amygdala,0.675,8.763440860215052,0.37859023226395805,0.5458163762017463,0.4166042592098525
13,85,amygdala,0.7,5.86021505376344,0.397678041120924,0.47611131639597126,0.3167048281750528
13,85,amygdala,0.725,8.010752688172042,0.48012327633664603,0.525112377438749,0.33668683249200665
13,85,amygdala,0.75,8.064516129032258,0.4144974187371754,0.5578081022536909,0.30813322619821426
13,85,amygdala,0.775,9.381720430107528,0.46002209346862977,0.5366924423800681,0.335915779348722
13,85,amygdala,0.8,7.903225806451613,0.4579550602749173,0.5121461125314597,0.3659929462673328
13,85,amygdala,0.825,4.543010752688171,0.44925796068000645,0.48357362734425696,0.3632780101053832
13,85,amygdala,0.85,1.5053763440860202,0.49953655096245464,0.4404194975530009,0.4007870985028322
13,85,amygdala,0.875,-1.0483870967741935,0.42249001178962137,0.36120737449091517,0.3663930249167748
13,85,amygdala,0.9,0.860215053763441,0.40477757668487324,0.4245621525165146,0.4190337328792124
13,85,amygdala,0.925,1.0215053763440856,0.37439419590662587,0.3927423303535214,0.32749882434542626
13,85,amygdala,0.95,1.1559139784946226,0.27704236039637675,0.36877365070276674,0.32774745369475916
13,85,amygdala,0.975,1.075268817204301,0.25885418940468213,0.3808935402367821,0.3177759514917264
13,85,amygdala,1.0,2.311827956989247,0.15556204610316285,0.34124197063295547,0.25242626957059605
13,85,amygdala,1.025,5.779569892473119,0.10798259362683353,0.2612531794452349,0.25388489500136874
13,85,amygdala,1.05,7.526881720430105,0.0711729603366885,0.1647013654816192,0.14252558555702532
13,85,amygdala,1.075,7.580645161290322,0.0166774511479672,0.1748954823151645,0.11999567001087308
13,85,amygdala,1.1,4.596774193548388,0.03469639430100851,0.04990647416432884,0.0699817310883072
13,85,amygdala,1.125,3.037634408602151,0.08542703715923856,0.1199783275420302,0.13607141368758643
13,85,amygdala,1.15,1.4247311827956985,0.22609678768953614,0.3104888176641606,0.29664144720342006
13,86,amygdala,-0.15,-1.4516129032258065,0.4194018058642934,0.23999879853320374,0.2898786447511358
13,86,amygdala,-0.125,-1.424731182795699,0.35908803417831126,0.1532357188231612,0.17568546667680976
13,86,amygdala,-0.1,-1.317204301075269,0.40111153946797484,0.1727958908882147,0.16448040047011006
13,86,amygdala,-0.075,-1.4516129032258067,0.17464735067989698,0.010689389624302811,-0.022782436471998922
13,86,amygdala,-0.05,-1.3709677419354838,0.08431498413464025,-0.11000383799647895,-0.10111688314697799
13,86,amygdala,-0.025,0.29569892473118253,0.1620965992042552,-0.017240236878504657,-0.042648344329019476
13,86,amygdala,-0.0,0.26881720430107525,0.15532484858678194,0.06144213414285359,0.01389150057967558
13,86,amygdala,0.025,0.32258064516129026,0.034804498282827015,0.06982772082823266,0.01052610513659733
13,86,amygdala,0.05,0.29569892473118253,0.07819079112478107,0.05740973490057067,-0.008461252335321745
13,86,amygdala,0.075,-1.4784946236559138,-0.03868286595990211,-0.006090724171433154,-0.09182105062000559
13,86,amygdala,0.1,-1.424731182795699,0.007289651949780869,-0.07850602861901552,-0.2159525516275232
13,86,amygdala,0.125,-1.263440860215054,0.09544699928391358,-0.06353096797762071,-0.17318415958397512
13,86,amygdala,0.15,0.37634408602150526,-0.05275305342524121,-0.05018639347598,-0.21805687611489458
13,86,amygdala,0.175,0.34946236559139754,-0.01172147951790261,0.0641553832545992,-0.07805254342547677
13,86,amygdala,0.2,0.510752688172043,-0.11434242871584017,0.03088845155854824,0.013265486785412235
13,86,amygdala,0.225,0.24193548387096775,-0.050743733134655473,0.16206042839429724,0.06536572667399057
13,86,amygdala,0.25,1.8010752688172045,0.03372895368991571,0.13532349751981493,0.10906872776602072
13,86,amygdala,0.275,3.225806451612903,0.03735992413546639,0.2283253886261991,0.22426568096091046
13,86,amygdala,0.3,6.236559139784947,0.18207069085483935,0.31566597638144944,0.30121758343264676
13,86,amygdala,0.325,6.182795698924732,0.34812154193377953,0.5064157489340627,0.4790730698956286
13,86,amygdala,0.35,4.193548387096774,0.46217390337942355,0.5833938622442394,0.597549225182647
13,86,amygdala,0.375,2.580645161290322,0.5050832527124749,0.5075500177020823,0.4599991862002896
13,86,amygdala,0.4,10.564516129032258,0.3821314927420795,0.4994356402479895,0.5116119098379561
13,86,amygdala,0.425,10.295698924731184,0.3158317588287614,0.4905637770344935,0.45908708172157026
13,86,amygdala,0.45,12.231182795698924,0.2427072615287551,0.483768430100646,0.4453857229001141
13,86,amygdala,0.475,14.059139784946238,0.24891061993026067,0.5143038299723898,0.5115872065625097
13,86,amygdala,0.5,2.39247311827957,0.18640086864825697,0.5004280325866736,0.4716211052495809
13,86,amygdala,0.525,2.688172043010753,0.06649124256070371,0.35039326234611595,0.3758855345237398
13,86,amygdala,0.55,2.6075268817204296,0.05343701486456607,0.3395224717848144,0.39195918784895994
13,86,amygdala,0.575,8.978494623655912,0.05456117148443026,0.3786206735277552,0.40213797083106806
13,86,amygdala,0.6,9.193548387096774,0.24338097549406876,0.449260344764159,0.40526857919367193
13,86,amygdala,0.625,14.03225806451613,0.30494066793548974,0.4928964248982853,0.38014896736749076
13,86,amygdala,0.65,10.67204301075269,0.20488293668696664,0.40857852860240546,0.28773321630024096
13,86,amygdala,0.675,7.204301075268817,0.23974148899480807,0.3817727722612983,0.2614055062584548
13,86,amygdala,0.7,8.844086021505376,0.18881310473684473,0.2907830788492262,0.18580330397424008
13,86,amygdala,0.725,3.9784946236559144,0.1723529164205225,0.42188849364558345,0.35392089588482467
13,86,amygdala,0.75,5.77956989247312,0.2808157796282319,0.42634500887826365,0.3624452508402897
13,86,amygdala,0.775,1.0483870967741944,0.28632551002438816,0.37839604414413247,0.3158309409131737
13,86,amygdala,0.8,0.8870967741935485,0.3464145666003517,0.5717655395287691,0.5205553023254985
13,86,amygdala,0.825,0.9946236559139785,0.42272718135989684,0.49506900271583953,0.43959565931551065
13,86,amygdala,0.85,5.99462365591398,0.4490342079454962,0.49179811899251813,0.4426997871942163
13,86,amygdala,0.875,7.82258064516129,0.4518882649580883,0.39029330400201767,0.3812398390526547
13,86,amygdala,0.9,8.306451612903226,0.3657580834345511,0.15887881945014468,0.18616746996161168
13,86,amygdala,0.925,8.279569892473118,0.29402415448645464,0.06673303442996666,0.16055808562652135
13,86,amygdala,0.95,1.586021505376344,0.19196208590975722,0.026932154450620572,0.1606262691162635
13,86,amygdala,0.975,-0.16129032258064502,0.06993897785923543,0.012805728340423391,0.13508579126675319
13,86,amygdala,1.0,-1.774193548387097,0.00553904538750321,0.0985789526935354,0.15463837340280703
13,86,amygdala,1.025,0.13440860215053774,-0.11792540207537315,0.021453404549053978,0.07635772268797048
13,86,amygdala,1.05,1.8548387096774193,-0.05163764270901501,0.10408507594666068,0.0752295401097882
13,86,amygdala,1.075,2.1236559139784945,-0.06858401988218295,0.05028759995379024,0.017855542339756753
13,86,amygdala,1.1,2.0698924731182795,0.0512930019208724,0.12504387231406675,0.0402977174790991
13,86,amygdala,1.125,2.0161290322580645,0.2099810798722321,0.35077131382201854,0.2289757187449288
13,86,amygdala,1.15,0.3763440860215055,0.11372291761703428,0.361468514896556,0.22929881078862627
13,88,amygdala,-0.15,0.34946236559139776,0.15304767935197328,0.12589449986358497,0.02362572716814453
13,88,amygdala,-0.125,0.2688172043010755,0.003160699014062755,-0.05972910700933975,-0.1489040424402898
13,88,amygdala,-0.1,0.13440860215053774,0.015024897998638098,-0.12046893081134245,-0.10652302010165501
13,88,amygdala,-0.075,-1.3978494623655913,-0.01648078094628534,-0.23859057960686678,-0.19689909909423406
13,88,amygdala,-0.05,-1.2634408602150538,0.019023706481881255,-0.14567505884398854,-0.0987316680289866
13,88,amygdala,-0.025,-1.2903225806451613,0.13681603717525362,0.07249559514896971,0.17145651650866803
13,88,amygdala,-0.0,-1.182795698924731,0.11145925900878319,0.044981172583403964,0.13110878181746372
13,88,amygdala,0.025,-1.2365591397849462,0.07734526225564772,0.0580851557462693,0.0839962342876633
13,88,amygdala,0.05,-1.3440860215053767,-0.06918383717252417,-0.002883793448795739,0.02260785241461565
13,88,amygdala,0.075,0.40322580645161277,-0.08812111240450662,-0.060135214691560995,-0.08972030655953207
13,88,amygdala,0.1,0.4569892473118278,0.019543248528388648,0.010697648062922784,-0.06988024367718035
13,88,amygdala,0.125,0.5376344086021503,-0.04001995805206023,0.0415871731925605,-0.0165677029138599
13,88,amygdala,0.15,0.6720430107526884,0.04211369644963079,0.09399498801524615,0.035273481472264744
13,88,amygdala,0.175,-0.9408602150537634,-0.001214366195867895,0.11219558902311186,0.000918179318826945
13,88,amygdala,0.2,0.7526881720430109,0.043846200350462106,0.09351085382799974,0.0602031782740265
13,88,amygdala,0.225,0.7258064516129031,0.0,0.0673430888684046,0.04821152953078966
13,88,amygdala,0.25,0.6182795698924732,0.1460047144225748,0.21743471317084984,0.23795960667910024
13,88,amygdala,0.275,3.8709677419354835,0.25571233548710587,0.24508510613057888,0.4051810222320054
13,88,amygdala,0.3,6.801075268817205,0.1612458905213576,0.3420686681808199,0.4377347597197165
13,88,amygdala,0.325,14.78494623655914,0.3074099081083662,0.4666914591350366,0.5335033805554142
13,88,amygdala,0.35,19.758064516129032,0.33430319313863754,0.49366876568753026,0.5317010138286132
13,88,amygdala,0.375,19.865591397849464,0.27599685595142825,0.3840248423235348,0.4044531253896709
13,88,amygdala,0.4,21.854838709677416,0.23567032876724137,0.38539285978390236,0.3586819254845597
13,88,amygdala,0.425,20.483870967741936,0.09560492877691718,0.27001334111720526,0.21177571223861996
13,88,amygdala,0.45,18.844086021505376,0.03695854046806279,0.14386829109143165,0.13171753806083566
13,88,amygdala,0.475,17.043010752688172,0.09973873804074182,0.12299243258394849,0.19261343371632023
13,88,amygdala,0.5,15.376344086021506,0.15023421017407235,0.11370231510327002,0.2211876488439835
13,88,amygdala,0.525,10.295698924731182,0.17861285446631853,0.041617980948996755,0.16373315571454017
13,88,amygdala,0.55,13.575268817204302,0.2792465584550107,0.1345283632463945,0.20331678566172467
13,88,amygdala,0.575,16.801075268817204,0.25918702568033225,0.0780291684207364,0.11013448904347842
13,88,amygdala,0.6,11.827956989247312,0.22570941166414724,0.039031623874854975,0.026573547181606854
13,88,amygdala,0.625,10.026881720430108,0.2328483377641801,0.1815754872068837,0.13361933217874436
13,88,amygdala,0.65,3.3602150537634405,0.23543157929194916,0.19431974938683255,0.17964082197670525
13,88,amygdala,0.675,-1.5322580645161292,0.09763503418758633,0.1549863109766797,0.13623685510332223
13,88,amygdala,0.7,0.02688172043010728,0.12444872280023311,0.2164762065016481,0.2054068629432232
13,88,amygdala,0.725,5.241935483870968,0.10279207500802477,0.2267943509622232,0.25813439179690234
13,88,amygdala,0.75,8.440860215053764,0.06048980334045843,0.08630167818587142,0.16213761720122874
13,88,amygdala,0.775,8.413978494623656,0.07390935862755714,0.13817719845159213,0.20926661425360657
13,88,amygdala,0.8,11.63978494623656,-0.02696669335573915,-0.017415422550628713,0.04876318314176039
13,88,amygdala,0.825,6.612903225806452,0.02917480644614033,-0.03526861999219182,0.02437525418420597
13,88,amygdala,0.85,5.295698924731184,0.06277977699701924,0.014752284292153578,0.042357771503030515
13,88,amygdala,0.875,8.763440860215054,0.11418989569503313,-0.13200675885312335,-0.020553622702749907
13,88,amygdala,0.9,7.204301075268818,0.2487487072073697,0.0448238587667911,0.09243700557134146
13,88,amygdala,0.925,8.763440860215054,0.2690782027395432,0.04221321123006872,0.0526631178637696
13,88,amygdala,0.95,6.908602150537635,0.1974079774826178,0.03450660150338501,0.011951856501954308
13,88,amygdala,0.975,3.602150537634408,0.035083463926415766,0.008866349748122181,-0.01074874400233889
13,88,amygdala,1.0,1.935483870967742,-0.00317864654836116,-0.017883341885127572,-0.01882311564725174
13,88,amygdala,1.025,2.1774193548387095,-0.004664706396932634,-0.034767997989560005,-0.06466847626058161
13,88,amygdala,1.05,2.204301075268817,0.02495806537298928,0.019904688807029697,0.04910197563257396
13,88,amygdala,1.075,5.591397849462366,0.12999254098162005,0.09348739564233229,0.09177621695455317
13,88,amygdala,1.1,9.13978494623656,0.2766272545575583,0.040680478611405634,0.08005443090244498
13,88,amygdala,1.125,9.059139784946236,0.26268916226254163,0.020365274774709237,0.026028651748575007
13,88,amygdala,1.15,14.193548387096774,0.18634197026550242,-0.128117489702201,-0.1261087303524778
13,89,amygdala,-0.15,1.2365591397849462,-0.006840373089398824,0.10826075627132692,-0.03582730063655423
13,89,amygdala,-0.125,4.56989247311828,0.06538498903764292,0.1869157838793488,0.10227065133170453
13,89,amygdala,-0.1,4.596774193548387,0.035688486430867784,0.07180395375622253,0.07845773936197753
13,89,amygdala,-0.075,2.903225806451613,0.1865525512351392,0.1500818491693841,0.1753776843069134
13,89,amygdala,-0.05,2.9838709677419355,0.06732578446674448,0.0235805529883524,0.07779378696157381
13,89,amygdala,-0.025,1.1827956989247312,0.15674083426008145,-0.07324243460581938,-0.004149617437363327
13,89,amygdala,-0.0,1.2096774193548387,0.23469970373489574,0.013179680987272761,0.029400826817762314
13,89,amygdala,0.025,1.424731182795699,0.24690140119686935,-0.037099174273104725,-0.037099174273104725
13,89,amygdala,0.05,1.370967741935484,0.18284189034282217,-0.015335126286817345,-0.06487938044422722
13,89,amygdala,0.075,-0.24193548387096775,0.07524335444978253,-0.0230018544691045,-0.1369714949742155
13,89,amygdala,0.1,-0.2150537634408602,0.00431399352206934,-0.04616890939576336,-0.14727239587575014
13,89,amygdala,0.125,-0.3494623655913979,0.17523803474677463,0.08165041945966883,-0.14732336142722974
13,89,amygdala,0.15,-0.34946236559139787,0.28278298669365287,0.0794098996274422,-0.06218360780261778
13,89,amygdala,0.175,1.424731182795699,0.34668538717280617,0.18037874387957814,-0.052450556730941164
13,89,amygdala,0.2,3.064516129032258,0.41168310147533754,0.23524748655733574,0.07351483954916742
13,89,amygdala,0.225,4.704301075268817,0.05861154740999114,0.1826627888305986,0.16782242396449987
13,89,amygdala,0.25,6.236559139784946,0.13242762961170126,0.20778133199379517,0.22565814617097646
13,89,amygdala,0.275,4.489247311827957,0.21326913050104643,0.2672779691489704,0.28654033446312693
13,89,amygdala,0.3,2.7150537634408605,0.23733652556798746,0.3002376294401925,0.2871292068718426
13,89,amygdala,0.325,1.129032258064516,0.2240317175705199,0.1949734859679907,0.15504312689512745
13,89,amygdala,0.35,2.849462365591398,0.05694168949564695,0.10756403422234079,0.10864541942344506
13,89,amygdala,0.375,4.543010752688172,-0.023824807938531527,0.11861712888545486,0.12520696937909123
13,89,amygdala,0.4,4.543010752688172,0.09394586426305346,0.13435268760200117,0.26567486345358127
13,89,amygdala,0.425,4.435483870967742,0.2676071843367297,0.3058458789694974,0.42014805526561394
13,89,amygdala,0.45,1.129032258064516,0.28604689291289953,0.16980395610501164,0.22401184761586868
13,89,amygdala,0.475,-0.5376344086021506,0.3345077537039003,0.19791549562378108,0.25942977129063194
13,89,amygdala,0.5,-0.37634408602150543,0.30789416903519223,0.18429456512107642,0.11294323667930597
13,89,amygdala,0.525,-0.32258064516129037,0.27137966640139566,0.11694058703394873,0.1386342436929431
13,89,amygdala,0.55,-0.2956989247311828,0.16157069790797524,0.22014007589961626,0.24853859907782927
13,89,amygdala,0.575,1.3440860215053765,0.16477301038539172,0.16097377104055907,0.115458883689464
13,89,amygdala,0.6,2.903225806451613,0.2477877872605892,0.2468638689372312,0.18343332250669175
13,89,amygdala,0.625,3.010752688172043,0.1675084627136712,0.2309557597723763,0.11234350742670123
13,89,amygdala,0.65,3.010752688172043,0.12347527870706089,0.2355908317730722,0.08453307542252629
13,89,amygdala,0.675,3.010752688172043,0.1802216231850108,0.23953506879020423,0.207597059618177
13,89,amygdala,0.7,1.2903225806451613,0.015089291007086421,0.015089291007086421,0.112091876052642
13,89,amygdala,0.725,1.1559139784946235,0.07560209966566468,0.15222584932681135,0.2957676736920261
13,89,amygdala,0.75,2.795698924731183,0.08499900888456581,0.11352607351020777,0.2892812539815664
13,89,amygdala,0.775,1.1021505376344085,0.0688384305714228,0.1964574236153031,0.22628636576550543
13,89,amygdala,0.8,1.1827956989247312,0.004363925040223778,0.2285109839244451,0.19545094574093164
13,89,amygdala,0.825,1.1827956989247312,0.08140980166960043,0.13104992463886897,0.09530903610099561
13,89,amygdala,0.85,-0.48387096774193555,0.11382336727045367,0.2272568172108344,0.09552974586786576
13,89,amygdala,0.875,-0.5107526881720431,0.12805180438567226,0.08895201678699372,0.18474649640375615
13,89,amygdala,0.9,-0.48387096774193555,0.2248082596478916,0.07669928858575124,0.14586088846566142
13,89,amygdala,0.925,-0.43010752688172044,0.20102330597062285,0.08564012151126056,0.1662342275641813
13,89,amygdala,0.95,1.1827956989247312,0.12232872703863344,0.06161333964904631,0.13289693439996086
13,89,amygdala,0.975,1.1827956989247312,0.1120368126802165,0.10692539212637185,0.12301945954590973
13,89,amygdala,1.0,1.1559139784946235,0.1589904163320835,0.13517390160039433,0.2213991305723454
13,89,amygdala,1.025,2.795698924731183,0.13476908831883586,0.008298672271948344,0.08787821653831475
13,89,amygdala,1.05,1.129032258064516,0.1839533435142966,-0.023114917508360606,0.053336809653620136
13,89,amygdala,1.075,1.1559139784946237,0.12697277529577056,0.011779958622814474,0.012670879863195398
13,89,amygdala,1.1,1.021505376344086,0.21485280885274355,-0.039273847240092974,-0.10002698393186149
13,89,amygdala,1.125,-0.6182795698924731,0.1110135970899246,-0.13900021820503164,-0.11474514657193886
13,89,amygdala,1.15,-0.6451612903225806,0.0011683295517647793,0.05437225990905319,0.09005124698986992
13,90,amygdala,-0.15,1.263440860215054,0.04881090406441807,-0.052047422231492696,0.006867733671597368
13,90,amygdala,-0.125,1.344086021505376,-0.005358609647833449,-0.065695503574664,0.04384078187369621
13,90,amygdala,-0.1,1.102150537634408,-0.21426814254762894,-0.16278728495591444,-0.04125269940149077
13,90,amygdala,-0.075,-0.8333333333333333,-0.06814193377088719,0.03379777471110441,0.14968329323555324
13,90,amygdala,-0.05,0.8064516129032255,0.002690174034266099,-0.041945820378945196,0.015357498370373458
13,90,amygdala,-0.025,0.8064516129032255,0.02649768014674563,-0.017560901100203103,-0.07157239662056071
13,90,amygdala,-0.0,2.6344086021505375,0.08342692611324652,0.10681887438121507,0.003397713156241243
13,90,amygdala,0.025,2.8225806451612905,0.01755788840355767,0.026257979813104963,-0.009593756388171483
13,90,amygdala,0.05,-0.4569892473118278,-0.1875545714759619,-0.033073062695283435,-0.14502076813716713
13,90,amygdala,0.075,-0.4569892473118278,-0.18294686879735483,-0.012819442461052056,-0.07736415070437781
13,90,amygdala,0.1,-2.1505376344086025,-0.08333652743913016,0.17131458298879412,0.12107531565602737
13,90,amygdala,0.125,-1.8010752688172045,-0.06952500875147194,0.1762273218009638,0.09696350457170934
13,90,amygdala,0.15,-1.7473118279569892,0.020876451165555573,0.3255877529936837,0.24184320873744616
13,90,amygdala,0.175,-1.7741935483870965,0.0908798553933386,0.22929235442596224,0.15435446251904678
13,90,amygdala,0.2,1.3978494623655915,0.06876118167658288,0.12211901463850353,0.18209712247607523
13,90,amygdala,0.225,0.8602150537634414,0.2422372912225641,0.3321419390346587,0.3124264644130609
13,90,amygdala,0.25,0.40322580645161255,0.2816295954834116,0.2613338327424432,0.24300551638962994
13,90,amygdala,0.275,5.026881720430108,0.32508922672847873,0.35215202040640753,0.29348153640234814
13,90,amygdala,0.3,2.983870967741935,0.35708070642825257,0.5260674043783318,0.4198985579762608
13,90,amygdala,0.325,5.537634408602149,0.4011035862314349,0.5629295459038424,0.5200143742780104
13,90,amygdala,0.35,8.682795698924732,0.4383395946679728,0.61169654181748,0.598206423394107
13,90,amygdala,0.375,3.844086021505375,0.5005900462391143,0.6397878612439477,0.6586239693232928
13,90,amygdala,0.4,3.978494623655914,0.4925223338685039,0.6255750843715101,0.6641662523670109
13,90,amygdala,0.425,4.784946236559141,0.4029315721644722,0.5816816323186735,0.6921434232233796
13,90,amygdala,0.45,6.209677419354838,0.3256084088302485,0.5928588338828665,0.6736091057854222
13,90,amygdala,0.475,9.596774193548388,0.26054976641928457,0.5301362377138857,0.5624065162032976
13,90,amygdala,0.5,11.451612903225806,0.21012636362133827,0.4062460163603833,0.4107435840748811
13,90,amygdala,0.525,11.4247311827957,0.19704940531949497,0.41790948339150896,0.3166433357067417
13,90,amygdala,0.55,10.134408602150538,0.1804858526029136,0.27371712587866925,0.18453042566295605
13,90,amygdala,0.575,11.774193548387096,0.2807613384341099,0.20582147496582473,0.18176575311937618
13,90,amygdala,0.6,10.026881720430108,0.19703820573802183,0.22226713634455117,0.29073829939005524
13,90,amygdala,0.625,9.489247311827958,0.3381678966841733,0.2674708654265669,0.40116755296378664
13,90,amygdala,0.65,9.623655913978496,0.2830770057628534,0.16574408911204166,0.3231387419452852
13,90,amygdala,0.675,6.155913978494624,0.2237611792814608,0.22648491262536913,0.3043058653084647
13,90,amygdala,0.7,6.129032258064516,0.2506535200877633,0.24845098583543393,0.27201298016267844
13,90,amygdala,0.725,3.360215053763441,0.18642850372584083,0.22465379180733036,0.15595609475825983
13,90,amygdala,0.75,0.08064516129032295,0.17550295835219099,0.28356014009100333,0.1573563431505731
13,90,amygdala,0.775,0.349462365591398,0.08586314025105762,0.2936364688225358,0.15506934698794608
13,90,amygdala,0.8,-1.5322580645161292,0.08415111105017588,0.2634374868353944,0.13024811620633472
13,90,amygdala,0.825,3.360215053763441,-0.0013878755007713012,0.23886879452163837,0.1885454569195975
13,90,amygdala,0.85,4.838709677419355,0.08494542889850325,0.20866358986229427,0.15229024715106737
13,90,amygdala,0.875,4.89247311827957,0.2976493096902229,0.178022389208401,0.16185728594501686
13,90,amygdala,0.9,5.188172043010754,0.22508675485343593,0.10463380611468864,0.09755137951502839
13,90,amygdala,0.925,0.349462365591398,0.09308658458108034,0.07158912626102006,-0.009091093819688147
13,90,amygdala,0.95,0.6182795698924735,0.08947061532939007,0.09345345040224334,0.041572468048017445
13,90,amygdala,0.975,-0.9677419354838717,-0.043363805148685444,-0.038715828429155684,-0.03225020718243552
13,90,amygdala,1.0,0.752688172043011,-0.04591708587143464,0.025187907411587652,-0.01671371495944895
13,90,amygdala,1.025,0.860215053763441,-0.007023336971297248,-0.015321279541089184,0.027208927673988595
13,90,amygdala,1.05,-0.6182795698924728,-0.005555955797966256,-0.10097232344566845,-0.041500120537860626
13,90,amygdala,1.075,-0.6720430107526887,0.1149035014258251,0.01310119577021811,0.017599011483746083
13,90,amygdala,1.1,-2.258064516129033,0.016503569739020445,-0.06752884706504252,-0.08539030545347603
13,90,amygdala,1.125,-2.338709677419355,0.004630389765028283,0.00096793458364998,-0.12161967241591236
13,90,amygdala,1.15,0.6989247311827955,-0.09086970568145673,0.029206247007831164,-0.06129641427675876
13,92,amygdala,-0.15,0.6989247311827957,0.14382770080629997,0.0888877498719388,0.23594721249790707
13,92,amygdala,-0.125,0.6720430107526882,0.1271349839999367,-0.005560744193602914,0.188416078641114
13,92,amygdala,-0.1,0.7258064516129032,0.1935369644672559,0.05760941786872082,0.2056951650825481
13,92,amygdala,-0.075,-1.021505376344086,0.11403298160339499,-0.0005368252354966562,0.09462251124622642
13,92,amygdala,-0.05,-1.021505376344086,0.13569324682785108,0.1248310333737759,0.18983547140204962
13,92,amygdala,-0.025,-1.021505376344086,0.0159730649227482,0.05333862750989131,0.05835873362846931
13,92,amygdala,-0.0,-1.0483870967741935,0.10615260204975188,0.034224220113574844,0.017514747940476538
13,92,amygdala,0.025,-0.9408602150537635,0.07948287257702133,-0.06928361133724642,-0.1070773752898817
13,92,amygdala,0.05,-0.8602150537634409,0.17085402772145872,-0.10281819565340579,-0.19184693355403853
13,92,amygdala,0.075,-0.8870967741935483,0.3081823461217123,0.0633533297617371,0.008995878843197937
13,92,amygdala,0.1,0.7795698924731184,0.10007896207514777,0.03023612724515223,-0.030439835513406382
13,92,amygdala,0.125,2.5,0.134873539804317,0.10603611342968605,0.10664352160808852
13,92,amygdala,0.15,2.231182795698925,0.09567385774920753,0.20210477039351768,0.14809712785815737
13,92,amygdala,0.175,3.9516129032258065,0.06392605728026525,0.10901427030531718,0.0664619209300055
13,92,amygdala,0.2,2.39247311827957,0.1574248386455161,0.07401274007381682,0.13435892822126466
13,92,amygdala,0.225,0.7526881720430109,0.10835559692857644,0.06996346776450713,0.07629500330880641
13,92,amygdala,0.25,2.5,0.025697370068927364,0.2185146569969512,0.2730708117369652
13,92,amygdala,0.275,3.978494623655914,0.18189210073270476,0.38539260723409363,0.41033195302245634
13,92,amygdala,0.3,3.5483870967741935,0.28524275964954293,0.5604846715136913,0.567343176415697
13,92,amygdala,0.325,4.78494623655914,0.3948697397961545,0.6317196432826012,0.6302531660764352
13,92,amygdala,0.35,4.67741935483871,0.39546534559644364,0.6704473437017595,0.6344439564089767
13,92,amygdala,0.375,4.623655913978495,0.3178149799826429,0.7361149821396668,0.7181055567445813
13,92,amygdala,0.4,8.010752688172044,0.25988683321945144,0.6941466725149752,0.6761204794023068
13,92,amygdala,0.425,6.344086021505377,0.12166552031246265,0.6085182145081922,0.5984701892182867
13,92,amygdala,0.45,7.768817204301075,0.2200969282470066,0.6637319160825649,0.6574457548917111
13,92,amygdala,0.475,7.5,0.13531670478797006,0.6291207063669314,0.6471576364825329
13,92,amygdala,0.5,5.887096774193548,0.1312866476716829,0.5482598732408437,0.576444199311447
13,92,amygdala,0.525,7.39247311827957,0.17256832990487264,0.5938096355851297,0.6320187675434704
13,92,amygdala,0.55,9.193548387096774,0.10759468339076611,0.50189126483054,0.5583348048210921
13,92,amygdala,0.575,11.021505376344086,0.09234962244220639,0.5051650422158578,0.5198737420360043
13,92,amygdala,0.6,10.913978494623656,0.14861655271415666,0.5360643458533131,0.5804403604510903
13,92,amygdala,0.625,11.155913978494624,0.2810243161805407,0.6248008728118623,0.6305317905177509
13,92,amygdala,0.65,6.048387096774194,0.20656821637243125,0.562102134960988,0.5777786029208367
13,92,amygdala,0.675,1.021505376344086,0.21531448715625054,0.53865311209951,0.5475371933003338
13,92,amygdala,0.7,1.048387096774194,0.23855643845125557,0.5976565437126173,0.5974478100904353
13,92,amygdala,0.725,-0.4838709677419353,0.16385009928818878,0.525695577245302,0.5850364509423379
13,92,amygdala,0.75,3.118279569892473,0.2603392978930787,0.6016788996043075,0.6290566860932659
13,92,amygdala,0.775,3.03763440860215,0.2998215363216913,0.5365143940638242,0.5901446671068942
13,92,amygdala,0.8,3.118279569892473,0.2818757929658698,0.4696238218445867,0.5106244228303358
13,92,amygdala,0.825,2.956989247311828,0.22342518365634673,0.5099224223406226,0.5694129326989074
13,92,amygdala,0.85,1.1290322580645165,0.22130427539816444,0.41660688068877527,0.48290322820438364
13,92,amygdala,0.875,6.4247311827957,0.08160604709713577,0.2753171017223525,0.2689187184151612
13,92,amygdala,0.9,8.25268817204301,0.143532198899754,0.30466160049673885,0.3054639045710807
13,92,amygdala,0.925,10.026881720430108,0.007392002211626211,0.35649731965745324,0.37870001222089367
13,92,amygdala,0.95,8.494623655913978,-0.004900832246806264,0.39387073227491876,0.38964309127080565
13,92,amygdala,0.975,5.295698924731183,-0.0070514698038356945,0.39979364401435763,0.4561230895679556
13,92,amygdala,1.0,1.7473118279569892,0.0620786590730781,0.4108042314067372,0.3931375774412763
13,92,amygdala,1.025,3.467741935483871,0.16126284857256074,0.44842245850970713,0.3985736331352762
13,92,amygdala,1.05,6.801075268817205,0.09511464873720694,0.37128496148702383,0.3064927419169773
13,92,amygdala,1.075,5.0,0.043254584192538234,0.34938890381522764,0.3515786671399748
13,92,amygdala,1.1,5.241935483870968,-0.112631295894352,0.18696347502780786,0.2638974203108352
13,92,amygdala,1.125,1.8817204301075268,-0.12788584103964243,0.23259627897607366,0.35276604207748397
13,92,amygdala,1.15,0.13440860215053752,0.08400002553115739,0.33831771591855947,0.41908386173725654
13,93,amygdala,-0.15,-0.6720430107526881,0.036783977457865255,0.12553854912438955,0.11573571249221734
13,93,amygdala,-0.125,-0.6720430107526881,0.14658964137619523,0.0980540937285866,0.13270478850485404
13,93,amygdala,-0.1,-0.6451612903225805,0.11922952861599545,0.1908571172895746,0.08319105551925109
13,93,amygdala,-0.075,-0.618279569892473,0.10168472338488892,0.26400712585250974,0.2043023341402814
13,93,amygdala,-0.05,-0.6451612903225806,0.14084458585457812,0.17690729987192516,0.2110325023909399
13,93,amygdala,-0.025,-0.6451612903225806,-0.027910658465801375,0.07870046213656239,0.0736056594007415
13,93,amygdala,-0.0,-0.5376344086021506,-0.16956101265024606,-0.1905457964691907,-0.13937063970317948
13,93,amygdala,0.025,-0.618279569892473,-0.17650104746098452,-0.20840748681255414,-0.1974699219026135
13,93,amygdala,0.05,-0.5645161290322581,-0.1587649255200715,-0.13692080520554176,-0.14506974654273513
13,93,amygdala,0.075,-0.5645161290322581,0.025348443094611813,-0.0002541197302717976,0.0030494367632615707
13,93,amygdala,0.1,-0.5376344086021506,0.0820584235184203,0.1201345878691469,0.1336955094879932
13,93,amygdala,0.125,1.1559139784946237,-0.028227571051541278,0.0004140963968441263,-0.071052040091838
13,93,amygdala,0.15,1.1827956989247312,-0.10183599949033474,-0.051148719158442796,-0.12554685611617775
13,93,amygdala,0.175,1.2365591397849462,-0.20971472046321246,-0.03878594830072316,-0.14147504219172546
13,93,amygdala,0.2,1.1559139784946237,-0.21809233904132933,-0.11997227503122392,-0.16334610386587967
13,93,amygdala,0.225,-0.5107526881720431,-0.0756935275658139,-0.04917316754275502,-0.1687565096779802
13,93,amygdala,0.25,-0.5376344086021506,-0.04664854336569584,-0.018780582393981445,-0.14721553295927392
13,93,amygdala,0.275,0.967741935483871,0.014913501010406971,0.08802757164193607,0.013523259390792762
13,93,amygdala,0.3,2.526881720430108,0.0378141497064165,0.1644605560182344,-0.006849940233703318
13,93,amygdala,0.325,4.166666666666667,0.11451108922357756,0.23430073385234532,0.1643980145847684
13,93,amygdala,0.35,7.311827956989248,0.2230881360499054,0.3344223093231983,0.2519336719208744
13,93,amygdala,0.375,5.645161290322581,0.30672526156022667,0.30187392143821656,0.22818522266188507
13,93,amygdala,0.4,5.698924731182796,0.25797823999692604,0.22139832662782236,0.2292260016784965
13,93,amygdala,0.425,4.112903225806452,0.36470526165860717,0.29742172136279826,0.2738074889590714
13,93,amygdala,0.45,0.6451612903225807,0.4112031759669212,0.36765287797502927,0.33173392337302093
13,93,amygdala,0.475,2.39247311827957,0.35131388358755183,0.3558035178826004,0.3733591391645212
13,93,amygdala,0.5,0.7258064516129032,0.31792138921473756,0.3645155361360878,0.3780161115485355
13,93,amygdala,0.525,0.6720430107526881,0.2868157016553911,0.27276747028427356,0.2911121426381071
13,93,amygdala,0.55,0.9408602150537635,0.09700016016587214,0.16848499570645156,0.16258532557595548
13,93,amygdala,0.575,0.9408602150537635,0.22046610723233237,0.17405059844044782,0.14544534025339717
13,93,amygdala,0.6,2.553763440860215,0.1764020783488791,0.15770127185166916,0.15324025797950694
13,93,amygdala,0.625,2.553763440860215,0.21403583180362806,0.09502660663128419,0.045163247729960374
13,93,amygdala,0.65,2.446236559139785,0.3426330786261349,0.19336433318299517,0.26529310195708045
13,93,amygdala,0.675,0.806451612903226,0.1805336014629642,0.17870651441201374,0.22307862850652543
13,93,amygdala,0.7,-0.8602150537634408,0.1604623475928635,0.14613228767414255,0.05809251835313828
13,93,amygdala,0.725,2.338709677419355,0.0763261538045801,0.2351319752929557,0.10805344554879165
13,93,amygdala,0.75,4.005376344086022,0.009384331620142884,0.24696055832888064,-0.010090983097563282
13,93,amygdala,0.775,3.951612903225806,0.11515395365223063,0.3451563391307936,0.008054666319138178
13,93,amygdala,0.8,4.005376344086021,0.22672819879661632,0.40588965439949043,0.23154436695798386
13,93,amygdala,0.825,2.580645161290323,0.18239739465976818,0.21584817990471383,0.1265846519691655
13,93,amygdala,0.85,0.967741935483871,0.28009226698825324,0.3470767827380681,0.19098164422605599
13,93,amygdala,0.875,0.9677419354838711,0.27378784197650585,0.28718474512646885,0.20625775098528978
13,93,amygdala,0.9,1.021505376344086,0.2233401185075493,0.3433687151306185,0.1770186241409863
13,93,amygdala,0.925,0.9408602150537635,0.29100048049761645,0.41144958336490195,0.3167553856358227
13,93,amygdala,0.95,1.0483870967741935,0.2256922878524229,0.25758083301808826,0.3330546163575011
13,93,amygdala,0.975,2.795698924731183,0.1788601670972789,0.19131245721164641,0.20877800698244758
13,93,amygdala,1.0,2.903225806451613,0.13325085495846928,-0.01689875707373519,0.060115250573779276
13,93,amygdala,1.025,3.010752688172043,-7.598478689665286e-05,-0.05417715305731348,-0.003913216525177622
13,93,amygdala,1.05,2.9838709677419355,0.143136160429298,0.11213618111127707,0.028024862819490473
13,93,amygdala,1.075,4.596774193548387,0.25455177659663825,0.2324910970481457,0.15019052963578558
13,93,amygdala,1.1,6.236559139784947,0.20441196473900905,0.2524461078891679,0.1616437869119788
13,93,amygdala,1.125,4.543010752688172,0.2625981106025025,0.2199263613873872,0.1420024932283372
13,93,amygdala,1.15,6.236559139784947,0.1962419949736884,0.009231469616085399,0.01751048601781278
13,94,amygdala,-0.15,-1.0752688172043008,0.058543780127163186,-0.035837792124313476,-0.1089782788247372
13,94,amygdala,-0.125,-0.8602150537634408,0.07383699473926313,0.025854676590663265,-0.0036227823045385014
13,94,amygdala,-0.1,-0.6720430107526882,0.09134245666324409,0.03616671064570926,0.0030769083317906945
13,94,amygdala,-0.075,-2.231182795698925,0.08529349043245962,0.04973495539450125,0.010495250429705776
13,94,amygdala,-0.05,-0.3494623655913982,0.10109484757692692,0.13534231397488133,0.06946725834033023
13,94,amygdala,-0.025,-0.6451612903225812,0.09938520918912448,0.021546504669348248,-0.09317689428439702
13,94,amygdala,-0.0,-0.6182795698924732,-0.042328104605079485,-0.13181807884729999,-0.21388757055381521
13,94,amygdala,0.025,-0.5107526881720428,0.08469155393566734,-0.0792756899675848,-0.14376894929764966
13,94,amygdala,0.05,-2.311827956989248,0.12781818840913975,-0.03817087042102414,-0.14133538507244073
13,94,amygdala,0.075,-2.2043010752688166,-0.03269373410118175,0.010915404001678659,-0.11277501538272806
13,94,amygdala,0.1,-2.2849462365591395,0.12515770068915405,0.12633325830364203,-0.04644758752354746
13,94,amygdala,0.125,-0.43010752688172027,0.05075674059526861,0.20569699205653466,0.0003664746613376795
13,94,amygdala,0.15,-0.295698924731183,0.11151917235268226,0.217832158780353,0.006327518278090901
13,94,amygdala,0.175,-0.24193548387096775,0.14444944765739506,0.25379606955481654,0.09628203637021326
13,94,amygdala,0.2,-0.16129032258064524,2.689977989634711e-05,0.22127758942735132,0.12591786969480082
13,94,amygdala,0.225,-1.9086021505376345,0.2343701479112246,0.37014817702507313,0.31609360430048133
13,94,amygdala,0.25,-0.3763440860215057,0.21596579323077708,0.32897636717849643,0.3551836301234019
13,94,amygdala,0.275,2.634408602150538,0.23136451085427065,0.49886749554785165,0.5040599549659187
13,94,amygdala,0.3,2.28494623655914,0.2071231884837731,0.5357155511853139,0.5268529934097687
13,94,amygdala,0.325,5.026881720430108,0.21071164258964656,0.6481468432494619,0.6312826806546539
13,94,amygdala,0.35,11.29032258064516,0.29196577239482174,0.7277931473038687,0.6490099569368291
13,94,amygdala,0.375,13.306451612903228,0.3604269757469808,0.7494391830566431,0.6921654309283437
13,94,amygdala,0.4,13.467741935483872,0.43917226534733006,0.7840715433817934,0.7480975930033396
13,94,amygdala,0.425,13.655913978494624,0.47259047649244024,0.769339402893431,0.7073068465610807
13,94,amygdala,0.45,7.096774193548387,0.3999402248084271,0.6520527323789725,0.7150029184716593
13,94,amygdala,0.475,1.9892473118279566,0.4174184931152048,0.5818906651678684,0.6696126153148653
13,94,amygdala,0.5,1.8817204301075265,0.34520264137658124,0.5206643303235162,0.6082792139216333
13,94,amygdala,0.525,-1.4784946236559142,0.30854838720266825,0.43408889934960987,0.5441981214114803
13,94,amygdala,0.55,-3.1182795698924735,0.28142230243601657,0.3780362417165936,0.39637499870966614
13,94,amygdala,0.575,-3.5215053763440864,0.4070250111624803,0.54848897560759,0.4497583794808133
13,94,amygdala,0.6,-1.6129032258064517,0.41687529053786576,0.3789751866043147,0.3020374585645821
13,94,amygdala,0.625,-1.5860215053763438,0.41778875564714396,0.3938847746489841,0.26346175373161385
13,94,amygdala,0.65,3.6559139784946235,0.34519918258885524,0.33857516709205987,0.2454249491683751
13,94,amygdala,0.675,10.698924731182796,0.2132960644695128,0.23927543150255878,0.18208961758297107
13,94,amygdala,0.7,8.709677419354838,0.13686072187998052,0.274446533677206,0.16291216676385192
13,94,amygdala,0.725,11.989247311827956,0.12657081148713165,0.19809731429312744,0.2376701294325316
13,94,amygdala,0.75,8.736559139784946,0.08237838305272104,0.13051044966591127,0.16189640558277815
13,94,amygdala,0.775,5.349462365591398,0.05641176362005174,0.08765679363060767,0.10643484974622325
13,94,amygdala,0.8,10.510752688172044,0.18438674233946217,0.18848192160424077,0.18487920060547985
13,94,amygdala,0.825,10.483870967741936,0.13829829503200733,0.1450130581894904,0.10273587630949117
13,94,amygdala,0.85,8.494623655913976,0.15631526814603883,0.16652655916976555,0.1984239505746897
13,94,amygdala,0.875,5.134408602150538,0.07625529772893959,0.07736493488709337,0.1201246737489725
13,94,amygdala,0.9,0.24193548387096753,0.1639306444273781,0.1643937253438396,0.26212952543480156
13,94,amygdala,0.925,-1.1021505376344083,0.148235940917685,0.2248076329419017,0.25656320410013056
13,94,amygdala,0.95,-0.7526881720430108,0.08252834586841065,0.26771643996960315,0.21988485218138784
13,94,amygdala,0.975,4.35483870967742,0.20913441311463685,0.40640489725838214,0.4300020951894726
13,94,amygdala,1.0,6.075268817204302,0.12004717605161248,0.32373911770463065,0.26625614171811945
13,94,amygdala,1.025,4.381720430107527,0.0481329680576165,0.2692503584358372,0.24794258709592082
13,94,amygdala,1.05,3.978494623655914,0.044855264697663925,0.15038784904455424,0.119265919172834
13,94,amygdala,1.075,-0.7795698924731183,-0.07537479817631387,0.018202935298651787,-0.012658363052510727
13,94,amygdala,1.1,0.8602150537634414,-0.028599839631844245,-0.03849369559304498,-0.004617132781893675
13,94,amygdala,1.125,7.634408602150538,0.10447297859598884,0.0014958452097391017,0.04484911339375658
13,94,amygdala,1.15,7.983870967741936,-0.0293569337021106,-0.09247041293679975,-0.025847719503999254
13,95,amygdala,-0.15,-0.13440860215053765,0.19694727060586256,0.0777858967939121,-0.1175063547312289
13,95,amygdala,-0.125,-0.053763440860215055,0.13773000775113897,0.07141555957466467,0.13773000775113897
13,95,amygdala,-0.1,-0.10752688172043011,0.12106688775494252,-0.09905472634495296,0.02201216140998955
13,95,amygdala,-0.075,-0.10752688172043011,0.07002916608354835,-0.07314458353020524,0.030138277473093826
13,95,amygdala,-0.05,-0.1881720430107527,-0.013286023512466412,-0.13835606011174864,0.024384388534928313
13,95,amygdala,-0.025,-0.21505376344086022,0.03567124244009762,-0.21702462514863796,-0.046185906189658066
13,95,amygdala,-0.0,-0.18817204301075272,0.14057221022192737,-0.2380048187050039,-0.13909819193927872
13,95,amygdala,0.025,-0.18817204301075272,0.058381994421447196,-0.2662788526051372,-0.11534003775944444
13,95,amygdala,0.05,-0.1881720430107527,0.03275087491934842,-0.21786451576783952,-0.18653759193194105
13,95,amygdala,0.075,-0.2956989247311828,0.1262198855914966,-0.18520114054079406,-0.2040751421245693
13,95,amygdala,0.1,-0.2956989247311828,0.1026273836117776,-0.07903488163205862,-0.08375338202800242
13,95,amygdala,0.125,-0.32258064516129037,0.18061583845334384,-0.10428912001565603,-0.06492900040318986
13,95,amygdala,0.15,-0.21505376344086022,0.2177702633231223,-0.16937687147353958,-0.06721304423553157
13,95,amygdala,0.175,1.5591397849462367,0.10272341991328457,-0.11372950061827934,0.051361709956642285
13,95,amygdala,0.2,1.5860215053763442,0.11130499937632302,-0.22050990442479088,-0.039901792229247876
13,95,amygdala,0.225,1.6129032258064517,-0.07141555957466467,-0.030606668389142,-0.10202222796380665
13,95,amygdala,0.25,1.5591397849462367,0.025680854978321142,-0.1394103555966005,-0.16509121057492163
13,95,amygdala,0.275,-0.10752688172043011,0.04035562925164751,-0.22379030766822708,-0.09538603277662139
13,95,amygdala,0.3,-0.1881720430107527,0.021520666926670463,-0.10082285053316846,-0.03454116175673364
13,95,amygdala,0.325,-0.16129032258064516,0.02743647427133485,-0.10060040566156112,-0.030484971412594274
13,95,amygdala,0.35,-0.13440860215053765,0.0016550190807215338,0.04468551517948141,0.08440597311679823
13,95,amygdala,0.375,-0.1881720430107527,-0.13310385092317414,0.1903448942326972,0.17388502340978715
13,95,amygdala,0.4,-0.1881720430107527,-0.02769255503200831,0.23952192589342058,0.23167836984389223
13,95,amygdala,0.425,1.4516129032258065,-0.02769255503200831,0.23952192589342058,0.23167836984389223
13,95,amygdala,0.45,1.424731182795699,-0.07434879681526865,0.21169001097998927,0.21772308757120437
13,95,amygdala,0.475,1.370967741935484,-0.10097424249996723,0.28100382286455916,0.2105687656766798
13,95,amygdala,0.5,1.4516129032258065,-0.15708121498759237,0.22031659931321998,0.19486521696615308
13,95,amygdala,0.525,1.370967741935484,-0.0505993291445176,0.10877671694406436,0.03939011738395364
13,95,amygdala,0.55,1.424731182795699,0.019189228072295544,0.039657738016077464,-0.019189228072295544
13,95,amygdala,0.575,3.1720430107526885,0.11584289136785828,-0.08840641709652342,-0.16461884562800908
13,95,amygdala,0.6,4.758064516129032,0.037099174273104725,-0.05756768421688664,-0.039657738016077464
13,95,amygdala,0.625,4.78494623655914,-0.0940982619297442,-0.08065565308263788,0.06721304423553157
13,95,amygdala,0.65,4.758064516129032,-0.0926571877766752,-0.08672262268765953,0.06103505263082532
13,95,amygdala,0.675,3.1182795698924735,-0.18072879244584106,-0.022304264380060633,0.13391737337657802
13,95,amygdala,0.7,3.1182795698924735,-0.23390139393964987,-0.051081913619004,0.12904904493222064
13,95,amygdala,0.725,3.1182795698924735,-0.22583582863138607,0.07527860954379537,0.2231473068619648
13,95,amygdala,0.75,3.064516129032258,-0.19672881150886887,0.2443344635710401,0.38377162454621366
13,95,amygdala,0.775,2.956989247311828,-0.13775813342307497,0.212138723034895,0.28607919081469246
13,95,amygdala,0.8,1.2903225806451613,-0.051934376178667245,0.08670400090845294,0.23326457097198
13,95,amygdala,0.825,1.2634408602150538,-0.061556412288535665,-0.037645482197266315,0.10923594550624537
13,95,amygdala,0.85,1.2096774193548387,-0.0006222110032537508,-0.15705337735069674,-0.10453144854663013
13,95,amygdala,0.875,4.516129032258064,-0.041283334001005464,-0.1636693879898018,-0.011784781514471418
13,95,amygdala,0.9,4.56989247311828,-0.03765853478307853,-0.16462787482018962,-0.01945202526246566
13,95,amygdala,0.925,2.9301075268817205,0.06719013843768488,-0.15381847194740741,0.050135872949953725
13,95,amygdala,0.95,3.0376344086021505,0.05289321963971915,-0.06843222606415383,0.08340853866263406
13,95,amygdala,0.975,-0.18817204301075272,0.13221943995358496,-0.12892746578900297,0.06677302820398438
13,95,amygdala,1.0,-0.21505376344086022,0.15948007967224423,-0.01078498380517335,-0.03781628364026741
13,95,amygdala,1.025,-0.2688172043010753,0.08172349732380133,0.15098069844566683,-0.07029605913869351
13,95,amygdala,1.05,-0.3225806451612903,-0.07490135941964536,0.265035579484899,0.054159444503435884
13,95,amygdala,1.075,-0.34946236559139787,-0.09369955579429758,0.23966017257180022,0.0465823000259749
13,95,amygdala,1.1,1.2096774193548387,-0.018405911420680342,0.27605313866267484,0.05273044893492206
13,95,amygdala,1.125,1.317204301075269,0.029766010377561877,0.17914801477568362,0.07703680036788862
13,95,amygdala,1.15,1.3440860215053765,0.04612888345545466,0.15888837634656605,0.04691741137777013
13,97,amygdala,-0.15,-1.7741935483870968,-0.1411219101291686,0.14374263215182623,0.16658791604630616
13,97,amygdala,-0.125,-1.8010752688172045,-0.25601621965509386,0.1480540633110912,0.21195219508888818
13,97,amygdala,-0.1,-0.026881720430107725,-0.23693315243144972,0.0743230865067274,0.10430281842500216
13,97,amygdala,-0.075,-0.05376344086021523,-0.24736420411809154,0.06144224803492149,0.12716498154523126
13,97,amygdala,-0.05,-0.16129032258064546,-0.19515837330266445,0.11788876214516077,0.1048906338291105
13,97,amygdala,-0.025,-0.08064516129032273,-0.038276427625302735,0.06007607019317256,0.15433611977498027
13,97,amygdala,-0.0,0.08064516129032273,-0.017121503918110154,0.10688132524628136,0.1777940107653832
13,97,amygdala,0.025,0.08064516129032273,0.033736206290452986,0.15796261801606065,0.19226154101191437
13,97,amygdala,0.05,0.026881720430107503,-0.040275067185008825,0.11861761097403001,0.13156701426011908
13,97,amygdala,0.075,-0.026881720430107947,0.002950521063092992,0.028787516318285678,0.044523628654781634
13,97,amygdala,0.1,-1.9623655913978497,0.07231206872646238,0.07112748805930154,0.17176419673832072
13,97,amygdala,0.125,-1.7473118279569897,0.056528230538499265,0.054618313786377284,0.17722435862398572
13,97,amygdala,0.15,-1.720430107526882,0.16286109293867565,-0.01649463137609371,0.17788537629907222
13,97,amygdala,0.175,3.172043010752688,0.07469278961903587,-0.05600585181883557,-2.7480790882647483e-05
13,97,amygdala,0.2,5.026881720430108,0.10272994010272311,-0.06741652319241205,-0.04004862508692097
13,97,amygdala,0.225,8.333333333333334,0.1076166553670838,-0.04924058067331343,-0.0245131291164754
13,97,amygdala,0.25,8.279569892473118,0.024256196584238176,0.08891243614600194,-0.01816519610864059
13,97,amygdala,0.275,3.198924731182796,0.06441111284207321,0.3467862507460262,0.2716399524302741
13,97,amygdala,0.3,2.8494623655913984,-0.031052015360238786,0.26344129160460644,0.14189558462153257
13,97,amygdala,0.325,-0.8602150537634408,-0.026853095434468927,0.4914142713867965,0.3801694830668753
13,97,amygdala,0.35,-0.9946236559139778,0.001332894772924716,0.41596770991901527,0.3890484625442612
13,97,amygdala,0.375,-0.8870967741935474,-0.01752413064257329,0.3863940029593062,0.3257657420197766
13,97,amygdala,0.4,-2.4462365591397845,0.11945419892448862,0.4577212102611044,0.425677601876697
13,97,amygdala,0.425,0.7258064516129035,0.13629471518339492,0.418677000062123,0.42324873055045487
13,97,amygdala,0.45,4.193548387096775,0.08389629270892755,0.3604010296939203,0.35448260310430535
13,97,amygdala,0.475,7.258064516129032,0.05021000207203199,0.3109297038713989,0.4180460986110634
13,97,amygdala,0.5,8.897849462365592,-0.09736009365709015,0.28142909706614,0.38067641505593536
13,97,amygdala,0.525,7.365591397849462,-0.11480981318034061,0.19165204705837893,0.2519595945235375
13,97,amygdala,0.55,5.510752688172043,0.015922535713104792,0.21929674186685236,0.26106754984149094
13,97,amygdala,0.575,2.338709677419355,0.07022067746952308,0.35443861098294993,0.37095960247890913
13,97,amygdala,0.6,2.2043010752688166,0.11231424386113323,0.3477710031383502,0.34606535654496895
13,97,amygdala,0.625,2.2311827956989245,0.17984123393911688,0.2744713623585918,0.3068945373407089
13,97,amygdala,0.65,0.6989247311827955,0.13391270316117562,0.3152147242182491,0.27386009895407804
13,97,amygdala,0.675,5.725806451612904,0.26674654763875344,0.2032230929804548,0.18334765624687668
13,97,amygdala,0.7,4.381720430107528,0.1337985560643352,0.09373458164959075,0.049317527386269655
13,97,amygdala,0.725,4.35483870967742,0.0489710527946778,0.06890294782162955,-0.06710751602416262
13,97,amygdala,0.75,6.155913978494624,-0.012992900017564828,0.045462025920045016,-0.11407503732593283
13,97,amygdala,0.775,1.2903225806451615,-0.09172629593206413,-0.03725221608332819,-0.15298314058686838
13,97,amygdala,0.8,1.129032258064516,0.053198103305739396,0.12087863866621082,0.01803768613314997
13,97,amygdala,0.825,1.182795698924731,-0.021629650019213253,0.12326546619171955,0.1418089025443461
13,97,amygdala,0.85,1.048387096774194,-0.07771126816882613,0.11341151183430366,0.12459880513780246
13,97,amygdala,0.875,1.129032258064516,-0.11433750832047777,0.1331370072907322,0.12214452247618064
13,97,amygdala,0.9,1.1559139784946235,-0.07892765749337237,0.036550742414176746,0.04616523362819893
13,97,amygdala,0.925,-0.5376344086021503,0.10558395292778988,-0.004094018426688814,-0.05603850699970868
13,97,amygdala,0.95,-2.123655913978495,0.22111529861418644,-0.020995102848195783,-0.08181030736239675
13,97,amygdala,0.975,-0.5107526881720428,0.2914100030285478,0.010212967395860318,-0.01689067684699976
13,97,amygdala,1.0,1.263440860215054,0.2874510111630622,0.04701252327786057,0.015389749772573187
13,97,amygdala,1.025,1.532258064516129,0.28474076618395716,-0.007451856671792504,0.07619523446907836
13,97,amygdala,1.05,3.2526881720430105,0.07028882061395351,-0.0780543656836752,0.028455935700692495
13,97,amygdala,1.075,1.5053763440860217,0.03133252392958569,-0.09822666457721557,-0.019070814649841204
13,97,amygdala,1.1,-0.40322580645161277,-0.14010827634542228,-0.3437068002287084,-0.2743470456960111
13,97,amygdala,1.125,-0.40322580645161366,-0.32866409518697776,-0.24034618079105544,-0.20026648152259205
13,97,amygdala,1.15,-2.17741935483871,-0.09846885746564299,-0.1376935117335739,-0.06116208649413471
13,98,amygdala,-0.15,-2.1236559139784945,0.1709680333140063,-0.05802519780414267,0.015772826045770554
13,98,amygdala,-0.125,-2.043010752688172,0.04859920652532231,-0.07706670290423279,0.07240075966717378
13,98,amygdala,-0.1,-1.7473118279569892,-0.11680829923794847,0.11691460940790338,-0.1303894234496872
13,98,amygdala,-0.075,-1.6129032258064517,-0.28265969434516075,0.20546620051359346,-0.08702978390428781
13,98,amygdala,-0.05,0.34946236559139776,-0.23211131967460816,0.15553232343628356,-0.16895957438042317
13,98,amygdala,-0.025,0.32258064516129026,-0.19724789244930854,0.14417966682445627,-0.3379391200116757
13,98,amygdala,-0.0,0.02688172043010728,-0.0807781503158132,0.22582936465994896,-0.264565243064304
13,98,amygdala,0.025,0.05376344086021456,0.004672512809415751,0.18461796301570857,-0.22129987392181152
13,98,amygdala,0.05,-1.8817204301075272,-0.11377418338379827,0.18698493505453093,-0.11720095659334998
13,98,amygdala,0.075,-0.16129032258064546,-0.15728908450749385,0.2372341946216638,-0.05056289334910155
13,98,amygdala,0.1,1.639784946236559,-0.20431334466994772,0.18696799301307193,-0.1125851659691691
13,98,amygdala,0.125,1.5322580645161288,-0.193376025193182,0.18473650062580874,0.0024531983339454973
13,98,amygdala,0.15,3.225806451612903,-0.2753951276676733,0.13239690508133298,-0.11111456091714521
13,98,amygdala,0.175,1.5591397849462365,-0.3466480487977563,0.09502768604032498,-0.07377184227648799
13,98,amygdala,0.2,1.720430107526882,-0.23438449576820602,0.10189114308541192,0.010808668245175311
13,98,amygdala,0.225,3.25268817204301,-0.28311396980917347,0.17146714312677944,-0.05784851091347912
13,98,amygdala,0.25,1.693548387096774,-0.12187326851545452,0.22773787291432523,-0.0393302561934011
13,98,amygdala,0.275,1.075268817204302,0.02072071113094211,0.16526922812510575,-0.055760400445687856
13,98,amygdala,0.3,0.45698924731182844,-0.1472345392142214,0.12896285971250923,-0.056471394720589034
13,98,amygdala,0.325,1.424731182795699,-0.06133243457012183,0.0790506934459348,-0.09867192932727775
13,98,amygdala,0.35,3.844086021505377,-0.2068161786852423,0.18614735093290144,-0.06768529484244294
13,98,amygdala,0.375,8.440860215053764,-0.10004082491361585,0.29611573762058285,-0.1294150569226903
13,98,amygdala,0.4,9.865591397849464,0.1343184897325266,0.25807117008841135,-0.10593882783198137
13,98,amygdala,0.425,8.17204301075269,0.19061124239032648,0.31733727885857105,-0.060650189513746795
13,98,amygdala,0.45,9.865591397849462,0.278441328285076,0.24321466849561543,-0.09364824857734759
13,98,amygdala,0.475,9.946236559139784,0.21363560066244278,0.1693892713022098,-0.15102576582206687
13,98,amygdala,0.5,10.161290322580644,0.10382504456401674,0.13385325447881413,-0.1326953543535649
13,98,amygdala,0.525,10.43010752688172,0.07456621077218845,0.051238663377455036,-0.13184801485782907
13,98,amygdala,0.55,10.725806451612902,0.08133593316930823,0.06937929441318909,-0.09403665459479957
13,98,amygdala,0.575,7.499999999999999,0.08796403021043006,0.20389558376070463,-0.08356839924433318
13,98,amygdala,0.6,7.688172043010752,0.20742737530623692,0.19767029399026814,-0.16178364674174422
13,98,amygdala,0.625,9.543010752688172,0.18960807284529618,0.2209450789483032,-0.1568896803508097
13,98,amygdala,0.65,11.021505376344086,0.2688923109693563,0.24007237426346334,-0.10607373332390775
13,98,amygdala,0.675,9.327956989247312,0.2506674394713686,0.2005081494731864,0.017364815930440668
13,98,amygdala,0.7,7.580645161290322,0.15703395051203908,0.19620943922328773,0.07388180498151392
13,98,amygdala,0.725,7.661290322580645,0.15481390283537766,0.1416208435681514,0.10700184696384071
13,98,amygdala,0.75,4.865591397849463,-0.029425564981493343,0.05771937746369849,0.16811668943972072
13,98,amygdala,0.775,8.548387096774192,-0.10895364374900889,0.08637859324453746,0.16906777823520133
13,98,amygdala,0.8,7.06989247311828,-0.06193818444189794,0.14582033014943083,0.2006931263577401
13,98,amygdala,0.825,5.376344086021506,-0.053637536809547706,0.10737842147421978,0.05374088466467208
13,98,amygdala,0.85,2.2580645161290325,-0.03573695148043472,0.12006361769303946,0.021787001121843976
13,98,amygdala,0.875,-1.2634408602150538,-0.04223316749227055,0.08842733392325716,0.04797792754246139
13,98,amygdala,0.9,2.069892473118279,-0.018050843788019685,0.033871267222922,0.07853154452603965
13,98,amygdala,0.925,3.7365591397849465,-0.13041579284873295,0.15553940484134882,0.10714936777959586
13,98,amygdala,0.95,3.467741935483872,-0.14177516546653507,0.18957350289894143,0.026354650816684522
13,98,amygdala,0.975,5.564516129032259,-0.1690461513780835,0.11926266880912774,-0.003913225334675856
13,98,amygdala,1.0,2.3655913978494625,-0.13836269385141645,0.13926905624797264,-0.011963983634541344
13,98,amygdala,1.025,-0.8064516129032258,-0.08089276253356124,0.07037540496499228,-0.019346744169342896
13,98,amygdala,1.05,1.1021505376344085,-0.027340444946479452,-0.03257807807798893,0.04512220942795412
13,98,amygdala,1.075,-0.6989247311827953,-0.016549837453842343,0.06990924978514963,-0.0083933197897865
13,98,amygdala,1.1,0.752688172043011,0.08245212062704689,-0.09824473170483315,-0.15868688440121118
13,98,amygdala,1.125,0.6451612903225814,0.18831507442869802,-0.13096863805212858,-0.1154290947698945
13,98,amygdala,1.15,-1.1021505376344087,0.14785027671766668,-0.08804946986089053,-0.10206975472204857
14,14,hippocampus,-0.15,3.575268817204302,0.057694082992158585,0.06663260289235219,-0.023336647125789506
14,14,hippocampus,-0.125,0.591397849462366,0.24177097573803422,-0.02441152980154266,-0.04800764315877492
14,14,hippocampus,-0.1,1.0215053763440842,0.21264329402458898,-0.05367124907989805,-0.048745642293202704
14,14,hippocampus,-0.075,5.053763440860216,0.24344141999653388,-0.18816259178326009,-0.1814443238442162
14,14,hippocampus,-0.05,3.145161290322582,0.1768108923775867,-0.1534867942021844,-0.11410514695613479
14,14,hippocampus,-0.025,1.0752688172043037,0.0882324679189209,-0.05630507532135114,-0.024047224042437098
14,14,hippocampus,-0.0,-4.112903225806454,0.05356247306433322,-0.04174722165308324,0.02637469024704833
14,14,hippocampus,0.025,-2.473118279569893,0.015550110921812268,-0.02130847173625172,0.03599609689731093
14,14,hippocampus,0.05,-0.6720430107526862,0.009934720135553434,0.03272613691711719,0.051096476195902706
14,14,hippocampus,0.075,2.849462365591398,-0.04983550146319195,0.07182624368188338,0.07518594040973903
14,14,hippocampus,0.1,9.596774193548384,0.025421855622822204,0.04675079249037002,0.04021737559530472
14,14,hippocampus,0.125,7.741935483870966,-0.03130827857837011,0.03174099462376222,0.021890341119836013
14,14,hippocampus,0.15,11.236559139784946,-0.08392971731015192,0.036338071587004056,0.027406663542445475
14,14,hippocampus,0.175,9.54301075268817,-0.129572394386585,-0.04102744053254273,-0.04560866838357107
14,14,hippocampus,0.2,9.193548387096774,-0.11754642671856999,0.059941061227331255,0.04214407523819141
14,14,hippocampus,0.225,13.790322580645158,-0.13673536198314926,0.09531580427407413,0.094578891897655
14,14,hippocampus,0.25,11.182795698924734,-0.04146730361639837,0.23182027858633986,0.29855950114492097
14,14,hippocampus,0.275,9.086021505376342,0.07075295515739201,0.21753665347851125,0.22788825700784493
14,14,hippocampus,0.3,5.45698924731183,0.06692062952207266,0.21245774326992364,0.229569287216867
14,14,hippocampus,0.325,-1.397849462365592,0.08132049755690327,0.10274732026834177,0.14757882624919771
14,14,hippocampus,0.35,-4.435483870967743,0.026296163272589147,-5.096155672982393e-05,0.06637742764059566
14,14,hippocampus,0.375,-4.086021505376341,0.049676632028086594,0.07204385403868148,0.11496955915013067
14,14,hippocampus,0.4,-2.392473118279568,0.07713169670654997,-0.031939326680987444,0.059080137668249426
14,14,hippocampus,0.425,-1.9354838709677402,-0.013097357318937118,-0.08183310076793271,-0.049089707470589904
14,14,hippocampus,0.45,3.198924731182796,0.09912614914166724,0.05305701087100774,0.008588730686973476
14,14,hippocampus,0.475,5.0,0.08601766753428522,-0.01885527601490093,-0.03067158780321485
14,14,hippocampus,0.5,8.440860215053762,0.19545360006585502,-0.060016380511832966,-0.048984144534647237
14,14,hippocampus,0.525,12.849462365591394,0.31446674393840685,-0.08344603300596423,-0.10011998903761596
14,14,hippocampus,0.55,12.71505376344086,0.3682314689565545,-0.02742500423923032,-0.041873918509713705
14,14,hippocampus,0.575,19.112903225806452,0.21410214208055262,-0.00040588083806739837,-0.043327779463694774
14,14,hippocampus,0.6,15.349462365591398,0.18600968206385737,0.2293270052842077,0.15240053540053847
14,14,hippocampus,0.625,15.833333333333336,0.14264895096303143,0.2339107330596368,0.2293616216713627
14,14,hippocampus,0.65,18.602150537634408,0.09002950721962538,0.17463188358150433,0.18766714180992333
14,14,hippocampus,0.675,13.360215053763442,0.2860868259979939,0.10270956874006,0.17646215758038528
14,14,hippocampus,0.7,16.50537634408602,0.2956687017651632,-0.011848105170054695,0.10215812569373339
14,14,hippocampus,0.725,9.569892473118278,0.2646275333809001,0.10787138086215474,0.19548832362360374
14,14,hippocampus,0.75,1.3172043010752699,0.2401741547465074,0.05825868368070892,0.1256385481034041
14,14,hippocampus,0.775,-1.74731182795699,0.12779295181150013,0.11714565172008377,0.17415940863816823
14,14,hippocampus,0.8,-5.672043010752688,0.06394747944946992,0.16194952930417342,0.27159915577288746
14,14,hippocampus,0.825,-3.548387096774193,0.1229629133253134,0.0899102789789843,0.2001450064414915
14,14,hippocampus,0.85,0.4032258064516139,0.1510738991384282,0.09179881768889508,0.23862606792038543
14,14,hippocampus,0.875,2.096774193548388,0.08692022071102741,0.12787765882449603,0.22719690546565538
14,14,hippocampus,0.9,2.069892473118278,0.17516852101102964,0.10922930413356471,0.1392756242373286
14,14,hippocampus,0.925,4.892473118279566,0.1382483603336159,0.22787633549850786,0.28768752957088906
14,14,hippocampus,0.95,6.74731182795699,0.0930810051898204,0.1888891920760567,0.20173498249655766
14,14,hippocampus,0.975,8.198924731182798,0.20378659290142231,0.10243831594907919,0.13313685606645975
14,14,hippocampus,1.0,5.940860215053762,0.11288803853370949,0.014675952827819184,0.09590151181777344
14,14,hippocampus,1.025,4.408602150537636,-0.06857761588935403,-0.20417831977164788,-0.15998895301128377
14,14,hippocampus,1.05,2.741935483870968,-0.0274704349148904,-0.05506840202530026,0.005840974554790996
14,14,hippocampus,1.075,-1.8279569892473102,-0.0976329971020523,-0.038641094996877914,0.07611201858502878
14,14,hippocampus,1.1,-1.236559139784946,-0.022737107033845735,-0.0505013858810109,0.039604927179044416
14,14,hippocampus,1.125,2.204301075268818,0.03980359569055975,0.0595909423022246,0.0906962442380422
14,14,hippocampus,1.15,2.0698924731182764,0.004192669808376475,0.06718435741422667,0.08850344813681976
14,15,hippocampus,-0.15,0.10752688172043001,-0.1721095163982377,-0.24983029471839627,-0.26139250991513857
14,15,hippocampus,-0.125,2.220446049250313e-16,-0.2635258562886636,-0.185882949477947,-0.20342816024881508
14,15,hippocampus,-0.1,0.026881720430107725,-0.2973806032227893,-0.06672721621026391,-0.14231747759131325
14,15,hippocampus,-0.075,-1.2365591397849462,-0.16888899528623139,0.1290782515971032,0.03590772960195873
14,15,hippocampus,-0.05,-0.967741935483871,-0.04085802394731585,0.2491457632931289,0.1522034877692097
14,15,hippocampus,-0.025,-1.0752688172043012,0.1351840165890611,0.27943368438580835,0.11996973759067302
14,15,hippocampus,-0.0,0.37634408602150526,0.1414717175976645,0.2277403673295998,0.15275065766862425
14,15,hippocampus,0.025,0.24193548387096775,0.23679650583369527,0.16325858584443054,0.12613184405344322
14,15,hippocampus,0.05,1.8010752688172043,0.2206702780054102,0.05528989227186553,0.006877257986618475
14,15,hippocampus,0.075,1.881720430107527,0.059620167365790684,0.09910245351027712,-0.058498356047756064
14,15,hippocampus,0.1,0.37634408602150526,0.15181964599460862,0.0024357573103966374,-0.14716956385657867
14,15,hippocampus,0.125,0.26881720430107503,0.07473048464977658,-0.023368578927614878,-0.16654533200798402
14,15,hippocampus,0.15,-1.5591397849462367,-0.02575535306854682,0.013774223634760796,-0.04417532076946954
14,15,hippocampus,0.175,-1.5322580645161292,-0.10844916161212118,0.0036194738869300717,0.05286052534867276
14,15,hippocampus,0.2,-1.559139784946237,-0.19373318472443177,0.04470350746252381,0.08679009264148405
14,15,hippocampus,0.225,-1.4516129032258067,-0.21892372004238747,0.10124985297226718,0.17544202209304663
14,15,hippocampus,0.25,0.295698924731183,-0.14355816633261007,0.06561325030966242,0.015325321755040448
14,15,hippocampus,0.275,0.24193548387096753,0.011838587563956829,-0.028778133363996438,-0.14432711244445984
14,15,hippocampus,0.3,1.935483870967742,0.09203955055779975,0.009247601552784267,-0.1365589775021771
14,15,hippocampus,0.325,3.629032258064516,-0.11958436027250316,0.09902357419881375,-0.03127632802214661
14,15,hippocampus,0.35,1.9086021505376345,-0.001817388026689703,0.08891638733565442,0.09309366727759791
14,15,hippocampus,0.375,1.6935483870967745,0.04616956587644996,0.21273371067506455,0.20297995444811862
14,15,hippocampus,0.4,-0.08064516129032273,-0.017446655036966633,0.08370113030004851,0.07936622521417644
14,15,hippocampus,0.425,1.3978494623655913,0.03094230434618957,-0.02479096363640724,0.004560476733114486
14,15,hippocampus,0.45,4.811827956989248,0.0438857981293569,-0.06824029600428383,-0.03378888442930558
14,15,hippocampus,0.475,8.279569892473118,-0.06562651864071259,-0.09934387100555195,-0.1611146987212632
14,15,hippocampus,0.5,10.026881720430106,-0.030656941134422334,-0.038240500257147855,-0.06510566183020743
14,15,hippocampus,0.525,8.25268817204301,0.0500042093845211,0.05752343959483964,-0.11751786296904189
14,15,hippocampus,0.55,9.946236559139784,0.02569882045178663,0.11982041468743153,-0.04680568865983709
14,15,hippocampus,0.575,10.026881720430106,-0.0005135364185363388,0.07727371687344173,0.03689353743695276
14,15,hippocampus,0.6,11.236559139784948,-0.10408474318971868,0.12301166196411512,0.1324085710040053
14,15,hippocampus,0.625,9.677419354838708,-0.1292063074126914,0.2895994234755219,0.31234870512784957
14,15,hippocampus,0.65,4.67741935483871,-0.15358361515259766,0.26879162391111894,0.2950970466297665
14,15,hippocampus,0.675,4.67741935483871,-0.05510086370786551,0.3130730892492359,0.30039029856986255
14,15,hippocampus,0.7,3.145161290322581,-0.11618398042122761,0.38129180033938104,0.32569781885694554
14,15,hippocampus,0.725,4.946236559139785,-0.05798297344095223,0.3314604656060306,0.2797013526169971
14,15,hippocampus,0.75,4.946236559139785,0.03905128847211855,0.22279534688504843,0.19979728985735073
14,15,hippocampus,0.775,6.478494623655914,-0.059795554790200336,0.15123358486062605,0.2130117508839232
14,15,hippocampus,0.8,10.10752688172043,0.0869037709648465,0.10336974862134374,0.1634221377215101
14,15,hippocampus,0.825,10.188172043010752,0.0651076203048418,-0.056836972994147604,-0.008975686097835334
14,15,hippocampus,0.85,10.295698924731182,0.036004549801510105,-0.0535932961823397,0.03346824154596728
14,15,hippocampus,0.875,5.403225806451613,0.06331288047103084,-0.09631788228003987,-0.07312818429460302
14,15,hippocampus,0.9,0.40322580645161277,0.12536267684795857,-0.13952981247072388,-0.1891147871504026
14,15,hippocampus,0.925,-1.1559139784946237,0.27360050318836615,-0.18402857758833893,-0.16711346792376536
14,15,hippocampus,0.95,-1.0752688172043012,0.32848079206327885,-0.13462513825027056,-0.18411173686431812
14,15,hippocampus,0.975,-1.1559139784946237,0.3016171177609427,0.0017587003951075376,-0.032762886392729125
14,15,hippocampus,1.0,-1.317204301075269,0.2217348822508021,0.11025827936097576,0.13420941237133338
14,15,hippocampus,1.025,-1.639784946236559,0.05133050081475289,0.19712432412307537,0.18976812860705314
14,15,hippocampus,1.05,-1.8817204301075272,0.0006706182885148146,0.25048934312605353,0.22307446749156795
14,15,hippocampus,1.075,-1.6935483870967747,0.038358409895997266,0.21389736595656608,0.18308305402999128
14,15,hippocampus,1.1,-1.6129032258064515,0.04848945802281038,0.14078585514359895,0.0031028739863345786
14,15,hippocampus,1.125,-1.6129032258064517,0.004662790715671445,0.26509737624419755,0.10146341668428915
14,15,hippocampus,1.15,-1.5053763440860217,-0.10387489072167254,0.1509229716955831,0.07500698155266887
14,16,hippocampus,-0.15,2.661290322580645,0.04496970121325322,-0.14470573566794553,-0.16366695894830527
14,16,hippocampus,-0.125,4.381720430107527,0.04381212170693214,-0.19434439283802685,-0.2116654642105349
14,16,hippocampus,-0.1,4.354838709677419,-0.1741093456676181,-0.26891697918637203,-0.22565862303812884
14,16,hippocampus,-0.075,2.741935483870968,-0.24712367643404043,-0.31917854851774763,-0.26584761272819374
14,16,hippocampus,-0.05,1.129032258064516,-0.1890824381418842,-0.22876515899190017,-0.17735952909620883
14,16,hippocampus,-0.025,-0.5376344086021506,-0.19266623299658361,-0.14631044761394693,-0.09705742564489551
14,16,hippocampus,-0.0,1.1559139784946235,-0.12628249557854995,-0.04931129441787512,-0.0025898789085018444
14,16,hippocampus,0.025,1.1559139784946235,-0.06810983462221018,-0.08899145306260052,-0.051175145677014776
14,16,hippocampus,0.05,1.1021505376344085,0.06423608374427081,0.09803414626817944,0.1198414731598242
14,16,hippocampus,0.075,2.580645161290323,-0.011649229607608213,-0.04799482598334584,0.05321368084755432
14,16,hippocampus,0.1,0.860215053763441,0.05015688359573157,-0.04424094347931194,-0.05218245004863611
14,16,hippocampus,0.125,2.5,0.059980020287845916,-0.06289981412889072,0.09716079930625687
14,16,hippocampus,0.15,5.967741935483871,0.044400864514842424,-0.0998308405710941,0.08387181097679132
14,16,hippocampus,0.175,7.688172043010754,-0.047612822854190974,-0.0882060100507594,0.054441880168167665
14,16,hippocampus,0.2,9.327956989247312,0.15728349400742128,0.07997801331529036,0.25425353572921927
14,16,hippocampus,0.225,7.661290322580646,0.0747892537679247,0.16786257408623967,0.18408883978870771
14,16,hippocampus,0.25,4.193548387096774,0.08460288990153704,0.13702883925338702,0.1665480973977902
14,16,hippocampus,0.275,0.7795698924731184,0.15481854674660545,0.19916487623842968,0.220419625876523
14,16,hippocampus,0.3,-0.9408602150537635,0.129904741578403,0.16050162595303882,0.165626992371125
14,16,hippocampus,0.325,4.059139784946236,0.054472969767681026,0.05007044989502164,0.036238652384651494
14,16,hippocampus,0.35,14.086021505376344,0.08569622746315363,0.04623804698893065,0.02197833505241735
14,16,hippocampus,0.375,19.059139784946236,0.16871837499850886,0.10307633368533463,0.019447192551844326
14,16,hippocampus,0.4,18.9247311827957,0.06070708179947571,0.10753223665968639,0.013309786783416797
14,16,hippocampus,0.425,15.725806451612904,0.1552751740706193,0.19147688553064324,0.07532972792973314
14,16,hippocampus,0.45,5.591397849462366,0.12121985621596264,0.11251930397543766,0.008230252119415504
14,16,hippocampus,0.475,2.39247311827957,-0.02941593339572216,-0.0959512336424348,-0.1545967270438323
14,16,hippocampus,0.5,2.60752688172043,0.06535782790882287,-0.05177313594790498,-0.08341592932902607
14,16,hippocampus,0.525,7.473118279569893,-0.06039068553676932,-0.10047590662211131,-0.20821315247361655
14,16,hippocampus,0.55,10.806451612903226,-0.09787826302069118,-0.14421288096182655,-0.16707472229156087
14,16,hippocampus,0.575,12.526881720430108,-0.10542768869766933,-0.09109433246116148,-0.14083392628851327
14,16,hippocampus,0.6,17.58064516129032,-0.06241806836924382,-0.01210376158165842,-0.11743224002630297
14,16,hippocampus,0.625,14.301075268817204,-0.022443558011908782,0.03470043522778283,-0.05556670072933785
14,16,hippocampus,0.65,11.021505376344086,0.04057821009684453,0.14725105934706467,0.008009323564966694
14,16,hippocampus,0.675,10.887096774193548,-0.08242692653354353,0.08422567646172575,-0.07905032579116636
14,16,hippocampus,0.7,9.166666666666666,-0.030864966336854083,0.10115643741153885,-0.08542926360974487
14,16,hippocampus,0.725,7.365591397849463,-0.07257053070666551,0.037604999156539386,-0.19656619432929262
14,16,hippocampus,0.75,7.500000000000001,-0.06215270150504329,0.060444036171571305,-0.16683896506115695
14,16,hippocampus,0.775,4.274193548387097,0.09445742967871484,0.11316593194974953,-0.026753473736656708
14,16,hippocampus,0.8,0.8870967741935484,-0.05907236546140086,0.030187716173289407,-0.07232021212737678
14,16,hippocampus,0.825,-0.618279569892473,0.020214121427297848,0.0545426644827791,-0.0031207766414073864
14,16,hippocampus,0.85,-0.6451612903225806,-0.1137708418316004,-0.11772045639856049,-0.15966682591988668
14,16,hippocampus,0.875,-0.5645161290322581,-0.04000019487926728,-0.1070457744062734,-0.17980566748746055
14,16,hippocampus,0.9,2.8763440860215055,-0.15071027106097531,-0.1326810956337262,-0.2796037247982206
14,16,hippocampus,0.925,2.849462365591398,-0.18969062823401292,-0.10309931750124096,-0.18120945044470776
14,16,hippocampus,0.95,2.8225806451612905,0.13466625082501665,-0.007130383669781309,-0.08735564827670467
14,16,hippocampus,0.975,4.354838709677419,0.10207663474754,-0.13056913399503775,-0.18197811170969713
14,16,hippocampus,1.0,0.9139784946236559,0.04906522895162661,-0.1273027002906846,-0.15101290580557564
14,16,hippocampus,1.025,0.8870967741935483,0.05435041692420186,-0.027190297417382495,-0.03678687297645867
14,16,hippocampus,1.05,4.247311827956989,0.011727826115873296,0.00021718196510876474,-0.00024820796012430256
14,16,hippocampus,1.075,2.60752688172043,-0.14684161556328307,-0.0066173952935750764,-0.0006133195637947632
14,16,hippocampus,1.1,2.741935483870968,0.00032914328769114744,0.06857151826898907,0.09183097726583014
14,16,hippocampus,1.125,2.7150537634408605,0.12820716566870446,0.14322739649711447,0.15486375923084825
14,16,hippocampus,1.15,-0.6451612903225806,0.044692897342238205,0.04805278891548449,0.08158831046731999
14,17,hippocampus,-0.15,-2.1236559139784945,0.07418494215935598,0.025129691063155164,-0.08138355157848896
14,17,hippocampus,-0.125,-2.3118279569892475,0.16058566629530865,-0.09108467013987116,-0.07276334107448733
14,17,hippocampus,-0.1,-2.311827956989248,0.2839380942007344,-0.05900856711315866,0.08532706421254894
14,17,hippocampus,-0.075,-0.24193548387096753,0.3240455434874437,-0.1299824321286578,0.08382217349048063
14,17,hippocampus,-0.05,-0.295698924731183,0.3988295142683069,-0.11215675154246334,0.02879950540668299
14,17,hippocampus,-0.025,-0.18817204301075274,0.20243958797578265,-0.037188744674727166,-0.02385392336993214
14,17,hippocampus,-0.0,-0.2688172043010755,-0.01093018984376412,0.06526278401859159,-0.22356482964417534
14,17,hippocampus,0.025,-2.0430107526881724,-0.0508765523852251,0.1485893039881966,-0.13769098294433962
14,17,hippocampus,0.05,-2.150537634408602,-0.06699433346804129,-0.04085278470563023,-0.05834222168129187
14,17,hippocampus,0.075,-2.0967741935483866,-0.013995586223893604,-0.02285155038816527,0.06462745277022058
14,17,hippocampus,0.1,-0.4301075268817207,-0.024515999076790886,-0.12685390752247516,0.17974029269668612
14,17,hippocampus,0.125,1.182795698924731,0.02352358673987804,-0.10883579464983571,0.08635770065395226
14,17,hippocampus,0.15,1.344086021505376,-0.06256707646807493,0.010375312848400334,0.049249902761393995
14,17,hippocampus,0.175,1.1290322580645165,-0.011621949945431496,0.03339338558981448,0.0075200852588086144
14,17,hippocampus,0.2,3.037634408602151,0.10373851286762416,0.1424135354178163,-0.05803884336443797
14,17,hippocampus,0.225,3.225806451612903,0.05975800798329503,0.0632716191431146,-0.07450452754799233
14,17,hippocampus,0.25,4.89247311827957,0.13332004877592646,-0.004007031720773269,-0.17325768281409715
14,17,hippocampus,0.275,5.053763440860216,0.17209151135363993,-0.03627904006631806,-0.09512219937801007
14,17,hippocampus,0.3,1.5053763440860215,0.06336864514100643,-0.09352649217920639,0.04945780724662546
14,17,hippocampus,0.325,-0.29569892473118276,0.1361995196607117,0.005826859700272683,0.1254504268803
14,17,hippocampus,0.35,-1.774193548387097,0.04669413217362248,-0.022063660114787692,0.23355258039824153
14,17,hippocampus,0.375,-1.478494623655914,0.0629115974597802,0.025650530082389055,0.13155783986088745
14,17,hippocampus,0.4,0.24193548387096775,-0.020059611027731378,0.08404618320559804,0.016720941241822853
14,17,hippocampus,0.425,1.9354838709677418,-0.11160505380168212,0.14109950799085286,-0.12715568477307312
14,17,hippocampus,0.45,3.225806451612903,-0.03823749077606412,0.07733849581100902,-0.10448522532457324
14,17,hippocampus,0.475,3.091397849462366,-0.09626451548893505,-0.05307267585509578,-0.14794476997951772
14,17,hippocampus,0.5,4.758064516129033,0.0011889235569292936,-0.04544330039818633,-0.19992410122853255
14,17,hippocampus,0.525,2.956989247311828,0.05842001396513641,-0.10379070346255471,-0.24242336581577728
14,17,hippocampus,0.55,1.532258064516129,0.06869358218455142,-0.06874679177570908,-0.3384396045583573
14,17,hippocampus,0.575,3.118279569892473,0.06387904108663268,-0.004027682287933964,-0.2555430155617836
14,17,hippocampus,0.6,1.3440860215053763,-0.04546211202983175,0.026332668488550252,-0.35907944434937916
14,17,hippocampus,0.625,3.225806451612903,-0.004974188060609009,-0.011650772035009338,-0.18580055402863063
14,17,hippocampus,0.65,6.693548387096774,0.030818593624583487,-0.1210024053239284,-0.04479788630945527
14,17,hippocampus,0.675,6.586021505376344,0.09317347139960863,0.008554849669425144,-0.09211075715495955
14,17,hippocampus,0.7,6.612903225806452,0.05708031550915037,-0.11186352894352913,0.1722025241401462
14,17,hippocampus,0.725,6.666666666666667,-0.014723832807125761,-0.08780660949094671,0.0536923739159668
14,17,hippocampus,0.75,4.78494623655914,-0.036827265345525814,0.08564480312912981,0.0558832340417572
14,17,hippocampus,0.775,3.172043010752688,-0.16920821043862172,0.07367796722287949,0.015921707202623703
14,17,hippocampus,0.8,3.1451612903225805,-0.06947430273163585,-0.06725933662588385,-0.02601234585169725
14,17,hippocampus,0.825,3.091397849462365,-0.2140233130677249,0.006150405265873617,-0.10407133120938777
14,17,hippocampus,0.85,4.704301075268817,-0.08863596816709836,-0.062238267113453434,-0.24702217448896796
14,17,hippocampus,0.875,9.704301075268816,0.055939015368143705,-0.09559432301254138,-0.11427579352408819
14,17,hippocampus,0.9,11.4247311827957,-0.03746677176298689,0.10361115763229968,-0.06699409295394466
14,17,hippocampus,0.925,9.677419354838708,0.07634492300752525,0.28710029431762696,0.038331182757416524
14,17,hippocampus,0.95,8.14516129032258,-0.010826571392044949,0.27963789776421233,0.07390657048065892
14,17,hippocampus,0.975,4.811827956989248,-0.07361728480664838,0.43659654278392934,0.06874827675329706
14,17,hippocampus,1.0,4.731182795698925,-0.012231503630740293,0.34343934977096,0.10593545753232461
14,17,hippocampus,1.025,4.596774193548388,-0.05917592557969583,0.24806419997401108,0.3717762859425594
14,17,hippocampus,1.05,2.6881720430107534,-0.05269624596675963,0.21791033064709076,0.34146854184403974
14,17,hippocampus,1.075,0.9677419354838719,0.039724224321399264,0.04974639100799082,0.25175162084682323
14,17,hippocampus,1.1,-2.2580645161290316,0.09083475999865243,0.04882102440208602,0.23357509713939192
14,17,hippocampus,1.125,-2.043010752688172,0.07582784961015945,0.0063765535761872,0.0805305578725975
14,17,hippocampus,1.15,-0.24193548387096753,0.14926322350630603,-0.09860937139104627,0.1648654648751413
14,18,hippocampus,-0.15,-1.0215053763440858,-0.15304690504423457,0.1422066281086806,0.06608903136555143
14,18,hippocampus,-0.125,0.37634408602150593,0.11431302308180676,0.23563641711975056,0.1937811396030356
14,18,hippocampus,-0.1,1.6129032258064515,0.2010477995970638,0.2977252533067458,0.23065768995888092
14,18,hippocampus,-0.075,1.397849462365591,0.22054113801106187,0.1827818219576528,0.11209555977462014
14,18,hippocampus,-0.05,1.8010752688172045,0.23804670410448298,0.11567421011137756,0.012082673617424515
14,18,hippocampus,-0.025,0.349462365591398,0.06433314965761298,-0.004154687964250177,-0.0823453993411324
14,18,hippocampus,-0.0,-0.7795698924731183,0.06985438403354112,-0.15952985211973816,-0.1602572313510283
14,18,hippocampus,0.025,1.075268817204301,-0.03692912632237022,-0.02635183059354424,-0.04917789594414649
14,18,hippocampus,0.05,1.048387096774194,0.039441574846140366,0.09139600886356122,0.10349177272913235
14,18,hippocampus,0.075,2.446236559139785,0.1918786182617046,0.10310205220488516,0.14815091370847694
14,18,hippocampus,0.1,4.112903225806452,0.20360833514310292,0.05865314202193371,0.04804095490665701
14,18,hippocampus,0.125,0.7526881720430114,0.2730977860039169,0.043783632006764696,0.05064446429490605
14,18,hippocampus,0.15,2.2849462365591395,0.23250847805903496,-0.0636577120605119,-0.0670510363810929
14,18,hippocampus,0.175,0.8602150537634414,0.09689224900986988,-0.01671572114519182,-0.06099630937115669
14,18,hippocampus,0.2,0.6182795698924726,0.1775696861452503,0.05016363603203652,0.09425651356338072
14,18,hippocampus,0.225,2.2580645161290316,0.11946847802661822,0.05289624059994346,0.11040354526407217
14,18,hippocampus,0.25,2.2043010752688175,0.08612388198968117,0.12616740104151028,0.1915709367673747
14,18,hippocampus,0.275,2.2043010752688175,0.12058698935936928,0.08302795494582939,0.14832328937707628
14,18,hippocampus,0.3,0.4301075268817205,0.05039333577440198,0.019780802732326668,0.08477118459081846
14,18,hippocampus,0.325,-1.3172043010752683,0.13318691608427594,0.03435335896678402,0.10958025680927658
14,18,hippocampus,0.35,-3.0376344086021496,0.14587895648222446,-0.02900441338388122,-0.0677202418130369
14,18,hippocampus,0.375,5.322580645161291,0.11636942942581417,-0.11939705300660586,-0.1232527445753064
14,18,hippocampus,0.4,8.494623655913978,0.05399785033822245,-0.14666211131324713,-0.14408954770233084
14,18,hippocampus,0.425,13.306451612903228,0.1447669057254744,-0.24950395887134258,-0.13209336166552185
14,18,hippocampus,0.45,16.478494623655916,0.06617117657353015,-0.2633248488461187,-0.10093734340452408
14,18,hippocampus,0.475,8.172043010752688,0.079647087412423,-0.1898603218531506,-0.02201689613243507
14,18,hippocampus,0.5,8.46774193548387,0.021277644898740764,-0.1859143918187665,-0.09069499186486342
14,18,hippocampus,0.525,8.79032258064516,-0.12472844032382051,-0.18972630656288234,-0.19491575696121063
14,18,hippocampus,0.55,10.3494623655914,-0.037707295945449075,-0.1042511042222944,-0.13802732404723028
14,18,hippocampus,0.575,18.38709677419355,0.058022489820231275,-0.054176843383422386,-0.13215512011898622
14,18,hippocampus,0.6,18.413978494623656,0.07847383989529774,-0.034654130084996966,-0.11508466677558428
14,18,hippocampus,0.625,16.774193548387096,0.10243939711299142,-0.05677862596166814,-0.1100926180987172
14,18,hippocampus,0.65,15.268817204301074,0.07083766505227843,-0.056633099655312956,-0.0404446564096093
14,18,hippocampus,0.675,8.655913978494624,0.0450275787190738,-0.14294181239678325,-0.12587490755971495
14,18,hippocampus,0.7,7.150537634408602,0.0323494166862605,-0.08309918158366596,-0.040372072024453094
14,18,hippocampus,0.725,3.521505376344087,-0.022425365418742845,0.0026261621959951438,-0.029016517596926736
14,18,hippocampus,0.75,0.295698924731183,0.06889741370293162,-0.030187809827109096,-0.013040927256364491
14,18,hippocampus,0.775,0.725806451612903,0.22519896210656437,0.11600057213420907,0.07601828003781651
14,18,hippocampus,0.8,2.4193548387096775,0.3119948522982376,0.03920367749044798,0.027995213773787806
14,18,hippocampus,0.825,4.274193548387097,0.21351868248536385,0.008957191811460426,0.069009321260469
14,18,hippocampus,0.85,4.086021505376344,0.06745814905915187,-0.11313050603460995,-0.08919207020931308
14,18,hippocampus,0.875,3.8709677419354844,-0.03921366014599043,-0.30069853603025837,-0.21926474873435495
14,18,hippocampus,0.9,5.215053763440861,0.011239470508194696,-0.14799495455859119,-0.13134197761296326
14,18,hippocampus,0.925,5.107526881720432,-0.07654188172197511,-0.09492429125762605,-0.08418834619268707
14,18,hippocampus,0.95,8.521505376344086,-0.008752491686883463,-0.07702192684457447,-0.14117254238490856
14,18,hippocampus,0.975,8.521505376344084,-0.026529233687860993,-0.010362981909320699,-0.02551884295170222
14,18,hippocampus,1.0,3.5752688172043015,0.10033570594622723,-0.02538054875349296,0.030771336039549894
14,18,hippocampus,1.025,3.709677419354839,0.21567423052490095,-0.01393111058414432,0.017026912936176388
14,18,hippocampus,1.05,2.2043010752688166,0.19398882539440124,0.053007071793753927,0.1336419152830334
14,18,hippocampus,1.075,0.5645161290322576,0.21618621924676457,0.09583566130723796,0.12601380937673248
14,18,hippocampus,1.1,0.7258064516129035,0.14741812066603896,0.27779835942147196,0.3335041448412937
14,18,hippocampus,1.125,1.048387096774194,-0.0038409815627089465,0.3410581162942383,0.350397489272058
14,18,hippocampus,1.15,-0.7258064516129028,0.0060949401617181416,0.15171672169794082,0.17360070943376502
14,19,hippocampus,-0.15,-1.1290322580645165,-0.1817286283696749,-0.05132880829681246,-0.06818047735238238
14,19,hippocampus,-0.125,-1.2903225806451615,-0.14148683292734285,0.007363205876923368,-0.00985536786603589
14,19,hippocampus,-0.1,-1.155913978494624,-0.1450135009998643,-0.01531770041267758,-0.07706346951804458
14,19,hippocampus,-0.075,-1.1021505376344085,-0.08076290359640727,0.03261288710785068,0.002564380577398064
14,19,hippocampus,-0.05,-1.0483870967741933,0.10315879906422194,-0.0498724553749332,-0.06498262191412427
14,19,hippocampus,-0.025,-1.0483870967741935,0.17506394485484064,-0.11975355601742929,-0.11096325686267042
14,19,hippocampus,-0.0,-1.155913978494624,0.30914686999501606,-0.07934082607416157,0.007708201252044879
14,19,hippocampus,0.025,-1.1827956989247312,0.20074740592129603,-0.13457721020365584,-0.05509935852226263
14,19,hippocampus,0.05,-1.3440860215053765,0.025354536852948164,-0.04625451971736732,-0.04956041513023791
14,19,hippocampus,0.075,-1.5860215053763445,-0.07389394486223701,-0.0514265727803651,-0.07767614066496419
14,19,hippocampus,0.1,-1.5860215053763442,-0.1711563515910431,-0.059057328480721524,-0.10955394725023171
14,19,hippocampus,0.125,-1.6666666666666665,-0.13558763593264822,-0.11915978243227614,-0.27343120949386857
14,19,hippocampus,0.15,-1.4516129032258067,-0.011273743044017959,-0.010541681807393415,-0.2009361682287045
14,19,hippocampus,0.175,-1.2903225806451613,0.10134871413956742,-0.0027814398391648003,-0.29938143602176964
14,19,hippocampus,0.2,-1.3978494623655917,0.07054769784499361,-0.01874227368842164,-0.16951468902762362
14,19,hippocampus,0.225,-1.4247311827956988,-0.018452407482763535,-0.014610492854893313,-0.16618384003473663
14,19,hippocampus,0.25,-1.3440860215053763,-0.027666524838986593,-0.02199206413221486,-0.08074108269336905
14,19,hippocampus,0.275,-1.2634408602150542,-0.0011169297572255275,0.03525488541396473,0.060772434482886405
14,19,hippocampus,0.3,-0.9408602150537636,0.02955945032868681,0.08497601502304855,-0.01623104086184406
14,19,hippocampus,0.325,-0.5913978494623655,0.13835074087635982,0.1877424936989513,0.06379207312781571
14,19,hippocampus,0.35,1.021505376344086,0.23757451581807928,0.005546620801437175,-0.028077614615970796
14,19,hippocampus,0.375,7.795698924731184,0.13083011547643394,0.07896748289462997,0.07567401644600445
14,19,hippocampus,0.4,17.71505376344086,0.05432017723051073,0.00219551935844573,-0.006851534549632364
14,19,hippocampus,0.425,19.274193548387096,0.07686028798074526,-0.010650147527376811,0.010064217080886824
14,19,hippocampus,0.45,17.688172043010752,0.0780082326648114,-0.06498388993190563,-0.05354452012416825
14,19,hippocampus,0.475,14.381720430107526,0.05990398486804015,-0.11130308299555607,-0.07751884910533141
14,19,hippocampus,0.5,4.543010752688172,0.05470045684800327,-0.10072214336171524,-0.05667133297969491
14,19,hippocampus,0.525,2.9838709677419355,0.05867209402024445,-0.014391268344588263,0.08302654814185535
14,19,hippocampus,0.55,2.903225806451613,-0.11750268953000838,0.054952542136266096,0.13679158689602097
14,19,hippocampus,0.575,4.56989247311828,-0.08999172620042567,0.06764990982684274,0.12409421920544433
14,19,hippocampus,0.6,9.623655913978494,-0.09895017095112363,-0.026629129153513224,0.02747391531976261
14,19,hippocampus,0.625,11.344086021505376,-0.06485301561629321,-0.08183561548769513,-0.026480698233483514
14,19,hippocampus,0.65,13.172043010752688,0.12803687993289598,-0.04267895997763199,-0.01219398856503771
14,19,hippocampus,0.675,9.78494623655914,0.08155283498635338,0.010968557997601833,0.08563736076788712
14,19,hippocampus,0.7,4.623655913978495,0.003080852824158226,0.0708596149556392,-0.022006091601130186
14,19,hippocampus,0.725,4.489247311827957,-0.04309419036805519,0.05593005564613594,0.021448103935096382
14,19,hippocampus,0.75,4.220430107526882,-0.029809026470276175,0.03143389907271937,-0.005199592327818242
14,19,hippocampus,0.775,2.3655913978494625,-0.09897947981330528,-0.1027932586863044,-0.10359772766732765
14,19,hippocampus,0.8,2.3655913978494625,0.01228990861202508,-0.1564281634807382,-0.12798667921151305
14,19,hippocampus,0.825,0.5913978494623655,-0.009452314202894083,-0.18760855341860652,-0.19990573888644933
14,19,hippocampus,0.85,-1.0483870967741935,-0.07811759035342415,-0.34400622441535833,-0.3045779995336215
14,19,hippocampus,0.875,-0.8870967741935485,-0.06974256459185132,-0.09300128974730244,-0.1919517042814761
14,19,hippocampus,0.9,-0.8870967741935483,-0.07869571470711366,0.02925420787586802,-0.19321677685616506
14,19,hippocampus,0.925,-0.9677419354838709,-0.07041859519082762,0.08339965354207796,-0.07969494700138403
14,19,hippocampus,0.95,-0.9139784946236559,-0.0329125344293856,0.19788771819852613,0.06809388278094013
14,19,hippocampus,0.975,-1.021505376344086,-0.02592525796473879,0.13731839932971535,0.051765048046077344
14,19,hippocampus,1.0,-1.1290322580645165,-0.016070645172889312,0.035264560609061,-0.027456384950855065
14,19,hippocampus,1.025,-0.9139784946236558,0.019947883445563162,0.00624660456493263,-0.17360846271973138
14,19,hippocampus,1.05,-0.8602150537634408,0.05183906652480076,0.07749894624243932,-0.0939029407762154
14,19,hippocampus,1.075,-0.7526881720430108,0.0687175557902231,0.02162179874773746,-0.19897646692422188
14,19,hippocampus,1.1,-0.5913978494623655,0.08261129823575564,0.01669012942082285,-0.15447247442676468
14,19,hippocampus,1.125,-0.8333333333333333,0.05891623682800472,0.022229132300136754,-0.07123563399705068
14,19,hippocampus,1.15,-0.8870967741935484,0.027182721084364952,0.028740382629648783,-0.09083304775831615
14,45,amygdala,-0.15,-0.618279569892473,0.0006456262565900891,-0.16996111204734093,-0.14872000820552703
14,45,amygdala,-0.125,-0.6451612903225806,0.07055772303817183,0.0005071534450183059,0.029351505630434458
14,45,amygdala,-0.1,-0.8064516129032259,0.07320230703593436,0.06585519666023472,0.06958848445276503
14,45,amygdala,-0.075,-0.8064516129032258,0.0404091070663481,0.038049669181468945,-0.04766661853502704
14,45,amygdala,-0.05,-0.618279569892473,0.03892775869081697,0.1405279769827515,-0.002340593085840261
14,45,amygdala,-0.025,-0.618279569892473,0.09100115909089869,0.14712648129460482,0.033637077653494496
14,45,amygdala,-0.0,-0.456989247311828,0.03694783709858065,0.16836024739765615,0.02323523776302494
14,45,amygdala,0.025,-0.6451612903225806,-0.046613396393246666,0.21280028788221303,0.17476126206297493
14,45,amygdala,0.05,-0.8870967741935485,0.095057765309506,-0.021890363945337513,0.03129637970309973
14,45,amygdala,0.075,-0.9139784946236559,0.02221634565932105,-0.027770432074151315,0.042845809485833455
14,45,amygdala,0.1,-1.1021505376344085,-0.06343571954737108,-0.05450071911968082,-0.0013917446149050256
14,45,amygdala,0.125,-0.9946236559139785,0.07082081508733155,-0.08503646335001483,-0.038099081460551555
14,45,amygdala,0.15,-0.6720430107526881,0.08256283639549174,0.003418304677321739,-0.0052044458600664315
14,45,amygdala,0.175,1.075268817204301,-0.1396224559865741,-0.11140742095021208,-0.06905258574688602
14,45,amygdala,0.2,1.1827956989247312,-0.03336238010144548,-0.13289693439996086,-0.004006248542202563
14,45,amygdala,0.225,1.2903225806451613,-0.019138692993621743,0.02070685405827604,0.1445915781659654
14,45,amygdala,0.25,1.1559139784946237,-0.12149525952157673,0.1464410542522427,0.29433398015547646
14,45,amygdala,0.275,1.1559139784946237,-0.02518439892299899,0.15519035012010185,0.2862010842858187
14,45,amygdala,0.3,4.462365591397849,0.14038072541440214,0.06819480057068561,0.11765960061596632
14,45,amygdala,0.325,5.994623655913979,0.049053974022827934,0.1495350169538502,0.13736915076937667
14,45,amygdala,0.35,5.994623655913979,0.01984036967110348,0.02422613559840004,0.07348395563898928
14,45,amygdala,0.375,6.021505376344086,0.09331047902959343,0.0873669402663223,0.08496488833090701
14,45,amygdala,0.4,4.462365591397849,-0.045927347364534535,0.1733052409020227,0.20532797851399173
14,45,amygdala,0.425,2.849462365591398,0.14297939955850578,0.2475358311902753,0.3581750545782564
14,45,amygdala,0.45,2.9838709677419355,0.252938531485395,0.32309804914463525,0.3154711897344096
14,45,amygdala,0.475,1.3440860215053765,0.3292104075667064,0.17623599063750628,0.2968807627517723
14,45,amygdala,0.5,-0.48387096774193555,0.17168620438001603,0.20559161514871638,0.25636538948393434
14,45,amygdala,0.525,-0.43010752688172044,-0.03731208613561145,0.05667883560600025,0.10514901226216598
14,45,amygdala,0.55,-0.5645161290322581,-0.045836846347775496,0.2546279697323412,0.2795634682652613
14,45,amygdala,0.575,4.435483870967742,-0.07319385286757547,0.25742152135561497,0.20566600916032451
14,45,amygdala,0.6,7.715053763440861,-0.06627725957899364,0.23690796941201878,0.20728260409877233
14,45,amygdala,0.625,7.526881720430108,-0.11832283895849564,0.22742150641163408,0.15893276973926948
14,45,amygdala,0.65,12.580645161290324,-0.18608219877674384,0.0876798050759944,0.006895179606109522
14,45,amygdala,0.675,9.112903225806452,-0.22476872415029067,0.06056901330881693,0.07109648466963513
14,45,amygdala,0.7,5.940860215053764,-0.1048643830495613,0.07810752012394563,0.1306434204197558
14,45,amygdala,0.725,6.102150537634409,-0.0660184675530213,-0.017389771946809126,0.10897590420000387
14,45,amygdala,0.75,1.075268817204301,0.018938714104814125,-0.017407365934622884,0.11635120893106102
14,45,amygdala,0.775,1.129032258064516,-0.031858456526368845,0.07351702709079837,0.041367478068249496
14,45,amygdala,0.8,0.860215053763441,-0.02576176143379335,0.045454932414360556,0.06987803418935402
14,45,amygdala,0.825,0.7795698924731183,0.012455305544682537,0.07551756515993267,0.11049718493728876
14,45,amygdala,0.85,0.7526881720430109,-0.09310174187366889,0.07916594316916085,0.16381192557518956
14,45,amygdala,0.875,-0.8602150537634409,-0.09251602411778205,0.04920936959910673,0.14979645311258072
14,45,amygdala,0.9,-0.618279569892473,-0.10327324070550474,0.09163994440749364,0.09984981836167585
14,45,amygdala,0.925,-0.5645161290322579,-0.18998445640559122,0.06490967346907288,0.044047051617945254
14,45,amygdala,0.95,-0.5376344086021506,-0.2115187451399386,-0.010004964294663545,-0.08845768431557699
14,45,amygdala,0.975,0.9677419354838711,-0.11254910316614529,0.033912175189799235,-0.0836131710748492
14,45,amygdala,1.0,0.9408602150537635,0.0006450564647785671,0.047304140750428256,0.03821191629450179
14,45,amygdala,1.025,2.60752688172043,0.115267700009553,0.04699003300494369,0.11245555517721081
14,45,amygdala,1.05,2.741935483870968,0.17988653199226087,0.11260096851426615,0.16154160595343928
14,45,amygdala,1.075,1.1559139784946237,0.1074071478925812,0.008827061715136848,0.06347398576838864
14,45,amygdala,1.1,2.688172043010753,0.15642769879927662,-0.026034907015626062,0.028155115012108187
14,45,amygdala,1.125,1.1021505376344085,0.07412960635166799,-0.06682768870377333,-0.02392471634863184
14,45,amygdala,1.15,1.0483870967741935,0.014602300388141448,-0.11833343206372464,-0.069626862777893
14,46,amygdala,-0.15,-0.18817204301075272,-0.19544278679942748,-0.05617871330089443,-0.11129298782345613
14,46,amygdala,-0.125,-0.24193548387096775,-0.08811187665087654,-0.10484721966577457,-0.10928238124216096
14,46,amygdala,-0.1,-0.24193548387096775,-0.08485942482819317,-0.10543857454262608,-0.10739004563623611
14,46,amygdala,-0.075,-0.24193548387096775,0.03867327572074767,-0.11495297817684308,-0.2357736257733858
14,46,amygdala,-0.05,-0.18817204301075272,0.14304874471038276,-0.04571173198062252,-0.1988726450851663
14,46,amygdala,-0.025,-0.2150537634408602,0.10726226732691342,-0.14792763241239157,-0.25312716382917205
14,46,amygdala,-0.0,-0.1881720430107527,0.06561121260209604,-0.09441613520789431,-0.24777567685913507
14,46,amygdala,0.025,-0.1881720430107527,0.0432073839086974,-0.09761668216409411,-0.23817403599053566
14,46,amygdala,0.05,-0.24193548387096775,0.015126005599432632,-0.01365269336572166,-0.16122946877577055
14,46,amygdala,0.075,-0.18817204301075272,0.009531984894461346,0.05807632033635727,0.02353515857962363
14,46,amygdala,0.1,-0.21505376344086022,0.009531984894461346,0.05807632033635727,0.02353515857962363
14,46,amygdala,0.125,-0.21505376344086022,-0.15830956355646628,0.03709612677999132,0.07748422772456465
14,46,amygdala,0.15,-0.18817204301075272,-0.15628418822495632,-0.04834191687668502,0.027265694838836695
14,46,amygdala,0.175,-0.13440860215053765,-0.26196597138410543,-0.0302060039393255,0.014154831442419347
14,46,amygdala,0.2,-0.13440860215053765,-0.26196597138410543,-0.0302060039393255,0.014154831442419347
14,46,amygdala,0.225,-0.10752688172043011,-0.23889736810833764,-0.007732903788630764,0.03488033198276004
14,46,amygdala,0.25,-0.08064516129032258,-0.15330688593342606,-0.11970537668774361,-0.06090273550779939
14,46,amygdala,0.275,-0.10752688172043011,-0.06236779066163706,-0.09171733920828978,-0.0880486456399582
14,46,amygdala,0.3,-0.10752688172043011,-0.10639211348161617,0.033018242114984324,-0.033018242114984324
14,46,amygdala,0.325,-0.08064516129032258,-0.0021000943278551513,-0.02730122626211697,-0.0735033014749303
14,46,amygdala,0.35,3.2795698924731185,-0.056112225380093673,0.107123339361997,0.020404445592761333
14,46,amygdala,0.375,6.612903225806452,-0.28566223829865867,0.15303334194570997,0.17853889893666167
14,46,amygdala,0.4,9.919354838709678,-0.18244446560714117,0.08943356157212802,0.15382572590406018
14,46,amygdala,0.425,11.559139784946236,-0.18244446560714117,0.08943356157212802,0.15382572590406018
14,46,amygdala,0.45,8.225806451612904,-0.18244446560714117,0.08943356157212802,0.15382572590406018
14,46,amygdala,0.475,4.865591397849462,-0.20994011136793309,0.17769225727066434,0.2243364748042137
14,46,amygdala,0.5,3.252688172043011,-0.20994011136793309,0.17769225727066434,0.2243364748042137
14,46,amygdala,0.525,3.1720430107526885,-0.08535791995526398,0.2194917941706788,0.34448017696231537
14,46,amygdala,0.55,3.1720430107526885,-0.08535791995526398,0.2194917941706788,0.34448017696231537
14,46,amygdala,0.575,3.198924731182796,0.04512977881467779,0.13550763206346897,0.25120074787147656
14,46,amygdala,0.6,1.5053763440860215,0.019155351168576078,0.2219673004492381,0.28082064958277403
14,46,amygdala,0.625,-0.10752688172043011,-0.07337387136663182,0.20177814625823756,0.1394103555966005
14,46,amygdala,0.65,-0.16129032258064516,-0.05981378456817209,0.2300776441194987,0.22756984048461548
14,46,amygdala,0.675,1.532258064516129,-0.03933329346233385,0.22351957292354835,0.21624439232825948
14,46,amygdala,0.7,4.838709677419355,-0.044709533195286824,0.22283799084635023,0.21787026493576278
14,46,amygdala,0.725,4.89247311827957,-0.12570032132598236,0.24049668158866558,0.2848575169704104
14,46,amygdala,0.75,4.946236559139785,-0.16323556474209067,0.2193477901221843,0.19384223313123267
14,46,amygdala,0.775,4.919354838709677,-0.0735033014749303,0.09030405609777149,0.05670254685208908
14,46,amygdala,0.8,8.279569892473118,0.18364001033485197,-0.07651667097285499,-0.13773000775113897
14,46,amygdala,0.825,13.198924731182796,0.3293487970635852,-0.19363723244441944,-0.22342757589740708
14,46,amygdala,0.85,13.198924731182796,0.3293487970635852,-0.19363723244441944,-0.22342757589740708
14,46,amygdala,0.875,13.145161290322582,0.3659554284466324,-0.08970891825734569,-0.06692570092214678
14,46,amygdala,0.9,11.39784946236559,0.2969402498099984,-0.17764472087758507,-0.08986121845562052
14,46,amygdala,0.925,8.091397849462366,0.21511483201810164,-0.10897928376865873,0.004403203384592272
14,46,amygdala,0.95,8.010752688172044,0.17856977940760507,-0.19276811402286753,-0.060826488583646074
14,46,amygdala,0.975,7.983870967741936,0.13132384113526155,-0.22665284452918918,-0.06107659091905321
14,46,amygdala,1.0,3.0376344086021505,0.05882314688247001,-0.2008816958657419,-0.10704167935272133
14,46,amygdala,1.025,1.3440860215053765,-0.006375205273534484,-0.1718553536685879,-0.03728807113225566
14,46,amygdala,1.05,4.731182795698925,0.007384230568626273,-0.10305817445778408,0.0039902363942266195
14,46,amygdala,1.075,3.145161290322581,-0.044142483586947875,0.04699038575384774,0.07546940742284637
14,46,amygdala,1.1,3.1720430107526885,-0.06706693710770742,0.06096994282518855,0.07621242853148569
14,46,amygdala,1.125,4.838709677419355,-0.06096994282518855,0.11889138850911768,-0.07621242853148569
14,46,amygdala,1.15,4.838709677419355,-0.051824451401410274,0.11279439422659883,0.009145491423778284
14,47,amygdala,-0.15,-0.10752688172043011,-0.21278422696323235,-0.11739819418661093,-0.02201216140998955
14,47,amygdala,-0.125,-0.16129032258064516,-0.2865587312783862,-0.1219398856503771,-0.08230942281400454
14,47,amygdala,-0.1,-0.1881720430107527,-0.26343095043823733,-0.13527535292774348,-0.1181879399263443
14,47,amygdala,-0.075,-0.32258064516129037,-0.21792436881960037,-0.11279941614808116,-0.019490097838991454
14,47,amygdala,-0.05,-0.2956989247311828,-0.06113756696166753,-0.0796090849333011,-0.02628639095963239
14,47,amygdala,-0.025,1.370967741935484,-0.05003312616970067,-0.04064419385143585,0.0054356976579427885
14,47,amygdala,-0.0,3.064516129032258,4.121701477244267e-05,0.061825522158664,0.07575687315174963
14,47,amygdala,0.025,3.145161290322581,-0.0014239510834499315,-0.035598777086248284,-0.12388374426014404
14,47,amygdala,0.05,4.731182795698925,-0.058816680080275685,-0.057621386651874856,-0.06673034691658468
14,47,amygdala,0.075,3.064516129032258,-0.018588873662371642,-0.17327633010334897,-0.17735681456582078
14,47,amygdala,0.1,1.3440860215053765,0.043344441019179815,-0.10950174573266479,-0.13231460942696996
14,47,amygdala,0.125,1.3440860215053765,0.004562572738861032,-0.04562572738861032,-0.07528245019120704
14,47,amygdala,0.15,-0.24193548387096775,-0.002945623547832592,-0.04188849956991347,-0.07909865585797518
14,47,amygdala,0.175,-0.18817204301075272,-0.09255682042424555,0.06977360308904665,0.04699038575384774
14,47,amygdala,0.2,-0.21505376344086022,-0.13442608847106313,0.09947530546858672,0.1371146102404844
14,47,amygdala,0.225,-0.2688172043010753,0.007171760570405024,0.1349445063649773,0.16688769281362037
14,47,amygdala,0.25,1.3978494623655915,0.049913804889428065,0.2279713087063804,0.19705854762704839
14,47,amygdala,0.275,1.370967741935484,0.031131722950035967,0.20433281650539484,0.11773226972771539
14,47,amygdala,0.3,4.731182795698925,0.03185643047130588,0.15438116305325159,0.11762374327866787
14,47,amygdala,0.325,6.478494623655914,-0.0811652117566461,0.10964423342564474,0.10110052692494514
14,47,amygdala,0.35,4.731182795698925,0.009801978606555656,0.12742572188522353,0.11517324862702895
14,47,amygdala,0.375,4.67741935483871,-0.009194159214494995,-0.030127968004522852,-0.03069785390624775
14,47,amygdala,0.4,3.010752688172043,-0.0007000284015156312,0.08766826275451639,-0.013794677323984495
14,47,amygdala,0.425,3.0376344086021505,-0.020862955700773022,0.04592447302597548,-0.03068845558474704
14,47,amygdala,0.45,3.091397849462366,-0.03850468686187422,0.07577024792485618,-0.03855058040998134
14,47,amygdala,0.475,4.865591397849462,0.13142643319294112,0.14497128161831618,0.02212128083445543
14,47,amygdala,0.5,3.2258064516129035,0.16142251700659005,0.07337387136663182,-0.03668693568331591
14,47,amygdala,0.525,4.811827956989247,0.10981436205732531,0.11620177461546949,-0.06834531437214296
14,47,amygdala,0.55,4.78494623655914,0.06185963392848884,0.03527817089805797,-0.07134248488019523
14,47,amygdala,0.575,3.091397849462366,-0.027306661123736784,-0.01661346441477767,-0.10573873483880594
14,47,amygdala,0.6,2.956989247311828,-0.100680555394454,-0.04212523851473474,-0.1674715005272983
14,47,amygdala,0.625,-0.4838709677419355,0.028212922139035115,-0.07177594801114727,-0.12543024578185635
14,47,amygdala,0.65,1.1559139784946237,0.05001875230703825,-0.051407243778879355,-0.09709522506660365
14,47,amygdala,0.675,2.7688172043010755,0.12133970063736485,-0.00817680179003873,-0.05215655462781906
14,47,amygdala,0.7,2.956989247311828,0.14396527886475752,0.040637901473859345,0.11553449895765827
14,47,amygdala,0.725,3.064516129032258,0.19235980794298993,0.03507567957134871,0.08667938206644692
14,47,amygdala,0.75,3.064516129032258,0.15452258838188757,0.024276821700968735,0.09125447070618806
14,47,amygdala,0.775,1.3978494623655915,0.07226479526158247,-0.035536304776476145,0.005823368653693511
14,47,amygdala,0.8,1.3440860215053765,0.03378792092501585,0.04432349675547147,0.07366672162701385
14,47,amygdala,0.825,1.3440860215053765,-0.06420116521683888,0.1461811146475716,0.12860810339911635
14,47,amygdala,0.85,-0.26881720430107525,-0.044720461028100296,0.07142908660064314,0.2078574054974284
14,47,amygdala,0.875,-0.2688172043010753,-0.05980588843481431,-0.03416890524635497,0.08968822414483525
14,47,amygdala,0.9,-0.2956989247311828,0.08055634226517973,-0.061769071849586625,-0.025220726461268918
14,47,amygdala,0.925,-0.3494623655913979,0.08745463070942099,-0.12509333253372876,-0.09188271327698658
14,47,amygdala,0.95,1.3172043010752688,0.059392140470663296,-0.015904017825477554,-0.09064922862189055
14,47,amygdala,0.975,1.370967741935484,-0.03469329978005536,-0.01464301958862405,-0.10605335211491326
14,47,amygdala,1.0,1.3440860215053765,-0.058351066251344355,-0.08240116788196603,0.04888873118355878
14,47,amygdala,1.025,3.145161290322581,0.012815559751049383,-0.07546940742284637,0.10679633125874485
14,47,amygdala,1.05,1.3978494623655915,0.10662841721630918,-0.04336029954060969,0.11821039836736556
14,47,amygdala,1.075,4.704301075268817,0.06101915979518269,-0.07368872660905956,0.04712605226096258
14,47,amygdala,1.1,4.704301075268817,-0.17596460999909314,-0.21330354740485105,-0.20979896579434537
14,47,amygdala,1.125,4.650537634408602,-0.1939008813802065,-0.24130619024056255,-0.25653185367661446
14,47,amygdala,1.15,4.623655913978495,-0.3177767526931321,-0.2515404072186331,-0.2637625900145228
14,48,amygdala,-0.15,0.510752688172043,-0.1298112965774582,-0.011153664294995917,-0.019755002664363478
14,48,amygdala,-0.125,-1.2096774193548399,0.06254245000019573,-0.07250632071101122,-0.08811638482462218
14,48,amygdala,-0.1,-1.182795698924731,0.21983676026487103,-0.0719544488180119,-0.11538182412233412
14,48,amygdala,-0.075,0.8064516129032251,0.26115284026661895,-0.024742133746778996,-0.04973855458242519
14,48,amygdala,-0.05,-2.71505376344086,0.2633523953869551,-0.04032727124553102,-0.0907874074812366
14,48,amygdala,-0.025,-0.9408602150537622,0.09601740023087292,-0.1750455367652099,-0.1168075652649222
14,48,amygdala,-0.0,0.967741935483871,-0.037733297364733555,-0.04060652014250639,-0.004169987040307481
14,48,amygdala,0.025,-0.887096774193548,-0.2883629349861072,-0.02340765534682522,0.0065276250204654215
14,48,amygdala,0.05,-2.661290322580646,-0.1330821778030707,-0.023356240582854706,-0.061205066652780644
14,48,amygdala,0.075,-2.983870967741935,-0.08964710665309043,0.07042790892308469,-0.07363960509547292
14,48,amygdala,0.1,-4.865591397849462,-0.017373396211699976,-0.05859711266139157,-0.14866445617994142
14,48,amygdala,0.125,-4.89247311827957,0.13125640919588896,-0.1360612632222347,-0.13789168380369973
14,48,amygdala,0.15,-5.134408602150536,0.04141902668570049,-0.0050566787180701825,0.028078542630490207
14,48,amygdala,0.175,-5.268817204301078,-0.02924816325503927,0.03024178552589862,0.10588446558183207
14,48,amygdala,0.2,-2.365591397849463,-0.1263125321183635,0.23331387033884085,0.25563129231054044
14,48,amygdala,0.225,-1.1290322580645142,-0.21848785424992626,0.5337043614791204,0.3943140604435783
14,48,amygdala,0.25,5.510752688172047,-0.23792441737456485,0.6990896851863411,0.6199250061982304
14,48,amygdala,0.275,11.666666666666668,-0.14657327051238778,0.7926627902218528,0.6821391675931565
14,48,amygdala,0.3,20.32258064516129,-0.13742921478853504,0.7731118968204989,0.7436068918456968
14,48,amygdala,0.325,28.1989247311828,-0.0854714764762962,0.7154606457772091,0.7336911940832315
14,48,amygdala,0.35,27.82258064516129,0.00515329743471762,0.6723537476590402,0.6706359818474676
14,48,amygdala,0.375,25.51075268817204,-0.058842003115716704,0.550423174459056,0.5263652445523291
14,48,amygdala,0.4,20.537634408602152,-0.03824835638931302,0.4431088541329744,0.43179382083977597
14,48,amygdala,0.425,17.930107526881724,-0.14155326318013345,0.42866219032466324,0.3813426671284411
14,48,amygdala,0.45,14.516129032258062,-0.15427496120603906,0.3935445859167381,0.35394133768876035
14,48,amygdala,0.475,9.032258064516128,-0.13092975776309695,0.28130252118046206,0.26680265255694
14,48,amygdala,0.5,3.49462365591398,-0.09384124348293567,0.3134896735075235,0.26981896496026986
14,48,amygdala,0.525,3.387096774193548,-0.06799842587565291,0.3036350291897164,0.33872444806067226
14,48,amygdala,0.55,0.053763440860215894,-0.13599996496185796,0.31088242643369884,0.36779848786122765
14,48,amygdala,0.575,1.6935483870967722,-0.14660030736768123,0.3245585605858604,0.3976167154999368
14,48,amygdala,0.6,3.010752688172044,-0.11479333692119477,0.2471224330365323,0.4842099518521389
14,48,amygdala,0.625,1.1290322580645142,-0.03405122402751644,0.2561574954206988,0.4090710710796353
14,48,amygdala,0.65,1.1559139784946257,0.030907820936720228,0.07937921446165895,0.2119829166219134
14,48,amygdala,0.675,2.956989247311828,-0.03960730313348184,0.10917397658587942,0.2235781483291289
14,48,amygdala,0.7,3.763440860215052,0.08013913973947774,0.13515700873336323,0.1358936284013331
14,48,amygdala,0.725,2.446236559139784,0.05895685045062905,0.09373347683164109,0.15348186576818154
14,48,amygdala,0.75,6.451612903225804,0.07966289592398411,0.18807459060036966,0.2948340554633988
14,48,amygdala,0.775,11.639784946236558,0.16700319662702345,0.05576945488092925,0.24794901280850903
14,48,amygdala,0.8,10.96774193548387,0.18895722914576887,0.07738758231303848,0.27516434488446984
14,48,amygdala,0.825,11.182795698924734,0.29572523920294547,0.14671895891359613,0.25577335917312166
14,48,amygdala,0.85,11.10215053763441,0.2532604558004723,0.24734943845082694,0.2874327320664481
14,48,amygdala,0.875,2.446236559139784,0.2990692032630827,0.30082081815359724,0.27452120907282707
14,48,amygdala,0.9,0.8333333333333321,0.1861581373011622,0.46996091035846077,0.4261874229564522
14,48,amygdala,0.925,-0.994623655913978,0.21281691414262682,0.4323765927816425,0.41314063067118983
14,48,amygdala,0.95,-2.688172043010751,0.18666390066394978,0.2931512116141459,0.35732803841384675
14,48,amygdala,0.975,-2.499999999999999,0.125453761117333,0.32676269020595744,0.3970444080196009
14,48,amygdala,1.0,-2.0967741935483852,0.18514654266536396,0.17328761584809263,0.18283570253608838
14,48,amygdala,1.025,0.806451612903226,0.22845253995877707,0.11751757862967692,0.09807589497448505
14,48,amygdala,1.05,3.844086021505378,0.2227567283411331,0.16358816069026197,0.16445008498337663
14,48,amygdala,1.075,5.672043010752688,0.2159184871620928,0.24491215968332586,0.19387920522796326
14,48,amygdala,1.1,5.887096774193546,0.2582489605971768,0.2770597813779207,0.25334951604834605
14,48,amygdala,1.125,6.50537634408602,0.1529330976209533,0.30736230745540954,0.3265328300555489
14,48,amygdala,1.15,9.784946236559138,0.09376393426569865,0.2940361682520919,0.20772552555987392
14,49,amygdala,-0.15,-4.005376344086022,-0.08004441247483225,-0.035651745639060914,-0.11212843517646032
14,49,amygdala,-0.125,-1.9354838709677424,0.0073643247084286875,-0.0496900802125811,-0.17016941315877773
14,49,amygdala,-0.1,1.666666666666667,0.12019647817738482,0.06205754669162655,-0.164018377636474
14,49,amygdala,-0.075,3.655913978494624,0.11040761190015534,0.10878548513949539,-0.12580494210451468
14,49,amygdala,-0.05,3.897849462365592,0.0964539794249045,0.032624140099600046,-0.17214714242279078
14,49,amygdala,-0.025,2.365591397849461,0.20013319992354062,0.09146793833473345,0.007091947505078736
14,49,amygdala,-0.0,-1.2634408602150535,0.22642151870720723,0.15398753718887156,0.06984705360696652
14,49,amygdala,0.025,-3.306451612903226,0.3016455501982452,0.12137672925884299,0.042982245562063856
14,49,amygdala,0.05,-3.440860215053764,0.18190056970714777,0.11913746220493439,0.11578975573800036
14,49,amygdala,0.075,-3.790322580645162,0.12369419211029888,0.03611696228526018,0.08760284469190768
14,49,amygdala,0.1,-2.2849462365591386,-0.057699292043730026,-0.0763967195716054,-0.041807754049369365
14,49,amygdala,0.125,-0.6451612903225801,-0.11033785976508836,-0.009485944957849057,-0.03447579995433313
14,49,amygdala,0.15,-0.8064516129032269,-0.17543463540087026,-0.1397986807743823,-0.13888363486385905
14,49,amygdala,0.175,-0.6182795698924739,-0.19809844705130158,-0.07087153714211407,-0.12829840183142252
14,49,amygdala,0.2,-2.2580645161290325,-0.03730169411383401,0.0072609192106434925,-0.05274393074492087
14,49,amygdala,0.225,-4.086021505376345,-0.04007578227137056,0.05364777243355995,-0.0004353279863343767
14,49,amygdala,0.25,-4.005376344086022,0.09043808967396355,0.23958250824347974,0.14659867763186413
14,49,amygdala,0.275,3.763440860215053,0.2207548262560511,0.2748834396368163,0.2014687936451603
14,49,amygdala,0.3,15.107526881720432,0.21167198487090974,0.3971851340541763,0.382956158001425
14,49,amygdala,0.325,29.97311827956989,0.1535705331055603,0.3063028545683016,0.3472228229495549
14,49,amygdala,0.35,36.37096774193549,0.19191431713347246,0.3029220809849595,0.384796355080516
14,49,amygdala,0.375,43.575268817204304,0.04785580851573675,0.19430427101674466,0.2609505594877814
14,49,amygdala,0.4,37.52688172043011,-0.0027137974198201166,0.12358019005161981,0.1948045713906723
14,49,amygdala,0.425,26.155913978494624,0.04193796979022953,0.1531003912366383,0.10774203924805774
14,49,amygdala,0.45,21.263440860215056,-0.054883490444358494,0.11929200428834115,0.07851777310438852
14,49,amygdala,0.475,12.661290322580644,-0.0574092362042703,0.10077886373252963,0.11688612386809859
14,49,amygdala,0.5,16.075268817204304,0.03474986877255654,0.17707836592647638,0.1607917656764057
14,49,amygdala,0.525,27.365591397849464,0.011873230988449354,0.11140410065076244,0.17891554738938628
14,49,amygdala,0.55,24.13978494623656,0.029061608001139137,0.013003924420824955,0.06453611023720565
14,49,amygdala,0.575,17.82258064516129,0.15979866410745008,0.09819972402435705,0.1716061948260804
14,49,amygdala,0.6,15.806451612903224,0.05128319544177089,0.13371354040135688,0.1640960299473762
14,49,amygdala,0.625,4.381720430107526,0.016056651296967654,0.11369432328819568,0.10745996581156006
14,49,amygdala,0.65,16.048387096774192,-0.06586356185405486,0.1201551201935041,0.05714632572631231
14,49,amygdala,0.675,25.833333333333336,-0.2260620583448702,-0.024530516845024147,-0.08925040895635211
14,49,amygdala,0.7,24.408602150537636,-0.2368790566580137,-0.06756702787140378,-0.10996501974852571
14,49,amygdala,0.725,27.688172043010752,-0.16971926985871089,-0.016727506795255483,-0.0864891028667928
14,49,amygdala,0.75,19.811827956989248,-0.10549365751890234,0.0011480567323701586,-0.006582191932255575
14,49,amygdala,0.775,14.919354838709678,-0.04703031300855171,0.11385882948349535,0.044756712868540244
14,49,amygdala,0.8,16.7741935483871,0.00647398608842089,0.1155593722344219,0.1585486869717622
14,49,amygdala,0.825,16.989247311827956,-0.09430478363825126,0.032847160092673716,0.07235563237197355
14,49,amygdala,0.85,18.65591397849462,-0.09647308853280835,-0.00010306953903077815,0.00669952003700058
14,49,amygdala,0.875,18.79032258064516,-0.04226307739983888,-0.037764270499004444,0.040617799447533715
14,49,amygdala,0.9,18.521505376344084,-0.06922730459597413,-0.0012791445786395812,-0.00803302795385657
14,49,amygdala,0.925,12.06989247311828,0.016425497146896468,0.011564368707783804,0.035767671357260535
14,49,amygdala,0.95,10.107526881720428,-0.0380085038457969,0.008335869052699924,0.016314850745345416
14,49,amygdala,0.975,11.747311827956992,-0.01925825549251647,0.04325465320938223,0.08872553423337945
14,49,amygdala,1.0,11.881720430107528,-0.031355920694496754,0.0866944007484947,0.15256989890406072
14,49,amygdala,1.025,11.586021505376344,0.01603526435994728,0.06813069259154636,0.0597166543548276
14,49,amygdala,1.05,18.091397849462364,-0.004310588208557547,-0.023491430414683434,-0.03537743103709655
14,49,amygdala,1.075,16.236559139784948,-0.08671347122722203,-0.11583938672487469,-0.12169011887308735
14,49,amygdala,1.1,11.20967741935484,-0.12259614312631996,-0.18061426374387676,-0.1879399129375586
14,49,amygdala,1.125,12.634408602150536,-0.10886570101487204,-0.0993259230908884,-0.06848744311736912
14,49,amygdala,1.15,6.102150537634409,0.04256709898360576,0.04729110217014868,0.10612409320687792
14,50,amygdala,-0.15,1.4247311827956992,-0.07658732911606599,0.05453946164325911,-0.0022417090133834737
14,50,amygdala,-0.125,-0.3225806451612905,-0.09774689156922187,0.07108147643572954,-0.05422493688881773
14,50,amygdala,-0.1,-1.9892473118279574,0.022814829424114804,0.18344391816214675,0.03709062072077992
14,50,amygdala,-0.075,-0.24193548387096797,0.08972950662963486,0.2589818213921886,0.02748969053883566
14,50,amygdala,-0.05,-0.13440860215053796,-0.006252948462597459,0.187111534079929,0.05582611190971544
14,50,amygdala,-0.025,3.4408602150537635,0.06291284755465736,0.196676901969152,0.1395423159495576
14,50,amygdala,-0.0,5.080645161290323,-0.004457748460912829,0.22511629727609786,0.12954324443038243
14,50,amygdala,0.025,3.413978494623656,0.01345180043194237,0.1822665578367747,0.08426058326119457
14,50,amygdala,0.05,3.440860215053763,0.0117110734944599,0.12493610663444547,0.05461569758706644
14,50,amygdala,0.075,-0.16129032258064546,0.12347748634204668,0.24910033441590493,0.1350253593676006
14,50,amygdala,0.1,-1.720430107526882,0.09581528217184106,0.13084253232750442,-0.005957015332595811
14,50,amygdala,0.125,-1.7473118279569895,0.145483481748206,0.1475029784811491,0.07886666188651606
14,50,amygdala,0.15,-0.13440860215053796,0.25261355451426876,0.1703703628599013,0.1032346862693397
14,50,amygdala,0.175,1.720430107526882,0.16561047305408816,0.13237580942128846,0.09814946630912295
14,50,amygdala,0.2,1.5053763440860213,0.15865734872075218,0.11873523631143112,0.0520838155273924
14,50,amygdala,0.225,3.2526881720430105,0.05001053792088472,0.21668561595955985,0.14321928087279007
14,50,amygdala,0.25,1.317204301075269,0.1752699350107611,0.41407785789395507,0.30456051282255
14,50,amygdala,0.275,4.489247311827958,0.14648345438880306,0.4329399874157957,0.3673637026374391
14,50,amygdala,0.3,7.741935483870968,0.1558500770167926,0.5475955007039471,0.5268905274220723
14,50,amygdala,0.325,5.887096774193549,0.3088819636750897,0.5970983655081035,0.5814156168005382
14,50,amygdala,0.35,5.967741935483872,0.25704435775285184,0.49793849458312955,0.4791765217621851
14,50,amygdala,0.375,0.9946236559139785,0.11678687345723397,0.3888852584663099,0.3928932974740994
14,50,amygdala,0.4,-2.2311827956989245,0.0043239764783671135,0.2749461833559237,0.2677662471048079
14,50,amygdala,0.425,1.1827956989247315,-0.09490978966722187,0.19042193175230968,0.1440931740477524
14,50,amygdala,0.45,4.67741935483871,-0.048142162780757676,0.1935430822077616,0.16386243808636447
14,50,amygdala,0.475,4.650537634408602,0.006573681584442176,0.19855147857649144,0.11509201718041359
14,50,amygdala,0.5,4.865591397849462,0.17585219284513656,0.21407859939958243,0.19920086052320274
14,50,amygdala,0.525,1.639784946236559,0.18297749799998703,0.2522524914271412,0.2749185031014635
14,50,amygdala,0.55,-1.827956989247312,0.04835214196753752,0.13994021789837202,0.23065350178703067
14,50,amygdala,0.575,-1.6666666666666665,-0.026539686973992248,0.19515890663050492,0.26991369461263615
14,50,amygdala,0.6,4.650537634408602,-0.06401429386362503,0.1946380556664275,0.25445812880188706
14,50,amygdala,0.625,6.129032258064516,0.04702233354126494,0.18746306557183537,0.24625402976077543
14,50,amygdala,0.65,9.435483870967742,0.07079119559157522,0.2903969925050375,0.2996088222072969
14,50,amygdala,0.675,9.22043010752688,0.10076314733932248,0.2643903879185438,0.2808301317780696
14,50,amygdala,0.7,2.8225806451612905,0.11631126245033548,0.18707703512139962,0.2527615060705941
14,50,amygdala,0.725,1.344086021505376,-0.0010455373241133302,0.24176039971420543,0.16259445822429097
14,50,amygdala,0.75,-1.6935483870967747,-0.047951040176496915,0.16511417849954932,0.09884386195891387
14,50,amygdala,0.775,-1.4247311827956992,-0.08368997487372971,0.09205357648909278,0.03685380582769658
14,50,amygdala,0.8,-1.6129032258064515,-0.058028389284314,0.24499393950137532,0.11379004461220946
14,50,amygdala,0.825,-1.532258064516129,-0.08985541551516811,0.31355851719927197,0.24158331375419526
14,50,amygdala,0.85,-1.6935483870967742,-0.12203747155178064,0.28563034845137175,0.22038968970404255
14,50,amygdala,0.875,1.4516129032258065,-0.06703569776441082,0.28643245190439,0.22361947525899717
14,50,amygdala,0.9,1.7204301075268817,-0.212777943156563,0.10572137010000414,0.1498097717254416
14,50,amygdala,0.925,1.478494623655914,-0.09797652783356113,0.10199824866280806,0.15851400978959354
14,50,amygdala,0.95,1.4516129032258063,-0.10926030939294058,0.11562986298841679,0.1410023586384465
14,50,amygdala,0.975,-0.21505376344086025,-0.045340760530966,0.1665401011810482,0.17023923082809672
14,50,amygdala,1.0,1.5053763440860217,0.03302956595156462,0.13400036587893996,0.13593548491141522
14,50,amygdala,1.025,1.532258064516129,-0.030370651235889785,0.23736362998259666,0.19417040484204362
14,50,amygdala,1.05,1.370967741935484,0.04234671952069962,0.24345418377863084,0.1730955038296424
14,50,amygdala,1.075,3.0913978494623655,0.060723536851956854,0.17335974442441013,0.17354495782657298
14,50,amygdala,1.1,1.021505376344086,0.14906985546776266,0.24958702913704625,0.22958857317464573
14,50,amygdala,1.125,1.1021505376344094,0.14942005008326903,0.19755255921373385,0.17604988393914578
14,50,amygdala,1.15,1.1290322580645165,0.008256593243953775,0.019570216264941067,0.04575093281697171
14,51,amygdala,-0.15,-0.9946236559139783,0.2666768085495929,0.1240806038606457,-0.013951896398790554
14,51,amygdala,-0.125,-2.580645161290322,0.2384948280658883,0.07551377150978499,0.0059636785258853405
14,51,amygdala,-0.1,-2.6612903225806446,0.30169552449579934,0.12296877924486617,0.07136604125974491
14,51,amygdala,-0.075,-2.822580645161291,0.20903586968977952,0.0787761289335371,0.0025328282924824913
14,51,amygdala,-0.05,-2.9032258064516134,0.1408728611198224,-0.06528632321275993,-0.038257940293123835
14,51,amygdala,-0.025,-1.5591397849462358,0.21569873797540587,-0.04235970905037308,0.02156729088845215
14,51,amygdala,-0.0,-1.2903225806451608,0.04914018482273486,-0.042297880606911024,0.060466271725443256
14,51,amygdala,0.025,0.6182795698924735,0.08194327355451138,0.010713064886993732,0.1491269008119297
14,51,amygdala,0.05,0.8870967741935485,0.07611354418367343,0.06072972098233009,0.21706262702841386
14,51,amygdala,0.075,3.010752688172043,0.03674728957740234,0.042542561051974744,0.11261266160816844
14,51,amygdala,0.1,2.9301075268817205,0.05726994583066914,-0.03869090941213642,-0.03742235500518113
14,51,amygdala,0.125,0.887096774193548,0.009466336901361725,-0.2164774405685027,-0.25673537881934877
14,51,amygdala,0.15,0.591397849462366,-0.0040192458972330095,-0.17290536543709492,-0.2836291072511914
14,51,amygdala,0.175,-1.2903225806451604,0.04293723674480531,-0.07587219625153285,-0.16099520331652106
14,51,amygdala,0.2,-1.4784946236559133,0.053475381396813584,0.011886295429122245,-0.115392881115836
14,51,amygdala,0.225,-1.1290322580645158,0.12787052352063033,0.11327225199321952,0.045138372315728675
14,51,amygdala,0.25,-1.0215053763440858,0.11053127229366723,0.22282523842316218,0.167378148499111
14,51,amygdala,0.275,5.376344086021506,0.11227446906341021,0.2644291190119129,0.28846578020642755
14,51,amygdala,0.3,8.548387096774192,0.09952837438004229,0.3263242420957337,0.4413844452542899
14,51,amygdala,0.325,8.602150537634408,0.1258210101558987,0.38957582619431097,0.5055125852919112
14,51,amygdala,0.35,16.85483870967742,0.03080832018935136,0.43115902956647606,0.5164986013345941
14,51,amygdala,0.375,8.655913978494624,0.02087154731427634,0.39823121252333266,0.4245883980553788
14,51,amygdala,0.4,9.193548387096774,0.004898808625544155,0.31185550909747844,0.3214412859755702
14,51,amygdala,0.425,12.473118279569892,0.041125996167044016,0.268014468958426,0.24998411837338502
14,51,amygdala,0.45,6.075268817204302,0.07237150008227895,0.2183237588751641,0.2537602943313617
14,51,amygdala,0.475,11.451612903225808,0.11272184016397556,0.25764612783593566,0.26818559334349534
14,51,amygdala,0.5,9.623655913978494,0.09052016027240033,0.18716514685497185,0.16640437195945648
14,51,amygdala,0.525,6.236559139784948,0.09410299211538378,0.2527163405936503,0.2971450336616398
14,51,amygdala,0.55,9.408602150537632,0.0020519184565792954,0.19877302381939943,0.28774210356492735
14,51,amygdala,0.575,5.672043010752689,0.04439611093838666,0.14482640051580203,0.2219285990325555
14,51,amygdala,0.6,9.032258064516128,0.038076913382767245,0.12959146083718598,0.1760115067768599
14,51,amygdala,0.625,12.258064516129032,-0.0662222475594684,0.045667820602575966,0.06262717668487884
14,51,amygdala,0.65,12.419354838709678,0.010187681659369221,0.03879656775140861,-0.035852301696399094
14,51,amygdala,0.675,12.768817204301076,-0.01499638824779414,0.007747696205077534,-0.11595280930649936
14,51,amygdala,0.7,7.741935483870968,-0.025799022787888738,0.09059901478519543,0.01667337456424206
14,51,amygdala,0.725,5.967741935483872,-0.004814745396367073,0.10478684898357131,0.12449555953463433
14,51,amygdala,0.75,1.021505376344086,-0.10333381915125198,0.01683587721510709,0.059913591216202704
14,51,amygdala,0.775,0.725806451612903,-0.1403005027654924,0.01634366828728051,0.15331297751651196
14,51,amygdala,0.8,3.8172043010752694,-0.17379448103827175,0.01804211398327009,0.131911926626606
14,51,amygdala,0.825,3.897849462365592,-0.1654573004079786,0.030137234986756575,0.07395910285591163
14,51,amygdala,0.85,4.784946236559141,-0.22306979698667267,-0.035654070796807366,-0.011927626285348129
14,51,amygdala,0.875,4.67741935483871,-0.13407810851451302,0.07770639565100906,0.050557819714928114
14,51,amygdala,0.9,3.225806451612904,-0.031383053653203284,0.13707274785629248,0.06649300556989099
14,51,amygdala,0.925,3.440860215053764,-0.085866091595148,0.11971318705306758,0.04226382565924251
14,51,amygdala,0.95,5.913978494623657,-0.061136010397895825,0.1403224474857994,0.13707860268933422
14,51,amygdala,0.975,4.67741935483871,0.007525365557717641,0.13183912361292696,0.05460510867845643
14,51,amygdala,1.0,2.983870967741935,-0.13830432296525322,0.05517868315200583,-0.004927141174398984
14,51,amygdala,1.025,1.3978494623655915,-0.10824004266723045,0.05095065018064591,0.05838596815976379
14,51,amygdala,1.05,-0.5107526881720428,-0.1718283903366877,-0.04516406773528535,0.014213938711337621
14,51,amygdala,1.075,0.9408602150537639,-0.0024842924102703176,0.08132788837832303,0.17246219416560785
14,51,amygdala,1.1,0.9408602150537635,0.1819645327874852,0.20383790833583007,0.3312366010457239
14,51,amygdala,1.125,2.39247311827957,0.1952108604715419,0.2917248561839097,0.3822099754812884
14,51,amygdala,1.15,0.913978494623656,0.2068636077285055,0.3164733688130881,0.4075361970163423
14,52,amygdala,-0.15,-1.1021505376344087,-0.10041298142709326,-0.15621366750433277,-0.17257245091634374
14,52,amygdala,-0.125,-1.0483870967741935,-0.09931998300244858,-0.12158385109906734,-0.11701542102209882
14,52,amygdala,-0.1,-0.9677419354838712,-0.10189723192744879,-0.021640030697994275,-0.03583661116977139
14,52,amygdala,-0.075,-0.8602150537634408,-0.15902764707641717,-0.030003463788366092,-0.018113546249942377
14,52,amygdala,-0.05,-0.7258064516129032,-0.10433278287844822,0.0448058839595061,0.042813082807792065
14,52,amygdala,-0.025,-0.6451612903225806,0.003154652656882551,-0.023331285274860537,0.04140481612158349
14,52,amygdala,-0.0,-0.5645161290322581,0.03089920336006462,-0.13677344600318583,-0.013374282051371256
14,52,amygdala,0.025,-0.7795698924731184,-0.015847810744469084,-0.24030824809483917,-0.042270871624505935
14,52,amygdala,0.05,-0.7795698924731183,-0.08008073741595237,-0.23493727318569133,-0.04419789117523534
14,52,amygdala,0.075,-0.8602150537634409,-0.055214956409034656,-0.16670105330294097,-0.022150527146026125
14,52,amygdala,0.1,-0.8870967741935484,-0.11184379493813278,-0.2623807349009215,-0.09802072611645464
14,52,amygdala,0.125,-1.021505376344086,-0.05501863844713492,-0.04828809183855777,-0.07930588748574524
14,52,amygdala,0.15,-1.1021505376344087,0.010337502132831378,-0.0192834174400893,0.02394097334609025
14,52,amygdala,0.175,-1.0752688172043012,0.00490961648128259,-0.14682641288729817,-0.03506043769574744
14,52,amygdala,0.2,-1.1827956989247312,0.054170405475267955,-0.0765304638100748,0.03524170200441887
14,52,amygdala,0.225,-0.8870967741935484,0.09179929198179934,-0.03467639376333762,0.019501715383367518
14,52,amygdala,0.25,-0.7526881720430108,0.07021290645912436,-0.1221317524497861,-0.06791480960688773
14,52,amygdala,0.275,1.0483870967741935,0.01771938046481803,-0.07411075407288831,-0.047927912813604416
14,52,amygdala,0.3,1.2634408602150538,-0.06556837413986295,-0.18428529282060954,-0.08142273762235892
14,52,amygdala,0.325,4.67741935483871,-0.19083579229094366,-0.2810677267307189,-0.2248389844271958
14,52,amygdala,0.35,4.811827956989247,-0.00996765758414952,-0.0270550705855487,-0.04699038575384774
14,52,amygdala,0.375,4.89247311827957,-0.11739819418661093,-0.11006080704994774,-0.19077206555324278
14,52,amygdala,0.4,6.586021505376344,-0.08610386744206121,-0.09030405609777149,-0.18270820652339814
14,52,amygdala,0.425,3.1720430107526885,-0.12875170576538736,-0.14150415403638927,-0.15964571224618276
14,52,amygdala,0.45,3.1720430107526885,-0.10669739994407998,-0.19510381704060337,-0.15852185134549027
14,52,amygdala,0.475,1.4516129032258065,-0.12001162830012047,-0.23162473729663785,-0.16177475707760028
14,52,amygdala,0.5,-0.2956989247311828,-0.009867263873735883,-0.12807708508109175,-0.06599226078754558
14,52,amygdala,0.525,-0.2956989247311828,0.010130163817075197,-0.2047034322548,-0.04855066317207989
14,52,amygdala,0.55,1.129032258064516,0.1485281543093909,-0.11601553317572408,0.09006601879264219
14,52,amygdala,0.575,1.0483870967741935,0.163253274993672,-0.07088110188432982,0.122209929489023
14,52,amygdala,0.6,2.661290322580645,0.1150888835838208,-0.06902049452016872,0.12017840625300547
14,52,amygdala,0.625,4.247311827956989,0.07054235415135464,-0.08871282427561568,0.0726508728688457
14,52,amygdala,0.65,2.741935483870968,0.042709944339939326,0.0438075543985621,0.11741199362385436
14,52,amygdala,0.675,2.661290322580645,-0.07300070962938505,-0.03261330404221877,0.05514555770704629
14,52,amygdala,0.7,2.6612903225806455,0.018265978426746567,-0.07268468924137905,0.07603450535424262
14,52,amygdala,0.725,2.60752688172043,0.04277843019135978,-0.09472144782386054,0.05744177009718535
14,52,amygdala,0.75,2.553763440860215,-0.03370324158677756,-0.15608493171745777,0.012069200210126252
14,52,amygdala,0.775,4.408602150537634,0.09139217870473788,-0.028957535958371555,0.09474957417817226
14,52,amygdala,0.8,2.661290322580645,-0.05877333628793201,-0.009075069139920643,0.04010199471289257
14,52,amygdala,0.825,1.0483870967741935,0.046314279246406014,0.08470553158417789,0.13894283773921803
14,52,amygdala,0.85,0.9408602150537634,0.09330809263590115,0.09655442999595147,0.17948067147050364
14,52,amygdala,0.875,-0.8870967741935485,0.022167539342974316,0.026890736646164867,0.10494944407689404
14,52,amygdala,0.9,-0.9946236559139786,-0.04322917558641496,-0.07970847989806006,-0.0845983866437822
14,52,amygdala,0.925,-1.0483870967741935,-0.12011214344210484,-0.08642395546363711,-0.10124202585627305
14,52,amygdala,0.95,0.7258064516129034,-0.13282206195437574,-0.18825881865744631,-0.17929963569654211
14,52,amygdala,0.975,0.7258064516129032,-0.08630388499380655,-0.21113165583850704,-0.1724059232803105
14,52,amygdala,1.0,0.9139784946236559,0.04012973591301904,-0.14219103441418984,-0.046388776812885446
14,52,amygdala,1.025,0.9139784946236559,0.08401839450207642,-0.07148389251579913,-0.024293354097166115
14,52,amygdala,1.05,-0.6989247311827957,-0.004019393577860211,-0.06363503912468285,-0.05238073710667425
14,52,amygdala,1.075,-0.5913978494623656,0.07997937821671305,-0.023758766841184022,0.0280467795732159
14,52,amygdala,1.1,-0.6451612903225805,0.022968886310875288,-0.152625905771857,-0.06587539094329946
14,52,amygdala,1.125,-0.7526881720430109,-0.09913679291350301,-0.2286508435531382,-0.1641626435229324
14,52,amygdala,1.15,-0.7258064516129032,-0.16971284583513352,-0.2687494403607708,-0.24533044522347164
14,53,amygdala,-0.15,2.768817204301074,-0.05382088597810048,-0.008133947457142306,-0.18244368128169658
14,53,amygdala,-0.125,2.3655913978494603,-0.06390486024806012,0.050550090088950214,-0.09008122533179075
14,53,amygdala,-0.1,2.688172043010752,-0.005317208271173846,0.07631459871103796,-0.10882552928335805
14,53,amygdala,-0.075,-1.908602150537635,-0.0077056340089384,0.1121879477748729,-0.14972756608815505
14,53,amygdala,-0.05,-2.069892473118279,0.08387296246735615,-0.025554054929722382,-0.20860711177778324
14,53,amygdala,-0.025,0.29569892473118387,0.14275504209302192,-0.07215047130105333,-0.25066396615339603
14,53,amygdala,-0.0,-1.209677419354838,0.18293912408085994,-0.21692185927859275,-0.1907949390780987
14,53,amygdala,0.025,0.21505376344086002,0.295265591010013,-0.23182595951949758,-0.07738519396844654
14,53,amygdala,0.05,4.059139784946237,0.19836907276974938,-0.14743716265289578,-0.1118409629469786
14,53,amygdala,0.075,1.6666666666666679,0.15350677544078634,-0.17093228018761714,-0.18186443818744844
14,53,amygdala,0.1,8.27956989247312,0.08687199001521245,-0.0836742480514623,-0.19559521678271763
14,53,amygdala,0.125,8.521505376344088,0.00701202459057962,-0.14158700378007327,-0.33601825085147125
14,53,amygdala,0.15,2.849462365591398,0.04885670494519521,-0.11396506759990616,-0.2789740742029392
14,53,amygdala,0.175,1.3172043010752699,0.008998240713542629,-0.16168951411743218,-0.2070355778822991
14,53,amygdala,0.2,-5.75268817204301,0.11003378134269788,-0.08405112089215518,-0.14037220943212297
14,53,amygdala,0.225,-5.698924731182796,0.12519622533682023,-0.06474353571464035,0.016401695714375556
14,53,amygdala,0.25,2.150537634408604,0.3609950569178921,0.17791609998126623,0.3632221716829492
14,53,amygdala,0.275,10.833333333333336,0.46579955110725335,0.32951482705438506,0.5574985457036566
14,53,amygdala,0.3,24.596774193548384,0.39543958578290245,0.34648015837299606,0.6230579763728182
14,53,amygdala,0.325,33.682795698924735,0.41003937584273237,0.4171874073422699,0.6917172814358178
14,53,amygdala,0.35,35.806451612903224,0.35355686272756864,0.41035010475919775,0.663067411079496
14,53,amygdala,0.375,38.225806451612904,0.28531478891771833,0.37155279278608133,0.6130545367182924
14,53,amygdala,0.4,34.596774193548384,0.2919646673913377,0.37799402814437927,0.638581202749323
14,53,amygdala,0.425,32.284946236559136,0.24050044892327221,0.3724122190820695,0.6183395777994751
14,53,amygdala,0.45,22.93010752688172,0.21803322732121053,0.3812742175184081,0.5975912439531917
14,53,amygdala,0.475,20.698924731182792,0.1813896014774225,0.36371355005976835,0.560178968338252
14,53,amygdala,0.5,18.010752688172047,0.20645082268678952,0.3434276202094238,0.4971853390521741
14,53,amygdala,0.525,15.053763440860214,0.2092609172185363,0.28011104638563444,0.4301614985145244
14,53,amygdala,0.55,26.075268817204304,0.22863099138777956,0.32224566977504193,0.4816886945943618
14,53,amygdala,0.575,23.064516129032256,0.2148836531986764,0.35276501411270417,0.49438655857058755
14,53,amygdala,0.6,20.080645161290324,0.1609570714823622,0.40898762307904474,0.5036667670106634
14,53,amygdala,0.625,18.87096774193548,0.1387481223703974,0.4401865084896117,0.5133023193305718
14,53,amygdala,0.65,10.698924731182794,0.15545403369128852,0.3290376285661577,0.4620130292139271
14,53,amygdala,0.675,9.139784946236558,0.225048306647551,0.27564998531982277,0.5519077986116848
14,53,amygdala,0.7,6.182795698924732,0.3311483580599389,0.22257927467613012,0.5301916775969217
14,53,amygdala,0.725,9.811827956989248,0.3710901251903861,0.2382341368774969,0.4232853581131586
14,53,amygdala,0.75,10.10752688172043,0.42799980888699407,0.22299511177777584,0.46076716049850197
14,53,amygdala,0.775,15.456989247311824,0.37780615488046204,0.1050631446753068,0.4192123495460261
14,53,amygdala,0.8,13.602150537634406,0.2846347582020199,0.167594853171798,0.47655585084585583
14,53,amygdala,0.825,7.043010752688176,0.2800711818606064,0.0911723783852804,0.4679538540638759
14,53,amygdala,0.85,10.053763440860214,0.1552070228175873,0.11226987516362769,0.3265249753743594
14,53,amygdala,0.875,3.548387096774194,0.21947281133775912,0.18092087905574608,0.28106989474110666
14,53,amygdala,0.9,7.284946236559142,0.2136919369082179,0.23900488844911078,0.2637103291530223
14,53,amygdala,0.925,12.5,0.2436284040354545,0.3073466020139579,0.266699659344841
14,53,amygdala,0.95,5.860215053763444,0.2688554488667729,0.2887847715636961,0.2754054683009209
14,53,amygdala,0.975,7.930107526881722,0.14809053152113671,0.41237673261278696,0.33390725905382135
14,53,amygdala,1.0,2.795698924731182,0.21947029914665267,0.354339890737236,0.31772772469395344
14,53,amygdala,1.025,-2.930107526881719,0.1008325272602788,0.3054961297185161,0.2940609892782123
14,53,amygdala,1.05,-1.021505376344086,0.1108951121731252,0.31862071420308574,0.3051642917707435
14,53,amygdala,1.075,-4.946236559139788,0.15991980635214437,0.29184411999577997,0.3397057427388204
14,53,amygdala,1.1,-1.989247311827956,0.10788380136546478,0.37000336204776824,0.26567338002140106
14,53,amygdala,1.125,-1.8548387096774182,0.1599236927592427,0.2997396499297618,0.23348301298986948
14,53,amygdala,1.15,-0.672043010752688,0.18098760351738424,0.2772527582273999,0.31944944844606843
14,55,amygdala,-0.15,-0.967741935483871,-0.0767088110050977,-0.14151352946209167,-0.147436541364075
14,55,amygdala,-0.125,-0.860215053763441,-0.03972733130059309,-0.1582176305620138,-0.1937045729804088
14,55,amygdala,-0.1,-0.9946236559139785,-0.030274295520399085,0.09671425319412409,-0.11695349358858083
14,55,amygdala,-0.075,0.5645161290322582,-0.13579940314414796,0.09527906735310505,-0.11033349766436058
14,55,amygdala,-0.05,2.096774193548387,-0.24360946298153682,-0.01551010232029702,-0.06348511125478339
14,55,amygdala,-0.025,1.8279569892473122,-0.1179841432494551,0.0237099899656361,0.0074632582050922726
14,55,amygdala,-0.0,1.9354838709677422,-0.0004337433861460982,-0.014584621359162553,0.1472829885582345
14,55,amygdala,0.025,0.34946236559139776,0.2605394328994077,0.14766267586669424,0.31026090715111815
14,55,amygdala,0.05,-1.263440860215054,0.336641866495854,0.23557168819843274,0.3224487970256731
14,55,amygdala,0.075,-1.0483870967741935,0.19534521073229974,0.2676341332712009,0.28501370001400295
14,55,amygdala,0.1,-0.9946236559139786,0.05522893197027024,0.2447581872994392,0.15667901903492568
14,55,amygdala,0.125,-1.209677419354839,-0.031203885414430726,0.10616431479300621,0.14806120563867484
14,55,amygdala,0.15,-1.1290322580645162,-0.13167107347921092,-0.04968719753932487,-0.06768500464801366
14,55,amygdala,0.175,-1.1290322580645165,-0.08706301168835034,0.03737581414902548,0.038314350102546066
14,55,amygdala,0.2,0.537634408602151,0.0024821077145261976,-0.026751605367671242,-0.02931645000601498
14,55,amygdala,0.225,3.8709677419354835,0.02420731544189437,0.05219008375087318,-0.015157332834030191
14,55,amygdala,0.25,8.655913978494624,0.16041275826190482,0.2656785069543848,0.1968130638845381
14,55,amygdala,0.275,13.279569892473118,0.28019555830549975,0.2781307618666517,0.2971697939651209
14,55,amygdala,0.3,14.892473118279572,0.34396737538003336,0.5038447707596692,0.4180122202345342
14,55,amygdala,0.325,13.548387096774194,0.34297222147848916,0.4654332721999341,0.4153651257987769
14,55,amygdala,0.35,8.602150537634408,0.4313478277102509,0.40034903250855053,0.3833146375992902
14,55,amygdala,0.375,5.618279569892474,0.3937709347207295,0.3001843764578745,0.27151796650536936
14,55,amygdala,0.4,2.28494623655914,0.41560639380974623,0.3821743789644779,0.4392324488976545
14,55,amygdala,0.425,0.6451612903225807,0.4039494751675873,0.37392209077542105,0.3919211310336597
14,55,amygdala,0.45,0.806451612903226,0.2198144451553839,0.33261092174405615,0.39990164765978814
14,55,amygdala,0.475,-0.8333333333333333,0.19352044768492854,0.362143695764154,0.3416114031250794
14,55,amygdala,0.5,-0.6720430107526881,0.08078405484582733,0.050519734298806,0.020106913650965112
14,55,amygdala,0.525,-0.8064516129032256,0.02520851630012928,0.1272319361247031,0.13776207584501032
14,55,amygdala,0.55,-0.8064516129032258,0.05765331785484523,0.09729179282622293,0.1315752902684277
14,55,amygdala,0.575,0.806451612903226,0.08323916523005355,0.16950783214092363,0.31319276900250653
14,55,amygdala,0.6,0.6989247311827959,-0.06206841217083155,0.05266240052606852,0.2806596169212828
14,55,amygdala,0.625,0.6989247311827957,-0.04611793297214952,-0.06191174563384456,0.030754860655773434
14,55,amygdala,0.65,2.2580645161290325,-0.04508337083840038,0.0440322777564717,0.06528140276411094
14,55,amygdala,0.675,2.17741935483871,-0.03821337403586254,-0.061141398457380085,-0.06069182935107582
14,55,amygdala,0.7,2.258064516129032,-0.03785856160926407,-0.003385725021966706,-8.394359558595137e-05
14,55,amygdala,0.725,2.231182795698925,-0.010092273749008679,0.008750364774071236,-0.04528942790413867
14,55,amygdala,0.75,0.7795698924731184,0.07417954106855616,0.1061975831706797,0.03922136654199522
14,55,amygdala,0.775,0.8870967741935484,0.23181359518476055,0.26509405665012103,0.14794919051784247
14,55,amygdala,0.8,4.086021505376344,0.3067776456025691,0.3063993747695202,0.10000898870682252
14,55,amygdala,0.825,5.752688172043011,0.3628989001851078,0.2947930209984248,0.317475983271479
14,55,amygdala,0.85,7.17741935483871,0.2649343576478186,0.20447010056366144,0.287101828097277
14,55,amygdala,0.875,7.096774193548388,0.14549779404766075,0.12239417457695471,0.21711901440684955
14,55,amygdala,0.9,3.817204301075269,0.0689817353194912,0.09170676667272681,0.2598497465139867
14,55,amygdala,0.925,2.0698924731182795,0.04254837499430166,0.14237445967906978,0.21091095581632646
14,55,amygdala,0.95,0.4838709677419353,0.025906636111990795,0.24060099282731878,0.19146106496808515
14,55,amygdala,0.975,0.564516129032258,-0.1226146926645763,0.157723152538286,0.07088618347813351
14,55,amygdala,1.0,2.28494623655914,-0.1859868193283394,0.06466799140058661,-0.03441510384687806
14,55,amygdala,1.025,4.005376344086022,-0.22007006652382008,0.06203072310209501,0.013169945285143755
14,55,amygdala,1.05,3.870967741935484,-0.17141541907916477,0.054740022431157234,0.14257866307650255
14,55,amygdala,1.075,2.096774193548387,0.05943486280279055,0.19798791947534575,0.30470676193623053
14,55,amygdala,1.1,2.043010752688172,0.24460883012841841,0.304925587568819,0.35045076961511584
14,55,amygdala,1.125,0.4838709677419355,0.1830466659707571,0.29116307465973856,0.33362263653479546
14,55,amygdala,1.15,0.456989247311828,0.21929880180750533,0.18703421461380193,0.20730764148486708
14,56,amygdala,-0.15,-1.0483870967741935,-0.06905351784677301,-0.03898542028556717,-0.10291147756583241
14,56,amygdala,-0.125,-0.9408602150537633,-0.10948040725467564,-0.07927208179805839,-0.13309216304738303
14,56,amygdala,-0.1,-0.8333333333333333,0.10253628535412904,0.12298569402701176,0.11422166173863345
14,56,amygdala,-0.075,-0.618279569892473,0.06174261937347495,0.048333868701457665,0.027503530448184297
14,56,amygdala,-0.05,-0.5913978494623655,0.024939098771685927,0.02065757429584511,0.02725174702870943
14,56,amygdala,-0.025,-0.6720430107526882,-0.1065806958617615,0.006759810915009334,-0.007972333052230739
14,56,amygdala,-0.0,0.8602150537634409,-0.2663936461419587,-0.08540483210934356,-0.07422541901890246
14,56,amygdala,0.025,0.8870967741935484,-0.2703197147700961,-0.060622519640244496,-0.05184820758705122
14,56,amygdala,0.05,0.6451612903225807,-0.21446099151074768,-0.05814046644856007,-0.04264588893689948
14,56,amygdala,0.075,0.45698924731182755,0.004279785465773014,0.08912998376461478,0.13739491921088082
14,56,amygdala,0.1,-1.1290322580645167,0.207823860678117,0.15136061944478865,0.1600537224267516
14,56,amygdala,0.125,-1.155913978494624,0.20210427944696246,0.13966194572008347,0.2096040259355111
14,56,amygdala,0.15,-0.9408602150537635,0.29002057272003223,0.2335493304436687,0.2651470134328146
14,56,amygdala,0.175,0.8870967741935485,0.3626617049148233,0.1627320699982967,0.11697731878432382
14,56,amygdala,0.2,0.9946236559139786,0.24647143714470493,0.13661817137527338,0.09324160157186642
14,56,amygdala,0.225,2.634408602150538,0.2795595829255285,0.24651826550658776,0.15865839873349538
14,56,amygdala,0.25,5.591397849462366,0.22776735449921662,0.35759923901652163,0.2594110685673401
14,56,amygdala,0.275,7.123655913978495,0.14165590485550061,0.39508085567945267,0.39945794228884324
14,56,amygdala,0.3,6.908602150537635,0.1214871630730048,0.40697096203815625,0.4110260512687947
14,56,amygdala,0.325,6.881720430107527,0.07742268727177894,0.3943522535168185,0.3887734658575164
14,56,amygdala,0.35,5.591397849462366,-0.003377459238674327,0.22909958802167368,0.3074907007714089
14,56,amygdala,0.375,2.3118279569892475,0.06400528963135155,0.23897196190678954,0.27952752595638924
14,56,amygdala,0.4,2.39247311827957,0.11107114209891233,0.19529667605214657,0.15041737693837942
14,56,amygdala,0.425,0.7258064516129034,0.1261536204116794,0.11419303494704268,0.09463704119464394
14,56,amygdala,0.45,-0.8870967741935484,0.029562233230964914,0.09746019949484108,-0.013294082750745792
14,56,amygdala,0.475,-0.7795698924731184,0.09434932013096956,0.09903841264776671,-0.014604880514100698
14,56,amygdala,0.5,-0.7526881720430108,0.1570579142733392,0.1643463969957013,0.18982645854542246
14,56,amygdala,0.525,-0.7526881720430108,0.16806610166089858,0.22688632246417523,0.2478727243365039
14,56,amygdala,0.55,-0.7795698924731183,0.18296507875595688,0.14018046908488713,0.16279022216309474
14,56,amygdala,0.575,-0.8602150537634408,0.3095384968661821,0.23010195326099095,0.25007588185535984
14,56,amygdala,0.6,2.526881720430108,0.2428370583591844,0.04467230987902178,0.08431681774061163
14,56,amygdala,0.625,2.4193548387096775,0.1348834586514742,0.15423125798922327,0.0984504212178717
14,56,amygdala,0.65,2.446236559139785,0.12994237914421258,0.18017370322737633,0.15841273363342892
14,56,amygdala,0.675,4.112903225806452,0.04643945176344561,0.16178344008090367,0.09406891447832953
14,56,amygdala,0.7,0.8870967741935484,0.022850557202385272,0.12942627854157351,0.05942951240778462
14,56,amygdala,0.725,0.9946236559139785,0.06735090765649124,0.09895963688155933,0.05756435880026823
14,56,amygdala,0.75,2.4731182795698925,0.026470518093988,-0.0027585684044732508,-0.05681477054319376
14,56,amygdala,0.775,0.6720430107526882,0.0438847629672025,0.1687832192118962,0.1567634669431371
14,56,amygdala,0.8,2.204301075268817,-0.02642065767240108,0.2310014912985715,0.2279402251173225
14,56,amygdala,0.825,2.1505376344086025,0.08367627328309411,0.2861799947105756,0.3316019034766529
14,56,amygdala,0.85,0.5376344086021505,0.1096020819437384,0.3497962352484344,0.35173462477245204
14,56,amygdala,0.875,0.6720430107526882,0.07731553520569522,0.11344877146928355,0.17352979663824772
14,56,amygdala,0.9,-0.967741935483871,0.1073393257079808,0.048991641527572856,0.09310680021791044
14,56,amygdala,0.925,0.6182795698924735,0.017155553944652537,-0.1102616372187406,-0.03664156775412694
14,56,amygdala,0.95,0.5913978494623657,0.14346892711573245,-0.011867526786660585,0.050423059821257415
14,56,amygdala,0.975,0.5376344086021503,0.17038290511492055,-0.025924236129495844,0.028461501793233732
14,56,amygdala,1.0,3.924731182795699,0.18386949357978544,0.005259741610984528,0.03676282557572343
14,56,amygdala,1.025,2.338709677419355,0.11774097235922192,-0.0288173276814317,-0.11779714648725591
14,56,amygdala,1.05,2.3118279569892475,0.1494326589948894,-0.07101582319719318,-0.12968720934698247
14,56,amygdala,1.075,2.39247311827957,0.11151883221519716,0.015061695541631094,-0.0237533130816325
14,56,amygdala,1.1,-0.9408602150537634,0.0649668336616196,-0.014459168488746994,-0.02602082187758791
14,56,amygdala,1.125,-0.8064516129032259,0.011978916235194677,0.03110942425259513,0.02699725897782681
14,56,amygdala,1.15,-0.7795698924731184,0.0193421654569978,0.06988810168976863,0.030160664780403346
14,59,amygdala,-0.15,-0.3225806451612905,-0.1812488249919992,-0.11660547273376058,-0.05103422546703049
14,59,amygdala,-0.125,1.5053763440860215,-0.06997207423263772,-0.010984586653432467,0.016464017466502993
14,59,amygdala,-0.1,0.24193548387096842,-0.04070718646251367,0.08074280766612801,0.01699576693676015
14,59,amygdala,-0.075,-0.18817204301075208,-0.04473420774050187,-0.07980871935228107,-0.018544550321986347
14,59,amygdala,-0.05,0.026881720430107503,0.04934638053134158,-0.05012023908645932,0.012355941596713337
14,59,amygdala,-0.025,0.02688172043010706,0.0018582919753964086,-0.10251577397603523,0.052961321298797645
14,59,amygdala,-0.0,-0.6451612903225805,-0.01569820193893871,-0.20423078103539086,-0.028441750485114815
14,59,amygdala,0.025,-0.48387096774193505,-0.018188685536171263,-0.20379537080302473,-0.09379102160823996
14,59,amygdala,0.05,1.2634408602150535,-0.06007485603414046,-0.07449692741012803,-0.09017643917298998
14,59,amygdala,0.075,0.9946236559139789,0.017171358854391482,0.05230857227136271,-0.036085482488034636
14,59,amygdala,0.1,1.4516129032258056,-0.0628531459235853,0.03520498325223387,-0.05906184003488319
14,59,amygdala,0.125,-0.5913978494623655,-0.07371470880431667,0.05376050016884848,0.0675095936028356
14,59,amygdala,0.15,-0.7526881720430105,0.02463606129984577,0.06148642246519403,0.1662545147298013
14,59,amygdala,0.175,-2.016129032258065,-0.02292504580877892,0.07206483009844854,0.168673851617731
14,59,amygdala,0.2,-1.9354838709677422,0.09789215253308528,0.24130893311044105,0.28722089491572345
14,59,amygdala,0.225,-0.1344086021505384,0.3086410379659511,0.4628205078663498,0.39983568117383833
14,59,amygdala,0.25,2.634408602150537,0.3122570572369239,0.5625068881798247,0.5498450585207736
14,59,amygdala,0.275,15.026881720430108,0.3512647245583509,0.5849137064365041,0.5941279605831081
14,59,amygdala,0.3,19.381720430107528,0.30392581574743077,0.589693901393308,0.5658141975202565
14,59,amygdala,0.325,22.553763440860212,0.27001828596584604,0.5416147331053235,0.5308476012271606
14,59,amygdala,0.35,23.010752688172044,0.1892032316323782,0.4828384764059746,0.400544007370731
14,59,amygdala,0.375,16.666666666666668,0.10674861411474063,0.4351235583693474,0.2946608319428851
14,59,amygdala,0.4,18.68279569892473,0.0755118648717524,0.26546820245225156,0.1755804337668389
14,59,amygdala,0.425,20.645161290322584,0.10858508102568706,0.20701269806287323,0.08844925190994347
14,59,amygdala,0.45,17.526881720430108,0.11457358931818545,0.1730629205333199,0.07263832516175268
14,59,amygdala,0.475,16.155913978494624,0.01794830715100508,0.01769226853258846,-0.005223187815699053
14,59,amygdala,0.5,11.155913978494624,-0.07159768013992748,0.01573715985920493,0.02528181128600727
14,59,amygdala,0.525,5.994623655913979,-0.021117571001464882,0.051529937461857474,0.09054765026746611
14,59,amygdala,0.55,12.39247311827957,-0.013947758433713686,0.040407476638846994,0.04925302196905145
14,59,amygdala,0.575,10.887096774193548,-0.1068472706430365,0.037485305400169554,0.026345197480970233
14,59,amygdala,0.6,10.913978494623656,-0.06608079288735465,0.07363068982839632,0.09149451377703054
14,59,amygdala,0.625,12.607526881720432,-0.1389714800126342,0.052335904009195015,-0.008350107414329103
14,59,amygdala,0.65,6.290322580645162,-0.1310354299993897,0.07897464649562592,0.025633469890441483
14,59,amygdala,0.675,6.263440860215054,0.024856909575058244,0.14649108303396127,0.13707324772912552
14,59,amygdala,0.7,6.505376344086021,0.20678144609770252,0.20269363683131753,0.1797350602597337
14,59,amygdala,0.725,4.838709677419356,0.20705427936007448,0.2368445832649988,0.22139199742745752
14,59,amygdala,0.75,6.397849462365592,0.2549079393250694,0.20322974069469346,0.25008326476496934
14,59,amygdala,0.775,6.397849462365592,0.19256659344058655,0.14748686713006978,0.15919421614336038
14,59,amygdala,0.8,4.596774193548388,0.14907160464036417,0.012793746763298391,0.1126982360758961
14,59,amygdala,0.825,7.956989247311828,0.18439532749360368,-0.09480168053607115,0.016036618246787124
14,59,amygdala,0.85,6.155913978494624,-0.02571282038733309,-0.15564106594815136,-0.06465526007305376
14,59,amygdala,0.875,4.35483870967742,0.08294010637178953,-0.10452619748907431,0.044358514601827735
14,59,amygdala,0.9,9.327956989247312,-0.03789991075577917,-0.05277530234934438,0.09833280599502843
14,59,amygdala,0.925,7.634408602150537,-0.034474179734433646,0.06951562345851392,0.20797960638589513
14,59,amygdala,0.95,6.155913978494624,-0.02185698246716673,0.05142971199181026,0.1674755799432256
14,59,amygdala,0.975,4.650537634408603,-0.018002729478734665,-0.046697831523596425,0.07190685589483038
14,59,amygdala,1.0,-0.40322580645161255,0.014560300055398583,-0.015333413332676384,0.005566415596400166
14,59,amygdala,1.025,-3.6290322580645156,0.0687332919249967,-0.050165774698349035,0.005614034334825508
14,59,amygdala,1.05,-2.123655913978495,0.19643082467407944,0.06315139904018022,0.1342871607249659
14,59,amygdala,1.075,-0.3494623655913984,0.12371675238868252,0.13178747841987418,0.10829728220768371
14,59,amygdala,1.1,1.1827956989247306,0.10743144034356451,0.22353170008084608,0.19192662937458613
14,59,amygdala,1.125,2.795698924731183,0.07534494010742476,0.2944579728049952,0.2523119770456872
14,59,amygdala,1.15,4.516129032258065,0.04167667982415536,0.24401398900144036,0.22006217114837648
14,60,amygdala,-0.15,-0.618279569892473,-0.15678218043763445,-0.15306340836825466,-0.07350043619480091
14,60,amygdala,-0.125,-0.5645161290322582,-0.25443035517392937,-0.15910123735979675,-0.18654496682372032
14,60,amygdala,-0.1,-0.48387096774193555,-0.1895369999966178,-0.09304166873011814,-0.1984474493404821
14,60,amygdala,-0.075,-0.6451612903225805,-0.18375083507916812,-0.10107746339383815,-0.19438717529599422
14,60,amygdala,-0.05,-0.5107526881720431,-0.13281674646749436,-0.09789112420025374,-0.15759122242535412
14,60,amygdala,-0.025,-0.5645161290322581,-0.0976069350549744,-0.12794335158299494,-0.15190847380822228
14,60,amygdala,-0.0,0.9139784946236559,-0.04636184178205654,-0.03376013310975258,-0.017891314781666112
14,60,amygdala,0.025,0.9139784946236559,0.14752749051786607,0.04787232377215064,0.1696660750290978
14,60,amygdala,0.05,0.8333333333333335,0.12124954791437943,0.08958150856643776,0.24612449759364063
14,60,amygdala,0.075,0.806451612903226,0.1998241620914184,0.17467840621947645,0.2659849211605187
14,60,amygdala,0.1,-0.7795698924731184,0.2606274837002246,0.17255953466258436,0.19270638188743877
14,60,amygdala,0.125,-0.7795698924731185,0.10234699929825643,0.04200589688940537,0.0008253790265988422
14,60,amygdala,0.15,-0.7795698924731184,0.05835458301596043,0.008026018139733958,-0.029448848512708056
14,60,amygdala,0.175,-0.6451612903225805,0.07303009608263605,-0.009445732913465949,0.019842378536341222
14,60,amygdala,0.2,-0.7795698924731181,0.049538126952202624,0.06597229748688102,0.0982221482672983
14,60,amygdala,0.225,0.8870967741935486,0.05063693891977538,0.19276897692621606,0.1935075553818721
14,60,amygdala,0.25,4.166666666666667,0.2001791343473357,0.3398144255399209,0.2621903513061277
14,60,amygdala,0.275,8.763440860215054,0.24621845002145146,0.3716769304140357,0.38945433663698836
14,60,amygdala,0.3,8.682795698924732,0.2811240411365283,0.36649504295260327,0.36969089751277534
14,60,amygdala,0.325,6.935483870967743,0.39420723598867724,0.4631447516531083,0.46287010019627794
14,60,amygdala,0.35,3.709677419354839,0.413413170630526,0.4278921827673883,0.4502612875600934
14,60,amygdala,0.375,-0.967741935483871,0.4026942019591014,0.41037106036535836,0.32121279748496845
14,60,amygdala,0.4,-0.8333333333333333,0.3883975043412274,0.35142433168652226,0.295934707459994
14,60,amygdala,0.425,-0.5913978494623656,0.19773122379601538,0.24273323619954934,0.19024164927835405
14,60,amygdala,0.45,-0.5107526881720431,0.06528982002376871,0.21189659437542932,0.19222983196240165
14,60,amygdala,0.475,1.2096774193548387,0.06577278922130718,0.2906593990172829,0.12766879439279424
14,60,amygdala,0.5,4.596774193548387,0.07212418942708775,0.28323066000967856,0.07838657587956305
14,60,amygdala,0.525,4.516129032258064,0.12042232911663996,0.34657290469859287,0.10849419143497452
14,60,amygdala,0.55,4.220430107526882,0.20516064911520118,0.32943008339165125,0.15640597431057626
14,60,amygdala,0.575,4.139784946236559,0.2534456008453848,0.3088812497512516,0.17754872530473445
14,60,amygdala,0.6,0.4838709677419355,0.3673802276282045,0.36782392355529175,0.24766552030098843
14,60,amygdala,0.625,0.26881720430107503,0.363162863046977,0.34646102232015596,0.27202475989654273
14,60,amygdala,0.65,0.34946236559139754,0.30919162778833553,0.3305208170699946,0.24523126554193195
14,60,amygdala,0.675,-1.2903225806451615,0.13941418286748347,0.21172931631177266,0.19531640271659975
14,60,amygdala,0.7,-0.9946236559139785,-0.015559973116629698,0.17674099898780474,0.15689639559268279
14,60,amygdala,0.725,-0.8602150537634408,-0.11218236453978703,0.11363776625929646,0.08575226931349574
14,60,amygdala,0.75,0.9408602150537635,-0.03239878442600705,0.1571930113469088,0.11198198035243528
14,60,amygdala,0.775,0.8064516129032259,0.034924158005505586,0.10623122263099734,-0.006693081878205002
14,60,amygdala,0.8,0.7258064516129035,0.05415407133276562,0.12284977716424024,0.056202990479354765
14,60,amygdala,0.825,2.5,0.1418306314003496,0.15634554647550233,0.07857676689789458
14,60,amygdala,0.85,0.6720430107526882,0.08237935876183157,0.13804791964350568,0.1726792695764543
14,60,amygdala,0.875,0.8064516129032261,0.011448753376173454,0.18377479445390116,0.23652827104956792
14,60,amygdala,0.9,0.8870967741935485,0.044143176686791075,0.1679113256651823,0.2266295160347569
14,60,amygdala,0.925,-0.8602150537634408,0.07445578085547823,0.22519411677024934,0.26184745724678865
14,60,amygdala,0.95,0.9408602150537635,-0.017241850948587274,0.20177625569562946,0.20491396190429131
14,60,amygdala,0.975,0.913978494623656,0.022999497000119717,0.16514833625150896,0.14217870872801278
14,60,amygdala,1.0,2.580645161290323,0.06974214305755994,0.1300891241069435,0.1752389151995277
14,60,amygdala,1.025,2.526881720430108,-0.0865539671285434,0.07842019289378753,0.07730032542668346
14,60,amygdala,1.05,0.913978494623656,0.12763227361235263,0.14403061627867175,0.12969326749937635
14,60,amygdala,1.075,2.634408602150538,0.111915186854086,0.0517121118112416,0.1570981464330843
14,60,amygdala,1.1,2.60752688172043,0.0074385766532922455,0.04166812450502729,0.14030486045234153
14,60,amygdala,1.125,2.661290322580645,0.10627756532745616,0.03880070839108496,0.2113426085176909
14,60,amygdala,1.15,5.940860215053764,0.07253687756578865,0.09070072803467283,0.21698838007118887
14,61,amygdala,-0.15,-0.18817204301075272,0.01851136408484911,0.07831730958974624,0.00996765758414952
14,61,amygdala,-0.125,-0.2956989247311828,0.01030142348418026,0.14260169750323096,0.10167228695497452
14,61,amygdala,-0.1,-0.2688172043010753,0.022504490065753696,0.2076925374383386,0.15740777941595854
14,61,amygdala,-0.075,-0.2688172043010753,-0.07192369077791246,0.029758684665703607,0.1020121115617956
14,61,amygdala,-0.05,-0.2688172043010753,0.036188538970204666,-0.007954883851081434,0.1070405873640336
14,61,amygdala,-0.025,-0.1881720430107527,0.049428746411485126,-0.13059801984267144,-0.0008352770268342418
14,61,amygdala,-0.0,-0.21505376344086022,0.010004793487352299,-0.20110552780540264,-0.07696348017564131
14,61,amygdala,0.025,-0.18817204301075272,-0.10394842909184501,0.024207168418648835,0.06977360308904665
14,61,amygdala,0.05,-0.21505376344086022,-0.32799965586939406,0.08065565308263788,0.05645895715784652
14,61,amygdala,0.075,-0.2956989247311828,-0.20425236218633275,0.09638343351865208,0.06390040084631357
14,61,amygdala,0.1,-0.34946236559139787,-0.2533559218013775,0.1299222219930982,0.11709695592018136
14,61,amygdala,0.125,-0.34946236559139787,-0.16238259308645792,-0.03559120848241975,0.05399285497333027
14,61,amygdala,0.15,-0.2956989247311828,-0.036666752554802534,-0.09085776574936001,0.055572430136880485
14,61,amygdala,0.175,-0.18817204301075272,-0.024207168418648835,-0.23210402660233884,-0.035598777086248284
14,61,amygdala,0.2,-0.16129032258064516,0.015242485706297137,-0.18900682275808453,-0.0030484971412594276
14,61,amygdala,0.225,-0.13440860215053765,-0.12412643105411504,-0.2399777667046224,-0.13405654553844423
14,61,amygdala,0.25,-0.2688172043010753,-0.04818269026898548,-0.2991118762036164,-0.2879420652002845
14,61,amygdala,0.275,-0.34946236559139787,-0.08878822348873887,-0.3284822337542303,-0.29246544476521685
14,61,amygdala,0.3,1.2634408602150538,-0.04291157989593873,-0.31504073664895654,-0.26437233716983816
14,61,amygdala,0.325,1.129032258064516,-0.0625780196714075,-0.22749357427506148,-0.179851302945117
14,61,amygdala,0.35,2.9301075268817205,-0.14867235117057725,-0.10479212660074101,-0.014705591881894808
14,61,amygdala,0.375,2.9301075268817205,-0.16243607844758062,-0.024397663733191858,0.055511325103669816
14,61,amygdala,0.4,1.2903225806451613,-0.11555520055183292,-0.012537207019953213,0.08464585997433823
14,61,amygdala,0.425,1.4516129032258065,-0.04474620940444263,0.06934515118985929,0.12749227664158114
14,61,amygdala,0.45,-0.2688172043010753,-0.14948017374997374,-0.03185643047130588,0.11027225932375113
14,61,amygdala,0.475,-0.24193548387096775,-0.12527563676958609,0.025730888050184697,0.14394569190364268
14,61,amygdala,0.5,-0.24193548387096775,-0.09082901287553226,0.014072100586350068,0.0882704491325595
14,61,amygdala,0.525,-0.2688172043010753,-0.06982162302451789,-0.020979460519173317,0.10819466377766201
14,61,amygdala,0.55,-0.21505376344086022,0.04741425475853195,0.08023572851884217,0.12494761642585156
14,61,amygdala,0.575,-0.24193548387096775,-0.045847654559013525,0.005782587061497201,0.11142953480408892
14,61,amygdala,0.6,-0.2688172043010753,-0.017487443283271044,-0.0036360030588979395,0.14838355340359688
14,61,amygdala,0.625,-0.2688172043010753,-0.13811821650245537,-0.008861658176075173,0.0997863927640837
14,61,amygdala,0.65,-0.3225806451612903,-0.22512472182106505,-0.0477059393000856,0.09620040652248664
14,61,amygdala,0.675,-0.43010752688172044,-0.15817516188406885,-0.029968961307514648,0.06762487653232402
14,61,amygdala,0.7,1.2903225806451615,-0.11091070166969615,0.014964142288768528,0.020685726105062373
14,61,amygdala,0.725,1.2365591397849462,-0.001315886821315445,0.06704097068596583,0.017245043079344515
14,61,amygdala,0.75,2.903225806451613,-0.031289627399032245,0.10240241694228734,0.06718465450181815
14,61,amygdala,0.775,6.344086021505377,0.015969004586013615,0.05703215923576291,0.06159473197462394
14,61,amygdala,0.8,8.037634408602152,-0.05780162985031153,0.07903488163205862,0.05072387925639582
14,61,amygdala,0.825,8.118279569892474,-0.16131130616527575,0.08065565308263788,0.09140974016032294
14,61,amygdala,0.85,6.451612903225807,-0.13980313200990568,-0.005377043538842526,-0.06990156600495284
14,61,amygdala,0.875,3.1720430107526885,-0.18290982847556567,-0.006096994282518855,-0.09755190852030168
14,61,amygdala,0.9,-0.16129032258064516,-0.17389217119328532,-0.09150815391116425,-0.19859670487309233
14,61,amygdala,0.925,-0.18817204301075272,-0.10964423342564474,-0.1808417875981413,-0.1836896897650412
14,61,amygdala,0.95,-0.16129032258064516,-0.13413387421541484,-0.10669739994407998,-0.06706693710770742
14,61,amygdala,0.975,1.424731182795699,-0.07792907003751223,-0.06107837062417579,0.05245808994743041
14,61,amygdala,1.0,1.4516129032258065,-0.017301867636384482,-0.04332350941312189,0.10706964773391243
14,61,amygdala,1.025,1.424731182795699,-0.04180186358321251,0.07524335444978253,0.13476227731334106
14,61,amygdala,1.05,3.064516129032258,-0.07996100865853877,-0.022009885888484387,0.06401002394160346
14,61,amygdala,1.075,1.424731182795699,-0.12153177779120511,-0.06524337544580486,0.0678019391887776
14,61,amygdala,1.1,1.2903225806451613,-0.224183752105284,-0.015089291007086421,0.04095664701923458
14,61,amygdala,1.125,1.3440860215053765,-0.18213553419127687,-0.10774642781945375,-0.014285139936570736
14,61,amygdala,1.15,-0.29569892473118276,-0.16989653489200868,-0.028439740192985445,0.03074789302024223
14,62,amygdala,-0.15,0.40322580645161277,-0.07323371712946211,0.05381309354489681,-0.036017984709700405
14,62,amygdala,-0.125,-1.1290322580645162,-0.015905559735899407,0.08400213944004951,-0.07808446295028658
14,62,amygdala,-0.1,0.24193548387096775,-0.0814666718996617,0.059489616224404115,-0.12177737216342989
14,62,amygdala,-0.075,0.29569892473118253,-0.0756524889659826,0.10870593047277727,-0.05220164210383432
14,62,amygdala,-0.05,0.26881720430107525,-0.11263874658479402,0.09673648165222096,-0.05379761030915535
14,62,amygdala,-0.025,0.295698924731183,-0.09087489362815031,0.05143143845182781,-0.12572431439730636
14,62,amygdala,-0.0,-1.0752688172043012,0.00030539555111473287,0.05130645258727513,0.00030539555111473287
14,62,amygdala,0.025,-1.155913978494624,0.043123559640743866,-0.03673694102041476,-0.08694131695761045
14,62,amygdala,0.05,-1.0483870967741935,0.0952060452936497,-0.02988491874927554,-0.04426649658819544
14,62,amygdala,0.075,0.5376344086021505,0.026923414321095046,0.030231799979195707,-0.013689871688692398
14,62,amygdala,0.1,0.5376344086021505,0.017799712520840956,-0.1049900503610238,-0.17836442086360152
14,62,amygdala,0.125,0.618279569892473,0.005550901224665885,-0.059870434637467766,-0.14304899023360915
14,62,amygdala,0.15,0.6182795698924732,-0.07252013945069856,0.1195134169725882,-0.05136606588344312
14,62,amygdala,0.175,-0.9408602150537634,-0.0261038147884897,0.029058422396417656,-0.13410476278702124
14,62,amygdala,0.2,2.5000000000000004,-0.05499121179535698,0.07688908358095536,-0.020940746263843745
14,62,amygdala,0.225,2.1774193548387095,-0.13767607879500476,0.2690158342219714,0.18086312490873857
14,62,amygdala,0.25,7.043010752688172,-0.025155314335171132,0.2917562190837681,0.26509612860890847
14,62,amygdala,0.275,11.63978494623656,0.001997371371134795,0.33843132177488067,0.2942429003449807
14,62,amygdala,0.3,14.596774193548388,0.035740973179312414,0.38661505647216443,0.2861192061018713
14,62,amygdala,0.325,26.155913978494624,0.10099592335209615,0.35648993713220956,0.2842797637025335
14,62,amygdala,0.35,26.18279569892473,0.04711712162664729,0.3603187863361742,0.24573348585446858
14,62,amygdala,0.375,26.370967741935484,0.1297682856182191,0.45162741311468696,0.34116954917414644
14,62,amygdala,0.4,26.586021505376344,0.16046331894209925,0.41508466410812883,0.28949364409986256
14,62,amygdala,0.425,16.801075268817204,0.06503424180183622,0.2795215986183797,0.15411978553958608
14,62,amygdala,0.45,13.36021505376344,0.16778738968731927,0.3280011469766204,0.2652268104602407
14,62,amygdala,0.475,13.521505376344086,0.014859020099642977,0.12414471631637199,0.14888977801456774
14,62,amygdala,0.5,11.74731182795699,-0.0337410131219216,0.18950866208614717,0.17115424248011468
14,62,amygdala,0.525,11.801075268817204,0.0007813749272343474,0.20778991814953396,0.16087951626807187
14,62,amygdala,0.55,11.96236559139785,-0.09498059348946536,0.17887870054073887,0.11541658510567085
14,62,amygdala,0.575,12.016129032258064,-0.015462051336007978,0.2716354257652797,0.17064428357827544
14,62,amygdala,0.6,8.870967741935484,-0.09557006988314441,0.20073129925128577,0.22882172777262688
14,62,amygdala,0.625,12.123655913978496,0.008979636764528506,0.29601739686337214,0.33704699503588764
14,62,amygdala,0.65,12.150537634408602,0.1353157842000648,0.23369645868942743,0.3686451508205021
14,62,amygdala,0.675,13.682795698924732,0.0013958088649060774,0.13128978183306567,0.24108410714657771
14,62,amygdala,0.7,15.188172043010754,0.12936129704107327,0.2006464218878873,0.29659366078742627
14,62,amygdala,0.725,11.989247311827958,-0.014578028574467121,0.11388746114960094,0.1754240836265802
14,62,amygdala,0.75,15.322580645161292,0.011452635111470778,0.08972148516414247,0.12405186012569068
14,62,amygdala,0.775,10.376344086021504,0.07150769030612951,0.0446888216611016,0.09247212816586027
14,62,amygdala,0.8,7.123655913978495,0.041594283861202834,0.021833450026802034,0.0044291524111588
14,62,amygdala,0.825,8.870967741935484,0.08445964178335,-0.03821324611730168,0.05832401286954586
14,62,amygdala,0.85,3.817204301075269,-0.04909385598342821,0.0042557280257589335,0.009345912527156872
14,62,amygdala,0.875,5.403225806451613,-0.010326551836509632,0.023248547182730245,0.12195823385524879
14,62,amygdala,0.9,5.268817204301075,-0.03794387029738035,-0.12511888494450255,0.06424431469123243
14,62,amygdala,0.925,1.9354838709677418,-0.11787933324688335,-0.12180770902754597,-0.02056785319446929
14,62,amygdala,0.95,3.521505376344086,-0.0012234185231375658,-0.1562083014315192,0.08597295621684894
14,62,amygdala,0.975,1.9623655913978497,0.04956140478757324,-0.1799611008868549,0.05538556986995472
14,62,amygdala,1.0,2.231182795698925,0.09326515460699471,-0.07987947538101413,0.10470962061189155
14,62,amygdala,1.025,2.204301075268817,0.047783457457250204,-0.07537066940648998,0.07207624638036061
14,62,amygdala,1.05,0.6182795698924732,-0.0848267981758081,0.05048791648748411,0.17663376523916527
14,62,amygdala,1.075,0.3763440860215055,-0.11360931737985286,0.08512990300582608,0.10951680310956947
14,62,amygdala,1.1,3.440860215053763,-0.06789100943037919,0.1157269823716099,0.1657972748143162
14,62,amygdala,1.125,5.080645161290323,0.11690342419439888,0.3082512067317506,0.392229384415161
14,62,amygdala,1.15,10.188172043010752,0.17662788406143654,0.2500164841713879,0.27330926937499134
14,63,amygdala,-0.15,-1.1827956989247312,-0.03550697126396033,0.14598238695347457,0.15341796446522155
14,63,amygdala,-0.125,0.13440860215053752,0.04853715611306257,0.08563302290720055,0.08313278866173483
14,63,amygdala,-0.1,0.02688172043010706,0.093098719165922,-0.09408884638901459,-0.05443023707487362
14,63,amygdala,-0.075,0.026881720430107503,0.15069290378661412,-0.07566936525856409,-0.12122705920691014
14,63,amygdala,-0.05,3.521505376344086,0.1402075911404296,-0.07293491039131964,-0.15549561117439567
14,63,amygdala,-0.025,1.9623655913978497,0.12739793816370001,-0.03418925177106792,-0.09656485396473216
14,63,amygdala,-0.0,2.204301075268817,0.13232470125354598,0.05633259696452827,-0.013428780690534013
14,63,amygdala,0.025,2.150537634408602,0.0036936904740688787,0.04119024528658628,-0.02585583331848215
14,63,amygdala,0.05,-1.021505376344086,0.05703353037708551,0.08504798717025885,0.05645946363952047
14,63,amygdala,0.075,-1.0752688172043012,-0.04646642512724764,0.060781265141998754,-0.08089020706748244
14,63,amygdala,0.1,2.0161290322580645,0.07592098000214043,0.13410163050629328,-0.023354012872158773
14,63,amygdala,0.125,3.844086021505376,0.0950328185414251,0.14239732996210053,-0.07708125444612539
14,63,amygdala,0.15,3.790322580645161,0.09577011077048572,0.19032654502199065,0.05337418327790607
14,63,amygdala,0.175,5.483870967741936,0.10765587041729581,0.11609946809708371,0.0830926771670037
14,63,amygdala,0.2,2.28494623655914,-0.07128756474340574,-0.0345492095272175,0.027364321112134094
14,63,amygdala,0.225,0.5645161290322578,-5.5536664346860386e-05,-0.1951558385148674,-0.03354414526550367
14,63,amygdala,0.25,0.40322580645161277,0.03935519676254316,-0.2488726668431601,-0.17126543230230765
14,63,amygdala,0.275,0.37634408602150526,0.0016694334453783218,-0.23262597189697926,-0.2730481554842544
14,63,amygdala,0.3,3.6021505376344085,0.08548045490873804,-0.1009087670752977,-0.20529433689235532
14,63,amygdala,0.325,3.682795698924731,0.13840258662063373,0.05448812662474374,-0.1624212822360749
14,63,amygdala,0.35,5.43010752688172,0.06395751099657526,0.03440491911731761,-0.1562339713542574
14,63,amygdala,0.375,3.924731182795699,-0.06535464793855283,-0.0992535541122882,-0.16338661984638211
14,63,amygdala,0.4,0.5913978494623655,-0.03336356145348212,-0.1828745420884869,-0.1935142123938022
14,63,amygdala,0.425,0.4838709677419355,-0.007169234270161423,-0.12976314028992175,-0.13274112990983497
14,63,amygdala,0.45,0.4301075268817205,0.02999004709116881,-0.16884730973819764,-0.15117659425882865
14,63,amygdala,0.475,0.456989247311828,0.03542897665903646,-0.17162455437389054,-0.047842850651194965
14,63,amygdala,0.5,3.924731182795699,-0.12953990506566132,-0.19990932446262058,-0.07187375377836694
14,63,amygdala,0.525,3.8172043010752685,-0.09479609408635481,-0.07863359448361873,0.007419304425146769
14,63,amygdala,0.55,4.032258064516129,-0.20830589106553957,-0.020271568146524453,0.0403455026203112
14,63,amygdala,0.575,5.752688172043011,-0.11704706844847818,0.02005945579262092,-0.02121064407340261
14,63,amygdala,0.6,3.8978494623655915,0.06213310795844752,0.03924049713736107,-0.08652961292106519
14,63,amygdala,0.625,4.059139784946236,0.0604000496816523,-0.07819754004901298,-0.14308361283808896
14,63,amygdala,0.65,2.231182795698925,0.12094775645582266,0.1145806022608504,0.00994515677356287
14,63,amygdala,0.675,2.1505376344086025,0.16732158750898432,0.061589058693347,0.04102221465909809
14,63,amygdala,0.7,2.043010752688172,0.12003346230016701,0.03164221488039794,0.1432885840797366
14,63,amygdala,0.725,7.016129032258065,0.11995825026810696,0.043051409461951226,0.05087893845503327
14,63,amygdala,0.75,7.096774193548388,0.05991327537047818,-0.002011807314648071,-0.00035826705603321816
14,63,amygdala,0.775,8.951612903225806,0.1883410662715771,0.031094707639338515,0.07519009847268102
14,63,amygdala,0.8,9.166666666666666,0.13339685768696205,-0.08647537254864142,-0.14125562859682858
14,63,amygdala,0.825,4.247311827956989,-0.018432106324137828,-0.1542661637574338,-0.10783369209376176
14,63,amygdala,0.85,4.112903225806452,0.09119547340046633,-0.2516728039005231,-0.1571394949045591
14,63,amygdala,0.875,0.7526881720430108,-0.012502101221244167,-0.20919989328912514,-0.26176093137008666
14,63,amygdala,0.9,-0.9946236559139785,0.10098319994172518,-0.1018088308406003,-0.15368122731475406
14,63,amygdala,0.925,-1.2096774193548387,0.03792269479990173,0.038989783614617586,-0.0702363330096304
14,63,amygdala,0.95,-1.2903225806451617,-0.020633835212946997,-0.0036348345474462914,-0.03254953342863559
14,63,amygdala,0.975,-1.4247311827956988,-0.048925488472084534,0.03774866079257483,0.043229605135411325
14,63,amygdala,1.0,0.403225806451613,-0.18363853676729897,-0.07636235961512326,0.028959337532483666
14,63,amygdala,1.025,0.4838709677419355,-0.040535518824371,-0.16123946253013974,0.094446117746662
14,63,amygdala,1.05,0.6451612903225807,-0.007152852974664608,-0.008941066218330759,0.18642123065219635
14,63,amygdala,1.075,0.537634408602151,0.007586165905026983,-0.10137876254899696,0.057351414242004
14,63,amygdala,1.1,-1.2365591397849465,-0.00530532338973013,-0.03226949278289461,0.0030628671115967765
14,63,amygdala,1.125,3.870967741935484,-0.007473652717316048,-0.0027151472418713725,-0.10275572706092588
14,63,amygdala,1.15,5.564516129032258,-0.0027898551925084744,-0.034013689064219484,-0.13721015083155316
14,68,hippocampus,-0.15,1.0215053763440864,-0.2754065190007145,-0.05545979720285432,0.17087400076576112
14,68,hippocampus,-0.125,2.688172043010753,-0.20696866968729163,-0.0906367455518006,0.15276383048437467
14,68,hippocampus,-0.1,2.795698924731183,-0.110837168481265,-0.3529087149950552,-0.03506100657321542
14,68,hippocampus,-0.075,2.580645161290322,-0.3002807427259843,-0.18751643095262074,0.045438071748419594
14,68,hippocampus,-0.05,2.7688172043010755,-0.18524291922670622,-0.24112361237221458,-0.06051110839673687
14,68,hippocampus,-0.025,0.9677419354838719,-0.1269674852811986,-0.19517860058472578,-0.020068289521732702
14,68,hippocampus,-0.0,0.9677419354838714,-0.11578276977026071,0.008548250834923837,0.1132577479851755
14,68,hippocampus,0.025,2.7419354838709684,0.06793194432361797,-0.02535046807772216,-0.004412182394577801
14,68,hippocampus,0.05,0.913978494623656,0.11011944138951259,-0.04012607003462193,-0.002259526273794244
14,68,hippocampus,0.075,-0.8333333333333333,0.0736865790329845,0.10394838244907754,0.17114470390186637
14,68,hippocampus,0.1,2.634408602150538,0.03288548226022677,0.0837013195398406,0.09362752195145428
14,68,hippocampus,0.125,0.887096774193548,-0.0804121583859075,0.06261496016479388,-0.015380936272845635
14,68,hippocampus,0.15,2.60752688172043,-0.1404346683169047,0.05812434883116334,0.021065200247535706
14,68,hippocampus,0.175,2.311827956989247,-0.14234783621434713,0.05035486606379585,-0.020702309695470936
14,68,hippocampus,0.2,-1.0215053763440862,-0.10238257830474976,0.13091883332806195,0.12891947788056876
14,68,hippocampus,0.225,0.4838709677419355,-0.03352757007840347,0.1984811095222284,0.2772735308838767
14,68,hippocampus,0.25,0.5376344086021505,-0.18060748202790436,0.20836504777381978,0.3104919406125652
14,68,hippocampus,0.275,4.13978494623656,-0.22675528837536096,0.09205899394571616,0.19627770761328714
14,68,hippocampus,0.3,12.311827956989248,-0.27809610897973946,0.10845961595901421,0.16552958845773327
14,68,hippocampus,0.325,15.725806451612902,-0.16204986737090732,0.02712958010507172,0.14094908284474042
14,68,hippocampus,0.35,15.591397849462364,0.09868410794564593,0.01795929808869602,0.14001941774861834
14,68,hippocampus,0.375,17.311827956989248,0.14386853918811393,0.014190934303428243,0.1920541743228889
14,68,hippocampus,0.4,13.81720430107527,0.027219667607511606,-0.008857398974090361,0.16368058922880432
14,68,hippocampus,0.425,10.510752688172044,0.049602412149480746,-0.005394982525233914,0.1595186337922319
14,68,hippocampus,0.45,12.043010752688172,-0.06524005123059322,0.04774492709489017,0.24466983484391883
14,68,hippocampus,0.475,8.79032258064516,-0.05503135797934906,0.10247851831633671,0.1946173346565821
14,68,hippocampus,0.5,5.645161290322582,-0.028011227567456803,0.07454853754659913,0.16558502714083373
14,68,hippocampus,0.525,5.591397849462367,-0.03669870488398297,0.06334403216242411,0.15658975555778365
14,68,hippocampus,0.55,3.8978494623655924,-0.06981531242590479,0.1397343237934002,0.17836217953591718
14,68,hippocampus,0.575,3.897849462365592,-0.18964703194597507,0.20426916810694978,0.24935408793662178
14,68,hippocampus,0.6,3.9247311827956985,-0.08412078951440476,0.10423212903831013,0.2324063289384124
14,68,hippocampus,0.625,2.473118279569892,0.0323483358807403,0.14714452542045042,0.15720613513033418
14,68,hippocampus,0.65,6.129032258064517,0.14017614632909298,0.04208958044025929,0.08808897851493169
14,68,hippocampus,0.675,4.381720430107528,0.06617065355981383,0.03373095840563987,0.09897928107154949
14,68,hippocampus,0.7,7.661290322580646,0.0736449749398839,0.052633420698696295,0.09564961259048085
14,68,hippocampus,0.725,10.833333333333334,0.0193351588025796,0.07493355184112041,0.13717758809462088
14,68,hippocampus,0.75,10.672043010752688,-0.007452573661594679,-0.019167496469996135,0.15022819538898743
14,68,hippocampus,0.775,12.5,0.09799547258730444,-0.12781560026709707,0.09006626902580481
14,68,hippocampus,0.8,9.274193548387096,-0.05511053635710522,-0.0622300793314681,0.16105988328669793
14,68,hippocampus,0.825,7.82258064516129,-0.22557465711570046,0.028216518082310682,0.20347390527820688
14,68,hippocampus,0.85,2.822580645161291,-0.17342244924069766,0.04106066133432292,0.08423973895404724
14,68,hippocampus,0.875,2.6881720430107525,-0.13331742058245977,0.08138609051044494,0.12061554518487586
14,68,hippocampus,0.9,1.021505376344086,-0.07495665939169803,0.1504627393234399,0.13840165032533422
14,68,hippocampus,0.925,-0.7258064516129032,0.09786567497400005,0.08827510015011274,0.055243801574108437
14,68,hippocampus,0.95,0.9677419354838714,0.07270117926241194,-0.08581939998821705,-0.0075298586966121355
14,68,hippocampus,0.975,-0.5913978494623657,0.043670459971143195,0.06937755824124918,0.08597127946068238
14,68,hippocampus,1.0,-0.7258064516129037,0.07564914134253033,-0.1086122468178022,-0.01960395721311131
14,68,hippocampus,1.025,-0.7258064516129032,0.14809608032553193,-0.006742330814185148,0.05801540468019779
14,68,hippocampus,1.05,1.129032258064516,0.2808886783815862,0.1089106597426453,0.08380974587717548
14,68,hippocampus,1.075,4.327956989247312,0.1113475317107643,0.001833096712077493,0.044072882377520294
14,68,hippocampus,1.1,9.543010752688172,0.05954390801205699,-0.010461479214799974,0.020608327475771376
14,68,hippocampus,1.125,14.489247311827958,-0.20579302145028652,-0.033371841316262675,0.04969046183412069
14,68,hippocampus,1.15,12.795698924731184,-0.1496296495002895,-0.12894340262899776,-0.05047652925088218
14,69,hippocampus,-0.15,4.24731182795699,-0.01732437225501659,-0.002286207482333567,0.037951044206737214
14,69,hippocampus,-0.125,4.193548387096776,-0.06982342939443278,-0.08067299429669726,0.0518085780695955
14,69,hippocampus,-0.1,1.0215053763440842,-0.18820144369883862,0.015234143888595179,0.08428372762404746
14,69,hippocampus,-0.075,-2.258064516129031,-0.18682617986300282,-0.22616068538774778,-0.014934899575048708
14,69,hippocampus,-0.05,-1.263440860215054,-0.11661451364308789,-0.17125137246388553,-0.025654684987915215
14,69,hippocampus,-0.025,1.4516129032258078,-0.11565344586757587,-0.1780414352904444,-0.03955631660808193
14,69,hippocampus,-0.0,3.145161290322582,-0.061293798046565276,-0.056348704699821284,0.1480992058717175
14,69,hippocampus,0.025,3.1720430107526862,-0.025623687646937628,0.13871260384934678,0.21576108104686445
14,69,hippocampus,0.05,0.349462365591398,-0.02476819975638016,0.10989459707292366,0.19613873878872945
14,69,hippocampus,0.075,2.3387096774193576,0.0750882748789708,0.2093852065466893,0.27218537631222417
14,69,hippocampus,0.1,0.5376344086021501,0.15431047320027422,0.14816978118102936,0.22260008569762654
14,69,hippocampus,0.125,2.3655913978494603,0.15442917886842994,0.14454388175146116,0.20766747568089675
14,69,hippocampus,0.15,6.424731182795698,0.20592798508506707,0.1784607473560474,0.19463589846313673
14,69,hippocampus,0.175,1.370967741935484,0.10081412489283177,0.17365391525565257,0.2672398576089983
14,69,hippocampus,0.2,0.9677419354838683,0.14042809961650463,0.20060070351501771,0.21056607786483467
14,69,hippocampus,0.225,4.13978494623656,0.07458287755872305,0.06867004650354017,0.09039272196807469
14,69,hippocampus,0.25,10.161290322580644,0.02628783883271631,0.05381902139400703,0.09223580517077584
14,69,hippocampus,0.275,8.763440860215052,0.10493991348192432,0.08295564969847444,-0.005337220109276848
14,69,hippocampus,0.3,10.59139784946237,-0.1579106331229922,-0.11244843121487615,-0.07956520635791578
14,69,hippocampus,0.325,7.016129032258066,-0.02232210793058694,-0.018889893157660705,0.07787313962572642
14,69,hippocampus,0.35,2.231182795698924,0.0046946170477150965,0.07244936038500865,0.09165922581809152
14,69,hippocampus,0.375,10.645161290322578,0.010259639881790553,0.17187436316821403,0.20826561057070378
14,69,hippocampus,0.4,15.40322580645161,0.1336213892790387,0.1573971662927985,0.19507809357714573
14,69,hippocampus,0.425,15.591397849462362,0.22776229114189894,0.19095427801985992,0.13251393121905347
14,69,hippocampus,0.45,11.666666666666668,0.23202803177576375,0.12172254116280343,0.10572849930121928
14,69,hippocampus,0.475,13.145161290322578,0.19082010578525974,0.07071643308209559,0.0074144339174046356
14,69,hippocampus,0.5,9.704301075268816,0.015703454191373707,0.06268676616524099,0.019362511478684084
14,69,hippocampus,0.525,7.28494623655914,0.06558057164139099,0.058845269689031914,0.08274799541469718
14,69,hippocampus,0.55,12.1505376344086,-0.008431358465367411,0.09251706856592347,0.15229615966722213
14,69,hippocampus,0.575,2.150537634408602,-0.03783510111391132,0.025240295183828313,0.15521767871581166
14,69,hippocampus,0.6,-1.2634408602150522,0.016231865158377733,-0.043107159896348994,0.03223511249762338
14,69,hippocampus,0.625,0.10752688172043001,0.01782419897401244,-0.0008124990985304816,0.017976542554986905
14,69,hippocampus,0.65,-3.25268817204301,0.02737283444788124,-0.04050165689603169,0.008921516412642775
14,69,hippocampus,0.675,2.876344086021504,0.08800468354605513,0.1435558969281948,0.10397787589235725
14,69,hippocampus,0.7,6.666666666666666,0.07256038826879269,0.13385048935447447,0.12736690841317921
14,69,hippocampus,0.725,5.779569892473118,0.03485724394168576,0.16094203461867135,0.21391286820691002
14,69,hippocampus,0.75,10.456989247311832,0.19477874821063215,0.24378448201932987,0.2288542377294261
14,69,hippocampus,0.775,6.962365591397846,-0.09488819038662777,-0.0936951072009211,0.052774892406045784
14,69,hippocampus,0.8,3.3602150537634383,-0.07983386611952267,-0.009516115637260332,0.13363163985550108
14,69,hippocampus,0.825,2.741935483870968,-0.16606166159890776,-0.028490223852521517,-0.0896133178447733
14,69,hippocampus,0.85,-5.2688172043010715,-0.07104282236074615,0.004543288746900165,0.03330052980968166
14,69,hippocampus,0.875,-5.322580645161291,0.032255614821879365,0.1457862212493617,0.02526011476192919
14,69,hippocampus,0.9,-1.9086021505376305,0.11252643979337797,0.1468444580833041,0.011940022683957979
14,69,hippocampus,0.925,-1.505376344086022,0.1663064294400184,0.11597885172187697,0.13084663638244515
14,69,hippocampus,0.95,-1.1559139784946222,0.06366808246504066,0.16944293825558485,0.2357014253522307
14,69,hippocampus,0.975,-3.682795698924733,0.06118334093459789,0.10724242434693332,0.23237976851852676
14,69,hippocampus,1.0,-8.548387096774192,-0.030901833076057574,0.03743827019584917,0.10865237111186662
14,69,hippocampus,1.025,-8.467741935483874,-0.02378265280683737,-0.09711249896125258,-0.004726039980845888
14,69,hippocampus,1.05,-3.198924731182795,0.0740437194852769,-0.1527596078269636,-0.06134760846242421
14,69,hippocampus,1.075,-4.032258064516131,0.009886691671129199,-0.11653080028824517,-0.07825481659487607
14,69,hippocampus,1.1,-4.166666666666663,-0.04926738479855998,-0.16902190385039204,-0.08355910909678489
14,69,hippocampus,1.125,-3.951612903225807,0.04834949725875953,-0.09553394639080198,-0.10784293312090001
14,69,hippocampus,1.15,-9.38172043010753,-0.03204493878746052,-0.11210658173904305,-0.17551195508353576
15,2,amygdala,-0.15,0.9677419354838719,0.02209090636271819,-0.18985030122912214,-0.09930388384002843
15,2,amygdala,-0.125,-2.419354838709678,-0.0204898068929718,-0.21469980861388768,-0.18190569020249006
15,2,amygdala,-0.1,-1.2634408602150546,-0.07577088745242533,-0.21801609756048146,-0.16109729693832467
15,2,amygdala,-0.075,0.37634408602150593,-0.16957923211855458,-0.13441279376515633,-0.13542050213825152
15,2,amygdala,-0.05,0.349462365591398,-0.037170308621069056,-0.04283115534430558,-0.13177624016009046
15,2,amygdala,-0.025,2.3118279569892475,0.03141940865847117,0.0836557917779047,0.03677234494843292
15,2,amygdala,-0.0,2.5268817204301075,0.13630498310729733,0.08155486436963814,0.05905339511571382
15,2,amygdala,0.025,4.220430107526882,0.1622953577513476,0.05296289962695667,0.008809406922875707
15,2,amygdala,0.05,4.301075268817206,0.052950909604574554,0.12450912094743181,0.0012459037554017542
15,2,amygdala,0.075,4.408602150537636,-0.009498233001758696,-0.052952648984804736,0.0027439339782858456
15,2,amygdala,0.1,2.7419354838709684,-0.007410212272031007,0.01632356368821065,-0.1335420460696264
15,2,amygdala,0.125,-0.8602150537634412,-0.06027794318486758,0.03813235101477493,0.009356185094346839
15,2,amygdala,0.15,0.7526881720430114,-0.10942166984489127,-0.12118352353570953,0.04637084795804905
15,2,amygdala,0.175,4.13978494623656,-0.06212344970004017,-0.06076613063096366,0.0010440915915973137
15,2,amygdala,0.2,4.220430107526882,-0.01282496173630001,-0.014349239975450423,0.13484606284622
15,2,amygdala,0.225,7.795698924731183,-0.08092002157449776,-0.21904212736545084,-0.1584442452364678
15,2,amygdala,0.25,6.344086021505377,0.039317869723400324,-0.16634280497331272,-0.22319681377522493
15,2,amygdala,0.275,2.8225806451612905,0.012240378767116504,-0.11184089121902809,-0.14203557288866023
15,2,amygdala,0.3,2.6344086021505375,0.014695206147177078,-0.07922406712265731,-0.13319318704370586
15,2,amygdala,0.325,-0.7526881720430112,0.13017837118598535,0.14292456804368214,0.11680531218774606
15,2,amygdala,0.35,0.6182795698924735,0.12102803318774769,0.20113607993034271,0.17854349107812326
15,2,amygdala,0.375,-1.3440860215053767,0.07996811991656978,0.2546129200441413,0.08693533268761651
15,2,amygdala,0.4,-1.3978494623655917,-0.029827626405419277,0.10367422395932062,0.10816384938712595
15,2,amygdala,0.425,0.48387096774193505,-0.04419344513618612,-0.03275605704636331,-0.04087374972689515
15,2,amygdala,0.45,-1.0215053763440858,-0.14891044587320465,-0.11032992694587467,-0.06641545707959833
15,2,amygdala,0.475,0.9408602150537639,-0.10323568432140624,-0.21294663084145243,0.08254643193062977
15,2,amygdala,0.5,0.9677419354838714,0.06238482355816036,0.01474598682912223,0.1135573832570602
15,2,amygdala,0.525,5.913978494623656,0.012933612058326844,0.08223975044464794,0.23964286932662157
15,2,amygdala,0.55,5.672043010752688,0.03625999603571283,0.07448979886107124,0.2861662732168015
15,2,amygdala,0.575,5.645161290322582,-0.0785896472728805,0.06041138389570375,0.24104481710914397
15,2,amygdala,0.6,5.860215053763442,-0.187101428633374,0.0010759139081850143,0.1136972022474514
15,2,amygdala,0.625,2.2580645161290325,-0.1476972137464629,0.0700392692721576,0.10511144649583742
15,2,amygdala,0.65,4.166666666666668,-0.17913781366204576,0.07419893597272478,-0.012665498634102787
15,2,amygdala,0.675,5.779569892473119,-0.06598945084886661,0.16770770332386936,-0.16884911377700745
15,2,amygdala,0.7,5.483870967741936,0.12587419378749995,0.2451329878602818,-0.07697212138654419
15,2,amygdala,0.725,4.032258064516129,0.23197095256766864,0.12686479452044203,-0.09591456221009267
15,2,amygdala,0.75,2.5806451612903225,0.18190536533081922,0.03472074280855189,-0.07385336947773932
15,2,amygdala,0.775,2.6612903225806446,0.23825039841696127,-0.017792692708505458,-0.035767474377478084
15,2,amygdala,0.8,2.661290322580645,0.1373737327006887,-0.03167958637664279,-0.04720675206782627
15,2,amygdala,0.825,2.6612903225806446,0.13676826903684447,-0.034310378910627076,-0.06178497351722117
15,2,amygdala,0.85,4.086021505376344,-0.04168134440636365,-0.1116651594806162,-0.13622364004165208
15,2,amygdala,0.875,0.860215053763441,-0.0691863647859807,0.011643685734079397,-0.11466951218472834
15,2,amygdala,0.9,1.0215053763440864,-0.08530404877772771,0.01272534467733644,-0.10526384298532904
15,2,amygdala,0.925,-0.7795698924731187,-0.025810625794942706,0.11535183621197853,-0.07751017048632947
15,2,amygdala,0.95,-0.7258064516129037,0.07400325200762005,0.22448696142833016,-0.04550235192152819
15,2,amygdala,0.975,2.3387096774193545,0.028066220960509234,-0.007628388442884236,0.014293465034619266
15,2,amygdala,1.0,2.0161290322580645,0.05948019244018299,0.032057844524459395,-0.013489815973736772
15,2,amygdala,1.025,2.231182795698924,-0.09448986953343205,-0.03671112235616703,0.01069103349130346
15,2,amygdala,1.05,0.645161290322581,-0.06569134877951664,-0.15176519115267778,0.01960354479388738
15,2,amygdala,1.075,-2.7688172043010755,0.09914710067486562,0.016165570196399186,-0.026233373143755342
15,2,amygdala,1.1,-0.8602150537634412,0.15139745217928213,0.05011133760671116,0.019297533736745913
15,2,amygdala,1.125,0.3763440860215055,0.1922633033205876,0.033682689700342335,-0.07052966934924167
15,2,amygdala,1.15,1.801075268817204,0.17391064108945564,-0.04809070928833759,-0.19581282281968765
15,8,amygdala,-0.15,-1.075268817204301,0.014038475356257202,-0.0715400704154867,-0.10023471404367643
15,8,amygdala,-0.125,-1.1290322580645162,-0.045457815513145,-0.07758208860473634,-0.02886121207703389
15,8,amygdala,-0.1,-0.9946236559139785,0.07960190968822445,-0.11555577259806925,-0.06012332524780733
15,8,amygdala,-0.075,-0.8064516129032256,-0.08067599559005745,-0.25676464785574876,-0.04750406044056392
15,8,amygdala,-0.05,-0.8064516129032258,0.004438323353187319,-0.22867518296193223,-0.09047797737641339
15,8,amygdala,-0.025,-0.8870967741935484,0.054140174518266214,-0.23351715972663953,-0.11069040449998467
15,8,amygdala,-0.0,-0.9946236559139786,-0.16373622896788972,-0.11936990025958008,-0.031256177041808504
15,8,amygdala,0.025,-1.021505376344086,0.0884749444703462,-0.013987684022946765,-0.04969608063437183
15,8,amygdala,0.05,-1.1021505376344087,0.0480300273194307,-0.05011466392183654,-0.005670211558543902
15,8,amygdala,0.075,-1.2634408602150542,0.08146948711231125,-0.06605560226449389,0.13563672074418004
15,8,amygdala,0.1,-1.3440860215053767,0.1878345531794828,-0.11881412521227168,0.06314634899127827
15,8,amygdala,0.125,-1.1827956989247312,0.07386988228315507,-0.17857864746121954,0.10641897156400755
15,8,amygdala,0.15,-1.2365591397849462,0.08934152816353635,-0.07550800122208556,0.2551791666164048
15,8,amygdala,0.175,-0.9946236559139785,0.060808493596783274,0.06232519505370073,0.11077538048300842
15,8,amygdala,0.2,0.8333333333333335,0.06170172705361583,0.013481783683730124,0.09579928362736954
15,8,amygdala,0.225,0.7526881720430109,0.056790978363361694,0.0009084212225305534,0.10004355011997773
15,8,amygdala,0.25,0.9946236559139786,0.15349462421897422,-0.052112372420022104,-0.05479694918105354
15,8,amygdala,0.275,1.021505376344086,0.14138335719687595,-0.12927882813656105,-0.07631383295893955
15,8,amygdala,0.3,0.967741935483871,0.07299127393456907,-0.004475596632201971,-0.02147685632231147
15,8,amygdala,0.325,1.0483870967741935,0.10559437665911237,0.22584509029754518,-0.02918767321681295
15,8,amygdala,0.35,0.9139784946236559,-0.04266540943946129,0.09630367561694496,-0.05596769945147724
15,8,amygdala,0.375,0.8064516129032259,-0.07720511734280702,0.062458405844200156,-0.10373139516927493
15,8,amygdala,0.4,-1.021505376344086,-0.14451466066398605,0.054579913105950326,-0.12776016080315844
15,8,amygdala,0.425,2.0698924731182795,-0.18312094468557943,0.05273663241845967,-0.03816394462816581
15,8,amygdala,0.45,2.069892473118279,-0.11555225974194251,0.020459241058836466,-0.03796051955494959
15,8,amygdala,0.475,3.817204301075269,-0.030068234040619105,-0.0030867481324925203,-0.02144187542034983
15,8,amygdala,0.5,3.8978494623655915,0.07788482036659237,-0.09849556163408756,0.02213955998788631
15,8,amygdala,0.525,2.338709677419355,0.10881101792926794,-0.0811696253228639,-0.014410340994597736
15,8,amygdala,0.55,5.537634408602151,0.03404496877105282,0.027130880880912117,0.1202498165853271
15,8,amygdala,0.575,3.790322580645161,0.054626538430095746,0.061712333761903035,0.13916172459793621
15,8,amygdala,0.6,7.043010752688173,-0.05125204301665071,0.08816880495512261,0.01264235264608912
15,8,amygdala,0.625,5.32258064516129,-0.03819666039725676,0.14375438286261022,-0.06006996165038671
15,8,amygdala,0.65,2.1505376344086025,-0.0500445023823585,0.1412207141342882,-0.11838514197419651
15,8,amygdala,0.675,2.123655913978495,0.0023701816017353276,0.0977562109459908,-0.2148597182224258
15,8,amygdala,0.7,-1.1559139784946237,0.09786268291817134,-0.05740316056690696,-0.15984145773316508
15,8,amygdala,0.725,-1.2365591397849462,0.13445652044544315,-0.158878045835575,-0.16755266005786165
15,8,amygdala,0.75,-1.263440860215054,0.14799191674343118,-0.12999364136640285,-0.23622736432349695
15,8,amygdala,0.775,2.096774193548387,0.16187712727176592,-0.05325447293661622,-0.03195268376196973
15,8,amygdala,0.8,3.709677419354839,0.10045618873641875,-0.03590646593867644,-0.010457928862747589
15,8,amygdala,0.825,3.736559139784946,0.016063819901149516,-0.006616115654202258,0.04800087200970609
15,8,amygdala,0.85,5.322580645161291,0.06351468211626568,-0.08527333814841641,0.05021019878901036
15,8,amygdala,0.875,2.043010752688172,-0.17259978369365964,-0.21633274430527835,-0.15465664928964543
15,8,amygdala,0.9,0.4838709677419357,-0.19129329777078558,-0.1075212653606858,-0.16306516407748134
15,8,amygdala,0.925,0.6989247311827956,-0.06844470002153967,-0.17255329807452188,-0.14594232161290388
15,8,amygdala,0.95,0.7526881720430108,0.009831183397240848,-0.18878721741078436,-0.15664352212937083
15,8,amygdala,0.975,2.5268817204301075,0.13874088057479209,-0.12080230452109258,0.003099023105622503
15,8,amygdala,1.0,4.139784946236559,0.17552639476525006,-0.1032280779786823,-0.0802389381695433
15,8,amygdala,1.025,4.086021505376344,0.0741162783486473,-0.16328607653276742,-0.07906695791212977
15,8,amygdala,1.05,2.28494623655914,-0.05160260738151079,-0.08372029580093199,-0.028198146110115188
15,8,amygdala,1.075,0.4301075268817207,-0.13203916176519617,-0.05936963348320867,-0.17410522077824106
15,8,amygdala,1.1,-1.2365591397849462,-0.11630652305139323,-0.015244727956250407,-0.1412273803252637
15,8,amygdala,1.125,-1.2903225806451613,-0.021177714595194887,0.10009024173087547,-0.13322356313144113
15,8,amygdala,1.15,-1.1559139784946237,0.04861026068329871,0.04846993083144162,-0.01928132164516525
16,7,amygdala,-0.15,-0.2830188679245283,0.07503888796694726,-0.15111637645938858,0.045958073253113026
16,7,amygdala,-0.125,-0.3144654088050315,0.1106349814900809,-0.18377287193822167,-0.008229559585112282
16,7,amygdala,-0.1,-0.220125786163522,-0.13114949909639226,-0.09836212432229417,-0.06557474954819613
16,7,amygdala,-0.075,-0.4402515723270441,-0.07711198519506335,-0.0750571876621083,-0.045605089689752486
16,7,amygdala,-0.05,-0.47169811320754723,-0.026738219559975795,-0.0887921848662028,-0.10452750876654253
16,7,amygdala,-0.025,-0.5031446540880503,-0.1295822970028936,-0.07067622936746307,-0.0859277065413644
16,7,amygdala,-0.0,-0.47169811320754723,-0.12081886665594792,-0.08338042710644303,-0.07932840087471309
16,7,amygdala,0.025,-0.220125786163522,-0.16245528236239185,0.07499064976258557,0.0736698751092328
16,7,amygdala,0.05,-0.15723270440251574,-0.21520711550527916,0.14769115769970137,0.09283444198266944
16,7,amygdala,0.075,-0.15723270440251574,-0.10249211310017566,0.10847962486204159,0.08981267642798897
16,7,amygdala,0.1,1.4150943396226416,-0.040779412122618604,0.1667562155653882,0.19483496903028888
16,7,amygdala,0.125,1.3836477987421385,-0.11398640767297524,-0.045958073253113026,0.0007789503941205597
16,7,amygdala,0.15,1.1635220125786163,-0.01036622281306485,-0.08760263942025269,-0.011171887798536208
16,7,amygdala,0.175,2.861635220125786,0.019318223028056903,0.010708430035051042,0.020609691977007783
16,7,amygdala,0.2,1.2264150943396226,-0.08414212163660452,-0.05749711645167975,-0.006310659122745339
16,7,amygdala,0.225,1.2264150943396228,-0.1640771371913788,0.039266323430415445,0.0960622555351235
16,7,amygdala,0.25,1.4150943396226416,-0.19044122765680807,0.3215669467716255,0.30227567605368644
16,7,amygdala,0.275,-0.4088050314465409,-0.003771777879517011,0.29952353749105676,0.23118779708568973
16,7,amygdala,0.3,-0.40880503144654096,0.1892057519422899,0.09460287597114495,0.07453559924999299
16,7,amygdala,0.325,-0.5031446540880503,0.286133659575113,0.12160155708648877,0.10286536551122917
16,7,amygdala,0.35,4.528301886792453,0.28536082651193806,0.09793639529544168,0.08695890922935921
16,7,amygdala,0.375,6.352201257861635,0.0412096743134194,0.016520995558082553,0.09417586231985633
16,7,amygdala,0.4,8.018867924528303,-0.12638250672569842,0.2514681175383574,0.1863639427037749
16,7,amygdala,0.425,8.144654088050315,-0.16198387639383532,0.19446868638803383,0.11400495648370476
16,7,amygdala,0.45,6.383647798742139,0.08917492691114173,0.1249134937732224,0.11407531034863748
16,7,amygdala,0.475,7.987421383647799,0.21115279486250432,0.006307161404983896,0.1087299781337441
16,7,amygdala,0.5,6.383647798742139,0.38727547211916147,-0.15919026699064134,-0.03436791371312197
16,7,amygdala,0.525,6.289308176100629,0.39232516053733973,-0.06088017127633256,-0.036552800604045504
16,7,amygdala,0.55,4.716981132075472,0.3055114045943594,-0.03613575753266616,-0.0689864461987263
16,7,amygdala,0.575,3.1132075471698113,0.11293429088855998,0.06193170790662967,-0.032787374774098065
16,7,amygdala,0.6,6.383647798742139,0.03219661629031647,-0.0586809296904155,-0.10749515438863724
16,7,amygdala,0.625,6.5094339622641515,-0.029538231539940275,-0.2363058523195222,-0.1983281260538847
16,7,amygdala,0.65,8.050314465408805,-0.19058319642816363,-0.1329408672632422,-0.08049154072579116
16,7,amygdala,0.675,6.320754716981132,-0.16424330256478567,-0.10893357611876821,-0.10394078721332468
16,7,amygdala,0.7,4.685534591194968,-0.19403300368881352,0.03555194816360958,-0.03276643469924429
16,7,amygdala,0.725,6.19496855345912,-0.15611097659021264,0.05962859583286637,-0.021710014554228135
16,7,amygdala,0.75,2.955974842767296,-0.012853211229593084,-0.06945677606760879,-0.06129993047959779
16,7,amygdala,0.775,6.226415094339623,0.006808186108696578,0.046295665539136735,0.14066304516750494
16,7,amygdala,0.8,6.257861635220126,0.015232703621063364,0.03117666188591179,0.12405466412017752
16,7,amygdala,0.825,6.289308176100629,-0.01316890699012638,-0.008989210423694964,0.0986522901912511
16,7,amygdala,0.85,6.257861635220126,-0.07275699796354038,0.101333980667209,0.18152099413370323
16,7,amygdala,0.875,2.861635220125786,0.04760210373716759,0.04704859090301447,0.05944727838804417
16,7,amygdala,0.9,1.1635220125786163,0.04503836221501889,0.13823602452853467,0.10401332635798272
16,7,amygdala,0.925,-0.47169811320754723,0.09886699292301032,0.24892044317495504,0.15706529372166178
16,7,amygdala,0.95,2.861635220125786,0.09384040186935556,0.22282950549896446,0.12169409005672613
16,7,amygdala,0.975,2.9874213836477987,-0.015016722366690828,0.1420099917640145,0.14497625791052132
16,7,amygdala,1.0,4.685534591194968,-0.005692627682934812,0.10500423019500407,0.16310615839365397
16,7,amygdala,1.025,6.320754716981132,-0.14627399934961807,0.08305545210219124,0.0634039388815835
16,7,amygdala,1.05,4.685534591194968,0.009078271391276439,0.02528947030427008,-0.004798514878246118
16,7,amygdala,1.075,4.685534591194968,-0.07876864174321757,0.19286870095334574,0.12474279792170197
16,7,amygdala,1.1,6.289308176100629,-0.05599678857543781,0.09136318135992483,0.05304958917673055
16,7,amygdala,1.125,8.018867924528303,-0.03534041363032614,-0.04176004839987162,0.004214911717378347
16,7,amygdala,1.15,8.018867924528303,-0.10549464200861985,-0.0005487367594726651,0.024144417416797265
16,9,amygdala,-0.15,-2.138364779874214,-0.05934369348229491,0.006684317123005746,-0.03717132448891
16,9,amygdala,-0.125,-3.553459119496856,-0.07254936826962033,0.050081940032969896,-0.00249184204079214
16,9,amygdala,-0.1,-1.7610062893081762,-0.0426723854121104,0.0006975293769287278,-0.0006154670972900539
16,9,amygdala,-0.075,1.7924528301886786,0.03107264575953078,0.08560329681578244,0.06996462661796854
16,9,amygdala,-0.05,1.9496855345911959,0.10120772689244704,0.10539903348726214,0.1394225811392906
16,9,amygdala,-0.025,5.157232704402515,0.08129679666728448,0.1408705626461448,0.18427548191941662
16,9,amygdala,-0.0,5.125786163522012,0.024744182452454456,0.21275064513937586,0.14345049295525922
16,9,amygdala,0.025,3.4905660377358494,-0.027671214529754826,0.1126584365698785,0.017145462791839174
16,9,amygdala,0.05,7.264150943396226,-0.1553021282260288,-0.09367429956490624,-0.19605866558058446
16,9,amygdala,0.075,5.534591194968552,-0.11529953452558135,-0.022623882978619246,-0.07293117185653077
16,9,amygdala,0.1,4.308176100628931,-0.01494714000171892,0.1229124322455399,0.07140038777680607
16,9,amygdala,0.125,4.2767295597484285,0.10929323377193603,0.14858138309783275,0.1342276750977661
16,9,amygdala,0.15,0.6918238993710686,0.0534624119378087,0.07621588255436258,0.03371800537018313
16,9,amygdala,0.175,-1.0062893081761008,0.13584069132547966,0.043773172847696176,0.001520758117713388
16,9,amygdala,0.2,0.44025157232704437,0.05542733283997041,-0.0658174011361715,-0.07305772431895731
16,9,amygdala,0.225,-1.0691823899371067,0.033045265534902446,-0.141106604966248,-0.10930676401180672
16,9,amygdala,0.25,-0.283018867924528,0.2085109905584366,0.02566540612910588,0.06310093481423483
16,9,amygdala,0.275,3.396226415094339,0.17886965370031507,0.028037920545701558,0.027178363857439172
16,9,amygdala,0.3,12.138364779874212,0.15264439675079464,0.1163024285230422,0.11329425665631548
16,9,amygdala,0.325,18.930817610062892,0.21341941673991535,0.21219941245214907,0.1938993481356548
16,9,amygdala,0.35,20.72327044025157,0.2075678437069184,0.20314286913933494,0.1649419419090963
16,9,amygdala,0.375,21.60377358490566,0.21183932172879047,0.2572566964641185,0.19472140340867133
16,9,amygdala,0.4,22.32704402515723,0.21243180208181509,0.27333569481263975,0.17271010435283263
16,9,amygdala,0.425,15.031446540880504,0.28453746672006436,0.3010053514653739,0.20536182380665516
16,9,amygdala,0.45,17.10691823899371,0.32722608563672306,0.3336909151119019,0.2758733835791707
16,9,amygdala,0.475,12.515723270440251,0.30716239584614463,0.33268112972798763,0.32501735661331277
16,9,amygdala,0.5,2.6729559748427683,0.19787619849231508,0.16419774281148683,0.2207628878425273
16,9,amygdala,0.525,2.515723270440253,-0.012169232237136774,0.09371942276586878,0.1429272242616735
16,9,amygdala,0.55,-2.4528301886792456,-0.12706553774044346,-0.0034308920508509325,0.057589973710712075
16,9,amygdala,0.575,4.245283018867926,-0.03273642575830733,0.0328178596532285,0.08196321523815009
16,9,amygdala,0.6,4.685534591194969,0.07023744331809736,0.05453394989331949,0.05224980539516999
16,9,amygdala,0.625,3.270440251572327,0.11675480145337472,0.09402305713691167,0.033853189116453034
16,9,amygdala,0.65,6.352201257861635,0.20358830330862074,0.21061986719799478,0.14185771334958114
16,9,amygdala,0.675,2.9874213836478,0.24241718513791197,0.3024710892260627,0.16479150055960987
16,9,amygdala,0.7,0.7232704402515715,0.22027010666415253,0.2993602430566115,0.1883486753263714
16,9,amygdala,0.725,2.7358490566037723,0.26056120425806734,0.27469542052678325,0.15596800386956955
16,9,amygdala,0.75,1.6037735849056602,0.19770454418147262,0.12462198021567712,0.06819945048352169
16,9,amygdala,0.775,0.15723270440251547,0.12358211889470219,-0.0017613626491455735,0.012083767011580097
16,9,amygdala,0.8,1.7610062893081766,0.1031410929783144,-0.03855015881036484,-0.037814312724907186
16,9,amygdala,0.825,8.364779874213836,0.05905751805902877,0.08329785125538275,0.060950651042105654
16,9,amygdala,0.85,10.031446540880502,0.012092073477547679,0.10472965333943837,-0.024635037830529338
16,9,amygdala,0.875,11.289308176100631,0.04610011386257069,0.24642830233037566,0.07208530716177572
16,9,amygdala,0.9,11.729559748427674,-0.0013964590055625759,0.2229816453293889,0.12009547447838151
16,9,amygdala,0.925,8.333333333333334,-0.15326538543723212,-0.009221446773553583,-0.09336714858223003
16,9,amygdala,0.95,8.018867924528303,-0.08729250029626358,0.06323583472165947,0.025245155015257446
16,9,amygdala,0.975,6.5408805031446535,0.08739273982837192,0.07854698921781507,0.07187172371077447
16,9,amygdala,1.0,6.855345911949685,0.15769736260149486,0.18493748975222132,0.1398107730868612
16,9,amygdala,1.025,4.90566037735849,0.2757859324392826,0.26179412278281705,0.22235522071020636
16,9,amygdala,1.05,8.11320754716981,0.4017569924769587,0.3991484497039969,0.35360246477926693
16,9,amygdala,1.075,9.842767295597485,0.3594603697561738,0.3691089347924617,0.3016100372620049
16,9,amygdala,1.1,12.735849056603772,0.24040832612974383,0.18702966684286088,0.13091259241645178
16,9,amygdala,1.125,10.125786163522012,0.0862566521176753,0.06862635263994606,0.0342307917429743
16,9,amygdala,1.15,5.1572327044025155,0.12425575439015338,0.12105392127405429,0.03833989910816097
16,13,amygdala,-0.15,-0.2830188679245283,0.08360734230227342,0.16721468460454683,-0.18824634524580194
16,13,amygdala,-0.125,-0.22012578616352205,0.22951162341868644,0.24772683162651868,-0.04007345805723096
16,13,amygdala,-0.1,-0.18867924528301888,0.07748691656615928,0.31114099660189826,-0.041289229669236815
16,13,amygdala,-0.075,-0.25157232704402516,0.14430694323525978,0.3716144071039301,0.0600706828405577
16,13,amygdala,-0.05,-0.220125786163522,0.09568278599844578,0.19708892882808693,-0.04798814573848431
16,13,amygdala,-0.025,-0.25157232704402516,0.1761615681929955,0.21440084858407052,-0.07572338648358304
16,13,amygdala,-0.0,-0.25157232704402516,0.15474207899727666,0.1287228918011951,-0.1292721094728802
16,13,amygdala,0.025,-0.18867924528301888,0.12067830759898836,0.007785697264450863,-0.2724994042557802
16,13,amygdala,0.05,-0.25157232704402516,0.06890818588289359,0.06890818588289359,-0.037899502235591465
16,13,amygdala,0.075,-0.18867924528301888,-0.05839272948338148,0.05839272948338148,0.011678545896676294
16,13,amygdala,0.1,-0.18867924528301888,-0.07199759701475782,0.025219047794119594,-0.029594592364077254
16,13,amygdala,0.125,-0.18867924528301888,-0.249883372622491,-0.0864766717735268,-0.042005227871593526
16,13,amygdala,0.15,-0.15723270440251574,-0.15191090506254998,-0.09283444198266944,-0.2320861049566736
16,13,amygdala,0.175,-0.22012578616352205,-0.09107604103916128,-0.06921779118976258,-0.12386341581325934
16,13,amygdala,0.2,-0.15723270440251574,0.033757978902788886,-0.07173570516842638,-0.016878989451394443
16,13,amygdala,0.225,-0.18867924528301888,0.1362497021278901,0.0506070322189306,0.1128926103345375
16,13,amygdala,0.25,-0.15723270440251574,-0.037977726265637494,0.09705418934551804,0.13925166297400415
16,13,amygdala,0.275,-0.18867924528301888,-0.06157584540267686,0.18051110234970777,0.011296860526072499
16,13,amygdala,0.3,-0.2830188679245283,0.025517748316111328,-0.007476974641011115,-0.10241397375256509
16,13,amygdala,0.325,-0.25157232704402516,0.11876832150190268,0.041328629794303705,-0.027460883584254952
16,13,amygdala,0.35,-0.25157232704402516,0.11162849176999637,-0.012220093194993453,0.01180817994122963
16,13,amygdala,0.375,3.1446540880503147,0.028176525938192618,-0.18948713693434535,-0.011622816949504457
16,13,amygdala,0.4,6.477987421383648,-0.0506070322189306,-0.20632097750794787,-0.08174982127673405
16,13,amygdala,0.425,13.144654088050315,-0.03503563769002888,-0.12846400486343923,-0.12457115623121381
16,13,amygdala,0.45,14.81132075471698,0.03503563769002888,-0.14014255076011553,-0.25692800972687846
16,13,amygdala,0.475,13.081761006289309,0.09288643872374237,-0.09556387487320722,-0.3024816326805683
16,13,amygdala,0.5,9.81132075471698,0.11021946372015315,0.04780285047926771,-0.2525715985727791
16,13,amygdala,0.525,4.8427672955974845,0.10707079856513195,0.040151549461924486,-0.2581674189086899
16,13,amygdala,0.55,3.018867924528302,0.1008806383810046,0.2269814363572603,0.0031525199494063937
16,13,amygdala,0.575,3.050314465408805,0.020252710247134553,0.14410582291230353,0.06698973389436813
16,13,amygdala,0.6,3.050314465408805,0.049457786386871684,0.1616124060020384,0.13479133183107192
16,13,amygdala,0.625,4.716981132075472,0.049457786386871684,0.1616124060020384,0.13479133183107192
16,13,amygdala,0.65,4.811320754716981,0.1518210966567918,0.11678545896676296,-0.03892848632225431
16,13,amygdala,0.675,3.1761006289308176,0.15990178469924313,0.17821652655906833,-0.06128394391556895
16,13,amygdala,0.7,3.1761006289308176,0.17506782300928583,0.17637655314104012,-0.11144340429630789
16,13,amygdala,0.725,-0.15723270440251574,0.17506782300928583,0.17637655314104012,-0.11144340429630789
16,13,amygdala,0.75,-0.06289308176100629,0.22663678884184216,0.10878565864408424,-0.04532735776836844
16,13,amygdala,0.775,-0.09433962264150944,0.30958109735650174,0.005337605126836238,0.09607689228305227
16,13,amygdala,0.8,1.5723270440251573,0.1974913896929408,-0.18681617943926832,0.05337605126836238
16,13,amygdala,0.825,1.5408805031446542,0.2801659073402629,-0.06537204504606134,0.10272749935809639
16,13,amygdala,0.85,1.3836477987421385,0.21352947632939095,-0.10183713486478645,-0.01314027546642406
16,13,amygdala,0.875,1.4465408805031448,0.11657733253012646,-0.07286083283132903,-0.09836212432229417
16,13,amygdala,0.9,1.4465408805031448,0.1785090404367561,-0.021858249849398707,0.010929124924699354
16,13,amygdala,0.925,1.4150943396226416,0.10603852454781897,-0.11285842965359155,-0.03453951940665473
16,13,amygdala,0.95,1.5408805031446542,-0.004127533492455848,-0.050134431201049066,0.04177869266754089
16,13,amygdala,0.975,1.5408805031446542,-0.004127533492455848,-0.050134431201049066,0.04177869266754089
16,13,amygdala,1.0,-0.12578616352201258,0.05603318146805258,0.023347158945021908,-0.004669431789004382
16,13,amygdala,1.025,-0.09433962264150944,0.0,0.14945294355141464,0.0
16,13,amygdala,1.05,-0.06289308176100629,0.14240153351977983,0.06472796978171812,-0.0582551728035463
16,13,amygdala,1.075,-0.15723270440251574,0.19265699610239206,0.05071774668874671,0.09791342763521936
16,13,amygdala,1.1,-0.25157232704402516,0.10336227882434038,-0.07235359517703825,0.07235359517703825
16,13,amygdala,1.125,-0.2830188679245283,0.10879340504550483,-0.14021107094170077,0.03583171812954575
16,13,amygdala,1.15,-0.3144654088050315,0.16935567356731066,-0.12783661731460133,-0.0387964951869579
16,20,amygdala,-0.15,-1.1320754716981127,0.02652125672636588,0.17178256522132737,0.02518475245039154
16,20,amygdala,-0.125,-0.9748427672955973,-0.049996212895772794,0.08034508460340746,-0.1307593260350981
16,20,amygdala,-0.1,-1.163522012578616,-0.009052990889753696,-0.015381702113609293,-0.05679075303526046
16,20,amygdala,-0.075,0.34591194968553474,-0.018227967910784418,-0.05191190861228004,-0.15497972716772926
16,20,amygdala,-0.05,-1.5094339622641508,-0.1636175456628066,-0.17617174401754995,-0.26966748439629656
16,20,amygdala,-0.025,-0.1257861635220121,-0.07769097130749938,-0.10756578336748063,-0.1418024825877346
16,20,amygdala,-0.0,-0.03144654088050203,-0.07864104361436602,-0.022657189097905348,-0.18113392811543602
16,20,amygdala,0.025,-1.6981132075471705,-0.11558017450880591,0.006296841048508423,-0.13181939616022237
16,20,amygdala,0.05,-0.09433962264150919,-0.005171613204239636,0.12738717644683067,0.09370963126082217
16,20,amygdala,0.075,0.15723270440251635,-0.05787504815184003,0.18506796268397097,0.11876571265991441
16,20,amygdala,0.1,2.1698113207547176,-0.007564149448019974,0.09966390316676867,0.09841706534566647
16,20,amygdala,0.125,2.1383647798742147,0.08826586335415512,0.1362591223883293,0.12478247348885285
16,20,amygdala,0.15,2.264150943396227,0.15097565236942054,0.15570271207008352,0.16316649054481458
16,20,amygdala,0.175,2.5157232704402506,0.1546772665127349,0.08965290729826349,0.15417803918671208
16,20,amygdala,0.2,2.10691823899371,0.20241774084741504,0.23154735850002753,0.22252710757919014
16,20,amygdala,0.225,4.025157232704403,0.15046733959571662,0.2900792360283996,0.18764408896100926
16,20,amygdala,0.25,9.025157232704402,0.021023426824576946,0.29368961238138774,0.12316153285491031
16,20,amygdala,0.275,10.440251572327044,0.04906423941542291,0.39569555542199425,0.07347076806661022
16,20,amygdala,0.3,10.440251572327044,-0.08009697770913743,0.3303948211177537,-0.035774704255304476
16,20,amygdala,0.325,11.729559748427674,-0.13247816138905774,0.3140603559232532,-0.011711003720806903
16,20,amygdala,0.35,4.779874213836479,-0.10789724831430172,0.3383414094737562,-0.008806259015736298
16,20,amygdala,0.375,2.8301886792452833,-0.01314905060766078,0.35117386560584385,0.11350784808046113
16,20,amygdala,0.4,2.893081761006289,-0.03917737720304242,0.2719443282502285,0.10526612555288675
16,20,amygdala,0.425,1.4150943396226419,-0.05384270521148292,0.36062573644730306,0.29208733528758196
16,20,amygdala,0.45,3.8050314465408803,-0.05272253508174691,0.21709034374228384,0.09520849271273633
16,20,amygdala,0.475,5.849056603773585,-0.18281541158160905,-0.04344996425946461,-0.04269866804748539
16,20,amygdala,0.5,4.528301886792454,-0.09976752013356763,0.04001641149178525,-0.03286310975298031
16,20,amygdala,0.525,6.5094339622641515,-0.019392294609018607,-0.004318807969694101,-0.020281460955720334
16,20,amygdala,0.55,4.528301886792454,-0.025260674555077862,-0.01758922808784784,0.0819276575754455
16,20,amygdala,0.575,3.2075471698113205,-0.0767192551140494,-0.03401742786117154,-0.009997650031427748
16,20,amygdala,0.6,3.1132075471698113,0.0036851642981746415,-0.14698298982374722,-0.001948477674896937
16,20,amygdala,0.625,1.257861635220126,-0.028896335453729535,-0.2830326656013771,-0.05615226758475827
16,20,amygdala,0.65,1.2893081761006289,0.05987983955745915,-0.1689800578717234,-0.08570036611840608
16,20,amygdala,0.675,-0.8490566037735852,0.14417437975954364,-0.02261967298741179,0.0848133594887116
16,20,amygdala,0.7,0.7547169811320757,0.10485145552036944,0.006304359667363986,0.15055806310875836
16,20,amygdala,0.725,-0.8176100628930814,0.21138328761921701,0.16473433587252015,0.17890458196761888
16,20,amygdala,0.75,-0.9433962264150939,-0.03301116091205367,-0.020605957946363898,0.033385814692896656
16,20,amygdala,0.775,0.6918238993710695,-0.2228995781377742,0.11153346008170158,0.01326185553109505
16,20,amygdala,0.8,-1.2893081761006286,-0.18545937269487836,0.1251197155236201,-0.1547915551917423
16,20,amygdala,0.825,0.2515723270440251,-0.3733801297503575,-0.01829479477618678,-0.2672703200484742
16,20,amygdala,0.85,1.8553459119496858,-0.23525063300338114,0.08212475956138422,-0.22276237651418773
16,20,amygdala,0.875,0.09433962264150919,-0.1592780228369219,0.07573655532354544,-0.2361708614478497
16,20,amygdala,0.9,0.18867924528301883,-0.12327093949350765,0.034283942272222985,-0.1820914286860471
16,20,amygdala,0.925,0.18867924528301794,0.027129794712015168,-0.09364956617384168,-0.02481030081297265
16,20,amygdala,0.95,-1.477987421383648,-0.042409905592475754,-0.08076896250262927,-0.029182644588974547
16,20,amygdala,0.975,0.408805031446541,0.005225647903672552,-0.04143192266483237,0.03309577005659283
16,20,amygdala,1.0,0.6603773584905666,0.06913944154669488,-0.019994151990417233,0.12634959913272065
16,20,amygdala,1.025,0.7547169811320757,0.010116885739665177,0.12063748625701586,0.13581281486651361
16,20,amygdala,1.05,0.6603773584905666,-0.07397935520265603,0.13659698495271017,0.1594912888722388
16,20,amygdala,1.075,0.37735849056603765,-0.23798994216751623,0.19739165791541055,0.04004679240751075
16,20,amygdala,1.1,0.1572327044025159,-0.24793167379405062,0.19525497256302005,-0.047099168159509694
16,20,amygdala,1.125,5.09433962264151,-0.2956347384407656,-0.015367981445858495,-0.18437390274145765
16,20,amygdala,1.15,5.031446540880504,-0.13059376579008486,-0.10517477264243437,-0.056360188786747395
16,21,amygdala,-0.15,3.1446540880503138,0.275735749637505,-0.2437354692153574,-0.22584813297938777
16,21,amygdala,-0.125,-0.1886792452830175,0.2728472208312824,-0.4031033985879886,-0.27930246701430095
16,21,amygdala,-0.1,-3.270440251572327,0.17978542347839335,-0.33094521824716855,-0.20198573121146415
16,21,amygdala,-0.075,-0.9119496855345903,-0.0006992543091784043,-0.15803147387431937,-0.014725473099168749
16,21,amygdala,-0.05,-1.257861635220126,0.062491854796271,-0.08946853666872068,-0.029286611818714465
16,21,amygdala,-0.025,-1.1320754716981134,0.11148570499844859,0.040529057397226065,0.03404112318368835
16,21,amygdala,-0.0,-1.1949685534591201,0.022349081888060895,0.11137361325362694,0.06998030447019438
16,21,amygdala,0.025,-1.3207547169811327,0.03558507513178947,0.07199674898905603,0.092868366807353
16,21,amygdala,0.05,-0.8176100628930807,0.024484856991541706,0.10790562603810086,0.1249260877658895
16,21,amygdala,0.075,0.9433962264150946,-0.017565355720516165,0.13777953846045898,0.1191496157265782
16,21,amygdala,0.1,1.2578616352201255,0.04777203100718717,0.0372201415008542,0.06347621031153428
16,21,amygdala,0.125,1.3836477987421385,0.10511876121469474,0.08889926485539613,0.0399533416648039
16,21,amygdala,0.15,-0.5660377358490565,0.09304285227587925,-0.05778753242366034,-0.08836403217907719
16,21,amygdala,0.175,-2.3584905660377355,0.15574804281610805,-0.11925167520566855,-0.12534813390357494
16,21,amygdala,0.2,-1.1635220125786154,-0.011182798302464634,-0.12549584761654756,-0.08424374721190024
16,21,amygdala,0.225,-1.6352201257861627,-0.013128187852613708,-0.07872784350608283,-0.030467303884367667
16,21,amygdala,0.25,3.1446540880503147,0.045578198183873535,0.12382280829220337,0.13913773458097586
16,21,amygdala,0.275,8.773584905660377,-0.09166812651779377,0.352299597147227,0.38178039329237046
16,21,amygdala,0.3,9.716981132075471,-0.08264882268727619,0.4599924816923836,0.5208636056824677
16,21,amygdala,0.325,13.9937106918239,-0.00020374398762095463,0.5385768568772314,0.637311193278346
16,21,amygdala,0.35,16.28930817610063,0.02357172023307583,0.5234224646574368,0.5337223700442559
16,21,amygdala,0.375,16.729559748427672,0.020483151640924662,0.45816290081917166,0.43715036354935627
16,21,amygdala,0.4,17.452830188679243,0.03985510831404925,0.47403177806995717,0.3843984528412179
16,21,amygdala,0.425,15.377358490566039,0.009376768621596792,0.2984187323764079,0.1922851766245351
16,21,amygdala,0.45,16.47798742138365,-0.015051968710117625,0.10882166567449904,0.02375770196407755
16,21,amygdala,0.475,15.628930817610062,-0.021300281383767765,0.07104174308264306,0.0349291970584391
16,21,amygdala,0.5,17.547169811320757,0.024903736514257705,0.0027212692217566366,0.023996646773672158
16,21,amygdala,0.525,18.930817610062892,0.09788395087595388,0.06481837484660818,0.07326937814939381
16,21,amygdala,0.55,13.553459119496853,0.1888357239656439,-0.03911187161598443,-0.015087178988136551
16,21,amygdala,0.575,13.238993710691823,0.21616740023109302,-0.10134123867166552,-0.11956631627148924
16,21,amygdala,0.6,11.10062893081761,0.18969166329216855,-0.000205783969724635,-0.02267739346365478
16,21,amygdala,0.625,10.849056603773587,0.2682587416684647,-0.10647783361973953,-0.16006418290015353
16,21,amygdala,0.65,12.641509433962263,0.2379044973800969,-0.0080569341557296,-0.05529428923120009
16,21,amygdala,0.675,8.89937106918239,0.14368336297366952,-0.042609266464960445,-0.014421597880448155
16,21,amygdala,0.7,10.974842767295598,0.13344905717702357,-0.2009760084035101,-0.1688379530056515
16,21,amygdala,0.725,7.9874213836478,-0.17182198335506382,-0.054603399301501626,0.0034512306556253847
16,21,amygdala,0.75,7.578616352201259,-0.302260751657774,0.038984160549500886,0.08445883465729591
16,21,amygdala,0.775,7.6729559748427665,-0.22799517988873005,0.2242926237375237,0.18323538997192418
16,21,amygdala,0.8,2.452830188679247,-0.2616308323975429,0.20785982668044517,0.1686603530469884
16,21,amygdala,0.825,2.1383647798742134,-0.10177938557999232,0.20969005944793598,0.15315958143302458
16,21,amygdala,0.85,-0.4716981132075464,-0.14470481724443052,0.21138413928149477,0.15646208364554048
16,21,amygdala,0.875,-0.3144654088050318,-0.20085594285957062,0.22724757513870375,0.26194311663962017
16,21,amygdala,0.9,3.2389937106918243,-0.16188910059552747,0.1762655118188962,0.2087669114041051
16,21,amygdala,0.925,3.301886792452832,-0.23045625536956027,0.13706364178971883,0.16846891466826402
16,21,amygdala,0.95,3.1761006289308176,-0.2780420963780759,0.09972443190093658,0.11776627459924727
16,21,amygdala,0.975,5.220125786163521,-0.046470541346876656,-0.14814321627202143,-0.21052372615590462
16,21,amygdala,1.0,6.792452830188678,-0.07313109014840344,-0.06425656747441287,-0.20110003266910711
16,21,amygdala,1.025,6.981132075471697,0.08657525989600152,0.030437258355444873,-0.09979631528449652
16,21,amygdala,1.05,13.333333333333332,0.3407418234227691,-0.11799322944841861,-0.20041225842402466
16,21,amygdala,1.075,14.937106918238992,0.3773932862945735,-0.0484258457837752,-0.09315819485522857
16,21,amygdala,1.1,11.729559748427675,0.38824855326052393,-0.06292148350736514,-0.10111794542763247
16,21,amygdala,1.125,16.88679245283019,0.21832423232757758,-0.2918958303462157,-0.30953652723807956
16,21,amygdala,1.15,10.628930817610062,-0.1750609382232297,-0.09157097121850995,-0.08171709363128624
16,24,amygdala,-0.15,-2.232704402515723,0.006895247349171051,-0.12070787174947654,0.1590832066987321
16,24,amygdala,-0.125,-1.9811320754716981,0.23667708358338005,0.05012081964445819,0.28408644905035113
16,24,amygdala,-0.1,-3.4591194968553456,0.4318520881537726,0.1650327201869108,0.29922474490975065
16,24,amygdala,-0.075,-3.364779874213837,0.4243351804506548,0.21492997431881686,0.3593985394469838
16,24,amygdala,-0.05,0.09433962264151008,0.4264626938385265,0.21698237196655745,0.24789741356513612
16,24,amygdala,-0.025,2.044025157232705,0.3753423942013239,0.257629497559699,0.25500995941472465
16,24,amygdala,-0.0,5.345911949685536,0.29774646124404897,0.231433769972666,0.2594700821602557
16,24,amygdala,0.025,11.855345911949685,0.22520450729390187,0.1069679981296642,0.18729756760039187
16,24,amygdala,0.05,10.0,0.002628023985230464,-0.005995179716306996,-0.03757253041384179
16,24,amygdala,0.075,9.748427672955975,-0.06472232591981936,-0.06053610065423813,-0.1220982369127854
16,24,amygdala,0.1,6.320754716981132,-0.10115322679362165,0.03416895292744803,-0.14135199494356052
16,24,amygdala,0.125,-0.1257861635220121,-0.1480167754090802,0.08549422552884461,-0.09988760937330517
16,24,amygdala,0.15,-1.3522012578616358,-0.1923496810620792,0.007624746303082206,0.04780922006256951
16,24,amygdala,0.175,-1.4779874213836488,-0.02905816950791387,0.06214873163709761,0.1396787547161525
16,24,amygdala,0.2,0.09433962264150919,-0.053551623164163384,0.0023086150093865666,0.1599128146680445
16,24,amygdala,0.225,2.8301886792452824,0.19579938128772945,0.1920553712652072,0.3021539517077296
16,24,amygdala,0.25,5.157232704402515,0.2566069206743887,0.20639319231220618,0.26066832517427113
16,24,amygdala,0.275,6.540880503144655,0.3445954488816658,0.384188136658218,0.3871739488562432
16,24,amygdala,0.3,11.163522012578618,0.42275136316612616,0.4513965880630694,0.4593422763346256
16,24,amygdala,0.325,11.415094339622641,0.3966810295913712,0.4440921311874649,0.4626248212443571
16,24,amygdala,0.35,10.251572327044025,0.37898170397869174,0.45049544054987956,0.4773747415369813
16,24,amygdala,0.375,8.553459119496857,0.23804770449941529,0.434669031999881,0.43590073795624223
16,24,amygdala,0.4,3.647798742138365,0.14990040883687164,0.430340792235771,0.4031790015337221
16,24,amygdala,0.425,7.201257861635219,0.06678137277715117,0.3991695453336171,0.31420492231659014
16,24,amygdala,0.45,12.10691823899371,0.14727097551559207,0.4617665630398282,0.35957602552705753
16,24,amygdala,0.475,13.836477987421382,0.1300050842303324,0.4376535370457034,0.33800496994529633
16,24,amygdala,0.5,17.42138364779874,0.060424402309785526,0.36722951225446465,0.31434779939624363
16,24,amygdala,0.525,15.786163522012579,0.022684369023398127,0.3403894936516462,0.3415464377912731
16,24,amygdala,0.55,12.232704402515726,-0.09418225852393071,0.29128701985805455,0.20641679730266513
16,24,amygdala,0.575,12.264150943396228,0.016414803937717708,0.29923246080976673,0.2709056669820843
16,24,amygdala,0.6,12.264150943396228,-0.13939732268788027,0.24160553414699154,0.21736252150562108
16,24,amygdala,0.625,10.566037735849058,-0.11213810512624783,0.22513786418870171,0.2815967125801093
16,24,amygdala,0.65,15.786163522012579,-0.22421803437953125,0.10631063069421544,0.17308493211628087
16,24,amygdala,0.675,15.754716981132075,-0.13996863578260763,0.18985436458877997,0.290821430577471
16,24,amygdala,0.7,12.484276729559749,-0.1469340174683249,0.12463631664073341,0.2563617359475403
16,24,amygdala,0.725,10.817610062893081,-0.13261062001349788,0.14038190987326726,0.2569928154695929
16,24,amygdala,0.75,5.9748427672955975,-0.03835499843439025,0.21430290122023185,0.2806533486726497
16,24,amygdala,0.775,6.572327044025156,-0.10151317138853,0.1084429612273244,0.16346879244727525
16,24,amygdala,0.8,4.90566037735849,-0.0656517726611512,0.03426561818717979,0.12756024249513148
16,24,amygdala,0.825,2.9559748427672954,0.006695769426813135,0.20502199514861574,0.15075750795340007
16,24,amygdala,0.85,-0.2830188679245289,0.04213528996035273,0.23283344618091495,0.14568533426291713
16,24,amygdala,0.875,-4.0251572327044025,0.06744372738699858,0.3344447083070439,0.2254334534206306
16,24,amygdala,0.9,0.7861635220125782,0.18150239571929622,0.5051180046517095,0.317043899650882
16,24,amygdala,0.925,1.0377358490566042,0.08946717359726702,0.2758057006757128,0.20904467872244184
16,24,amygdala,0.95,0.9433962264150937,0.04929400805015805,0.12056492802267824,0.14077547132324306
16,24,amygdala,0.975,2.4213836477987423,0.11238309410543638,0.22251032318320887,0.2688170798419818
16,24,amygdala,1.0,-0.9748427672955979,0.1648403365824086,0.19839770400981058,0.2394440936801571
16,24,amygdala,1.025,0.6918238993710686,0.24090891248303659,0.2993819494934824,0.2687297679869539
16,24,amygdala,1.05,2.515723270440252,0.1629886181543937,0.3781925204576717,0.37119501764461593
16,24,amygdala,1.075,3.0503144654088055,0.21749072555570428,0.36057672921077294,0.33492418812383545
16,24,amygdala,1.1,1.7295597484276728,0.0659544811598435,0.29093437903362757,0.19299321270552453
16,24,amygdala,1.125,1.8553459119496858,0.010608732200042634,0.2821338031940472,0.12400522008632511
16,24,amygdala,1.15,2.0125786163522017,-0.07971445337339533,0.23109764665858556,0.08557338317620183
16,30,amygdala,-0.15,-0.4716981132075472,-0.10638475466982869,-0.10369419435951435,-0.16407036772296796
16,30,amygdala,-0.125,-0.5345911949685535,-0.0756129478985174,0.054823237172855796,0.005081929288495059
16,30,amygdala,-0.1,-0.5974842767295597,-0.22267460203306114,-0.026202917552132082,-0.05863028295189708
16,30,amygdala,-0.075,-0.5345911949685535,-0.0886606550478681,-0.0547089341493197,0.01389177837713118
16,30,amygdala,-0.05,-0.5031446540880503,0.1648348434438942,0.09229867991901913,0.17206637877247763
16,30,amygdala,-0.025,-0.4716981132075472,0.1895598223862719,0.07471862386770832,0.06598671368198503
16,30,amygdala,-0.0,-0.4716981132075472,0.2667724980543049,0.06375623189925457,0.052293796647241896
16,30,amygdala,0.025,-0.5031446540880503,0.22846304408482393,0.05227061163317953,0.04172528649453372
16,30,amygdala,0.05,1.10062893081761,0.025252534993647636,0.19909244980499008,0.1002781824385428
16,30,amygdala,0.075,1.0377358490566038,-0.11328073686188597,0.07783482887607003,0.01325958855434057
16,30,amygdala,0.1,1.069182389937107,-0.24484939035948117,-0.024203756444001856,-0.06500279919698904
16,30,amygdala,0.125,2.7358490566037736,-0.2062609833466825,-0.035990320672309034,-0.04880333040533044
16,30,amygdala,0.15,1.2578616352201257,-0.2848574848359165,-0.19180166894070447,-0.19328344944859002
16,30,amygdala,0.175,1.3522012578616351,-0.35372836028152127,-0.19446954216027174,-0.24128748462099733
16,30,amygdala,0.2,1.3522012578616351,-0.13971688378333483,-0.018006028866674243,-0.05451309770288662
16,30,amygdala,0.225,-0.440251572327044,-0.13025133250565105,-0.05981743929269162,-0.0716325251071832
16,30,amygdala,0.25,-0.5031446540880503,-0.05741566830065547,0.048651119300464,0.04628941448005312
16,30,amygdala,0.275,1.0691823899371071,0.13496125534094722,0.1330278668840136,0.16933260568643316
16,30,amygdala,0.3,4.150943396226415,0.10731771376005397,0.21265088942781676,0.20756233021681372
16,30,amygdala,0.325,10.723270440251572,0.09633858109323887,0.33038936628033994,0.2063184654221905
16,30,amygdala,0.35,13.962264150943396,0.05916228216514254,0.2338509126122188,0.14635669295751902
16,30,amygdala,0.375,12.29559748427673,-0.12312150612745881,0.0891431683974783,0.06330963809394899
16,30,amygdala,0.4,12.515723270440253,-0.10814290508999198,0.10062718195632459,0.05657669358955179
16,30,amygdala,0.425,6.006289308176101,-0.07431167105460304,0.0518278837880823,-0.04386591903223198
16,30,amygdala,0.45,2.6415094339622645,-0.05183141192393784,0.09366640881915092,-0.039036000687170155
16,30,amygdala,0.475,2.6415094339622645,-0.06298567747406889,0.03368408803427146,-0.11526990489186392
16,30,amygdala,0.5,-0.5660377358490567,-0.03589889823014403,0.056577987072392893,-0.08233034571060681
16,30,amygdala,0.525,-0.5345911949685535,-0.16768792814608294,-0.00995025182628225,-0.1305054081636598
16,30,amygdala,0.55,-0.3773584905660378,-0.2858783416746035,-0.050102389778023296,-0.14146557113794814
16,30,amygdala,0.575,-0.3144654088050315,-0.21471106586721522,-0.16700437082870714,-0.20326393411348756
16,30,amygdala,0.6,-0.4716981132075472,-0.09074554762631441,-0.20857106987923907,-0.23741953264473
16,30,amygdala,0.625,-0.4402515723270441,0.04899339154100013,-0.13644777885693998,-0.19869542124961165
16,30,amygdala,0.65,-0.44025157232704415,0.045832604193638445,-0.1069427431184897,-0.22069395280197643
16,30,amygdala,0.675,1.1320754716981134,0.13554490157244992,-0.023634505937372045,-0.07615563024264325
16,30,amygdala,0.7,1.1949685534591195,0.07404421973985043,0.023031196256290687,-0.025560322947986155
16,30,amygdala,0.725,1.0062893081761008,0.003655493252685999,0.07341031655394073,0.02603913001913314
16,30,amygdala,0.75,1.0062893081761008,0.01119945527174305,-0.008799571999226683,-0.027198677088518836
16,30,amygdala,0.775,-0.628930817610063,-0.012889375799543547,-0.18034689377822877,-0.11496070804208276
16,30,amygdala,0.8,-0.6918238993710693,-0.010752409342256094,-0.08764997188948098,-0.11037781343756731
16,30,amygdala,0.825,-0.5660377358490567,0.09561289652193393,-0.118617906397374,-0.11652654186324309
16,30,amygdala,0.85,-0.5974842767295597,0.04338963486264703,-0.12791907166913719,-0.1093847338142287
16,30,amygdala,0.875,-0.5974842767295597,0.1775571429673509,-0.03154786039450066,-0.05474009053171421
16,30,amygdala,0.9,-0.5031446540880503,0.23758332528581494,-0.04229530406959565,0.025422783847762344
16,30,amygdala,0.925,-0.4088050314465409,0.164772955303239,-0.0013581884663436711,0.014940073129780383
16,30,amygdala,0.95,-0.3459119496855346,0.16180675424863622,0.09182455958125284,0.06200014063370306
16,30,amygdala,0.975,-0.220125786163522,0.3351598310241135,0.15300774894579094,0.20036729028615483
16,30,amygdala,1.0,-0.2830188679245283,0.22485701376946823,0.0015579007882411194,0.05193002627470398
16,30,amygdala,1.025,-0.37735849056603776,0.08478175868750824,-0.01062861697831736,-0.019403405413904947
16,30,amygdala,1.05,1.10062893081761,0.08912421462124086,0.06681697876422052,0.020945761368094205
16,30,amygdala,1.075,1.10062893081761,-0.012986372048218408,-0.006493186024109204,-0.06807372444630617
16,30,amygdala,1.1,1.0377358490566038,0.01318320887617317,0.10827604499461607,-0.052681737795870306
16,30,amygdala,1.125,1.10062893081761,-0.007681089676118633,0.09038082185566258,-0.023555341673430475
16,30,amygdala,1.15,2.79874213836478,-0.19410944381018433,-0.05390439100006499,-0.17142132700120175
18,5,hippocampus,-0.15,1.747311827956989,-0.1665848172868994,0.026592580978625425,-0.12738078876933404
18,5,hippocampus,-0.125,1.559139784946237,0.058167128072753586,0.07606272524431788,0.010608612999546027
18,5,hippocampus,-0.1,1.478494623655914,0.17539266929561442,0.05189665618658782,0.05295261792537199
18,5,hippocampus,-0.075,4.543010752688173,0.3092906060977428,0.14722860120702957,0.15149609689418983
18,5,hippocampus,-0.05,6.075268817204301,0.33518580040114854,0.11967983793464322,0.16509957024360253
18,5,hippocampus,-0.025,5.887096774193548,0.06008152060589073,-0.04643128595843134,-0.09273452093517918
18,5,hippocampus,-0.0,3.844086021505376,-0.02046982939958035,-0.032557506435786976,-0.018374291308736922
18,5,hippocampus,0.025,2.069892473118279,0.06617328949680272,0.0539922645564204,-0.011872644562144798
18,5,hippocampus,0.05,-0.9946236559139776,-0.06898895054228242,0.007793623546954238,-0.07475725744381105
18,5,hippocampus,0.075,-0.645161290322581,0.0012321328299410514,0.16333460826906065,-0.039120217350628386
18,5,hippocampus,0.1,1.155913978494624,-0.04597358028558595,0.17343154833047095,-0.09847008626435945
18,5,hippocampus,0.125,-0.40322580645161255,-0.21455892163610824,0.08520353083153341,-0.004417769488232933
18,5,hippocampus,0.15,-0.9408602150537635,-0.31641489445865495,0.05039276741215103,-0.015014460444338332
18,5,hippocampus,0.175,-2.607526881720431,-0.2375618331090665,0.07787988011064466,0.0904411510962325
18,5,hippocampus,0.2,-2.580645161290323,-0.2935437680179742,0.029142897369558152,0.06470754823028442
18,5,hippocampus,0.225,-2.499999999999999,-0.3181928563496947,0.015362639735976479,0.07404585448501795
18,5,hippocampus,0.25,2.741935483870968,-0.1386592860639842,-0.029422698766356913,-0.05475962538961274
18,5,hippocampus,0.275,4.543010752688172,-0.20910855950471513,-0.08743269142306323,-0.07304175701476745
18,5,hippocampus,0.3,7.93010752688172,-0.062018007261202344,0.15428493040302438,0.06941275926949693
18,5,hippocampus,0.325,9.758064516129032,0.056523063201171196,0.18842733887154073,0.04925214188938418
18,5,hippocampus,0.35,4.67741935483871,0.053483615438715874,0.3710120034862871,0.16964374506993748
18,5,hippocampus,0.375,4.13978494623656,0.039573141368297225,0.308048234952697,0.06546667831298554
18,5,hippocampus,0.4,0.994623655913978,0.05796147414178778,0.22499520440431034,0.015215207687507816
18,5,hippocampus,0.425,0.725806451612903,0.10527515785797648,0.19004517147122138,0.027134626970471844
18,5,hippocampus,0.45,5.967741935483871,0.10699848275687113,0.08310611976331168,0.07030663958819057
18,5,hippocampus,0.475,7.903225806451612,0.04693859438527445,0.14562337046620938,0.2281536192945031
18,5,hippocampus,0.5,7.580645161290322,-0.018196443135290383,-0.052453113309366056,0.12644855038710273
18,5,hippocampus,0.525,9.301075268817204,0.10954393147794546,0.003173678375756196,0.2134428776481934
18,5,hippocampus,0.55,4.327956989247312,0.0679076298720705,0.05047748688812563,0.17841939824130193
18,5,hippocampus,0.575,4.274193548387098,0.24963198450758448,0.02545640014890062,0.18477082368419992
18,5,hippocampus,0.6,2.7419354838709675,0.19350081486819187,0.07157549088729023,0.25442488475356323
18,5,hippocampus,0.625,-0.510752688172043,-0.05619628836327248,0.08269765441542985,0.0827234089013892
18,5,hippocampus,0.65,1.0752688172043006,0.059669037228240254,0.03638168061635819,-0.060696043032512886
18,5,hippocampus,0.675,4.435483870967742,-0.019725633902659943,0.027274631411934782,-0.15266037771324634
18,5,hippocampus,0.7,4.381720430107528,-0.11370883818435323,0.024873007856951346,-0.1458311366937425
18,5,hippocampus,0.725,7.688172043010752,-0.041276085600540934,0.1955332169928247,-0.04923757776693741
18,5,hippocampus,0.75,5.967741935483872,-0.17152217919311435,0.3141312080959454,0.0016220200073800966
18,5,hippocampus,0.775,2.5,-0.12365860126489302,0.3936822818627469,0.09315080763760271
18,5,hippocampus,0.8,2.580645161290323,-0.05168406710002049,0.4194291704649452,0.11343279108191284
18,5,hippocampus,0.825,-0.9946236559139776,-0.0349460801441332,0.3013231546202743,0.06104635339379854
18,5,hippocampus,0.85,-0.6989247311827964,0.09295400361790696,0.09000882395908501,-0.022088847441164666
18,5,hippocampus,0.875,-0.6989247311827964,0.1884750074808929,-0.20022423212037146,-0.19257954010603826
18,5,hippocampus,0.9,1.021505376344086,0.15787073243491376,-0.22793201454467227,-0.17598110816491042
18,5,hippocampus,0.925,4.543010752688172,0.06560565388114489,-0.2855304707877141,-0.11967028954707071
18,5,hippocampus,0.95,4.381720430107527,-0.09471250294933135,-0.17037927642274814,-0.005935660947778259
18,5,hippocampus,0.975,2.9838709677419355,-0.06594736429088396,-0.009138677184723507,0.053753904564075916
18,5,hippocampus,1.0,3.0107526881720426,-0.03797769394195289,0.03664100492122163,0.09202186572132269
18,5,hippocampus,1.025,3.467741935483871,0.050176598547142445,0.11863500011956367,0.15790022125133168
18,5,hippocampus,1.05,4.919354838709678,0.23539084468793045,0.09432713598147609,0.06399753286205496
18,5,hippocampus,1.075,4.435483870967744,0.08752536449096927,-0.011172901776117244,-0.12021835883355715
18,5,hippocampus,1.1,4.220430107526882,0.12007023035461309,-0.030049607084263623,-0.09732790826950913
18,5,hippocampus,1.125,1.935483870967741,0.04881078393313761,-0.07252400616956213,-0.21477770367217797
18,5,hippocampus,1.15,3.467741935483871,-0.011265552574045967,-0.13941121310381885,-0.22981727251053777
18,13,amygdala,-0.15,1.2365591397849465,-0.18101692073790926,-0.15699504433060135,-0.14178592731532352
18,13,amygdala,-0.125,-0.4032258064516129,0.0018502505427767945,-0.11389715360439459,-0.1540689394273754
18,13,amygdala,-0.1,-0.4301075268817205,0.1256453321154497,0.002059759542876225,-0.0659123053720392
18,13,amygdala,-0.075,-0.40322580645161293,0.13464066668614189,0.06594998901580926,-0.06518675926391666
18,13,amygdala,-0.05,-0.43010752688172044,0.15600791496465538,-0.0577706756956158,-0.12675008155257328
18,13,amygdala,-0.025,-0.2956989247311828,0.1144236346016371,0.015335126286817345,-0.09319038281989002
18,13,amygdala,-0.0,-0.3225806451612903,0.08058186650390034,-0.049770035417307616,-0.1725614510422986
18,13,amygdala,0.025,-0.2688172043010753,0.03198440346341551,-0.13560397860133636,-0.17236955577835525
18,13,amygdala,0.05,-0.2956989247311828,0.07601740088326124,0.06461084384522256,-0.04037684377132723
18,13,amygdala,0.075,1.2096774193548387,0.14948584815984978,0.22165265529383005,0.07561347394441653
18,13,amygdala,0.1,1.2903225806451613,0.05596664697738411,0.23657765688406102,0.14262957694100808
18,13,amygdala,0.125,1.2096774193548387,0.031442020698698434,0.23584978301633813,0.17296574161894127
18,13,amygdala,0.15,1.2903225806451613,0.012402728420447609,0.16775759389381295,0.12898124756781582
18,13,amygdala,0.175,-0.3225806451612903,-0.02281286369430516,-0.08440759566892911,-0.047907013758040844
18,13,amygdala,0.2,-0.37634408602150543,-0.042910589132812996,-0.15560434564274217,-0.16152058965939245
18,13,amygdala,0.225,-0.32258064516129037,0.01572885088760714,-0.23179159242823952,-0.22062182875443156
18,13,amygdala,0.25,-0.2956989247311828,0.010696114039129696,-0.20752829379241308,-0.22236865865851185
18,13,amygdala,0.275,3.037634408602151,0.17394232505416923,-0.16578877856725502,-0.11797934689398551
18,13,amygdala,0.3,6.451612903225807,0.15755255065174517,-0.14282072170935944,-0.07044659634443018
18,13,amygdala,0.325,9.650537634408602,0.21609434995639432,0.06826228895022886,0.11853884973902999
18,13,amygdala,0.35,14.596774193548388,0.25872162815796884,0.014324576127126286,0.0713297946790662
18,13,amygdala,0.375,11.344086021505376,0.09698893444480211,-0.018924670135571146,0.01971319805788661
18,13,amygdala,0.4,11.344086021505376,0.12785812862976673,-0.022524443272297072,0.03043064639529714
18,13,amygdala,0.425,8.172043010752688,0.23778277701823536,0.06401843996644799,0.08230942281400454
18,13,amygdala,0.45,8.172043010752688,0.09145491423778283,-0.0030484971412594276,-0.02743647427133485
18,13,amygdala,0.475,8.145161290322582,0.14062134416468233,0.04888827304118062,0.005404733703045093
18,13,amygdala,0.5,4.731182795698925,0.05910519918368278,-0.044720461028100296,-0.02069094141576622
18,13,amygdala,0.525,8.010752688172044,0.048820225581099455,-0.14205355910329248,-0.06451108407525827
18,13,amygdala,0.55,4.650537634408602,0.05752397445722455,-0.03976591374087818,0.08712074231780183
18,13,amygdala,0.575,7.983870967741936,-0.07177009429788254,-0.11298096727752646,0.004370850164507689
18,13,amygdala,0.6,7.930107526881721,-0.041873559569743174,-0.17939368395620706,-0.08888157383403646
18,13,amygdala,0.625,6.236559139784946,-0.06666426056229245,-0.19213947593833441,-0.14320734012048966
18,13,amygdala,0.65,6.236559139784947,-0.0609430740214987,-0.0988237252791766,-0.1255818213364294
18,13,amygdala,0.675,4.543010752688172,-0.057972517860468656,-0.11047793973164632,-0.17984615767368903
18,13,amygdala,0.7,9.543010752688172,-0.05342843807716186,-0.05161790628850056,-0.12368417160188167
18,13,amygdala,0.725,7.849462365591398,-0.11731888453738953,-0.10770320313290518,-0.17766296390253922
18,13,amygdala,0.75,6.182795698924731,-0.14486636778602396,-0.1269568741074654,-0.25228875554525465
18,13,amygdala,0.775,6.048387096774194,-0.15554150779540055,-0.10932809268858748,-0.1455005363619364
18,13,amygdala,0.8,1.0752688172043012,-0.10288202399879183,-0.06383779615092693,-0.13041610375277746
18,13,amygdala,0.825,1.1021505376344085,-0.10508704522753479,0.006999073137152493,0.009489128003254821
18,13,amygdala,0.85,2.7688172043010755,-0.0010639276957238482,-0.05330277755576479,0.05149410047303425
18,13,amygdala,0.875,1.2096774193548387,0.14779341359639092,-0.01160240517831994,-0.018263722977860098
18,13,amygdala,0.9,1.2365591397849462,0.15337044167742764,0.05316083891321403,0.028250579502677245
18,13,amygdala,0.925,2.903225806451613,0.24399311955233224,0.068495371909525,0.021192703543290854
18,13,amygdala,0.95,1.2365591397849462,0.14190800509870247,0.10887232016357262,0.004917261279652451
18,13,amygdala,0.975,1.317204301075269,0.02145022265607134,0.03239571298399816,-0.024829367321068885
18,13,amygdala,1.0,1.2634408602150538,0.03139649661194496,0.1182312270204513,0.06081553432125914
18,13,amygdala,1.025,-0.34946236559139787,-0.006412633036458409,0.15174035214672887,0.1158827295464141
18,13,amygdala,1.05,1.317204301075269,0.06883170763266729,0.15955439592118822,0.13847147159826878
18,13,amygdala,1.075,1.2903225806451615,0.15844385952813736,0.28563906898266983,0.27507614501412736
18,13,amygdala,1.1,1.3440860215053765,0.17781304648213722,0.3658769559543754,0.33473010302291456
18,13,amygdala,1.125,4.704301075268817,0.16245323682260832,0.2552307127570409,0.2306465347131633
18,13,amygdala,1.15,3.010752688172043,0.026380094169226747,0.11659096221750292,0.07720601663255754
18,14,amygdala,-0.15,2.8763440860215055,0.0065898404936363805,0.2149301822539866,0.09732687498293731
18,14,amygdala,-0.125,1.1827956989247312,0.0036392284140139334,0.31882240355629216,0.1669496034928892
18,14,amygdala,-0.1,-0.5376344086021506,0.049682327955344704,0.3441522531973016,0.11096159187904574
18,14,amygdala,-0.075,-0.6451612903225806,-0.012440632214652456,0.33053419074569096,0.12362683391252376
18,14,amygdala,-0.05,-0.5376344086021506,0.07644928318945711,0.2451524273188029,0.10809143363343181
18,14,amygdala,-0.025,-0.4838709677419355,-0.02850272136310171,0.16345583048204648,0.12363011022127426
18,14,amygdala,-0.0,-0.510752688172043,0.058206854371553866,0.057645903960943656,-0.03273310631325478
18,14,amygdala,0.025,-0.4301075268817205,0.08577556948241198,-0.10517920205778587,-0.18668800416760253
18,14,amygdala,0.05,-0.48387096774193555,0.07640662311552388,-0.09310050715757112,-0.08580115705011727
18,14,amygdala,0.075,-0.48387096774193555,0.011504223952364997,-0.03184747041358521,-0.039539444199917236
18,14,amygdala,0.1,-0.43010752688172044,-0.1295802232990104,0.10000739841997383,0.06060005098163234
18,14,amygdala,0.125,-0.48387096774193555,-0.2055241416944503,0.060051374296802615,0.016632206476586343
18,14,amygdala,0.15,-0.6182795698924732,-0.13043094561421623,-0.030238763736496945,-0.12451255656204623
18,14,amygdala,0.175,-0.8333333333333334,0.07436363395453893,0.015554146544276068,0.11249351319736427
18,14,amygdala,0.2,0.9139784946236559,0.14889839281308287,-0.020161706016209213,0.11304845638364458
18,14,amygdala,0.225,0.9946236559139785,0.24145041623311245,0.04592001781120542,0.1746889799854634
18,14,amygdala,0.25,2.8225806451612905,0.1596778506789984,0.036484818216296386,0.2078574913318462
18,14,amygdala,0.275,3.010752688172043,-0.06150517794060622,0.009462335067785573,0.10842258931837635
18,14,amygdala,0.3,1.263440860215054,0.015958440266844953,-0.08513480959747285,0.13984450590359132
18,14,amygdala,0.325,1.2903225806451613,-0.11615083885700794,-0.11133943559045498,0.03510542383373821
18,14,amygdala,0.35,-0.40322580645161293,-0.062064455733447,0.007840451087623825,0.11347838720184747
18,14,amygdala,0.375,1.2903225806451613,0.049432713560806994,-0.031078101099512402,0.16868423452292683
18,14,amygdala,0.4,1.263440860215054,-0.058153556727866006,0.0856959904354612,0.17040696948660672
18,14,amygdala,0.425,2.795698924731183,0.15987242945334781,0.218729219407472,0.3447227697664763
18,14,amygdala,0.45,2.8225806451612905,0.2288634741638344,0.06738215049722787,0.26794512145222654
18,14,amygdala,0.475,2.741935483870968,0.18796935273012302,0.2231570085749912,0.23819585045721886
18,14,amygdala,0.5,2.795698924731183,0.23164598509687875,0.2611559314451567,0.29087868990652316
18,14,amygdala,0.525,1.2096774193548387,0.1387284739528389,0.12865444957020605,0.07634278841238877
18,14,amygdala,0.55,1.1021505376344085,0.1736420259476997,0.32086096841630257,0.14608698662800512
18,14,amygdala,0.575,1.0483870967741937,0.2377625472575932,0.260646242900197,0.25447429179327063
18,14,amygdala,0.6,4.35483870967742,0.06631885894878639,0.04168703075436174,0.05403412438093409
18,14,amygdala,0.625,4.220430107526882,0.05982858770791888,0.08470114664267166,0.0885817547320004
18,14,amygdala,0.65,5.779569892473119,0.055410250162538546,-0.00018068559835610393,0.03848603244985015
18,14,amygdala,0.675,4.220430107526882,0.017279167563053068,-0.06176449303059005,-0.004312036429559024
18,14,amygdala,0.7,0.7795698924731183,0.021776944505368757,-0.048484517955349304,0.02506403046844328
18,14,amygdala,0.725,2.446236559139785,0.06684610372285349,-0.04790830184635304,-0.06568959673802902
18,14,amygdala,0.75,2.3655913978494625,-0.11335126967454864,-0.03233279699398034,-0.05637439759819997
18,14,amygdala,0.775,2.17741935483871,-0.059001511339787975,0.004506480356928644,-0.03933434089319199
18,14,amygdala,0.8,3.817204301075269,0.05224932373610964,0.04040466771966106,-0.01190000487633853
18,14,amygdala,0.825,2.231182795698925,0.10641129909027792,0.08344886086553374,-0.005488582795182756
18,14,amygdala,0.85,0.9139784946236561,0.23420917040761113,0.09359478422740589,-0.02023590934704597
18,14,amygdala,0.875,1.0483870967741935,0.26343517599349314,0.0983204438810942,0.009261392906021243
18,14,amygdala,0.9,-0.40322580645161293,0.07454374782918047,0.056147987625034264,-0.021028809053482415
18,14,amygdala,0.925,-0.4301075268817205,-0.10633055198372428,-0.003961998274552785,-0.04002634154291787
18,14,amygdala,0.95,-0.5376344086021506,-0.08074658903012584,-0.019167630020084113,-0.02954307825591171
18,14,amygdala,0.975,-0.5376344086021506,-0.04307511972298264,0.05610461417643563,0.03873195490516497
18,14,amygdala,1.0,2.6075268817204305,0.043070134335061974,0.05301172762281731,0.16673385571933563
18,14,amygdala,1.025,2.7150537634408605,0.20410570807327966,0.055281931181829426,0.2875674768816265
18,14,amygdala,1.05,2.741935483870968,0.15153627752293417,0.1363826497706408,0.3307802342414844
18,14,amygdala,1.075,7.688172043010754,0.11778874217575452,0.019293513324562816,0.18562326036147855
18,14,amygdala,1.1,6.182795698924731,0.12128353404326145,0.028642481335946865,0.09989444904091715
18,14,amygdala,1.125,9.408602150537634,0.09111394541541389,-0.007802397307335514,0.1578212182620138
18,14,amygdala,1.15,9.408602150537634,0.12133179948472615,-0.06231085363993258,0.09902622463368377
18,16,amygdala,-0.15,1.1021505376344085,-0.3958230238755769,-0.09230139528758827,-0.1598001734903089
18,16,amygdala,-0.125,1.102150537634409,-0.10781779594615301,-0.050235911646160494,-0.13377576209511988
18,16,amygdala,-0.1,1.129032258064516,-0.05807558944944927,-0.008214639297126047,-0.0880685747901188
18,16,amygdala,-0.075,1.0483870967741935,0.03737236058679868,0.032776099106658046,-0.07002166627331492
18,16,amygdala,-0.05,1.021505376344086,0.18157782634241967,0.004103281981290032,-0.10154863036659258
18,16,amygdala,-0.025,-0.48387096774193555,0.08435211573910867,0.07730111068695668,-0.10284069580673302
18,16,amygdala,-0.0,-0.5376344086021506,-0.000722802033698511,-0.044090924055609174,-0.20848124745895316
18,16,amygdala,0.025,-0.43010752688172044,-0.0072467318867888535,-0.12807074764409085,-0.21073089967984596
18,16,amygdala,0.05,-0.37634408602150543,0.028797139550924337,0.045191550681401065,-0.043266989374779886
18,16,amygdala,0.075,1.129032258064516,0.0126786953891742,0.17585221130341866,0.038327178663702624
18,16,amygdala,0.1,1.129032258064516,0.037825548391417614,0.2548448563340965,0.14308755426854441
18,16,amygdala,0.125,1.021505376344086,-0.01468063108861545,0.263461097880163,0.2090850129577343
18,16,amygdala,0.15,1.0483870967741935,-0.007683173252662636,0.16308449892258906,0.1771703165524706
18,16,amygdala,0.175,-0.5376344086021506,-0.006285235075639226,-0.0699232402164864,0.018007198491706386
18,16,amygdala,0.2,-0.510752688172043,-0.05791478411888335,-0.18322654137721694,-0.13303798534916586
18,16,amygdala,0.225,-0.43010752688172044,-0.06369674149088707,-0.2071752602026832,-0.15604177819777115
18,16,amygdala,0.25,1.317204301075269,-0.08260539512586378,-0.2147226055606046,-0.2196444032248401
18,16,amygdala,0.275,2.9838709677419355,0.08095255262668019,-0.16767168908384533,-0.13002360993577491
18,16,amygdala,0.3,3.010752688172043,0.04562572738861032,-0.13231460942696996,-0.08212630929949859
18,16,amygdala,0.325,4.650537634408602,0.1564690899227122,0.023800931988243547,0.041688360812741396
18,16,amygdala,0.35,4.543010752688172,0.10898582354860169,-0.008110572915244777,0.07705044269482539
18,16,amygdala,0.375,6.317204301075269,-0.009675866415957956,0.01684739093602091,0.09425432226368455
18,16,amygdala,0.4,9.67741935483871,0.055848713525345095,0.13687868445646417,0.19663483447580868
18,16,amygdala,0.425,8.118279569892474,0.1586227843958545,0.25003252455617747,0.30111443817518146
18,16,amygdala,0.45,9.838709677419354,0.1097458970853394,0.1432793656391931,0.16766734276926853
18,16,amygdala,0.475,8.091397849462366,0.07810234201091415,0.14819085525198963,0.18691714130731812
18,16,amygdala,0.5,6.236559139784947,0.012968016841643776,-0.06062731037548149,0.0656460061588295
18,16,amygdala,0.525,7.795698924731183,0.06322959850210523,-0.08350888369031371,0.06821520349854186
18,16,amygdala,0.55,4.435483870967742,0.09416132373136125,-0.022583547068488325,0.09064449655428368
18,16,amygdala,0.575,2.634408602150538,0.11634613372228984,6.328318396643452e-05,0.1173586646657528
18,16,amygdala,0.6,0.9946236559139785,0.10951168923369531,-0.06093318770093078,0.08119238340742002
18,16,amygdala,0.625,0.9139784946236559,0.0643282228172677,-0.10736093293141835,-0.012588014175620315
18,16,amygdala,0.65,2.60752688172043,0.021097723281297356,-0.06652463261451788,-0.042847953468201846
18,16,amygdala,0.675,5.994623655913979,0.014697185142981253,-0.03696857754166557,-0.07432392311340959
18,16,amygdala,0.7,7.634408602150538,-0.008637982897498118,-0.052239229903917196,-0.13017092175936726
18,16,amygdala,0.725,6.021505376344086,-0.12220986013737077,-0.09129617541744195,-0.1924376873815569
18,16,amygdala,0.75,4.301075268817204,-0.12965851557082225,-0.13950839549731278,-0.24763608379292182
18,16,amygdala,0.775,2.60752688172043,-0.15504437554312983,-0.20706302032302132,-0.22698766328526618
18,16,amygdala,0.8,0.967741935483871,-0.04846286234355244,-0.08009706470822425,-0.09361516862568574
18,16,amygdala,0.825,1.0483870967741935,-0.07644935865740748,-0.13544617670987802,-0.06096885653890407
18,16,amygdala,0.85,0.9408602150537635,0.00503275649310115,-0.016869054171320525,0.07536708180409499
18,16,amygdala,0.875,-0.7258064516129031,0.12252122756937325,-0.0111884533557221,-0.005977392888673451
18,16,amygdala,0.9,-0.6720430107526881,0.14308770945731714,-0.059225655610499674,-0.04008790486084133
18,16,amygdala,0.925,-0.7258064516129032,0.2234110412386734,0.01287318388259608,-0.004474963921092923
18,16,amygdala,0.95,-0.618279569892473,0.15083285348964565,-0.04063163285032216,-0.10037853119354337
18,16,amygdala,0.975,-0.5107526881720431,0.02639235662910802,0.0674471336077205,0.01270743096957053
18,16,amygdala,1.0,-0.456989247311828,0.05314838987958525,0.2161721294104826,0.20765645846344186
18,16,amygdala,1.025,-0.48387096774193555,0.11384958570375939,0.26862284261180863,0.3153251659844995
18,16,amygdala,1.05,1.1290322580645162,0.19893723189172172,0.3324023249765167,0.3727353725115855
18,16,amygdala,1.075,1.1021505376344085,0.17328993521560662,0.2991371822384805,0.3936777716458011
18,16,amygdala,1.1,1.0752688172043012,0.16281130051747245,0.4061076704345355,0.40558162422930943
18,16,amygdala,1.125,2.8225806451612905,0.14271238387583357,0.33089474809407154,0.3196097457159131
18,16,amygdala,1.15,1.1827956989247312,0.08086931605047971,0.2130814856003021,0.17404708721595338
18,17,amygdala,-0.15,-0.7526881720430108,0.0076234509072726974,0.07496393392151486,0.04730676318815345
18,17,amygdala,-0.125,-0.7258064516129032,0.05762043836588966,0.01131011257049293,0.0739742497853862
18,17,amygdala,-0.1,-0.7258064516129032,0.18035044369164402,0.08864682825521486,0.1059176758290757
18,17,amygdala,-0.075,-0.7258064516129032,0.14427371604077818,0.08708573658735819,0.1524222623359546
18,17,amygdala,-0.05,-0.8064516129032258,0.22116257974512857,0.13103648070090224,0.270906551702134
18,17,amygdala,-0.025,-0.8602150537634408,0.1827829925834,0.2266199810422239,0.3163460286543485
18,17,amygdala,-0.0,-0.8870967741935483,0.09501452086626826,0.15919890308332993,0.3265710982841883
18,17,amygdala,0.025,-0.9408602150537634,0.08477903712393,0.16214991951941946,0.21620942699722911
18,17,amygdala,0.05,0.913978494623656,-0.009510581113326144,0.08986165893058629,0.13400734696440547
18,17,amygdala,0.075,0.9408602150537635,-0.07037380891288728,0.08003354015735095,-0.06732180793687573
18,17,amygdala,0.1,1.021505376344086,-0.04307246127553673,0.1409532470272201,-0.058372094453295144
18,17,amygdala,0.125,1.0483870967741935,0.058396152780918455,0.11289922870977569,0.05023018670098514
18,17,amygdala,0.15,-0.6451612903225806,0.26935766606068345,0.17507336453504138,0.10385862614865217
18,17,amygdala,0.175,-0.6451612903225806,0.3251713116957655,0.05983351684189989,0.1705208460700107
18,17,amygdala,0.2,-0.5913978494623655,0.33738719436772285,-0.0748019998810005,0.06571776550054778
18,17,amygdala,0.225,-0.5376344086021506,0.345205888602483,-0.06991995308716589,-0.010125020529015826
18,17,amygdala,0.25,1.1021505376344085,0.09495506011625031,-0.11038808246768439,-0.01662762868407647
18,17,amygdala,0.275,1.2096774193548387,-0.12165859372867165,-0.2093541633747558,-0.08161263995965055
18,17,amygdala,0.3,2.7688172043010755,0.04072268677605556,0.01836015051213738,0.03544970237291576
18,17,amygdala,0.325,2.741935483870968,-0.06871175948425422,0.09271231022066041,0.21898152623595663
18,17,amygdala,0.35,2.795698924731183,0.004678309396325561,0.22508598447673409,0.30119087676907247
18,17,amygdala,0.375,4.462365591397849,0.11315302150696403,0.31608061947003374,0.2941170082695156
18,17,amygdala,0.4,4.543010752688172,0.05577274494178149,0.10260559634098236,0.11408523236725068
18,17,amygdala,0.425,4.489247311827957,0.11490369792936117,-0.09814225269098534,-0.10424022610151824
18,17,amygdala,0.45,4.516129032258064,0.01319220300080051,-0.13536629975698258,-0.06456381123790791
18,17,amygdala,0.475,4.435483870967742,0.0968500632208775,-0.20786260737861578,-0.04073279915468805
18,17,amygdala,0.5,2.473118279569893,0.245069767232737,-0.05783509212705348,-0.058006709611110006
18,17,amygdala,0.525,4.139784946236559,0.2465942637306794,0.040525252286075925,-0.08113803211488635
18,17,amygdala,0.55,5.591397849462366,0.2394477316530226,-2.8077829696648997e-05,-0.09055100077169301
18,17,amygdala,0.575,3.870967741935484,0.16182585420053788,0.023659242991858037,-0.10945557256019733
18,17,amygdala,0.6,3.7634408602150535,0.0034535461073527235,-0.023088626798350064,0.03475827049980806
18,17,amygdala,0.625,2.150537634408602,-0.030106219788544056,0.0006981961917565876,0.08640876069179529
18,17,amygdala,0.65,-1.021505376344086,-0.08730419955491003,0.07391415857259082,0.06587447223225538
18,17,amygdala,0.675,0.5376344086021503,0.020789082043867445,0.06696833851378084,0.16401211015985034
18,17,amygdala,0.7,0.6720430107526882,0.08770643339082347,0.13952399191616374,0.1066516996198924
18,17,amygdala,0.725,0.6989247311827957,0.1238232612328034,0.08336672104199344,0.10761782059219689
18,17,amygdala,0.75,2.096774193548387,0.23564262808036554,0.021658531119169083,0.08099359677686745
18,17,amygdala,0.775,0.5913978494623657,0.27508316273516265,0.1494475813415221,0.12958093038618027
18,17,amygdala,0.8,0.6989247311827957,0.2895748597519184,0.0881548649200776,0.09180675238786501
18,17,amygdala,0.825,2.231182795698925,0.11098949862063677,0.015986484422477312,-0.07654639589790353
18,17,amygdala,0.85,0.8333333333333335,0.07427356921962032,0.002281740212339655,-0.07126050201614616
18,17,amygdala,0.875,2.5000000000000004,0.08883025294632976,-0.09355495420974538,-0.06975537206918594
18,17,amygdala,0.9,2.580645161290323,0.12321640882927051,0.06853403488887419,0.07613886835078361
18,17,amygdala,0.925,1.1021505376344085,0.23375540130624012,0.17438023790814958,0.21389910685826533
18,17,amygdala,0.95,1.0483870967741937,0.30449147331087995,0.326534863238162,0.2298549331421572
18,17,amygdala,0.975,-0.6451612903225805,0.3102176388349955,0.4407681970159735,0.08704386819399627
18,17,amygdala,1.0,2.580645161290323,0.28805238926395027,0.33207509092956505,-0.006258722008779019
18,17,amygdala,1.025,2.4731182795698925,0.2544146437886122,0.24738346076669954,-0.05507760033831656
18,17,amygdala,1.05,2.446236559139785,0.25808047425302827,0.1523122510174177,0.020642832205359233
18,17,amygdala,1.075,2.39247311827957,0.2710965533464347,0.19287252571379596,0.10780201888720653
18,17,amygdala,1.1,-0.9408602150537635,0.08517563633595213,0.15562120922547276,0.0406032287814808
18,17,amygdala,1.125,0.7795698924731185,0.1228111148326753,0.18948416319325803,0.052471194323060084
18,17,amygdala,1.15,2.4731182795698925,0.07829757828432389,0.20013015641986323,0.03390020480217594
18,18,amygdala,-0.15,-0.510752688172043,-0.10074009432899883,-0.09348073607404314,0.09539456688671329
18,18,amygdala,-0.125,-0.5913978494623656,-0.10535050370846272,-0.12069523741384842,0.014750945639393179
18,18,amygdala,-0.1,-0.48387096774193555,-0.08529489851346475,-0.13752975884341603,-0.07008728094904855
18,18,amygdala,-0.075,-0.5107526881720431,-0.053700477887520276,-0.06334229971988123,-0.07106852781071353
18,18,amygdala,-0.05,-0.40322580645161293,-0.13706912498761828,-0.1345018976403432,-0.11434569373808906
18,18,amygdala,-0.025,-0.37634408602150543,-0.11382575344377585,-0.04492058614447818,0.03162438648437915
18,18,amygdala,-0.0,-0.40322580645161293,-0.024352757599684912,0.10628658362031156,0.09022256580606157
18,18,amygdala,0.025,-0.40322580645161293,-0.1451974585773091,0.08304125637828429,-0.022738335437487288
18,18,amygdala,0.05,-0.37634408602150543,-0.23016327626221456,0.050715754431887784,-0.03631718465642562
18,18,amygdala,0.075,-0.456989247311828,-0.2341266107102209,0.04909736203369758,-0.05736900726424821
18,18,amygdala,0.1,-0.5645161290322581,-0.23075274214581468,0.13666942178581692,0.0657356349529703
18,18,amygdala,0.125,-0.510752688172043,-0.10440864219545457,0.1405254748619687,0.07691672479258561
18,18,amygdala,0.15,-0.6989247311827957,-0.0654412007236941,0.06013254874758322,-0.00521213103109068
18,18,amygdala,0.175,-0.7795698924731184,0.03699040621113707,-0.016040087649077137,-0.0009820461825965595
18,18,amygdala,0.2,-0.8064516129032258,0.03721809713816555,-0.1862645375870312,-0.16888835661605603
18,18,amygdala,0.225,-0.7526881720430109,-0.03749674109042269,-0.20589227101502386,-0.11786800646942168
18,18,amygdala,0.25,-0.5645161290322579,0.006087802898607198,-0.15875375514599988,-0.10762966450576263
18,18,amygdala,0.275,-0.456989247311828,-0.06510814314519259,-0.05744000851086238,-0.2054776077014039
18,18,amygdala,0.3,1.2365591397849462,-0.07276283166079608,-0.08365057077483208,-0.144564980458589
18,18,amygdala,0.325,1.182795698924731,0.09092218318552489,-0.033665064911258494,-0.17843147101095172
18,18,amygdala,0.35,1.1021505376344085,0.08170630534668784,-0.11117262934543648,-0.143830363829854
18,18,amygdala,0.375,1.0483870967741935,0.07260842709105159,-0.15945440624036555,-0.12100375046479803
18,18,amygdala,0.4,1.129032258064516,0.014316771104632245,-0.16934213727761477,-0.008590062662779346
18,18,amygdala,0.425,1.1559139784946237,-0.027426099825585377,-0.054717261890651264,0.10464423328286081
18,18,amygdala,0.45,1.1827956989247312,0.07644742368345771,0.065213093548157,0.004183354164496362
18,18,amygdala,0.475,2.8225806451612905,0.10481290548351016,-0.0482065149455861,-0.06105933663506707
18,18,amygdala,0.5,1.1021505376344085,0.19332693969290457,0.016001097116941917,-0.06578977404081594
18,18,amygdala,0.525,1.075268817204301,0.06220866420488517,-0.09313544173902112,-0.24189388733119072
18,18,amygdala,0.55,0.9946236559139785,0.10400342864990329,-0.05150379246426988,-0.13857787785099324
18,18,amygdala,0.575,0.9408602150537636,0.04511416657263801,0.0777260658366182,-0.10999501013701928
18,18,amygdala,0.6,0.9408602150537636,-0.029997349572000235,0.0889587053670159,-0.10105490104042633
18,18,amygdala,0.625,0.913978494623656,0.12421594108762286,0.2111575911012359,0.11464380171317473
18,18,amygdala,0.65,0.9408602150537635,-0.027620544090552764,0.09178915935810299,0.09104788454587114
18,18,amygdala,0.675,1.1021505376344085,0.03151177785564784,0.14419221301570007,0.16614714021020877
18,18,amygdala,0.7,2.795698924731183,0.07096188184655153,0.027395038251608543,0.050391345449830115
18,18,amygdala,0.725,2.8225806451612905,0.07534668716679421,-0.08955400741646515,0.015133190558076463
18,18,amygdala,0.75,2.9301075268817205,0.1774856095764756,-0.07004367586686948,-0.10712970335655916
18,18,amygdala,0.775,1.2365591397849462,0.11233518021966589,-0.13428971297529727,-0.1919117043086894
18,18,amygdala,0.8,2.903225806451613,0.1742468914437377,-0.125340621072134,-0.16018999936088155
18,18,amygdala,0.825,2.9301075268817205,0.2908095708868219,-0.12403794984845971,-0.10902245505900189
18,18,amygdala,0.85,2.8225806451612905,0.21388078896999124,-0.13261437108933144,-0.03623343472386104
18,18,amygdala,0.875,2.903225806451613,0.19661692627460778,-0.0826906899405408,0.022422787001496025
18,18,amygdala,0.9,-0.34946236559139787,0.04376896675314673,-0.16349344016701975,0.14749866023742694
18,18,amygdala,0.925,-0.43010752688172044,-0.044047579913506475,-0.3183753535572158,0.14931852561874207
18,18,amygdala,0.95,1.2634408602150538,-0.10895129157658741,-0.29628915903273784,0.061271758358877694
18,18,amygdala,0.975,1.2634408602150538,-0.057713584238153086,-0.2535910695840426,0.06981137624861675
18,18,amygdala,1.0,1.182795698924731,0.0002644803054681078,-0.1379264793016182,0.19677334726827217
18,18,amygdala,1.025,1.2096774193548387,0.1136689394493367,0.11039993587655177,0.11100399088456636
18,18,amygdala,1.05,-0.37634408602150543,0.1464998128675797,0.20182142052386856,0.14285723787786522
18,18,amygdala,1.075,-0.510752688172043,0.06554601717233995,0.19221883986000673,0.17373236666883726
18,18,amygdala,1.1,-0.5376344086021506,0.03387741705769543,0.22727410033511444,0.10763465067032175
18,18,amygdala,1.125,-0.456989247311828,-0.04764961587706305,0.15663543942566477,0.1368659179447556
18,18,amygdala,1.15,-0.5645161290322581,0.05627392867832287,0.23048497737068094,0.11088721246803154
18,19,amygdala,-0.15,10.268817204301076,0.05949178330225117,0.010138633703443568,-0.08128605325828198
18,19,amygdala,-0.125,7.069892473118282,0.07655317686165375,0.06936841075831279,-0.06858415812027206
18,19,amygdala,-0.1,1.1559139784946257,0.03434661659602855,0.07570429641762814,-0.04677416910056061
18,19,amygdala,-0.075,-2.553763440860215,-0.02014302560858796,0.07631546306046154,-0.03618143467806743
18,19,amygdala,-0.05,-2.231182795698925,-0.06930890175362901,0.058548383868774125,0.00941545314924803
18,19,amygdala,-0.025,1.397849462365592,-0.1966033930821861,-0.041859621777519194,-0.001216260196925497
18,19,amygdala,-0.0,9.462365591397846,-0.16414003667592963,-0.05734891199592849,-0.008641616876098813
18,19,amygdala,0.025,11.10215053763441,-0.1239769810121688,-0.030924708908399438,-0.04356768066162897
18,19,amygdala,0.05,5.913978494623656,-0.044551004631114,0.02121356009392999,0.033830445060403246
18,19,amygdala,0.075,1.263440860215054,0.02316931074833539,0.06338009268096555,0.07340746651303201
18,19,amygdala,0.1,-6.908602150537633,0.03230304218442882,0.09309980554097178,0.1301010103072554
18,19,amygdala,0.125,-6.586021505376343,0.1489405124234834,0.11760998392016166,0.22136857629148632
18,19,amygdala,0.15,-4.784946236559138,0.14937212806744815,0.11986276671807448,0.2808459665192109
18,19,amygdala,0.175,-0.7258064516129021,0.06107426737006301,0.015825628982707042,0.2096832537692752
18,19,amygdala,0.2,4.193548387096776,0.033923671218257255,-0.017240313507188947,0.14794771238768312
18,19,amygdala,0.225,4.408602150537636,-0.07513142566127098,-0.06027249368776279,0.04196507238251889
18,19,amygdala,0.25,5.215053763440862,-0.18644272941591855,-0.1521785359589038,-0.11869824655883922
18,19,amygdala,0.275,12.338709677419354,-0.09957857518310564,-0.04722204721027642,-0.046387377923753054
18,19,amygdala,0.3,20.26881720430108,-0.1575863535280648,0.015581855789553845,0.002070846312388031
18,19,amygdala,0.325,37.876344086021504,-0.14928563370966277,0.018241256240001044,-0.004970300801217436
18,19,amygdala,0.35,46.31720430107527,-0.1515455614371961,-0.006544989229987292,-0.046345599412342446
18,19,amygdala,0.375,34.6505376344086,-0.190539577814118,-0.03003069432939903,-0.0674617195574641
18,19,amygdala,0.4,25.134408602150536,-0.18108649272099567,-0.12060643362863188,-0.1363453963748903
18,19,amygdala,0.425,16.4247311827957,-0.1390150533117835,-0.026812392576586495,-0.017588525196328177
18,19,amygdala,0.45,19.67741935483871,-0.15081685540054904,-0.06678526410342892,0.034113336340600375
18,19,amygdala,0.475,19.24731182795699,-0.11397966542188655,-0.1365378774379333,0.0409942395493406
18,19,amygdala,0.5,25.053763440860212,-0.14204921743604793,-0.10632199347073365,0.08225099756487432
18,19,amygdala,0.525,16.774193548387096,-0.1685671972670355,-0.25207940812611296,-0.049672314393467025
18,19,amygdala,0.55,7.338709677419352,-0.1384389503769855,-0.2568839755624137,-0.06866268233505697
18,19,amygdala,0.575,12.473118279569892,-0.08679232125602614,-0.19899282278071126,-0.059563853445731896
18,19,amygdala,0.6,6.532258064516128,0.002226152398274602,-0.13991873766882756,-0.0170250064095319
18,19,amygdala,0.625,8.306451612903226,0.10021732770404305,-0.048753005942497804,0.059142160015483315
18,19,amygdala,0.65,3.279569892473118,0.15034632846654494,0.03165052490387908,0.12427075590762454
18,19,amygdala,0.675,-1.3978494623655884,0.12776686895546535,0.01350917301195458,0.08576930857871351
18,19,amygdala,0.7,-1.4516129032258078,0.0801515883608989,-0.016420559360690003,0.062311968314717164
18,19,amygdala,0.725,-5.698924731182796,0.11211217166488519,0.07566178417600815,0.11051635900901358
18,19,amygdala,0.75,-4.35483870967742,-0.06671037571889835,0.020238263395949443,0.14953546866682146
18,19,amygdala,0.775,-4.220430107526878,-0.20516226235280358,0.002177190839380689,0.1241758263623521
18,19,amygdala,0.8,-7.553763440860215,-0.2250689060384342,-0.06614610859053298,0.04146472478809529
18,19,amygdala,0.825,-7.284946236559137,-0.18150760356717494,-0.1584384744225214,-0.04575757959055039
18,19,amygdala,0.85,-3.413978494623656,-0.14092839481003644,-0.15066157891202459,-0.07946232333263746
18,19,amygdala,0.875,-3.118279569892474,-0.08504833741679406,-0.07771570928032226,-0.08913329634403268
18,19,amygdala,0.9,-1.6397849462365572,-0.21107339284758653,-0.09842826963861522,-0.13872202574711115
18,19,amygdala,0.925,-1.3978494623655928,-0.27116037832966533,-0.07890789815144171,-0.13673314657199082
18,19,amygdala,0.95,-6.370967741935485,-0.27326452874913615,-0.07608839868647714,-0.1222025797085845
18,19,amygdala,0.975,-7.526881720430107,-0.16006952050921222,-0.12848618315557495,-0.07909764439086547
18,19,amygdala,1.0,-8.81720430107527,-0.12308434702026641,-0.14229961835339525,-0.09462950003950364
18,19,amygdala,1.025,-8.225806451612904,-0.07303727246452582,-0.1676232021990436,-0.09080857687189568
18,19,amygdala,1.05,-1.8548387096774182,-0.001395340186874119,-0.09879008523068764,0.00766168611701789
18,19,amygdala,1.075,-1.2096774193548399,-0.03717195933709194,-0.12345948918017127,-0.09807931544626847
18,19,amygdala,1.1,-1.3709677419354822,-0.13271755869219232,-0.06385132928683528,-0.057012829125214694
18,19,amygdala,1.125,-2.473118279569891,-0.19147650649761536,-0.06310798230287759,-0.06156320424490185
18,19,amygdala,1.15,-7.446236559139785,-0.22375984503477184,-0.039032592392866584,-0.06993445009520094
18,20,amygdala,-0.15,1.0752688172043012,-0.2514495513709655,0.0071990306786141114,-0.03438102095391941
18,20,amygdala,-0.125,1.0483870967741935,-0.06089127027196291,0.04019661939075582,-0.04296880003839415
18,20,amygdala,-0.1,1.129032258064516,0.11064749215909424,0.15347043270824381,0.056633662312357204
18,20,amygdala,-0.075,1.0483870967741935,0.13077601031940367,0.12893863477387593,-0.00854218455376928
18,20,amygdala,-0.05,1.021505376344086,0.27520906426979896,0.0926580194058622,-0.04116768766706079
18,20,amygdala,-0.025,-0.5913978494623655,0.15936477224423176,0.051886204916726616,-0.1389809060269463
18,20,amygdala,-0.0,-0.6451612903225806,0.046759119872586956,-0.07957038138633392,-0.2525975582078909
18,20,amygdala,0.025,1.1021505376344085,0.05676399474946279,-0.23699841344473524,-0.30888253214537
18,20,amygdala,0.05,1.1559139784946235,0.14621212811022966,0.019998422310798427,-0.035426702732095104
18,20,amygdala,0.075,2.688172043010753,0.08448592618240089,0.19041591653764386,0.08909424942871365
18,20,amygdala,0.1,2.688172043010753,0.048295227621357885,0.22611506061908015,0.16350330877917726
18,20,amygdala,0.125,0.9408602150537635,-0.012770994375349228,0.2396265232330608,0.22027742966669644
18,20,amygdala,0.15,1.021505376344086,-0.0802723534265702,0.09771890051738856,0.11106216562691688
18,20,amygdala,0.175,-0.5376344086021506,-0.041646310855197176,-0.13716537244968613,-0.03324063343488215
18,20,amygdala,0.2,-0.5107526881720431,-0.09370411491169896,-0.19006604283715067,-0.14650383929466596
18,20,amygdala,0.225,-0.40322580645161293,-0.08291450486469441,-0.14067712017838324,-0.12000053235438411
18,20,amygdala,0.25,1.317204301075269,-0.05571915713914422,-0.0959750544525932,-0.13002360993577491
18,20,amygdala,0.275,3.010752688172043,0.0064587068862154914,-0.09505696840771272,-0.02826634072555486
18,20,amygdala,0.3,6.397849462365592,0.002450494651638914,-0.10047028071719548,0.0
18,20,amygdala,0.325,6.317204301075269,0.10959504354724907,0.018819350912153882,0.10516696097968344
18,20,amygdala,0.35,9.516129032258064,0.09468492498604109,-0.09185802434301242,0.07297952694531512
18,20,amygdala,0.375,7.876344086021506,0.07714078332989589,-0.04654033812731505,0.05992154975827412
18,20,amygdala,0.4,4.596774193548387,0.07078025851050634,-0.09078337504608425,0.04370644327279197
18,20,amygdala,0.425,4.731182795698925,0.13828308456154514,-0.033550650024768335,0.08358810595851372
18,20,amygdala,0.45,3.145161290322581,0.1722980810974417,-0.038446679253148146,-0.049838287920747605
18,20,amygdala,0.475,4.78494623655914,0.14484003782607274,0.10693196708959109,0.09174120266613416
18,20,amygdala,0.5,4.67741935483871,0.11749066042500418,0.055196954562082505,0.11867345230847738
18,20,amygdala,0.525,6.263440860215054,0.10477822947207462,-0.04271727816938427,0.07100007297793029
18,20,amygdala,0.55,4.543010752688172,0.11752489222322877,0.018666163616640395,0.15849200993764037
18,20,amygdala,0.575,4.408602150537634,0.10857545231852132,-0.0068518489327222196,0.12922982386090992
18,20,amygdala,0.6,4.354838709677419,0.13391607860133406,-0.052537506971652596,0.11851339109747865
18,20,amygdala,0.625,4.354838709677419,0.10842724870143684,-0.05740638007049834,0.07441333628081118
18,20,amygdala,0.65,4.381720430107527,0.012742738724251967,-0.04054219609034395,0.03426592179332432
18,20,amygdala,0.675,4.462365591397849,-0.07865802477486185,-0.07252707809005463,-0.06895630694395813
18,20,amygdala,0.7,9.435483870967742,-0.1257380162317342,-0.08726224914798635,-0.13604873121222483
18,20,amygdala,0.725,7.688172043010753,-0.0929952762465567,-0.0591299444342268,-0.15209162412144586
18,20,amygdala,0.75,5.940860215053764,-0.12631208200605304,-0.0444507401810854,-0.19570322328305997
18,20,amygdala,0.775,5.940860215053764,-0.2075846696132165,-0.08883958620883177,-0.20994324269840672
18,20,amygdala,0.8,0.9139784946236559,-0.0600254139998033,0.0046502869153772185,-0.10420313969588688
18,20,amygdala,0.825,0.9139784946236559,-0.0990310360110384,-0.060665345875678296,-0.10295114840342863
18,20,amygdala,0.85,2.526881720430108,-0.006652219778936066,-0.06718426705645857,-0.012106409455504497
18,20,amygdala,0.875,0.8333333333333336,0.03695628372144,-0.11248759747608553,-0.07403473697584342
18,20,amygdala,0.9,0.860215053763441,0.0926055003965343,-0.05387361426859095,-0.032990523591312736
18,20,amygdala,0.925,0.9946236559139786,0.14915871739048073,-0.049512105021542824,-0.05013450734739503
18,20,amygdala,0.95,-0.5376344086021506,0.022007821667221657,-0.055678470984438025,-0.12025231899005848
18,20,amygdala,0.975,-0.48387096774193555,-0.04046548673662049,0.022745306270257264,-0.11028828738020094
18,20,amygdala,1.0,-0.34946236559139787,-0.023360173988461255,0.15786482358868945,0.07599402512912948
18,20,amygdala,1.025,-0.43010752688172044,0.030917131834758048,0.2697206517676318,0.22133009164510253
18,20,amygdala,1.05,1.2096774193548387,0.10566721653740484,0.2766433336063948,0.24781596503080927
18,20,amygdala,1.075,1.1827956989247312,0.20376983188353248,0.32512083938106,0.365402491577904
18,20,amygdala,1.1,1.2096774193548387,0.27179277203903734,0.34037997626832417,0.33210833103777354
18,20,amygdala,1.125,2.956989247311828,0.2081952833124049,0.24625574661277896,0.2247614411433446
18,20,amygdala,1.15,2.903225806451613,0.08200711916359618,0.14791584311032013,0.09731006426387001
18,22,amygdala,-0.15,1.1021505376344085,-0.22901083735065406,-0.0609315658196063,-0.07606743248817092
18,22,amygdala,-0.125,2.741935483870968,-0.0744843693082574,-0.07257858587179877,-0.13254723800569643
18,22,amygdala,-0.1,2.849462365591398,0.04246849586710903,0.022452739590032397,0.0023070108695981183
18,22,amygdala,-0.075,2.795698924731183,0.2353589677688207,0.08940584165244164,0.016429278594252094
18,22,amygdala,-0.05,1.0752688172043012,0.3247568257206983,-0.029673212502398832,-0.0751340957592791
18,22,amygdala,-0.025,-0.5376344086021506,0.27223617114969195,-0.017788985877667883,-0.12762788776959538
18,22,amygdala,-0.0,-0.6451612903225806,0.1811335670726627,-0.12789989744781732,-0.21457847352342663
18,22,amygdala,0.025,-0.5913978494623655,0.09979836854439265,-0.23389846350715662,-0.25146145466776443
18,22,amygdala,0.05,-0.510752688172043,0.17591535859704918,0.010599618703125287,-0.06915293406918485
18,22,amygdala,0.075,-0.6451612903225806,0.09863074095767523,0.14872117581075653,0.0660172478767552
18,22,amygdala,0.1,-0.6451612903225806,0.0670810617237563,0.21203329704799456,0.1249829296819601
18,22,amygdala,0.125,0.9946236559139786,-0.04349672650646346,0.2257444058674537,0.10907224719956411
18,22,amygdala,0.15,0.9946236559139786,-0.08326859521817453,0.14448843542547604,0.045088802821962475
18,22,amygdala,0.175,1.129032258064516,-0.11653325514527649,-0.17575507333385965,-0.20689428741366303
18,22,amygdala,0.2,1.1827956989247312,-0.2373716121080355,-0.25653407311959947,-0.31327924815736463
18,22,amygdala,0.225,-0.4301075268817205,-0.2530106627523918,-0.2675814125612503,-0.3051878239726849
18,22,amygdala,0.25,-0.40322580645161293,-0.24958708944940983,-0.2787049892181044,-0.28258975185554336
18,22,amygdala,0.275,-0.40322580645161293,-0.24523900649741384,-0.16565483246620832,-0.12605876558368734
18,22,amygdala,0.3,-0.34946236559139787,-0.10574519011443391,0.004958527497550738,0.07397388429679398
18,22,amygdala,0.325,2.956989247311828,0.06040984101338706,0.08728241925769023,0.09986334779912127
18,22,amygdala,0.35,2.8763440860215055,-0.0010138216144055972,0.02990773762496511,0.09479232094692333
18,22,amygdala,0.375,2.903225806451613,-0.011350290122148634,0.0003913893145568494,0.06778151311189073
18,22,amygdala,0.4,4.56989247311828,0.011552889523946909,0.010709345209499989,0.06741019347623625
18,22,amygdala,0.425,1.3440860215053765,0.11025551451628414,0.08400027610623816,0.15402798420461825
18,22,amygdala,0.45,1.4516129032258065,0.08662314107698636,0.03178966096245614,0.07944958543476288
18,22,amygdala,0.475,3.1182795698924735,0.16442951969345518,0.1812260835331092,0.219534036149864
18,22,amygdala,0.5,3.064516129032258,-0.04536346673482192,-0.161715564619556,-0.024932592403871585
18,22,amygdala,0.525,4.650537634408602,-0.01752013049134594,-0.11437670094350369,0.03974167964703629
18,22,amygdala,0.55,6.236559139784947,-0.00325508845272768,0.04709489676286856,0.154512815702882
18,22,amygdala,0.575,4.462365591397849,-0.03613902068557234,0.003403226163215333,0.1296142993018868
18,22,amygdala,0.6,2.7688172043010755,-0.011054208266823195,-0.05793929850196985,0.0655311254438398
18,22,amygdala,0.625,1.0483870967741935,-0.051066049962114224,-0.11386049128734593,-0.01924090150651976
18,22,amygdala,0.65,-0.5645161290322581,0.0021022037039673085,-0.1521025233808962,-0.05675950000711734
18,22,amygdala,0.675,1.1559139784946235,-0.07263024959961292,-0.1757901675167594,-0.142865353950005
18,22,amygdala,0.7,1.1827956989247312,-0.1723296540695626,-0.0918973170723167,-0.11830581606876461
18,22,amygdala,0.725,1.129032258064516,-0.16967458166226493,-0.048418385197943316,-0.11197358019724765
18,22,amygdala,0.75,1.1021505376344085,-0.1984992743085579,-0.06254521861314619,-0.13141166551680333
18,22,amygdala,0.775,-0.6720430107526882,-0.2739800946006466,-0.17561881386163206,-0.1527026628837105
18,22,amygdala,0.8,0.9139784946236559,-0.1822806530981757,-0.10507943531541894,-0.11460344175757277
18,22,amygdala,0.825,2.7150537634408605,-0.2265405360956512,-0.19313856112963082,-0.16418328871326637
18,22,amygdala,0.85,2.580645161290323,-0.1645378653312181,-0.09272368356411308,-0.05115360261053755
18,22,amygdala,0.875,4.327956989247312,-0.003058760664166577,0.012846794789499624,-0.07395761311148027
18,22,amygdala,0.9,2.688172043010753,0.09084683601891108,0.007021382580444654,0.012379806128678733
18,22,amygdala,0.925,2.634408602150538,0.09903338117021081,-0.034157915589725314,-0.01886057569432675
18,22,amygdala,0.95,2.741935483870968,0.05106577367535689,-0.0907245660829627,-0.1367587671991198
18,22,amygdala,0.975,1.129032258064516,-0.05471297133343947,0.01398464804329728,0.0015084564181534143
18,22,amygdala,1.0,1.2096774193548387,-0.09073703448930094,0.16423910153370674,0.138386650366364
18,22,amygdala,1.025,1.2634408602150538,-0.0012830408710807872,0.25297289174809523,0.21494498593022857
18,22,amygdala,1.05,1.2634408602150538,0.1741735630134091,0.23916315106558028,0.29883474235276003
18,22,amygdala,1.075,2.9838709677419355,0.1573940936995827,0.15086762694058362,0.26777485998986383
18,22,amygdala,1.1,2.956989247311828,0.26715395203772047,0.16592593067252162,0.26627370837367526
18,22,amygdala,1.125,1.3172043010752688,0.18979876004949683,-0.014532771911027047,0.13033961230908067
18,22,amygdala,1.15,1.2903225806451613,0.02112584793708498,-0.06249730014720973,0.06601827480339056
18,23,amygdala,-0.15,-0.510752688172043,0.1610819516201355,-0.03542116213636487,-0.011941991805974444
18,23,amygdala,-0.125,-0.4838709677419355,0.18420721035060622,0.05667134319537088,0.006860037369505241
18,23,amygdala,-0.1,-0.4032258064516129,0.06711678675816775,-0.031247815474294494,-0.01382679158897773
18,23,amygdala,-0.075,-0.2688172043010753,-0.045503584308776705,0.013271878756726538,-0.09277950025276846
18,23,amygdala,-0.05,-0.29569892473118276,-0.1021853846764088,-0.005407260602807263,-0.13135301668717206
18,23,amygdala,-0.025,-0.32258064516129037,-0.12318946394924787,-0.05703215923576291,-0.025094150063735682
18,23,amygdala,-0.0,-0.3225806451612903,-0.05931344560519343,-0.03878186828031878,-0.02281286369430516
18,23,amygdala,0.025,-0.37634408602150543,-0.03207602177701968,0.010050486823466166,-0.0587703999003394
18,23,amygdala,0.05,-0.37634408602150543,0.0018120489291839615,-0.03695004120814252,-0.07720904133044705
18,23,amygdala,0.075,-0.34946236559139787,-0.058022122823873326,-0.0027982300368960193,-0.1649309704099889
18,23,amygdala,0.1,-0.2688172043010753,-0.022330555388572752,-0.04929229372220885,-0.1840092787974178
18,23,amygdala,0.125,-0.2688172043010753,0.04529749923491449,-0.08420636118010037,-0.2184089612791737
18,23,amygdala,0.15,-0.2150537634408602,0.05377043538842525,-0.08603269662148041,-0.13980313200990568
18,23,amygdala,0.175,-0.1881720430107527,0.15128340974250765,-0.10799640617539195,-0.10229686881581712
18,23,amygdala,0.2,-0.2688172043010753,0.25447384920506105,-0.00012365104431732798,0.1201888150764428
18,23,amygdala,0.225,1.3172043010752688,0.08937688149130169,0.09568491018058634,0.0835419549537134
18,23,amygdala,0.25,1.1559139784946237,-0.0726837020336652,0.2043385067654399,0.10156326730097193
18,23,amygdala,0.275,1.1559139784946237,-0.01799225417993441,0.26156695119042767,0.11723129887404776
18,23,amygdala,0.3,1.1559139784946235,-0.19142612242989723,0.22479169911895777,-0.04362371675622913
18,23,amygdala,0.325,-0.37634408602150543,-0.151938582577589,0.2842024834291878,0.053527265119649614
18,23,amygdala,0.35,-0.24193548387096775,-0.12250328519515542,0.29339276896279626,0.07052169317458029
18,23,amygdala,0.375,-0.24193548387096775,-0.07589312435003971,0.333591866792041,0.18366829180603217
18,23,amygdala,0.4,-0.24193548387096775,0.07547763041769581,0.2622527836547058,0.17270305265065994
18,23,amygdala,0.425,-0.2688172043010753,0.15193066840161268,0.20094056143439096,0.1960395721311131
18,23,amygdala,0.45,-0.2956989247311828,0.24723416362032627,0.28982127449937034,0.22856530037121797
18,23,amygdala,0.475,-0.2956989247311828,0.1830859796191903,0.28068787060033457,0.1974707177747728
18,23,amygdala,0.5,-0.32258064516129037,0.1800513447587629,0.18630684290809593,0.14939117290841356
18,23,amygdala,0.525,-0.43010752688172044,0.05724124083734419,0.24817660401555555,0.1337728585731056
18,23,amygdala,0.55,-0.4301075268817204,0.07528043675022021,0.17796221982120183,0.10821333827744552
18,23,amygdala,0.575,1.1827956989247312,0.050555506578823614,0.07801512909953201,0.14428718965338638
18,23,amygdala,0.6,4.56989247311828,0.014995905094502887,0.17351896819065782,0.1526241999547154
18,23,amygdala,0.625,7.983870967741936,-0.04151136415316864,-0.011838707144230909,0.08351600777068023
18,23,amygdala,0.65,9.516129032258064,-0.001985604918770742,0.0516257278880393,0.13303552955763973
18,23,amygdala,0.675,7.795698924731183,-0.06070895725887749,0.18432623730332592,0.2259524642570688
18,23,amygdala,0.7,4.381720430107527,-0.004939245263802507,0.15550551918782138,0.21755277014879143
18,23,amygdala,0.725,2.7150537634408605,0.03250862732450408,0.20231535992320462,0.1950840465958075
18,23,amygdala,0.75,2.849462365591398,-0.0046296803922276746,0.2416557991592708,0.27612495244446955
18,23,amygdala,0.775,6.182795698924731,0.05318640306027541,0.05739987135466086,0.0915911304648379
18,23,amygdala,0.8,7.903225806451614,-0.09718910055323556,-0.10418955861867882,0.07494399015238529
18,23,amygdala,0.825,6.290322580645162,-0.024646822593265807,-0.10122802136519887,0.03961096488203434
18,23,amygdala,0.85,4.489247311827957,0.0692278800858957,-0.09605450854625472,0.09173189067625837
18,23,amygdala,0.875,1.2365591397849462,0.08262384093838557,-0.19315833392888299,0.15901453377580327
18,23,amygdala,0.9,1.2634408602150538,0.1270268161098684,-0.2458698317420702,0.06959788580137326
18,23,amygdala,0.925,1.2365591397849462,0.029088024471183523,-0.25625164415090246,0.057760505735635854
18,23,amygdala,0.95,2.956989247311828,-0.07834168610002348,-0.06117693465114193,0.019365360608994565
18,23,amygdala,0.975,2.9838709677419355,-0.0020110624315520455,-0.01153515055078909,-0.14517594081354954
18,23,amygdala,1.0,1.3440860215053765,0.02349927265308654,0.16502991828174612,-0.029466688650805543
18,23,amygdala,1.025,1.2903225806451613,0.0380573199446212,0.12479613688719754,0.0313792657968113
18,23,amygdala,1.05,-0.37634408602150543,0.03168281371262084,-0.10415487861214874,-0.06264470112519402
18,23,amygdala,1.075,-0.48387096774193555,0.0767505186653852,-0.014426254897289997,0.10752179142659983
18,23,amygdala,1.1,-0.6182795698924731,0.04841436290217746,-0.05307145592683581,0.16516509775645977
18,23,amygdala,1.125,-0.6182795698924731,-0.007972527375851858,0.015976817808978024,0.165580817570979
18,23,amygdala,1.15,-0.4838709677419355,0.03191494386785128,0.1345420678065443,0.263753732726069
18,24,amygdala,-0.15,1.075268817204301,-0.31309043448043894,-0.03556981242274732,-0.03797917583106175
18,24,amygdala,-0.125,1.0483870967741937,-0.08843538815311867,0.011849593617131558,-0.03542404828700381
18,24,amygdala,-0.1,1.1559139784946235,0.022891345211267563,0.06998302469051394,0.014430806186182619
18,24,amygdala,-0.075,1.1021505376344085,0.05835224306366152,0.08586070386558362,-0.04300976434850174
18,24,amygdala,-0.05,1.0483870967741935,0.18843972165348946,0.05628556968137489,-0.07309328273304308
18,24,amygdala,-0.025,-0.48387096774193555,0.07017239243671318,0.11558202715777852,-0.0938893116112369
18,24,amygdala,-0.0,-0.5913978494623655,0.0006448262237467366,-0.005223092412348566,-0.19905785527061762
18,24,amygdala,0.025,1.1559139784946237,-0.00805128824640541,-0.18745642839274232,-0.2824550302837308
18,24,amygdala,0.05,1.2096774193548387,0.1049305370909793,0.09935451821174852,-0.010138216144055969
18,24,amygdala,0.075,1.0483870967741935,0.07830086729636142,0.21987232787998578,0.06239746533652696
18,24,amygdala,0.1,1.1021505376344085,0.05447691717701661,0.28197760570284336,0.18055206835811216
18,24,amygdala,0.125,-0.6182795698924731,-0.01964866301008009,0.23532199695928205,0.20520225961781133
18,24,amygdala,0.15,-0.5376344086021506,-0.026992544339297198,0.10218606071305368,0.13110664393372926
18,24,amygdala,0.175,-0.4032258064516129,-0.0768163622641456,-0.16099867707416815,-0.017888741897129794
18,24,amygdala,0.2,-0.37634408602150543,-0.11900204079274301,-0.24256600468266218,-0.14847634080340447
18,24,amygdala,0.225,-0.40322580645161293,-0.13158774767857154,-0.1872341350438309,-0.10095448081851915
18,24,amygdala,0.25,1.317204301075269,-0.1587830694215692,-0.17439324858052524,-0.13002360993577491
18,24,amygdala,0.275,2.9838709677419355,-0.015389800159064885,-0.12286129243931275,-0.07401061413010918
18,24,amygdala,0.3,4.67741935483871,-0.05246958649690187,-0.08668888203835963,-0.025094150063735682
18,24,amygdala,0.325,6.344086021505377,0.09505696840771272,0.05964805771387248,0.08491299935700956
18,24,amygdala,0.35,6.236559139784947,0.018283901096172502,-0.033658999745226646,0.07327411878693373
18,24,amygdala,0.375,6.263440860215054,0.06105826791163422,-0.015798293096017244,0.09614186474197882
18,24,amygdala,0.4,6.317204301075269,0.09686766555982719,-0.02345798168827724,0.1148455473242884
18,24,amygdala,0.425,4.78494623655914,0.2123932197842798,0.051081913619004,0.16399982793469703
18,24,amygdala,0.45,6.532258064516129,0.21680749957452097,0.011585133565050736,0.024825286210823007
18,24,amygdala,0.475,4.811827956989247,0.08573873010739716,0.07404485173171778,0.08996424918432332
18,24,amygdala,0.5,2.9838709677419355,-0.014469040806046635,-0.08058506650561122,-0.013838237937118171
18,24,amygdala,0.525,6.236559139784947,0.06324399262273554,-0.1428280403882623,-0.05588923319540699
18,24,amygdala,0.55,2.7688172043010755,0.13310537851507298,-0.011385528050980285,0.060218255298537346
18,24,amygdala,0.575,2.7150537634408605,0.07421438170611612,-0.08456758375989228,0.004732892367440531
18,24,amygdala,0.6,2.6612903225806455,0.013851352150153907,-0.15826041484146103,-0.04697415077008716
18,24,amygdala,0.625,-0.7526881720430108,0.034234514683917645,-0.13305483338586144,-0.028704801785789387
18,24,amygdala,0.65,1.0483870967741935,-0.06306753243281454,-0.18591268950330464,-0.11777869906597604
18,24,amygdala,0.675,2.661290322580645,-0.05665108933020606,-0.15263591063735915,-0.12197728746735784
18,24,amygdala,0.7,6.021505376344086,-0.09830611854871271,-0.1259475246668897,-0.16565123286041863
18,24,amygdala,0.725,5.994623655913979,-0.0694250257004159,-0.11237331546411154,-0.19418417753832729
18,24,amygdala,0.75,4.220430107526882,-0.038476835967994095,-0.12798451869824548,-0.2601034111436401
18,24,amygdala,0.775,2.526881720430108,-0.07489424687756982,-0.20162935526570752,-0.22462422950233638
18,24,amygdala,0.8,0.8602150537634409,0.013992304206559225,-0.05010147635251852,-0.07543807880826663
18,24,amygdala,0.825,0.8870967741935483,-0.019385728408311705,-0.10171991150182418,-0.06770820263585942
18,24,amygdala,0.85,0.8064516129032259,0.040069281934289006,-0.026649852607239385,0.08996687830529042
18,24,amygdala,0.875,0.860215053763441,0.020652031356554933,-0.1114181909422847,-0.06291964141133921
18,24,amygdala,0.9,-0.7795698924731185,0.07124239070349904,-0.046426596512434457,0.011660065659270191
18,24,amygdala,0.925,-0.6989247311827957,0.17011502000006595,0.0025909048365537536,0.03134362924221126
18,24,amygdala,0.95,-0.5645161290322581,0.18309763547067512,0.021987213852147726,0.00655419150071364
18,24,amygdala,0.975,-0.48387096774193555,0.1032514557760786,0.16281960333920087,0.13303552955763973
18,24,amygdala,1.0,-0.4301075268817205,0.12770509165832594,0.29248585508842395,0.23069306880213716
18,24,amygdala,1.025,-0.4032258064516129,0.13995309837166248,0.27043568632719744,0.25149466549494237
18,24,amygdala,1.05,1.2365591397849462,0.1767660768646627,0.356071896213013,0.28533160223403214
18,24,amygdala,1.075,2.8763440860215055,0.19921594723069982,0.30870868158650433,0.2985704654424483
18,24,amygdala,1.1,2.903225806451613,0.25656501133249016,0.3770652818904506,0.3915636925031453
18,24,amygdala,1.125,4.596774193548387,0.17665756031970065,0.27553743491589977,0.24992904946101158
18,24,amygdala,1.15,4.650537634408602,0.09994282954585344,0.1638510452041684,0.18021249461700045
18,28,amygdala,-0.15,1.1021505376344085,-0.28998474112862355,-0.027473278893703514,-0.07665505993482982
18,28,amygdala,-0.125,1.0483870967741935,-0.100420388752314,-0.0143276564760246,-0.09950113645628589
18,28,amygdala,-0.1,1.1021505376344085,0.06448315435411385,0.1109498783128849,0.02465900994979961
18,28,amygdala,-0.075,1.0752688172043012,0.12768749024272696,0.142234970474361,-0.007273740115817034
18,28,amygdala,-0.05,1.021505376344086,0.26660686087668173,0.09757356420192916,-0.04485434626411101
18,28,amygdala,-0.025,-0.5376344086021506,0.17992750624993897,0.11184420575450099,-0.06015911587720411
18,28,amygdala,-0.0,-0.5913978494623655,0.060162286675570525,-0.028436836467231084,-0.18203444296370372
18,28,amygdala,0.025,-0.5376344086021506,0.05469304567115708,-0.253670938615544,-0.28452674321062615
18,28,amygdala,0.05,-0.456989247311828,0.11912403969265767,0.07958499673083937,0.019769521480909144
18,28,amygdala,0.075,1.075268817204301,0.11431795329449805,0.22299292386952285,0.11216220708705882
18,28,amygdala,0.1,1.129032258064516,0.06203504529703092,0.23458820831040939,0.12888928858637547
18,28,amygdala,0.125,1.021505376344086,-0.03632164420475251,0.22960142286418447,0.16449601542771597
18,28,amygdala,0.15,1.1021505376344085,-0.044752955065771746,0.09617124386474354,0.08855371959822919
18,28,amygdala,0.175,-0.456989247311828,-0.05353904092410574,-0.15657644043842245,-0.0878848407622113
18,28,amygdala,0.2,-0.456989247311828,-0.05811862584089309,-0.20914752925183422,-0.15543584596330073
18,28,amygdala,0.225,-0.37634408602150543,-0.01853281258227804,-0.2079595411876776,-0.12798332689030853
18,28,amygdala,0.25,1.3440860215053765,-0.03989201312074274,-0.19702855242302086,-0.16036589274538585
18,28,amygdala,0.275,4.596774193548387,0.06733767947379576,-0.18511790709540146,-0.09883825287008972
18,28,amygdala,0.3,4.623655913978495,0.03448980801619753,-0.15089291007086422,-0.0517347120242963
18,28,amygdala,0.325,6.290322580645162,0.13364800606276545,0.012933678006074076,0.060357164028345685
18,28,amygdala,0.35,9.516129032258064,0.15414731782216162,-0.07600138625338027,0.02937377219882675
18,28,amygdala,0.375,9.623655913978494,0.07878180793204607,-0.018485116944949358,0.06777876213148097
18,28,amygdala,0.4,11.317204301075268,0.05281884725887636,-0.008651362913091818,0.07869704684979136
18,28,amygdala,0.425,11.424731182795698,0.15479310644985073,0.06268481170283212,0.11897321404823238
18,28,amygdala,0.45,9.865591397849462,-0.0016550190807215338,0.057925667825253685,0.047995553340924486
18,28,amygdala,0.475,6.451612903225807,0.06954366782733948,0.1741538461269391,0.17061772742385406
18,28,amygdala,0.5,4.67741935483871,0.02782050492729685,-0.0050620149497892205,0.06835777911869832
18,28,amygdala,0.525,4.623655913978495,0.03785047755394392,-0.049293645186531614,0.03741035572192132
18,28,amygdala,0.55,4.435483870967742,0.09747127872155191,0.08747245635535096,0.15346468397227714
18,28,amygdala,0.575,6.048387096774194,0.0868724051788989,-0.025852196272162124,0.04996372097487692
18,28,amygdala,0.6,5.940860215053764,0.14375462508387352,-0.07199970898730405,0.02224555394550363
18,28,amygdala,0.625,5.913978494623656,0.15197390729013172,-0.0384905296673085,0.04709575704248562
18,28,amygdala,0.65,6.048387096774194,0.03178657148957313,-0.15754940045039198,-0.11594687216922012
18,28,amygdala,0.675,6.021505376344086,0.016645144969795796,-0.07802822898884512,-0.07052804508941145
18,28,amygdala,0.7,11.129032258064516,-0.013578402832068038,-0.08533476662346676,-0.13128152920926356
18,28,amygdala,0.725,11.021505376344086,-0.05374877615541202,-0.05513272667917413,-0.13034882840084952
18,28,amygdala,0.75,7.688172043010753,-0.12275319296810865,-0.05172112771362102,-0.1555496018916804
18,28,amygdala,0.775,9.35483870967742,-0.16016924232248034,-0.11308815298883321,-0.11757800521667769
18,28,amygdala,0.8,5.994623655913979,-0.06845001604209872,-0.026071682010494663,-0.019656468133972947
18,28,amygdala,0.825,4.408602150537634,-0.09638338152916091,-0.0904302903170657,-0.014244896828942167
18,28,amygdala,0.85,5.913978494623656,-0.008709736494356054,0.002840131465550887,0.08321585194064099
18,28,amygdala,0.875,2.6612903225806455,0.01915395298796445,-0.04973589473345392,-0.022566253856408536
18,28,amygdala,0.9,0.967741935483871,0.06959054114968827,-0.017964702930428,0.03275382706002277
18,28,amygdala,0.925,2.60752688172043,0.16658178367067877,0.030359068942704934,0.04786693838277083
18,28,amygdala,0.95,2.7688172043010755,0.169529625057573,0.004764744942596205,0.017470731456186085
18,28,amygdala,0.975,2.7688172043010755,0.06984108408907665,0.09045814704583414,0.08478688808660449
18,28,amygdala,1.0,2.8763440860215055,0.06689937603920364,0.17641024172001984,0.17899476441989992
18,28,amygdala,1.025,1.2365591397849465,0.04967837754055696,0.2625704804343172,0.2770688910470119
18,28,amygdala,1.05,1.1021505376344085,0.09987887482698928,0.28899649368640395,0.2743374899601473
18,28,amygdala,1.075,2.741935483870968,0.12020202330140158,0.320930996478847,0.36047157812988145
18,28,amygdala,1.1,2.741935483870968,0.14955477958922536,0.4046873275889061,0.39612251642300333
18,28,amygdala,1.125,2.8225806451612905,0.11655304870652008,0.3420894497118303,0.32769350922212964
18,28,amygdala,1.15,2.849462365591398,0.1076791042101491,0.20920929968226112,0.20324339418047518
18,29,amygdala,-0.15,2.60752688172043,0.03815176321627,0.10500969405308065,0.0887305530403292
18,29,amygdala,-0.125,-0.8870967741935478,-0.2009727683181612,-0.21697875802493005,-0.20422601825856135
18,29,amygdala,-0.1,-0.8870967741935478,-0.21643038450351995,-0.2638330047406022,-0.228540922349178
18,29,amygdala,-0.075,-2.6881720430107525,-0.11394607006516566,-0.26135393177108973,-0.24712037770889553
18,29,amygdala,-0.05,-3.1451612903225805,-0.055761323611228784,-0.30618457722171255,-0.26179206716228764
18,29,amygdala,-0.025,-2.768817204301075,0.12437201516455043,-0.19297680691471575,-0.18122410350871979
18,29,amygdala,-0.0,-2.5537634408602146,0.11038760793089361,-0.058684782866623666,-0.04365670268981026
18,29,amygdala,0.025,-0.7258064516129028,0.07491767451207533,-0.021446401379466594,-0.006473392318219365
18,29,amygdala,0.05,-0.3225806451612905,0.0951909264349999,0.0796334066021329,0.07894782098237944
18,29,amygdala,0.075,-0.6182795698924732,0.0011579858287610444,-0.0032107788888374412,0.057951927157541355
18,29,amygdala,0.1,-0.8870967741935483,0.003968232414266973,-0.02982658350592822,0.03815209072801776
18,29,amygdala,0.125,-0.9946236559139783,-0.02650487210027337,-0.011569997879709176,0.042578627543896186
18,29,amygdala,0.15,-1.1559139784946233,-0.06669071266345324,0.027507981791858135,0.06767221811705944
18,29,amygdala,0.175,0.940860215053763,0.012900619642595519,0.15210119574538788,0.19860648447735135
18,29,amygdala,0.2,1.021505376344086,0.05055250120022299,0.23385754170929599,0.2755320210045211
18,29,amygdala,0.225,0.8870967741935485,0.1940620890925466,0.3070941070139108,0.3408609624250922
18,29,amygdala,0.25,0.9946236559139785,0.2565150271550183,0.18848130693061627,0.20634374401521394
18,29,amygdala,0.275,0.725806451612903,0.1541562672020995,-0.02861194372715973,-0.04838822817436097
18,29,amygdala,0.3,0.752688172043011,0.3148113459473358,0.037586708053121386,-0.027121490924616194
18,29,amygdala,0.325,-0.8870967741935483,0.2787273922220725,-0.048026712937486574,-0.07062905607727214
18,29,amygdala,0.35,0.5376344086021505,0.28766567043098956,0.050858876624759485,-0.01808258126180411
18,29,amygdala,0.375,-1.2365591397849467,0.32933934552237715,0.18539533847078649,0.13263909848271915
18,29,amygdala,0.4,0.6182795698924735,0.2447088398579004,0.1832408329727111,0.15152458215348177
18,29,amygdala,0.425,0.510752688172043,0.252220497603182,0.2842349844115638,0.19291243541746905
18,29,amygdala,0.45,0.510752688172043,0.19743241804398987,0.41372219640496005,0.3171559336828407
18,29,amygdala,0.475,2.3118279569892475,0.1748484859739136,0.37985937407099934,0.3075942040960326
18,29,amygdala,0.5,2.043010752688172,0.20314012284737695,0.46117810321469116,0.37330027398597054
18,29,amygdala,0.525,1.9086021505376345,0.18123620489983494,0.37998315423443657,0.31109897575943535
18,29,amygdala,0.55,0.40322580645161255,0.0546322486656678,0.2297494989920222,0.22314616770854206
18,29,amygdala,0.575,0.5107526881720426,0.009441510761426668,0.19110652467238418,0.16079022162473472
18,29,amygdala,0.6,0.7795698924731189,-0.034671554506085736,0.013131591751556424,-0.03425632630840806
18,29,amygdala,0.625,4.220430107526882,-0.18242753625177155,-0.13693775973706446,-0.15710628193323037
18,29,amygdala,0.65,7.39247311827957,-0.07695339722731853,-0.08051314621470468,-0.09038097980473839
18,29,amygdala,0.675,10.564516129032258,-0.13667657592253538,-0.11678195463960263,-0.09527782155526549
18,29,amygdala,0.7,8.5752688172043,-0.2155436864396777,-0.16140932209484235,-0.13400216565359238
18,29,amygdala,0.725,8.709677419354838,-0.06263752075438109,-0.17593964766300915,-0.1142609966926215
18,29,amygdala,0.75,5.564516129032259,-0.07194996610489046,-0.3274515972747669,-0.26521968365208265
18,29,amygdala,0.775,5.430107526881721,0.038086496482897046,-0.3732735747136719,-0.3425711948958264
18,29,amygdala,0.8,5.483870967741936,0.03573591811104151,-0.32663564104837867,-0.2522810381763498
18,29,amygdala,0.825,2.1505376344086025,-0.03148616474177539,-0.23727724148095977,-0.23415722515642373
18,29,amygdala,0.85,7.043010752688172,-0.02106753428822319,0.00562319180878774,-0.033091317695032
18,29,amygdala,0.875,2.4193548387096775,0.043316967062013025,0.17521440661213297,0.1141709635145568
18,29,amygdala,0.9,5.940860215053764,0.1714811046799814,0.2625290950127289,0.19062439454083407
18,29,amygdala,0.925,7.473118279569892,0.28802525464485884,0.1845320524467921,0.15843082199059705
18,29,amygdala,0.95,4.112903225806452,0.2264216352555062,0.06831709870045724,0.05421326174694765
18,29,amygdala,0.975,5.564516129032258,0.23120646980235723,0.10257150339491118,0.08567036998161898
18,29,amygdala,1.0,2.150537634408602,0.19695631640766895,0.06009230020239219,0.07223450243118958
18,29,amygdala,1.025,0.618279569892473,0.07044993039081733,0.026325074832505638,0.021984925105458585
18,29,amygdala,1.05,0.698924731182796,0.08161738921834145,0.09499134057961939,0.10471078197589694
18,29,amygdala,1.075,-0.8870967741935478,0.030340072445281415,-0.035924931671082364,0.0034028677143252274
18,29,amygdala,1.1,-1.0483870967741937,-0.04727398448872153,-0.0702995630646811,-0.045062488241312974
18,29,amygdala,1.125,-1.1021505376344087,-0.0701813730696136,-0.12218198393604938,-0.0944050990293398
18,29,amygdala,1.15,-2.688172043010753,-0.17211796446182767,-0.2082072150747915,-0.16524258602010558
18,30,amygdala,-0.15,1.021505376344086,-0.26511953814834543,-0.025598393604585625,-0.03333091688587337
18,30,amygdala,-0.125,0.9946236559139786,-0.09905533015937827,-0.012043485005240148,-0.07574636305621324
18,30,amygdala,-0.1,1.1021505376344085,0.02223547639878229,0.06257698357943016,0.01203892222162641
18,30,amygdala,-0.075,1.021505376344086,0.09651644934319069,0.07240315937613781,-0.027372697928478674
18,30,amygdala,-0.05,0.967741935483871,0.19613380741988307,0.023629104139848586,-0.0864359975271145
18,30,amygdala,-0.025,-0.5913978494623655,0.10017879434570545,0.0032970236113776478,-0.17531289010498455
18,30,amygdala,-0.0,-0.6720430107526881,0.05721956087687573,-0.101354148842744,-0.263346735094931
18,30,amygdala,0.025,-0.5376344086021506,0.04838604158725664,-0.2368522610584762,-0.3285140537444958
18,30,amygdala,0.05,-0.456989247311828,0.17163881519716434,0.03180951015237023,-0.05463946066797761
18,30,amygdala,0.075,1.0752688172043012,0.12475799786537621,0.19966905019085385,0.0760986284574627
18,30,amygdala,0.1,1.1021505376344085,0.09913736655802537,0.20623329541242824,0.10863124205331035
18,30,amygdala,0.125,1.021505376344086,0.0265649514936851,0.21683565670017108,0.1893588647661993
18,30,amygdala,0.15,1.0752688172043012,-0.004323850409727218,0.10871395315885576,0.11550857523128427
18,30,amygdala,0.175,-0.48387096774193555,-0.024174874464521132,-0.09055829990943601,0.005913746172772642
18,30,amygdala,0.2,-0.510752688172043,-0.13285823833381322,-0.10303887281365996,-0.04135816348229951
18,30,amygdala,0.225,-0.48387096774193555,-0.08608833942986907,-0.09481618951031663,-0.01573657817535241
18,30,amygdala,0.25,1.2634408602150538,-0.10396984780757296,-0.09425603245799478,-0.06593296645702693
18,30,amygdala,0.275,2.903225806451613,-0.003324345653849545,-0.13027279531022906,-0.042731693092191034
18,30,amygdala,0.3,6.317204301075269,0.0011070206418914046,-0.14501970408777404,-0.021033392195936692
18,30,amygdala,0.325,7.930107526881721,0.1343284363330949,0.0325760335012335,0.10060755820402253
18,30,amygdala,0.35,7.795698924731183,0.12150024634818991,-0.07144825807267773,0.07488694429007932
18,30,amygdala,0.375,7.876344086021506,0.10037637561931319,-0.020400296801720563,0.08654566592323146
18,30,amygdala,0.4,6.263440860215054,0.13369299244674945,-0.02528302408902237,0.10503637144030133
18,30,amygdala,0.425,4.758064516129032,0.21931900033347662,0.04587375495815757,0.15824062970930083
18,30,amygdala,0.45,3.2258064516129035,0.278820711193201,0.11739819418661093,0.11006080704994774
18,30,amygdala,0.475,1.5053763440860215,0.1883004678489329,0.2462572701391195,0.256429280336989
18,30,amygdala,0.5,-0.2688172043010753,0.06008062197321835,0.07220063216954481,0.13643668621007507
18,30,amygdala,0.525,-0.34946236559139787,0.0904218964070169,0.031837625709697545,0.1567566153677948
18,30,amygdala,0.55,-0.510752688172043,0.12334614786647376,0.12043553372976848,0.24346222394709166
18,30,amygdala,0.575,-0.6451612903225806,0.06094945257581248,0.04825030698360196,0.17801365762888013
18,30,amygdala,0.6,-0.6720430107526882,0.09871300888015955,0.023838009080139416,0.15600514297485493
18,30,amygdala,0.625,-0.7526881720430109,0.0988833263246901,0.007472838395813833,0.09038723619832915
18,30,amygdala,0.65,-0.6451612903225806,0.02198176978144057,-0.05231145506639009,0.0036743720749035555
18,30,amygdala,0.675,1.129032258064516,-0.03342512103781531,-0.08425340426887329,-0.08722299146851391
18,30,amygdala,0.7,4.435483870967742,-0.04486842309364833,-0.09670964166806631,-0.14983089033074154
18,30,amygdala,0.725,4.435483870967742,-0.08133524814437246,-0.10736666499430939,-0.19756293847700473
18,30,amygdala,0.75,4.381720430107527,-0.13028600933704354,-0.09462498004070342,-0.22809911826414783
18,30,amygdala,0.775,2.634408602150538,-0.09817696853275776,-0.10180177525580701,-0.13737403106335813
18,30,amygdala,0.8,-0.7258064516129032,-0.010220844976730115,-0.011121770521791433,-0.03383130753695773
18,30,amygdala,0.825,-0.6720430107526881,-0.054153239309238516,-0.03479311176993059,0.025560880131968815
18,30,amygdala,0.85,0.913978494623656,0.005153870104733439,0.024915843372564844,0.08958542366762776
18,30,amygdala,0.875,0.9408602150537637,0.0777887959528287,-0.029826410795885577,-0.06227527084607042
18,30,amygdala,0.9,0.9946236559139787,0.14178324982913207,-0.013568370703578048,-0.008495791747882585
18,30,amygdala,0.925,0.9946236559139786,0.23271622963613905,-0.047458177346230555,-0.08523799852545935
18,30,amygdala,0.95,-0.5376344086021506,0.22001232499057818,-0.08796539498724824,-0.16005089469964492
18,30,amygdala,0.975,-0.45698924731182794,0.09499777667379732,0.033797604536893365,-0.02673986947183622
18,30,amygdala,1.0,-0.4032258064516128,0.12531889253192058,0.18901020929289103,0.1751689119632723
18,30,amygdala,1.025,-0.43010752688172044,0.1854829542531687,0.29713565144220444,0.3588328397550751
18,30,amygdala,1.05,1.1827956989247312,0.19724645064898966,0.3376873064835551,0.378934460843633
18,30,amygdala,1.075,1.129032258064516,0.17646687023173807,0.30352991677396507,0.3982665786813654
18,30,amygdala,1.1,1.1559139784946235,0.19859464904455243,0.38275095771351986,0.41793597876897565
18,30,amygdala,1.125,2.9838709677419355,0.1443331027101921,0.3232012910649129,0.3457687727732188
18,30,amygdala,1.15,1.2903225806451613,0.013615303952249379,0.1892568383211462,0.19773041117360352
18,37,hippocampus,-0.15,0.26881720430107525,-0.06089626835991403,-0.020867708597113396,-0.05233445124421182
18,37,hippocampus,-0.125,-1.5322580645161292,0.07597277990801199,-0.16457171784050892,-0.14892391516059172
18,37,hippocampus,-0.1,-1.5322580645161292,0.0077333923764841064,-0.19884315556096677,-0.12522668707885667
18,37,hippocampus,-0.075,-1.2365591397849465,0.02958521390265977,-0.1600506991957864,-0.10054502817343956
18,37,hippocampus,-0.05,-0.9677419354838711,-0.031009228408573605,-0.21921317835648943,-0.13207956931704243
18,37,hippocampus,-0.025,-0.7258064516129031,-0.027065606539179065,0.04285640273952877,0.10911106779512278
18,37,hippocampus,-0.0,-0.7526881720430108,0.09226681329009064,0.22157177759336108,0.24239080279996295
18,37,hippocampus,0.025,-0.9677419354838709,0.16436807325479566,0.18689425144179944,0.2343621331575555
18,37,hippocampus,0.05,0.564516129032258,0.14143836239292296,0.13589834345052954,0.19588723543280978
18,37,hippocampus,0.075,0.4838709677419355,-0.0053356057972552716,-0.012811011836118127,0.10298830773243771
18,37,hippocampus,0.1,0.5376344086021505,0.050834076421977,-0.06340232489716778,0.03633009324859835
18,37,hippocampus,0.125,0.6720430107526881,0.06046780813882953,-0.009843596673762946,0.05118084341983294
18,37,hippocampus,0.15,-0.9677419354838711,-0.03837544043435187,-0.03351475134102505,0.025563624120459573
18,37,hippocampus,0.175,-0.8870967741935484,0.04212576692223076,0.020036483512083675,0.05435582828674937
18,37,hippocampus,0.2,-0.8333333333333333,-0.04431841566275099,-0.024777358459637026,0.009916793999783886
18,37,hippocampus,0.225,0.7526881720430109,-0.07292914652288532,0.04548022365836627,0.062363033955790126
18,37,hippocampus,0.25,0.6989247311827957,-0.0562203728062352,0.007063585301296216,0.06619588510929027
18,37,hippocampus,0.275,0.6720430107526881,-0.1290652256093267,0.06266566796236651,0.05192711700900024
18,37,hippocampus,0.3,2.338709677419355,-0.13455183201836102,0.10909685738470358,0.08456228861350608
18,37,hippocampus,0.325,4.086021505376344,-0.07580001376801572,0.013127052192775135,-0.03938115657832541
18,37,hippocampus,0.35,4.112903225806452,-0.03330211126708221,0.11080684452257292,0.007717441474878385
18,37,hippocampus,0.375,5.833333333333334,0.03875082089385403,-0.012349855114138846,-0.06877483090348241
18,37,hippocampus,0.4,5.833333333333334,0.09477301519638702,0.015301734003670608,-0.036681402272272255
18,37,hippocampus,0.425,2.473118279569893,-0.022846267020880457,0.006757346583640698,0.03463505781398522
18,37,hippocampus,0.45,7.580645161290323,0.13745465109747085,0.1557617314200447,0.1770391658346918
18,37,hippocampus,0.475,7.446236559139786,0.1346359215710167,0.13074887079854294,0.25922309707097163
18,37,hippocampus,0.5,7.500000000000001,0.1019773737724025,0.15760666924892924,0.30633817456886103
18,37,hippocampus,0.525,7.553763440860216,0.11522202095579892,0.11672387211528532,0.2105895695831872
18,37,hippocampus,0.55,4.193548387096774,0.10347920066100363,0.1592981001667407,0.24804486783516808
18,37,hippocampus,0.575,2.661290322580645,0.11477974358337406,0.03353685962750891,0.08444441781444588
18,37,hippocampus,0.6,2.4731182795698925,0.03281686805632087,-0.11719020893439605,-0.027913889602443415
18,37,hippocampus,0.625,4.193548387096774,0.1013998380107214,-0.0833908360762465,0.039406138131198476
18,37,hippocampus,0.65,4.112903225806452,0.12654201702388138,-0.02273191905246279,-0.014263753698705185
18,37,hippocampus,0.675,4.112903225806452,0.19627920629299944,0.12461265592422975,0.14366363828641002
18,37,hippocampus,0.7,4.059139784946236,0.07609260685822927,0.1336361592408933,0.08030021985428401
18,37,hippocampus,0.725,2.3655913978494625,-0.024398312125643362,0.0868568209844546,0.029634880315679527
18,37,hippocampus,0.75,2.3118279569892475,-0.10441264540696828,-0.18672752808849805,-0.08973812593170949
18,37,hippocampus,0.775,4.112903225806452,-0.2730357345302013,-0.31102932187785737,-0.18637005914854027
18,37,hippocampus,0.8,4.112903225806452,-0.020104582962155695,-0.04106711398813027,0.06786369184807321
18,37,hippocampus,0.825,3.978494623655914,0.03610606484782674,0.05650383375388981,0.08360495971935018
18,37,hippocampus,0.85,3.978494623655914,-0.03726472663742979,0.08817487683798358,0.14339258659554052
18,37,hippocampus,0.875,3.817204301075269,-0.011392243355981704,0.08361964014944757,0.08772314342376843
18,37,hippocampus,0.9,2.338709677419355,0.015002456360695872,0.01734752969964232,-0.02263897723367533
18,37,hippocampus,0.925,5.672043010752688,0.0344436518647872,-0.11281196081149814,-0.05646598676788284
18,37,hippocampus,0.95,5.887096774193549,0.11130245042235548,-0.0349888756637821,-0.035776913403957375
18,37,hippocampus,0.975,5.725806451612904,-0.079211547187039,-0.15595782206444062,-0.14724132354107988
18,37,hippocampus,1.0,5.752688172043011,-0.16759106295155982,-0.20854078242034121,-0.17679225619903188
18,37,hippocampus,1.025,2.553763440860215,-0.2939731861876232,-0.17539220951089188,-0.22346557843389106
18,37,hippocampus,1.05,0.5376344086021505,-0.22661040115216585,-0.15428972819260547,-0.19580871430241142
18,37,hippocampus,1.075,-1.1827956989247312,-0.08421463946726251,-0.09701953296411871,-0.10813957205349382
18,37,hippocampus,1.1,-1.2634408602150538,0.021626715347309627,-0.0561678293670412,-0.0743768513563563
18,37,hippocampus,1.125,-1.2903225806451613,0.10820044007201404,0.027271152796495873,0.01679925116541995
18,37,hippocampus,1.15,-1.2365591397849462,0.26149628447935536,0.12088475809632142,0.14530314999503366
21,0,amygdala,-0.15,-1.0752688172043012,-0.03719251030399273,0.12598596797462736,0.11649748503093157
21,0,amygdala,-0.125,-1.209677419354839,0.02962954687791288,0.11102725883669047,0.19186802442558248
21,0,amygdala,-0.1,-1.3440860215053765,0.025062197288038053,0.02636554015892194,0.17755331318145268
21,0,amygdala,-0.075,-1.3440860215053763,-0.050049589652868494,0.07073459023873796,0.09920688516281713
21,0,amygdala,-0.05,-1.5053763440860217,-0.08406078998976271,-0.11277754170073326,-0.05413857761928311
21,0,amygdala,-0.025,-1.4516129032258063,-0.060098590199843024,-0.2052872635539192,-0.119548050712559
21,0,amygdala,-0.0,-1.182795698924731,-0.11360896458120945,-0.24949200202119787,-0.1958775251400163
21,0,amygdala,0.025,-1.1290322580645162,0.099908929547583,-0.10424072304658884,-0.0033321488453890943
21,0,amygdala,0.05,-0.967741935483871,0.1715972385494321,-0.005071141769910574,0.07992006107775268
21,0,amygdala,0.075,-0.9677419354838709,0.09261208070300371,-0.00495782016611369,0.09142220386313643
21,0,amygdala,0.1,-0.9946236559139785,0.11695758834475219,-0.027617740042657636,-0.0007647989550274422
21,0,amygdala,0.125,-0.8602150537634407,0.01575878620157882,-0.20721189826694236,-0.14711135051864918
21,0,amygdala,0.15,-0.9677419354838709,-0.0706420395413335,-0.1140132312242337,-0.1743111560606442
21,0,amygdala,0.175,-0.9139784946236558,0.18644557466670758,0.027823856464832278,0.013411499159307644
21,0,amygdala,0.2,-0.8870967741935484,0.04196567350682317,-0.015863313009452054,0.06192460551144285
21,0,amygdala,0.225,0.6182795698924732,0.033755993839064594,0.08222255334453182,0.13418496970988558
21,0,amygdala,0.25,7.28494623655914,0.023397257207273148,0.13524409718233252,0.1422292006689699
21,0,amygdala,0.275,10.672043010752688,-0.12036912390264957,0.09429112942077614,0.0010110054873246261
21,0,amygdala,0.3,12.28494623655914,0.0336374235649389,0.19895857256571486,0.034663138722972914
21,0,amygdala,0.325,12.204301075268818,0.0006000421717257194,0.21943542220009563,0.09807689296856885
21,0,amygdala,0.35,5.591397849462366,-0.05996825120063369,0.1279464821197878,0.10175415300219257
21,0,amygdala,0.375,5.537634408602151,-0.07505679428152491,0.10861393246559292,0.10098344204165861
21,0,amygdala,0.4,9.086021505376344,-0.10695594562692638,-0.09351449605540468,-0.053708233191562066
21,0,amygdala,0.425,7.526881720430108,-0.008384760628207717,-0.12786034632702906,-0.0987893077475684
21,0,amygdala,0.45,10.887096774193548,0.07561163824589351,-0.07543559252238737,-0.06933267410750732
21,0,amygdala,0.475,7.634408602150538,0.1387937073064326,-0.1896093838577128,-0.17782472814504935
21,0,amygdala,0.5,7.607526881720431,0.19326559871160032,-0.026958104427927267,-0.027657130811064048
21,0,amygdala,0.525,7.661290322580646,0.11602971780245767,-0.021611207324537387,-0.1087521516463177
21,0,amygdala,0.55,4.274193548387097,0.07369028985395609,0.0804636279447588,-0.01889882279799859
21,0,amygdala,0.575,7.580645161290323,-0.022844678296291394,0.08072591075637978,-0.026526383384993576
21,0,amygdala,0.6,4.247311827956989,-0.005220778527421944,0.07770811970006651,-0.04028751060178205
21,0,amygdala,0.625,5.967741935483871,-0.03764224855021025,-0.033197520504786394,-0.10155437251371868
21,0,amygdala,0.65,9.408602150537634,-0.16543016770222527,-0.09369325031040082,-0.05909832340638841
21,0,amygdala,0.675,5.887096774193549,-0.1180038505341756,-0.11881025497973945,-0.05226695480506386
21,0,amygdala,0.7,4.005376344086021,-0.24209111909047598,-0.15347353466907923,-0.1559658157266321
21,0,amygdala,0.725,2.123655913978495,-0.20303637358156398,-0.14326630106549282,-0.08498428014733217
21,0,amygdala,0.75,0.4569892473118278,-0.15618106134044293,-0.11265021409161322,-0.0905673492856121
21,0,amygdala,0.775,0.5107526881720432,-0.002707404702282153,0.07655324928595762,0.08986926016861066
21,0,amygdala,0.8,0.6720430107526882,0.04273919249503794,-0.023470146337379944,0.1353874551251726
21,0,amygdala,0.825,2.5,0.2023928546497543,-0.02439100857534879,0.0655873053557226
21,0,amygdala,0.85,0.6182795698924732,0.09542418150232669,-0.06170243511861894,0.020316655465886724
21,0,amygdala,0.875,0.6720430107526882,0.01787340951841149,-0.14278645132124235,-0.043464230209299216
21,0,amygdala,0.9,0.5376344086021505,-0.01461482943030875,0.051193980250121826,0.0832568402095132
21,0,amygdala,0.925,0.6182795698924732,-0.00773716387024981,0.031820844862736494,0.06502031165144477
21,0,amygdala,0.95,0.752688172043011,0.08433425070350936,-0.012549397033013677,-0.05701916404220205
21,0,amygdala,0.975,0.7258064516129034,0.10729986847700139,0.03561991805607866,-0.030690637797906328
21,0,amygdala,1.0,0.6451612903225807,0.17241529376544634,0.039228433810853856,0.07120938571530362
21,0,amygdala,1.025,0.510752688172043,0.07042226474723783,0.037182061180558286,0.08521121990852758
21,0,amygdala,1.05,0.4838709677419355,0.07519693908863295,0.15352939630162588,0.1675143620952314
21,0,amygdala,1.075,3.736559139784946,0.1594286925609426,0.15456272766453524,0.20439786253055006
21,0,amygdala,1.1,3.8709677419354835,0.056053478525540205,0.19307923184573705,0.1929687272059627
21,0,amygdala,1.125,3.817204301075269,0.09562049493021059,0.298261227794377,0.24280079134964988
21,0,amygdala,1.15,3.924731182795699,-0.02389064350540768,0.11225824465738657,0.19815344200473603
21,2,hippocampus,-0.15,-0.4838709677419355,-0.08717044241826956,-0.1525137376066079,-0.06997120298708959
21,2,hippocampus,-0.125,-0.5376344086021506,0.02903554993816239,-0.11238077623793306,-0.10254828319069172
21,2,hippocampus,-0.1,-0.5107526881720431,0.16267892717269586,0.08204736382133844,-0.0624678792730645
21,2,hippocampus,-0.075,-0.6989247311827957,0.23213709960909065,0.15775131236987727,0.020476288133100085
21,2,hippocampus,-0.05,-0.6989247311827957,0.23019550021643767,0.15597402285856232,0.005850581863010718
21,2,hippocampus,-0.025,-0.6182795698924731,0.1638045091199706,0.16518627039392894,-0.000723779714930579
21,2,hippocampus,-0.0,-0.6182795698924731,0.16712727274970965,0.1806859852385793,0.03961081005676912
21,2,hippocampus,0.025,-0.510752688172043,0.10280820269589362,0.0561805886413401,-0.03661973591601521
21,2,hippocampus,0.05,-0.48387096774193544,0.05659814894169957,0.012135583554390074,-0.05594123701140495
21,2,hippocampus,0.075,-0.5376344086021506,0.19486813401680347,0.10109650569378359,0.02920052465372013
21,2,hippocampus,0.1,-0.48387096774193555,0.0025970832074916103,0.07337625755566297,0.07240667982486611
21,2,hippocampus,0.125,-0.6182795698924731,-0.009657374953667142,0.06541441432030984,0.14661039258929526
21,2,hippocampus,0.15,-0.5376344086021506,-0.043265516910227876,0.013735648108497282,0.05476512928013257
21,2,hippocampus,0.175,-0.6451612903225806,0.05886170616933911,-0.09271378606269219,-0.05803685042145038
21,2,hippocampus,0.2,1.021505376344086,0.06960106275385287,-0.0673941194483592,-0.1150575069565585
21,2,hippocampus,0.225,1.1021505376344085,0.2243559568637133,-0.23347250218721405,-0.293825938126766
21,2,hippocampus,0.25,2.60752688172043,0.2782750956615607,-0.04200731065001755,-0.051964599100392084
21,2,hippocampus,0.275,10.913978494623656,0.14302447247316497,0.03156360845618004,0.1027164867217244
21,2,hippocampus,0.3,15.67204301075269,0.1255587235214872,0.034397290367880556,0.1221706765570382
21,2,hippocampus,0.325,17.419354838709676,0.06582112944996071,0.14177982300073652,0.24406112535506966
21,2,hippocampus,0.35,15.725806451612904,0.06653800466148951,0.04091754741243271,0.08544971915458563
21,2,hippocampus,0.375,7.473118279569893,0.11294928147130458,0.020401300260598942,-0.060563631729395724
21,2,hippocampus,0.4,4.462365591397849,0.14616077669305666,0.08561353748761251,-0.033572667892762295
21,2,hippocampus,0.425,2.7688172043010755,0.17163282065435598,0.07589573011467397,-0.06498129755490728
21,2,hippocampus,0.45,2.903225806451613,0.1558704335645872,0.03558150808472963,-0.014935447838034658
21,2,hippocampus,0.475,2.8763440860215055,0.08140529549185069,-0.06701457324209097,-0.13740474799955765
21,2,hippocampus,0.5,-0.6182795698924731,0.07987748424241614,-0.11768873888985526,-0.12748807513266983
21,2,hippocampus,0.525,-0.6451612903225806,-0.009812558233489577,-0.17471978688993703,-0.0948443128619136
21,2,hippocampus,0.55,-0.6720430107526881,0.04750427286421291,-0.11528068264488775,-0.029663576657371588
21,2,hippocampus,0.575,-0.6182795698924731,0.031000991224672692,-0.005515513776168762,0.17215376619754338
21,2,hippocampus,0.6,-0.5645161290322581,0.0899325091425697,0.10049538343264101,0.20750618465168114
21,2,hippocampus,0.625,-0.5645161290322581,0.12655705457823752,0.048602384194502544,0.09144619206264223
21,2,hippocampus,0.65,-0.5376344086021506,0.09975922260889067,0.05149514527382009,0.021809708586559097
21,2,hippocampus,0.675,-0.5107526881720431,0.26202668210282665,0.15553086138523078,0.12041210338594577
21,2,hippocampus,0.7,-0.48387096774193555,0.30936578780993257,0.23740534883516853,0.18386516287504173
21,2,hippocampus,0.725,-0.45698924731182805,0.20778876369666885,0.1804568027032877,0.18100563726138771
21,2,hippocampus,0.75,-0.510752688172043,0.06604837529663814,0.05887070441800662,0.02174006083431663
21,2,hippocampus,0.775,-0.5376344086021506,0.004949241466732225,0.018477168142466974,0.056256378005189636
21,2,hippocampus,0.8,-0.618279569892473,-0.001149674758500955,-0.005355064006701817,0.08220174523281829
21,2,hippocampus,0.825,-0.5645161290322581,0.014282857999714385,-0.08664933853160062,-0.07903181426508626
21,2,hippocampus,0.85,-0.4838709677419355,0.0853810115071419,-0.03375528361910261,0.015884839350165936
21,2,hippocampus,0.875,-0.510752688172043,0.0006385312471762221,-0.09756757456852673,-0.06720541376529737
21,2,hippocampus,0.9,-0.510752688172043,-0.054115523198184814,-0.03294821235429306,-0.0465808544815054
21,2,hippocampus,0.925,-0.5645161290322581,0.07980495342076188,0.0350615401954584,0.09008215197671396
21,2,hippocampus,0.95,-0.48387096774193555,0.03090094840827903,0.025149667789703435,0.06479126301378378
21,2,hippocampus,0.975,-0.34946236559139787,0.21365498388504112,0.12509333253372876,0.16273203435803651
21,2,hippocampus,1.0,-0.3225806451612903,0.18478419592387182,-0.0980953138855122,0.03193800917202723
21,2,hippocampus,1.025,-0.40322580645161293,0.07892092013439614,-0.11890751966915687,0.007365952545876973
21,2,hippocampus,1.05,-0.5107526881720431,0.1334211040974716,-0.05152947164712112,0.07199439811911905
21,2,hippocampus,1.075,-0.6451612903225806,0.1941037127924815,0.07306015524984087,0.1601054227257239
21,2,hippocampus,1.1,-0.5913978494623655,0.2590166047866328,0.14954083661969567,0.1703546709329072
21,2,hippocampus,1.125,-0.4032258064516129,0.2385399930533775,0.18349503940576786,0.1442483788541755
21,2,hippocampus,1.15,-0.3763440860215054,0.252081891143178,0.17609735955583805,0.07780217282137109
21,4,hippocampus,-0.15,-0.8870967741935483,-0.09282495437036441,-0.03506181914424557,-0.03608512876596702
21,4,hippocampus,-0.125,-1.3440860215053758,-0.05925463554700654,0.09637645676431138,0.15609868698025528
21,4,hippocampus,-0.1,0.6182795698924735,-0.06783281987557495,0.04173333489487753,0.1250449582392027
21,4,hippocampus,-0.075,2.043010752688172,-0.1201019117126252,-0.061885665450189094,-0.07052571630362173
21,4,hippocampus,-0.05,0.21505376344086047,-0.07109249088587226,-0.03593600690612622,-0.07717276971163765
21,4,hippocampus,-0.025,0.2688172043010755,-0.016381720731854885,-0.09805777630503043,-0.21133453291142126
21,4,hippocampus,-0.0,-1.6666666666666667,0.07198827254945929,-0.08811426286332531,-0.20598573592305092
21,4,hippocampus,0.025,-3.0376344086021505,0.17548361108456254,0.025065380497957625,-0.057499879071919356
21,4,hippocampus,0.05,-2.9838709677419355,0.2094965149338887,-0.012100319281010428,-0.03705398200429589
21,4,hippocampus,0.075,-2.6344086021505375,0.21802521226990237,0.1370511229107828,0.07914917427375626
21,4,hippocampus,0.1,-2.7688172043010746,0.18716163297854768,0.07853777218361757,0.025324638065870025
21,4,hippocampus,0.125,-3.010752688172043,0.04628929075201297,0.04318609807590037,-0.05280599537184943
21,4,hippocampus,0.15,-2.983870967741936,0.11764243032886862,0.06674218020190467,-0.022024146689551716
21,4,hippocampus,0.175,-3.118279569892473,0.2951522335618555,0.07369767931631982,-0.003382759632248737
21,4,hippocampus,0.2,0.4838709677419355,0.12698635683509982,0.16201886033035764,0.021448999555072894
21,4,hippocampus,0.225,2.096774193548387,0.15539291910273775,0.2604673896182663,0.19520132556626474
21,4,hippocampus,0.25,1.989247311827957,0.0678001648771626,0.2334790186970082,0.22986543628982817
21,4,hippocampus,0.275,1.881720430107527,0.03631364205465297,0.29742602063810997,0.30790458401706455
21,4,hippocampus,0.3,-1.9354838709677422,0.07325400358918667,0.2041496543215936,0.21115453610446924
21,4,hippocampus,0.325,1.263440860215054,0.1348355184694916,0.19096754222874432,0.20510373203576196
21,4,hippocampus,0.35,2.822580645161291,0.006237681009043647,0.12171210630043014,0.17125269679374375
21,4,hippocampus,0.375,7.956989247311828,-0.14803153296219923,-0.05276549775903209,0.029096917584332176
21,4,hippocampus,0.4,11.85483870967742,-0.10870126797628842,-0.003416325564969065,0.16369893332143434
21,4,hippocampus,0.425,8.790322580645162,-0.3003198508384388,-0.2894010107373083,-0.20543978768477678
21,4,hippocampus,0.45,7.526881720430108,-0.22289641657901726,-0.31790529655609545,-0.1943232983216977
21,4,hippocampus,0.475,2.661290322580645,-0.20690443996889443,-0.17005308865059024,-0.11918050182362439
21,4,hippocampus,0.5,2.795698924731183,-0.26816075730486666,-0.15351573870357826,-0.14501768653546632
21,4,hippocampus,0.525,1.290322580645161,-0.08535733124749248,0.046288304009834226,0.17520016901887372
21,4,hippocampus,0.55,2.7419354838709684,-0.16867219458854832,-0.006098493809665778,-0.043349466820221685
21,4,hippocampus,0.575,6.048387096774195,-0.05227183170617581,-0.09458838820167821,-0.09963239430841941
21,4,hippocampus,0.6,2.473118279569892,-0.05695335676045942,0.047344263280582555,-0.010803737534131838
21,4,hippocampus,0.625,5.806451612903226,-0.0007803812591449763,-0.08641421809598702,-0.08794896790563883
21,4,hippocampus,0.65,7.311827956989246,0.0449723116569798,-0.0575760168347321,-0.09033523401161722
21,4,hippocampus,0.675,7.28494623655914,-0.04400718596704819,-0.13512579923491974,-0.05107650866833453
21,4,hippocampus,0.7,7.526881720430108,0.028194927542535515,-0.22553319250070972,-0.1554524051577749
21,4,hippocampus,0.725,4.005376344086022,-0.036663730620679603,-0.16822641480673786,-0.09648624069657911
21,4,hippocampus,0.75,0.698924731182796,-0.08199564846447185,-0.17213344916348072,-0.05383737198669809
21,4,hippocampus,0.775,2.446236559139785,-0.0825649519229357,-0.07343154564340514,-0.05833930734674497
21,4,hippocampus,0.8,2.3655913978494616,-0.06792686760086457,-0.037484033645599046,0.010872440698309116
21,4,hippocampus,0.825,6.075268817204302,-0.16248615265854752,-0.027308156624226858,-0.028566113935131743
21,4,hippocampus,0.85,7.983870967741935,-0.16667990833005933,-0.043827754569768784,-0.05391082694011436
21,4,hippocampus,0.875,4.67741935483871,-0.10968704007848375,-0.04869944646983957,-0.09108155916116135
21,4,hippocampus,0.9,5.940860215053764,-0.09089939610901941,-0.19634165496129638,-0.22836717202202986
21,4,hippocampus,0.925,5.510752688172044,-0.10473904289129701,-0.19251367601657038,-0.32032949616210715
21,4,hippocampus,0.95,7.204301075268817,-0.06828946749335042,-0.1759546835832859,-0.2907767607862821
21,4,hippocampus,0.975,7.069892473118279,-0.12109343694159809,-0.18217527407100947,-0.28457871298497567
21,4,hippocampus,1.0,5.860215053763442,-0.013750902708023946,-0.03705395920559124,-0.0996415602716926
21,4,hippocampus,1.025,2.634408602150538,0.05028454232796897,-0.018997547257830906,0.15342157130289646
21,4,hippocampus,1.05,0.725806451612903,0.08157666743843645,0.026661260388810375,0.17101331467807948
21,4,hippocampus,1.075,-0.9408602150537637,0.0846274280584439,-0.005705802688586471,0.12314159620640257
21,4,hippocampus,1.1,-1.3440860215053767,0.01676279344177059,-0.035546449153182766,0.03166017555771817
21,4,hippocampus,1.125,-1.0215053763440862,0.07311589550731491,0.03658383865149999,0.06125786429543453
21,4,hippocampus,1.15,0.564516129032258,-0.07121384696016024,-0.03803937319456234,-0.009212256365485845
21,14,hippocampus,-0.15,2.500000000000001,0.0031283574588578424,-0.11508252684716393,-0.12415989193270224
21,14,hippocampus,-0.125,0.564516129032258,-0.030724636216572718,-0.21602058657690404,-0.2644522483361388
21,14,hippocampus,-0.1,-1.0483870967741926,-0.01708725677112716,-0.005275433189881125,-0.054838771354325265
21,14,hippocampus,-0.075,-2.60752688172043,0.13960053385592314,0.12406068152950565,0.050285103541297754
21,14,hippocampus,-0.05,-2.526881720430107,0.2142870470811373,0.18535019340615477,0.06564164495871593
21,14,hippocampus,-0.025,2.60752688172043,0.3283871962929087,0.43813237720526393,0.374146489341396
21,14,hippocampus,-0.0,2.526881720430109,0.3418939592834926,0.25411314670200796,0.2025060276229985
21,14,hippocampus,0.025,0.7795698924731189,0.25009094238100027,0.19569436799267695,0.19225933454873947
21,14,hippocampus,0.05,0.6720430107526871,0.038770174366876575,-0.012667482713929968,0.08608770070638468
21,14,hippocampus,0.075,-2.526881720430108,0.005008717248163366,-0.1286167036224807,-0.09207351145475821
21,14,hippocampus,0.1,-2.204301075268817,-0.034086873330827945,-0.14685547683131137,-0.14800879209438453
21,14,hippocampus,0.125,-2.204301075268817,-0.022402862509235826,-0.14747263631079724,-0.1687424804862326
21,14,hippocampus,0.15,1.3978494623655915,0.06701228424433914,-0.04119691690155049,-0.08621358527686018
21,14,hippocampus,0.175,-0.26881720430107503,0.09612912120327834,-0.056282587634354744,-0.13569360080228032
21,14,hippocampus,0.2,1.1827956989247315,0.04995703617805462,-0.08869870493120513,-0.1164810648764585
21,14,hippocampus,0.225,1.478494623655914,0.03600605647609206,-0.09544053481100136,-0.11696169240408431
21,14,hippocampus,0.25,1.317204301075268,0.019535544187262572,-0.14182128749528033,-0.09117454377677138
21,14,hippocampus,0.275,9.731182795698924,-0.10691440343051961,-0.04766220664503066,0.07089427676927512
21,14,hippocampus,0.3,18.037634408602152,-0.06481000162472544,-0.11550814805697036,0.010610024459531669
21,14,hippocampus,0.325,29.435483870967744,-0.07584545098099929,-0.14344852693252422,-0.008710396324523402
21,14,hippocampus,0.35,32.82258064516129,-0.11731580956221456,-0.07084689784372993,-0.0696773782534996
21,14,hippocampus,0.375,28.198924731182796,0.009978426461277485,0.002777500149015383,0.012755926610292869
21,14,hippocampus,0.4,28.36021505376344,-0.05010831596138738,-0.06121200962686705,-0.053689321575080357
21,14,hippocampus,0.425,18.575268817204304,-0.04084615148284381,0.003298616649718617,0.04855151381304589
21,14,hippocampus,0.45,15.080645161290322,0.046892411814839136,-0.11886441853887639,-0.09612558582120342
21,14,hippocampus,0.475,11.344086021505376,0.10919190066790779,-0.12730940213991218,-0.1601617881188509
21,14,hippocampus,0.5,3.1989247311827955,0.1314043550996522,0.008815117113080521,-0.08712316913511069
21,14,hippocampus,0.525,1.6129032258064515,0.09104948042093775,0.05394655641206191,-0.1202520629156257
21,14,hippocampus,0.55,-1.3978494623655913,0.04152230560517581,0.14336947029711644,-0.09581467878326418
21,14,hippocampus,0.575,-1.2634408602150538,-0.07185115308996154,0.13476988365837933,-0.11110679943464062
21,14,hippocampus,0.6,-2.876344086021505,-0.05650988605300886,0.1843199641223026,0.01247688376515375
21,14,hippocampus,0.625,-2.9032258064516134,-0.11890112348003941,0.16073573738225697,0.000495856309508505
21,14,hippocampus,0.65,-2.956989247311828,-0.031132459084154955,0.10385308587285524,-0.04841957832435154
21,14,hippocampus,0.675,-3.010752688172043,0.006484820054782374,0.14865997846700307,0.014984843154477196
21,14,hippocampus,0.7,-2.9032258064516134,0.03368744994296381,0.14736643490014867,-0.04071967280135686
21,14,hippocampus,0.725,-1.1559139784946233,0.1283201452209348,0.13044370766455068,-0.027839385693744684
21,14,hippocampus,0.75,3.8440860215053765,-0.004614356598154987,0.0718076841398276,-0.036188998938339115
21,14,hippocampus,0.775,5.591397849462367,-0.19274828934072002,-0.156876121788438,-0.17390764802543646
21,14,hippocampus,0.8,6.989247311827958,-0.26245594179026627,-0.1960749214424805,-0.14469658371932156
21,14,hippocampus,0.825,6.720430107526882,-0.2564140455728746,-0.18035222839809098,-0.13487570440799224
21,14,hippocampus,0.85,3.198924731182796,-0.059771388826171015,-0.06609708656371395,-0.10144353637063755
21,14,hippocampus,0.875,6.370967741935484,-0.014381613827531918,-0.0732740647162603,-0.07268127418215053
21,14,hippocampus,0.9,6.290322580645162,0.06317405740084399,-0.06201796444312216,-0.09857619286174803
21,14,hippocampus,0.925,8.118279569892472,0.07713637729776425,-0.0930929696701532,-0.11133641666596021
21,14,hippocampus,0.95,13.198924731182796,0.0019025773358911692,-0.0642248403385965,-0.12076223982001112
21,14,hippocampus,0.975,10.0,0.02384456834324256,0.022209957020474028,-0.041513938356026216
21,14,hippocampus,1.0,13.49462365591398,-0.030672522181391885,-0.04058530007757776,-0.03194405651886075
21,14,hippocampus,1.025,13.467741935483872,0.005120345263283343,0.028971749474394022,0.08088055579145527
21,14,hippocampus,1.05,6.774193548387097,0.026927493816709835,-0.06129857224812607,0.08300249791416474
21,14,hippocampus,1.075,6.559139784946236,0.13227698889347184,-0.0753548311314789,0.01691165556696892
21,14,hippocampus,1.1,1.2634408602150535,0.1255524867794747,-0.04543608701690252,0.0027210311998822983
21,14,hippocampus,1.125,-2.069892473118279,0.09956134830164665,-0.012752336896002026,0.08411886325719795
21,14,hippocampus,1.15,-0.40322580645161255,0.2569324682611405,0.08177106007951643,0.09580141449090145
