subject,unit,area,hemisphere,pref_image,pref_category,pref_is_face,n_same,n_diff,space,scope,rho,rho_null,n_null
1,34,amygdala,R,img_0040,animal,False,5,57,clip ln_post,all,0.26679969478230925,-0.14066293740669836,20
1,34,amygdala,R,img_0040,animal,False,5,57,clip ln_post,same,,-0.06876132688504583,20
1,34,amygdala,R,img_0040,animal,False,5,57,clip ln_post,diff,0.2930450043797562,0.18439291864939927,20
1,34,amygdala,R,img_0040,animal,False,5,57,clip ln_post,partial,0.26937304798826367,-0.020016153867185076,20
1,34,amygdala,R,img_0040,animal,False,5,57,clip ln_post,category,0.06131604959128865,-0.19852593157315668,20
1,34,amygdala,R,img_0040,animal,False,5,57,resnet50 avgpool,all,0.29657858520267666,-0.1875227252274346,20
1,34,amygdala,R,img_0040,animal,False,5,57,resnet50 avgpool,same,,-0.07138789180538971,20
1,34,amygdala,R,img_0040,animal,False,5,57,resnet50 avgpool,diff,0.31157736649082507,-0.15179333893378447,20
1,34,amygdala,R,img_0040,animal,False,5,57,resnet50 avgpool,partial,0.3016241687387169,-0.10715819797129673,20
1,34,amygdala,R,img_0040,animal,False,5,57,resnet50 avgpool,category,0.06131604959128865,-0.19852593157315668,20
1,34,amygdala,R,img_0040,animal,False,5,57,alexnet conv1,all,-0.10923128983999279,-0.09165041600117638,20
1,34,amygdala,R,img_0040,animal,False,5,57,alexnet conv1,same,,-0.06464122025015163,20
1,34,amygdala,R,img_0040,animal,False,5,57,alexnet conv1,diff,-0.063840904154943,-0.008038591356278305,20
1,34,amygdala,R,img_0040,animal,False,5,57,alexnet conv1,partial,-0.10028767467580658,-0.028274493107898657,20
1,34,amygdala,R,img_0040,animal,False,5,57,alexnet conv1,category,0.06131604959128865,-0.19852593157315668,20
1,36,amygdala,R,img_0044,animal,False,5,57,clip ln_post,all,-0.02924373363981013,-0.06866286459828821,20
1,36,amygdala,R,img_0044,animal,False,5,57,clip ln_post,same,,0.02894222629672665,20
1,36,amygdala,R,img_0044,animal,False,5,57,clip ln_post,diff,0.004643469002697438,-0.06495696662124155,20
1,36,amygdala,R,img_0044,animal,False,5,57,clip ln_post,partial,0.04099923342416926,-0.005465246198732949,20
1,36,amygdala,R,img_0044,animal,False,5,57,clip ln_post,category,-0.17246324430778232,-0.10294088362438303,20
1,36,amygdala,R,img_0044,animal,False,5,57,resnet50 avgpool,all,0.02762889416358248,-0.08279435056778789,20
1,36,amygdala,R,img_0044,animal,False,5,57,resnet50 avgpool,same,,0.03545252247532364,20
1,36,amygdala,R,img_0044,animal,False,5,57,resnet50 avgpool,diff,0.11193033323285362,-0.1965809459136543,20
1,36,amygdala,R,img_0044,animal,False,5,57,resnet50 avgpool,partial,0.1192437116214173,-0.03501720777666027,20
1,36,amygdala,R,img_0044,animal,False,5,57,resnet50 avgpool,category,-0.17246324430778232,-0.10294088362438303,20
1,36,amygdala,R,img_0044,animal,False,5,57,alexnet conv1,all,0.16135778828868488,-0.055985163568918084,20
1,36,amygdala,R,img_0044,animal,False,5,57,alexnet conv1,same,,-0.008277123681832897,20
1,36,amygdala,R,img_0044,animal,False,5,57,alexnet conv1,diff,0.2531502401750295,-0.08250352609008513,20
1,36,amygdala,R,img_0044,animal,False,5,57,alexnet conv1,partial,0.2232910815948747,-0.02518867979394538,20
1,36,amygdala,R,img_0044,animal,False,5,57,alexnet conv1,category,-0.17246324430778232,-0.10294088362438303,20
1,38,amygdala,R,img_0039,face_person,True,38,24,clip ln_post,all,0.26755925160611116,0.15506271788046994,20
1,38,amygdala,R,img_0039,face_person,True,38,24,clip ln_post,same,0.3452415147276409,0.09366782263982727,20
1,38,amygdala,R,img_0039,face_person,True,38,24,clip ln_post,diff,0.08423240391554783,0.1429318603941952,20
1,38,amygdala,R,img_0039,face_person,True,38,24,clip ln_post,partial,0.24863394754801038,0.11612884498322873,20
1,38,amygdala,R,img_0039,face_person,True,38,24,clip ln_post,category,0.11706948004452201,0.11766817194333568,20
1,38,amygdala,R,img_0039,face_person,True,38,24,resnet50 avgpool,all,0.24087919390814835,0.09342842203017271,20
1,38,amygdala,R,img_0039,face_person,True,38,24,resnet50 avgpool,same,0.3261467837795768,0.0395375100650071,20
1,38,amygdala,R,img_0039,face_person,True,38,24,resnet50 avgpool,diff,0.03641296627599203,0.013929056376659598,20
1,38,amygdala,R,img_0039,face_person,True,38,24,resnet50 avgpool,partial,0.21916594790332766,0.03799968689146858,20
1,38,amygdala,R,img_0039,face_person,True,38,24,resnet50 avgpool,category,0.11706948004452201,0.11766817194333568,20
1,38,amygdala,R,img_0039,face_person,True,38,24,alexnet conv1,all,-0.07037971618334664,-0.03125520397422847,20
1,38,amygdala,R,img_0039,face_person,True,38,24,alexnet conv1,same,-0.22946599087587316,-0.11320311428458629,20
1,38,amygdala,R,img_0039,face_person,True,38,24,alexnet conv1,diff,-0.021935521853007244,0.01853551596579112,20
1,38,amygdala,R,img_0039,face_person,True,38,24,alexnet conv1,partial,-0.19388691870386898,-0.0772096399886124,20
1,38,amygdala,R,img_0039,face_person,True,38,24,alexnet conv1,category,0.11706948004452201,0.11766817194333568,20
2,0,amygdala,L,img_0071,object,False,4,58,clip ln_post,all,-0.012026303515483226,-0.19104314013491613,20
2,0,amygdala,L,img_0071,object,False,4,58,clip ln_post,same,,0.09335677614411328,20
2,0,amygdala,L,img_0071,object,False,4,58,clip ln_post,diff,-0.053578275102409624,-0.4808413601147449,20
2,0,amygdala,L,img_0071,object,False,4,58,clip ln_post,partial,-0.03539921660331442,-0.10027752282836525,20
2,0,amygdala,L,img_0071,object,False,4,58,clip ln_post,category,0.052189675900534416,-0.17062885912799033,20
2,0,amygdala,L,img_0071,object,False,4,58,resnet50 avgpool,all,0.1414242117661187,-0.262338214389347,20
2,0,amygdala,L,img_0071,object,False,4,58,resnet50 avgpool,same,,-0.07632980594774398,20
2,0,amygdala,L,img_0071,object,False,4,58,resnet50 avgpool,diff,0.12759265630404443,-0.335029628679887,20
2,0,amygdala,L,img_0071,object,False,4,58,resnet50 avgpool,partial,0.13170688848585327,-0.21163805530358298,20
2,0,amygdala,L,img_0071,object,False,4,58,resnet50 avgpool,category,0.052189675900534416,-0.17062885912799033,20
2,0,amygdala,L,img_0071,object,False,4,58,alexnet conv1,all,-0.13185434471337248,-0.02205226933566003,20
2,0,amygdala,L,img_0071,object,False,4,58,alexnet conv1,same,,0.0908982146615557,20
2,0,amygdala,L,img_0071,object,False,4,58,alexnet conv1,diff,-0.2002926172052696,-0.019991325646595778,20
2,0,amygdala,L,img_0071,object,False,4,58,alexnet conv1,partial,-0.14588305553353426,0.02874520584521929,20
2,0,amygdala,L,img_0071,object,False,4,58,alexnet conv1,category,0.052189675900534416,-0.17062885912799033,20
3,39,hippocampus,R,img_0020,face_person,True,35,27,clip ln_post,all,-0.10863530925127476,-0.07777884859698267,20
3,39,hippocampus,R,img_0020,face_person,True,35,27,clip ln_post,same,0.02657688501220449,-0.04255043552717016,20
3,39,hippocampus,R,img_0020,face_person,True,35,27,clip ln_post,diff,-0.10419742474196157,0.007198294889335453,20
3,39,hippocampus,R,img_0020,face_person,True,35,27,clip ln_post,partial,-0.012334323895112687,-0.01394610743737994,20
3,39,hippocampus,R,img_0020,face_person,True,35,27,clip ln_post,category,-0.1250396225168367,-0.10557864251046516,20
3,39,hippocampus,R,img_0020,face_person,True,35,27,resnet50 avgpool,all,-0.09788810105020591,-0.12049018452043798,20
3,39,hippocampus,R,img_0020,face_person,True,35,27,resnet50 avgpool,same,0.04612284806350832,-0.17082298954101058,20
3,39,hippocampus,R,img_0020,face_person,True,35,27,resnet50 avgpool,diff,-0.08107669439981036,0.0015719514472445615,20
3,39,hippocampus,R,img_0020,face_person,True,35,27,resnet50 avgpool,partial,0.0010537470937669116,-0.08030116939814672,20
3,39,hippocampus,R,img_0020,face_person,True,35,27,resnet50 avgpool,category,-0.1250396225168367,-0.10557864251046516,20
3,39,hippocampus,R,img_0020,face_person,True,35,27,alexnet conv1,all,0.14616203153453636,-0.2133837448146882,20
3,39,hippocampus,R,img_0020,face_person,True,35,27,alexnet conv1,same,0.2927675904519034,-0.1216608628695814,20
3,39,hippocampus,R,img_0020,face_person,True,35,27,alexnet conv1,diff,0.08909188091842278,-0.2347276894085179,20
3,39,hippocampus,R,img_0020,face_person,True,35,27,alexnet conv1,partial,0.1762244397692811,-0.19616673739971732,20
3,39,hippocampus,R,img_0020,face_person,True,35,27,alexnet conv1,category,-0.1250396225168367,-0.10557864251046516,20
4,8,amygdala,L,img_0152,face_person,True,28,34,clip ln_post,all,0.16134570721099276,-0.002834081438757374,20
4,8,amygdala,L,img_0152,face_person,True,28,34,clip ln_post,same,0.3211953327955128,-0.0014682995980559153,20
4,8,amygdala,L,img_0152,face_person,True,28,34,clip ln_post,diff,-0.13338338745652584,-0.06985950401571953,20
4,8,amygdala,L,img_0152,face_person,True,28,34,clip ln_post,partial,0.04554403287480792,-0.05081418785116214,20
4,8,amygdala,L,img_0152,face_person,True,28,34,clip ln_post,category,0.16073446609370956,0.03079100866651686,20
4,8,amygdala,L,img_0152,face_person,True,28,34,resnet50 avgpool,all,0.11918706185128114,-0.029811590500212103,20
4,8,amygdala,L,img_0152,face_person,True,28,34,resnet50 avgpool,same,0.04915973279243447,0.0719074782275416,20
4,8,amygdala,L,img_0152,face_person,True,28,34,resnet50 avgpool,diff,-0.11035427421084523,-0.13051178202004743,20
4,8,amygdala,L,img_0152,face_person,True,28,34,resnet50 avgpool,partial,-0.038740353493286986,-0.09414438710543722,20
4,8,amygdala,L,img_0152,face_person,True,28,34,resnet50 avgpool,category,0.16073446609370956,0.03079100866651686,20
4,8,amygdala,L,img_0152,face_person,True,28,34,alexnet conv1,all,0.1676695040149495,0.06196532654429483,20
4,8,amygdala,L,img_0152,face_person,True,28,34,alexnet conv1,same,-0.23198975025643231,-0.0857246958698373,20
4,8,amygdala,L,img_0152,face_person,True,28,34,alexnet conv1,diff,0.26738500614112365,0.09491174177394998,20
4,8,amygdala,L,img_0152,face_person,True,28,34,alexnet conv1,partial,0.07485328314545917,0.030595255604362447,20
4,8,amygdala,L,img_0152,face_person,True,28,34,alexnet conv1,category,0.16073446609370956,0.03079100866651686,20
4,13,amygdala,L,img_0038,face_person,True,28,34,clip ln_post,all,-0.12558417072281652,0.02739516350157283,20
4,13,amygdala,L,img_0038,face_person,True,28,34,clip ln_post,same,-0.21486760546758807,-0.11778025281391964,20
4,13,amygdala,L,img_0038,face_person,True,28,34,clip ln_post,diff,0.29494246344609776,0.2137477013143315,20
4,13,amygdala,L,img_0038,face_person,True,28,34,clip ln_post,partial,0.09971514520012864,0.11566323551073851,20
4,13,amygdala,L,img_0038,face_person,True,28,34,clip ln_post,category,-0.20460782692887114,-0.049791740546912516,20
4,13,amygdala,L,img_0038,face_person,True,28,34,resnet50 avgpool,all,-0.24888222183296038,0.014869218782404709,20
4,13,amygdala,L,img_0038,face_person,True,28,34,resnet50 avgpool,same,-0.14454224429902432,-0.0844414081667368,20
4,13,amygdala,L,img_0038,face_person,True,28,34,resnet50 avgpool,diff,-0.08902179836649843,0.1580070719312546,20
4,13,amygdala,L,img_0038,face_person,True,28,34,resnet50 avgpool,partial,-0.14554059825147989,0.08347363798643237,20
4,13,amygdala,L,img_0038,face_person,True,28,34,resnet50 avgpool,category,-0.20460782692887114,-0.049791740546912516,20
4,13,amygdala,L,img_0038,face_person,True,28,34,alexnet conv1,all,0.013157888437382477,-0.07384292456310257,20
4,13,amygdala,L,img_0038,face_person,True,28,34,alexnet conv1,same,0.29075228372457584,-0.21165674453509037,20
4,13,amygdala,L,img_0038,face_person,True,28,34,alexnet conv1,diff,-0.12413766346608604,0.08600511213595799,20
4,13,amygdala,L,img_0038,face_person,True,28,34,alexnet conv1,partial,0.05216181591284974,-0.03642593032428647,20
4,13,amygdala,L,img_0038,face_person,True,28,34,alexnet conv1,category,-0.20460782692887114,-0.049791740546912516,20
4,15,amygdala,L,img_0130,landmark_place,False,11,51,clip ln_post,all,0.18169453934882396,0.047580043835824745,20
4,15,amygdala,L,img_0130,landmark_place,False,11,51,clip ln_post,same,0.0,0.04053478055904695,20
4,15,amygdala,L,img_0130,landmark_place,False,11,51,clip ln_post,diff,0.06074247956465151,0.130282632329396,20
4,15,amygdala,L,img_0130,landmark_place,False,11,51,clip ln_post,partial,0.044165883393220653,0.11386648757893754,20
4,15,amygdala,L,img_0130,landmark_place,False,11,51,clip ln_post,category,0.2455871710277954,-0.010920227570946687,20
4,15,amygdala,L,img_0130,landmark_place,False,11,51,resnet50 avgpool,all,0.10183910548112923,0.019813614908077693,20
4,15,amygdala,L,img_0130,landmark_place,False,11,51,resnet50 avgpool,same,-0.15669700291382416,-0.11549271910593104,20
4,15,amygdala,L,img_0130,landmark_place,False,11,51,resnet50 avgpool,diff,-0.07358309368551487,0.14080938631872636,20
4,15,amygdala,L,img_0130,landmark_place,False,11,51,resnet50 avgpool,partial,-0.06420233523207752,0.09218384719931769,20
4,15,amygdala,L,img_0130,landmark_place,False,11,51,resnet50 avgpool,category,0.2455871710277954,-0.010920227570946687,20
4,15,amygdala,L,img_0130,landmark_place,False,11,51,alexnet conv1,all,0.12151803732863917,-0.03193843129800474,20
4,15,amygdala,L,img_0130,landmark_place,False,11,51,alexnet conv1,same,0.14747953215418746,0.15056286674457478,20
4,15,amygdala,L,img_0130,landmark_place,False,11,51,alexnet conv1,diff,0.016255671067901493,-0.09914549214810872,20
4,15,amygdala,L,img_0130,landmark_place,False,11,51,alexnet conv1,partial,0.06547654388871003,-0.01906368236926174,20
4,15,amygdala,L,img_0130,landmark_place,False,11,51,alexnet conv1,category,0.2455871710277954,-0.010920227570946687,20
4,25,amygdala,L,img_0156,animal,False,19,43,clip ln_post,all,0.2358543069126808,-0.012091388976603577,20
4,25,amygdala,L,img_0156,animal,False,19,43,clip ln_post,same,0.455462966180808,-0.09435786609045418,20
4,25,amygdala,L,img_0156,animal,False,19,43,clip ln_post,diff,0.06829601066111227,0.07109122614376465,20
4,25,amygdala,L,img_0156,animal,False,19,43,clip ln_post,partial,0.11026198468270039,0.05109784729020406,20
4,25,amygdala,L,img_0156,animal,False,19,43,clip ln_post,category,0.21416303842686732,-0.05487660229584729,20
4,25,amygdala,L,img_0156,animal,False,19,43,resnet50 avgpool,all,0.2640953534891725,0.004717627053620844,20
4,25,amygdala,L,img_0156,animal,False,19,43,resnet50 avgpool,same,0.2132514465933263,-0.1224247885648572,20
4,25,amygdala,L,img_0156,animal,False,19,43,resnet50 avgpool,diff,0.18169458588492812,0.14754195688188415,20
4,25,amygdala,L,img_0156,animal,False,19,43,resnet50 avgpool,partial,0.15886980158679007,0.054465589247898315,20
4,25,amygdala,L,img_0156,animal,False,19,43,resnet50 avgpool,category,0.21416303842686732,-0.05487660229584729,20
4,25,amygdala,L,img_0156,animal,False,19,43,alexnet conv1,all,-0.013780421478448665,-0.09183003601317434,20
4,25,amygdala,L,img_0156,animal,False,19,43,alexnet conv1,same,0.4054410219181759,-0.08438040696534135,20
4,25,amygdala,L,img_0156,animal,False,19,43,alexnet conv1,diff,-0.16756698190967592,0.028521308579462744,20
4,25,amygdala,L,img_0156,animal,False,19,43,alexnet conv1,partial,0.001971239255589021,-0.04199590200203617,20
4,25,amygdala,L,img_0156,animal,False,19,43,alexnet conv1,category,0.21416303842686732,-0.05487660229584729,20
4,33,hippocampus,L,img_0114,face_person,True,28,34,clip ln_post,all,0.15991436611512128,0.02148733745773069,20
4,33,hippocampus,L,img_0114,face_person,True,28,34,clip ln_post,same,0.1975614599548893,-0.1686140286285079,20
4,33,hippocampus,L,img_0114,face_person,True,28,34,clip ln_post,diff,0.16730393952287417,0.19419110533281492,20
4,33,hippocampus,L,img_0114,face_person,True,28,34,clip ln_post,partial,0.20197626653574555,0.08240397584149103,20
4,33,hippocampus,L,img_0114,face_person,True,28,34,clip ln_post,category,-0.017219765779158003,-0.022949026791830977,20
4,33,hippocampus,L,img_0114,face_person,True,28,34,resnet50 avgpool,all,0.1810346559188205,-0.01131047177582169,20
4,33,hippocampus,L,img_0114,face_person,True,28,34,resnet50 avgpool,same,0.2882588847053309,-0.13781616825193105,20
4,33,hippocampus,L,img_0114,face_person,True,28,34,resnet50 avgpool,diff,-0.019116080841279044,0.09100077666290615,20
4,33,hippocampus,L,img_0114,face_person,True,28,34,resnet50 avgpool,partial,0.19012005747256114,0.0197180278292038,20
4,33,hippocampus,L,img_0114,face_person,True,28,34,resnet50 avgpool,category,-0.017219765779158003,-0.022949026791830977,20
4,33,hippocampus,L,img_0114,face_person,True,28,34,alexnet conv1,all,0.08863968883008377,0.0124770241219101,20
4,33,hippocampus,L,img_0114,face_person,True,28,34,alexnet conv1,same,0.19071120128793753,0.054625837435204536,20
4,33,hippocampus,L,img_0114,face_person,True,28,34,alexnet conv1,diff,0.06468881756688827,0.015836810215259116,20
4,33,hippocampus,L,img_0114,face_person,True,28,34,alexnet conv1,partial,0.1083205812952925,0.011119501547980496,20
4,33,hippocampus,L,img_0114,face_person,True,28,34,alexnet conv1,category,-0.017219765779158003,-0.022949026791830977,20
4,39,amygdala,R,img_0122,face_person,True,28,34,clip ln_post,all,0.309561579218374,0.0206608578523849,20
4,39,amygdala,R,img_0122,face_person,True,28,34,clip ln_post,same,0.35385251720070654,0.04400994004506692,19
4,39,amygdala,R,img_0122,face_person,True,28,34,clip ln_post,diff,-0.15289415743128765,-0.1301259692297097,20
4,39,amygdala,R,img_0122,face_person,True,28,34,clip ln_post,partial,0.1355122803995946,-0.0721636455106299,20
4,39,amygdala,R,img_0122,face_person,True,28,34,clip ln_post,category,0.2838760604660578,0.07458973918764614,20
4,39,amygdala,R,img_0122,face_person,True,28,34,resnet50 avgpool,all,0.28649556169393414,-0.017725992865452678,20
4,39,amygdala,R,img_0122,face_person,True,28,34,resnet50 avgpool,same,0.16594711132199974,-0.036765935122315165,19
4,39,amygdala,R,img_0122,face_person,True,28,34,resnet50 avgpool,diff,-0.0637058989297032,-0.19436083957695463,20
4,39,amygdala,R,img_0122,face_person,True,28,34,resnet50 avgpool,partial,0.08596554754428788,-0.13574839677525566,20
4,39,amygdala,R,img_0122,face_person,True,28,34,resnet50 avgpool,category,0.2838760604660578,0.07458973918764614,20
4,39,amygdala,R,img_0122,face_person,True,28,34,alexnet conv1,all,0.20422265426718872,0.04058022030650653,20
4,39,amygdala,R,img_0122,face_person,True,28,34,alexnet conv1,same,0.033117427856017304,-0.10947682156836436,19
4,39,amygdala,R,img_0122,face_person,True,28,34,alexnet conv1,diff,-0.050964719143762556,-0.004187382431807369,20
4,39,amygdala,R,img_0122,face_person,True,28,34,alexnet conv1,partial,0.002469307331315812,-0.04429625812604785,20
4,39,amygdala,R,img_0122,face_person,True,28,34,alexnet conv1,category,0.2838760604660578,0.07458973918764614,20
4,40,amygdala,R,img_0110,face_person,True,28,34,clip ln_post,all,0.41570742391935206,-0.044215215457667024,20
4,40,amygdala,R,img_0110,face_person,True,28,34,clip ln_post,same,-0.024904679884606075,-0.06063832241532199,20
4,40,amygdala,R,img_0110,face_person,True,28,34,clip ln_post,diff,-0.29494030498566737,-0.12945033918598595,20
4,40,amygdala,R,img_0110,face_person,True,28,34,clip ln_post,partial,-0.21288348587417388,-0.09837417196515201,20
4,40,amygdala,R,img_0110,face_person,True,28,34,clip ln_post,category,0.5990434249884223,0.01729543502916265,20
4,40,amygdala,R,img_0110,face_person,True,28,34,resnet50 avgpool,all,0.4552274780446936,-0.07610796282320867,20
4,40,amygdala,R,img_0110,face_person,True,28,34,resnet50 avgpool,same,-0.042891393134599345,-0.12477290865738251,20
4,40,amygdala,R,img_0110,face_person,True,28,34,resnet50 avgpool,diff,-0.1921369650851513,-0.1020442016031633,20
4,40,amygdala,R,img_0110,face_person,True,28,34,resnet50 avgpool,partial,-0.1301206441993988,-0.14935925465177793,20
4,40,amygdala,R,img_0110,face_person,True,28,34,resnet50 avgpool,category,0.5990434249884223,0.01729543502916265,20
4,40,amygdala,R,img_0110,face_person,True,28,34,alexnet conv1,all,-0.08374909612212038,0.0975703980231771,20
4,40,amygdala,R,img_0110,face_person,True,28,34,alexnet conv1,same,-0.1555158899460957,-0.08426550029501542,20
4,40,amygdala,R,img_0110,face_person,True,28,34,alexnet conv1,diff,-0.4079620491534034,-0.0682316096886956,20
4,40,amygdala,R,img_0110,face_person,True,28,34,alexnet conv1,partial,-0.3230224727720381,-0.06339558326637071,20
4,40,amygdala,R,img_0110,face_person,True,28,34,alexnet conv1,category,0.5990434249884223,0.01729543502916265,20
4,41,amygdala,R,img_0146,face_person,True,28,34,clip ln_post,all,0.4916371206120758,0.029693466024920866,20
4,41,amygdala,R,img_0146,face_person,True,28,34,clip ln_post,same,0.055951862609882934,-0.04872522609030857,20
4,41,amygdala,R,img_0146,face_person,True,28,34,clip ln_post,diff,0.0024656113974268427,-0.14280877883398102,20
4,41,amygdala,R,img_0146,face_person,True,28,34,clip ln_post,partial,0.051662917733470544,-0.11209431622006631,20
4,41,amygdala,R,img_0146,face_person,True,28,34,clip ln_post,category,0.5584623784653318,0.10418944034292735,20
4,41,amygdala,R,img_0146,face_person,True,28,34,resnet50 avgpool,all,0.6160804782768923,-0.006473496552019559,20
4,41,amygdala,R,img_0146,face_person,True,28,34,resnet50 avgpool,same,0.4577630328230128,0.09824626799538841,20
4,41,amygdala,R,img_0146,face_person,True,28,34,resnet50 avgpool,diff,0.2188230115216323,-0.22661761736464348,20
4,41,amygdala,R,img_0146,face_person,True,28,34,resnet50 avgpool,partial,0.3207483574428146,-0.17342373288946347,20
4,41,amygdala,R,img_0146,face_person,True,28,34,resnet50 avgpool,category,0.5584623784653318,0.10418944034292735,20
4,41,amygdala,R,img_0146,face_person,True,28,34,alexnet conv1,all,0.4010823558827676,0.18511759209022433,20
4,41,amygdala,R,img_0146,face_person,True,28,34,alexnet conv1,same,0.28661615895748854,0.03727916592529926,20
4,41,amygdala,R,img_0146,face_person,True,28,34,alexnet conv1,diff,0.13237251189935362,0.05378915507127208,20
4,41,amygdala,R,img_0146,face_person,True,28,34,alexnet conv1,partial,0.10658440599543273,0.06810529251730665,20
4,41,amygdala,R,img_0146,face_person,True,28,34,alexnet conv1,category,0.5584623784653318,0.10418944034292735,20
4,43,amygdala,R,img_0108,face_person,True,28,34,clip ln_post,all,0.3401842326480911,0.012448260140498064,20
4,43,amygdala,R,img_0108,face_person,True,28,34,clip ln_post,same,0.42181390575434025,-0.17495860577887493,20
4,43,amygdala,R,img_0108,face_person,True,28,34,clip ln_post,diff,-0.03995456274493189,-0.009658844984598054,20
4,43,amygdala,R,img_0108,face_person,True,28,34,clip ln_post,partial,0.14665617081928226,-0.07399069935198276,20
4,43,amygdala,R,img_0108,face_person,True,28,34,clip ln_post,category,0.33295661333335436,0.05621942107320915,20
4,43,amygdala,R,img_0108,face_person,True,28,34,resnet50 avgpool,all,0.30633530699306427,-0.016185382969921933,20
4,43,amygdala,R,img_0108,face_person,True,28,34,resnet50 avgpool,same,-0.1258282995624892,-0.1004007086466651,20
4,43,amygdala,R,img_0108,face_person,True,28,34,resnet50 avgpool,diff,0.11509987498443842,-0.12733328848078146,20
4,43,amygdala,R,img_0108,face_person,True,28,34,resnet50 avgpool,partial,0.04240523639895945,-0.13320037125383777,20
4,43,amygdala,R,img_0108,face_person,True,28,34,resnet50 avgpool,category,0.33295661333335436,0.05621942107320915,20
4,43,amygdala,R,img_0108,face_person,True,28,34,alexnet conv1,all,0.3259160756455237,0.07569038843398265,20
4,43,amygdala,R,img_0108,face_person,True,28,34,alexnet conv1,same,0.5559022687454391,-0.10352725916064669,20
4,43,amygdala,R,img_0108,face_person,True,28,34,alexnet conv1,diff,0.03350036414767366,0.040777215694677474,20
4,43,amygdala,R,img_0108,face_person,True,28,34,alexnet conv1,partial,0.21437365011858278,-0.02587994823483538,20
4,43,amygdala,R,img_0108,face_person,True,28,34,alexnet conv1,category,0.33295661333335436,0.05621942107320915,20
4,44,amygdala,R,img_0154,face_person,True,28,34,clip ln_post,all,0.43065144129860616,0.09208910234024283,20
4,44,amygdala,R,img_0154,face_person,True,28,34,clip ln_post,same,0.13638234060461454,-0.13828441451586485,20
4,44,amygdala,R,img_0154,face_person,True,28,34,clip ln_post,diff,0.05643499003346117,0.02350531218411047,20
4,44,amygdala,R,img_0154,face_person,True,28,34,clip ln_post,partial,0.08392583551579709,-0.026328880040878355,20
4,44,amygdala,R,img_0154,face_person,True,28,34,clip ln_post,category,0.45563509238930394,0.13700705935716415,20
4,44,amygdala,R,img_0154,face_person,True,28,34,resnet50 avgpool,all,0.5869565532112087,0.03171757008632265,20
4,44,amygdala,R,img_0154,face_person,True,28,34,resnet50 avgpool,same,0.4283172303325646,0.003813865748153791,20
4,44,amygdala,R,img_0154,face_person,True,28,34,resnet50 avgpool,diff,0.4095742637116776,-0.10028963847727793,20
4,44,amygdala,R,img_0154,face_person,True,28,34,resnet50 avgpool,partial,0.42963413365612335,-0.11941747801826863,20
4,44,amygdala,R,img_0154,face_person,True,28,34,resnet50 avgpool,category,0.45563509238930394,0.13700705935716415,20
4,44,amygdala,R,img_0154,face_person,True,28,34,alexnet conv1,all,-0.0018640738568142755,0.1428925738965498,20
4,44,amygdala,R,img_0154,face_person,True,28,34,alexnet conv1,same,-0.38696435195646656,0.022538398452479524,20
4,44,amygdala,R,img_0154,face_person,True,28,34,alexnet conv1,diff,0.10552884315200058,-0.03045442411185643,20
4,44,amygdala,R,img_0154,face_person,True,28,34,alexnet conv1,partial,-0.11212920511406926,-0.007632755257511364,20
4,44,amygdala,R,img_0154,face_person,True,28,34,alexnet conv1,category,0.45563509238930394,0.13700705935716415,20
4,45,amygdala,R,img_0139,animal,False,19,43,clip ln_post,all,0.08668352169977073,-0.012763106458271898,20
4,45,amygdala,R,img_0139,animal,False,19,43,clip ln_post,same,0.13879071170995794,0.08771979059311999,20
4,45,amygdala,R,img_0139,animal,False,19,43,clip ln_post,diff,-0.17357271926256074,-0.09410402720923985,20
4,45,amygdala,R,img_0139,animal,False,19,43,clip ln_post,partial,-0.09607792300504409,-0.03188422917531452,20
4,45,amygdala,R,img_0139,animal,False,19,43,clip ln_post,category,0.17976850554381757,-0.0051505138259940525,20
4,45,amygdala,R,img_0139,animal,False,19,43,resnet50 avgpool,all,0.004317169055376447,0.022447391758118638,20
4,45,amygdala,R,img_0139,animal,False,19,43,resnet50 avgpool,same,-0.03537802455351868,-0.00858731962496785,20
4,45,amygdala,R,img_0139,animal,False,19,43,resnet50 avgpool,diff,-0.2632480001218774,0.05464794612329382,20
4,45,amygdala,R,img_0139,animal,False,19,43,resnet50 avgpool,partial,-0.21589032427441984,0.04698594015622383,20
4,45,amygdala,R,img_0139,animal,False,19,43,resnet50 avgpool,category,0.17976850554381757,-0.0051505138259940525,20
4,45,amygdala,R,img_0139,animal,False,19,43,alexnet conv1,all,0.1283638265798597,0.028939285112851165,20
4,45,amygdala,R,img_0139,animal,False,19,43,alexnet conv1,same,0.34380182835342515,0.012786463038882659,20
4,45,amygdala,R,img_0139,animal,False,19,43,alexnet conv1,diff,-0.01796671558258153,0.06441647722644649,20
4,45,amygdala,R,img_0139,animal,False,19,43,alexnet conv1,partial,0.12606146543791322,0.04784030245478745,20
4,45,amygdala,R,img_0139,animal,False,19,43,alexnet conv1,category,0.17976850554381757,-0.0051505138259940525,20
4,46,amygdala,R,img_0147,face_person,True,28,34,clip ln_post,all,0.0401943736565793,0.03828948410135545,20
4,46,amygdala,R,img_0147,face_person,True,28,34,clip ln_post,same,0.1466211600767989,-0.035032022743456966,20
4,46,amygdala,R,img_0147,face_person,True,28,34,clip ln_post,diff,-0.11004808804826466,0.07234857996233562,20
4,46,amygdala,R,img_0147,face_person,True,28,34,clip ln_post,partial,0.0015776568622004883,0.04114198944501727,20
4,46,amygdala,R,img_0147,face_person,True,28,34,clip ln_post,category,0.05057002843185409,0.02693591258174502,20
4,46,amygdala,R,img_0147,face_person,True,28,34,resnet50 avgpool,all,0.12746116582573017,-0.006166687523860051,20
4,46,amygdala,R,img_0147,face_person,True,28,34,resnet50 avgpool,same,0.2843561892398524,-0.061972857861352294,20
4,46,amygdala,R,img_0147,face_person,True,28,34,resnet50 avgpool,diff,0.0509827300562582,-0.04148020239242608,20
4,46,amygdala,R,img_0147,face_person,True,28,34,resnet50 avgpool,partial,0.16033029794962178,-0.031872690921420324,20
4,46,amygdala,R,img_0147,face_person,True,28,34,resnet50 avgpool,category,0.05057002843185409,0.02693591258174502,20
4,46,amygdala,R,img_0147,face_person,True,28,34,alexnet conv1,all,0.08775260202886778,0.02266807411927424,20
4,46,amygdala,R,img_0147,face_person,True,28,34,alexnet conv1,same,0.3149022642558522,0.0638807855741109,20
4,46,amygdala,R,img_0147,face_person,True,28,34,alexnet conv1,diff,-0.06668168046992308,-0.03814534304111666,20
4,46,amygdala,R,img_0147,face_person,True,28,34,alexnet conv1,partial,0.07285625514332768,0.010991415999797572,20
4,46,amygdala,R,img_0147,face_person,True,28,34,alexnet conv1,category,0.05057002843185409,0.02693591258174502,20
5,5,amygdala,L,img_0168,cartoon_art,False,3,59,clip ln_post,all,0.21880731118454516,-0.06459538597545254,20
5,5,amygdala,L,img_0168,cartoon_art,False,3,59,clip ln_post,same,,0.24438937458839347,20
5,5,amygdala,L,img_0168,cartoon_art,False,3,59,clip ln_post,diff,0.3253431534524672,-0.08209813293397596,20
5,5,amygdala,L,img_0168,cartoon_art,False,3,59,clip ln_post,partial,0.3230759903029765,0.0049823203455295435,20
5,5,amygdala,L,img_0168,cartoon_art,False,3,59,clip ln_post,category,-0.21468046591137263,-0.09139570465525487,20
5,5,amygdala,L,img_0168,cartoon_art,False,3,59,resnet50 avgpool,all,0.04297910622229301,-0.06462707983520896,20
5,5,amygdala,L,img_0168,cartoon_art,False,3,59,resnet50 avgpool,same,,0.2819336528832824,20
5,5,amygdala,L,img_0168,cartoon_art,False,3,59,resnet50 avgpool,diff,0.10280468748813106,-0.17085596026261024,20
5,5,amygdala,L,img_0168,cartoon_art,False,3,59,resnet50 avgpool,partial,0.09899518776901337,0.0006291266382081149,20
5,5,amygdala,L,img_0168,cartoon_art,False,3,59,resnet50 avgpool,category,-0.21468046591137263,-0.09139570465525487,20
5,5,amygdala,L,img_0168,cartoon_art,False,3,59,alexnet conv1,all,0.026524392624562514,-0.05718723035216292,20
5,5,amygdala,L,img_0168,cartoon_art,False,3,59,alexnet conv1,same,,0.02798248604328122,20
5,5,amygdala,L,img_0168,cartoon_art,False,3,59,alexnet conv1,diff,0.05541494835542564,-0.0740532808996977,20
5,5,amygdala,L,img_0168,cartoon_art,False,3,59,alexnet conv1,partial,0.052900319142214394,-0.04601415580770193,20
5,5,amygdala,L,img_0168,cartoon_art,False,3,59,alexnet conv1,category,-0.21468046591137263,-0.09139570465525487,20
5,6,amygdala,L,img_0065,face_person,True,23,39,clip ln_post,all,0.09809977547616305,-0.051880684717029245,20
5,6,amygdala,L,img_0065,face_person,True,23,39,clip ln_post,same,-0.01106537929473308,0.19711285485913294,20
5,6,amygdala,L,img_0065,face_person,True,23,39,clip ln_post,diff,0.016041217287272626,-0.01981621022516728,20
5,6,amygdala,L,img_0065,face_person,True,23,39,clip ln_post,partial,0.022724596799312533,0.033606434012379796,20
5,6,amygdala,L,img_0065,face_person,True,23,39,clip ln_post,category,0.15185974521256274,-0.07352303424190113,20
5,6,amygdala,L,img_0065,face_person,True,23,39,resnet50 avgpool,all,0.047756067246687885,-0.07143694485347075,20
5,6,amygdala,L,img_0065,face_person,True,23,39,resnet50 avgpool,same,-0.17956092764635043,0.04563645083032412,20
5,6,amygdala,L,img_0065,face_person,True,23,39,resnet50 avgpool,diff,-0.061681067762674104,0.012399796271249505,20
5,6,amygdala,L,img_0065,face_person,True,23,39,resnet50 avgpool,partial,-0.09018072477861365,-0.0002181439936341751,20
5,6,amygdala,L,img_0065,face_person,True,23,39,resnet50 avgpool,category,0.15185974521256274,-0.07352303424190113,20
5,6,amygdala,L,img_0065,face_person,True,23,39,alexnet conv1,all,-0.08744176905200954,0.020152778734374998,20
5,6,amygdala,L,img_0065,face_person,True,23,39,alexnet conv1,same,-0.30128009988841437,0.07561343995287269,20
5,6,amygdala,L,img_0065,face_person,True,23,39,alexnet conv1,diff,-0.09510889475486159,0.010844820045617602,20
5,6,amygdala,L,img_0065,face_person,True,23,39,alexnet conv1,partial,-0.17817593738711074,0.028441395233677124,20
5,6,amygdala,L,img_0065,face_person,True,23,39,alexnet conv1,category,0.15185974521256274,-0.07352303424190113,20
7,17,amygdala,R,img_0194,face_person,True,8,45,clip ln_post,all,0.16655371252894974,-0.04440695480765521,20
7,17,amygdala,R,img_0194,face_person,True,8,45,clip ln_post,same,-0.28571428571428575,0.20729935109389985,20
7,17,amygdala,R,img_0194,face_person,True,8,45,clip ln_post,diff,-0.017898332686442364,-0.09612922005705155,20
7,17,amygdala,R,img_0194,face_person,True,8,45,clip ln_post,partial,-0.007395204395577698,-0.07788219727634942,20
7,17,amygdala,R,img_0194,face_person,True,8,45,clip ln_post,category,0.2976886019791751,0.0286607302862788,20
7,17,amygdala,R,img_0194,face_person,True,8,45,resnet50 avgpool,all,0.2185612433867249,-0.08005922767196329,20
7,17,amygdala,R,img_0194,face_person,True,8,45,resnet50 avgpool,same,-0.023809523809523815,-0.004102316234316861,20
7,17,amygdala,R,img_0194,face_person,True,8,45,resnet50 avgpool,diff,0.04951872043249054,-0.14247124525539556,20
7,17,amygdala,R,img_0194,face_person,True,8,45,resnet50 avgpool,partial,0.04532332985991182,-0.12107014075761587,20
7,17,amygdala,R,img_0194,face_person,True,8,45,resnet50 avgpool,category,0.2976886019791751,0.0286607302862788,20
7,17,amygdala,R,img_0194,face_person,True,8,45,alexnet conv1,all,0.06565748249256506,-0.000524184936289749,20
7,17,amygdala,R,img_0194,face_person,True,8,45,alexnet conv1,same,-0.3333333333333334,-0.005900061687324133,20
7,17,amygdala,R,img_0194,face_person,True,8,45,alexnet conv1,diff,0.03778536900471166,-0.02211379127858245,20
7,17,amygdala,R,img_0194,face_person,True,8,45,alexnet conv1,partial,-0.006625765331440329,-0.015538655485148076,20
7,17,amygdala,R,img_0194,face_person,True,8,45,alexnet conv1,category,0.2976886019791751,0.0286607302862788,20
7,20,amygdala,R,img_0213,animal,False,8,45,clip ln_post,all,0.12574531083790325,0.10325564360557202,20
7,20,amygdala,R,img_0213,animal,False,8,45,clip ln_post,same,-0.28743030285918214,-0.0816583345625509,20
7,20,amygdala,R,img_0213,animal,False,8,45,clip ln_post,diff,0.18261085128739396,0.10955901978550657,20
7,20,amygdala,R,img_0213,animal,False,8,45,clip ln_post,partial,0.16020147282291242,0.09693203109945311,20
7,20,amygdala,R,img_0213,animal,False,8,45,clip ln_post,category,-0.039711161920430615,0.041009648753618275,20
7,20,amygdala,R,img_0213,animal,False,8,45,resnet50 avgpool,all,0.09422816994665499,0.06197997488014195,20
7,20,amygdala,R,img_0213,animal,False,8,45,resnet50 avgpool,same,-0.4910267673844362,-0.018126762909956802,20
7,20,amygdala,R,img_0213,animal,False,8,45,resnet50 avgpool,diff,0.16379519958207678,0.049052964433002375,20
7,20,amygdala,R,img_0213,animal,False,8,45,resnet50 avgpool,partial,0.11356656974660945,0.044195613828574516,20
7,20,amygdala,R,img_0213,animal,False,8,45,resnet50 avgpool,category,-0.039711161920430615,0.041009648753618275,20
7,20,amygdala,R,img_0213,animal,False,8,45,alexnet conv1,all,-0.11233032266367964,-0.022850731695586456,20
7,20,amygdala,R,img_0213,animal,False,8,45,alexnet conv1,same,-0.8503146459584138,-0.03362586114239208,20
7,20,amygdala,R,img_0213,animal,False,8,45,alexnet conv1,diff,-0.030831260864502157,-0.06358629781647229,20
7,20,amygdala,R,img_0213,animal,False,8,45,alexnet conv1,partial,-0.1206529952666979,-0.05330920383129567,20
7,20,amygdala,R,img_0213,animal,False,8,45,alexnet conv1,category,-0.039711161920430615,0.041009648753618275,20
7,21,amygdala,R,img_0213,animal,False,8,45,clip ln_post,all,0.15392576451668186,-0.0755974251720145,20
7,21,amygdala,R,img_0213,animal,False,8,45,clip ln_post,same,0.4147575310031267,0.008629826729539918,20
7,21,amygdala,R,img_0213,animal,False,8,45,clip ln_post,diff,-0.14261859410168665,-0.14118528003368713,20
7,21,amygdala,R,img_0213,animal,False,8,45,clip ln_post,partial,-0.10379866041404648,-0.13404499354802443,20
7,21,amygdala,R,img_0213,animal,False,8,45,clip ln_post,category,0.5244485622176038,0.06567272932688174,20
7,21,amygdala,R,img_0213,animal,False,8,45,resnet50 avgpool,all,0.0349168444772052,-0.02863201844174702,20
7,21,amygdala,R,img_0213,animal,False,8,45,resnet50 avgpool,same,-0.17078251276599335,0.002201491471735595,20
7,21,amygdala,R,img_0213,animal,False,8,45,resnet50 avgpool,diff,-0.18989291190480265,-0.060869313224235624,20
7,21,amygdala,R,img_0213,animal,False,8,45,resnet50 avgpool,partial,-0.16996330659372635,-0.06511168808168885,20
7,21,amygdala,R,img_0213,animal,False,8,45,resnet50 avgpool,category,0.5244485622176038,0.06567272932688174,20
7,21,amygdala,R,img_0213,animal,False,8,45,alexnet conv1,all,-0.20176427185726112,-0.006979549396350112,20
7,21,amygdala,R,img_0213,animal,False,8,45,alexnet conv1,same,-0.2439750182371333,0.002113795588645917,20
7,21,amygdala,R,img_0213,animal,False,8,45,alexnet conv1,diff,-0.13273938883848285,0.01641488663846648,20
7,21,amygdala,R,img_0213,animal,False,8,45,alexnet conv1,partial,-0.13698787864093204,0.006810026494126507,20
7,21,amygdala,R,img_0213,animal,False,8,45,alexnet conv1,category,0.5244485622176038,0.06567272932688174,20
7,23,amygdala,R,img_0207,animal,False,8,45,clip ln_post,all,0.21544070536208434,0.04470462645638361,20
7,23,amygdala,R,img_0207,animal,False,8,45,clip ln_post,same,0.1576018096148834,0.07254764818719875,20
7,23,amygdala,R,img_0207,animal,False,8,45,clip ln_post,diff,0.1849784947264761,0.03607681371379022,20
7,23,amygdala,R,img_0207,animal,False,8,45,clip ln_post,partial,0.19341001243730704,0.03880407405179155,20
7,23,amygdala,R,img_0207,animal,False,8,45,clip ln_post,category,0.09767399500639955,0.028135061081483226,20
7,23,amygdala,R,img_0207,animal,False,8,45,resnet50 avgpool,all,-0.07535118266358615,-0.084919073336631,20
7,23,amygdala,R,img_0207,animal,False,8,45,resnet50 avgpool,same,0.36369648372665403,0.16486061839447605,20
7,23,amygdala,R,img_0207,animal,False,8,45,resnet50 avgpool,diff,-0.2509465676104656,-0.15795967642040679,20
7,23,amygdala,R,img_0207,animal,False,8,45,resnet50 avgpool,partial,-0.1242468280686112,-0.12111857885319022,20
7,23,amygdala,R,img_0207,animal,False,8,45,resnet50 avgpool,category,0.09767399500639955,0.028135061081483226,20
7,23,amygdala,R,img_0207,animal,False,8,45,alexnet conv1,all,-0.0505742769881816,-0.03669805492541892,20
7,23,amygdala,R,img_0207,animal,False,8,45,alexnet conv1,same,-0.424312564347763,0.010405041897180218,20
7,23,amygdala,R,img_0207,animal,False,8,45,alexnet conv1,diff,0.025583557199679172,-0.03554720978334749,20
7,23,amygdala,R,img_0207,animal,False,8,45,alexnet conv1,partial,-0.05149477162450419,-0.046166190122196665,20
7,23,amygdala,R,img_0207,animal,False,8,45,alexnet conv1,category,0.09767399500639955,0.028135061081483226,20
7,24,amygdala,R,img_0210,animal,False,8,45,clip ln_post,all,0.15576290544985477,-0.21194647368858804,20
7,24,amygdala,R,img_0210,animal,False,8,45,clip ln_post,same,0.5669467095138409,-0.07730747255858866,20
7,24,amygdala,R,img_0210,animal,False,8,45,clip ln_post,diff,-0.30448884220031386,-0.23167756344967882,20
7,24,amygdala,R,img_0210,animal,False,8,45,clip ln_post,partial,-0.3097338220843639,-0.23040470899008797,20
7,24,amygdala,R,img_0210,animal,False,8,45,clip ln_post,category,0.5859853160343549,-0.045431184496886864,20
7,24,amygdala,R,img_0210,animal,False,8,45,resnet50 avgpool,all,-0.01449147661741093,-0.16139469958098596,20
7,24,amygdala,R,img_0210,animal,False,8,45,resnet50 avgpool,same,0.5669467095138409,-0.04731102722951402,20
7,24,amygdala,R,img_0210,animal,False,8,45,resnet50 avgpool,diff,-0.40128580466319613,-0.1440481231833876,20
7,24,amygdala,R,img_0210,animal,False,8,45,resnet50 avgpool,partial,-0.378760889408264,-0.14710469297754872,20
7,24,amygdala,R,img_0210,animal,False,8,45,resnet50 avgpool,category,0.5859853160343549,-0.045431184496886864,20
7,24,amygdala,R,img_0210,animal,False,8,45,alexnet conv1,all,-0.02599459788716367,-0.02536651056460404,20
7,24,amygdala,R,img_0210,animal,False,8,45,alexnet conv1,same,-0.5039526306789696,-0.0179521329824444,20
7,24,amygdala,R,img_0210,animal,False,8,45,alexnet conv1,diff,-0.19204247535318864,0.02569869933403684,20
7,24,amygdala,R,img_0210,animal,False,8,45,alexnet conv1,partial,-0.2155277722890786,0.02162157514681163,20
7,24,amygdala,R,img_0210,animal,False,8,45,alexnet conv1,category,0.5859853160343549,-0.045431184496886864,20
7,25,amygdala,R,img_0214,animal,False,8,45,clip ln_post,all,-0.23172866025413213,0.09395169128904325,20
7,25,amygdala,R,img_0214,animal,False,8,45,clip ln_post,same,-0.3132757502627219,-0.0414632049803333,20
7,25,amygdala,R,img_0214,animal,False,8,45,clip ln_post,diff,-0.14141595925395492,0.11842937725977483,20
7,25,amygdala,R,img_0214,animal,False,8,45,clip ln_post,partial,-0.1844893499801787,0.10973666110646099,20
7,25,amygdala,R,img_0214,animal,False,8,45,clip ln_post,category,-0.1646825962835413,0.008435823975370755,20
7,25,amygdala,R,img_0214,animal,False,8,45,resnet50 avgpool,all,0.132091827343742,0.054137690973538065,20
7,25,amygdala,R,img_0214,animal,False,8,45,resnet50 avgpool,same,0.686796837114429,0.16888529310612807,20
7,25,amygdala,R,img_0214,animal,False,8,45,resnet50 avgpool,diff,0.16388081876055788,0.06382606543361564,20
7,25,amygdala,R,img_0214,animal,False,8,45,resnet50 avgpool,partial,0.20482233283521398,0.06075705971645384,20
7,25,amygdala,R,img_0214,animal,False,8,45,resnet50 avgpool,category,-0.1646825962835413,0.008435823975370755,20
7,25,amygdala,R,img_0214,animal,False,8,45,alexnet conv1,all,-0.31177079027538607,-0.020252655321939768,20
7,25,amygdala,R,img_0214,animal,False,8,45,alexnet conv1,same,-0.012049067317796999,-0.028862489702800826,20
7,25,amygdala,R,img_0214,animal,False,8,45,alexnet conv1,diff,-0.3418104582155106,-0.013710413869021046,20
7,25,amygdala,R,img_0214,animal,False,8,45,alexnet conv1,partial,-0.3099813607415396,-0.023444874824603654,20
7,25,amygdala,R,img_0214,animal,False,8,45,alexnet conv1,category,-0.1646825962835413,0.008435823975370755,20
7,26,amygdala,R,img_0210,animal,False,8,45,clip ln_post,all,0.49313928457519274,0.0791336716061194,20
7,26,amygdala,R,img_0210,animal,False,8,45,clip ln_post,same,0.26347777762091695,-0.10246520175289162,20
7,26,amygdala,R,img_0210,animal,False,8,45,clip ln_post,diff,0.37875752394464546,0.10931915246992267,20
7,26,amygdala,R,img_0210,animal,False,8,45,clip ln_post,partial,0.3651911266327388,0.09419711065446511,20
7,26,amygdala,R,img_0210,animal,False,8,45,clip ln_post,category,0.3679536565653604,0.01015520407908261,20
7,26,amygdala,R,img_0210,animal,False,8,45,resnet50 avgpool,all,0.12476043877677034,0.00884278991455538,20
7,26,amygdala,R,img_0210,animal,False,8,45,resnet50 avgpool,same,0.19162020190612145,-0.11997190846580415,20
7,26,amygdala,R,img_0210,animal,False,8,45,resnet50 avgpool,diff,-0.08890556190323703,0.03462861574244268,20
7,26,amygdala,R,img_0210,animal,False,8,45,resnet50 avgpool,partial,-0.04655650285773506,0.01973234806880686,20
7,26,amygdala,R,img_0210,animal,False,8,45,resnet50 avgpool,category,0.3679536565653604,0.01015520407908261,20
7,26,amygdala,R,img_0210,animal,False,8,45,alexnet conv1,all,0.08906262042295046,-0.047113360036127185,20
7,26,amygdala,R,img_0210,animal,False,8,45,alexnet conv1,same,-0.8622909085775463,-0.0837568101253275,20
7,26,amygdala,R,img_0210,animal,False,8,45,alexnet conv1,diff,0.10952900823320726,-0.03329332191327047,20
7,26,amygdala,R,img_0210,animal,False,8,45,alexnet conv1,partial,-0.0010511353312604305,-0.0417070810457633,20
7,26,amygdala,R,img_0210,animal,False,8,45,alexnet conv1,category,0.3679536565653604,0.01015520407908261,20
7,30,amygdala,R,img_0209,animal,False,8,45,clip ln_post,all,0.29893883179549924,0.022517856505370283,20
7,30,amygdala,R,img_0209,animal,False,8,45,clip ln_post,same,0.3333333333333334,0.2395359667860117,20
7,30,amygdala,R,img_0209,animal,False,8,45,clip ln_post,diff,0.03489564192003723,0.016365605590308266,20
7,30,amygdala,R,img_0209,animal,False,8,45,clip ln_post,partial,0.044974803928556725,0.021294985078631177,20
7,30,amygdala,R,img_0209,animal,False,8,45,clip ln_post,category,0.44487050536095124,0.02068882153053913,20
7,30,amygdala,R,img_0209,animal,False,8,45,resnet50 avgpool,all,0.1214640771739272,0.03047958327718996,20
7,30,amygdala,R,img_0209,animal,False,8,45,resnet50 avgpool,same,0.1666666666666667,0.06715822872606728,20
7,30,amygdala,R,img_0209,animal,False,8,45,resnet50 avgpool,diff,-0.14156152657920584,0.053097019993051234,20
7,30,amygdala,R,img_0209,animal,False,8,45,resnet50 avgpool,partial,-0.12538760761433387,0.04402483516045895,20
7,30,amygdala,R,img_0209,animal,False,8,45,resnet50 avgpool,category,0.44487050536095124,0.02068882153053913,20
7,30,amygdala,R,img_0209,animal,False,8,45,alexnet conv1,all,0.12517660046296417,0.0038159494030424236,20
7,30,amygdala,R,img_0209,animal,False,8,45,alexnet conv1,same,0.38095238095238104,-0.04049049061906461,20
7,30,amygdala,R,img_0209,animal,False,8,45,alexnet conv1,diff,0.026715945137268576,0.033054151197540786,20
7,30,amygdala,R,img_0209,animal,False,8,45,alexnet conv1,partial,0.08214568327389449,0.01889759709487638,20
7,30,amygdala,R,img_0209,animal,False,8,45,alexnet conv1,category,0.44487050536095124,0.02068882153053913,20
8,34,hippocampus,R,img_0219,vehicle,False,8,45,clip ln_post,all,0.15060982239410134,-0.09266510343862969,20
8,34,hippocampus,R,img_0219,vehicle,False,8,45,clip ln_post,same,-0.3592878785739777,-0.04650896971223802,20
8,34,hippocampus,R,img_0219,vehicle,False,8,45,clip ln_post,diff,0.05113148836315297,-0.12912532443330166,20
8,34,hippocampus,R,img_0219,vehicle,False,8,45,clip ln_post,partial,0.04125203989710861,-0.12249598815772944,20
8,34,hippocampus,R,img_0219,vehicle,False,8,45,clip ln_post,category,0.1916380037930138,0.004740859409579872,20
8,34,hippocampus,R,img_0219,vehicle,False,8,45,resnet50 avgpool,all,-0.0499858262737326,-0.1299099854768994,20
8,34,hippocampus,R,img_0219,vehicle,False,8,45,resnet50 avgpool,same,0.11976262619132588,-0.0017871394500140157,20
8,34,hippocampus,R,img_0219,vehicle,False,8,45,resnet50 avgpool,diff,-0.25792995240968275,-0.1775538063761451,20
8,34,hippocampus,R,img_0219,vehicle,False,8,45,resnet50 avgpool,partial,-0.2176771571368089,-0.16438747524638014,20
8,34,hippocampus,R,img_0219,vehicle,False,8,45,resnet50 avgpool,category,0.1916380037930138,0.004740859409579872,20
8,34,hippocampus,R,img_0219,vehicle,False,8,45,alexnet conv1,all,0.1940314414654922,0.009191360451013965,20
8,34,hippocampus,R,img_0219,vehicle,False,8,45,alexnet conv1,same,0.27545404024004955,0.0021434076135824986,20
8,34,hippocampus,R,img_0219,vehicle,False,8,45,alexnet conv1,diff,0.1476463500577842,0.010417787115881148,20
8,34,hippocampus,R,img_0219,vehicle,False,8,45,alexnet conv1,partial,0.12949763759966426,0.013630343503196007,20
8,34,hippocampus,R,img_0219,vehicle,False,8,45,alexnet conv1,category,0.1916380037930138,0.004740859409579872,20
8,37,hippocampus,R,img_0219,vehicle,False,8,45,clip ln_post,all,0.2373968661353222,-0.037084972610376674,20
8,37,hippocampus,R,img_0219,vehicle,False,8,45,clip ln_post,same,0.22754898976351917,-0.12508134635706894,20
8,37,hippocampus,R,img_0219,vehicle,False,8,45,clip ln_post,diff,0.11286572809489308,-0.05477893267550273,20
8,37,hippocampus,R,img_0219,vehicle,False,8,45,clip ln_post,partial,0.11576903475859157,-0.053969805299947195,20
8,37,hippocampus,R,img_0219,vehicle,False,8,45,clip ln_post,category,0.2406571846295388,0.017254134929799922,20
8,37,hippocampus,R,img_0219,vehicle,False,8,45,resnet50 avgpool,all,0.18695155151875348,0.021554602352966284,20
8,37,hippocampus,R,img_0219,vehicle,False,8,45,resnet50 avgpool,same,0.27545404024004955,-0.20766460385245678,20
8,37,hippocampus,R,img_0219,vehicle,False,8,45,resnet50 avgpool,diff,0.037909099512788515,0.03230606084997657,20
8,37,hippocampus,R,img_0219,vehicle,False,8,45,resnet50 avgpool,partial,0.05043113648653198,0.019528435441898008,20
8,37,hippocampus,R,img_0219,vehicle,False,8,45,resnet50 avgpool,category,0.2406571846295388,0.017254134929799922,20
8,37,hippocampus,R,img_0219,vehicle,False,8,45,alexnet conv1,all,0.21802910678855925,0.010273567424724756,20
8,37,hippocampus,R,img_0219,vehicle,False,8,45,alexnet conv1,same,-0.15569141404872366,-0.24398553434765607,20
8,37,hippocampus,R,img_0219,vehicle,False,8,45,alexnet conv1,diff,0.1614450461768406,0.052222610399423386,20
8,37,hippocampus,R,img_0219,vehicle,False,8,45,alexnet conv1,partial,0.13553395774477756,0.014542261887874627,20
8,37,hippocampus,R,img_0219,vehicle,False,8,45,alexnet conv1,category,0.2406571846295388,0.017254134929799922,20
8,38,hippocampus,R,img_0201,landscape_nature,False,8,45,clip ln_post,all,-0.037928242540555164,-0.07429963444947271,20
8,38,hippocampus,R,img_0201,landscape_nature,False,8,45,clip ln_post,same,-0.0242464322484436,-0.03303696200034877,20
8,38,hippocampus,R,img_0201,landscape_nature,False,8,45,clip ln_post,diff,-0.026744496376937578,-0.09427887135312471,20
8,38,hippocampus,R,img_0201,landscape_nature,False,8,45,clip ln_post,partial,-0.027514079474712218,-0.0902592991893966,20
8,38,hippocampus,R,img_0201,landscape_nature,False,8,45,clip ln_post,category,-0.026366689534169232,0.0030116745018126155,20
8,38,hippocampus,R,img_0201,landscape_nature,False,8,45,resnet50 avgpool,all,-0.004237103017003451,-0.08724787980066953,20
8,38,hippocampus,R,img_0201,landscape_nature,False,8,45,resnet50 avgpool,same,-0.2788339708571014,0.0059553521798100945,20
8,38,hippocampus,R,img_0201,landscape_nature,False,8,45,resnet50 avgpool,diff,0.044686156006692186,-0.10093813715499689,20
8,38,hippocampus,R,img_0201,landscape_nature,False,8,45,resnet50 avgpool,partial,0.00847266246179501,-0.09483735979253674,20
8,38,hippocampus,R,img_0201,landscape_nature,False,8,45,resnet50 avgpool,category,-0.026366689534169232,0.0030116745018126155,20
8,38,hippocampus,R,img_0201,landscape_nature,False,8,45,alexnet conv1,all,-0.032703853383667415,0.013143332219600156,20
8,38,hippocampus,R,img_0201,landscape_nature,False,8,45,alexnet conv1,same,-0.2060946741117706,-0.06488916662699953,20
8,38,hippocampus,R,img_0201,landscape_nature,False,8,45,alexnet conv1,diff,-0.037563249936452534,0.039191981574080784,20
8,38,hippocampus,R,img_0201,landscape_nature,False,8,45,alexnet conv1,partial,-0.03864775697426222,0.028393112745854498,20
8,38,hippocampus,R,img_0201,landscape_nature,False,8,45,alexnet conv1,category,-0.026366689534169232,0.0030116745018126155,20
8,42,hippocampus,R,img_0221,vehicle,False,8,45,clip ln_post,all,-0.06899202763467448,0.014298836881434556,20
8,42,hippocampus,R,img_0221,vehicle,False,8,45,clip ln_post,same,0.02395252523826518,-0.12819754233756425,20
8,42,hippocampus,R,img_0221,vehicle,False,8,45,clip ln_post,diff,-0.24580293220394644,0.030221531870312974,20
8,42,hippocampus,R,img_0221,vehicle,False,8,45,clip ln_post,partial,-0.21303184161327804,0.01860757887236345,20
8,42,hippocampus,R,img_0221,vehicle,False,8,45,clip ln_post,category,0.21562514625899312,-0.0009327061109136142,20
8,42,hippocampus,R,img_0221,vehicle,False,8,45,resnet50 avgpool,all,0.008195074084165546,-0.049606282459878234,20
8,42,hippocampus,R,img_0221,vehicle,False,8,45,resnet50 avgpool,same,-0.20359646452525404,-0.18670437324773412,20
8,42,hippocampus,R,img_0221,vehicle,False,8,45,resnet50 avgpool,diff,-0.1777222488881996,-0.05449154698570715,20
8,42,hippocampus,R,img_0221,vehicle,False,8,45,resnet50 avgpool,partial,-0.16387489301002287,-0.0634800412060944,20
8,42,hippocampus,R,img_0221,vehicle,False,8,45,resnet50 avgpool,category,0.21562514625899312,-0.0009327061109136142,20
8,42,hippocampus,R,img_0221,vehicle,False,8,45,alexnet conv1,all,0.12397572666242557,0.008928251692833147,20
8,42,hippocampus,R,img_0221,vehicle,False,8,45,alexnet conv1,same,-0.01197626261913259,-0.010554247060897793,20
8,42,hippocampus,R,img_0221,vehicle,False,8,45,alexnet conv1,diff,0.022297743178994602,-0.008890014572163709,20
8,42,hippocampus,R,img_0221,vehicle,False,8,45,alexnet conv1,partial,0.010687877303752025,-0.006517068696819196,20
8,42,hippocampus,R,img_0221,vehicle,False,8,45,alexnet conv1,category,0.21562514625899312,-0.0009327061109136142,20
8,45,hippocampus,R,img_0221,vehicle,False,8,45,clip ln_post,all,0.1427332640986544,-0.07020211479755828,20
8,45,hippocampus,R,img_0221,vehicle,False,8,45,clip ln_post,same,-0.1666666666666667,-0.04254316991889382,20
8,45,hippocampus,R,img_0221,vehicle,False,8,45,clip ln_post,diff,0.00791348369810652,-0.1088140580538554,20
8,45,hippocampus,R,img_0221,vehicle,False,8,45,clip ln_post,partial,0.00993303869529195,-0.10608448302584388,20
8,45,hippocampus,R,img_0221,vehicle,False,8,45,clip ln_post,category,0.2637493194764347,0.022992028794434995,20
8,45,hippocampus,R,img_0221,vehicle,False,8,45,resnet50 avgpool,all,0.16205752455746028,-0.07256298103194715,20
8,45,hippocampus,R,img_0221,vehicle,False,8,45,resnet50 avgpool,same,0.6190476190476191,0.01834910697790727,20
8,45,hippocampus,R,img_0221,vehicle,False,8,45,resnet50 avgpool,diff,0.00923239764779094,-0.09165233223570529,20
8,45,hippocampus,R,img_0221,vehicle,False,8,45,resnet50 avgpool,partial,-0.001999318558989674,-0.09557381107246618,20
8,45,hippocampus,R,img_0221,vehicle,False,8,45,resnet50 avgpool,category,0.2637493194764347,0.022992028794434995,20
8,45,hippocampus,R,img_0221,vehicle,False,8,45,alexnet conv1,all,0.08657591428934773,0.046909918338097996,20
8,45,hippocampus,R,img_0221,vehicle,False,8,45,alexnet conv1,same,-0.3333333333333334,-0.036543346380027306,20
8,45,hippocampus,R,img_0221,vehicle,False,8,45,alexnet conv1,diff,-0.034159871296826474,0.04955802835003334,20
8,45,hippocampus,R,img_0221,vehicle,False,8,45,alexnet conv1,partial,-0.06655401098482502,0.034024682400701556,20
8,45,hippocampus,R,img_0221,vehicle,False,8,45,alexnet conv1,category,0.2637493194764347,0.022992028794434995,20
10,64,amygdala,R,img_0236,landmark_place,False,16,46,clip ln_post,all,-0.1165175306958594,-0.02013799209878095,20
10,64,amygdala,R,img_0236,landmark_place,False,16,46,clip ln_post,same,-0.01489322598652451,0.02689519526321374,20
10,64,amygdala,R,img_0236,landmark_place,False,16,46,clip ln_post,diff,-0.05232402649809658,-0.0998140410442476,20
10,64,amygdala,R,img_0236,landmark_place,False,16,46,clip ln_post,partial,-0.023493314410951885,-0.0719336169640585,20
10,64,amygdala,R,img_0236,landmark_place,False,16,46,clip ln_post,category,-0.14946648560690245,0.024265285684105253,20
10,64,amygdala,R,img_0236,landmark_place,False,16,46,resnet50 avgpool,all,-0.131618365103186,0.007673163776851797,20
10,64,amygdala,R,img_0236,landmark_place,False,16,46,resnet50 avgpool,same,-0.0848913881231897,-0.014099354977249201,20
10,64,amygdala,R,img_0236,landmark_place,False,16,46,resnet50 avgpool,diff,-0.017648483996982694,-0.050878286501934857,20
10,64,amygdala,R,img_0236,landmark_place,False,16,46,resnet50 avgpool,partial,-0.03482821543207517,-0.025659897745310068,20
10,64,amygdala,R,img_0236,landmark_place,False,16,46,resnet50 avgpool,category,-0.14946648560690245,0.024265285684105253,20
10,64,amygdala,R,img_0236,landmark_place,False,16,46,alexnet conv1,all,-0.11958845668457625,0.04548783114239322,20
10,64,amygdala,R,img_0236,landmark_place,False,16,46,alexnet conv1,same,-0.10574190450432402,-0.03809418812515248,20
10,64,amygdala,R,img_0236,landmark_place,False,16,46,alexnet conv1,diff,-0.03237626817756332,0.054355302726544485,20
10,64,amygdala,R,img_0236,landmark_place,False,16,46,alexnet conv1,partial,-0.047651322779354015,0.026747106674714766,20
10,64,amygdala,R,img_0236,landmark_place,False,16,46,alexnet conv1,category,-0.14946648560690245,0.024265285684105253,20
10,67,amygdala,R,img_0049,vehicle,False,1,61,clip ln_post,all,0.09462040482590751,-0.04887844759941134,20
10,67,amygdala,R,img_0049,vehicle,False,1,61,clip ln_post,same,,0.09622780860880062,20
10,67,amygdala,R,img_0049,vehicle,False,1,61,clip ln_post,diff,0.09626453106628682,-0.14693075720060372,20
10,67,amygdala,R,img_0049,vehicle,False,1,61,clip ln_post,partial,0.09598775198591976,-0.0676408366790687,20
10,67,amygdala,R,img_0049,vehicle,False,1,61,clip ln_post,category,-0.014457391975761942,-0.0017461175869289698,20
10,67,amygdala,R,img_0049,vehicle,False,1,61,resnet50 avgpool,all,0.08782727546626316,-0.014124104537449056,20
10,67,amygdala,R,img_0049,vehicle,False,1,61,resnet50 avgpool,same,,-0.11781461478499988,20
10,67,amygdala,R,img_0049,vehicle,False,1,61,resnet50 avgpool,diff,0.09180635672128684,0.05975109159311691,20
10,67,amygdala,R,img_0049,vehicle,False,1,61,resnet50 avgpool,partial,0.09298287762400753,-0.017472686634944418,20
10,67,amygdala,R,img_0049,vehicle,False,1,61,resnet50 avgpool,category,-0.014457391975761942,-0.0017461175869289698,20
10,67,amygdala,R,img_0049,vehicle,False,1,61,alexnet conv1,all,0.035822944338498995,0.012618014529410604,20
10,67,amygdala,R,img_0049,vehicle,False,1,61,alexnet conv1,same,,-0.033177806896657204,20
10,67,amygdala,R,img_0049,vehicle,False,1,61,alexnet conv1,diff,0.03633278612901175,0.07366581851381455,20
10,67,amygdala,R,img_0049,vehicle,False,1,61,alexnet conv1,partial,0.034754868175198045,0.022148875049931963,20
10,67,amygdala,R,img_0049,vehicle,False,1,61,alexnet conv1,category,-0.014457391975761942,-0.0017461175869289698,20
10,70,amygdala,R,img_0243,landmark_place,False,16,46,clip ln_post,all,0.02989021333761729,-0.016430492608593632,20
10,70,amygdala,R,img_0243,landmark_place,False,16,46,clip ln_post,same,0.3333784015066003,-0.031526219439109764,20
10,70,amygdala,R,img_0243,landmark_place,False,16,46,clip ln_post,diff,0.062368127932472844,-0.0628738691366793,20
10,70,amygdala,R,img_0243,landmark_place,False,16,46,clip ln_post,partial,0.0881775603880592,-0.044125280991118794,20
10,70,amygdala,R,img_0243,landmark_place,False,16,46,clip ln_post,category,-0.055517689018711236,0.012581348035929432,20
10,70,amygdala,R,img_0243,landmark_place,False,16,46,resnet50 avgpool,all,0.08009142854047066,0.003172414959221549,20
10,70,amygdala,R,img_0243,landmark_place,False,16,46,resnet50 avgpool,same,0.5052999986961026,0.0006447594957259522,20
10,70,amygdala,R,img_0243,landmark_place,False,16,46,resnet50 avgpool,diff,0.05816424003360396,-0.047867411659393524,20
10,70,amygdala,R,img_0243,landmark_place,False,16,46,resnet50 avgpool,partial,0.12330606682590593,-0.01721684586776699,20
10,70,amygdala,R,img_0243,landmark_place,False,16,46,resnet50 avgpool,category,-0.055517689018711236,0.012581348035929432,20
10,70,amygdala,R,img_0243,landmark_place,False,16,46,alexnet conv1,all,-0.052173405800108326,0.03417173267813935,20
10,70,amygdala,R,img_0243,landmark_place,False,16,46,alexnet conv1,same,-0.3214186382238523,-0.08989027708723228,20
10,70,amygdala,R,img_0243,landmark_place,False,16,46,alexnet conv1,diff,0.021521396258388517,0.14206256275906354,20
10,70,amygdala,R,img_0243,landmark_place,False,16,46,alexnet conv1,partial,-0.05000585144838063,0.033711043458281464,20
10,70,amygdala,R,img_0243,landmark_place,False,16,46,alexnet conv1,category,-0.055517689018711236,0.012581348035929432,20
10,71,amygdala,R,img_0004,face_person,True,31,31,clip ln_post,all,0.06977370572882763,-0.014889051301450865,20
10,71,amygdala,R,img_0004,face_person,True,31,31,clip ln_post,same,0.017222378135883436,-0.057923264333957634,20
10,71,amygdala,R,img_0004,face_person,True,31,31,clip ln_post,diff,0.03149291093300856,-0.023782727715041158,20
10,71,amygdala,R,img_0004,face_person,True,31,31,clip ln_post,partial,-0.026932920539117194,-0.04970975258392147,20
10,71,amygdala,R,img_0004,face_person,True,31,31,clip ln_post,category,0.09931317435987184,0.015295767119541549,20
10,71,amygdala,R,img_0004,face_person,True,31,31,resnet50 avgpool,all,0.1097308821114968,0.01623072742426054,20
10,71,amygdala,R,img_0004,face_person,True,31,31,resnet50 avgpool,same,0.26076706659861154,0.00974675714975229,20
10,71,amygdala,R,img_0004,face_person,True,31,31,resnet50 avgpool,diff,-0.005046940854648807,0.019358316645604456,20
10,71,amygdala,R,img_0004,face_person,True,31,31,resnet50 avgpool,partial,0.050459653796582404,-0.0008371617136328106,20
10,71,amygdala,R,img_0004,face_person,True,31,31,resnet50 avgpool,category,0.09931317435987184,0.015295767119541549,20
10,71,amygdala,R,img_0004,face_person,True,31,31,alexnet conv1,all,0.09903527429189345,0.031137795842429223,20
10,71,amygdala,R,img_0004,face_person,True,31,31,alexnet conv1,same,0.02066685376306012,0.029022263119529358,20
10,71,amygdala,R,img_0004,face_person,True,31,31,alexnet conv1,diff,0.110023310631344,0.0477882430444977,20
10,71,amygdala,R,img_0004,face_person,True,31,31,alexnet conv1,partial,0.04903941846408637,0.021306863154466733,20
10,71,amygdala,R,img_0004,face_person,True,31,31,alexnet conv1,category,0.09931317435987184,0.015295767119541549,20
11,6,hippocampus,L,img_0056,scene_with_people,False,3,59,clip ln_post,all,0.14242199852995363,0.00877787538572668,20
11,6,hippocampus,L,img_0056,scene_with_people,False,3,59,clip ln_post,same,,-0.006929463190649886,20
11,6,hippocampus,L,img_0056,scene_with_people,False,3,59,clip ln_post,diff,0.12207540878793574,0.06297563216847553,20
11,6,hippocampus,L,img_0056,scene_with_people,False,3,59,clip ln_post,partial,0.1288623438926763,0.015729963746304927,20
11,6,hippocampus,L,img_0056,scene_with_people,False,3,59,clip ln_post,category,0.0940626350129448,-0.011796956059170052,20
11,6,hippocampus,L,img_0056,scene_with_people,False,3,59,resnet50 avgpool,all,-0.078106520792075,7.10001467792154e-08,20
11,6,hippocampus,L,img_0056,scene_with_people,False,3,59,resnet50 avgpool,same,,-0.07522849610438481,20
11,6,hippocampus,L,img_0056,scene_with_people,False,3,59,resnet50 avgpool,diff,-0.033924741196745024,0.07971061902725515,20
11,6,hippocampus,L,img_0056,scene_with_people,False,3,59,resnet50 avgpool,partial,-0.08025448309797605,0.00408402958351486,20
11,6,hippocampus,L,img_0056,scene_with_people,False,3,59,resnet50 avgpool,category,0.0940626350129448,-0.011796956059170052,20
11,6,hippocampus,L,img_0056,scene_with_people,False,3,59,alexnet conv1,all,0.1225557190373845,0.06791919818010507,20
11,6,hippocampus,L,img_0056,scene_with_people,False,3,59,alexnet conv1,same,,-0.023625629361759652,20
11,6,hippocampus,L,img_0056,scene_with_people,False,3,59,alexnet conv1,diff,0.11229745174704615,0.13473361882562856,20
11,6,hippocampus,L,img_0056,scene_with_people,False,3,59,alexnet conv1,partial,0.10991620639095037,0.07776707035666955,20
11,6,hippocampus,L,img_0056,scene_with_people,False,3,59,alexnet conv1,category,0.0940626350129448,-0.011796956059170052,20
11,11,hippocampus,L,img_0056,scene_with_people,False,3,59,clip ln_post,all,0.3024420009407718,0.029181313646233074,20
11,11,hippocampus,L,img_0056,scene_with_people,False,3,59,clip ln_post,same,,0.11326609338439372,20
11,11,hippocampus,L,img_0056,scene_with_people,False,3,59,clip ln_post,diff,0.28316055224606285,0.050827738281980964,20
11,11,hippocampus,L,img_0056,scene_with_people,False,3,59,clip ln_post,partial,0.31140380520961275,0.013370995952087517,20
11,11,hippocampus,L,img_0056,scene_with_people,False,3,59,clip ln_post,category,-0.025419711697725687,0.033152729935202296,20
11,11,hippocampus,L,img_0056,scene_with_people,False,3,59,resnet50 avgpool,all,0.38910800473769064,0.05779531259804691,20
11,11,hippocampus,L,img_0056,scene_with_people,False,3,59,resnet50 avgpool,same,,-0.018145033653589267,20
11,11,hippocampus,L,img_0056,scene_with_people,False,3,59,resnet50 avgpool,diff,0.39846987069115014,0.14089592526949038,20
11,11,hippocampus,L,img_0056,scene_with_people,False,3,59,resnet50 avgpool,partial,0.3897840183272147,0.020678125018861366,20
11,11,hippocampus,L,img_0056,scene_with_people,False,3,59,resnet50 avgpool,category,-0.025419711697725687,0.033152729935202296,20
11,11,hippocampus,L,img_0056,scene_with_people,False,3,59,alexnet conv1,all,0.09926457879201614,0.09755468671836409,20
11,11,hippocampus,L,img_0056,scene_with_people,False,3,59,alexnet conv1,same,,0.1269615166631677,20
11,11,hippocampus,L,img_0056,scene_with_people,False,3,59,alexnet conv1,diff,0.14277374082965702,0.09272932637299812,20
11,11,hippocampus,L,img_0056,scene_with_people,False,3,59,alexnet conv1,partial,0.10442944071075357,0.103674303553093,20
11,11,hippocampus,L,img_0056,scene_with_people,False,3,59,alexnet conv1,category,-0.025419711697725687,0.033152729935202296,20
11,12,hippocampus,L,img_0237,landmark_place,False,16,46,clip ln_post,all,0.15658772965062867,0.003998400450152517,20
11,12,hippocampus,L,img_0237,landmark_place,False,16,46,clip ln_post,same,-0.08701732323361029,0.1088728347439623,20
11,12,hippocampus,L,img_0237,landmark_place,False,16,46,clip ln_post,diff,0.0070175474541747515,-0.05194154074920308,20
11,12,hippocampus,L,img_0237,landmark_place,False,16,46,clip ln_post,partial,0.05218710214968014,0.013152454464159866,20
11,12,hippocampus,L,img_0237,landmark_place,False,16,46,clip ln_post,category,0.1757109241511195,-0.009758164025492245,20
11,12,hippocampus,L,img_0237,landmark_place,False,16,46,resnet50 avgpool,all,0.21430496701624438,-0.028593080644958836,20
11,12,hippocampus,L,img_0237,landmark_place,False,16,46,resnet50 avgpool,same,0.001526619705852812,-0.046017283603843454,20
11,12,hippocampus,L,img_0237,landmark_place,False,16,46,resnet50 avgpool,diff,0.1255061371612023,-0.0951707333010329,20
11,12,hippocampus,L,img_0237,landmark_place,False,16,46,resnet50 avgpool,partial,0.12985367136666637,-0.02650346435284511,20
11,12,hippocampus,L,img_0237,landmark_place,False,16,46,resnet50 avgpool,category,0.1757109241511195,-0.009758164025492245,20
11,12,hippocampus,L,img_0237,landmark_place,False,16,46,alexnet conv1,all,0.1454820252698852,-0.04630594200487731,20
11,12,hippocampus,L,img_0237,landmark_place,False,16,46,alexnet conv1,same,-0.29311098352373993,0.08331276763770563,20
11,12,hippocampus,L,img_0237,landmark_place,False,16,46,alexnet conv1,diff,0.10398115987387781,-0.09321516652070333,20
11,12,hippocampus,L,img_0237,landmark_place,False,16,46,alexnet conv1,partial,0.0661785386340914,-0.024178770282768058,20
11,12,hippocampus,L,img_0237,landmark_place,False,16,46,alexnet conv1,category,0.1757109241511195,-0.009758164025492245,20
11,13,hippocampus,L,img_0241,landscape_nature,False,5,57,clip ln_post,all,-0.07466509720686362,0.0019398575699368155,20
11,13,hippocampus,L,img_0241,landscape_nature,False,5,57,clip ln_post,same,,0.0007100647233418059,20
11,13,hippocampus,L,img_0241,landscape_nature,False,5,57,clip ln_post,diff,-0.0830067233158396,0.026187103834785695,20
11,13,hippocampus,L,img_0241,landscape_nature,False,5,57,clip ln_post,partial,-0.10472100486566982,0.014189463699202579,20
11,13,hippocampus,L,img_0241,landscape_nature,False,5,57,clip ln_post,category,0.058255558060988887,-0.01212255017968172,20
11,13,hippocampus,L,img_0241,landscape_nature,False,5,57,resnet50 avgpool,all,-0.03584654631963599,-0.007421372486075471,20
11,13,hippocampus,L,img_0241,landscape_nature,False,5,57,resnet50 avgpool,same,,-0.07073294087645357,20
11,13,hippocampus,L,img_0241,landscape_nature,False,5,57,resnet50 avgpool,diff,-0.042531256526426954,0.029562826879563204,20
11,13,hippocampus,L,img_0241,landscape_nature,False,5,57,resnet50 avgpool,partial,-0.06300313709200062,0.0004954010797871527,20
11,13,hippocampus,L,img_0241,landscape_nature,False,5,57,resnet50 avgpool,category,0.058255558060988887,-0.01212255017968172,20
11,13,hippocampus,L,img_0241,landscape_nature,False,5,57,alexnet conv1,all,-0.2312688817465388,-0.05184204660318614,20
11,13,hippocampus,L,img_0241,landscape_nature,False,5,57,alexnet conv1,same,,-0.08060017211240483,20
11,13,hippocampus,L,img_0241,landscape_nature,False,5,57,alexnet conv1,diff,-0.16635046134266515,-0.059951508890481044,20
11,13,hippocampus,L,img_0241,landscape_nature,False,5,57,alexnet conv1,partial,-0.2393287518221113,-0.06304147217975742,20
11,13,hippocampus,L,img_0241,landscape_nature,False,5,57,alexnet conv1,category,0.058255558060988887,-0.01212255017968172,20
11,17,hippocampus,L,img_0022,face_person,True,31,31,clip ln_post,all,-0.23350981268984086,-0.02499336094725275,20
11,17,hippocampus,L,img_0022,face_person,True,31,31,clip ln_post,same,0.00040895503016222544,0.06470113233273254,20
11,17,hippocampus,L,img_0022,face_person,True,31,31,clip ln_post,diff,-0.04790529918686257,0.051970764537465255,20
11,17,hippocampus,L,img_0022,face_person,True,31,31,clip ln_post,partial,-0.055486645158035725,0.04624412180281202,20
11,17,hippocampus,L,img_0022,face_person,True,31,31,clip ln_post,category,-0.2634449457154579,-0.07894171228607882,20
11,17,hippocampus,L,img_0022,face_person,True,31,31,resnet50 avgpool,all,-0.12360791171733967,-0.0155255321553685,20
11,17,hippocampus,L,img_0022,face_person,True,31,31,resnet50 avgpool,same,0.15029097358461785,-0.021002392954594946,20
11,17,hippocampus,L,img_0022,face_person,True,31,31,resnet50 avgpool,diff,-0.22815913680522684,0.03736467245568054,20
11,17,hippocampus,L,img_0022,face_person,True,31,31,resnet50 avgpool,partial,0.0051852338108069555,0.057968162654500464,20
11,17,hippocampus,L,img_0022,face_person,True,31,31,resnet50 avgpool,category,-0.2634449457154579,-0.07894171228607882,20
11,17,hippocampus,L,img_0022,face_person,True,31,31,alexnet conv1,all,-0.26894238861538633,-0.061157436901576004,20
11,17,hippocampus,L,img_0022,face_person,True,31,31,alexnet conv1,same,0.06093429949417159,0.09938921386054708,20
11,17,hippocampus,L,img_0022,face_person,True,31,31,alexnet conv1,diff,-0.3044828338148045,-0.0892790559116156,20
11,17,hippocampus,L,img_0022,face_person,True,31,31,alexnet conv1,partial,-0.1571631922197321,-0.025708263903840033,20
11,17,hippocampus,L,img_0022,face_person,True,31,31,alexnet conv1,category,-0.2634449457154579,-0.07894171228607882,20
11,18,hippocampus,L,img_0113,landmark_place,False,16,46,clip ln_post,all,0.2623542286660743,-0.09345859948344168,20
11,18,hippocampus,L,img_0113,landmark_place,False,16,46,clip ln_post,same,-0.3179961290792817,-0.06264791316607156,20
11,18,hippocampus,L,img_0113,landmark_place,False,16,46,clip ln_post,diff,0.3851402750035028,-0.020892753809110546,20
11,18,hippocampus,L,img_0113,landmark_place,False,16,46,clip ln_post,partial,0.2748338075365043,-0.0036366679215059034,20
11,18,hippocampus,L,img_0113,landmark_place,False,16,46,clip ln_post,category,0.09946370015948848,-0.13996384717255175,20
11,18,hippocampus,L,img_0113,landmark_place,False,16,46,resnet50 avgpool,all,0.27153510665647457,-0.13835981383017196,20
11,18,hippocampus,L,img_0113,landmark_place,False,16,46,resnet50 avgpool,same,0.29093262873210884,-0.06241168651849053,20
11,18,hippocampus,L,img_0113,landmark_place,False,16,46,resnet50 avgpool,diff,0.2472974016478936,-0.06294538682393348,20
11,18,hippocampus,L,img_0113,landmark_place,False,16,46,resnet50 avgpool,partial,0.2703443511263636,-0.06136536910769621,20
11,18,hippocampus,L,img_0113,landmark_place,False,16,46,resnet50 avgpool,category,0.09946370015948848,-0.13996384717255175,20
11,18,hippocampus,L,img_0113,landmark_place,False,16,46,alexnet conv1,all,0.15060287935246025,-0.06304141461912426,20
11,18,hippocampus,L,img_0113,landmark_place,False,16,46,alexnet conv1,same,0.13362603296416628,-0.10778868065804934,20
11,18,hippocampus,L,img_0113,landmark_place,False,16,46,alexnet conv1,diff,0.1090750049625608,0.017402070073111797,20
11,18,hippocampus,L,img_0113,landmark_place,False,16,46,alexnet conv1,partial,0.11564149408838652,-0.01888501026303151,20
11,18,hippocampus,L,img_0113,landmark_place,False,16,46,alexnet conv1,category,0.09946370015948848,-0.13996384717255175,20
11,25,amygdala,L,img_0062,face_person,True,31,31,clip ln_post,all,-0.058693845774019336,-0.022766313269145907,20
11,25,amygdala,L,img_0062,face_person,True,31,31,clip ln_post,same,-0.0751706151577971,0.07651030842308029,20
11,25,amygdala,L,img_0062,face_person,True,31,31,clip ln_post,diff,-0.007106778446515369,0.020201775854370607,20
11,25,amygdala,L,img_0062,face_person,True,31,31,clip ln_post,partial,-0.056838967577253124,0.037312100472516596,20
11,25,amygdala,L,img_0062,face_person,True,31,31,clip ln_post,category,-0.031664523747396686,-0.06909459886835077,20
11,25,amygdala,L,img_0062,face_person,True,31,31,resnet50 avgpool,all,0.00861955271702868,0.004329726079451818,20
11,25,amygdala,L,img_0062,face_person,True,31,31,resnet50 avgpool,same,0.19755080802925118,0.08696700072848541,20
11,25,amygdala,L,img_0062,face_person,True,31,31,resnet50 avgpool,diff,0.07086473365239611,0.10001738860193184,20
11,25,amygdala,L,img_0062,face_person,True,31,31,resnet50 avgpool,partial,0.05588071140705396,0.07961075821146377,20
11,25,amygdala,L,img_0062,face_person,True,31,31,resnet50 avgpool,category,-0.031664523747396686,-0.06909459886835077,20
11,25,amygdala,L,img_0062,face_person,True,31,31,alexnet conv1,all,0.0554836311257418,-0.03356344026904404,20
11,25,amygdala,L,img_0062,face_person,True,31,31,alexnet conv1,same,-0.041941556166210245,-0.09801050834716198,20
11,25,amygdala,L,img_0062,face_person,True,31,31,alexnet conv1,diff,0.2199040302164613,0.07140026629494677,20
11,25,amygdala,L,img_0062,face_person,True,31,31,alexnet conv1,partial,0.08838350607031581,0.000450265960585737,20
11,25,amygdala,L,img_0062,face_person,True,31,31,alexnet conv1,category,-0.031664523747396686,-0.06909459886835077,20
11,28,amygdala,L,img_0007,face_person,True,31,31,clip ln_post,all,0.12434299250638159,0.018300056023125018,20
11,28,amygdala,L,img_0007,face_person,True,31,31,clip ln_post,same,0.3986507061539036,0.17834675281222515,20
11,28,amygdala,L,img_0007,face_person,True,31,31,clip ln_post,diff,-0.10792636599262355,-0.07527648593385304,20
11,28,amygdala,L,img_0007,face_person,True,31,31,clip ln_post,partial,0.16736956724003835,0.01753516484190208,20
11,28,amygdala,L,img_0007,face_person,True,31,31,clip ln_post,category,0.015503329570156243,0.022052782013322274,20
11,28,amygdala,L,img_0007,face_person,True,31,31,resnet50 avgpool,all,0.0385259435798461,-0.014806955627523155,20
11,28,amygdala,L,img_0007,face_person,True,31,31,resnet50 avgpool,same,0.07956650830880886,0.0052016697592153355,20
11,28,amygdala,L,img_0007,face_person,True,31,31,resnet50 avgpool,diff,-0.04235600778578433,-0.07623980106515624,20
11,28,amygdala,L,img_0007,face_person,True,31,31,resnet50 avgpool,partial,0.04636476790949028,-0.04328754939913117,20
11,28,amygdala,L,img_0007,face_person,True,31,31,resnet50 avgpool,category,0.015503329570156243,0.022052782013322274,20
11,28,amygdala,L,img_0007,face_person,True,31,31,alexnet conv1,all,0.0859444495336117,0.05081024551777489,20
11,28,amygdala,L,img_0007,face_person,True,31,31,alexnet conv1,same,0.2401313129936802,0.0934988745294585,20
11,28,amygdala,L,img_0007,face_person,True,31,31,alexnet conv1,diff,0.018734388059096913,0.013188951247863165,20
11,28,amygdala,L,img_0007,face_person,True,31,31,alexnet conv1,partial,0.08708845553727054,0.04185727804840276,20
11,28,amygdala,L,img_0007,face_person,True,31,31,alexnet conv1,category,0.015503329570156243,0.022052782013322274,20
11,31,amygdala,L,img_0235,landmark_place,False,16,46,clip ln_post,all,-0.0070375048747148596,0.017645008289689467,20
11,31,amygdala,L,img_0235,landmark_place,False,16,46,clip ln_post,same,0.4473362030672526,0.17198571474873073,20
11,31,amygdala,L,img_0235,landmark_place,False,16,46,clip ln_post,diff,-0.04333775357873472,0.004246162204537872,20
11,31,amygdala,L,img_0235,landmark_place,False,16,46,clip ln_post,partial,0.017727529118586202,0.05529816191818866,20
11,31,amygdala,L,img_0235,landmark_place,False,16,46,clip ln_post,category,-0.025027543210792032,-0.02387400771901605,20
11,31,amygdala,L,img_0235,landmark_place,False,16,46,resnet50 avgpool,all,-0.0885042732613597,-0.01671489334117776,20
11,31,amygdala,L,img_0235,landmark_place,False,16,46,resnet50 avgpool,same,-0.24087334011313596,0.10551010565967507,20
11,31,amygdala,L,img_0235,landmark_place,False,16,46,resnet50 avgpool,diff,-0.08954803837450373,-0.12441074715307723,20
11,31,amygdala,L,img_0235,landmark_place,False,16,46,resnet50 avgpool,partial,-0.10123116808718316,0.00448034991001769,20
11,31,amygdala,L,img_0235,landmark_place,False,16,46,resnet50 avgpool,category,-0.025027543210792032,-0.02387400771901605,20
11,31,amygdala,L,img_0235,landmark_place,False,16,46,alexnet conv1,all,0.03809431986530435,0.01526873665043825,20
11,31,amygdala,L,img_0235,landmark_place,False,16,46,alexnet conv1,same,0.32016704834913723,0.01703458043095559,20
11,31,amygdala,L,img_0235,landmark_place,False,16,46,alexnet conv1,diff,-0.007930684012246845,0.035946685887237456,20
11,31,amygdala,L,img_0235,landmark_place,False,16,46,alexnet conv1,partial,0.061310960793971137,0.02771775546065581,20
11,31,amygdala,L,img_0235,landmark_place,False,16,46,alexnet conv1,category,-0.025027543210792032,-0.02387400771901605,20
11,34,amygdala,L,img_0235,landmark_place,False,16,46,clip ln_post,all,-0.12155596517530677,-0.03220038422364039,20
11,34,amygdala,L,img_0235,landmark_place,False,16,46,clip ln_post,same,0.5355123335496145,0.23129903785337413,20
11,34,amygdala,L,img_0235,landmark_place,False,16,46,clip ln_post,diff,-0.23972960654780337,-0.12005140859484904,20
11,34,amygdala,L,img_0235,landmark_place,False,16,46,clip ln_post,partial,-0.13813897210790782,-0.0565396549131718,20
11,34,amygdala,L,img_0235,landmark_place,False,16,46,clip ln_post,category,-0.04030817711922005,0.025103117674796623,20
11,34,amygdala,L,img_0235,landmark_place,False,16,46,resnet50 avgpool,all,-0.1462209593564085,-0.018632589474432026,20
11,34,amygdala,L,img_0235,landmark_place,False,16,46,resnet50 avgpool,same,-0.2544423242279936,0.023358116459430152,20
11,34,amygdala,L,img_0235,landmark_place,False,16,46,resnet50 avgpool,diff,-0.15538144738528512,-0.07929294976783048,20
11,34,amygdala,L,img_0235,landmark_place,False,16,46,resnet50 avgpool,partial,-0.1684017869309811,-0.04905013279354043,20
11,34,amygdala,L,img_0235,landmark_place,False,16,46,resnet50 avgpool,category,-0.04030817711922005,0.025103117674796623,20
11,34,amygdala,L,img_0235,landmark_place,False,16,46,alexnet conv1,all,-0.08751524062413459,0.006479359985482741,20
11,34,amygdala,L,img_0235,landmark_place,False,16,46,alexnet conv1,same,0.38018417050345554,0.09865625343368867,20
11,34,amygdala,L,img_0235,landmark_place,False,16,46,alexnet conv1,diff,-0.21601055738536248,-0.05732376531621887,20
11,34,amygdala,L,img_0235,landmark_place,False,16,46,alexnet conv1,partial,-0.07817711589353094,-0.0013773082092298308,20
11,34,amygdala,L,img_0235,landmark_place,False,16,46,alexnet conv1,category,-0.04030817711922005,0.025103117674796623,20
11,65,hippocampus,R,img_0048,scene_with_people,False,3,59,clip ln_post,all,0.14574123846528192,-0.031146844280685686,20
11,65,hippocampus,R,img_0048,scene_with_people,False,3,59,clip ln_post,same,,-0.10516069836615613,20
11,65,hippocampus,R,img_0048,scene_with_people,False,3,59,clip ln_post,diff,0.20431588761539382,-0.026866186011804027,20
11,65,hippocampus,R,img_0048,scene_with_people,False,3,59,clip ln_post,partial,0.14889073797413016,-0.018783320658750047,20
11,65,hippocampus,R,img_0048,scene_with_people,False,3,59,clip ln_post,category,-0.0021189608784485487,-0.02931554572861438,20
11,65,hippocampus,R,img_0048,scene_with_people,False,3,59,resnet50 avgpool,all,0.19302583483625294,0.003091590901062246,20
11,65,hippocampus,R,img_0048,scene_with_people,False,3,59,resnet50 avgpool,same,,-0.06367529921851976,20
11,65,hippocampus,R,img_0048,scene_with_people,False,3,59,resnet50 avgpool,diff,0.25585210702978783,0.09574964325427003,20
11,65,hippocampus,R,img_0048,scene_with_people,False,3,59,resnet50 avgpool,partial,0.1944705022764311,0.034778382267364405,20
11,65,hippocampus,R,img_0048,scene_with_people,False,3,59,resnet50 avgpool,category,-0.0021189608784485487,-0.02931554572861438,20
11,65,hippocampus,R,img_0048,scene_with_people,False,3,59,alexnet conv1,all,-0.06166561815816585,-0.04633288035905686,20
11,65,hippocampus,R,img_0048,scene_with_people,False,3,59,alexnet conv1,same,,-0.087473062213576,20
11,65,hippocampus,R,img_0048,scene_with_people,False,3,59,alexnet conv1,diff,-0.08139005687711112,-0.013919254252655371,20
11,65,hippocampus,R,img_0048,scene_with_people,False,3,59,alexnet conv1,partial,-0.06259297933304245,-0.03700126195951944,20
11,65,hippocampus,R,img_0048,scene_with_people,False,3,59,alexnet conv1,category,-0.0021189608784485487,-0.02931554572861438,20
11,68,hippocampus,R,img_0051,animal,False,0,62,clip ln_post,all,-0.21282921707978913,0.06365053897529335,20
11,68,hippocampus,R,img_0051,animal,False,0,62,clip ln_post,same,,0.08145733766884561,20
11,68,hippocampus,R,img_0051,animal,False,0,62,clip ln_post,diff,-0.21282921707978913,-0.000272111548969119,20
11,68,hippocampus,R,img_0051,animal,False,0,62,clip ln_post,partial,,0.03729804207653335,20
11,68,hippocampus,R,img_0051,animal,False,0,62,clip ln_post,category,,0.055568521429437134,20
11,68,hippocampus,R,img_0051,animal,False,0,62,resnet50 avgpool,all,-0.20380608961993385,0.04703214017454414,20
11,68,hippocampus,R,img_0051,animal,False,0,62,resnet50 avgpool,same,,0.03795652334741416,20
11,68,hippocampus,R,img_0051,animal,False,0,62,resnet50 avgpool,diff,-0.20380608961993385,0.003709157128486569,20
11,68,hippocampus,R,img_0051,animal,False,0,62,resnet50 avgpool,partial,,0.0018381977423021403,20
11,68,hippocampus,R,img_0051,animal,False,0,62,resnet50 avgpool,category,,0.055568521429437134,20
11,68,hippocampus,R,img_0051,animal,False,0,62,alexnet conv1,all,-0.03890590070471315,0.011274397356318331,20
11,68,hippocampus,R,img_0051,animal,False,0,62,alexnet conv1,same,,0.03942427918691708,20
11,68,hippocampus,R,img_0051,animal,False,0,62,alexnet conv1,diff,-0.03890590070471315,-0.08652175566766293,20
11,68,hippocampus,R,img_0051,animal,False,0,62,alexnet conv1,partial,,-0.028038148292477517,20
11,68,hippocampus,R,img_0051,animal,False,0,62,alexnet conv1,category,,0.055568521429437134,20
12,14,amygdala,R,img_0003,face_person,True,31,31,clip ln_post,all,0.09969754497007273,-0.03544144283025323,20
12,14,amygdala,R,img_0003,face_person,True,31,31,clip ln_post,same,-0.04860008938936928,-0.15372073267536657,20
12,14,amygdala,R,img_0003,face_person,True,31,31,clip ln_post,diff,-0.3041211409692193,-0.15233897738445976,20
12,14,amygdala,R,img_0003,face_person,True,31,31,clip ln_post,partial,-0.17242281085466843,-0.1373983214383469,20
12,14,amygdala,R,img_0003,face_person,True,31,31,clip ln_post,category,0.23275380976939192,0.07582255138088596,20
12,14,amygdala,R,img_0003,face_person,True,31,31,resnet50 avgpool,all,0.13933077548205847,0.02506869829882783,20
12,14,amygdala,R,img_0003,face_person,True,31,31,resnet50 avgpool,same,-0.1887685875424,-0.11705878046811487,20
12,14,amygdala,R,img_0003,face_person,True,31,31,resnet50 avgpool,diff,0.01922487373981615,0.04294452359686389,20
12,14,amygdala,R,img_0003,face_person,True,31,31,resnet50 avgpool,partial,-0.09445421499371515,-0.049766882227471075,20
12,14,amygdala,R,img_0003,face_person,True,31,31,resnet50 avgpool,category,0.23275380976939192,0.07582255138088596,20
12,14,amygdala,R,img_0003,face_person,True,31,31,alexnet conv1,all,0.05084728410646236,-0.013413761051746475,20
12,14,amygdala,R,img_0003,face_person,True,31,31,alexnet conv1,same,-0.27825115555973656,-0.08621047879018454,20
12,14,amygdala,R,img_0003,face_person,True,31,31,alexnet conv1,diff,0.03292770927777021,0.009462977083869355,20
12,14,amygdala,R,img_0003,face_person,True,31,31,alexnet conv1,partial,-0.13923586111187136,-0.05146708616620575,20
12,14,amygdala,R,img_0003,face_person,True,31,31,alexnet conv1,category,0.23275380976939192,0.07582255138088596,20
12,15,amygdala,R,img_0018,face_person,True,31,31,clip ln_post,all,0.48921393219780457,0.09139384567952975,20
12,15,amygdala,R,img_0018,face_person,True,31,31,clip ln_post,same,0.34440556615789025,0.2139750207652042,20
12,15,amygdala,R,img_0018,face_person,True,31,31,clip ln_post,diff,0.02385370587711642,-0.03945410920990546,20
12,15,amygdala,R,img_0018,face_person,True,31,31,clip ln_post,partial,0.26130709978455724,0.04180224165708886,20
12,15,amygdala,R,img_0018,face_person,True,31,31,clip ln_post,category,0.4468071343123173,0.0778794473592893,20
12,15,amygdala,R,img_0018,face_person,True,31,31,resnet50 avgpool,all,0.4385308839155941,0.07699470919543516,20
12,15,amygdala,R,img_0018,face_person,True,31,31,resnet50 avgpool,same,0.0834222146215268,-0.03237761834339487,20
12,15,amygdala,R,img_0018,face_person,True,31,31,resnet50 avgpool,diff,0.4710588351907077,-0.0048781497485556255,20
12,15,amygdala,R,img_0018,face_person,True,31,31,resnet50 avgpool,partial,0.2520531164733788,0.011516807399538368,20
12,15,amygdala,R,img_0018,face_person,True,31,31,resnet50 avgpool,category,0.4468071343123173,0.0778794473592893,20
12,15,amygdala,R,img_0018,face_person,True,31,31,alexnet conv1,all,0.1950459089618705,0.08414903843018004,20
12,15,amygdala,R,img_0018,face_person,True,31,31,alexnet conv1,same,0.12565865073973057,0.02807284680025976,20
12,15,amygdala,R,img_0018,face_person,True,31,31,alexnet conv1,diff,0.005185588234155743,0.044408054979572155,20
12,15,amygdala,R,img_0018,face_person,True,31,31,alexnet conv1,partial,0.05597042205525342,0.02363790027420938,20
12,15,amygdala,R,img_0018,face_person,True,31,31,alexnet conv1,category,0.4468071343123173,0.0778794473592893,20
13,17,amygdala,L,img_0020,face_person,True,30,32,clip ln_post,all,0.13272479120519134,0.007148337369755478,20
13,17,amygdala,L,img_0020,face_person,True,30,32,clip ln_post,same,0.1473882885374416,-0.15762268458131726,20
13,17,amygdala,L,img_0020,face_person,True,30,32,clip ln_post,diff,0.2586035303119398,0.12412151908848676,20
13,17,amygdala,L,img_0020,face_person,True,30,32,clip ln_post,partial,0.18164652403624343,0.04099975219199839,20
13,17,amygdala,L,img_0020,face_person,True,30,32,clip ln_post,category,0.03883920259202098,-0.039300518154575005,20
13,17,amygdala,L,img_0020,face_person,True,30,32,resnet50 avgpool,all,0.15994068814749493,-0.030799250082528085,20
13,17,amygdala,L,img_0020,face_person,True,30,32,resnet50 avgpool,same,0.2498901437475714,-0.09553514274193704,20
13,17,amygdala,L,img_0020,face_person,True,30,32,resnet50 avgpool,diff,0.22336444030491887,-0.03997303687384186,20
13,17,amygdala,L,img_0020,face_person,True,30,32,resnet50 avgpool,partial,0.22892340062768238,-0.016469060512982803,20
13,17,amygdala,L,img_0020,face_person,True,30,32,resnet50 avgpool,category,0.03883920259202098,-0.039300518154575005,20
13,17,amygdala,L,img_0020,face_person,True,30,32,alexnet conv1,all,0.1643043120316641,0.045557048391065585,20
13,17,amygdala,L,img_0020,face_person,True,30,32,alexnet conv1,same,-0.1476116041261347,0.08502943376547742,20
13,17,amygdala,L,img_0020,face_person,True,30,32,alexnet conv1,diff,0.3013676343308766,0.03214578644375142,20
13,17,amygdala,L,img_0020,face_person,True,30,32,alexnet conv1,partial,0.16240296142239286,0.05836468365475002,20
13,17,amygdala,L,img_0020,face_person,True,30,32,alexnet conv1,category,0.03883920259202098,-0.039300518154575005,20
13,18,amygdala,L,img_0056,scene_with_people,False,2,60,clip ln_post,all,-0.04138875465283584,0.023923020137742265,20
13,18,amygdala,L,img_0056,scene_with_people,False,2,60,clip ln_post,same,,-0.14519981602873386,20
13,18,amygdala,L,img_0056,scene_with_people,False,2,60,clip ln_post,diff,0.0076261625679378674,-0.10293673614343127,20
13,18,amygdala,L,img_0056,scene_with_people,False,2,60,clip ln_post,partial,0.010827784716817931,-0.06984713733765027,20
13,18,amygdala,L,img_0056,scene_with_people,False,2,60,clip ln_post,category,-0.2810037391800448,0.10454977110435237,20
13,18,amygdala,L,img_0056,scene_with_people,False,2,60,resnet50 avgpool,all,-0.0020681766493190366,-0.026464385267431733,20
13,18,amygdala,L,img_0056,scene_with_people,False,2,60,resnet50 avgpool,same,,0.043843371251535534,20
13,18,amygdala,L,img_0056,scene_with_people,False,2,60,resnet50 avgpool,diff,0.020317878374433006,-0.19293923153371026,20
13,18,amygdala,L,img_0056,scene_with_people,False,2,60,resnet50 avgpool,partial,0.02634770116146387,-0.11444832246801025,20
13,18,amygdala,L,img_0056,scene_with_people,False,2,60,resnet50 avgpool,category,-0.2810037391800448,0.10454977110435237,20
13,18,amygdala,L,img_0056,scene_with_people,False,2,60,alexnet conv1,all,-0.28442473261427775,-0.027858593184343618,20
13,18,amygdala,L,img_0056,scene_with_people,False,2,60,alexnet conv1,same,,-0.035847068027739105,20
13,18,amygdala,L,img_0056,scene_with_people,False,2,60,alexnet conv1,diff,-0.25419614136122826,-0.16074194174227724,20
13,18,amygdala,L,img_0056,scene_with_people,False,2,60,alexnet conv1,partial,-0.25195004274766786,-0.07919221309837068,20
13,18,amygdala,L,img_0056,scene_with_people,False,2,60,alexnet conv1,category,-0.2810037391800448,0.10454977110435237,20
13,19,amygdala,L,img_0255,face_person,True,30,32,clip ln_post,all,0.3612892221330546,0.029685764566028883,20
13,19,amygdala,L,img_0255,face_person,True,30,32,clip ln_post,same,0.5575000463106327,-0.03809099801666338,20
13,19,amygdala,L,img_0255,face_person,True,30,32,clip ln_post,diff,0.035847452299591714,-0.03789242143811496,20
13,19,amygdala,L,img_0255,face_person,True,30,32,clip ln_post,partial,0.22977648087075098,-0.05296986187711804,20
13,19,amygdala,L,img_0255,face_person,True,30,32,clip ln_post,category,0.2869787838509588,0.07979012738520816,20
13,19,amygdala,L,img_0255,face_person,True,30,32,resnet50 avgpool,all,0.2371990800653138,0.006682588645328611,20
13,19,amygdala,L,img_0255,face_person,True,30,32,resnet50 avgpool,same,0.49261180088825124,0.002868710534126395,20
13,19,amygdala,L,img_0255,face_person,True,30,32,resnet50 avgpool,diff,0.031227935250675253,-0.09195598662516785,20
13,19,amygdala,L,img_0255,face_person,True,30,32,resnet50 avgpool,partial,0.29329012230163753,-0.07767323425910244,20
13,19,amygdala,L,img_0255,face_person,True,30,32,resnet50 avgpool,category,0.2869787838509588,0.07979012738520816,20
13,19,amygdala,L,img_0255,face_person,True,30,32,alexnet conv1,all,0.2009839313073465,-0.043658486847676814,20
13,19,amygdala,L,img_0255,face_person,True,30,32,alexnet conv1,same,0.16031213574941267,0.01702246911815416,20
13,19,amygdala,L,img_0255,face_person,True,30,32,alexnet conv1,diff,0.184411120592745,-0.1167922690542204,20
13,19,amygdala,L,img_0255,face_person,True,30,32,alexnet conv1,partial,0.17489074108800787,-0.08827225220827256,20
13,19,amygdala,L,img_0255,face_person,True,30,32,alexnet conv1,category,0.2869787838509588,0.07979012738520816,20
13,20,amygdala,L,img_0269,vehicle,False,7,55,clip ln_post,all,0.14474705181595263,0.020576398211837932,20
13,20,amygdala,L,img_0269,vehicle,False,7,55,clip ln_post,same,0.11227217828476797,-0.00513824543415759,20
13,20,amygdala,L,img_0269,vehicle,False,7,55,clip ln_post,diff,0.06285023103044278,0.09047636215656815,20
13,20,amygdala,L,img_0269,vehicle,False,7,55,clip ln_post,partial,0.06248299442034751,0.05934192731194331,20
13,20,amygdala,L,img_0269,vehicle,False,7,55,clip ln_post,category,0.17009918779931157,-0.03358898734234687,20
13,20,amygdala,L,img_0269,vehicle,False,7,55,resnet50 avgpool,all,0.1876511180727769,-0.020851703281344298,20
13,20,amygdala,L,img_0269,vehicle,False,7,55,resnet50 avgpool,same,0.16840826742715195,-0.0011426376463757437,20
13,20,amygdala,L,img_0269,vehicle,False,7,55,resnet50 avgpool,diff,0.11611561891188905,-0.014955904876868787,20
13,20,amygdala,L,img_0269,vehicle,False,7,55,resnet50 avgpool,partial,0.11520691536778356,-0.013392713120160271,20
13,20,amygdala,L,img_0269,vehicle,False,7,55,resnet50 avgpool,category,0.17009918779931157,-0.03358898734234687,20
13,20,amygdala,L,img_0269,vehicle,False,7,55,alexnet conv1,all,0.11058695152828503,-0.021286898038600222,20
13,20,amygdala,L,img_0269,vehicle,False,7,55,alexnet conv1,same,0.5426488617097118,-0.11640197823377381,20
13,20,amygdala,L,img_0269,vehicle,False,7,55,alexnet conv1,diff,0.03716870473045976,0.0026763412633989125,20
13,20,amygdala,L,img_0269,vehicle,False,7,55,alexnet conv1,partial,0.055488885563408544,-0.01807638874284315,20
13,20,amygdala,L,img_0269,vehicle,False,7,55,alexnet conv1,category,0.17009918779931157,-0.03358898734234687,20
13,25,amygdala,L,img_0269,vehicle,False,7,55,clip ln_post,all,0.04508363445299223,-0.004285079994012076,20
13,25,amygdala,L,img_0269,vehicle,False,7,55,clip ln_post,same,-0.21622499104693418,-0.06860432142515985,20
13,25,amygdala,L,img_0269,vehicle,False,7,55,clip ln_post,diff,0.019008197430298773,0.01853039193316681,20
13,25,amygdala,L,img_0269,vehicle,False,7,55,clip ln_post,partial,0.014256913033606194,0.025407409859619916,20
13,25,amygdala,L,img_0269,vehicle,False,7,55,clip ln_post,category,0.06052659895873067,-0.023663428609643038,20
13,25,amygdala,L,img_0269,vehicle,False,7,55,resnet50 avgpool,all,0.049696487949878375,0.006539232886287714,20
13,25,amygdala,L,img_0269,vehicle,False,7,55,resnet50 avgpool,same,-0.41443123283995714,0.061444143643889906,20
13,25,amygdala,L,img_0269,vehicle,False,7,55,resnet50 avgpool,diff,0.030961429275890504,0.039721988704957474,20
13,25,amygdala,L,img_0269,vehicle,False,7,55,resnet50 avgpool,partial,0.020106484612593956,0.039961700624849376,20
13,25,amygdala,L,img_0269,vehicle,False,7,55,resnet50 avgpool,category,0.06052659895873067,-0.023663428609643038,20
13,25,amygdala,L,img_0269,vehicle,False,7,55,alexnet conv1,all,0.036775401082910004,-0.058634576941536454,20
13,25,amygdala,L,img_0269,vehicle,False,7,55,alexnet conv1,same,-0.07207499701564472,-0.256087234547655,20
13,25,amygdala,L,img_0269,vehicle,False,7,55,alexnet conv1,diff,0.026501813724935788,0.005925554171205558,20
13,25,amygdala,L,img_0269,vehicle,False,7,55,alexnet conv1,partial,0.01674012043764877,-0.042019171197943586,20
13,25,amygdala,L,img_0269,vehicle,False,7,55,alexnet conv1,category,0.06052659895873067,-0.023663428609643038,20
13,26,amygdala,L,img_0269,vehicle,False,7,55,clip ln_post,all,0.08531434896653799,0.03955932819660769,20
13,26,amygdala,L,img_0269,vehicle,False,7,55,clip ln_post,same,0.4546206046583175,0.10563406514770049,20
13,26,amygdala,L,img_0269,vehicle,False,7,55,clip ln_post,diff,-0.027030651090639127,0.02325195328766355,20
13,26,amygdala,L,img_0269,vehicle,False,7,55,clip ln_post,partial,-0.01866889064804644,0.07297810207814054,20
13,26,amygdala,L,img_0269,vehicle,False,7,55,clip ln_post,category,0.18361623468386143,-0.025155367199620755,20
13,26,amygdala,L,img_0269,vehicle,False,7,55,resnet50 avgpool,all,0.1733431300887166,0.004633868020846893,20
13,26,amygdala,L,img_0269,vehicle,False,7,55,resnet50 avgpool,same,0.38188130791298674,0.01638154895862073,20
13,26,amygdala,L,img_0269,vehicle,False,7,55,resnet50 avgpool,diff,0.09311768648562915,-0.022889903773450758,20
13,26,amygdala,L,img_0269,vehicle,False,7,55,resnet50 avgpool,partial,0.08928372262052023,0.014640314296230122,20
13,26,amygdala,L,img_0269,vehicle,False,7,55,resnet50 avgpool,category,0.18361623468386143,-0.025155367199620755,20
13,26,amygdala,L,img_0269,vehicle,False,7,55,alexnet conv1,all,0.00012684262409535827,-0.059745319367259575,20
13,26,amygdala,L,img_0269,vehicle,False,7,55,alexnet conv1,same,0.32732683535398865,-0.15025038450625522,20
13,26,amygdala,L,img_0269,vehicle,False,7,55,alexnet conv1,diff,-0.09780445260215126,-0.005450880022956692,20
13,26,amygdala,L,img_0269,vehicle,False,7,55,alexnet conv1,partial,-0.06939681551091247,-0.04441649492201144,20
13,26,amygdala,L,img_0269,vehicle,False,7,55,alexnet conv1,category,0.18361623468386143,-0.025155367199620755,20
13,28,amygdala,L,img_0269,vehicle,False,7,55,clip ln_post,all,-0.06417318595317496,-0.020615503495576244,20
13,28,amygdala,L,img_0269,vehicle,False,7,55,clip ln_post,same,0.29649972666444047,-0.15220178215773156,20
13,28,amygdala,L,img_0269,vehicle,False,7,55,clip ln_post,diff,-0.06162697783362004,-0.039320862563833596,20
13,28,amygdala,L,img_0269,vehicle,False,7,55,clip ln_post,partial,-0.058797785693672,-0.035865265131088106,20
13,28,amygdala,L,img_0269,vehicle,False,7,55,clip ln_post,category,-0.027392387093619828,0.010052473703484726,20
13,28,amygdala,L,img_0269,vehicle,False,7,55,resnet50 avgpool,all,0.01654684055765218,-0.018972033190909343,20
13,28,amygdala,L,img_0269,vehicle,False,7,55,resnet50 avgpool,same,0.2594372608313854,-0.048151578848560264,20
13,28,amygdala,L,img_0269,vehicle,False,7,55,resnet50 avgpool,diff,0.04195023357576391,-0.0333367435775178,20
13,28,amygdala,L,img_0269,vehicle,False,7,55,resnet50 avgpool,partial,0.03740264380468565,-0.028143655402301064,20
13,28,amygdala,L,img_0269,vehicle,False,7,55,resnet50 avgpool,category,-0.027392387093619828,0.010052473703484726,20
13,28,amygdala,L,img_0269,vehicle,False,7,55,alexnet conv1,all,0.03900873043637571,-0.026746790057355384,20
13,28,amygdala,L,img_0269,vehicle,False,7,55,alexnet conv1,same,0.2594372608313854,-0.06025286882679842,20
13,28,amygdala,L,img_0269,vehicle,False,7,55,alexnet conv1,diff,0.06001772737386973,-0.02640951811717888,20
13,28,amygdala,L,img_0269,vehicle,False,7,55,alexnet conv1,partial,0.05184031912081821,-0.03200047887412647,20
13,28,amygdala,L,img_0269,vehicle,False,7,55,alexnet conv1,category,-0.027392387093619828,0.010052473703484726,20
13,30,amygdala,L,img_0258,animal,False,7,55,clip ln_post,all,0.006472448436196259,-0.04566069162492799,20
13,30,amygdala,L,img_0258,animal,False,7,55,clip ln_post,same,0.14414999403128945,0.04865595314488798,20
13,30,amygdala,L,img_0258,animal,False,7,55,clip ln_post,diff,0.03050278788581502,-0.039899148008361376,20
13,30,amygdala,L,img_0258,animal,False,7,55,clip ln_post,partial,0.032223073731428034,-0.016147310714730207,20
13,30,amygdala,L,img_0258,animal,False,7,55,clip ln_post,category,-0.037317080614914094,-0.03728342130095304,20
13,30,amygdala,L,img_0258,animal,False,7,55,resnet50 avgpool,all,0.16541547630859224,-0.021118571250556183,20
13,30,amygdala,L,img_0258,animal,False,7,55,resnet50 avgpool,same,0.5585812268712466,-0.02816882394950725,20
13,30,amygdala,L,img_0258,animal,False,7,55,resnet50 avgpool,diff,0.22658693865059487,-0.019380100910250685,20
13,30,amygdala,L,img_0258,animal,False,7,55,resnet50 avgpool,partial,0.22116860435720131,-0.007188131552521529,20
13,30,amygdala,L,img_0258,animal,False,7,55,resnet50 avgpool,category,-0.037317080614914094,-0.03728342130095304,20
13,30,amygdala,L,img_0258,animal,False,7,55,alexnet conv1,all,0.13853577868533012,-0.06333178194383429,20
13,30,amygdala,L,img_0258,animal,False,7,55,alexnet conv1,same,-0.16216874328520064,-0.025435251824170484,20
13,30,amygdala,L,img_0258,animal,False,7,55,alexnet conv1,diff,0.1612862209093632,-0.01165945175426153,20
13,30,amygdala,L,img_0258,animal,False,7,55,alexnet conv1,partial,0.1336670052410894,-0.051289478007750675,20
13,30,amygdala,L,img_0258,animal,False,7,55,alexnet conv1,category,-0.037317080614914094,-0.03728342130095304,20
13,31,amygdala,L,img_0269,vehicle,False,7,55,clip ln_post,all,0.07988039430217682,-0.02310257703887198,20
13,31,amygdala,L,img_0269,vehicle,False,7,55,clip ln_post,same,0.4546206046583175,-0.05736427274992216,20
13,31,amygdala,L,img_0269,vehicle,False,7,55,clip ln_post,diff,-0.004406039933913365,0.02379324306007912,20
13,31,amygdala,L,img_0269,vehicle,False,7,55,clip ln_post,partial,0.0051239634843980204,0.02096530089331778,20
13,31,amygdala,L,img_0269,vehicle,False,7,55,clip ln_post,category,0.13796627726874786,-0.04938954849185456,20
13,31,amygdala,L,img_0269,vehicle,False,7,55,resnet50 avgpool,all,0.18055053169667964,-0.04960971500084044,20
13,31,amygdala,L,img_0269,vehicle,False,7,55,resnet50 avgpool,same,0.23640271442232513,0.09214694739052197,20
13,31,amygdala,L,img_0269,vehicle,False,7,55,resnet50 avgpool,diff,0.12533545002090746,-0.04140914640342275,20
13,31,amygdala,L,img_0269,vehicle,False,7,55,resnet50 avgpool,partial,0.12704273642637226,-0.025621985886101352,20
13,31,amygdala,L,img_0269,vehicle,False,7,55,resnet50 avgpool,category,0.13796627726874786,-0.04938954849185456,20
13,31,amygdala,L,img_0269,vehicle,False,7,55,alexnet conv1,all,0.05802320718799546,-0.10341836299092866,20
13,31,amygdala,L,img_0269,vehicle,False,7,55,alexnet conv1,same,-0.6364688465216446,-0.06062448333216401,20
13,31,amygdala,L,img_0269,vehicle,False,7,55,alexnet conv1,diff,0.03914456966080055,-0.0571160173740745,20
13,31,amygdala,L,img_0269,vehicle,False,7,55,alexnet conv1,partial,0.01065619832615005,-0.10047664239691892,20
13,31,amygdala,L,img_0269,vehicle,False,7,55,alexnet conv1,category,0.13796627726874786,-0.04938954849185456,20
13,32,hippocampus,L,img_0010,face_person,True,30,32,clip ln_post,all,0.266050508780159,0.0772539933584426,20
13,32,hippocampus,L,img_0010,face_person,True,30,32,clip ln_post,same,0.171502427928555,-0.0042489182027434175,20
13,32,hippocampus,L,img_0010,face_person,True,30,32,clip ln_post,diff,0.2393355729009853,0.06260959372638789,20
13,32,hippocampus,L,img_0010,face_person,True,30,32,clip ln_post,partial,0.25445999437559924,0.055507606625292694,20
13,32,hippocampus,L,img_0010,face_person,True,30,32,clip ln_post,category,0.12138853229600212,0.05414751955313215,20
13,32,hippocampus,L,img_0010,face_person,True,30,32,resnet50 avgpool,all,0.1892482510396852,-0.05182004139004204,20
13,32,hippocampus,L,img_0010,face_person,True,30,32,resnet50 avgpool,same,0.19993690357728408,0.028083423620736715,20
13,32,hippocampus,L,img_0010,face_person,True,30,32,resnet50 avgpool,diff,0.14286208328375416,-0.14763489667674104,20
13,32,hippocampus,L,img_0010,face_person,True,30,32,resnet50 avgpool,partial,0.14651965727590832,-0.10232143592913501,20
13,32,hippocampus,L,img_0010,face_person,True,30,32,resnet50 avgpool,category,0.12138853229600212,0.05414751955313215,20
13,32,hippocampus,L,img_0010,face_person,True,30,32,alexnet conv1,all,-0.0235263832999475,-0.008897146266778021,20
13,32,hippocampus,L,img_0010,face_person,True,30,32,alexnet conv1,same,0.05754063182459352,0.07398080698214433,20
13,32,hippocampus,L,img_0010,face_person,True,30,32,alexnet conv1,diff,-0.01903595676355327,-0.07803608679817935,20
13,32,hippocampus,L,img_0010,face_person,True,30,32,alexnet conv1,partial,0.014490941595750375,-0.03377491076766729,20
13,32,hippocampus,L,img_0010,face_person,True,30,32,alexnet conv1,category,0.12138853229600212,0.05414751955313215,20
13,33,hippocampus,L,img_0008,face_person,True,30,32,clip ln_post,all,0.15432990976734867,0.023032877368383727,20
13,33,hippocampus,L,img_0008,face_person,True,30,32,clip ln_post,same,0.09620589640434067,-0.020989773986346584,20
13,33,hippocampus,L,img_0008,face_person,True,30,32,clip ln_post,diff,0.12489890590651977,0.06932021953088707,20
13,33,hippocampus,L,img_0008,face_person,True,30,32,clip ln_post,partial,0.13111171187884207,0.014928273231664091,20
13,33,hippocampus,L,img_0008,face_person,True,30,32,clip ln_post,category,0.09779826044497923,0.012615888163002506,20
13,33,hippocampus,L,img_0008,face_person,True,30,32,resnet50 avgpool,all,0.1392838182858523,-0.016814773189810235,20
13,33,hippocampus,L,img_0008,face_person,True,30,32,resnet50 avgpool,same,-0.0805808088212691,0.054359276311040705,20
13,33,hippocampus,L,img_0008,face_person,True,30,32,resnet50 avgpool,diff,0.2855886356621751,0.012628840865433316,20
13,33,hippocampus,L,img_0008,face_person,True,30,32,resnet50 avgpool,partial,0.10347625822276929,-0.0235580443456181,20
13,33,hippocampus,L,img_0008,face_person,True,30,32,resnet50 avgpool,category,0.09779826044497923,0.012615888163002506,20
13,33,hippocampus,L,img_0008,face_person,True,30,32,alexnet conv1,all,0.07012237256838569,0.019608071246822782,20
13,33,hippocampus,L,img_0008,face_person,True,30,32,alexnet conv1,same,0.11540243257782859,-0.07087108570478033,20
13,33,hippocampus,L,img_0008,face_person,True,30,32,alexnet conv1,diff,-0.0833889297928315,0.02497798661348729,20
13,33,hippocampus,L,img_0008,face_person,True,30,32,alexnet conv1,partial,0.034119576402511606,0.01171413019291012,20
13,33,hippocampus,L,img_0008,face_person,True,30,32,alexnet conv1,category,0.09779826044497923,0.012615888163002506,20
13,35,hippocampus,L,img_0010,face_person,True,30,32,clip ln_post,all,0.35787242016068865,0.03232346207852989,20
13,35,hippocampus,L,img_0010,face_person,True,30,32,clip ln_post,same,0.27845870273216505,0.11276084790733096,20
13,35,hippocampus,L,img_0010,face_person,True,30,32,clip ln_post,diff,0.37688096233850266,-0.05682074141640212,20
13,35,hippocampus,L,img_0010,face_person,True,30,32,clip ln_post,partial,0.3817178268632274,-0.02277262171290113,20
13,35,hippocampus,L,img_0010,face_person,True,30,32,clip ln_post,category,0.12278134428290184,0.06770642224955058,20
13,35,hippocampus,L,img_0010,face_person,True,30,32,resnet50 avgpool,all,0.3337705509339455,-0.07306181648717103,20
13,35,hippocampus,L,img_0010,face_person,True,30,32,resnet50 avgpool,same,0.1581645431518697,0.0710746432087357,20
13,35,hippocampus,L,img_0010,face_person,True,30,32,resnet50 avgpool,diff,0.5466058358356376,-0.18712290469593362,20
13,35,hippocampus,L,img_0010,face_person,True,30,32,resnet50 avgpool,partial,0.34251549779762885,-0.14086338155266645,20
13,35,hippocampus,L,img_0010,face_person,True,30,32,resnet50 avgpool,category,0.12278134428290184,0.06770642224955058,20
13,35,hippocampus,L,img_0010,face_person,True,30,32,alexnet conv1,all,0.1973529626641684,-0.05113102973643713,20
13,35,hippocampus,L,img_0010,face_person,True,30,32,alexnet conv1,same,0.22298972914791773,0.05350445426798113,20
13,35,hippocampus,L,img_0010,face_person,True,30,32,alexnet conv1,diff,0.321835057420513,-0.15897403797129564,20
13,35,hippocampus,L,img_0010,face_person,True,30,32,alexnet conv1,partial,0.24876998694837035,-0.11081637348209647,20
13,35,hippocampus,L,img_0010,face_person,True,30,32,alexnet conv1,category,0.12278134428290184,0.06770642224955058,20
13,37,hippocampus,L,img_0056,scene_with_people,False,2,60,clip ln_post,all,0.1791302612498902,0.07307500597018053,20
13,37,hippocampus,L,img_0056,scene_with_people,False,2,60,clip ln_post,same,,0.10102852489005072,20
13,37,hippocampus,L,img_0056,scene_with_people,False,2,60,clip ln_post,diff,0.17116313969643807,0.05232871827242027,20
13,37,hippocampus,L,img_0056,scene_with_people,False,2,60,clip ln_post,partial,0.1736025806776062,0.0139101810162762,20
13,37,hippocampus,L,img_0056,scene_with_people,False,2,60,clip ln_post,category,0.04721384004965006,0.08127300244196692,20
13,37,hippocampus,L,img_0056,scene_with_people,False,2,60,resnet50 avgpool,all,0.2869657980208231,0.05928221327603143,20
13,37,hippocampus,L,img_0056,scene_with_people,False,2,60,resnet50 avgpool,same,,0.11869471229457265,20
13,37,hippocampus,L,img_0056,scene_with_people,False,2,60,resnet50 avgpool,diff,0.3021835980895914,-0.048299355739123064,20
13,37,hippocampus,L,img_0056,scene_with_people,False,2,60,resnet50 avgpool,partial,0.28404230357940075,0.0014491841313040335,20
13,37,hippocampus,L,img_0056,scene_with_people,False,2,60,resnet50 avgpool,category,0.04721384004965006,0.08127300244196692,20
13,37,hippocampus,L,img_0056,scene_with_people,False,2,60,alexnet conv1,all,0.04322226485847431,0.01862983755141525,20
13,37,hippocampus,L,img_0056,scene_with_people,False,2,60,alexnet conv1,same,,0.03940891519494459,20
13,37,hippocampus,L,img_0056,scene_with_people,False,2,60,alexnet conv1,diff,0.014018532375471406,-0.012460406180234645,20
13,37,hippocampus,L,img_0056,scene_with_people,False,2,60,alexnet conv1,partial,0.03603831521442925,-0.004534815991723321,20
13,37,hippocampus,L,img_0056,scene_with_people,False,2,60,alexnet conv1,category,0.04721384004965006,0.08127300244196692,20
13,46,hippocampus,L,img_0054,face_person,True,30,32,clip ln_post,all,0.16994939290546004,0.034747344473427914,20
13,46,hippocampus,L,img_0054,face_person,True,30,32,clip ln_post,same,-0.034916570226982586,0.14741279665768695,20
13,46,hippocampus,L,img_0054,face_person,True,30,32,clip ln_post,diff,0.18066505449021122,-0.018436218646997616,20
13,46,hippocampus,L,img_0054,face_person,True,30,32,clip ln_post,partial,0.10973576443830355,-0.005960644267432881,20
13,46,hippocampus,L,img_0054,face_person,True,30,32,clip ln_post,category,0.13060512875111283,0.07220611841320308,20
13,46,hippocampus,L,img_0054,face_person,True,30,32,resnet50 avgpool,all,0.09193983550623247,0.025696671746609594,20
13,46,hippocampus,L,img_0054,face_person,True,30,32,resnet50 avgpool,same,-0.23765794573849439,0.09003237338550835,20
13,46,hippocampus,L,img_0054,face_person,True,30,32,resnet50 avgpool,diff,0.1823225320543416,-0.03275266400040386,20
13,46,hippocampus,L,img_0054,face_person,True,30,32,resnet50 avgpool,partial,-0.013659891263954251,-0.007705351601155942,20
13,46,hippocampus,L,img_0054,face_person,True,30,32,resnet50 avgpool,category,0.13060512875111283,0.07220611841320308,20
13,46,hippocampus,L,img_0054,face_person,True,30,32,alexnet conv1,all,0.1278292974655524,0.09014963776477769,20
13,46,hippocampus,L,img_0054,face_person,True,30,32,alexnet conv1,same,0.001576877365089536,0.04432435636080764,20
13,46,hippocampus,L,img_0054,face_person,True,30,32,alexnet conv1,diff,0.09852783297886138,0.09249063690736056,20
13,46,hippocampus,L,img_0054,face_person,True,30,32,alexnet conv1,partial,0.07193332556822048,0.07614608510361004,20
13,46,hippocampus,L,img_0054,face_person,True,30,32,alexnet conv1,category,0.13060512875111283,0.07220611841320308,20
13,75,amygdala,R,img_0015,face_person,True,30,32,clip ln_post,all,0.73335192298989,0.3632263276077879,20
13,75,amygdala,R,img_0015,face_person,True,30,32,clip ln_post,same,0.23483567540270736,0.1594403386149822,20
13,75,amygdala,R,img_0015,face_person,True,30,32,clip ln_post,diff,0.2584199933848199,0.21449605459509918,20
13,75,amygdala,R,img_0015,face_person,True,30,32,clip ln_post,partial,0.38056790439346017,0.15646908225660203,20
13,75,amygdala,R,img_0015,face_person,True,30,32,clip ln_post,category,0.7163925399353565,0.40474927745499645,20
13,75,amygdala,R,img_0015,face_person,True,30,32,resnet50 avgpool,all,0.7111039415427632,0.20600342038172875,20
13,75,amygdala,R,img_0015,face_person,True,30,32,resnet50 avgpool,same,0.35749438525217464,0.2551497477338368,20
13,75,amygdala,R,img_0015,face_person,True,30,32,resnet50 avgpool,diff,0.026979928286625373,-0.16762776165663387,20
13,75,amygdala,R,img_0015,face_person,True,30,32,resnet50 avgpool,partial,0.3359113956709359,-0.009164851071753358,20
13,75,amygdala,R,img_0015,face_person,True,30,32,resnet50 avgpool,category,0.7163925399353565,0.40474927745499645,20
13,75,amygdala,R,img_0015,face_person,True,30,32,alexnet conv1,all,0.4660234029966676,0.1766430909960402,20
13,75,amygdala,R,img_0015,face_person,True,30,32,alexnet conv1,same,0.07337221007359043,0.044544523410469876,20
13,75,amygdala,R,img_0015,face_person,True,30,32,alexnet conv1,diff,0.021290283545908457,0.018612434958309335,20
13,75,amygdala,R,img_0015,face_person,True,30,32,alexnet conv1,partial,0.05525028411465533,0.04091747182896993,20
13,75,amygdala,R,img_0015,face_person,True,30,32,alexnet conv1,category,0.7163925399353565,0.40474927745499645,20
13,77,amygdala,R,img_0017,scene_with_people,False,2,60,clip ln_post,all,0.7881009330939196,0.09333274320520768,20
13,77,amygdala,R,img_0017,scene_with_people,False,2,60,clip ln_post,same,,0.09493512320561306,20
13,77,amygdala,R,img_0017,scene_with_people,False,2,60,clip ln_post,diff,0.7819513620067964,-0.06951436334221842,20
13,77,amygdala,R,img_0017,scene_with_people,False,2,60,clip ln_post,partial,0.7871668028988608,-0.10184020763905703,20
13,77,amygdala,R,img_0017,scene_with_people,False,2,60,clip ln_post,category,0.10204921440204184,0.2902621184151134,20
13,77,amygdala,R,img_0017,scene_with_people,False,2,60,resnet50 avgpool,all,0.7766904970580099,-0.05874170864332386,20
13,77,amygdala,R,img_0017,scene_with_people,False,2,60,resnet50 avgpool,same,,0.2724601296021376,20
13,77,amygdala,R,img_0017,scene_with_people,False,2,60,resnet50 avgpool,diff,0.7755590103714112,-0.31556518691418145,20
13,77,amygdala,R,img_0017,scene_with_people,False,2,60,resnet50 avgpool,partial,0.7768760917219646,-0.2568414607929423,20
13,77,amygdala,R,img_0017,scene_with_people,False,2,60,resnet50 avgpool,category,0.10204921440204184,0.2902621184151134,20
13,77,amygdala,R,img_0017,scene_with_people,False,2,60,alexnet conv1,all,-0.05440737712486788,0.1486989728064629,20
13,77,amygdala,R,img_0017,scene_with_people,False,2,60,alexnet conv1,same,,0.11368142043131738,20
13,77,amygdala,R,img_0017,scene_with_people,False,2,60,alexnet conv1,diff,-0.05080529908471383,-0.010460865809138223,20
13,77,amygdala,R,img_0017,scene_with_people,False,2,60,alexnet conv1,partial,-0.05417031802983313,0.015133161218420269,20
13,77,amygdala,R,img_0017,scene_with_people,False,2,60,alexnet conv1,category,0.10204921440204184,0.2902621184151134,20
13,78,amygdala,R,img_0007,face_person,True,30,32,clip ln_post,all,0.3837151227478922,0.09304189964148005,20
13,78,amygdala,R,img_0007,face_person,True,30,32,clip ln_post,same,0.15868651899412814,0.022580266326696213,20
13,78,amygdala,R,img_0007,face_person,True,30,32,clip ln_post,diff,0.12429928312038535,-0.12531638857630562,20
13,78,amygdala,R,img_0007,face_person,True,30,32,clip ln_post,partial,0.13975539750428884,-0.08267111453669342,20
13,78,amygdala,R,img_0007,face_person,True,30,32,clip ln_post,category,0.40110305169288624,0.2246420302778922,20
13,78,amygdala,R,img_0007,face_person,True,30,32,resnet50 avgpool,all,0.4100108349024657,0.06368477218507952,20
13,78,amygdala,R,img_0007,face_person,True,30,32,resnet50 avgpool,same,0.2947035352748094,0.0931306235361723,20
13,78,amygdala,R,img_0007,face_person,True,30,32,resnet50 avgpool,diff,0.0855710198336184,-0.08867659160093722,20
13,78,amygdala,R,img_0007,face_person,True,30,32,resnet50 avgpool,partial,0.1524144830192164,-0.06043360418321588,20
13,78,amygdala,R,img_0007,face_person,True,30,32,resnet50 avgpool,category,0.40110305169288624,0.2246420302778922,20
13,78,amygdala,R,img_0007,face_person,True,30,32,alexnet conv1,all,0.29198354227020684,0.05847109188217697,20
13,78,amygdala,R,img_0007,face_person,True,30,32,alexnet conv1,same,0.09067801085378752,0.019570277175562006,20
13,78,amygdala,R,img_0007,face_person,True,30,32,alexnet conv1,diff,0.17888769232459018,-0.0612287123518087,20
13,78,amygdala,R,img_0007,face_person,True,30,32,alexnet conv1,partial,0.21729564943339474,-0.03915282838650058,20
13,78,amygdala,R,img_0007,face_person,True,30,32,alexnet conv1,category,0.40110305169288624,0.2246420302778922,20
13,80,amygdala,R,img_0007,face_person,True,30,32,clip ln_post,all,0.18342099653895902,-0.023158183714762134,20
13,80,amygdala,R,img_0007,face_person,True,30,32,clip ln_post,same,0.3151861541990249,-0.020926096923483146,20
13,80,amygdala,R,img_0007,face_person,True,30,32,clip ln_post,diff,-0.15683658972415795,-0.1897127905208118,20
13,80,amygdala,R,img_0007,face_person,True,30,32,clip ln_post,partial,0.02891563665294135,-0.15904959826551518,20
13,80,amygdala,R,img_0007,face_person,True,30,32,clip ln_post,category,0.22145268210241484,0.13207382358264758,20
13,80,amygdala,R,img_0007,face_person,True,30,32,resnet50 avgpool,all,0.2140376282674463,-0.018214659508312893,20
13,80,amygdala,R,img_0007,face_person,True,30,32,resnet50 avgpool,same,0.026809973087694037,0.023027846378742316,20
13,80,amygdala,R,img_0007,face_person,True,30,32,resnet50 avgpool,diff,0.05635735611837355,-0.10626337575528513,20
13,80,amygdala,R,img_0007,face_person,True,30,32,resnet50 avgpool,partial,0.05660857968276197,-0.11120830416130989,20
13,80,amygdala,R,img_0007,face_person,True,30,32,resnet50 avgpool,category,0.22145268210241484,0.13207382358264758,20
13,80,amygdala,R,img_0007,face_person,True,30,32,alexnet conv1,all,0.1892503221164028,0.01907216239328151,20
13,80,amygdala,R,img_0007,face_person,True,30,32,alexnet conv1,same,0.46545717982500745,-0.03873011865347629,20
13,80,amygdala,R,img_0007,face_person,True,30,32,alexnet conv1,diff,-0.12346710254880519,-0.02217306469043489,20
13,80,amygdala,R,img_0007,face_person,True,30,32,alexnet conv1,partial,0.14237312939938612,-0.02008812748550078,20
13,80,amygdala,R,img_0007,face_person,True,30,32,alexnet conv1,category,0.22145268210241484,0.13207382358264758,20
13,82,amygdala,R,img_0003,face_person,True,30,32,clip ln_post,all,0.2999158665335915,-0.049321921374127706,20
13,82,amygdala,R,img_0003,face_person,True,30,32,clip ln_post,same,0.1940282525347765,-0.06511594220407264,20
13,82,amygdala,R,img_0003,face_person,True,30,32,clip ln_post,diff,0.1275291222401284,-0.07959042518171511,20
13,82,amygdala,R,img_0003,face_person,True,30,32,clip ln_post,partial,0.20334313925284248,-0.08310539437818196,20
13,82,amygdala,R,img_0003,face_person,True,30,32,clip ln_post,category,0.22758243540322348,0.03460860773008906,20
13,82,amygdala,R,img_0003,face_person,True,30,32,resnet50 avgpool,all,0.3402253692369665,-0.03770811688381155,20
13,82,amygdala,R,img_0003,face_person,True,30,32,resnet50 avgpool,same,0.19067136235251395,-0.1130357374856977,20
13,82,amygdala,R,img_0003,face_person,True,30,32,resnet50 avgpool,diff,0.2879094510775692,-0.016064689112510442,20
13,82,amygdala,R,img_0003,face_person,True,30,32,resnet50 avgpool,partial,0.27165818512763823,-0.05415713815283274,20
13,82,amygdala,R,img_0003,face_person,True,30,32,resnet50 avgpool,category,0.22758243540322348,0.03460860773008906,20
13,82,amygdala,R,img_0003,face_person,True,30,32,alexnet conv1,all,0.3953217749420822,0.09059784546038611,20
13,82,amygdala,R,img_0003,face_person,True,30,32,alexnet conv1,same,0.18283861859390127,0.00990400747757294,20
13,82,amygdala,R,img_0003,face_person,True,30,32,alexnet conv1,diff,0.5136230784287661,0.12539197174481082,20
13,82,amygdala,R,img_0003,face_person,True,30,32,alexnet conv1,partial,0.3322198457840365,0.07014141479041151,20
13,82,amygdala,R,img_0003,face_person,True,30,32,alexnet conv1,category,0.22758243540322348,0.03460860773008906,20
13,83,amygdala,R,img_0054,face_person,True,30,32,clip ln_post,all,0.5321860488854487,0.09023746287805767,20
13,83,amygdala,R,img_0054,face_person,True,30,32,clip ln_post,same,0.28081519500524255,0.1461109973037035,20
13,83,amygdala,R,img_0054,face_person,True,30,32,clip ln_post,diff,0.10889745705151994,-0.09420195967640037,20
13,83,amygdala,R,img_0054,face_person,True,30,32,clip ln_post,partial,0.25865759554378115,-0.06667990620787621,20
13,83,amygdala,R,img_0054,face_person,True,30,32,clip ln_post,category,0.5026271833340623,0.1768179980480107,20
13,83,amygdala,R,img_0054,face_person,True,30,32,resnet50 avgpool,all,0.5830384304684231,0.03676311573194906,20
13,83,amygdala,R,img_0054,face_person,True,30,32,resnet50 avgpool,same,0.3498498583292911,0.0290999885543759,20
13,83,amygdala,R,img_0054,face_person,True,30,32,resnet50 avgpool,diff,0.3937203168945342,-0.055580394624616315,20
13,83,amygdala,R,img_0054,face_person,True,30,32,resnet50 avgpool,partial,0.35533968494426915,-0.07294315115163734,20
13,83,amygdala,R,img_0054,face_person,True,30,32,resnet50 avgpool,category,0.5026271833340623,0.1768179980480107,20
13,83,amygdala,R,img_0054,face_person,True,30,32,alexnet conv1,all,0.2840727936495887,0.09045078931186848,20
13,83,amygdala,R,img_0054,face_person,True,30,32,alexnet conv1,same,0.040752720607422195,0.12704642874657893,20
13,83,amygdala,R,img_0054,face_person,True,30,32,alexnet conv1,diff,0.03103485706864565,-0.014185249195146587,20
13,83,amygdala,R,img_0054,face_person,True,30,32,alexnet conv1,partial,0.03820944648414943,0.014459872584895284,20
13,83,amygdala,R,img_0054,face_person,True,30,32,alexnet conv1,category,0.5026271833340623,0.1768179980480107,20
13,84,amygdala,R,img_0011,face_person,True,30,32,clip ln_post,all,0.4322438946289934,-0.0025006895557188823,20
13,84,amygdala,R,img_0011,face_person,True,30,32,clip ln_post,same,-0.04141096922634726,0.017089195585659793,20
13,84,amygdala,R,img_0011,face_person,True,30,32,clip ln_post,diff,0.26660278063192516,-0.03016938848871114,20
13,84,amygdala,R,img_0011,face_person,True,30,32,clip ln_post,partial,0.13566612649429993,-0.07261769489932254,20
13,84,amygdala,R,img_0011,face_person,True,30,32,clip ln_post,category,0.45698409385865807,0.08990308082056865,20
13,84,amygdala,R,img_0011,face_person,True,30,32,resnet50 avgpool,all,0.4611850680553269,-0.0698778795917179,20
13,84,amygdala,R,img_0011,face_person,True,30,32,resnet50 avgpool,same,0.12512827998663847,0.04453862833370842,20
13,84,amygdala,R,img_0011,face_person,True,30,32,resnet50 avgpool,diff,0.16010957560835448,-0.16130267383207317,20
13,84,amygdala,R,img_0011,face_person,True,30,32,resnet50 avgpool,partial,0.181251416609784,-0.15154539927324095,20
13,84,amygdala,R,img_0011,face_person,True,30,32,resnet50 avgpool,category,0.45698409385865807,0.08990308082056865,20
13,84,amygdala,R,img_0011,face_person,True,30,32,alexnet conv1,all,0.23076977655958325,0.016823597506838102,20
13,84,amygdala,R,img_0011,face_person,True,30,32,alexnet conv1,same,0.07453974460742507,0.10150199054361748,20
13,84,amygdala,R,img_0011,face_person,True,30,32,alexnet conv1,diff,0.06082684800825477,-0.0332137973062773,20
13,84,amygdala,R,img_0011,face_person,True,30,32,alexnet conv1,partial,0.019954112402309196,-0.013996625913672603,20
13,84,amygdala,R,img_0011,face_person,True,30,32,alexnet conv1,category,0.45698409385865807,0.08990308082056865,20
13,85,amygdala,R,img_0023,face_person,True,30,32,clip ln_post,all,0.5936643479013946,-0.032608808476870074,20
13,85,amygdala,R,img_0023,face_person,True,30,32,clip ln_post,same,-0.10563867915877623,-0.2342144929960968,20
13,85,amygdala,R,img_0023,face_person,True,30,32,clip ln_post,diff,-0.0452374673858617,-0.2176686941287443,20
13,85,amygdala,R,img_0023,face_person,True,30,32,clip ln_post,partial,0.033614067059261836,-0.21343020602555024,20
13,85,amygdala,R,img_0023,face_person,True,30,32,clip ln_post,category,0.7490626753382544,0.1288730005062562,20
13,85,amygdala,R,img_0023,face_person,True,30,32,resnet50 avgpool,all,0.7419040190830893,-0.08012751540356636,20
13,85,amygdala,R,img_0023,face_person,True,30,32,resnet50 avgpool,same,0.08959229751440516,-0.05579826247971594,20
13,85,amygdala,R,img_0023,face_person,True,30,32,resnet50 avgpool,diff,0.4286525873026163,-0.21703624702851304,20
13,85,amygdala,R,img_0023,face_person,True,30,32,resnet50 avgpool,partial,0.4089351145444971,-0.21000147232491212,20
13,85,amygdala,R,img_0023,face_person,True,30,32,resnet50 avgpool,category,0.7490626753382544,0.1288730005062562,20
13,85,amygdala,R,img_0023,face_person,True,30,32,alexnet conv1,all,0.5307343140794476,0.08653712000292185,20
13,85,amygdala,R,img_0023,face_person,True,30,32,alexnet conv1,same,0.22063774761010227,0.037804419510399465,20
13,85,amygdala,R,img_0023,face_person,True,30,32,alexnet conv1,diff,0.20908536755172666,0.03625987657804945,20
13,85,amygdala,R,img_0023,face_person,True,30,32,alexnet conv1,partial,0.1841427078681968,0.007060109089652459,20
13,85,amygdala,R,img_0023,face_person,True,30,32,alexnet conv1,category,0.7490626753382544,0.1288730005062562,20
13,86,amygdala,R,img_0002,face_person,True,30,32,clip ln_post,all,0.6348337690919956,0.026315301095250248,20
13,86,amygdala,R,img_0002,face_person,True,30,32,clip ln_post,same,0.16981504055317026,-0.0225390818811811,20
13,86,amygdala,R,img_0002,face_person,True,30,32,clip ln_post,diff,0.3176754403183621,-0.07291050191542077,20
13,86,amygdala,R,img_0002,face_person,True,30,32,clip ln_post,partial,0.30772352024699445,-0.07785196176585225,20
13,86,amygdala,R,img_0002,face_person,True,30,32,clip ln_post,category,0.6162180288792335,0.12335075555504427,20
13,86,amygdala,R,img_0002,face_person,True,30,32,resnet50 avgpool,all,0.6671305586165486,-0.1314452935577582,20
13,86,amygdala,R,img_0002,face_person,True,30,32,resnet50 avgpool,same,0.3168391151373624,-0.10800428409481044,20
13,86,amygdala,R,img_0002,face_person,True,30,32,resnet50 avgpool,diff,0.36411059748786745,-0.26263486528856983,20
13,86,amygdala,R,img_0002,face_person,True,30,32,resnet50 avgpool,partial,0.40811287297172144,-0.23338050150412554,20
13,86,amygdala,R,img_0002,face_person,True,30,32,resnet50 avgpool,category,0.6162180288792335,0.12335075555504427,20
13,86,amygdala,R,img_0002,face_person,True,30,32,alexnet conv1,all,0.4525335313459834,0.03375881860597153,20
13,86,amygdala,R,img_0002,face_person,True,30,32,alexnet conv1,same,0.21807826260512392,0.08374867219906239,20
13,86,amygdala,R,img_0002,face_person,True,30,32,alexnet conv1,diff,0.08144579154333878,-0.033813439540744464,20
13,86,amygdala,R,img_0002,face_person,True,30,32,alexnet conv1,partial,0.17842468607093623,-0.0054089628407104125,20
13,86,amygdala,R,img_0002,face_person,True,30,32,alexnet conv1,category,0.6162180288792335,0.12335075555504427,20
13,88,amygdala,R,img_0004,face_person,True,30,32,clip ln_post,all,0.3832944469992958,-0.022870690992994384,20
13,88,amygdala,R,img_0004,face_person,True,30,32,clip ln_post,same,0.30019464345895086,-0.10532347147485181,20
13,88,amygdala,R,img_0004,face_person,True,30,32,clip ln_post,diff,0.3641820651853687,-0.008989330811510609,20
13,88,amygdala,R,img_0004,face_person,True,30,32,clip ln_post,partial,0.33287811448394056,-0.04967356456476375,20
13,88,amygdala,R,img_0004,face_person,True,30,32,clip ln_post,category,0.245894974895732,0.026151779266149932,20
13,88,amygdala,R,img_0004,face_person,True,30,32,resnet50 avgpool,all,0.33140134014039735,-0.02395970751144815,20
13,88,amygdala,R,img_0004,face_person,True,30,32,resnet50 avgpool,same,0.05994945189791269,-0.04961079703432168,20
13,88,amygdala,R,img_0004,face_person,True,30,32,resnet50 avgpool,diff,0.3578419780290438,0.01134174391955225,20
13,88,amygdala,R,img_0004,face_person,True,30,32,resnet50 avgpool,partial,0.23118238255725967,-0.03674695474255161,20
13,88,amygdala,R,img_0004,face_person,True,30,32,resnet50 avgpool,category,0.245894974895732,0.026151779266149932,20
13,88,amygdala,R,img_0004,face_person,True,30,32,alexnet conv1,all,0.286273594380779,0.04596978096192327,20
13,88,amygdala,R,img_0004,face_person,True,30,32,alexnet conv1,same,0.09104263777033754,0.10452860405517117,20
13,88,amygdala,R,img_0004,face_person,True,30,32,alexnet conv1,diff,0.2670295531722724,0.06586277062901741,20
13,88,amygdala,R,img_0004,face_person,True,30,32,alexnet conv1,partial,0.1851504025418915,0.049155017574665755,20
13,88,amygdala,R,img_0004,face_person,True,30,32,alexnet conv1,category,0.245894974895732,0.026151779266149932,20
13,89,amygdala,R,img_0009,face_person,True,30,32,clip ln_post,all,0.39676632493063796,0.04136143893259375,20
13,89,amygdala,R,img_0009,face_person,True,30,32,clip ln_post,same,-0.04274175274591969,0.046868399913713006,20
13,89,amygdala,R,img_0009,face_person,True,30,32,clip ln_post,diff,0.08659289458647088,-0.11698396355723854,20
13,89,amygdala,R,img_0009,face_person,True,30,32,clip ln_post,partial,0.031780398772122666,-0.13004437179640704,20
13,89,amygdala,R,img_0009,face_person,True,30,32,clip ln_post,category,0.5396868258333588,0.19981725829037722,20
13,89,amygdala,R,img_0009,face_person,True,30,32,resnet50 avgpool,all,0.3833357335699368,-0.019446615875225476,20
13,89,amygdala,R,img_0009,face_person,True,30,32,resnet50 avgpool,same,-0.0678440519776503,0.11141454817943783,20
13,89,amygdala,R,img_0009,face_person,True,30,32,resnet50 avgpool,diff,0.013571954780660998,-0.15526543031632792,20
13,89,amygdala,R,img_0009,face_person,True,30,32,resnet50 avgpool,partial,-0.020646014556808243,-0.13051275269592938,20
13,89,amygdala,R,img_0009,face_person,True,30,32,resnet50 avgpool,category,0.5396868258333588,0.19981725829037722,20
13,89,amygdala,R,img_0009,face_person,True,30,32,alexnet conv1,all,0.32792172875727277,0.13674710382678287,20
13,89,amygdala,R,img_0009,face_person,True,30,32,alexnet conv1,same,0.23654959456207406,0.16283647711443777,20
13,89,amygdala,R,img_0009,face_person,True,30,32,alexnet conv1,diff,-0.18809582400240032,0.016876132271000065,20
13,89,amygdala,R,img_0009,face_person,True,30,32,alexnet conv1,partial,0.02393408706297584,0.04714959237524105,20
13,89,amygdala,R,img_0009,face_person,True,30,32,alexnet conv1,category,0.5396868258333588,0.19981725829037722,20
13,90,amygdala,R,img_0008,face_person,True,30,32,clip ln_post,all,0.6120033487411459,0.11412593267238817,20
13,90,amygdala,R,img_0008,face_person,True,30,32,clip ln_post,same,-0.1438636210336378,0.08722476695356185,20
13,90,amygdala,R,img_0008,face_person,True,30,32,clip ln_post,diff,0.2668028890415764,-0.06866542538751726,20
13,90,amygdala,R,img_0008,face_person,True,30,32,clip ln_post,partial,0.18552144795322598,-0.06468873180233917,20
13,90,amygdala,R,img_0008,face_person,True,30,32,clip ln_post,category,0.6440732656363788,0.2402571988692927,20
13,90,amygdala,R,img_0008,face_person,True,30,32,resnet50 avgpool,all,0.6205548979445279,0.021951122410808842,20
13,90,amygdala,R,img_0008,face_person,True,30,32,resnet50 avgpool,same,-0.08555864418615415,0.07886170360601977,20
13,90,amygdala,R,img_0008,face_person,True,30,32,resnet50 avgpool,diff,0.25411550148549866,-0.16530872901128257,20
13,90,amygdala,R,img_0008,face_person,True,30,32,resnet50 avgpool,partial,0.2138940997906451,-0.14181778633738817,20
13,90,amygdala,R,img_0008,face_person,True,30,32,resnet50 avgpool,category,0.6440732656363788,0.2402571988692927,20
13,90,amygdala,R,img_0008,face_person,True,30,32,alexnet conv1,all,0.4817120459816547,0.03407836708618421,20
13,90,amygdala,R,img_0008,face_person,True,30,32,alexnet conv1,same,0.0895796770721875,0.048444155208141444,20
13,90,amygdala,R,img_0008,face_person,True,30,32,alexnet conv1,diff,0.42842917399508823,0.003059604350960361,20
13,90,amygdala,R,img_0008,face_person,True,30,32,alexnet conv1,partial,0.3207060295891076,-0.026753528033962432,20
13,90,amygdala,R,img_0008,face_person,True,30,32,alexnet conv1,category,0.6440732656363788,0.2402571988692927,20
13,92,amygdala,R,img_0058,face_person,True,30,32,clip ln_post,all,0.7811946273374154,0.08619638941318619,20
13,92,amygdala,R,img_0058,face_person,True,30,32,clip ln_post,same,0.41571091217582185,-0.06069276219404387,20
13,92,amygdala,R,img_0058,face_person,True,30,32,clip ln_post,diff,0.31142808040804687,-0.06615854498156526,20
13,92,amygdala,R,img_0058,face_person,True,30,32,clip ln_post,partial,0.5121770839898858,-0.08347343205369888,20
13,92,amygdala,R,img_0058,face_person,True,30,32,clip ln_post,category,0.7091959459569109,0.23021870243819037,20
13,92,amygdala,R,img_0058,face_person,True,30,32,resnet50 avgpool,all,0.7255447723972593,-0.012487116215259313,20
13,92,amygdala,R,img_0058,face_person,True,30,32,resnet50 avgpool,same,0.32511583416004963,0.017047641982512917,20
13,92,amygdala,R,img_0058,face_person,True,30,32,resnet50 avgpool,diff,0.10783778306666698,-0.22512232253493653,20
13,92,amygdala,R,img_0058,face_person,True,30,32,resnet50 avgpool,partial,0.4237756723488497,-0.17761437203642452,20
13,92,amygdala,R,img_0058,face_person,True,30,32,resnet50 avgpool,category,0.7091959459569109,0.23021870243819037,20
13,92,amygdala,R,img_0058,face_person,True,30,32,alexnet conv1,all,0.2568279959948101,0.04942398707617119,20
13,92,amygdala,R,img_0058,face_person,True,30,32,alexnet conv1,same,-0.010487607553549988,0.059512592420179436,20
13,92,amygdala,R,img_0058,face_person,True,30,32,alexnet conv1,diff,0.0048341075167816225,-0.00814239391872535,20
13,92,amygdala,R,img_0058,face_person,True,30,32,alexnet conv1,partial,0.05869873567386233,-0.011809169799758216,20
13,92,amygdala,R,img_0058,face_person,True,30,32,alexnet conv1,category,0.7091959459569109,0.23021870243819037,20
13,93,amygdala,R,img_0023,face_person,True,30,32,clip ln_post,all,0.34336534278446335,0.11271077542689652,20
13,93,amygdala,R,img_0023,face_person,True,30,32,clip ln_post,same,0.14185557486511594,0.008387226100846962,20
13,93,amygdala,R,img_0023,face_person,True,30,32,clip ln_post,diff,0.0031560042113426795,-0.08087898869467051,20
13,93,amygdala,R,img_0023,face_person,True,30,32,clip ln_post,partial,0.11435999450040263,-0.025375769203122713,20
13,93,amygdala,R,img_0023,face_person,True,30,32,clip ln_post,category,0.35629487267455,0.16681022885646918,20
13,93,amygdala,R,img_0023,face_person,True,30,32,resnet50 avgpool,all,0.4706044367657255,0.10228636555353858,20
13,93,amygdala,R,img_0023,face_person,True,30,32,resnet50 avgpool,same,0.1698207438369353,-0.1032996386932354,20
13,93,amygdala,R,img_0023,face_person,True,30,32,resnet50 avgpool,diff,0.42401844815921647,0.08542544803326096,20
13,93,amygdala,R,img_0023,face_person,True,30,32,resnet50 avgpool,partial,0.3290612486064634,0.01528301488842523,20
13,93,amygdala,R,img_0023,face_person,True,30,32,resnet50 avgpool,category,0.35629487267455,0.16681022885646918,20
13,93,amygdala,R,img_0023,face_person,True,30,32,alexnet conv1,all,0.40692143520997315,0.05419370552537635,20
13,93,amygdala,R,img_0023,face_person,True,30,32,alexnet conv1,same,0.2796516897181936,-0.019208740579895738,20
13,93,amygdala,R,img_0023,face_person,True,30,32,alexnet conv1,diff,0.4451822411058675,0.10024218397487036,20
13,93,amygdala,R,img_0023,face_person,True,30,32,alexnet conv1,partial,0.26422955510868995,0.02685645098652605,20
13,93,amygdala,R,img_0023,face_person,True,30,32,alexnet conv1,category,0.35629487267455,0.16681022885646918,20
13,94,amygdala,R,img_0054,face_person,True,30,32,clip ln_post,all,0.7280103026351731,0.04090242856075521,20
13,94,amygdala,R,img_0054,face_person,True,30,32,clip ln_post,same,0.5137644348157396,0.050999106695835274,20
13,94,amygdala,R,img_0054,face_person,True,30,32,clip ln_post,diff,0.2991218951335781,-0.0693395582253396,20
13,94,amygdala,R,img_0054,face_person,True,30,32,clip ln_post,partial,0.5154277270240861,-0.06115211730193506,20
13,94,amygdala,R,img_0054,face_person,True,30,32,clip ln_post,category,0.6035226190755074,0.15973252780531846,20
13,94,amygdala,R,img_0054,face_person,True,30,32,resnet50 avgpool,all,0.7229895419273443,-0.1117770943503611,20
13,94,amygdala,R,img_0054,face_person,True,30,32,resnet50 avgpool,same,0.49905360935029985,0.14416134373545325,20
13,94,amygdala,R,img_0054,face_person,True,30,32,resnet50 avgpool,diff,0.3229408608571778,-0.26815850642143235,20
13,94,amygdala,R,img_0054,face_person,True,30,32,resnet50 avgpool,partial,0.5076555232458198,-0.20175705903585314,20
13,94,amygdala,R,img_0054,face_person,True,30,32,resnet50 avgpool,category,0.6035226190755074,0.15973252780531846,20
13,94,amygdala,R,img_0054,face_person,True,30,32,alexnet conv1,all,0.4133423250068287,0.09357019257002723,20
13,94,amygdala,R,img_0054,face_person,True,30,32,alexnet conv1,same,0.20082505673274684,0.08769138904033466,20
13,94,amygdala,R,img_0054,face_person,True,30,32,alexnet conv1,diff,0.18002706651557943,0.06375686273446432,20
13,94,amygdala,R,img_0054,face_person,True,30,32,alexnet conv1,partial,0.1549784177066017,0.05297562572940947,20
13,94,amygdala,R,img_0054,face_person,True,30,32,alexnet conv1,category,0.6035226190755074,0.15973252780531846,20
13,95,amygdala,R,img_0051,animal,False,7,55,clip ln_post,all,0.17519771865394285,-0.03678655966855465,20
13,95,amygdala,R,img_0051,animal,False,7,55,clip ln_post,same,0.2672612419124244,0.06354183537039976,20
13,95,amygdala,R,img_0051,animal,False,7,55,clip ln_post,diff,0.13513249419654724,-0.07857718928195423,20
13,95,amygdala,R,img_0051,animal,False,7,55,clip ln_post,partial,0.13473673882873993,-0.018351404619692625,20
13,95,amygdala,R,img_0051,animal,False,7,55,clip ln_post,category,0.1167470554234115,-0.03230549390249762,20
13,95,amygdala,R,img_0051,animal,False,7,55,resnet50 avgpool,all,0.06783750048890043,-0.0004082945189155217,20
13,95,amygdala,R,img_0051,animal,False,7,55,resnet50 avgpool,same,0.5345224838248488,0.030067406492742872,20
13,95,amygdala,R,img_0051,animal,False,7,55,resnet50 avgpool,diff,-0.011005915787731406,-0.008696494378011739,20
13,95,amygdala,R,img_0051,animal,False,7,55,resnet50 avgpool,partial,0.02017599235308365,0.04381226778583762,20
13,95,amygdala,R,img_0051,animal,False,7,55,resnet50 avgpool,category,0.1167470554234115,-0.03230549390249762,20
13,95,amygdala,R,img_0051,animal,False,7,55,alexnet conv1,all,-0.07051882461889648,0.0009759210587732874,20
13,95,amygdala,R,img_0051,animal,False,7,55,alexnet conv1,same,0.2672612419124244,-0.08884336724033418,20
13,95,amygdala,R,img_0051,animal,False,7,55,alexnet conv1,diff,-0.06537668990810874,-0.002550251179782513,20
13,95,amygdala,R,img_0051,animal,False,7,55,alexnet conv1,partial,-0.061345435160109076,0.027772208106728542,20
13,95,amygdala,R,img_0051,animal,False,7,55,alexnet conv1,category,0.1167470554234115,-0.03230549390249762,20
13,97,amygdala,R,img_0008,face_person,True,30,32,clip ln_post,all,0.4056560633048857,-0.05398677318136723,20
13,97,amygdala,R,img_0008,face_person,True,30,32,clip ln_post,same,-0.010704760132317144,0.024195843117654096,20
13,97,amygdala,R,img_0008,face_person,True,30,32,clip ln_post,diff,0.005355647516048119,-0.08011010940960396,20
13,97,amygdala,R,img_0008,face_person,True,30,32,clip ln_post,partial,0.09249824174753561,-0.0763935139297796,20
13,97,amygdala,R,img_0008,face_person,True,30,32,clip ln_post,category,0.434245617265806,-0.023603752780939787,20
13,97,amygdala,R,img_0008,face_person,True,30,32,resnet50 avgpool,all,0.49716047018601506,-0.12277310440934648,20
13,97,amygdala,R,img_0008,face_person,True,30,32,resnet50 avgpool,same,0.10816268050362116,0.0611265518664635,20
13,97,amygdala,R,img_0008,face_person,True,30,32,resnet50 avgpool,diff,0.3444235385320601,-0.17413114917464428,20
13,97,amygdala,R,img_0008,face_person,True,30,32,resnet50 avgpool,partial,0.27411178062166264,-0.160322317428339,20
13,97,amygdala,R,img_0008,face_person,True,30,32,resnet50 avgpool,category,0.434245617265806,-0.023603752780939787,20
13,97,amygdala,R,img_0008,face_person,True,30,32,alexnet conv1,all,0.12012795547205152,0.007260334283860123,20
13,97,amygdala,R,img_0008,face_person,True,30,32,alexnet conv1,same,-0.10392537961791229,0.1685824876864536,20
13,97,amygdala,R,img_0008,face_person,True,30,32,alexnet conv1,diff,-0.07516374272522706,-0.04741853365990889,20
13,97,amygdala,R,img_0008,face_person,True,30,32,alexnet conv1,partial,-0.06409525483855698,-0.021826543923151982,20
13,97,amygdala,R,img_0008,face_person,True,30,32,alexnet conv1,category,0.434245617265806,-0.023603752780939787,20
13,98,amygdala,R,img_0266,scene_with_people,False,2,60,clip ln_post,all,-0.0672074991742289,-0.06626788838648776,20
13,98,amygdala,R,img_0266,scene_with_people,False,2,60,clip ln_post,same,,-0.0004100771500876975,20
13,98,amygdala,R,img_0266,scene_with_people,False,2,60,clip ln_post,diff,-0.12371788583719354,-0.06550699178758636,20
13,98,amygdala,R,img_0266,scene_with_people,False,2,60,clip ln_post,partial,-0.11757354163790622,-0.05208140717659937,20
13,98,amygdala,R,img_0266,scene_with_people,False,2,60,clip ln_post,category,0.16097917598824743,-0.06792350167271784,20
13,98,amygdala,R,img_0266,scene_with_people,False,2,60,resnet50 avgpool,all,0.284748890082403,-0.03143756498748329,20
13,98,amygdala,R,img_0266,scene_with_people,False,2,60,resnet50 avgpool,same,,0.04853457703471702,20
13,98,amygdala,R,img_0266,scene_with_people,False,2,60,resnet50 avgpool,diff,0.27967369062116254,0.013173138991885668,20
13,98,amygdala,R,img_0266,scene_with_people,False,2,60,resnet50 avgpool,partial,0.2692577754664317,0.0021158748552651922,20
13,98,amygdala,R,img_0266,scene_with_people,False,2,60,resnet50 avgpool,category,0.16097917598824743,-0.06792350167271784,20
13,98,amygdala,R,img_0266,scene_with_people,False,2,60,alexnet conv1,all,0.09066957658865564,-0.05507216592113383,20
13,98,amygdala,R,img_0266,scene_with_people,False,2,60,alexnet conv1,same,,0.040700498389149596,20
13,98,amygdala,R,img_0266,scene_with_people,False,2,60,alexnet conv1,diff,0.051196487861070866,-0.12603833585870428,20
13,98,amygdala,R,img_0266,scene_with_people,False,2,60,alexnet conv1,partial,0.0820372881723817,-0.05558877134154063,20
13,98,amygdala,R,img_0266,scene_with_people,False,2,60,alexnet conv1,category,0.16097917598824743,-0.06792350167271784,20
14,14,hippocampus,L,img_0261,animal,False,7,55,clip ln_post,all,0.2593550805292604,-0.02491585079449732,20
14,14,hippocampus,L,img_0261,animal,False,7,55,clip ln_post,same,0.21428571428571433,-0.011785834710324586,20
14,14,hippocampus,L,img_0261,animal,False,7,55,clip ln_post,diff,0.1596865645633054,-0.04278975310581219,20
14,14,hippocampus,L,img_0261,animal,False,7,55,clip ln_post,partial,0.15993515771114367,-0.028478992421962373,20
14,14,hippocampus,L,img_0261,animal,False,7,55,clip ln_post,category,0.2382682959760782,-0.0016344597130857994,20
14,14,hippocampus,L,img_0261,animal,False,7,55,resnet50 avgpool,all,0.18996832389384197,0.03796412166088954,20
14,14,hippocampus,L,img_0261,animal,False,7,55,resnet50 avgpool,same,-0.39285714285714296,-0.07829860963775181,20
14,14,hippocampus,L,img_0261,animal,False,7,55,resnet50 avgpool,diff,0.11127807238529637,0.1503486300481443,20
14,14,hippocampus,L,img_0261,animal,False,7,55,resnet50 avgpool,partial,0.0900358908222342,0.0700974025326371,20
14,14,hippocampus,L,img_0261,animal,False,7,55,resnet50 avgpool,category,0.2382682959760782,-0.0016344597130857994,20
14,14,hippocampus,L,img_0261,animal,False,7,55,alexnet conv1,all,0.27159238124496143,0.01608739057864025,20
14,14,hippocampus,L,img_0261,animal,False,7,55,alexnet conv1,same,0.07142857142857144,-0.014643060496495547,20
14,14,hippocampus,L,img_0261,animal,False,7,55,alexnet conv1,diff,0.2609141807682534,0.04092537698098721,20
14,14,hippocampus,L,img_0261,animal,False,7,55,alexnet conv1,partial,0.23403443314034447,0.03836385144903372,20
14,14,hippocampus,L,img_0261,animal,False,7,55,alexnet conv1,category,0.2382682959760782,-0.0016344597130857994,20
14,15,hippocampus,L,img_0017,scene_with_people,False,1,61,clip ln_post,all,0.1481003082791634,0.054360336992762506,20
14,15,hippocampus,L,img_0017,scene_with_people,False,1,61,clip ln_post,same,,0.0446217207240483,20
14,15,hippocampus,L,img_0017,scene_with_people,False,1,61,clip ln_post,diff,0.147900349163459,0.03161395876158717,20
14,15,hippocampus,L,img_0017,scene_with_people,False,1,61,clip ln_post,partial,0.14788252201821395,0.008856068816682574,20
14,15,hippocampus,L,img_0017,scene_with_people,False,1,61,clip ln_post,category,0.11900763339350004,0.0558471045472977,20
14,15,hippocampus,L,img_0017,scene_with_people,False,1,61,resnet50 avgpool,all,0.19427693850881683,0.031078173197296076,20
14,15,hippocampus,L,img_0017,scene_with_people,False,1,61,resnet50 avgpool,same,,0.08853609017560321,20
14,15,hippocampus,L,img_0017,scene_with_people,False,1,61,resnet50 avgpool,diff,0.18831435949723763,-0.0067636918327181,20
14,15,hippocampus,L,img_0017,scene_with_people,False,1,61,resnet50 avgpool,partial,0.1895088408207135,0.005560386014490288,20
14,15,hippocampus,L,img_0017,scene_with_people,False,1,61,resnet50 avgpool,category,0.11900763339350004,0.0558471045472977,20
14,15,hippocampus,L,img_0017,scene_with_people,False,1,61,alexnet conv1,all,0.014799876538695965,0.03185158476971327,20
14,15,hippocampus,L,img_0017,scene_with_people,False,1,61,alexnet conv1,same,,0.009651695079394592,20
14,15,hippocampus,L,img_0017,scene_with_people,False,1,61,alexnet conv1,diff,0.00858397844820364,0.050713064484089465,20
14,15,hippocampus,L,img_0017,scene_with_people,False,1,61,alexnet conv1,partial,0.011052532820726123,0.01249176808649764,20
14,15,hippocampus,L,img_0017,scene_with_people,False,1,61,alexnet conv1,category,0.11900763339350004,0.0558471045472977,20
14,16,hippocampus,L,img_0015,face_person,True,30,32,clip ln_post,all,-0.07005609298291483,-0.044212007935502694,20
14,16,hippocampus,L,img_0015,face_person,True,30,32,clip ln_post,same,0.016643293012105848,0.18371279385860123,20
14,16,hippocampus,L,img_0015,face_person,True,30,32,clip ln_post,diff,0.02284751112332067,0.03391756463623817,20
14,16,hippocampus,L,img_0015,face_person,True,30,32,clip ln_post,partial,0.03175402759166552,0.015118569413521526,20
14,16,hippocampus,L,img_0015,face_person,True,30,32,clip ln_post,category,-0.11109251091119181,-0.06381576948818604,20
14,16,hippocampus,L,img_0015,face_person,True,30,32,resnet50 avgpool,all,0.041169079687600404,-0.012288706134163968,20
14,16,hippocampus,L,img_0015,face_person,True,30,32,resnet50 avgpool,same,0.22985737105908352,0.2542215993167055,20
14,16,hippocampus,L,img_0015,face_person,True,30,32,resnet50 avgpool,diff,0.12482542662497147,0.032225653153644465,20
14,16,hippocampus,L,img_0015,face_person,True,30,32,resnet50 avgpool,partial,0.21156512723520468,0.06883356442503727,20
14,16,hippocampus,L,img_0015,face_person,True,30,32,resnet50 avgpool,category,-0.11109251091119181,-0.06381576948818604,20
14,16,hippocampus,L,img_0015,face_person,True,30,32,alexnet conv1,all,0.07969357365098188,-0.011578826883633197,20
14,16,hippocampus,L,img_0015,face_person,True,30,32,alexnet conv1,same,0.32881749167160484,0.05278055479268926,20
14,16,hippocampus,L,img_0015,face_person,True,30,32,alexnet conv1,diff,-0.04959581682867171,-0.033846386020860895,20
14,16,hippocampus,L,img_0015,face_person,True,30,32,alexnet conv1,partial,0.18425412561815438,0.010364596403829179,20
14,16,hippocampus,L,img_0015,face_person,True,30,32,alexnet conv1,category,-0.11109251091119181,-0.06381576948818604,20
14,17,hippocampus,L,img_0255,face_person,True,30,32,clip ln_post,all,-0.09558118883411985,-0.04404263192936732,20
14,17,hippocampus,L,img_0255,face_person,True,30,32,clip ln_post,same,-0.20694892404462945,0.09244632531841564,20
14,17,hippocampus,L,img_0255,face_person,True,30,32,clip ln_post,diff,-0.08233662333185941,-0.10062149473226512,20
14,17,hippocampus,L,img_0255,face_person,True,30,32,clip ln_post,partial,-0.0959856695132328,-0.04153622640625301,20
14,17,hippocampus,L,img_0255,face_person,True,30,32,clip ln_post,category,-0.045358247796323053,-0.016893351479411407,20
14,17,hippocampus,L,img_0255,face_person,True,30,32,resnet50 avgpool,all,0.09226257347836324,-0.017366092157687536,20
14,17,hippocampus,L,img_0255,face_person,True,30,32,resnet50 avgpool,same,-0.04062247145914209,-0.0063954034925188755,20
14,17,hippocampus,L,img_0255,face_person,True,30,32,resnet50 avgpool,diff,0.29305943561742354,-0.08108458099540798,20
14,17,hippocampus,L,img_0255,face_person,True,30,32,resnet50 avgpool,partial,0.08568145233450145,-0.006348524106793055,20
14,17,hippocampus,L,img_0255,face_person,True,30,32,resnet50 avgpool,category,-0.045358247796323053,-0.016893351479411407,20
14,17,hippocampus,L,img_0255,face_person,True,30,32,alexnet conv1,all,0.01791038974442691,0.032504702339192365,20
14,17,hippocampus,L,img_0255,face_person,True,30,32,alexnet conv1,same,0.11148611611564553,-0.10939508038676123,20
14,17,hippocampus,L,img_0255,face_person,True,30,32,alexnet conv1,diff,-0.009762507911831206,0.0918829574508868,20
14,17,hippocampus,L,img_0255,face_person,True,30,32,alexnet conv1,partial,0.021770766246629658,0.04168671197560983,20
14,17,hippocampus,L,img_0255,face_person,True,30,32,alexnet conv1,category,-0.045358247796323053,-0.016893351479411407,20
14,18,hippocampus,L,img_0006,face_person,True,30,32,clip ln_post,all,-0.10432240295863487,-0.056893329727519835,20
14,18,hippocampus,L,img_0006,face_person,True,30,32,clip ln_post,same,0.15896506874026206,0.03596963398450953,20
14,18,hippocampus,L,img_0006,face_person,True,30,32,clip ln_post,diff,-0.2846387816928741,-0.05235695253068449,20
14,18,hippocampus,L,img_0006,face_person,True,30,32,clip ln_post,partial,-0.035803346249029866,-0.043564319411110594,20
14,18,hippocampus,L,img_0006,face_person,True,30,32,clip ln_post,category,-0.10221311316245398,-0.028813518818395396,20
14,18,hippocampus,L,img_0006,face_person,True,30,32,resnet50 avgpool,all,-0.15605419018848576,-0.05909042429858299,20
14,18,hippocampus,L,img_0006,face_person,True,30,32,resnet50 avgpool,same,0.10694419652610328,0.13468385657004206,20
14,18,hippocampus,L,img_0006,face_person,True,30,32,resnet50 avgpool,diff,-0.3534080997504548,-0.12247405023740347,20
14,18,hippocampus,L,img_0006,face_person,True,30,32,resnet50 avgpool,partial,-0.12600354925806712,-0.048824788531852945,20
14,18,hippocampus,L,img_0006,face_person,True,30,32,resnet50 avgpool,category,-0.10221311316245398,-0.028813518818395396,20
14,18,hippocampus,L,img_0006,face_person,True,30,32,alexnet conv1,all,0.09982618317010292,0.02166752100290336,20
14,18,hippocampus,L,img_0006,face_person,True,30,32,alexnet conv1,same,0.2134418619602395,0.06017291855801517,20
14,18,hippocampus,L,img_0006,face_person,True,30,32,alexnet conv1,diff,0.0764920757004106,-0.0009340253710032834,20
14,18,hippocampus,L,img_0006,face_person,True,30,32,alexnet conv1,partial,0.14733280905163382,0.02563178736818248,20
14,18,hippocampus,L,img_0006,face_person,True,30,32,alexnet conv1,category,-0.10221311316245398,-0.028813518818395396,20
14,19,hippocampus,L,img_0265,vehicle,False,10,52,clip ln_post,all,-0.15556478856608683,0.012920975174383087,20
14,19,hippocampus,L,img_0265,vehicle,False,10,52,clip ln_post,same,-0.3446561747421316,0.024015121211736445,20
14,19,hippocampus,L,img_0265,vehicle,False,10,52,clip ln_post,diff,-0.2292207452352998,0.014349670920330196,20
14,19,hippocampus,L,img_0265,vehicle,False,10,52,clip ln_post,partial,-0.23009856413187108,0.015137849249586707,20
14,19,hippocampus,L,img_0265,vehicle,False,10,52,clip ln_post,category,0.05967775587665448,-0.006532096887314052,20
14,19,hippocampus,L,img_0265,vehicle,False,10,52,resnet50 avgpool,all,-0.05317515193922909,-0.017872124198849614,20
14,19,hippocampus,L,img_0265,vehicle,False,10,52,resnet50 avgpool,same,-0.3261924510952317,-0.10442724035428826,20
14,19,hippocampus,L,img_0265,vehicle,False,10,52,resnet50 avgpool,diff,-0.1062813826318101,-0.008940283625220643,20
14,19,hippocampus,L,img_0265,vehicle,False,10,52,resnet50 avgpool,partial,-0.1151318026710246,-0.02879613239908078,20
14,19,hippocampus,L,img_0265,vehicle,False,10,52,resnet50 avgpool,category,0.05967775587665448,-0.006532096887314052,20
14,19,hippocampus,L,img_0265,vehicle,False,10,52,alexnet conv1,all,-0.028619014979306384,0.10012643263482583,20
14,19,hippocampus,L,img_0265,vehicle,False,10,52,alexnet conv1,same,-0.6831577749352966,0.13810847963873588,20
14,19,hippocampus,L,img_0265,vehicle,False,10,52,alexnet conv1,diff,0.061426301145568615,0.10451557698203799,20
14,19,hippocampus,L,img_0265,vehicle,False,10,52,alexnet conv1,partial,-0.044682572870049224,0.10287778353109737,20
14,19,hippocampus,L,img_0265,vehicle,False,10,52,alexnet conv1,category,0.05967775587665448,-0.006532096887314052,20
14,45,amygdala,R,img_0020,face_person,True,30,32,clip ln_post,all,0.3471038198894353,0.041719500013101166,20
14,45,amygdala,R,img_0020,face_person,True,30,32,clip ln_post,same,0.4041183645538773,0.02812760780634917,20
14,45,amygdala,R,img_0020,face_person,True,30,32,clip ln_post,diff,0.053463342365641604,0.028237036523784082,20
14,45,amygdala,R,img_0020,face_person,True,30,32,clip ln_post,partial,0.2244677382434901,-0.006798359046350909,20
14,45,amygdala,R,img_0020,face_person,True,30,32,clip ln_post,category,0.27341095178420877,0.09928550785580684,20
14,45,amygdala,R,img_0020,face_person,True,30,32,resnet50 avgpool,all,0.29184503476174173,-0.047927103061573294,20
14,45,amygdala,R,img_0020,face_person,True,30,32,resnet50 avgpool,same,0.1984429105583357,0.11365010070821599,20
14,45,amygdala,R,img_0020,face_person,True,30,32,resnet50 avgpool,diff,0.004860303851421964,-0.15463458716801667,20
14,45,amygdala,R,img_0020,face_person,True,30,32,resnet50 avgpool,partial,0.12106429589797243,-0.10788886268300886,20
14,45,amygdala,R,img_0020,face_person,True,30,32,resnet50 avgpool,category,0.27341095178420877,0.09928550785580684,20
14,45,amygdala,R,img_0020,face_person,True,30,32,alexnet conv1,all,-0.13681911770525962,0.02795908308859399,20
14,45,amygdala,R,img_0020,face_person,True,30,32,alexnet conv1,same,-0.027574071854347335,0.0321330478469471,20
14,45,amygdala,R,img_0020,face_person,True,30,32,alexnet conv1,diff,-0.2976001435178372,-0.013355777710950584,20
14,45,amygdala,R,img_0020,face_person,True,30,32,alexnet conv1,partial,-0.1874637234660696,0.0006779799755436105,20
14,45,amygdala,R,img_0020,face_person,True,30,32,alexnet conv1,category,0.27341095178420877,0.09928550785580684,20
14,46,amygdala,R,img_0017,scene_with_people,False,1,61,clip ln_post,all,0.14872029739627754,0.035328033425751366,20
14,46,amygdala,R,img_0017,scene_with_people,False,1,61,clip ln_post,same,,0.011724644105400178,20
14,46,amygdala,R,img_0017,scene_with_people,False,1,61,clip ln_post,diff,0.15150301202686228,0.023700177418476756,20
14,46,amygdala,R,img_0017,scene_with_people,False,1,61,clip ln_post,partial,0.1505237927091017,-0.03632424408655962,20
14,46,amygdala,R,img_0017,scene_with_people,False,1,61,clip ln_post,category,-0.09872515245812316,0.0670699476176027,20
14,46,amygdala,R,img_0017,scene_with_people,False,1,61,resnet50 avgpool,all,0.01754760518343929,0.01394512190579728,20
14,46,amygdala,R,img_0017,scene_with_people,False,1,61,resnet50 avgpool,same,,-0.07670986558434041,20
14,46,amygdala,R,img_0017,scene_with_people,False,1,61,resnet50 avgpool,diff,0.0247358035223714,-0.05985767271433913,20
14,46,amygdala,R,img_0017,scene_with_people,False,1,61,resnet50 avgpool,partial,0.02299048647179397,-0.06875155332917841,20
14,46,amygdala,R,img_0017,scene_with_people,False,1,61,resnet50 avgpool,category,-0.09872515245812316,0.0670699476176027,20
14,46,amygdala,R,img_0017,scene_with_people,False,1,61,alexnet conv1,all,0.143044834333647,0.038644715465666314,20
14,46,amygdala,R,img_0017,scene_with_people,False,1,61,alexnet conv1,same,,-0.01810772957188614,20
14,46,amygdala,R,img_0017,scene_with_people,False,1,61,alexnet conv1,diff,0.14750652969521844,0.0660400467154146,20
14,46,amygdala,R,img_0017,scene_with_people,False,1,61,alexnet conv1,partial,0.1470174617482454,0.011626686262681065,20
14,46,amygdala,R,img_0017,scene_with_people,False,1,61,alexnet conv1,category,-0.09872515245812316,0.0670699476176027,20
14,47,amygdala,R,img_0003,face_person,True,30,32,clip ln_post,all,0.11687403628454703,0.005481050376539842,20
14,47,amygdala,R,img_0003,face_person,True,30,32,clip ln_post,same,0.07173601226666816,0.06967883751577744,20
14,47,amygdala,R,img_0003,face_person,True,30,32,clip ln_post,diff,-0.15313761892980332,-0.11366089334413507,20
14,47,amygdala,R,img_0003,face_person,True,30,32,clip ln_post,partial,-0.0718395630660415,-0.06307967580064486,20
14,47,amygdala,R,img_0003,face_person,True,30,32,clip ln_post,category,0.18899181697779652,0.06564543111311147,20
14,47,amygdala,R,img_0003,face_person,True,30,32,resnet50 avgpool,all,0.16843688724413267,-0.020378899705177984,20
14,47,amygdala,R,img_0003,face_person,True,30,32,resnet50 avgpool,same,0.14276176698614157,0.07049036698655332,20
14,47,amygdala,R,img_0003,face_person,True,30,32,resnet50 avgpool,diff,-0.04183458762744001,-0.0870500940195632,20
14,47,amygdala,R,img_0003,face_person,True,30,32,resnet50 avgpool,partial,0.02767052170517245,-0.07222908949887563,20
14,47,amygdala,R,img_0003,face_person,True,30,32,resnet50 avgpool,category,0.18899181697779652,0.06564543111311147,20
14,47,amygdala,R,img_0003,face_person,True,30,32,alexnet conv1,all,0.11286300591307465,-0.07190986582028557,20
14,47,amygdala,R,img_0003,face_person,True,30,32,alexnet conv1,same,0.04758725566204719,0.005378940994203381,20
14,47,amygdala,R,img_0003,face_person,True,30,32,alexnet conv1,diff,-0.0024947231153977984,-0.14670546365414933,20
14,47,amygdala,R,img_0003,face_person,True,30,32,alexnet conv1,partial,0.012449858839564731,-0.11284753147463622,20
14,47,amygdala,R,img_0003,face_person,True,30,32,alexnet conv1,category,0.18899181697779652,0.06564543111311147,20
14,48,amygdala,R,img_0017,scene_with_people,False,1,61,clip ln_post,all,0.7223980746063569,-0.0390941356104207,20
14,48,amygdala,R,img_0017,scene_with_people,False,1,61,clip ln_post,same,,0.014532940673211541,20
14,48,amygdala,R,img_0017,scene_with_people,False,1,61,clip ln_post,diff,0.7196456131826666,-0.20509706532981636,20
14,48,amygdala,R,img_0017,scene_with_people,False,1,61,clip ln_post,partial,0.7225966096524348,-0.17647444275564045,20
14,48,amygdala,R,img_0017,scene_with_people,False,1,61,clip ln_post,category,-0.010739196276893426,0.08966504044266135,20
14,48,amygdala,R,img_0017,scene_with_people,False,1,61,resnet50 avgpool,all,0.6562513275070934,-0.15489260025629786,20
14,48,amygdala,R,img_0017,scene_with_people,False,1,61,resnet50 avgpool,same,,0.07254471026764968,20
14,48,amygdala,R,img_0017,scene_with_people,False,1,61,resnet50 avgpool,diff,0.6577326481895625,-0.3929967738844894,20
14,48,amygdala,R,img_0017,scene_with_people,False,1,61,resnet50 avgpool,partial,0.6578132133950203,-0.3413208010359691,20
14,48,amygdala,R,img_0017,scene_with_people,False,1,61,resnet50 avgpool,category,-0.010739196276893426,0.08966504044266135,20
14,48,amygdala,R,img_0017,scene_with_people,False,1,61,alexnet conv1,all,-0.002822261209568577,0.029181965005507283,20
14,48,amygdala,R,img_0017,scene_with_people,False,1,61,alexnet conv1,same,,0.1579378168227265,20
14,48,amygdala,R,img_0017,scene_with_people,False,1,61,alexnet conv1,diff,-0.0003704194486766915,0.0007582964538201148,20
14,48,amygdala,R,img_0017,scene_with_people,False,1,61,alexnet conv1,partial,-0.002477928612214176,-0.04736385176872313,20
14,48,amygdala,R,img_0017,scene_with_people,False,1,61,alexnet conv1,category,-0.010739196276893426,0.08966504044266135,20
14,49,amygdala,R,img_0001,face_person,True,30,32,clip ln_post,all,0.20515615716519292,0.08773438468653239,20
14,49,amygdala,R,img_0001,face_person,True,30,32,clip ln_post,same,-0.27594671898130746,-0.1419183332880194,20
14,49,amygdala,R,img_0001,face_person,True,30,32,clip ln_post,diff,0.2962830591642162,0.12379653612748351,20
14,49,amygdala,R,img_0001,face_person,True,30,32,clip ln_post,partial,0.002814139698422917,0.006676484599669757,20
14,49,amygdala,R,img_0001,face_person,True,30,32,clip ln_post,category,0.26724684870120485,0.10941944476328995,20
14,49,amygdala,R,img_0001,face_person,True,30,32,resnet50 avgpool,all,0.1802459589005732,0.0567056776204589,20
14,49,amygdala,R,img_0001,face_person,True,30,32,resnet50 avgpool,same,-0.26481085461563725,0.0171929396106315,20
14,49,amygdala,R,img_0001,face_person,True,30,32,resnet50 avgpool,diff,0.07820110483516488,-0.05957025733442885,20
14,49,amygdala,R,img_0001,face_person,True,30,32,resnet50 avgpool,partial,-0.061738256523232254,-0.02914597719000963,20
14,49,amygdala,R,img_0001,face_person,True,30,32,resnet50 avgpool,category,0.26724684870120485,0.10941944476328995,20
14,49,amygdala,R,img_0001,face_person,True,30,32,alexnet conv1,all,0.03915540273780811,0.036848279444088666,20
14,49,amygdala,R,img_0001,face_person,True,30,32,alexnet conv1,same,-0.3345213655447327,-0.13865214086315542,20
14,49,amygdala,R,img_0001,face_person,True,30,32,alexnet conv1,diff,0.04901336852344841,0.07110619750693589,20
14,49,amygdala,R,img_0001,face_person,True,30,32,alexnet conv1,partial,-0.14877310635124916,-0.018802588375202163,20
14,49,amygdala,R,img_0001,face_person,True,30,32,alexnet conv1,category,0.26724684870120485,0.10941944476328995,20
14,50,amygdala,R,img_0002,face_person,True,30,32,clip ln_post,all,0.6037953405950188,0.2778604609137589,20
14,50,amygdala,R,img_0002,face_person,True,30,32,clip ln_post,same,0.05246205574532693,-0.04532010813866919,20
14,50,amygdala,R,img_0002,face_person,True,30,32,clip ln_post,diff,0.34687479963541135,0.16854516383204113,20
14,50,amygdala,R,img_0002,face_person,True,30,32,clip ln_post,partial,0.29351081267970025,0.06725372731703462,20
14,50,amygdala,R,img_0002,face_person,True,30,32,clip ln_post,category,0.5792584836182125,0.32339097609767825,20
14,50,amygdala,R,img_0002,face_person,True,30,32,resnet50 avgpool,all,0.6059689937111464,0.17069798378165374,20
14,50,amygdala,R,img_0002,face_person,True,30,32,resnet50 avgpool,same,0.276658875169801,-0.05266499478666571,20
14,50,amygdala,R,img_0002,face_person,True,30,32,resnet50 avgpool,diff,0.10409942014644806,-0.008246313649214895,20
14,50,amygdala,R,img_0002,face_person,True,30,32,resnet50 avgpool,partial,0.3141706320188494,-0.023736391331467075,20
14,50,amygdala,R,img_0002,face_person,True,30,32,resnet50 avgpool,category,0.5792584836182125,0.32339097609767825,20
14,50,amygdala,R,img_0002,face_person,True,30,32,alexnet conv1,all,0.12920598522842047,0.06349094223463873,20
14,50,amygdala,R,img_0002,face_person,True,30,32,alexnet conv1,same,-0.32194663269354473,0.036836419806095144,20
14,50,amygdala,R,img_0002,face_person,True,30,32,alexnet conv1,diff,-0.2853026736873346,-0.1254826198519879,20
14,50,amygdala,R,img_0002,face_person,True,30,32,alexnet conv1,partial,-0.2611817013652355,-0.058632897720780106,20
14,50,amygdala,R,img_0002,face_person,True,30,32,alexnet conv1,category,0.5792584836182125,0.32339097609767825,20
14,51,amygdala,R,img_0006,face_person,True,30,32,clip ln_post,all,0.28728277260708635,0.12713034127395315,20
14,51,amygdala,R,img_0006,face_person,True,30,32,clip ln_post,same,-0.05182664608665212,0.10810400014594249,20
14,51,amygdala,R,img_0006,face_person,True,30,32,clip ln_post,diff,0.0987318667133285,0.024520429272829658,20
14,51,amygdala,R,img_0006,face_person,True,30,32,clip ln_post,partial,0.08553845116740842,0.04707034808902559,20
14,51,amygdala,R,img_0006,face_person,True,30,32,clip ln_post,category,0.29274134003076746,0.1113525020208301,20
14,51,amygdala,R,img_0006,face_person,True,30,32,resnet50 avgpool,all,0.2661137715340716,0.10851569914915997,20
14,51,amygdala,R,img_0006,face_person,True,30,32,resnet50 avgpool,same,-0.17268102338354352,-0.014007710186320927,20
14,51,amygdala,R,img_0006,face_person,True,30,32,resnet50 avgpool,diff,0.22651333294380022,0.12190177549587784,20
14,51,amygdala,R,img_0006,face_person,True,30,32,resnet50 avgpool,partial,0.05034195223661745,0.02925468260859241,20
14,51,amygdala,R,img_0006,face_person,True,30,32,resnet50 avgpool,category,0.29274134003076746,0.1113525020208301,20
14,51,amygdala,R,img_0006,face_person,True,30,32,alexnet conv1,all,-0.022026862856664886,-0.005358119667857339,20
14,51,amygdala,R,img_0006,face_person,True,30,32,alexnet conv1,same,-0.26360104475107543,-0.10889747574189737,20
14,51,amygdala,R,img_0006,face_person,True,30,32,alexnet conv1,diff,-0.04522912329884322,-0.07752165761169627,20
14,51,amygdala,R,img_0006,face_person,True,30,32,alexnet conv1,partial,-0.14309988262827872,-0.08148249392283277,20
14,51,amygdala,R,img_0006,face_person,True,30,32,alexnet conv1,category,0.29274134003076746,0.1113525020208301,20
14,52,amygdala,R,img_0002,face_person,True,30,32,clip ln_post,all,-0.006289669665133318,0.03134960827044944,20
14,52,amygdala,R,img_0002,face_person,True,30,32,clip ln_post,same,0.014789568156877679,-0.057217629156378194,20
14,52,amygdala,R,img_0002,face_person,True,30,32,clip ln_post,diff,0.2601509389770826,0.09850325052634941,20
14,52,amygdala,R,img_0002,face_person,True,30,32,clip ln_post,partial,0.1139148044821077,0.076317316740456,20
14,52,amygdala,R,img_0002,face_person,True,30,32,clip ln_post,category,-0.09652764120448272,-0.0228232073589491,20
14,52,amygdala,R,img_0002,face_person,True,30,32,resnet50 avgpool,all,-0.15136282590051447,0.005278265831337861,20
14,52,amygdala,R,img_0002,face_person,True,30,32,resnet50 avgpool,same,-0.22346113137032364,-0.058987239179549025,20
14,52,amygdala,R,img_0002,face_person,True,30,32,resnet50 avgpool,diff,-0.09867153471202204,0.013347134549228281,20
14,52,amygdala,R,img_0002,face_person,True,30,32,resnet50 avgpool,partial,-0.1204120417903202,0.017167456776097746,20
14,52,amygdala,R,img_0002,face_person,True,30,32,resnet50 avgpool,category,-0.09652764120448272,-0.0228232073589491,20
14,52,amygdala,R,img_0002,face_person,True,30,32,alexnet conv1,all,0.030601168329954756,-0.01196830335635317,20
14,52,amygdala,R,img_0002,face_person,True,30,32,alexnet conv1,same,0.2008146051301047,0.14235936577267655,20
14,52,amygdala,R,img_0002,face_person,True,30,32,alexnet conv1,diff,-0.12728813799950114,-0.060814449651702254,20
14,52,amygdala,R,img_0002,face_person,True,30,32,alexnet conv1,partial,0.09758551012424349,-0.0019393643294482502,20
14,52,amygdala,R,img_0002,face_person,True,30,32,alexnet conv1,category,-0.09652764120448272,-0.0228232073589491,20
14,53,amygdala,R,img_0022,face_person,True,30,32,clip ln_post,all,0.6552041780826697,0.12707038252333816,20
14,53,amygdala,R,img_0022,face_person,True,30,32,clip ln_post,same,-0.00022259324537266906,-0.07586214036332367,20
14,53,amygdala,R,img_0022,face_person,True,30,32,clip ln_post,diff,0.4146622152202647,-0.04665707776710233,20
14,53,amygdala,R,img_0022,face_person,True,30,32,clip ln_post,partial,0.1801051516191695,-0.1185835156011732,20
14,53,amygdala,R,img_0022,face_person,True,30,32,clip ln_post,category,0.7577913261156968,0.2652879173729087,20
14,53,amygdala,R,img_0022,face_person,True,30,32,resnet50 avgpool,all,0.38965099286391314,0.06466800896117968,20
14,53,amygdala,R,img_0022,face_person,True,30,32,resnet50 avgpool,same,-0.038063444958726406,-0.017324081576826016,20
14,53,amygdala,R,img_0022,face_person,True,30,32,resnet50 avgpool,diff,0.03509104258177695,-0.14892285373902456,20
14,53,amygdala,R,img_0022,face_person,True,30,32,resnet50 avgpool,partial,0.0195994137106828,-0.16441258128645986,20
14,53,amygdala,R,img_0022,face_person,True,30,32,resnet50 avgpool,category,0.7577913261156968,0.2652879173729087,20
14,53,amygdala,R,img_0022,face_person,True,30,32,alexnet conv1,all,0.3491919837128532,0.09485647259620794,20
14,53,amygdala,R,img_0022,face_person,True,30,32,alexnet conv1,same,-0.19788539513630277,-0.047786755016932456,20
14,53,amygdala,R,img_0022,face_person,True,30,32,alexnet conv1,diff,-0.09774049556809077,0.0006586671830246194,20
14,53,amygdala,R,img_0022,face_person,True,30,32,alexnet conv1,partial,-0.1739375509731827,-0.02870635141662402,20
14,53,amygdala,R,img_0022,face_person,True,30,32,alexnet conv1,category,0.7577913261156968,0.2652879173729087,20
14,55,amygdala,R,img_0023,face_person,True,30,32,clip ln_post,all,0.4813015446866347,0.1250594226159417,20
14,55,amygdala,R,img_0023,face_person,True,30,32,clip ln_post,same,0.20076781029323817,0.042673228451132486,20
14,55,amygdala,R,img_0023,face_person,True,30,32,clip ln_post,diff,0.10576251413316758,-0.05627420994878417,20
14,55,amygdala,R,img_0023,face_person,True,30,32,clip ln_post,partial,0.14029352754690924,-0.0644875915061558,20
14,55,amygdala,R,img_0023,face_person,True,30,32,clip ln_post,category,0.530077148206413,0.23450521168377506,20
14,55,amygdala,R,img_0023,face_person,True,30,32,resnet50 avgpool,all,0.4772505709104887,0.0702708274369766,20
14,55,amygdala,R,img_0023,face_person,True,30,32,resnet50 avgpool,same,0.12579040532433486,0.013567546294582076,20
14,55,amygdala,R,img_0023,face_person,True,30,32,resnet50 avgpool,diff,0.1376439940252957,-0.08804685895542128,20
14,55,amygdala,R,img_0023,face_person,True,30,32,resnet50 avgpool,partial,0.13159486217604763,-0.10220538054296029,20
14,55,amygdala,R,img_0023,face_person,True,30,32,resnet50 avgpool,category,0.530077148206413,0.23450521168377506,20
14,55,amygdala,R,img_0023,face_person,True,30,32,alexnet conv1,all,0.3761545712642779,0.14840972470814773,20
14,55,amygdala,R,img_0023,face_person,True,30,32,alexnet conv1,same,0.09259257842545293,0.07059158727650618,20
14,55,amygdala,R,img_0023,face_person,True,30,32,alexnet conv1,diff,0.18766164511354463,0.0533202925956886,20
14,55,amygdala,R,img_0023,face_person,True,30,32,alexnet conv1,partial,0.1515775720850729,0.07098889454614833,20
14,55,amygdala,R,img_0023,face_person,True,30,32,alexnet conv1,category,0.530077148206413,0.23450521168377506,20
14,56,amygdala,R,img_0002,face_person,True,30,32,clip ln_post,all,0.449681615438801,0.04322042687504639,20
14,56,amygdala,R,img_0002,face_person,True,30,32,clip ln_post,same,0.14172459234841944,0.0297254662080983,20
14,56,amygdala,R,img_0002,face_person,True,30,32,clip ln_post,diff,0.14421153402988873,-0.03069808231968223,20
14,56,amygdala,R,img_0002,face_person,True,30,32,clip ln_post,partial,0.1599970543357738,-0.05177626275262968,20
14,56,amygdala,R,img_0002,face_person,True,30,32,clip ln_post,category,0.459590591884818,0.13601050453169305,20
14,56,amygdala,R,img_0002,face_person,True,30,32,resnet50 avgpool,all,0.44688603627647094,-0.09673647366791285,20
14,56,amygdala,R,img_0002,face_person,True,30,32,resnet50 avgpool,same,0.24616506056080467,-0.011249465454624791,20
14,56,amygdala,R,img_0002,face_person,True,30,32,resnet50 avgpool,diff,0.09886667023698556,-0.22340610384072002,20
14,56,amygdala,R,img_0002,face_person,True,30,32,resnet50 avgpool,partial,0.17032139322934217,-0.1809094197136573,20
14,56,amygdala,R,img_0002,face_person,True,30,32,resnet50 avgpool,category,0.459590591884818,0.13601050453169305,20
14,56,amygdala,R,img_0002,face_person,True,30,32,alexnet conv1,all,0.2831921691440352,0.03535458246452307,20
14,56,amygdala,R,img_0002,face_person,True,30,32,alexnet conv1,same,0.12487935553997022,0.08242746499632282,20
14,56,amygdala,R,img_0002,face_person,True,30,32,alexnet conv1,diff,0.13399035571591464,0.009821551505482626,20
14,56,amygdala,R,img_0002,face_person,True,30,32,alexnet conv1,partial,0.05039225194479396,0.0017313864913121937,20
14,56,amygdala,R,img_0002,face_person,True,30,32,alexnet conv1,category,0.459590591884818,0.13601050453169305,20
14,59,amygdala,R,img_0062,face_person,True,30,32,clip ln_post,all,0.3854888275123447,0.0033862193716543503,20
14,59,amygdala,R,img_0062,face_person,True,30,32,clip ln_post,same,0.35336162186834025,0.21892764443544901,20
14,59,amygdala,R,img_0062,face_person,True,30,32,clip ln_post,diff,-0.12816767842726695,-0.21517370912316552,20
14,59,amygdala,R,img_0062,face_person,True,30,32,clip ln_post,partial,0.14697753025118565,-0.10505608297872655,20
14,59,amygdala,R,img_0062,face_person,True,30,32,clip ln_post,category,0.3756992475986261,0.1387068302801116,20
14,59,amygdala,R,img_0062,face_person,True,30,32,resnet50 avgpool,all,0.4101036195078991,-0.08132392348166198,20
14,59,amygdala,R,img_0062,face_person,True,30,32,resnet50 avgpool,same,0.24456637172843482,0.12496177037169379,20
14,59,amygdala,R,img_0062,face_person,True,30,32,resnet50 avgpool,diff,0.05288293894993249,-0.20001673864470398,20
14,59,amygdala,R,img_0062,face_person,True,30,32,resnet50 avgpool,partial,0.19725433312435703,-0.15650584597769196,20
14,59,amygdala,R,img_0062,face_person,True,30,32,resnet50 avgpool,category,0.3756992475986261,0.1387068302801116,20
14,59,amygdala,R,img_0062,face_person,True,30,32,alexnet conv1,all,0.1831733957619993,0.03601442031587182,20
14,59,amygdala,R,img_0062,face_person,True,30,32,alexnet conv1,same,-0.013599406267488172,-0.10817914990630147,20
14,59,amygdala,R,img_0062,face_person,True,30,32,alexnet conv1,diff,0.014138841316475009,-0.0023227288922867996,20
14,59,amygdala,R,img_0062,face_person,True,30,32,alexnet conv1,partial,0.017458312158305383,-0.0053376129026960805,20
14,59,amygdala,R,img_0062,face_person,True,30,32,alexnet conv1,category,0.3756992475986261,0.1387068302801116,20
14,60,amygdala,R,img_0003,face_person,True,30,32,clip ln_post,all,0.5355654027182101,0.2604974240032611,20
14,60,amygdala,R,img_0003,face_person,True,30,32,clip ln_post,same,0.09706845304850335,0.08457387365981574,20
14,60,amygdala,R,img_0003,face_person,True,30,32,clip ln_post,diff,-0.024777436762698626,-0.09680058164759366,20
14,60,amygdala,R,img_0003,face_person,True,30,32,clip ln_post,partial,0.09315092961141527,-0.028344851652833715,20
14,60,amygdala,R,img_0003,face_person,True,30,32,clip ln_post,category,0.5962867011073834,0.3621909777766218,20
14,60,amygdala,R,img_0003,face_person,True,30,32,resnet50 avgpool,all,0.6226814016816159,0.2193243854849789,20
14,60,amygdala,R,img_0003,face_person,True,30,32,resnet50 avgpool,same,0.24413504200598057,0.015032233493971153,20
14,60,amygdala,R,img_0003,face_person,True,30,32,resnet50 avgpool,diff,0.19039504038705263,-0.01987130186495086,20
14,60,amygdala,R,img_0003,face_person,True,30,32,resnet50 avgpool,partial,0.29889782063797166,0.0012404042776796686,20
14,60,amygdala,R,img_0003,face_person,True,30,32,resnet50 avgpool,category,0.5962867011073834,0.3621909777766218,20
14,60,amygdala,R,img_0003,face_person,True,30,32,alexnet conv1,all,0.37793418081764213,0.12384869139665336,20
14,60,amygdala,R,img_0003,face_person,True,30,32,alexnet conv1,same,0.028152103552350156,0.07267542269995404,20
14,60,amygdala,R,img_0003,face_person,True,30,32,alexnet conv1,diff,0.11215050324168852,-0.011370582088248902,20
14,60,amygdala,R,img_0003,face_person,True,30,32,alexnet conv1,partial,0.08044520328885704,0.0006607356848130797,20
14,60,amygdala,R,img_0003,face_person,True,30,32,alexnet conv1,category,0.5962867011073834,0.3621909777766218,20
14,61,amygdala,R,img_0258,animal,False,7,55,clip ln_post,all,-0.038304542953614164,-0.0058133971619973,20
14,61,amygdala,R,img_0258,animal,False,7,55,clip ln_post,same,0.3742405942825599,-0.047160553826279615,20
14,61,amygdala,R,img_0258,animal,False,7,55,clip ln_post,diff,-0.3004092874205693,-0.2504968619040431,20
14,61,amygdala,R,img_0258,animal,False,7,55,clip ln_post,partial,-0.27114484323532,-0.17742986252038884,20
14,61,amygdala,R,img_0258,animal,False,7,55,clip ln_post,category,0.32401059883601874,0.16229425453527843,20
14,61,amygdala,R,img_0258,animal,False,7,55,resnet50 avgpool,all,-0.1635007437958572,0.04361540080906538,20
14,61,amygdala,R,img_0258,animal,False,7,55,resnet50 avgpool,same,0.24325638628366394,0.11034155237842747,20
14,61,amygdala,R,img_0258,animal,False,7,55,resnet50 avgpool,diff,-0.4663374167331384,-0.11530901245510099,20
14,61,amygdala,R,img_0258,animal,False,7,55,resnet50 avgpool,partial,-0.4311467041894229,-0.052395841800624655,20
14,61,amygdala,R,img_0258,animal,False,7,55,resnet50 avgpool,category,0.32401059883601874,0.16229425453527843,20
14,61,amygdala,R,img_0258,animal,False,7,55,alexnet conv1,all,-0.2708790527313985,0.04460808219514879,20
14,61,amygdala,R,img_0258,animal,False,7,55,alexnet conv1,same,0.20583232685540795,0.03147685294964679,20
14,61,amygdala,R,img_0258,animal,False,7,55,alexnet conv1,diff,-0.2392539996693764,-0.016977693669152714,20
14,61,amygdala,R,img_0258,animal,False,7,55,alexnet conv1,partial,-0.20922869803031413,-0.005931334006163318,20
14,61,amygdala,R,img_0258,animal,False,7,55,alexnet conv1,category,0.32401059883601874,0.16229425453527843,20
14,62,amygdala,R,img_0062,face_person,True,30,32,clip ln_post,all,0.2851871520464762,0.010120657620436683,20
14,62,amygdala,R,img_0062,face_person,True,30,32,clip ln_post,same,0.4065093803790199,0.15179910324878362,20
14,62,amygdala,R,img_0062,face_person,True,30,32,clip ln_post,diff,-0.126783168347549,-0.16951388017045094,20
14,62,amygdala,R,img_0062,face_person,True,30,32,clip ln_post,partial,0.1664041709776205,-0.11350765826831466,20
14,62,amygdala,R,img_0062,face_person,True,30,32,clip ln_post,category,0.23490484372166354,0.14936857920147706,20
14,62,amygdala,R,img_0062,face_person,True,30,32,resnet50 avgpool,all,0.2579348096306673,0.044992542446698605,20
14,62,amygdala,R,img_0062,face_person,True,30,32,resnet50 avgpool,same,-0.08067440845449127,-0.009913263793762655,20
14,62,amygdala,R,img_0062,face_person,True,30,32,resnet50 avgpool,diff,0.2175273894242932,0.030694455683059375,20
14,62,amygdala,R,img_0062,face_person,True,30,32,resnet50 avgpool,partial,0.12018591850400048,-0.03485581163726086,20
14,62,amygdala,R,img_0062,face_person,True,30,32,resnet50 avgpool,category,0.23490484372166354,0.14936857920147706,20
14,62,amygdala,R,img_0062,face_person,True,30,32,alexnet conv1,all,0.1095665736903247,0.06485715175007718,20
14,62,amygdala,R,img_0062,face_person,True,30,32,alexnet conv1,same,-0.028011947380031692,-0.015122160113658764,20
14,62,amygdala,R,img_0062,face_person,True,30,32,alexnet conv1,diff,-0.0018481511420925505,0.02530509343753523,20
14,62,amygdala,R,img_0062,face_person,True,30,32,alexnet conv1,partial,0.004693894638050242,0.01829492893445215,20
14,62,amygdala,R,img_0062,face_person,True,30,32,alexnet conv1,category,0.23490484372166354,0.14936857920147706,20
14,63,amygdala,R,img_0262,animal,False,7,55,clip ln_post,all,-0.2096611960827886,0.034706096124824296,20
14,63,amygdala,R,img_0262,animal,False,7,55,clip ln_post,same,-0.2882999880625789,0.1165204805462388,20
14,63,amygdala,R,img_0262,animal,False,7,55,clip ln_post,diff,-0.1879422956522421,0.005680959230521591,20
14,63,amygdala,R,img_0262,animal,False,7,55,clip ln_post,partial,-0.1878474294669076,-0.0096093233263673,20
14,63,amygdala,R,img_0262,animal,False,7,55,clip ln_post,category,-0.09491391891862391,0.06320382212658612,20
14,63,amygdala,R,img_0262,animal,False,7,55,resnet50 avgpool,all,-0.1813045447445657,-0.04611011837699635,20
14,63,amygdala,R,img_0262,animal,False,7,55,resnet50 avgpool,same,0.07207499701564472,0.21477345637456793,20
14,63,amygdala,R,img_0262,animal,False,7,55,resnet50 avgpool,diff,-0.18411788847327204,-0.17050248800732076,20
14,63,amygdala,R,img_0262,animal,False,7,55,resnet50 avgpool,partial,-0.1563506989430605,-0.09310877515446095,20
14,63,amygdala,R,img_0262,animal,False,7,55,resnet50 avgpool,category,-0.09491391891862391,0.06320382212658612,20
14,63,amygdala,R,img_0262,animal,False,7,55,alexnet conv1,all,0.11546116329644107,-0.06442020739810486,20
14,63,amygdala,R,img_0262,animal,False,7,55,alexnet conv1,same,0.30631873731649006,-0.23159947636238173,20
14,63,amygdala,R,img_0262,animal,False,7,55,alexnet conv1,diff,0.13935411301656556,-0.08432079445261893,20
14,63,amygdala,R,img_0262,animal,False,7,55,alexnet conv1,partial,0.14547308950754098,-0.085702092575661,20
14,63,amygdala,R,img_0262,animal,False,7,55,alexnet conv1,category,-0.09491391891862391,0.06320382212658612,20
14,68,hippocampus,R,img_0017,scene_with_people,False,1,61,clip ln_post,all,0.2810368023826928,-0.026672115558929965,20
14,68,hippocampus,R,img_0017,scene_with_people,False,1,61,clip ln_post,same,,0.055482858040352724,20
14,68,hippocampus,R,img_0017,scene_with_people,False,1,61,clip ln_post,diff,0.28302616606862974,-0.005913665381441111,20
14,68,hippocampus,R,img_0017,scene_with_people,False,1,61,clip ln_post,partial,0.2811259166156782,-0.02833275361883101,20
14,68,hippocampus,R,img_0017,scene_with_people,False,1,61,clip ln_post,category,0.08250251890842376,0.0035273496832506296,20
14,68,hippocampus,R,img_0017,scene_with_people,False,1,61,resnet50 avgpool,all,0.10466285227998758,-0.039554358866811815,20
14,68,hippocampus,R,img_0017,scene_with_people,False,1,61,resnet50 avgpool,same,,0.03936264892116022,20
14,68,hippocampus,R,img_0017,scene_with_people,False,1,61,resnet50 avgpool,diff,0.09706405564189728,-0.07105233117939636,20
14,68,hippocampus,R,img_0017,scene_with_people,False,1,61,resnet50 avgpool,partial,0.10072375994247416,-0.05882595835676365,20
14,68,hippocampus,R,img_0017,scene_with_people,False,1,61,resnet50 avgpool,category,0.08250251890842376,0.0035273496832506296,20
14,68,hippocampus,R,img_0017,scene_with_people,False,1,61,alexnet conv1,all,-0.07966496958826559,0.02143653142149592,20
14,68,hippocampus,R,img_0017,scene_with_people,False,1,61,alexnet conv1,same,,0.09997139945741035,20
14,68,hippocampus,R,img_0017,scene_with_people,False,1,61,alexnet conv1,diff,-0.08179257351959932,-0.022117204233802333,20
14,68,hippocampus,R,img_0017,scene_with_people,False,1,61,alexnet conv1,partial,-0.0826456782651486,0.01575160072512074,20
14,68,hippocampus,R,img_0017,scene_with_people,False,1,61,alexnet conv1,category,0.08250251890842376,0.0035273496832506296,20
14,69,hippocampus,R,img_0059,face_person,True,30,32,clip ln_post,all,0.2742712321044868,0.068558946096454,20
14,69,hippocampus,R,img_0059,face_person,True,30,32,clip ln_post,same,0.07717210620640258,-0.0970245214060342,20
14,69,hippocampus,R,img_0059,face_person,True,30,32,clip ln_post,diff,0.07772187438067107,-0.04415138922298086,20
14,69,hippocampus,R,img_0059,face_person,True,30,32,clip ln_post,partial,0.09219588896106,-0.034902864895299826,20
14,69,hippocampus,R,img_0059,face_person,True,30,32,clip ln_post,category,0.2780882004414188,0.12635226363597765,20
14,69,hippocampus,R,img_0059,face_person,True,30,32,resnet50 avgpool,all,0.20894334440612994,0.012669961573293437,20
14,69,hippocampus,R,img_0059,face_person,True,30,32,resnet50 avgpool,same,-0.0604440485027026,-0.1526046608140575,20
14,69,hippocampus,R,img_0059,face_person,True,30,32,resnet50 avgpool,diff,-0.01929266385335807,-0.07737126264143121,20
14,69,hippocampus,R,img_0059,face_person,True,30,32,resnet50 avgpool,partial,-0.029843512633918417,-0.09815116395887982,20
14,69,hippocampus,R,img_0059,face_person,True,30,32,resnet50 avgpool,category,0.2780882004414188,0.12635226363597765,20
14,69,hippocampus,R,img_0059,face_person,True,30,32,alexnet conv1,all,0.11870462959624228,0.03538431390419088,20
14,69,hippocampus,R,img_0059,face_person,True,30,32,alexnet conv1,same,0.262742026332781,0.0543993617716664,20
14,69,hippocampus,R,img_0059,face_person,True,30,32,alexnet conv1,diff,-0.2906761353905949,0.04201320995669176,20
14,69,hippocampus,R,img_0059,face_person,True,30,32,alexnet conv1,partial,-0.03796531673931501,-0.004005991129821123,20
14,69,hippocampus,R,img_0059,face_person,True,30,32,alexnet conv1,category,0.2780882004414188,0.12635226363597765,20
15,2,amygdala,L,img_0048,scene_with_people,False,5,57,clip ln_post,all,0.01042019014979725,-0.11705814625873392,20
15,2,amygdala,L,img_0048,scene_with_people,False,5,57,clip ln_post,same,,-0.024775557063071208,20
15,2,amygdala,L,img_0048,scene_with_people,False,5,57,clip ln_post,diff,0.04156466143664017,-0.26362097995927286,20
15,2,amygdala,L,img_0048,scene_with_people,False,5,57,clip ln_post,partial,-0.0055350901986778445,-0.13168990718000043,20
15,2,amygdala,L,img_0048,scene_with_people,False,5,57,clip ln_post,category,-0.23271281117421092,-0.02290621213169084,20
15,2,amygdala,L,img_0048,scene_with_people,False,5,57,resnet50 avgpool,all,0.14036906633828822,-0.066620665448169,20
15,2,amygdala,L,img_0048,scene_with_people,False,5,57,resnet50 avgpool,same,,-0.12932400819566306,20
15,2,amygdala,L,img_0048,scene_with_people,False,5,57,resnet50 avgpool,diff,0.1550293519363486,-0.058951488776128456,20
15,2,amygdala,L,img_0048,scene_with_people,False,5,57,resnet50 avgpool,partial,0.17538925095151436,-0.06707861271831062,20
15,2,amygdala,L,img_0048,scene_with_people,False,5,57,resnet50 avgpool,category,-0.23271281117421092,-0.02290621213169084,20
15,2,amygdala,L,img_0048,scene_with_people,False,5,57,alexnet conv1,all,0.08743348870837159,-0.0290820213581701,20
15,2,amygdala,L,img_0048,scene_with_people,False,5,57,alexnet conv1,same,,0.002023044013848828,20
15,2,amygdala,L,img_0048,scene_with_people,False,5,57,alexnet conv1,diff,0.14012205754482063,-0.09180134282900475,20
15,2,amygdala,L,img_0048,scene_with_people,False,5,57,alexnet conv1,partial,0.13087602353730082,-0.008314794109255669,20
15,2,amygdala,L,img_0048,scene_with_people,False,5,57,alexnet conv1,category,-0.23271281117421092,-0.02290621213169084,20
15,8,amygdala,L,img_0024,vehicle,False,5,57,clip ln_post,all,-0.19665418586957656,0.06279710128363844,20
15,8,amygdala,L,img_0024,vehicle,False,5,57,clip ln_post,same,,-0.0955071803064752,20
15,8,amygdala,L,img_0024,vehicle,False,5,57,clip ln_post,diff,-0.22985786386985096,0.005344915494794055,20
15,8,amygdala,L,img_0024,vehicle,False,5,57,clip ln_post,partial,-0.20391961365470435,-0.03602721288772266,20
15,8,amygdala,L,img_0024,vehicle,False,5,57,clip ln_post,category,-0.03178453929212154,0.12557524402644998,20
15,8,amygdala,L,img_0024,vehicle,False,5,57,resnet50 avgpool,all,-0.08582939616259541,0.0463758113067136,20
15,8,amygdala,L,img_0024,vehicle,False,5,57,resnet50 avgpool,same,,-0.117605669843762,20
15,8,amygdala,L,img_0024,vehicle,False,5,57,resnet50 avgpool,diff,-0.07254007094151305,0.023591891255701304,20
15,8,amygdala,L,img_0024,vehicle,False,5,57,resnet50 avgpool,partial,-0.08015234207989798,-0.062274932451250375,20
15,8,amygdala,L,img_0024,vehicle,False,5,57,resnet50 avgpool,category,-0.03178453929212154,0.12557524402644998,20
15,8,amygdala,L,img_0024,vehicle,False,5,57,alexnet conv1,all,0.047216349312459806,0.0032106889604452916,20
15,8,amygdala,L,img_0024,vehicle,False,5,57,alexnet conv1,same,,-0.12511743540958437,20
15,8,amygdala,L,img_0024,vehicle,False,5,57,alexnet conv1,diff,0.0467852289292617,0.1290702744175773,20
15,8,amygdala,L,img_0024,vehicle,False,5,57,alexnet conv1,partial,0.05108148298446881,-0.0526535044385283,20
15,8,amygdala,L,img_0024,vehicle,False,5,57,alexnet conv1,category,-0.03178453929212154,0.12557524402644998,20
16,7,amygdala,L,img_0020,face_person,True,23,30,clip ln_post,all,0.10467384371671393,-0.002443020182024247,20
16,7,amygdala,L,img_0020,face_person,True,23,30,clip ln_post,same,0.07568270138321828,-0.05162070519027928,20
16,7,amygdala,L,img_0020,face_person,True,23,30,clip ln_post,diff,0.004583934889912024,-0.20016969967425458,20
16,7,amygdala,L,img_0020,face_person,True,23,30,clip ln_post,partial,0.021404795082737245,-0.1517105716566542,20
16,7,amygdala,L,img_0020,face_person,True,23,30,clip ln_post,category,0.11122731043871889,0.13261399018490508,20
16,7,amygdala,L,img_0020,face_person,True,23,30,resnet50 avgpool,all,0.1624992041553893,0.015062463559592478,20
16,7,amygdala,L,img_0020,face_person,True,23,30,resnet50 avgpool,same,0.3474293137323578,0.11788234504980558,20
16,7,amygdala,L,img_0020,face_person,True,23,30,resnet50 avgpool,diff,-0.00985546001331085,-0.20974688772444164,20
16,7,amygdala,L,img_0020,face_person,True,23,30,resnet50 avgpool,partial,0.12788156059939532,-0.10892642254137823,20
16,7,amygdala,L,img_0020,face_person,True,23,30,resnet50 avgpool,category,0.11122731043871889,0.13261399018490508,20
16,7,amygdala,L,img_0020,face_person,True,23,30,alexnet conv1,all,0.11689338621629076,-0.024019540019435986,20
16,7,amygdala,L,img_0020,face_person,True,23,30,alexnet conv1,same,-0.008634939083991346,-0.09352205355863938,20
16,7,amygdala,L,img_0020,face_person,True,23,30,alexnet conv1,diff,0.2805368152626158,-0.11920421584848555,20
16,7,amygdala,L,img_0020,face_person,True,23,30,alexnet conv1,partial,0.14790984344468475,-0.11279834528433823,20
16,7,amygdala,L,img_0020,face_person,True,23,30,alexnet conv1,category,0.11122731043871889,0.13261399018490508,20
16,9,amygdala,L,img_0035,landmark_place,False,16,37,clip ln_post,all,0.17214598380870896,0.011596373897545675,20
16,9,amygdala,L,img_0035,landmark_place,False,16,37,clip ln_post,same,-0.28276908427801173,-0.18418176403559056,20
16,9,amygdala,L,img_0035,landmark_place,False,16,37,clip ln_post,diff,0.11394668465905108,0.08970972404039669,20
16,9,amygdala,L,img_0035,landmark_place,False,16,37,clip ln_post,partial,0.026729194048180596,-0.027611589361514262,20
16,9,amygdala,L,img_0035,landmark_place,False,16,37,clip ln_post,category,0.21115455618899015,0.03484140252879044,20
16,9,amygdala,L,img_0035,landmark_place,False,16,37,resnet50 avgpool,all,0.2335776807270806,0.02451934369835339,20
16,9,amygdala,L,img_0035,landmark_place,False,16,37,resnet50 avgpool,same,-0.07216502671678424,0.013735998416455546,20
16,9,amygdala,L,img_0035,landmark_place,False,16,37,resnet50 avgpool,diff,0.08985170863218925,0.045384351105698405,20
16,9,amygdala,L,img_0035,landmark_place,False,16,37,resnet50 avgpool,partial,0.11915346905862069,-0.0003143271200376486,20
16,9,amygdala,L,img_0035,landmark_place,False,16,37,resnet50 avgpool,category,0.21115455618899015,0.03484140252879044,20
16,9,amygdala,L,img_0035,landmark_place,False,16,37,alexnet conv1,all,0.2081493173508821,-0.08452897930900358,20
16,9,amygdala,L,img_0035,landmark_place,False,16,37,alexnet conv1,same,0.008836533883687867,-0.051321590658482005,20
16,9,amygdala,L,img_0035,landmark_place,False,16,37,alexnet conv1,diff,0.1067063224046739,-0.1151483812305601,20
16,9,amygdala,L,img_0035,landmark_place,False,16,37,alexnet conv1,partial,0.10431584042029321,-0.09758861437638264,20
16,9,amygdala,L,img_0035,landmark_place,False,16,37,alexnet conv1,category,0.21115455618899015,0.03484140252879044,20
16,13,amygdala,L,img_0026,object,False,0,53,clip ln_post,all,-0.050034199166396946,-0.010643171704290768,20
16,13,amygdala,L,img_0026,object,False,0,53,clip ln_post,same,,0.009077601724111857,20
16,13,amygdala,L,img_0026,object,False,0,53,clip ln_post,diff,-0.050034199166396946,-0.15121179699483553,20
16,13,amygdala,L,img_0026,object,False,0,53,clip ln_post,partial,,-0.07162154997070079,20
16,13,amygdala,L,img_0026,object,False,0,53,clip ln_post,category,,0.05251816531032618,20
16,13,amygdala,L,img_0026,object,False,0,53,resnet50 avgpool,all,0.013193949780180016,-0.009621662054263097,20
16,13,amygdala,L,img_0026,object,False,0,53,resnet50 avgpool,same,,0.09570184526276136,20
16,13,amygdala,L,img_0026,object,False,0,53,resnet50 avgpool,diff,0.013193949780180016,-0.1361928377713494,20
16,13,amygdala,L,img_0026,object,False,0,53,resnet50 avgpool,partial,,-0.057850631006119514,20
16,13,amygdala,L,img_0026,object,False,0,53,resnet50 avgpool,category,,0.05251816531032618,20
16,13,amygdala,L,img_0026,object,False,0,53,alexnet conv1,all,0.2713327204794163,0.011092393115896958,20
16,13,amygdala,L,img_0026,object,False,0,53,alexnet conv1,same,,0.24037595356053254,20
16,13,amygdala,L,img_0026,object,False,0,53,alexnet conv1,diff,0.2713327204794163,-0.15848271820481058,20
16,13,amygdala,L,img_0026,object,False,0,53,alexnet conv1,partial,,-0.009789686700867111,20
16,13,amygdala,L,img_0026,object,False,0,53,alexnet conv1,category,,0.05251816531032618,20
16,20,amygdala,R,img_0022,face_person,True,23,30,clip ln_post,all,-0.040751628403696005,0.014203944007219346,20
16,20,amygdala,R,img_0022,face_person,True,23,30,clip ln_post,same,-0.24689588146862793,-0.008240823983686158,20
16,20,amygdala,R,img_0022,face_person,True,23,30,clip ln_post,diff,0.0074338504354221,0.0358893977110854,20
16,20,amygdala,R,img_0022,face_person,True,23,30,clip ln_post,partial,-0.0544102777241911,0.022274026666912156,20
16,20,amygdala,R,img_0022,face_person,True,23,30,clip ln_post,category,-0.005006084200465757,0.002861748503919877,20
16,20,amygdala,R,img_0022,face_person,True,23,30,resnet50 avgpool,all,0.2140575585503594,0.0461163066979013,20
16,20,amygdala,R,img_0022,face_person,True,23,30,resnet50 avgpool,same,0.2941844071531433,0.03966190691295311,20
16,20,amygdala,R,img_0022,face_person,True,23,30,resnet50 avgpool,diff,0.2901454351764747,0.11059350288212758,20
16,20,amygdala,R,img_0022,face_person,True,23,30,resnet50 avgpool,partial,0.24447804625383232,0.07177452599859475,20
16,20,amygdala,R,img_0022,face_person,True,23,30,resnet50 avgpool,category,-0.005006084200465757,0.002861748503919877,20
16,20,amygdala,R,img_0022,face_person,True,23,30,alexnet conv1,all,-0.09099169565959585,0.013822662461474233,20
16,20,amygdala,R,img_0022,face_person,True,23,30,alexnet conv1,same,-0.37233491802123725,-0.11937802066267536,20
16,20,amygdala,R,img_0022,face_person,True,23,30,alexnet conv1,diff,0.02545530603644537,0.07942220586594728,20
16,20,amygdala,R,img_0022,face_person,True,23,30,alexnet conv1,partial,-0.10508695648998502,0.011387022619018115,20
16,20,amygdala,R,img_0022,face_person,True,23,30,alexnet conv1,category,-0.005006084200465757,0.002861748503919877,20
16,21,amygdala,R,img_0043,landscape_nature,False,5,48,clip ln_post,all,0.2534391161888801,-0.026388583849800806,20
16,21,amygdala,R,img_0043,landscape_nature,False,5,48,clip ln_post,same,,-0.035677989063285745,20
16,21,amygdala,R,img_0043,landscape_nature,False,5,48,clip ln_post,diff,0.10937322455710956,0.053400369292398386,20
16,21,amygdala,R,img_0043,landscape_nature,False,5,48,clip ln_post,partial,0.11639009442756867,0.08540301519486398,20
16,21,amygdala,R,img_0043,landscape_nature,False,5,48,clip ln_post,category,0.39954813946328577,-0.10664047280529165,20
16,21,amygdala,R,img_0043,landscape_nature,False,5,48,resnet50 avgpool,all,0.2877749862495349,-0.06674374584562295,20
16,21,amygdala,R,img_0043,landscape_nature,False,5,48,resnet50 avgpool,same,,-0.026192404854845985,20
16,21,amygdala,R,img_0043,landscape_nature,False,5,48,resnet50 avgpool,diff,0.12286803037311114,-0.01951379119303851,20
16,21,amygdala,R,img_0043,landscape_nature,False,5,48,resnet50 avgpool,partial,0.13822446632096974,0.02163015344882672,20
16,21,amygdala,R,img_0043,landscape_nature,False,5,48,resnet50 avgpool,category,0.39954813946328577,-0.10664047280529165,20
16,21,amygdala,R,img_0043,landscape_nature,False,5,48,alexnet conv1,all,-0.055220158085782456,-0.009231259747481013,20
16,21,amygdala,R,img_0043,landscape_nature,False,5,48,alexnet conv1,same,,0.109269308921577,20
16,21,amygdala,R,img_0043,landscape_nature,False,5,48,alexnet conv1,diff,-0.11116890436327106,-0.010400272353990653,20
16,21,amygdala,R,img_0043,landscape_nature,False,5,48,alexnet conv1,partial,-0.1106151258538707,0.047507137833223065,20
16,21,amygdala,R,img_0043,landscape_nature,False,5,48,alexnet conv1,category,0.39954813946328577,-0.10664047280529165,20
16,24,amygdala,R,img_0234,face_person,True,23,30,clip ln_post,all,0.5194385135022564,0.10294519106354869,20
16,24,amygdala,R,img_0234,face_person,True,23,30,clip ln_post,same,0.25643614633153167,0.07744751957641802,20
16,24,amygdala,R,img_0234,face_person,True,23,30,clip ln_post,diff,0.09195450452276538,-0.28263054603450255,20
16,24,amygdala,R,img_0234,face_person,True,23,30,clip ln_post,partial,0.2052388505014755,-0.21494086023145997,20
16,24,amygdala,R,img_0234,face_person,True,23,30,clip ln_post,category,0.5756494241644455,0.3226858454606335,20
16,24,amygdala,R,img_0234,face_person,True,23,30,resnet50 avgpool,all,0.5638453188844343,0.10919258191130606,20
16,24,amygdala,R,img_0234,face_person,True,23,30,resnet50 avgpool,same,0.1762379692934851,0.09383471818496013,20
16,24,amygdala,R,img_0234,face_person,True,23,30,resnet50 avgpool,diff,0.17944519814636742,-0.22478539892500976,20
16,24,amygdala,R,img_0234,face_person,True,23,30,resnet50 avgpool,partial,0.19152551126713452,-0.1785206512687039,20
16,24,amygdala,R,img_0234,face_person,True,23,30,resnet50 avgpool,category,0.5756494241644455,0.3226858454606335,20
16,24,amygdala,R,img_0234,face_person,True,23,30,alexnet conv1,all,0.22005590558022853,0.05725340044925198,20
16,24,amygdala,R,img_0234,face_person,True,23,30,alexnet conv1,same,-0.39356512805708044,-0.17821058604454623,20
16,24,amygdala,R,img_0234,face_person,True,23,30,alexnet conv1,diff,-0.24484002781911074,-0.09374294270364765,20
16,24,amygdala,R,img_0234,face_person,True,23,30,alexnet conv1,partial,-0.26898551991340847,-0.12072090767151873,20
16,24,amygdala,R,img_0234,face_person,True,23,30,alexnet conv1,category,0.5756494241644455,0.3226858454606335,20
16,30,amygdala,R,img_0004,face_person,True,23,30,clip ln_post,all,0.03904800741488792,-0.009317785382599173,20
16,30,amygdala,R,img_0004,face_person,True,23,30,clip ln_post,same,0.04292881112715795,0.08962669433290885,20
16,30,amygdala,R,img_0004,face_person,True,23,30,clip ln_post,diff,0.07810149625922475,0.03311949812909003,20
16,30,amygdala,R,img_0004,face_person,True,23,30,clip ln_post,partial,0.08467132631161917,0.05038921755429262,20
16,30,amygdala,R,img_0004,face_person,True,23,30,clip ln_post,category,-0.008833906504195108,-0.055543590355277415,20
16,30,amygdala,R,img_0004,face_person,True,23,30,resnet50 avgpool,all,0.09383788169336939,-0.005154821190432996,20
16,30,amygdala,R,img_0004,face_person,True,23,30,resnet50 avgpool,same,0.2914108708278839,0.028176406851099976,20
16,30,amygdala,R,img_0004,face_person,True,23,30,resnet50 avgpool,diff,0.12315134482613989,0.0773341570326225,20
16,30,amygdala,R,img_0004,face_person,True,23,30,resnet50 avgpool,partial,0.17172915095287908,0.05602737009679319,20
16,30,amygdala,R,img_0004,face_person,True,23,30,resnet50 avgpool,category,-0.008833906504195108,-0.055543590355277415,20
16,30,amygdala,R,img_0004,face_person,True,23,30,alexnet conv1,all,0.1673135563787658,0.04973282188601658,20
16,30,amygdala,R,img_0004,face_person,True,23,30,alexnet conv1,same,0.1929271276538157,0.06658650293354598,20
16,30,amygdala,R,img_0004,face_person,True,23,30,alexnet conv1,diff,0.14714774657535096,0.08525356450872432,20
16,30,amygdala,R,img_0004,face_person,True,23,30,alexnet conv1,partial,0.20975131768204527,0.07810861752452704,20
16,30,amygdala,R,img_0004,face_person,True,23,30,alexnet conv1,category,-0.008833906504195108,-0.055543590355277415,20
18,5,hippocampus,L,img_0312,face_person,True,34,28,clip ln_post,all,0.0508333980418803,-0.02060121560661545,20
18,5,hippocampus,L,img_0312,face_person,True,34,28,clip ln_post,same,-0.07615138231751149,-0.21990746940143796,20
18,5,hippocampus,L,img_0312,face_person,True,34,28,clip ln_post,diff,0.1348871230207052,-0.023639190058632884,20
18,5,hippocampus,L,img_0312,face_person,True,34,28,clip ln_post,partial,0.028448405798252092,-0.08099434233475494,20
18,5,hippocampus,L,img_0312,face_person,True,34,28,clip ln_post,category,0.09429957552667748,0.031274185283792624,20
18,5,hippocampus,L,img_0312,face_person,True,34,28,resnet50 avgpool,all,0.20714105402482474,0.08797050637417825,20
18,5,hippocampus,L,img_0312,face_person,True,34,28,resnet50 avgpool,same,0.04611985126271823,-0.053258196728260335,20
18,5,hippocampus,L,img_0312,face_person,True,34,28,resnet50 avgpool,diff,0.32323560577522653,0.1793378565817691,20
18,5,hippocampus,L,img_0312,face_person,True,34,28,resnet50 avgpool,partial,0.18923115492845816,0.07060164135131179,20
18,5,hippocampus,L,img_0312,face_person,True,34,28,resnet50 avgpool,category,0.09429957552667748,0.031274185283792624,20
18,5,hippocampus,L,img_0312,face_person,True,34,28,alexnet conv1,all,0.001739833563933403,-0.02862564621871898,20
18,5,hippocampus,L,img_0312,face_person,True,34,28,alexnet conv1,same,0.06849027745659483,-0.0028451080921070696,20
18,5,hippocampus,L,img_0312,face_person,True,34,28,alexnet conv1,diff,-0.12446901189308977,-0.03691296461541789,20
18,5,hippocampus,L,img_0312,face_person,True,34,28,alexnet conv1,partial,-0.02133432978172237,-0.05330064061587362,20
18,5,hippocampus,L,img_0312,face_person,True,34,28,alexnet conv1,category,0.09429957552667748,0.031274185283792624,20
18,13,amygdala,L,img_0055,face_person,True,34,28,clip ln_post,all,-0.10519696243175954,-0.008313975763404674,20
18,13,amygdala,L,img_0055,face_person,True,34,28,clip ln_post,same,0.10255330116476374,0.05388208030420223,20
18,13,amygdala,L,img_0055,face_person,True,34,28,clip ln_post,diff,-0.0008375708775922398,0.027496563052722155,20
18,13,amygdala,L,img_0055,face_person,True,34,28,clip ln_post,partial,0.03638905697746589,0.03800881259383719,20
18,13,amygdala,L,img_0055,face_person,True,34,28,clip ln_post,category,-0.15328411794541824,-0.06755909681317641,20
18,13,amygdala,L,img_0055,face_person,True,34,28,resnet50 avgpool,all,-0.07228416033498604,-0.009199054067211682,20
18,13,amygdala,L,img_0055,face_person,True,34,28,resnet50 avgpool,same,0.15675327389128757,0.046522821498418944,20
18,13,amygdala,L,img_0055,face_person,True,34,28,resnet50 avgpool,diff,0.015913846674252555,0.07999277634601468,20
18,13,amygdala,L,img_0055,face_person,True,34,28,resnet50 avgpool,partial,0.07815116315458678,0.05376242831326057,20
18,13,amygdala,L,img_0055,face_person,True,34,28,resnet50 avgpool,category,-0.15328411794541824,-0.06755909681317641,20
18,13,amygdala,L,img_0055,face_person,True,34,28,alexnet conv1,all,0.07814852931141271,0.0002672104906597986,20
18,13,amygdala,L,img_0055,face_person,True,34,28,alexnet conv1,same,0.06510317423710733,-0.0169236662959558,20
18,13,amygdala,L,img_0055,face_person,True,34,28,alexnet conv1,diff,0.39533345422353716,0.12255984540072958,20
18,13,amygdala,L,img_0055,face_person,True,34,28,alexnet conv1,partial,0.17656467351185906,0.04433548990775005,20
18,13,amygdala,L,img_0055,face_person,True,34,28,alexnet conv1,category,-0.15328411794541824,-0.06755909681317641,20
18,14,amygdala,L,img_0312,face_person,True,34,28,clip ln_post,all,0.2282434043468707,0.1005186318288134,20
18,14,amygdala,L,img_0312,face_person,True,34,28,clip ln_post,same,0.14494900710328085,0.05294453717972943,20
18,14,amygdala,L,img_0312,face_person,True,34,28,clip ln_post,diff,0.19117856303153313,0.05909283244184608,20
18,14,amygdala,L,img_0312,face_person,True,34,28,clip ln_post,partial,0.16317968480409772,0.011500281296490838,20
18,14,amygdala,L,img_0312,face_person,True,34,28,clip ln_post,category,0.3152901619379144,0.12493208452480323,20
18,14,amygdala,L,img_0312,face_person,True,34,28,resnet50 avgpool,all,0.12074205701502981,0.04519467814869621,20
18,14,amygdala,L,img_0312,face_person,True,34,28,resnet50 avgpool,same,0.02092682055843545,0.08347322280672295,20
18,14,amygdala,L,img_0312,face_person,True,34,28,resnet50 avgpool,diff,0.0912759369349969,0.04685755799208859,20
18,14,amygdala,L,img_0312,face_person,True,34,28,resnet50 avgpool,partial,0.03660397574432054,-0.004213450855662247,20
18,14,amygdala,L,img_0312,face_person,True,34,28,resnet50 avgpool,category,0.3152901619379144,0.12493208452480323,20
18,14,amygdala,L,img_0312,face_person,True,34,28,alexnet conv1,all,0.1701469315334929,0.08943123061432748,20
18,14,amygdala,L,img_0312,face_person,True,34,28,alexnet conv1,same,-0.08878511369277393,0.07168639084101829,20
18,14,amygdala,L,img_0312,face_person,True,34,28,alexnet conv1,diff,0.416029041822623,0.08807434386528615,20
18,14,amygdala,L,img_0312,face_person,True,34,28,alexnet conv1,partial,0.10342119174848491,0.04759855393960919,20
18,14,amygdala,L,img_0312,face_person,True,34,28,alexnet conv1,category,0.3152901619379144,0.12493208452480323,20
18,16,amygdala,L,img_0055,face_person,True,34,28,clip ln_post,all,-0.04822603124222628,-0.012180101508097427,20
18,16,amygdala,L,img_0055,face_person,True,34,28,clip ln_post,same,0.3678462899497369,0.21488393714369702,20
18,16,amygdala,L,img_0055,face_person,True,34,28,clip ln_post,diff,-0.06855401350811138,0.0016565137234508213,20
18,16,amygdala,L,img_0055,face_person,True,34,28,clip ln_post,partial,0.15990689415742818,0.045483707247737586,20
18,16,amygdala,L,img_0055,face_person,True,34,28,clip ln_post,category,-0.16862842291058677,-0.050065540918137495,20
18,16,amygdala,L,img_0055,face_person,True,34,28,resnet50 avgpool,all,-0.08230712664720025,-0.001561433916713588,20
18,16,amygdala,L,img_0055,face_person,True,34,28,resnet50 avgpool,same,0.2334888738748754,0.11190346947242027,20
18,16,amygdala,L,img_0055,face_person,True,34,28,resnet50 avgpool,diff,-0.08917595253087661,0.03381605531913301,20
18,16,amygdala,L,img_0055,face_person,True,34,28,resnet50 avgpool,partial,0.08163586484370969,0.05393137393311247,20
18,16,amygdala,L,img_0055,face_person,True,34,28,resnet50 avgpool,category,-0.16862842291058677,-0.050065540918137495,20
18,16,amygdala,L,img_0055,face_person,True,34,28,alexnet conv1,all,0.08430586758072502,0.07855335065544934,20
18,16,amygdala,L,img_0055,face_person,True,34,28,alexnet conv1,same,0.10723654554466906,0.062328635398738876,20
18,16,amygdala,L,img_0055,face_person,True,34,28,alexnet conv1,diff,0.37035887785479693,0.15672437840339232,20
18,16,amygdala,L,img_0055,face_person,True,34,28,alexnet conv1,partial,0.19279984412043621,0.12027942418268285,20
18,16,amygdala,L,img_0055,face_person,True,34,28,alexnet conv1,category,-0.16862842291058677,-0.050065540918137495,20
18,17,amygdala,L,img_0060,face_person,True,34,28,clip ln_post,all,0.06697592478983319,0.017381074812597545,20
18,17,amygdala,L,img_0060,face_person,True,34,28,clip ln_post,same,-0.011697119035512056,0.024316114770765805,20
18,17,amygdala,L,img_0060,face_person,True,34,28,clip ln_post,diff,-0.022202818653144076,0.013685350095096794,20
18,17,amygdala,L,img_0060,face_person,True,34,28,clip ln_post,partial,-0.05618323477407423,-0.022329883711012577,20
18,17,amygdala,L,img_0060,face_person,True,34,28,clip ln_post,category,0.14892880404408046,0.0421386790207311,20
18,17,amygdala,L,img_0060,face_person,True,34,28,resnet50 avgpool,all,0.08435511012983543,0.024663185502522233,20
18,17,amygdala,L,img_0060,face_person,True,34,28,resnet50 avgpool,same,-0.04140164500727293,0.07311483272959576,20
18,17,amygdala,L,img_0060,face_person,True,34,28,resnet50 avgpool,diff,-0.024978170984787086,0.005015352736247951,20
18,17,amygdala,L,img_0060,face_person,True,34,28,resnet50 avgpool,partial,-0.05610819905292097,-0.025212233667658245,20
18,17,amygdala,L,img_0060,face_person,True,34,28,resnet50 avgpool,category,0.14892880404408046,0.0421386790207311,20
18,17,amygdala,L,img_0060,face_person,True,34,28,alexnet conv1,all,0.21629971461906294,0.061595980622062764,20
18,17,amygdala,L,img_0060,face_person,True,34,28,alexnet conv1,same,0.33229052628513844,0.06085429079618172,20
18,17,amygdala,L,img_0060,face_person,True,34,28,alexnet conv1,diff,-0.07243669585588254,0.007552484354064274,20
18,17,amygdala,L,img_0060,face_person,True,34,28,alexnet conv1,partial,0.1710304605079911,0.044555251182392216,20
18,17,amygdala,L,img_0060,face_person,True,34,28,alexnet conv1,category,0.14892880404408046,0.0421386790207311,20
18,18,amygdala,L,img_0025,face_person,True,34,28,clip ln_post,all,-0.13708435432962487,0.034692062701235836,20
18,18,amygdala,L,img_0025,face_person,True,34,28,clip ln_post,same,-0.2985300312789373,0.027480807149599645,20
18,18,amygdala,L,img_0025,face_person,True,34,28,clip ln_post,diff,-0.020963168406286727,0.09780453784389435,20
18,18,amygdala,L,img_0025,face_person,True,34,28,clip ln_post,partial,-0.16103151844805014,0.020656378492276917,20
18,18,amygdala,L,img_0025,face_person,True,34,28,clip ln_post,category,0.05230515905004568,0.04553275252436292,20
18,18,amygdala,L,img_0025,face_person,True,34,28,resnet50 avgpool,all,-0.15142564381831605,-0.01094996589989418,20
18,18,amygdala,L,img_0025,face_person,True,34,28,resnet50 avgpool,same,-0.09713826924516718,0.19936399653725165,20
18,18,amygdala,L,img_0025,face_person,True,34,28,resnet50 avgpool,diff,-0.2532350743479436,-0.16725557765272506,20
18,18,amygdala,L,img_0025,face_person,True,34,28,resnet50 avgpool,partial,-0.14916908757942185,-0.04459027064355638,20
18,18,amygdala,L,img_0025,face_person,True,34,28,resnet50 avgpool,category,0.05230515905004568,0.04553275252436292,20
18,18,amygdala,L,img_0025,face_person,True,34,28,alexnet conv1,all,0.13412423052057115,0.1338513896250671,20
18,18,amygdala,L,img_0025,face_person,True,34,28,alexnet conv1,same,0.3232786349082793,0.1442433095469923,20
18,18,amygdala,L,img_0025,face_person,True,34,28,alexnet conv1,diff,-0.06652312107594988,0.061621579673050986,20
18,18,amygdala,L,img_0025,face_person,True,34,28,alexnet conv1,partial,0.14408859578050362,0.13726889652944244,20
18,18,amygdala,L,img_0025,face_person,True,34,28,alexnet conv1,category,0.05230515905004568,0.04553275252436292,20
18,19,amygdala,L,img_0072,vehicle,False,9,53,clip ln_post,all,-0.014665493887037416,0.08733026134504367,20
18,19,amygdala,L,img_0072,vehicle,False,9,53,clip ln_post,same,-0.2761530448893886,0.16947734914957246,20
18,19,amygdala,L,img_0072,vehicle,False,9,53,clip ln_post,diff,0.15944488994285486,0.1533375296657143,20
18,19,amygdala,L,img_0072,vehicle,False,9,53,clip ln_post,partial,0.13024637866606634,0.11090081068191986,20
18,19,amygdala,L,img_0072,vehicle,False,9,53,clip ln_post,category,-0.23426201119237852,0.049071009553182096,20
18,19,amygdala,L,img_0072,vehicle,False,9,53,resnet50 avgpool,all,-0.12332118055525963,0.08772238273377318,20
18,19,amygdala,L,img_0072,vehicle,False,9,53,resnet50 avgpool,same,-0.4686233489032049,0.06673252240412038,20
18,19,amygdala,L,img_0072,vehicle,False,9,53,resnet50 avgpool,diff,0.040627784456592826,0.25390233280697555,20
18,19,amygdala,L,img_0072,vehicle,False,9,53,resnet50 avgpool,partial,0.007205483908436033,0.12536558039334098,20
18,19,amygdala,L,img_0072,vehicle,False,9,53,resnet50 avgpool,category,-0.23426201119237852,0.049071009553182096,20
18,19,amygdala,L,img_0072,vehicle,False,9,53,alexnet conv1,all,-0.3443871219143305,0.06436358024143932,20
18,19,amygdala,L,img_0072,vehicle,False,9,53,alexnet conv1,same,-0.7447763937925935,0.12106173699196832,20
18,19,amygdala,L,img_0072,vehicle,False,9,53,alexnet conv1,diff,-0.25712102317960883,0.02040567393245294,20
18,19,amygdala,L,img_0072,vehicle,False,9,53,alexnet conv1,partial,-0.29993369987995966,0.08098413916716898,20
18,19,amygdala,L,img_0072,vehicle,False,9,53,alexnet conv1,category,-0.23426201119237852,0.049071009553182096,20
18,20,amygdala,L,img_0055,face_person,True,34,28,clip ln_post,all,-0.09255601916078927,-0.02498644941309943,20
18,20,amygdala,L,img_0055,face_person,True,34,28,clip ln_post,same,0.22108922874077266,0.13963261330005294,20
18,20,amygdala,L,img_0055,face_person,True,34,28,clip ln_post,diff,-0.046566977751517205,0.00864112258764271,20
18,20,amygdala,L,img_0055,face_person,True,34,28,clip ln_post,partial,0.10913244605432705,0.06179402800129226,20
18,20,amygdala,L,img_0055,face_person,True,34,28,clip ln_post,category,-0.18752286414629496,-0.11185358362666886,20
18,20,amygdala,L,img_0055,face_person,True,34,28,resnet50 avgpool,all,-0.1070443885215123,0.004647443552494819,20
18,20,amygdala,L,img_0055,face_person,True,34,28,resnet50 avgpool,same,0.1305719553476175,0.18163202451239285,20
18,20,amygdala,L,img_0055,face_person,True,34,28,resnet50 avgpool,diff,-0.04046892114119948,0.02908679100927956,20
18,20,amygdala,L,img_0055,face_person,True,34,28,resnet50 avgpool,partial,0.06564404564968561,0.0934227672030242,20
18,20,amygdala,L,img_0055,face_person,True,34,28,resnet50 avgpool,category,-0.18752286414629496,-0.11185358362666886,20
18,20,amygdala,L,img_0055,face_person,True,34,28,alexnet conv1,all,0.03005565984405313,0.06592914320559368,20
18,20,amygdala,L,img_0055,face_person,True,34,28,alexnet conv1,same,0.008515562305279405,-0.028008345626232778,20
18,20,amygdala,L,img_0055,face_person,True,34,28,alexnet conv1,diff,0.3254144754778643,0.16895468576377784,20
18,20,amygdala,L,img_0055,face_person,True,34,28,alexnet conv1,partial,0.14097979812812123,0.1086988300494403,20
18,20,amygdala,L,img_0055,face_person,True,34,28,alexnet conv1,category,-0.18752286414629496,-0.11185358362666886,20
18,22,amygdala,L,img_0006,face_person,True,34,28,clip ln_post,all,-0.06825536879424704,0.00907321615795193,20
18,22,amygdala,L,img_0006,face_person,True,34,28,clip ln_post,same,0.1317884124244117,0.10082314182784932,20
18,22,amygdala,L,img_0006,face_person,True,34,28,clip ln_post,diff,0.1441358835166009,0.08214009659718126,20
18,22,amygdala,L,img_0006,face_person,True,34,28,clip ln_post,partial,0.16414580064061007,0.0810746398766867,20
18,22,amygdala,L,img_0006,face_person,True,34,28,clip ln_post,category,-0.20646656734820237,-0.028279565636879684,20
18,22,amygdala,L,img_0006,face_person,True,34,28,resnet50 avgpool,all,-0.11578438078752505,0.04436314549152511,20
18,22,amygdala,L,img_0006,face_person,True,34,28,resnet50 avgpool,same,0.12668280806898655,0.10965593534348154,20
18,22,amygdala,L,img_0006,face_person,True,34,28,resnet50 avgpool,diff,-0.1050528843322918,0.07646431224294852,20
18,22,amygdala,L,img_0006,face_person,True,34,28,resnet50 avgpool,partial,0.09256265093150484,0.1018170989357765,20
18,22,amygdala,L,img_0006,face_person,True,34,28,resnet50 avgpool,category,-0.20646656734820237,-0.028279565636879684,20
18,22,amygdala,L,img_0006,face_person,True,34,28,alexnet conv1,all,-0.1419948543569492,0.06617809180049782,20
18,22,amygdala,L,img_0006,face_person,True,34,28,alexnet conv1,same,-0.008775257485886976,-0.020719107104839537,20
18,22,amygdala,L,img_0006,face_person,True,34,28,alexnet conv1,diff,-0.07068201980141006,0.15502580369825303,20
18,22,amygdala,L,img_0006,face_person,True,34,28,alexnet conv1,partial,-0.055978789622251404,0.0929777675976742,20
18,22,amygdala,L,img_0006,face_person,True,34,28,alexnet conv1,category,-0.20646656734820237,-0.028279565636879684,20
18,23,amygdala,L,img_0005,face_person,True,34,28,clip ln_post,all,0.24475475119469828,0.04584606985678243,20
18,23,amygdala,L,img_0005,face_person,True,34,28,clip ln_post,same,0.050711970467165975,-0.043894658916303585,20
18,23,amygdala,L,img_0005,face_person,True,34,28,clip ln_post,diff,0.3247855477112996,0.09897113466003554,20
18,23,amygdala,L,img_0005,face_person,True,34,28,clip ln_post,partial,0.2567688461973316,0.06088024339954127,20
18,23,amygdala,L,img_0005,face_person,True,34,28,clip ln_post,category,0.040623000587244135,-0.010270830439405442,20
18,23,amygdala,L,img_0005,face_person,True,34,28,resnet50 avgpool,all,0.2836515778033176,0.03924542185594682,20
18,23,amygdala,L,img_0005,face_person,True,34,28,resnet50 avgpool,same,0.23084835635973713,-0.03172391293237151,20
18,23,amygdala,L,img_0005,face_person,True,34,28,resnet50 avgpool,diff,0.34527763499126923,0.09001726654353669,20
18,23,amygdala,L,img_0005,face_person,True,34,28,resnet50 avgpool,partial,0.32952330386249856,0.06715002080989249,20
18,23,amygdala,L,img_0005,face_person,True,34,28,resnet50 avgpool,category,0.040623000587244135,-0.010270830439405442,20
18,23,amygdala,L,img_0005,face_person,True,34,28,alexnet conv1,all,-0.006444292725256402,0.040900811062703435,20
18,23,amygdala,L,img_0005,face_person,True,34,28,alexnet conv1,same,-0.1700251034374614,0.11941457758567489,20
18,23,amygdala,L,img_0005,face_person,True,34,28,alexnet conv1,diff,0.10779399336312796,0.0672566288307154,20
18,23,amygdala,L,img_0005,face_person,True,34,28,alexnet conv1,partial,-0.009194673590439933,0.04379845236998575,20
18,23,amygdala,L,img_0005,face_person,True,34,28,alexnet conv1,category,0.040623000587244135,-0.010270830439405442,20
18,24,amygdala,L,img_0055,face_person,True,34,28,clip ln_post,all,-0.11280330988704783,-0.0192818390495626,20
18,24,amygdala,L,img_0055,face_person,True,34,28,clip ln_post,same,0.2773185342596267,0.08402509064371541,20
18,24,amygdala,L,img_0055,face_person,True,34,28,clip ln_post,diff,0.10981123229047599,0.1018995877788013,20
18,24,amygdala,L,img_0055,face_person,True,34,28,clip ln_post,partial,0.21926450823666876,0.07872148214451705,20
18,24,amygdala,L,img_0055,face_person,True,34,28,clip ln_post,category,-0.2840117984869547,-0.10336097988029028,20
18,24,amygdala,L,img_0055,face_person,True,34,28,resnet50 avgpool,all,-0.16560213122313133,0.023415887659281764,20
18,24,amygdala,L,img_0055,face_person,True,34,28,resnet50 avgpool,same,0.11064411440665015,0.13077437083754467,20
18,24,amygdala,L,img_0055,face_person,True,34,28,resnet50 avgpool,diff,0.035128530228943196,0.11196894656400502,20
18,24,amygdala,L,img_0055,face_person,True,34,28,resnet50 avgpool,partial,0.09600453778619689,0.125861773839314,20
18,24,amygdala,L,img_0055,face_person,True,34,28,resnet50 avgpool,category,-0.2840117984869547,-0.10336097988029028,20
18,24,amygdala,L,img_0055,face_person,True,34,28,alexnet conv1,all,0.0003590012135527778,0.030228875327024264,20
18,24,amygdala,L,img_0055,face_person,True,34,28,alexnet conv1,same,-0.052882535477431644,-0.020722246178926686,20
18,24,amygdala,L,img_0055,face_person,True,34,28,alexnet conv1,diff,0.4644157657826428,0.16985599257869805,20
18,24,amygdala,L,img_0055,face_person,True,34,28,alexnet conv1,partial,0.16486748379324578,0.09407694824818234,20
18,24,amygdala,L,img_0055,face_person,True,34,28,alexnet conv1,category,-0.2840117984869547,-0.10336097988029028,20
18,28,amygdala,L,img_0055,face_person,True,34,28,clip ln_post,all,-0.05478787516946754,-0.03758296763924447,20
18,28,amygdala,L,img_0055,face_person,True,34,28,clip ln_post,same,0.3332787569118903,0.22674826031562678,20
18,28,amygdala,L,img_0055,face_person,True,34,28,clip ln_post,diff,0.13589865012317914,0.032091450222484,20
18,28,amygdala,L,img_0055,face_person,True,34,28,clip ln_post,partial,0.23072022452585061,0.04667867173652478,20
18,28,amygdala,L,img_0055,face_person,True,34,28,clip ln_post,category,-0.22350592947972076,-0.072763965232015,20
18,28,amygdala,L,img_0055,face_person,True,34,28,resnet50 avgpool,all,-0.10402534468451188,-0.012679309547043122,20
18,28,amygdala,L,img_0055,face_person,True,34,28,resnet50 avgpool,same,0.1907582358640425,0.2651470516383018,20
18,28,amygdala,L,img_0055,face_person,True,34,28,resnet50 avgpool,diff,0.01988760733509939,0.06871262826976286,20
18,28,amygdala,L,img_0055,face_person,True,34,28,resnet50 avgpool,partial,0.11779993672122793,0.09675180467552742,20
18,28,amygdala,L,img_0055,face_person,True,34,28,resnet50 avgpool,category,-0.22350592947972076,-0.072763965232015,20
18,28,amygdala,L,img_0055,face_person,True,34,28,alexnet conv1,all,0.06432843419757743,0.05215275965248506,20
18,28,amygdala,L,img_0055,face_person,True,34,28,alexnet conv1,same,0.07611535519698247,-0.04257818938931157,20
18,28,amygdala,L,img_0055,face_person,True,34,28,alexnet conv1,diff,0.39692349639635865,0.14782609085857393,20
18,28,amygdala,L,img_0055,face_person,True,34,28,alexnet conv1,partial,0.20278441276693393,0.10290888690907662,20
18,28,amygdala,L,img_0055,face_person,True,34,28,alexnet conv1,category,-0.22350592947972076,-0.072763965232015,20
18,29,amygdala,L,img_0301,vehicle,False,9,53,clip ln_post,all,0.10058375037941941,-0.0631331667547589,20
18,29,amygdala,L,img_0301,vehicle,False,9,53,clip ln_post,same,-0.34454998079456733,-0.1082483618251748,20
18,29,amygdala,L,img_0301,vehicle,False,9,53,clip ln_post,diff,0.06157868377075382,0.09084588979600434,20
18,29,amygdala,L,img_0301,vehicle,False,9,53,clip ln_post,partial,0.02370056689441903,0.01941815219563156,20
18,29,amygdala,L,img_0301,vehicle,False,9,53,clip ln_post,category,0.15009991602526282,-0.0993310810626731,20
18,29,amygdala,L,img_0301,vehicle,False,9,53,resnet50 avgpool,all,0.13568578729315103,-0.0220687437992513,20
18,29,amygdala,L,img_0301,vehicle,False,9,53,resnet50 avgpool,same,0.1680731613632036,0.15684609420442555,20
18,29,amygdala,L,img_0301,vehicle,False,9,53,resnet50 avgpool,diff,0.04515230689103894,0.01420423409316196,20
18,29,amygdala,L,img_0301,vehicle,False,9,53,resnet50 avgpool,partial,0.05941501856159667,0.06768991464482584,20
18,29,amygdala,L,img_0301,vehicle,False,9,53,resnet50 avgpool,category,0.15009991602526282,-0.0993310810626731,20
18,29,amygdala,L,img_0301,vehicle,False,9,53,alexnet conv1,all,0.21538508837209847,-0.014847176523166337,20
18,29,amygdala,L,img_0301,vehicle,False,9,53,alexnet conv1,same,-0.15126584522688322,-0.10479658773923686,20
18,29,amygdala,L,img_0301,vehicle,False,9,53,alexnet conv1,diff,0.24825676978800618,0.12657686385144792,20
18,29,amygdala,L,img_0301,vehicle,False,9,53,alexnet conv1,partial,0.18980039476281602,0.036330839701002884,20
18,29,amygdala,L,img_0301,vehicle,False,9,53,alexnet conv1,category,0.15009991602526282,-0.0993310810626731,20
18,30,amygdala,L,img_0055,face_person,True,34,28,clip ln_post,all,-0.02393612883477279,-0.027876245549219036,20
18,30,amygdala,L,img_0055,face_person,True,34,28,clip ln_post,same,0.3877420187269167,0.1949360807416673,20
18,30,amygdala,L,img_0055,face_person,True,34,28,clip ln_post,diff,0.18241767726293953,0.11606763123842974,20
18,30,amygdala,L,img_0055,face_person,True,34,28,clip ln_post,partial,0.31612476480388474,0.13531439967999384,20
18,30,amygdala,L,img_0055,face_person,True,34,28,clip ln_post,category,-0.24289106235974264,-0.1334571712016806,20
18,30,amygdala,L,img_0055,face_person,True,34,28,resnet50 avgpool,all,-0.0605851157953101,-0.025765719213954853,20
18,30,amygdala,L,img_0055,face_person,True,34,28,resnet50 avgpool,same,0.24883525166065332,0.16213391049428216,20
18,30,amygdala,L,img_0055,face_person,True,34,28,resnet50 avgpool,diff,0.11467047292175651,0.10532357467646306,20
18,30,amygdala,L,img_0055,face_person,True,34,28,resnet50 avgpool,partial,0.21578766404250488,0.12145498684704244,20
18,30,amygdala,L,img_0055,face_person,True,34,28,resnet50 avgpool,category,-0.24289106235974264,-0.1334571712016806,20
18,30,amygdala,L,img_0055,face_person,True,34,28,alexnet conv1,all,0.10326950004787702,0.020285165234267977,20
18,30,amygdala,L,img_0055,face_person,True,34,28,alexnet conv1,same,0.1590655722640885,0.026079436304319064,20
18,30,amygdala,L,img_0055,face_person,True,34,28,alexnet conv1,diff,0.4517405797668228,0.11154646091285483,20
18,30,amygdala,L,img_0055,face_person,True,34,28,alexnet conv1,partial,0.26076422601406496,0.08591765533465465,20
18,30,amygdala,L,img_0055,face_person,True,34,28,alexnet conv1,category,-0.24289106235974264,-0.1334571712016806,20
18,37,hippocampus,R,img_0055,face_person,True,34,28,clip ln_post,all,0.12007301511227221,-0.013393377945740265,20
18,37,hippocampus,R,img_0055,face_person,True,34,28,clip ln_post,same,0.4207370680346741,0.05098041137190644,20
18,37,hippocampus,R,img_0055,face_person,True,34,28,clip ln_post,diff,-0.1755271234077872,-0.09282248638933777,20
18,37,hippocampus,R,img_0055,face_person,True,34,28,clip ln_post,partial,0.18907588177172593,-0.010144367543951571,20
18,37,hippocampus,R,img_0055,face_person,True,34,28,clip ln_post,category,0.014599515630839057,0.03065270227205072,20
18,37,hippocampus,R,img_0055,face_person,True,34,28,resnet50 avgpool,all,0.07526131927789503,-0.020223641004249813,20
18,37,hippocampus,R,img_0055,face_person,True,34,28,resnet50 avgpool,same,0.3168247251048938,0.08975165046832835,20
18,37,hippocampus,R,img_0055,face_person,True,34,28,resnet50 avgpool,diff,-0.25252722943101463,-0.14981765158508586,20
18,37,hippocampus,R,img_0055,face_person,True,34,28,resnet50 avgpool,partial,0.10284920137625,-0.02846720701676872,20
18,37,hippocampus,R,img_0055,face_person,True,34,28,resnet50 avgpool,category,0.014599515630839057,0.03065270227205072,20
18,37,hippocampus,R,img_0055,face_person,True,34,28,alexnet conv1,all,0.0657458119517957,-0.03412487446622124,20
18,37,hippocampus,R,img_0055,face_person,True,34,28,alexnet conv1,same,0.15941448455399523,0.07654481035958327,20
18,37,hippocampus,R,img_0055,face_person,True,34,28,alexnet conv1,diff,-0.04967748775692091,-0.12113124179104814,20
18,37,hippocampus,R,img_0055,face_person,True,34,28,alexnet conv1,partial,0.06709970717293073,-0.04160500287980933,20
18,37,hippocampus,R,img_0055,face_person,True,34,28,alexnet conv1,category,0.014599515630839057,0.03065270227205072,20
21,0,amygdala,R,img_0038,face_person,True,22,40,clip ln_post,all,-0.011815771870600403,0.007082932300787248,20
21,0,amygdala,R,img_0038,face_person,True,22,40,clip ln_post,same,0.03263991367826572,0.0682505107329255,20
21,0,amygdala,R,img_0038,face_person,True,22,40,clip ln_post,diff,0.09678251207396663,-0.01135293425403636,20
21,0,amygdala,R,img_0038,face_person,True,22,40,clip ln_post,partial,0.07241653132663194,0.0018938065619843903,20
21,0,amygdala,R,img_0038,face_person,True,22,40,clip ln_post,category,-0.06381368763561539,0.00485581905603844,20
21,0,amygdala,R,img_0038,face_person,True,22,40,resnet50 avgpool,all,0.010491590540274496,-0.0024804908199527855,20
21,0,amygdala,R,img_0038,face_person,True,22,40,resnet50 avgpool,same,0.40370419549433917,0.08307993341932299,20
21,0,amygdala,R,img_0038,face_person,True,22,40,resnet50 avgpool,diff,-0.034788620892405246,-0.03385417538791811,20
21,0,amygdala,R,img_0038,face_person,True,22,40,resnet50 avgpool,partial,0.0806031254337978,-0.011107834000715505,20
21,0,amygdala,R,img_0038,face_person,True,22,40,resnet50 avgpool,category,-0.06381368763561539,0.00485581905603844,20
21,0,amygdala,R,img_0038,face_person,True,22,40,alexnet conv1,all,0.04033660052377379,-0.029202337680916846,20
21,0,amygdala,R,img_0038,face_person,True,22,40,alexnet conv1,same,0.04523777509794723,-0.007871412738868488,20
21,0,amygdala,R,img_0038,face_person,True,22,40,alexnet conv1,diff,0.0448365604417103,-0.013033965474672967,20
21,0,amygdala,R,img_0038,face_person,True,22,40,alexnet conv1,partial,0.04587671885754775,-0.022002804680791906,20
21,0,amygdala,R,img_0038,face_person,True,22,40,alexnet conv1,category,-0.06381368763561539,0.00485581905603844,20
21,2,hippocampus,R,img_0340,food,False,2,60,clip ln_post,all,0.031008809484527392,-0.024728604120856975,20
21,2,hippocampus,R,img_0340,food,False,2,60,clip ln_post,same,,-0.14032578110160748,20
21,2,hippocampus,R,img_0340,food,False,2,60,clip ln_post,diff,-0.0690192517348438,0.07635452854121014,20
21,2,hippocampus,R,img_0340,food,False,2,60,clip ln_post,partial,-0.06883393701168691,0.023833496521895665,20
21,2,hippocampus,R,img_0340,food,False,2,60,clip ln_post,category,0.30520391714382133,-0.04543598128508626,20
21,2,hippocampus,R,img_0340,food,False,2,60,resnet50 avgpool,all,0.011924484045960285,-0.034499062221558435,20
21,2,hippocampus,R,img_0340,food,False,2,60,resnet50 avgpool,same,,0.02416860840808357,20
21,2,hippocampus,R,img_0340,food,False,2,60,resnet50 avgpool,diff,-0.08773392296463843,-0.02587392726518973,20
21,2,hippocampus,R,img_0340,food,False,2,60,resnet50 avgpool,partial,-0.08801715017088452,-0.00397363595544108,20
21,2,hippocampus,R,img_0340,food,False,2,60,resnet50 avgpool,category,0.30520391714382133,-0.04543598128508626,20
21,2,hippocampus,R,img_0340,food,False,2,60,alexnet conv1,all,0.24093638930876557,0.049398521340157014,20
21,2,hippocampus,R,img_0340,food,False,2,60,alexnet conv1,same,,-0.0002298079656462816,20
21,2,hippocampus,R,img_0340,food,False,2,60,alexnet conv1,diff,0.19327099588151678,0.09431528290754083,20
21,2,hippocampus,R,img_0340,food,False,2,60,alexnet conv1,partial,0.1901839115803572,0.05711838242895342,20
21,2,hippocampus,R,img_0340,food,False,2,60,alexnet conv1,category,0.30520391714382133,-0.04543598128508626,20
21,4,hippocampus,R,img_0038,face_person,True,22,40,clip ln_post,all,-0.09484402219351112,0.013150697703962187,20
21,4,hippocampus,R,img_0038,face_person,True,22,40,clip ln_post,same,0.10096530494525563,-0.03366127891613703,20
21,4,hippocampus,R,img_0038,face_person,True,22,40,clip ln_post,diff,0.08282376515134489,0.0693558134781959,20
21,4,hippocampus,R,img_0038,face_person,True,22,40,clip ln_post,partial,0.033868966455254085,0.034347562614577144,20
21,4,hippocampus,R,img_0038,face_person,True,22,40,clip ln_post,category,-0.13792652692838525,-0.01812230965067419,20
21,4,hippocampus,R,img_0038,face_person,True,22,40,resnet50 avgpool,all,-0.1220722128525271,-0.0415540902743099,20
21,4,hippocampus,R,img_0038,face_person,True,22,40,resnet50 avgpool,same,0.10436862983105073,-0.042589229177662793,20
21,4,hippocampus,R,img_0038,face_person,True,22,40,resnet50 avgpool,diff,0.05936174294123696,-0.01033554087737887,20
21,4,hippocampus,R,img_0038,face_person,True,22,40,resnet50 avgpool,partial,-0.03375119265052638,-0.04767751320690059,20
21,4,hippocampus,R,img_0038,face_person,True,22,40,resnet50 avgpool,category,-0.13792652692838525,-0.01812230965067419,20
21,4,hippocampus,R,img_0038,face_person,True,22,40,alexnet conv1,all,-0.10727098861673551,0.004405922884205761,20
21,4,hippocampus,R,img_0038,face_person,True,22,40,alexnet conv1,same,0.1769728940613469,0.05657571969884756,20
21,4,hippocampus,R,img_0038,face_person,True,22,40,alexnet conv1,diff,-0.22632842308706533,0.007585261938566862,20
21,4,hippocampus,R,img_0038,face_person,True,22,40,alexnet conv1,partial,-0.09709810438755635,0.018075998584127728,20
21,4,hippocampus,R,img_0038,face_person,True,22,40,alexnet conv1,category,-0.13792652692838525,-0.01812230965067419,20
21,14,hippocampus,L,img_0321,landmark_place,False,5,57,clip ln_post,all,-0.10915029635501981,0.020665113484717272,20
21,14,hippocampus,L,img_0321,landmark_place,False,5,57,clip ln_post,same,,0.04147288957186946,20
21,14,hippocampus,L,img_0321,landmark_place,False,5,57,clip ln_post,diff,-0.2049062685719963,-0.06658478082968042,20
21,14,hippocampus,L,img_0321,landmark_place,False,5,57,clip ln_post,partial,-0.18623875256623687,-0.05171615721778559,20
21,14,hippocampus,L,img_0321,landmark_place,False,5,57,clip ln_post,category,0.13597719721747245,0.06444058818583921,20
21,14,hippocampus,L,img_0321,landmark_place,False,5,57,resnet50 avgpool,all,-0.009587866993737293,-0.02842129610648601,20
21,14,hippocampus,L,img_0321,landmark_place,False,5,57,resnet50 avgpool,same,,0.008579801008564241,20
21,14,hippocampus,L,img_0321,landmark_place,False,5,57,resnet50 avgpool,diff,-0.09526144699575932,-0.1477456000702767,20
21,14,hippocampus,L,img_0321,landmark_place,False,5,57,resnet50 avgpool,partial,-0.06491620824459561,-0.11041426765988267,20
21,14,hippocampus,L,img_0321,landmark_place,False,5,57,resnet50 avgpool,category,0.13597719721747245,0.06444058818583921,20
21,14,hippocampus,L,img_0321,landmark_place,False,5,57,alexnet conv1,all,0.060983880325955364,-0.02296141954350414,20
21,14,hippocampus,L,img_0321,landmark_place,False,5,57,alexnet conv1,same,,-0.0685651396351822,20
21,14,hippocampus,L,img_0321,landmark_place,False,5,57,alexnet conv1,diff,0.017565249769838375,-0.06212168118900382,20
21,14,hippocampus,L,img_0321,landmark_place,False,5,57,alexnet conv1,partial,0.0254738329417901,-0.0739887777940917,20
21,14,hippocampus,L,img_0321,landmark_place,False,5,57,alexnet conv1,category,0.13597719721747245,0.06444058818583921,20
