image_uid,drive,drive_max,n_subj,attr_famous,attr_face_visible,attr_single_object,attr_indoor,attr_natural,attr_text_present,attr_colorful,attr_emotional,attr_child,attr_smiling,luminance,rms_contrast,michelson_contrast,colorfulness,saturation,hue_entropy,gray_entropy,edge_density,spectral_slope,high_freq_energy,edge_com_x,edge_com_y,clip_centroid_dist,clip_nn1_dist,clip_nn5_dist,clip_mean_dist,clip_cat_typicality,resnet50_centroid_dist,resnet50_nn1_dist,resnet50_nn5_dist,resnet50_mean_dist,resnet50_cat_typicality,dinov2_centroid_dist,dinov2_nn1_dist,dinov2_nn5_dist,dinov2_mean_dist,dinov2_cat_typicality,alexnet_fc7_centroid_dist,alexnet_fc7_nn1_dist,alexnet_fc7_nn5_dist,alexnet_fc7_mean_dist,alexnet_fc7_cat_typicality,category
img_0000,-0.02921689020700873,-0.08794862673788037,10,0.8448273,0.9951037,0.98342705,0.6900131,0.8425484,0.19436303,0.40504003,0.086727336,0.022786446,0.43338138,0.4458129703998565,0.1524979919195175,0.7337930689130071,83.89002990722656,0.5523604154586792,1.6609963178634644,4.9867786999588315,0.009425,-2.738701615217382,0.0394728779792785,0.4868764321584908,0.5361134447450603,0.3486215997086468,0.2807295540784232,0.3031186584122375,0.5411669116304005,0.7212334537053774,0.5286018929783889,0.2685856803802955,0.3096540752657707,0.8283973856738261,0.564937063683821,0.5449690704633336,0.2904817801641005,0.422248406355056,0.911211916927436,0.4427875748934016,0.465130532031163,0.3251726924486222,0.3442456319686302,0.8277083915860877,0.6231367339593248,face_person
img_0001,-0.15252059539796695,0.12053151201451538,11,0.9486815,0.99914527,0.94870263,0.7424848,0.8000105,0.83799994,0.34160134,0.19961315,0.090370744,0.1325334,0.3951443135738373,0.2472986727952957,0.9999999885110296,51.5396614074707,0.3172567784786224,2.34524917602539,5.542243575131472,0.0208,-2.9330226731093045,0.0275634862482547,0.5224478557619237,0.4935948142418022,0.3223979334908379,0.2230140260105226,0.269912279331617,0.5225768140762791,0.7341074892550066,0.3994456047445531,0.2996414077148452,0.3420746662278839,0.7805772654287131,0.7191440461196296,0.6236391976122742,0.3315956260227146,0.4881416875342251,0.9270694630884498,0.4403870382194559,0.4683716930374076,0.2001268596743332,0.3014440785925881,0.8287702015189616,0.6422419257829562,face_person
img_0002,0.10386251468719625,-0.0487898354474324,12,0.70883256,0.9989157,0.9907273,0.34441328,0.85838926,0.31500086,0.6871993,0.5246392,0.035740476,0.2578012,0.3930331170558929,0.2187804579734802,0.911366520949976,40.8458366394043,0.3919033408164978,1.8653756380081177,5.600790670362861,0.0152916666666666,-2.801611642129191,0.0239633433520793,0.4942375649717134,0.5261759606652268,0.3207869594225112,0.1995872032330655,0.2479005928221463,0.521434785923594,0.7462630215871882,0.5304134861149679,0.2685856803802955,0.2837930701805359,0.8290681280961354,0.5849897297820081,0.5126724329416948,0.2670028555650933,0.3484641073715605,0.9047018801586468,0.5517219324346629,0.5363118233358479,0.2896665518349286,0.3311801327827061,0.8510275053223383,0.5510807724846443,face_person
img_0003,0.3111188814262785,0.3676208612234537,13,0.93661076,0.994638,0.96039385,0.36721754,0.52751714,0.19185054,0.51430833,0.4269034,0.24107665,0.25726655,0.3931104242801666,0.2695851624011993,0.9778935610305896,49.95133209228515,0.372791051864624,2.187988519668579,5.618111144741346,0.0166333333333333,-2.7781419624770853,0.0200978275388479,0.4774032699719915,0.5301327783708633,0.3407109968094179,0.2944728866990875,0.3061072334195086,0.5355590428302435,0.7386341215567063,0.3925466084952818,0.1969431673638914,0.2044981062318992,0.7780229118256317,0.7893606267607016,0.5280179551998865,0.3154414534288842,0.3692089083976644,0.9077950787639248,0.5522436208467879,0.4009449710616255,0.212304827595708,0.2305400525066446,0.8066810911671194,0.7729790496466464,face_person
img_0004,-0.04711604143892712,0.001224029164388437,13,0.83276165,0.9158148,0.97049487,0.4815443,0.4215695,0.08902286,0.6009671,0.70831114,0.05149042,0.12266642,0.557986319065094,0.2895659804344177,0.9915665442031673,44.35938262939453,0.2816691994667053,1.8865140676498413,5.633213419577788,0.0288583333333333,-2.8981229105227344,0.0232307128608226,0.4442509665369684,0.4912857729168423,0.328605593032365,0.2841857492730368,0.3022161427528425,0.5269774572015103,0.7332230467198997,0.4020328916935014,0.3571809157382661,0.4089170825757725,0.781535208512238,0.6590586460015624,0.5398113364709507,0.5066717862976229,0.5255404734832674,0.91017227192069,0.4984111619543735,0.4226505579149031,0.383770721289546,0.3938561011030873,0.8137918788371141,0.6946864925223311,face_person
img_0005,0.2297065904807186,-0.07158199381912168,13,0.21395944,0.9872097,0.855416,0.39543825,0.23103358,0.24633956,0.8419033,0.42262888,0.023702046,0.052079897,0.4038551151752472,0.2391400933265686,0.7964827540882801,40.33669662475586,0.2588991224765777,2.9156432151794434,5.541257571064028,0.0465833333333333,-2.8305601105965503,0.0341884940862655,0.4452160111196576,0.5092959848944929,0.2725436690733458,0.2848993614564369,0.3128295863711409,0.4872348587862621,0.7469951801490271,0.5309072055957151,0.3571809157382661,0.445837047026027,0.8292509277511855,0.4874365446349595,0.5753249117739738,0.5031145888889779,0.5415819508478378,0.917330747191032,0.4536315790718789,0.5711064992081936,0.5364070843679738,0.5837348119137538,0.8624263011184159,0.4151666080809659,face_person
img_0006,0.7099500989808514,0.22089352502954712,16,0.8025528,0.9850697,0.98062736,0.21199995,0.41214326,0.5799009,0.53006834,0.54303795,0.055469826,0.37583888,0.5568504333496094,0.2260303199291229,0.8701730476949558,29.632892608642575,0.1225716695189476,2.7530596256256104,4.758248433214922,0.02365,-2.8845210031550463,0.026923207566142,0.4958674164517151,0.5492448776874984,0.3502374530107789,0.2468828173419566,0.2885420374131824,0.5423123986980853,0.7365007231393061,0.4508841450595869,0.2938868154886069,0.3152223933058726,0.7996223867831188,0.655978095576445,0.4957846833653079,0.3128118250285389,0.3976109277033384,0.9012978146236288,0.5607547441183074,0.3845151642998594,0.1500688113033695,0.1928639831858365,0.801298658149681,0.7711803207459514,face_person
img_0007,-0.13034467881946515,0.22062042515740807,13,0.18674015,0.92465645,0.73814446,0.8652138,0.15959463,0.18438053,0.32697576,0.89371467,0.024490573,0.0429871,0.509848415851593,0.2534341216087341,0.9736969886203418,27.351364135742188,0.2472592890262603,3.0518975257873535,5.745366156232313,0.02745,-3.0663773383855615,0.0197100043296813,0.5153256033102168,0.5502559233092126,0.2493972670845637,0.2642929814788777,0.3165904216239077,0.4708262503398142,0.7674794805068029,0.3920609479183226,0.31736641187221,0.3621744715317773,0.7778430959799917,0.7021097633079086,0.452795299866684,0.4098945349114238,0.4744563434853416,0.892632439875062,0.5753738794861689,0.4778357816450699,0.4381516013348489,0.4775388268711067,0.8318706532613634,0.5870710014611318,face_person
img_0008,0.6260064653307966,0.48411331072007263,12,0.50162935,0.9861829,0.9482176,0.76703167,0.27971548,0.27818477,0.6296879,0.6581288,0.041978206,0.04547727,0.2850612998008728,0.2843014597892761,0.9999999898088056,39.74589920043945,0.4409448504447937,3.2093937397003174,5.266708117343475,0.0442166666666666,-3.205212951745558,0.0193202123045921,0.5391331492866775,0.5188791227945936,0.2910466122269667,0.229152187947593,0.2852816002692445,0.5003516943731403,0.772272357346201,0.3759744982374053,0.1691781109086266,0.2053143563158416,0.7718870874218507,0.7630162273773509,0.5088233345978841,0.3809636258748976,0.4344329118481829,0.903926016983166,0.5531122611653231,0.3776402922252777,0.2619736767184869,0.2877741396079851,0.7990464382068994,0.7451200489027943,face_person
img_0009,0.17503120842209202,-0.1269877076276918,10,0.25387508,0.9719425,0.98035,0.5863702,0.09667996,0.78772616,0.66142845,0.35700864,0.24441828,0.088976465,0.455033391714096,0.2297869175672531,0.874022396595438,63.538089752197266,0.3630058467388153,3.1716387271881104,5.4565284113374695,0.023625,-2.8877316208437027,0.0240038949996233,0.4982681909907855,0.581109661398425,0.2700134865661235,0.2266491807939867,0.2660717050927841,0.4854411988438147,0.7428139800716753,0.448653276525785,0.2334987607752346,0.2867543247187541,0.7987964076302936,0.6098111134355104,0.4714371006088811,0.234632370213352,0.2996618992636083,0.8963900696960251,0.5827287896059363,0.4118289563247335,0.1413724677555695,0.2077114970797712,0.8102467035015136,0.733137204731605,face_person
img_0010,0.31409900960079745,0.44021913154014436,16,0.19344419,0.93269473,0.6737713,0.54524744,0.117085606,0.7569529,0.5042209,0.46466953,0.060434867,0.027268974,0.3997928500175476,0.1746062040328979,0.876621681169588,68.88909912109375,0.4848782420158386,1.9530816078186035,5.2995088080238855,0.0203,-2.7277048855005885,0.0506740845739841,0.4932433026190292,0.5157618222618875,0.2708096819478051,0.2208414826396922,0.2475190419698117,0.4860056260179048,0.7441544674536515,0.4416809172669438,0.2668773929774463,0.308673722533152,0.7962148913703474,0.6100856739102158,0.4325617084572266,0.3938582125756436,0.4274556349496151,0.8885539526346496,0.613409854508702,0.428040360326704,0.2366285614407213,0.2567480889453276,0.8155575873983527,0.7003660588406397,face_person
img_0011,-0.38661708651450843,-0.11693317829026177,16,0.46993405,0.9458858,0.847136,0.57829237,0.19293316,0.752062,0.20106398,0.5643048,0.12526588,0.08784036,0.532099187374115,0.330104649066925,0.9822071335840892,61.82617950439453,0.3635497391223907,2.764451503753662,5.771491483520631,0.0263166666666666,-3.7587829210178265,0.0113040693104267,0.566211156833206,0.5230517968378833,0.3047698356726438,0.1359349771201177,0.2019267973515745,0.5100801610373052,0.7481132938920501,0.4404755925533865,0.287416923655414,0.301355002970609,0.79576861985291,0.6762391066444573,0.5053549536926469,0.266890903990168,0.346147213824591,0.90322689506355,0.5547428171433905,0.3938123481451756,0.2722332103310433,0.3175623922187621,0.804344431604222,0.7279313256539938,face_person
img_0013,-0.11735508579033806,-0.19366180953272868,11,0.29919675,0.9824326,0.9748198,0.31633586,0.11072142,0.9099217,0.49085194,0.53288335,0.2477961,0.7919075,0.4660344123840332,0.3310039043426513,0.9678347783409086,57.1550407409668,0.457589328289032,2.7334542274475098,5.6660327710716025,0.022575,-2.8894461077314144,0.0171237960457801,0.5381388614962672,0.5069769043803926,0.3040442079651835,0.0947075295596781,0.2432579141183536,0.5095657596657495,0.7392588643699881,0.4008337080088299,0.16556906899729,0.2051840699073519,0.7810912107109605,0.7583811012663693,0.4586590065183191,0.3929368090699413,0.4350469856936536,0.8938143878681916,0.6319470128644546,0.368893481622818,0.1869664510609053,0.201404489978435,0.7961809679754712,0.810230837359402,face_person
img_0014,-0.544161114891193,-0.4631996257278065,11,0.42255536,0.9322625,0.93805087,0.6563968,0.2973157,0.24372645,0.013271464,0.4101415,0.10123782,0.03826416,0.4880395531654358,0.226673811674118,0.8008658034185522,0.0,0.0,-0.0,5.122712082016498,0.0238416666666666,-2.7043625745320607,0.0283213406801223,0.5278163557904952,0.5083874709850765,0.3830374985485524,0.330092777178628,0.3645982391869909,0.5655645268048994,0.646164241458379,0.5505768008908074,0.367921558497807,0.423906324476664,0.8365335960985525,0.5192539514111083,0.6369104070512268,0.4024501378329962,0.487726092010894,0.9297445422311624,0.4169388062895979,0.461317302198645,0.3482240136784472,0.391189027239117,0.8264591709195738,0.6229974815234227,face_person
img_0015,-0.07990663544218429,-0.31950119005967337,13,0.95882034,0.98460126,0.9485796,0.5526161,0.43129504,0.37468162,0.8069885,0.7477498,0.15472765,0.08937477,0.4830287098884582,0.2863964736461639,0.9819681566247422,52.50926208496094,0.4036652743816376,2.322542905807495,5.077707189672037,0.0326666666666666,-3.4189724306776386,0.0301638469099998,0.40847394133086,0.4363770657823375,0.3139064689545774,0.2912661732279908,0.3269084741278928,0.5165571693479138,0.742375087380662,0.3972894105578516,0.2567212083533596,0.3013499250518666,0.7797789344555187,0.7561762254972502,0.4968327484130452,0.3814435288572088,0.4202319138633095,0.9015090732102936,0.5447074869384693,0.3977565223307786,0.275918939185326,0.2901350896305515,0.8056365498665329,0.7548012262340775,face_person
img_0016,-0.22375453657993605,0.3082563386633319,11,0.8411785,0.9429703,0.96519643,0.5996472,0.36510777,0.3520212,0.10086512,0.72776914,0.37666792,0.9741943,0.1862109005451202,0.2997519373893738,0.9999999894942612,26.113115310668945,0.1944645345211029,2.1210739612579346,3.35749632574796,0.02935,-2.859126105160419,0.0198346301913261,0.3801245919922065,0.5561611319772649,0.3024824214273985,0.3129929509463637,0.3518693655210024,0.5084586008171361,0.735978305002023,0.4196331520060644,0.2996414077148452,0.3576358759496812,0.7880517055097997,0.699943853691539,0.5911565139717299,0.4862389707160254,0.5454393838829169,0.9205219249830602,0.4450212911240627,0.423374681980184,0.3518579628347378,0.3710930266345947,0.8140291031291709,0.6980542550901373,face_person
img_0017,0.20791144103765988,0.2819029365275019,13,0.85887843,0.3867702,0.63866276,0.5662945,0.6244873,0.6195486,0.11556827,0.19866012,0.064352624,0.14005458,0.4755632877349853,0.3906786739826202,0.9830931478591828,29.40414810180664,0.2003196328878402,2.3348894119262695,5.1444145062015885,0.0956416666666666,-2.841428283046275,0.056315641850233,0.5260536279875629,0.504129242309792,0.2702005926554978,0.2385375018738352,0.304896706480349,0.4855738393535569,0.7123964632227142,0.36792043226716,0.3801732109324808,0.4147587784688618,0.7689050692140968,0.5228048463999064,0.6480407943044401,0.4465145691804777,0.4922174133206479,0.9319880956110068,0.2350940082018259,0.5133445654927485,0.3514280919054231,0.4323017299573385,0.843503392061165,0.4572431117029699,scene_with_people
img_0018,-0.05722451930975729,-0.02839720000089514,15,0.21913639,0.9922691,0.9801471,0.12750676,0.07313807,0.9527001,0.21397805,0.3847067,0.05865764,0.10910919,0.2780926823616028,0.3088119924068451,0.9749514573172284,33.26030349731445,0.2926817238330841,3.2453103065490723,4.966165587777367,0.0475833333333333,-2.6082232154614933,0.0280282665044069,0.5552907271967268,0.4851601399801167,0.3093485102652176,0.2399764727174894,0.3007648469040662,0.5133260080000276,0.6829973206411123,0.5486323379964972,0.5195944901566971,0.5536353343043359,0.8358136586437868,0.4192854099698442,0.7035744856719384,0.6815463033870599,0.7073464936958509,0.9431820278730508,0.1203764415188172,0.5782788495175911,0.5371817163527384,0.5753528330420101,0.8647759754437264,0.2804490534584829,object
img_0019,0.15102199678508335,0.0018475694287611553,16,0.53181016,0.62805593,0.9931931,0.7622285,0.20784897,0.5467755,0.04369712,0.80564594,0.48268625,0.45278782,0.3742955029010772,0.2358995974063873,0.9920948512006372,0.0,0.0,-0.0,5.710700222940327,0.0558416666666666,-2.8401301588582784,0.0661084204912185,0.5260432753683585,0.4690475426181844,0.3263075559204299,0.3243573926610792,0.3331546590938235,0.5253483663742006,0.6736431294346794,0.604602554770185,0.4624751279441319,0.5347323647754709,0.8565366333658307,0.3753280602380179,0.7510849205633395,0.6695493693777206,0.703934559185947,0.9527587114469044,0.2475088638748785,0.7253228549608668,0.5725017488186792,0.6668690801001135,0.9129478451066182,0.1783850018401502,face_person
img_0020,0.3039118347281428,0.31510169869891347,13,0.18954101,0.98812675,0.99150014,0.15984525,0.12856358,0.8818047,0.35226226,0.508372,0.2466765,0.44278896,0.3855177164077759,0.1686268597841262,0.7377854423669531,93.56800079345705,0.4946645498275757,1.8157087564468384,5.163232026362483,0.0126416666666666,-2.774234963383234,0.0368664227426052,0.5000724784465816,0.5482703506497036,0.2917461177053262,0.315655596869278,0.3307725875804523,0.5008475775564577,0.736178893369918,0.4127367894022569,0.3424427434729972,0.3546864088609959,0.7854983270140439,0.6866378274469669,0.604777311408204,0.3608134915178024,0.449002052931616,0.9232674706167896,0.4561623464293926,0.4250539194927605,0.3931566941112477,0.4191770215414975,0.8145792242330203,0.6723362573823464,face_person
img_0021,0.2544323174066064,-0.15378295790603083,13,0.88929474,0.94761336,0.62931424,0.8750671,0.5370376,0.5825991,0.9102001,0.37810647,0.027952947,0.09510739,0.2468967735767364,0.2350320070981979,0.9903200279396644,80.29191589355469,0.518007755279541,2.800865888595581,5.2437832298050315,0.09385,-1.7899110744434656,0.1371916681528091,0.4978048308889869,0.6133419640134233,0.3437068854042054,0.2639849892491155,0.3123387720081483,0.5376828443145897,0.7024254562271611,0.6434754319119398,0.2156678112028957,0.3641871203395443,0.8709293174899414,0.4001176057861179,0.800578514321801,0.1788103464932143,0.4131617277333315,0.9627351405711816,0.2131563921580844,0.6352686889796804,0.3723651685322691,0.4426561454418281,0.8834459450926145,0.3277249861344515,face_person
img_0022,0.1361369122117605,0.11046696335456709,13,0.7209362,0.9504919,0.8365762,0.43184063,0.18912295,0.7717195,0.7204697,0.38946304,0.053367082,0.4754407,0.2584624290466308,0.1609820127487182,0.99999998695072,72.67211151123047,0.4928794205188751,2.7159018516540527,5.038690507771241,0.0189,-2.7228823233974753,0.0387329831719398,0.4990339247792299,0.4977514528684919,0.2861822450517255,0.3508861560764484,0.3594264535910417,0.496903318407106,0.7342851134294164,0.5071847358585273,0.5291505477995129,0.5555072371878927,0.8204676824995911,0.4418243838991287,0.750970458123756,0.6631591869554349,0.7130841060819593,0.9527356392403988,0.2299177932519967,0.5266305830170817,0.4652861271880567,0.501301200140927,0.8478559143050448,0.4877080950181248,face_person
img_0023,0.5489946399493075,0.04530796882500375,13,0.8336177,0.99621636,0.9490557,0.37502757,0.82760406,0.7744968,0.22364683,0.0756896,0.06072361,0.9193889,0.3192873299121856,0.3007694780826568,0.9999999876930538,59.567420959472656,0.4791195392608642,2.136500358581543,5.120099183835263,0.044575,-2.846898817497637,0.0397759489715099,0.5108824429689774,0.4788618704868241,0.3778142234029829,0.2230140260105226,0.3100172925791787,0.5618617190547683,0.6699989965299711,0.5155865897027243,0.2809223922132426,0.3334639071603372,0.8235784691798644,0.6099974544224624,0.5397001099394354,0.3988085923867414,0.4689195511682581,0.9101498519765292,0.4969673401638482,0.4765148921133239,0.3123616298435172,0.3806239709102726,0.8314379275737674,0.6303337786939217,face_person
img_0024,-0.501783068512419,-0.16936786329002013,14,0.79076517,0.46354952,0.89270824,0.82854277,0.3592495,0.65431124,0.487184,0.1572283,0.13051295,0.7274282,0.4846964478492737,0.2436703145503997,0.9479942596137304,48.97852325439453,0.360815942287445,1.9138972759246824,5.769126444760387,0.05485,-2.323257468863939,0.0596824996173381,0.5119181436876454,0.507586137012344,0.362293980707478,0.1956272520526971,0.2639888598297112,0.5508593358114545,0.7528473845321687,0.6822825562790399,0.2306567847721887,0.3283176505835453,0.8852976566469317,0.6925278575993348,0.950647662473288,0.3366360757927588,0.5365108762688886,0.9929845952295028,0.4020928766025833,0.8085786478245138,0.4348747832204612,0.5192719440144935,0.9402225863680388,0.5438459556560227,vehicle
img_0025,0.7635511946736906,0.9247764786620971,3,0.11945808,0.93809175,0.8050327,0.040818814,0.7337773,0.46031064,0.8626385,0.12264301,0.017855192,0.08567087,0.4040725231170654,0.1953013837337494,0.8270866015087671,62.908348083496094,0.2387621402740478,3.2474539279937744,5.576898501282854,0.0429083333333333,-2.3424432189800983,0.0863709226250648,0.5506430479409667,0.4952060668849186,0.2851959078756338,0.2274406420019799,0.3381507183046532,0.4962040986957008,0.6799387042584033,0.5932261763940191,0.558495851262065,0.6039381106037162,0.8523245288733479,0.3395229109250584,0.7811736274678186,0.7058580223957481,0.7283433260253225,0.9588236953989407,0.210589129462013,0.6672485532950245,0.5655875490119404,0.6748057453281172,0.893922603770346,0.3025024853075052,face_person
img_0026,-0.27376868021892364,0.20670763946908585,15,0.44052282,0.7384094,0.9868951,0.24755655,0.1392836,0.8825351,0.14410484,0.026779408,0.06463007,0.57731247,0.8300039172172546,0.1942988485097885,0.7948746810130783,2.402906894683838,0.0091729098930954,3.621737957000733,4.261165434151023,0.0234916666666666,-3.098920706512741,0.0214071832597255,0.4523173925292506,0.5029369955752637,0.2492334947464792,0.1629087128251132,0.2419255162815567,0.4707101512514424,0.809727166584313,0.8513865415563506,0.2835673277326458,0.5878149338215669,0.9479084131224368,0.3377866029639175,0.945110436615755,0.8291993105056356,0.8533465762410701,0.9918684560058616,0.1022620814426038,0.7982970640538998,0.507816545978923,0.6228277446614533,0.936854321801027,0.4147151717198598,object
img_0027,-0.07331387019866255,-0.22326116121759743,5,0.8936048,0.9975731,0.9800362,0.75589716,0.44321722,0.31958362,0.27047193,0.13695745,0.03351794,0.06039525,0.7248373031616211,0.3448096513748169,0.8984195966477689,40.434513092041016,0.1713313162326812,1.599932074546814,3.935604716244855,0.0232,-3.089133527212087,0.0109281493350863,0.4994256451611514,0.4999212749437271,0.3258940938714015,0.2432293159124259,0.2696269607790261,0.5250552609112756,0.7492801442138813,0.432326465367745,0.1883648169205649,0.2671066827169143,0.7927514052268244,0.7060225947012577,0.5185548444163673,0.4357116715641538,0.480936026446194,0.9058875984850082,0.5435983771275565,0.3948088502600713,0.1295285252594362,0.2294658365153005,0.8046708874148674,0.744796271156516,face_person
img_0028,-1.0114608551981403,-1.0969291865096502,2,0.13977297,0.99555993,0.90502596,0.914435,0.6125736,0.31708747,0.8735116,0.59608513,0.99657273,0.8632467,0.3299229741096496,0.15286485850811,0.7404841309732909,54.85498809814453,0.4379902482032776,2.85323715209961,5.1389638636204795,0.0022916666666666,-3.2318210899891433,0.0162292551249265,0.448983644397208,0.5855150134000117,0.2597719877723717,0.2178611798957256,0.2708044787455227,0.4781809454492317,0.6891485460024391,0.6553539359912924,0.5442482471155363,0.5916397464012456,0.8753273340416272,0.3468712836891378,0.8312892887886414,0.616736778987764,0.6695961536061804,0.968925514750016,0.1901911129532188,0.6256718892838388,0.4687146718507625,0.5610342111231266,0.8803020169689527,0.3951555537977529,face_person
img_0029,0.5871283070412344,0.4679365273204484,3,0.83916306,0.9694882,0.9357177,0.65178615,0.5357726,0.28120428,0.17456274,0.15115745,0.049284633,0.54091537,0.6086567044258118,0.3158549070358276,0.9766785648865992,26.658191680908203,0.1996353566646576,2.8227968215942383,5.103972599341322,0.019575,-2.812357833674041,0.0187310557812452,0.3945964589368709,0.5032438975236495,0.3478654326385673,0.2171405299883029,0.2615292654226044,0.5406308607409771,0.7327649407540309,0.4914892015648016,0.2658199201631757,0.3192068270553935,0.8146564103772586,0.6570929574554483,0.5638530503615047,0.4324219567667792,0.4642903519136691,0.9150183628274404,0.4737865912723101,0.3735789818848453,0.1500688113033695,0.1861705254545901,0.7977159459383429,0.7913783981749465,face_person
img_0030,-0.6171653012947134,-0.5040204511727822,13,0.42451215,0.79348654,0.92325944,0.114910185,0.040217318,0.9737761,0.23408572,0.12156491,0.08627098,0.18082656,0.6450737714767456,0.2164682447910308,0.9612060157482958,46.334007263183594,0.2228920310735702,1.8344953060150144,5.4746856466389655,0.0373416666666666,-1.8260724094245349,0.0798975899815559,0.5112308161158248,0.6748462549913351,0.2673479753461807,0.2880517745461001,0.2946461455086613,0.4835516036514884,0.7737566838627423,0.7012128241017167,0.2826484340057776,0.4360776300142125,0.8923065889717261,0.552268177252558,0.9118286934584088,0.5154439203366797,0.6729791813033372,0.985159851385998,0.2542688701656663,0.7698882589655207,0.4588907254109265,0.5915859622406965,0.9275475482819676,0.4391296138723112,landmark_place
img_0031,-0.09924280403062076,-0.25205298362809286,3,0.15292771,0.8646876,0.18940713,0.81286323,0.44352368,0.7575027,0.97181296,0.28981274,0.7719355,0.51086825,0.4553799331188202,0.1804874092340469,0.6906179349732331,50.08023452758789,0.3396956026554107,2.4414398670196533,5.437884568159734,0.0222416666666666,-2.5232029074028293,0.048080064356327,0.5222764159045997,0.5279361567033275,0.333656312310731,0.2352232142331345,0.339759917545251,0.5305579391723929,0.6216872076750813,0.5974460207047632,0.5167948449079918,0.5691910340293183,0.8538869263772936,0.3462680713961253,0.8441913590850958,0.7002715777415316,0.7535058111725682,0.9715261864752736,0.1091538751301729,0.696616646143495,0.5824425397934878,0.6589225132785227,0.9035436416132658,0.2587454178282233,face_person
img_0032,0.36913099247086556,0.0319946087732338,10,0.7284541,0.26753074,0.519249,0.32151657,0.04553676,0.81335306,0.95802206,0.38561547,0.03500528,0.61172456,0.2355023324489593,0.2271454334259033,0.9905899279673762,62.7260627746582,0.5871736407279968,3.0464396476745605,5.064401906012151,0.0698333333333333,-2.3575613497252266,0.0994205102324485,0.4942293452314815,0.5652828225175694,0.2589107251538747,0.0995742674822339,0.2048199565290712,0.4775703917621693,0.832722262837092,0.648773492060783,0.4544905749785521,0.5439428973734115,0.8728909244457318,0.5227593128205841,0.8151227690753884,0.3262494392097965,0.6025813427022916,0.9656668275976422,0.4548429591425634,0.7602713319065231,0.5754574833412861,0.6107418470517991,0.92439702639944,0.4008308987109946,landmark_place
img_0033,-0.6782612254820801,-0.5096785573029994,3,0.17010777,0.9932847,0.94681484,0.7958395,0.32600942,0.88743705,0.32079968,0.13721219,0.08565264,0.047070663,0.5977073311805725,0.1087694019079208,0.6848035389393835,40.03955078125,0.2645103335380554,2.299290895462036,4.4289039928245995,0.0018416666666666,-3.0457797756073735,0.0138962334021925,0.3699078277046745,0.4548927425054559,0.3386512783790834,0.1752209590567793,0.2981154749881859,0.534098897393831,0.6627722179002573,0.4286164246363523,0.1832810802458587,0.2348362919072483,0.7913777625160003,0.7376792761668376,0.6814724201199341,0.5213354839992135,0.5761606241282222,0.938726912094718,0.3819289330728843,0.4708788514506856,0.2692831574840375,0.3245336978877525,0.8295915509370804,0.6561304272499019,face_person
img_0035,-0.5277702757305716,-0.5931766433952474,12,0.3782289,0.15543568,0.5348726,0.052241717,0.06909789,0.73390424,0.53354794,0.30209902,0.027438924,0.42133367,0.5892778635025024,0.1890766322612762,0.81244200282126,71.02901458740234,0.3224373757839203,1.9300005435943604,5.479607996982018,0.0736083333333333,-2.089455767915185,0.1401409953832626,0.5258786452652848,0.6433303330600221,0.2107773770637627,0.1365378605251083,0.1801352442185067,0.4434484032816272,0.867739191200807,0.6196021271384676,0.4333995790882873,0.4683460964292203,0.8620902255608767,0.5401387363268958,0.8055360097764797,0.4535557520191542,0.5529775707899314,0.9637344234739122,0.4082164594146977,0.7530507442246008,0.6067637774740344,0.633611288751591,0.9220315494277368,0.4489135003724277,landmark_place
img_0036,0.04308990223021386,-0.18369708558860817,4,0.37646505,0.31699622,0.22476487,0.513699,0.27369457,0.82583404,0.78520215,0.6701215,0.10505782,0.29167587,0.3212887346744537,0.1971721649169922,0.9468342166389816,32.323280334472656,0.2589826583862304,4.414214134216309,5.527256583497598,0.050025,-2.0152896359724144,0.1044762581586837,0.4966862005065756,0.4602433948942315,0.3415275093644259,0.2646604374709909,0.3044168714028455,0.5361378729574151,0.7119918066811636,0.595700198732587,0.4917380520213411,0.5340929500879734,0.8532405357309096,0.402747149958473,0.8506548265906976,0.6463564098090777,0.6880283029261187,0.9728290283295424,0.2225340041772726,0.7831934567689941,0.5789010164587098,0.7079030208873514,0.9319063540183576,0.3073865773020677,vehicle
img_0037,-1.2041921096685482,-1.043989787510185,2,0.4990382,0.78655267,0.8220748,0.9167522,0.59772164,0.49467057,0.8025722,0.5604092,0.79836464,0.68135047,0.8022471070289612,0.1858822852373123,0.6253734411279941,43.96815872192383,0.1750093251466751,3.1521666049957275,4.83803472010782,0.0229333333333333,-2.8285245627477034,0.0418823920190334,0.5390162769748233,0.6191217113471109,0.3205219732579331,0.2819342174042435,0.3108866701337575,0.5212469358110627,0.7581319481763349,0.5239573982268655,0.4968995352556759,0.5128408745199113,0.8266777613292992,0.3043213811877278,0.8918411641522992,0.6693886189288831,0.7671433952149114,0.9811309629107552,0.1360872460458665,0.603180755865824,0.5069342144820479,0.5520175857063258,0.8729338828901971,0.2328822020904675,food
img_0038,0.6754355293398798,0.742065738463254,5,0.44600216,0.97965664,0.9010449,0.64464945,0.5181338,0.3446782,0.2854579,0.11843964,0.059582673,0.0321058,0.8341856598854065,0.2826405167579651,0.8541543704387519,25.957101821899418,0.0897387042641639,1.7876410484313965,2.859282244667912,0.0339833333333333,-2.9048350472537,0.0220813862979412,0.5017119488406582,0.5432516080458037,0.3156163200701332,0.2607019575305949,0.3069774906598091,0.5177692919694113,0.7473895170096192,0.4612425840038984,0.2362645999778883,0.2559991066101448,0.8034575991652819,0.6845771987948657,0.4976077722894576,0.3873351371160035,0.4133929737390766,0.9016652948580968,0.5524787807343532,0.396489013893613,0.1295285252594362,0.1811980539893146,0.8052213119175415,0.7530698297364924,face_person
img_0039,0.021229552642105243,0.7253831289129866,4,0.33747044,0.9625709,0.92115647,0.4294027,0.18111944,0.8266552,0.5918421,0.33063957,0.034429125,0.01466448,0.2764879167079925,0.2307660430669784,0.890046081668043,39.98665618896485,0.5160390734672546,2.387489318847656,5.057619616017058,0.0268416666666666,-2.9211964469919405,0.0310837868601083,0.5063553582726287,0.5574980048273737,0.2451053297466342,0.1955040629398863,0.2232587759669654,0.4677836729539681,0.7674278793433985,0.5039787558124432,0.2051530365994823,0.2591043258710701,0.8192806682751688,0.602002061730379,0.5646509882733186,0.234632370213352,0.3109106909692983,0.9151792032598736,0.5022745991337194,0.4256769377374872,0.1413724677555695,0.2247150159551013,0.8147833260839736,0.7141668653229016,face_person
img_0040,0.6711056388443393,0.7881469358917219,4,0.525873,0.7757751,0.8881424,0.28075153,0.6536401,0.14584354,0.547861,0.3716812,0.06241558,0.2825962,0.6324295401573181,0.2825614213943481,0.7016811481388076,35.399532318115234,0.1954431384801864,3.099482774734497,5.545685115906768,0.0312666666666666,-2.8807588849205352,0.0171837732195854,0.5380299446459997,0.551276981442674,0.2165504121092419,0.1857296077123369,0.2221327623456107,0.4475409387717997,0.8164245810253933,0.7570810725571557,0.3639511014184916,0.5730516836452851,0.9129918099203648,0.362619097924127,0.9052900864907264,0.6691865717723171,0.7144670743419393,0.9838418636621136,0.2022279040015615,0.7060719786219485,0.6538181011565578,0.6928905210975105,0.9066412248326448,0.3218367804526449,animal
img_0041,-0.7281478373036879,-0.7572703382143701,3,0.85160923,0.18742618,0.8988739,0.8455813,0.36937684,0.5497761,0.87842065,0.05192541,0.04621356,0.34349394,0.6364221572875977,0.2367773354053497,0.8624401478482977,65.43501281738281,0.3106477856636047,2.7301459312438965,5.72926267750111,0.0846416666666666,-2.3765302432476325,0.0964274555444717,0.5312192758552574,0.492932241051247,0.3392440945243727,0.3032156366725458,0.3187821598011119,0.5345191479370254,0.7815251076254481,0.7786145368117545,0.5889091827729664,0.656465495810022,0.9209645758153124,0.4580051400661106,0.9352801909330024,0.7410982431812412,0.8259498695157971,0.989886972305025,0.1544900147416464,0.7815458834571164,0.6934236502340377,0.7585618216051879,0.9313666061612412,0.3563340953829267,food
img_0043,0.15583289718036614,0.14395735232950876,9,0.12593599,0.27371654,0.94863313,0.011977428,0.4712703,0.59401184,0.8704812,0.65041614,0.08244982,0.34112236,0.4363477528095245,0.2096341848373413,0.7692599586669575,82.5504379272461,0.4417367875576019,2.2591824531555176,5.4347077027230934,0.01265,-2.669922941282581,0.039527554064989,0.474387105986634,0.4708897561729332,0.2582742861045619,0.1026200621281201,0.1719426693349546,0.4771192167084712,0.835381671883374,0.6941960726716223,0.297193950607443,0.4527039065478305,0.8897086365088182,0.5315112578918247,0.8311148448483048,0.307593901537457,0.5000180470907564,0.9688903520658222,0.3859759747087942,0.7261105939366677,0.4931891045252766,0.5951247735564212,0.9132059097530232,0.4462256109343048,landscape_nature
img_0044,-0.6078927884293458,-0.05004791137717857,3,0.53461725,0.6607391,0.9939063,0.1907614,0.6052437,0.33757448,0.29702088,0.15525624,0.030733587,0.6145802,0.4409451782703399,0.2831600606441498,0.8878091726838924,45.18255233764648,0.2847643196582794,3.36771821975708,5.406496853206281,0.0476583333333333,-2.966531613697312,0.0403784550726413,0.4969327298140321,0.5774984509738676,0.2069016929938196,0.091430294264155,0.2096074026248015,0.4407009100687876,0.8386727861227552,0.7828571693248685,0.3413797843963374,0.5944413872300546,0.9225354106519844,0.396638620389927,0.901548202666993,0.5018040173714793,0.7420825321201339,0.983087611729208,0.2039592483926629,0.8172440275272852,0.6371945734882338,0.6925544970405657,0.9430613796963562,0.3064308049192367,animal
img_0045,-0.1828898381586453,0.19941494383681188,4,0.75773245,0.8391672,0.9956689,0.038336106,0.5826886,0.6271778,0.121960394,0.3706951,0.0796302,0.8094888,0.3840240240097046,0.1959425956010818,0.975050666474412,39.01820755004883,0.4393313825130462,1.4707484245300293,5.306340937320437,0.0258916666666666,-2.6818670389973867,0.0771236941218376,0.4834685308173784,0.5282418555718283,0.2696519912514287,0.1369105315387224,0.2400072579937375,0.4851849328774271,0.7759674096294418,0.7009725635622488,0.6441884672193372,0.6890565849284546,0.8922176324985681,0.377434889357443,0.861453546106449,0.8120187019370902,0.8376775163542914,0.9750057274071564,0.0678412860445825,0.8203113515763312,0.6569471631220023,0.7418696218706967,0.9440662403423856,0.2681661225321869,animal
img_0048,0.06825677008647263,0.15943815586057053,12,0.44807673,0.6308106,0.964328,0.15256438,0.040359285,0.62689674,0.17412728,0.47499454,0.21812758,0.39591807,0.3530454933643341,0.2626519799232483,0.9940909207981372,11.021764755249023,0.1607465595006942,4.242408275604248,5.684535462201108,0.070625,-2.198688718304703,0.110376089811325,0.4604683738941309,0.5911009227012549,0.225855488891099,0.1311724124323838,0.2387782703906152,0.4541373575824476,0.7302760315176373,0.6187683704584672,0.6104246749298359,0.6283275668198537,0.8617815271208861,0.2564157855432364,0.8719075382836348,0.5946811097480307,0.6362087022463164,0.9771129397573124,0.0602526959208997,0.761653479807386,0.7090161190561524,0.7306931130171923,0.924849820434358,0.1080178961348705,face_person
img_0049,0.3364799536127452,0.19156724226297783,9,0.70137686,0.61826694,0.91667557,0.08255767,0.04163446,0.8565901,0.90204394,0.74656475,0.13770247,0.15930678,0.4477289021015167,0.2169696539640426,0.8670665068883842,46.7738151550293,0.3432351052761078,2.692953824996948,5.438082166256031,0.023875,-2.4765064098614027,0.038847729563713,0.4948740025676081,0.6086922649741715,0.2650626616635363,0.1893643952518667,0.2741582099890196,0.4819315325314071,0.669839727075521,0.8134377468779831,0.505130777735542,0.7187293570877037,0.9338578705627808,0.1680341830989702,0.8959527367221454,0.7416099990846743,0.7892554027212235,0.9819597330447766,0.096072605090989,0.760096877346379,0.5380474844553047,0.6623040589682717,0.9243398747848056,0.1264086166052806,vehicle
img_0051,-0.013612012712766157,0.06056654777654778,15,0.42991734,0.781108,0.92408365,0.36512235,0.77923816,0.45261154,0.36689228,0.40887544,0.03282938,0.28957608,0.2463756501674652,0.232344776391983,0.9911880179650776,22.44452667236328,0.3306566774845123,2.276211738586426,5.291354723916886,0.0327083333333333,-2.6656454894971437,0.0264554433524608,0.5498707689895356,0.5186903061346868,0.2513546558565661,0.0109378146737881,0.2216411583299868,0.4722138537328958,0.7949769492052027,0.6885602191856592,0.0347642133978973,0.6281438871672224,0.8876219615581207,0.3165513974244424,0.8198519490594081,0.0103053988265409,0.6609518823116032,0.9666200889259018,0.1507215665439147,0.8053175527742882,0.0222988435413468,0.584118152092506,0.939154246007994,0.2989975427927639,animal
img_0053,0.06024092627808686,1.4509046068812093,2,0.12425553,0.9731853,0.96621746,0.96039814,0.15607575,0.2939734,0.83306986,0.8001268,0.1572139,0.053814888,0.4039144515991211,0.303913801908493,0.8889943117823125,45.80438232421875,0.5177842974662781,1.9125896692276,5.239815318011635,0.0101083333333333,-3.704077902474957,0.0048030582256615,0.5365770075213032,0.5557599074756258,0.2443257894752446,0.229152187947593,0.2506796783231807,0.4672310526768439,0.7900341559597451,0.4860311474219505,0.3449475543501477,0.389688836029897,0.8126355656395795,0.6139879457241871,0.5458664910691198,0.4934977873411397,0.5394259828683735,0.9113928100974082,0.5282687314163902,0.549420359482495,0.3065933534213223,0.3636189955210693,0.8553218843609398,0.5556286171156719,face_person
img_0054,0.2988500968042142,-0.02967680276440729,12,0.45598438,0.9689798,0.95311886,0.4587602,0.7416203,0.19087361,0.44251698,0.3179352,0.05884729,0.94730985,0.1986391693353653,0.1736434698104858,0.9686057964217316,22.241086959838867,0.2705137729644775,2.8042898178100586,4.650610776183685,0.0122583333333333,-2.914297780330268,0.0217788126319646,0.4089076085827018,0.4757123957244352,0.2782217694345981,0.1995872032330655,0.269207929561462,0.4912600945698875,0.7816540512333615,0.4134289769183301,0.3117065864008841,0.3434645171293745,0.785754609466129,0.706249570203686,0.561232009035499,0.3091240062013586,0.3785338186352009,0.9144900392397796,0.4632645061293391,0.4333173517270556,0.2861623670944146,0.3428301089910864,0.8172863388777729,0.6823151130347231,face_person
img_0055,0.5919247805635227,0.6484717147508614,9,0.73813856,0.993005,0.96814895,0.5742185,0.30847618,0.5983649,0.2331541,0.092180066,0.044046346,0.26813477,0.3133685886859894,0.166603997349739,0.9806929001672384,33.30561065673828,0.3283793330192566,2.2597577571868896,5.152332175880562,0.009075,-2.9526285691004697,0.0206217970699071,0.4951996765860716,0.5431466401413081,0.3663798271300641,0.2410748440601823,0.2721944632743984,0.5537558142426607,0.7280508231608247,0.4062048549533557,0.2151578325070993,0.2679962354147169,0.7830798780554137,0.7446189520085723,0.5355506595071949,0.3315956260227146,0.4095755102990732,0.9093134467976292,0.5481536149366018,0.3889114231744252,0.2460769570707671,0.2647163077302388,0.8027388801354158,0.7701612127466382,face_person
img_0056,0.0630738513951576,0.5319370397669995,12,0.70835644,0.7585662,0.93397325,0.89712405,0.3896268,0.08865556,0.11361492,0.8931859,0.08045605,0.046596162,0.5065575242042542,0.2797811627388,0.8919169164330695,30.285554885864254,0.2353847026824951,3.2829535007476807,5.790730651803985,0.042175,-2.913644535075064,0.0249608214944601,0.4741392643126714,0.5470882654191501,0.2528060992405564,0.162951746695761,0.2274796618923878,0.4732427897282885,0.7512386901597808,0.4569396034624973,0.5164300419984178,0.5393781848949886,0.8018644204690218,0.5566409999114674,0.7418761479963727,0.6569994287233207,0.7260696230680108,0.9509024981502044,0.2392101626598142,0.5417510981242463,0.5931322188115004,0.610935900952909,0.8528094211194325,0.4401423277613153,face_person
img_0057,-0.1105300477714171,-0.32115516385367093,3,0.86710256,0.9793488,0.9239658,0.33308318,0.82742405,0.5896338,0.73805785,0.12456782,0.072790645,0.5748955,0.7031142115592957,0.2267798036336898,0.7174373600042893,56.4308967590332,0.25687375664711,2.124157428741455,4.826237247375232,0.0275583333333333,-2.531001337128607,0.0435525812208652,0.4307256517079725,0.5507123696325709,0.2717466412787318,0.1667222358608935,0.2367175123665558,0.4866698415101821,0.774693311593242,0.3930516032482596,0.2666080865510207,0.3018956263030614,0.7782098861506204,0.7105213865360754,0.6051884638975696,0.2670028555650933,0.3543938685352354,0.923350346669182,0.4198549275439383,0.459306807886756,0.2691689848010361,0.3226793868923747,0.8258005295172376,0.6580725594102257,face_person
img_0058,0.12366707092979524,0.00405311526112485,11,0.91412383,0.99380624,0.9633097,0.27816448,0.67411673,0.15831943,0.725436,0.40037104,0.046200708,0.16305774,0.7028317451477051,0.2690711319446563,0.8682202262920241,32.16314697265625,0.1598566621541977,1.9181748628616333,4.956822164700008,0.0253083333333333,-2.962131005936936,0.015643835067749,0.488534321310647,0.5234145864782149,0.3173247182873875,0.2222008076885531,0.2517631686251907,0.5189803846235147,0.7558622697745736,0.4334374516285001,0.2666080865510207,0.2892925177842116,0.7931627479288056,0.653420377537596,0.5993429215648098,0.2747320030496787,0.3392225998275725,0.9221720600598012,0.4271734234873119,0.3957399610623624,0.246035725763459,0.2722988281441229,0.80497592091878,0.7302393024767357,face_person
img_0059,0.08099055541507073,-0.26402831821572476,11,0.2827985,0.93953395,0.9725848,0.48648685,0.10338667,0.88020927,0.62989336,0.6001019,0.11928524,0.40688634,0.5090633630752563,0.2436834871768951,0.8118171647732613,75.7066650390625,0.3758043944835663,1.7035270929336548,5.7616625026987665,0.0261166666666666,-3.1405126665380036,0.0234764739871025,0.4942433436241538,0.5181606158847104,0.2862989268634641,0.0947075295596781,0.2050481953037226,0.4969860347689218,0.7424123561062568,0.4587415951158599,0.3307704502576549,0.3407892194709717,0.8025316079418339,0.6271010431464574,0.6182609480993372,0.3388431143932269,0.4224931033382765,0.9259853687440316,0.436484488005741,0.5523981240430997,0.4234603653031055,0.5399677195650106,0.85629740516417,0.4714727988123987,face_person
img_0060,0.5363846434691582,0.3792853962409034,14,0.47638693,0.99489284,0.95590335,0.5818369,0.15152809,0.80090195,0.33272994,0.50251436,0.07378407,0.9753298,0.4251401424407959,0.1804040372371673,0.947506878656128,57.131385803222656,0.3536482453346252,2.9221582412719727,5.540006380711501,0.036375,-2.6972603959596415,0.0759172514081001,0.480670706329936,0.578805354387486,0.3434801573883851,0.3332988319823762,0.3911576555313005,0.537522115608796,0.6931942948775096,0.42142861669437,0.4092658955513985,0.4406119497724309,0.7887164763735708,0.6113037022578909,0.5944551974293418,0.5477873435333286,0.61042091713798,0.921186840969539,0.4203390440524586,0.5020083349705518,0.4259521580618579,0.4704025458265367,0.8397896234002967,0.5586527471282822,face_person
img_0061,-0.11186280485188978,-0.2777572212764443,12,0.9031462,0.8298809,0.8412007,0.6858344,0.2774351,0.93466467,0.7787137,0.15210775,0.028263593,0.14049233,0.3340237736701965,0.3065968751907348,0.992092976292794,60.91255187988281,0.4231052994728088,3.0364274978637695,5.576933372664291,0.0572166666666666,-2.872533004850507,0.0396010838449001,0.4735789816747005,0.5393963668683605,0.3719168886217143,0.2226886414092694,0.3055049019305632,0.5576810668155844,0.6704793708521737,0.574079837872382,0.2925751848644629,0.4345687341088061,0.8452355963646906,0.4235347794699863,0.8815289716866666,0.3750207581885513,0.5355165495182631,0.979052333144015,0.1329570767653008,0.5721819022126995,0.459557266715465,0.516505870928792,0.8627786049965098,0.3977294600418021,face_person
img_0062,0.47228816353648234,0.3791712109094915,9,0.90772605,0.99018174,0.9137907,0.1239228,0.5586694,0.49907348,0.6611251,0.22587685,0.076931566,0.08188151,0.4884806275367737,0.281374841928482,0.9990741388949748,49.20338821411133,0.3606517612934112,2.479809284210205,5.671671531911322,0.0208833333333333,-3.0535907546686425,0.0245970021933317,0.473904232953186,0.4873514988717808,0.4229538764721741,0.3296864184914554,0.3653082227563319,0.5938614610872373,0.6410155268291298,0.4824449503431216,0.2508994353417735,0.3564483030878377,0.811307776045458,0.6032854395374208,0.5079879723348409,0.4148669453482563,0.4608023246103762,0.9037576329201492,0.5257200302954368,0.4810258333962718,0.294373580193683,0.3576113756468807,0.8329157197141818,0.609391017083732,face_person
img_0065,-0.24723947795789827,0.3052483177661457,5,0.11594546,0.9524294,0.86716175,0.76962334,0.73482853,0.81333226,0.12345578,0.078206494,0.040208265,0.7532274,0.3691206574440002,0.2308255732059478,0.8946386846503048,40.13484191894531,0.2887485325336456,2.800671339035034,5.52094048734792,0.0234416666666666,-2.76661695066946,0.0314411520957946,0.4943674425440767,0.5205018176952716,0.3403032930005207,0.2872735157496842,0.3620434903092778,0.5352700194146146,0.638647527543067,0.5427617048182664,0.4611824514645314,0.5107990130004849,0.833640056503799,0.480863074525407,0.7877280403552519,0.4991237480260483,0.6533202936225873,0.960144869123804,0.1841614675148484,0.5845790995049173,0.5181107632745502,0.5759331472086535,0.8668399482001691,0.4227499010214624,face_person
img_0068,-0.9850699865889312,-0.48836697238956817,2,0.37127194,0.9870554,0.9290743,0.57313764,0.21533751,0.5710034,0.003835552,0.77643067,0.76354057,0.03589904,0.435117244720459,0.141486570239067,0.6616400877481701,3.739119052886963,0.0299670621752738,2.8745100498199463,5.030774763692702,0.0069416666666666,-3.0768413144670914,0.0296209566295146,0.4875944333657684,0.5434083572986166,0.358189810203901,0.2530368940127814,0.3207875150686973,0.5479498673410077,0.6842710151983269,0.5294258313318212,0.3906718824877868,0.426379097484488,0.8287024488780608,0.5425094958630579,0.6757498393198021,0.3966679675264092,0.515631599190896,0.9375734108549602,0.3716253060529241,0.5687594649216346,0.3028751690335897,0.4271011752828847,0.8616574086402381,0.4945457846889889,face_person
img_0069,0.8180798331354139,-0.3599502902348848,2,0.8068187,0.98100054,0.79753613,0.6389493,0.73729306,0.7833129,0.18365653,0.088452816,0.10864636,0.8727957,0.6240055561065674,0.3591897487640381,0.89695445001011,27.319604873657227,0.1600603908300399,3.2889561653137207,5.007865618925885,0.0275083333333333,-2.725023756429902,0.0265127830207347,0.502010553915561,0.5043993614682548,0.3461975624317234,0.2710302640238687,0.3428674056821941,0.5394484986107048,0.6907837052344878,0.4445406418867202,0.3514167007452781,0.3594757948024066,0.7972737045110444,0.6603150233107865,0.5443179447495932,0.4544628099613824,0.5023912474506073,0.9110806694458764,0.4910285977748553,0.5257529652671571,0.3729950955093815,0.4037041975609935,0.8475684052173009,0.5560232911574874,face_person
img_0070,-1.3222120758010403,-0.5328289122876118,2,0.107204854,0.9006843,0.8799101,0.8457562,0.28075072,0.86877966,0.80522656,0.35892686,0.047801938,0.06517111,0.3397909700870514,0.2502551674842834,0.832682338412898,41.343475341796875,0.4109231233596802,2.630432605743408,4.91288389546836,0.024925,-3.3024131208930685,0.0411541350185871,0.5873188914573165,0.5296119621279561,0.3084350751653617,0.1955040629398863,0.2369215171958981,0.5126784689612586,0.715360076759118,0.4079166614826448,0.2686244979689243,0.3510022745841943,0.7837136744828768,0.676766361888091,0.5578371783571257,0.4587526361610808,0.5000797557259006,0.9138057428474624,0.4805192229746319,0.4507352965227866,0.3746979507557307,0.4141946152807662,0.8229924876185257,0.6445549281412106,face_person
img_0072,-0.45703209516629056,0.20487339222587367,2,0.47309804,0.7940193,0.9405038,0.15656602,0.06319584,0.99285406,0.77904356,0.3096015,0.04054311,0.52822685,0.5678859353065491,0.2822901904582977,0.9360191832731266,51.143062591552734,0.1996077597141266,3.111090660095215,5.71654097222889,0.0859916666666666,-2.2622451283150236,0.0551762655377388,0.536132972894645,0.4802361086268251,0.3535443255079444,0.2990497758064299,0.3359827994206991,0.5446566583378605,0.7064752924808064,0.7683234512109278,0.7554331894245723,0.7639928310058148,0.9171543010109348,0.3158412274779661,0.9323468719054224,0.556342782937034,0.728529428897209,0.989295702866795,0.1787285070244328,0.8425091842310006,0.5879877796968594,0.6598575687226707,0.951338288585467,0.3700285520736772,vehicle
img_0073,0.8313987457612773,0.9982927884819308,2,0.07717764,0.2169591,0.41949743,0.35172498,0.91061735,0.6026692,0.9994429,0.12580293,0.10543483,0.37115797,0.4266557097434997,0.29091876745224,0.9895683099012484,110.4123992919922,0.7056736946105957,4.105702877044678,5.906401550469214,0.1074083333333333,-2.836360294577704,0.0620704479515552,0.4896432862253926,0.4748133196191006,0.2485706355222738,0.0779363347183874,0.1961813278797553,0.4702402467941374,0.7587882701481048,0.7491548065053738,0.3204755827209072,0.5841300162730889,0.9100571096369008,0.2496213211032381,0.9076844973211472,0.453900673740667,0.7234256801153667,0.9843245053159136,0.1445494638849729,0.8273473751745906,0.5562181697525965,0.658595677385956,0.9463712538021228,0.1368334085007777,landscape_nature
img_0075,0.47997359218840485,0.7529653895637517,2,0.6016279,0.6944897,0.8529154,0.15856484,0.8794373,0.20597354,0.64609486,0.46415055,0.031253766,0.19703372,0.2959380447864532,0.1872982382774353,0.9946083623189256,81.10502624511719,0.7174924612045288,2.6533894538879395,5.18357482314452,0.0220083333333333,-2.3689560058779966,0.0779953524470329,0.4657304550540121,0.4775121939489418,0.2825534499967045,0.2888439641945118,0.3263508106482658,0.4943308461403969,0.7146450868089923,0.4998062985336653,0.46239440773709,0.5394195482122797,0.8177358158214693,0.4411385240332047,0.8541398199236744,0.6825821780546399,0.6905937606966388,0.9735314988180404,0.3440320339548477,0.6013526161937386,0.5691920448633176,0.640514159709657,0.8723349811822102,0.2683286347003529,cartoon_art
img_0077,-0.5553119865805659,-0.5812788155512787,2,0.12330827,0.9261008,0.9985886,0.6947571,0.43494266,0.64949745,0.9461745,0.51050794,0.116900004,0.3003951,0.3820529282093048,0.1266854107379913,0.8624425562834966,11.961326599121094,0.0651284679770469,3.839317321777344,4.2392247865722945,0.0212,-2.4167051951955867,0.0616917610168457,0.4489002608504405,0.5519577397660015,0.3172782326411374,0.2437839460564566,0.3238335492936799,0.518947430699701,0.7365063991119467,0.6726535046147564,0.6414118722206044,0.6907205560719313,0.881732499930762,0.4029832444371011,0.914596568513016,0.5464158768361582,0.7047576791002947,0.9857177722644432,0.2119490069975572,0.782832116609545,0.7632025716676196,0.7776043148227735,0.931787978359231,0.3229415259565414,object
img_0081,0.036284049071260316,-0.3155101293263029,2,0.66240543,0.94505876,0.9249171,0.31406245,0.8733769,0.17188251,0.79733497,0.4739587,0.10658846,0.53613406,0.5594121813774109,0.2202394157648086,0.8419734675393364,60.66243743896485,0.4884219765663147,2.506521463394165,5.779262641812908,0.0330333333333333,-2.964205439929821,0.0438518933951854,0.4926999209607005,0.4723583913499821,0.186886519599907,0.0490631550096523,0.1488867587112449,0.4265120463582361,0.8846070276619178,0.7357151980453396,0.324181292326566,0.6149339818422485,0.905081094133556,0.447418464654822,0.8217249422728677,0.2469274185757605,0.5960839785374598,0.9669976283734416,0.2810258299569719,0.7398453416687214,0.6144389307102617,0.6859197252375469,0.9177054367864892,0.3492568433822305,animal
img_0083,-0.617456915644291,-0.4226674564453454,2,0.8458641,0.93261075,0.96304786,0.16028167,0.8507849,0.6195985,0.72631305,0.46283576,0.03751534,0.66701347,0.162031278014183,0.1946208924055099,0.9999999879462922,34.225555419921875,0.3793287873268127,1.887482762336731,4.684633568054689,0.0261083333333333,-2.6075582603585397,0.0312796011567115,0.5220999956650693,0.4777900138174012,0.3340894385414291,0.2183345927496945,0.2409376033345073,0.5308649846791139,0.7225372195184872,0.4473011325195077,0.3860220789154478,0.4297862274968888,0.798295776264581,0.6109598952869246,0.5895725928635032,0.5363278208919703,0.5858447320651073,0.9202026538314888,0.3918105946998308,0.5013140543530104,0.3551393414563848,0.4527724473735317,0.8395621758731647,0.5326482841643022,face_person
img_0092,-0.24101249156656548,-0.17769747328344002,4,0.29692176,0.99552613,0.91537535,0.7729946,0.8198055,0.33344382,0.5251201,0.22147167,0.10344538,0.026681058,0.5915713906288147,0.1711584627628326,0.6505030310882686,43.57976531982422,0.4407610297203064,1.266709327697754,5.385185411904195,0.0036333333333333,-2.958635833882135,0.0172223690897226,0.4663727988636457,0.4940870666974288,0.2299372045534032,0.2515529143456337,0.2625378413927108,0.4570309076955468,0.7253089869811983,0.8132108038676191,0.793101571424752,0.8238896716663717,0.9337738449052402,0.1545649458160289,0.8765133668310781,0.8031082502986278,0.81473440840966,0.9780413371229674,0.143207407282394,0.6247530352841871,0.355208366554291,0.4695237777060105,0.8800009988147139,0.4295430480863361,face_person
img_0097,-0.06503447714456767,-0.3970936824362991,4,0.64745826,0.8866129,0.7335234,0.10561649,0.78428453,0.733838,0.26272175,0.779783,0.05459233,0.8653801,0.4167241752147674,0.1988749951124191,0.8077466883724077,31.030029296875,0.3920138478279114,1.4635010957717896,5.374872213405578,0.015875,-2.5099156186743,0.0346477925777435,0.5238327443659947,0.4945102491138086,0.2405101401512085,0.1713500184312192,0.1785315259164722,0.464526118417195,0.8426302107262726,0.8171787621009374,0.7136356877247905,0.8036903301661222,0.935242981580191,0.2470767508717684,1.01408877572966,0.745167249745556,0.8429206170419906,1.0057724273892807,0.0497686196635792,0.8045304944981195,0.3913663236621788,0.6962006759370916,0.938896404359962,0.2506501236853124,animal
img_0098,1.2368286525278982,0.7405766572164878,4,0.38325214,0.38497448,0.86015266,0.20976862,0.9008325,0.16551721,0.17490351,0.8300624,0.7228516,0.6069668,0.473290354013443,0.1962831616401672,0.9641632600762658,17.08116340637207,0.150677353143692,2.9731531143188477,5.43676932164039,0.0349166666666666,-2.5053086427660003,0.0442232675850391,0.5071554821099494,0.5449269112970755,0.2673765549382569,0.2543047066652887,0.2663981005731755,0.4835718638775128,0.7933475114814207,0.8232086041420408,0.7697617408646945,0.8241982119231139,0.9374755308072372,0.2583175603762781,0.971218091983034,0.6908139081578374,0.8010691345771568,0.9971309789627478,0.1171166505731235,0.7722832921251706,0.688619337554144,0.7235624757325935,0.928332165273712,0.3226321496157037,animal
img_0099,-0.31835105183124207,-0.43456100437036865,5,0.21624675,0.7412272,0.9541399,0.7003095,0.67277944,0.3705888,0.70644367,0.51749754,0.09689072,0.6428351,0.3267423808574676,0.1311211287975311,0.9336164939196692,91.25837707519533,0.9716361165046692,1.337274432182312,4.858021914735565,0.001775,-2.9996076205709414,0.0193781051784753,0.5227575895910204,0.3819919186402256,0.2620538073173881,0.1552394470295461,0.1931708072330418,0.4797985395564182,0.8079160906908569,0.7428162145840097,0.5311768923098097,0.6733718520875873,0.9077102457558672,0.3160291211177407,0.9858165799168552,0.7313880210921584,0.7896479245048738,1.0000735977772988,0.0974872012545882,0.7865686993479548,0.5359277178056492,0.6291492558941496,0.933012089305588,0.258919389849477,animal
img_0100,-0.28846389125332705,-0.0441035361461701,4,0.4721092,0.37096968,0.9649061,0.12964249,0.8866583,0.49029568,0.9992767,0.24427532,0.044388447,0.5204516,0.3037657439708709,0.1987624019384384,0.9505180434988506,84.33944702148438,0.6603438258171082,3.9842448234558105,5.525267085356877,0.0871416666666666,-2.203755632851095,0.1226418390870094,0.4797284175231858,0.5357789982377341,0.2781749658044006,0.2124813659568927,0.2527854655217226,0.4912269152255487,0.7991260607953335,0.8747438283481964,0.8413822050294812,0.883884070536074,0.9565564493757192,0.1316123614505509,0.9755948299682936,0.8352255123600133,0.8699041599070053,0.998013198518648,0.0738726763718603,0.8053815912234785,0.7226035309613008,0.7373354714004752,0.9391752251143404,0.206026073558857,animal
img_0101,-0.5896792427451434,-0.2809450638765115,2,0.6486316,0.89468026,0.9923773,0.79425627,0.62627333,0.7038585,0.42323127,0.34218156,0.009421183,0.11925037,0.9249919652938844,0.199970543384552,0.7168206619576329,25.288347244262695,0.0778843834996223,1.6702216863632202,1.7508444556387055,0.057275,-2.828877416487152,0.0426355972886085,0.4897871731843719,0.4825294081426774,0.2489454674837714,0.2377396855812176,0.2698727151656794,0.470505967180935,0.7942998350476455,0.8771576718023445,0.8543615747105213,0.8737024744881566,0.9574501749992156,0.1268714678662781,0.9963613890649006,0.8919130351023304,0.9030042403810384,1.0021991161142354,-0.021772536618269,0.8626582559255832,0.6632471318677368,0.7757098083791143,0.957939159206297,0.1169825881126289,animal
img_0102,-0.8470017292110813,-0.7454286180779924,3,0.5877791,0.91190344,0.54491687,0.17161065,0.90058124,0.3660283,0.7372738,0.71875286,0.05362998,0.3029015,0.5900987386703491,0.2758307754993438,0.9822695932577892,30.9508113861084,0.2389546781778335,3.1713547706604004,5.830605592223042,0.2600416666666666,-1.9502921260801456,0.1729066967964172,0.4997790648142113,0.4669359104605756,0.231916401004285,0.1671948681334716,0.2070755711191211,0.4584339706690865,0.8251648600350122,0.8332402381147024,0.5556676570691844,0.7496363787659726,0.9411897436371932,0.2551956401737735,0.874700137185887,0.4526468683933351,0.7173505878476076,0.9776758442244404,0.2106083435713797,0.822678489010422,0.5974971406229603,0.6429876122868255,0.9448417186463492,0.2790070060636517,animal
img_0103,-0.6564564015996658,-0.6810417813368033,4,0.5769285,0.7424856,0.9797147,0.4887433,0.83305055,0.8371832,0.25839907,0.23843828,0.009288263,0.7976292,0.5174949169158936,0.1841096729040146,0.5913691741061049,42.83518981933594,0.4302776753902435,1.7612569332122805,5.188745836806469,0.0047333333333333,-2.9012142316473275,0.0205957610160112,0.4874020638609525,0.4339905282087424,0.2736037702754568,0.1505218142458002,0.1812087711506506,0.4879863702111253,0.8001794741552103,0.8804860884018024,0.5628286521226329,0.8020674625438302,0.9586825213618152,0.1678894803197905,0.9717890689514416,0.4905851665747563,0.7587414813039735,0.9972460708529168,0.1141853863487523,0.8171176593077071,0.5847835047313815,0.6919277018018899,0.9430199812497844,0.2305621399077282,animal
img_0104,-0.24937421307552604,-0.13932993822965134,4,0.7182715,0.67512864,0.9840426,0.104682356,0.7827001,0.75770265,0.7663353,0.14670622,0.041961253,0.5234865,0.517095685005188,0.2254334092140197,0.8753968576695648,41.193580627441406,0.2569211423397064,4.224090099334717,5.79479846526049,0.0395333333333333,-2.66250693122369,0.0566561445593833,0.5719438309352506,0.5612466591506948,0.2067658427979517,0.2142402442032763,0.2333883609512781,0.4406046051367102,0.8424002413877578,0.8158871389982069,0.7032585067226463,0.7824426043331605,0.9347647580811376,0.2113252068223551,0.959864579622991,0.8544935449836124,0.8749188171923945,0.9948424502306388,0.0510837800604556,0.8068545956776592,0.698929564039833,0.7414334100117074,0.9396577839127472,0.2167644804383534,animal
img_0105,-0.011314635889780808,-0.08387025955702436,4,0.48368174,0.9282893,0.8920817,0.3649561,0.86030793,0.14271893,0.99971765,0.3255737,0.083056584,0.5174066,0.3501861095428467,0.1458231657743454,0.948079405308972,75.47874450683594,0.7606602907180786,2.772069215774536,5.003057587271005,0.0342083333333333,-2.6126439593095405,0.086868904531002,0.4967397052339459,0.6324511357387556,0.2114427318367513,0.2124813659568927,0.2201911661682883,0.4439200768468419,0.8509646752447911,0.8184067217628802,0.7616183660031707,0.7992359926880265,0.9356976336880614,0.1963915515132271,0.9160643794559832,0.8055497752120515,0.8651158590862555,0.986013639077264,0.0885756640715054,0.7826168326558547,0.6759089794486401,0.7383611378371416,0.9317174509648882,0.2573654559578675,animal
img_0106,-0.011986004325290692,-0.36191230842853067,4,0.51228327,0.8193313,0.9899131,0.9444644,0.7448282,0.9039937,0.32937065,0.6732475,0.03134016,0.31664526,0.0658659934997558,0.1497248262166977,0.9999999859860916,18.660221099853516,0.1537276655435562,1.3074936866760254,2.091931368149067,0.0302,-2.4803125213745276,0.094572015106678,0.5044250935973684,0.4056905691927019,0.2779715793653532,0.2174378357230063,0.2488883892346551,0.4910827334886524,0.8046500786770241,0.7155060553548822,0.6743877656177221,0.7177027821891256,0.8975986583441452,0.3137792540428163,0.9411135061254094,0.8360610631630079,0.8529451929199563,0.9910627942883836,0.0359517267791887,0.7714514807669934,0.7044902164974034,0.7476722283441922,0.9280596624388672,0.2584365963993394,animal
img_0107,-0.19293496897419515,0.03770194113984371,4,0.6968806,0.86404026,0.7891642,0.3208317,0.7473247,0.6242958,0.98932064,0.37554005,0.03513521,0.7215344,0.6948317885398865,0.2247661501169204,0.7111509818459725,113.15453338623048,0.5093057155609131,2.652926445007324,5.381153615762291,0.0113333333333333,-2.7084903581582775,0.0141290510073304,0.5154532014277491,0.5283139169841442,0.2467764256192177,0.1976636270971006,0.2357636923936961,0.4689683217759745,0.80226116696486,0.807861922453608,0.8607976659316244,0.8623035788694313,0.9317934213742404,0.2045479183475518,0.9494259633764464,0.7575714421946682,0.8301251120738339,0.9927383372085092,0.0771264819106757,0.7829455879833325,0.6759089794486401,0.7271966327152757,0.93182515177689,0.2658314147560947,animal
img_0110,1.2948288888521402,2.0428326815472357,2,0.6807443,0.93225235,0.8494126,0.21129918,0.47665054,0.18665007,0.19612819,0.41974875,0.069645725,0.019597933,0.5019304752349854,0.2565761208534241,0.9317701770696822,30.73188591003418,0.2733925879001617,2.164700508117676,5.881760184042138,0.042725,-3.3806238669208866,0.0220565069466829,0.500049921724184,0.5034600125772193,0.2771710057363405,0.2490825359821581,0.279249554058757,0.4905152025515597,0.7521908539351665,0.4707537614014834,0.4698219601157639,0.4861052759736607,0.8069791129300756,0.5699036710209472,0.5806695423110334,0.5504305878057725,0.5827823744273132,0.9184080649547944,0.396766130183165,0.5608843267112691,0.5661256707510076,0.6100119797413301,0.8590774997870796,0.4094073104352838,face_person
img_0111,0.04140688055454045,-0.535407994167799,4,0.29645768,0.8521596,0.85721016,0.24658434,0.15438174,0.9233739,0.1438444,0.11759409,0.06671072,0.29904923,0.8413919806480408,0.3013701736927032,0.8733607934343147,9.370847702026367,0.0465064086019992,3.999297618865967,2.600741816844525,0.1124916666666666,-2.599678763058779,0.0762767195701599,0.4974772386454589,0.6061106588248796,0.3104366638962911,0.2616263233719367,0.3006832720324545,0.5140974059421579,0.7828471819836403,0.8206154348196691,0.6922776609521575,0.7445132440513973,0.9365154097747465,0.1969148451907559,0.98526344188855,0.8559462671248981,0.8861646990772003,0.9999621016842436,-0.0011827956596588,0.8142046718412772,0.6632471318677368,0.7357893322019212,0.9420656815342708,0.2074977939939582,vehicle
img_0112,-0.21363731042934495,-0.3622174635736157,7,0.32833293,0.1690988,0.9802224,0.19733295,0.07849959,0.8750948,0.73351747,0.20251217,0.24493963,0.5055301,0.4233248233795166,0.2056281715631485,0.7625623802781479,34.63685989379883,0.2799513339996338,2.402822971343994,5.534435558506688,0.1249083333333333,-1.6821699925019802,0.2217876017093658,0.5241434711511859,0.4878343045422353,0.3871283124890511,0.2709743997054178,0.3355693289394058,0.5684645267361822,0.7217187922968129,0.6425901396877542,0.4823330583689766,0.5085642907534218,0.8706015380129102,0.6123506760757003,0.933048852737762,0.4876080914204396,0.6482642393282075,0.9894372012201904,0.2639386104345772,0.7993727984528312,0.7517871630184745,0.7854980222460733,0.937206734244506,0.2480991577417002,landmark_place
img_0113,-0.14504280676827905,-0.18721192004404782,7,0.3847279,0.118494615,0.94740885,0.1067064,0.09907112,0.55178887,0.3839011,0.8843548,0.31256545,0.3631699,0.5050411224365234,0.1966484785079956,0.9057978515170224,37.05366516113281,0.3020158112049103,1.5027189254760742,5.55290586849479,0.0326833333333333,-2.1855303964476316,0.0678672417998313,0.4983262473898048,0.6885982353199198,0.2442561898485021,0.2191024707207207,0.2555681181012031,0.4671817131283565,0.8250388153108082,0.574428412836941,0.5064970125550978,0.5488804969997676,0.8453646562575351,0.522386474335371,0.845863193259123,0.4535557520191542,0.611568814365899,0.971863178273164,0.4111600803952083,0.7385136283796129,0.6105114999552965,0.646026873946195,0.9172691652173226,0.454753840915367,landmark_place
img_0114,0.8357589508677321,0.5844490568253063,4,0.8744672,0.8760459,0.8587658,0.44435376,0.4137052,0.6369069,0.29522038,0.8240215,0.05100042,0.1528252,0.1694250255823135,0.2207220941781997,0.9999999892231818,66.75800323486328,0.5332569479942322,2.1744494438171387,4.650001568899519,0.0891833333333333,-2.310304773364899,0.1342543810606002,0.4652740689716782,0.594956289232266,0.2820684680430682,0.325631402192106,0.3495913394352178,0.4939870398337114,0.7125253862127502,0.5870635872880223,0.4522920281036173,0.5665228372994144,0.8500428300408724,0.3629346265158877,0.7085110027619119,0.5637550393006097,0.6314048542101789,0.944177082164506,0.2457787372167818,0.747143428810867,0.4801399877259601,0.5933876220572836,0.920096302714958,0.1497705002646825,face_person
img_0116,0.07458609239508439,-0.3245443497591342,3,0.49130765,0.9876715,0.86112404,0.54206795,0.90222955,0.16460404,0.6911942,0.05117017,0.038210645,0.031043673,0.4774662852287292,0.3207444250583648,0.9954066418755342,19.383344650268555,0.2376492023468017,1.9423071146011353,4.732428829108313,0.024825,-3.2825046267146982,0.0131404073908925,0.5070827701685618,0.506840778237631,0.3275208870157555,0.0958655930527484,0.2447602610240301,0.5262085032917548,0.7181979038249062,0.5336623590606797,0.0701269252278599,0.2686485192384082,0.8302710234181482,0.5507258634007823,0.5653280806718577,0.1301066700527956,0.3540357615294237,0.915315684848937,0.4375295435404096,0.4929818900928386,0.126224716769375,0.2968599985660983,0.836832544498252,0.5907148191559775,face_person
img_0120,-0.4478074898844185,-0.5043601941958573,4,0.7014472,0.5167036,0.9250278,0.9077856,0.5384192,0.528801,0.80810153,0.45124194,0.17829041,0.28254285,0.6111858487129211,0.3669278919696808,0.9466052607814543,34.46527862548828,0.1652098000049591,3.04626202583313,4.76000115884065,0.0558,-2.9084188552352934,0.0332767143845558,0.4425696919304688,0.5336273260403103,0.3053713824835685,0.3078625515737881,0.3281524730317023,0.5105066007961696,0.7104703514341801,0.4653467799837808,0.3758785760947198,0.4119132689413086,0.8049771778706731,0.5935936535606109,0.681176581940077,0.6496557356774033,0.6648541036526887,0.9386672799603454,0.3189329639662155,0.4718153521355699,0.3514280919054231,0.3985322761613146,0.8298983501758215,0.6000328152412212,face_person
img_0122,0.9362850821938508,1.858348374317587,4,0.8680357,0.9866834,0.98502016,0.7022661,0.3195177,0.6617615,0.3305273,0.6797627,0.4256677,0.12115001,0.4452443420886993,0.4063936173915863,0.9981572527429056,44.59255599975586,0.4021874666213989,2.488269805908203,4.6356063215586545,0.0528333333333333,-2.4725237922264003,0.0317861475050449,0.5259567141846003,0.5142530210464029,0.2805528366571311,0.2912661732279908,0.3261440873939347,0.4929126006196583,0.7449738613292534,0.4350207992741661,0.3359924536876263,0.3623754163762925,0.7937489824501048,0.6780410366098372,0.5638551965562779,0.4085758608887093,0.4926652125805796,0.9150187954361564,0.459719409481302,0.4095011189161701,0.3015163207663137,0.3387569428050107,0.8094840999536598,0.7015014682009425,face_person
img_0123,-0.18121258336532314,-0.016213674183053757,4,0.5298564,0.42695704,0.9646621,0.061247345,0.03487434,0.43266863,0.7002118,0.37338212,0.06345549,0.38032866,0.4809984564781189,0.2817897200584411,0.9299734347398751,59.37676239013672,0.3357821106910705,3.1511483192443848,5.61286307865119,0.021925,-2.66741490709324,0.0299051478505134,0.5799382736793982,0.5157581045824261,0.2096847215663073,0.0232551317112611,0.1516931995054923,0.4426738139422867,0.8746850123575169,0.7580568744986267,0.0845064822237861,0.3738692825409849,0.913353100623393,0.3998199119785685,0.9272088782024492,0.0793079617002284,0.4326422458682794,0.9882600369123518,0.3370778655741561,0.8034213033194246,0.5300138824431206,0.670630378528586,0.9385330314177586,0.2865452097411202,landmark_place
img_0126,0.5207493978636208,0.32322529335779404,4,0.83737755,0.99141896,0.9766936,0.33925018,0.40491638,0.5750027,0.17091383,0.22286065,0.060018707,0.40509704,0.2877133190631866,0.2275191396474838,0.9917639780188384,52.62718963623047,0.2801783978939056,2.2737996578216553,5.446645804701458,0.019025,-2.8769081189883083,0.0194224379956722,0.5156352477110571,0.5184397645880033,0.3611502663548289,0.1973189613900295,0.249140446900849,0.5500485505759655,0.7407666375698083,0.416945841443251,0.1635673561762524,0.1941678157186208,0.7870567286797361,0.7062066142559207,0.5036950853781282,0.3040509092165631,0.3454408859034653,0.9028923152252738,0.5578864664868428,0.4059050892179672,0.250900369887389,0.2665961287181333,0.8083060344255646,0.7316573915837804,face_person
img_0127,0.8791559789784372,1.2007134531988104,3,0.76867723,0.14032081,0.57676876,0.025957933,0.15450104,0.2568378,0.7007812,0.5043043,0.07003268,0.25713208,0.677518367767334,0.2978190183639526,0.928270167183057,24.875333786010746,0.1441937386989593,2.670778274536133,4.94442714407702,0.0732583333333333,-2.860994466090799,0.0470810383558273,0.4926594521537978,0.6476808529973361,0.2861169939324106,0.2886692016798424,0.3194402851995059,0.4968570615388441,0.7048258872742373,0.6306089961864106,0.505130777735542,0.6441806368920799,0.8661655192116345,0.3648317129871397,0.9817257092803576,0.8072290514378889,0.8426755096316036,0.999249000534254,0.0671982443220908,0.7483111877211165,0.6504006424304727,0.7055101488998532,0.9204788625469796,0.3127894429920244,scene_with_people
img_0128,-1.0768645280121476,-0.6506921291032348,2,0.32553017,0.4901298,0.92837983,0.03434812,0.04205882,0.57553494,0.72984225,0.41069117,0.046888,0.6687227,0.409117728471756,0.2434916943311691,0.9999999892347377,90.14253997802734,0.5150772333145142,1.72279691696167,5.6661758997636085,0.0525833333333333,-2.515376114005352,0.0583551228046417,0.5200483155632576,0.5132053498063445,0.2314208965493416,0.0579416438990921,0.1527272151821931,0.4580827049048186,0.8527048281384428,0.7598424880175352,0.249872329317293,0.4309186788962945,0.9140142240913494,0.4276182947275241,0.9817985732076696,0.0891403381744169,0.4232170532823875,0.9992636877240768,0.3474026553203428,0.7730675258595989,0.5926583350857549,0.6805773366983724,0.9285890815970008,0.3839612983925945,landmark_place
img_0134,0.004156404019035997,-0.18100029310713767,4,0.6268445,0.982702,0.9522247,0.7688627,0.46320283,0.41993457,0.30888483,0.37923914,0.06171409,0.0558693,0.2629360556602478,0.2504011690616607,0.9837427730642688,41.06278991699219,0.3356775641441345,2.2847299575805664,5.2985853900147895,0.0136166666666666,-2.957660678607604,0.0157892704010009,0.5280053849261517,0.4914826726695771,0.3437123033499528,0.3083693138196174,0.346323618314464,0.5376866851253729,0.7168536023408152,0.4069725579641496,0.2277232128202604,0.2685706670894495,0.7833641201220658,0.7284434837584584,0.4857510419760763,0.475082265052535,0.4946573596467606,0.8992753324279209,0.5727306506906835,0.4172734950076945,0.2443096429718975,0.2591144127670446,0.8120303437595406,0.7440538673005364,face_person
img_0138,0.2886075587404442,0.04517029425397516,5,0.53144735,0.9840352,0.9792454,0.2637312,0.79199994,0.73104584,0.69288516,0.67618906,0.034529008,0.030544493,0.4477654099464416,0.1706915944814682,0.93272412246322,30.553302764892575,0.269957035779953,1.5428342819213867,5.325178361856983,0.047775,-2.677976473593549,0.0977908000349998,0.5858384974472242,0.5329106160735467,0.1902352412136934,0.220650971000193,0.2309432608559482,0.4288859730611167,0.8528993030826044,0.7727908163297549,0.7191493201790886,0.736827297649348,0.9188083431027484,0.3445190507612999,0.9953757264005676,0.820464685030498,0.8652669225542698,1.00200043598284,0.0356167328215361,0.7805593673960098,0.6144389307102617,0.6821555917975082,0.9310434217990314,0.3366601904704036,animal
img_0139,-0.3177445635705767,-0.25889000652161415,5,0.8669645,0.9340754,0.98364925,0.26328442,0.9020579,0.24786152,0.2543787,0.32844064,0.05710158,0.49455807,0.6147149205207825,0.230130061507225,0.8246721584414587,33.39765930175781,0.1774536073207855,2.518401622772217,5.535958413858803,0.0270916666666666,-2.8790168216690777,0.03805373609066,0.5083799624925729,0.5192622016485278,0.2372472399661375,0.1713500184312192,0.1927424208497313,0.462213030985178,0.8378146173245318,0.7060795862741702,0.4701552271534313,0.5802971079816029,0.8941085078366423,0.4813340106249406,0.9111556568852852,0.6458423510999989,0.7248392449375298,0.9850241873301088,0.1077154800425585,0.8315232092157364,0.3913663236621788,0.6900467552706919,0.9477392642324528,0.2807431452698,animal
img_0140,-0.6373945331372115,-0.6128266941994674,3,0.39835203,0.7863436,0.7962671,0.0635476,0.8476257,0.7616532,0.9997422,0.14193033,0.005260672,0.24288507,0.4556450843811035,0.1499043405055999,0.6961914089850951,67.256103515625,0.5460630059242249,3.5775325298309326,5.287985936068001,0.059625,-1.8365338710901675,0.3077146112918854,0.4801983531609791,0.4800935730140673,0.2577673403062974,0.153323940817689,0.2221216851378634,0.476759840114592,0.8149607567305838,0.9038908408166386,0.0808779845351889,0.7533719657836244,0.9673481317636736,0.1694904442073919,0.9569853428702244,0.2126470877693269,0.7323486440228666,0.9942620821624768,0.1292439785154234,0.8372771361727885,0.5104951383563683,0.7236755662962538,0.9496242606224066,0.2211807512616889,animal
img_0141,-0.561800703566898,-0.40185323706042825,4,0.6243056,0.69705176,0.8920254,0.3361761,0.76278114,0.49575195,0.1414124,0.41495627,0.1000758,0.602534,0.4889035820960998,0.3250262141227722,0.9999999894988272,49.90917205810547,0.292826235294342,2.6897313594818115,5.500246091536292,0.0495083333333333,-3.395458869750773,0.0157294981181621,0.5355873847942872,0.4680703367699613,0.2065417679531441,0.1988379339192225,0.2137870670006454,0.4404457572780699,0.8393931286777684,0.82451176385994,0.771561995205615,0.8219262999793898,0.9379580257384612,0.2477138710427634,0.891628364166065,0.4405334009405096,0.7334366555798899,0.981088068794182,0.2234308301540663,0.8217676632493076,0.709268640770354,0.7480632988172985,0.9445433305568944,0.2657881266131522,animal
img_0142,-0.27978214273744983,-0.5953951389723605,4,0.62374806,0.49343386,0.9881121,0.036645234,0.7733201,0.5144808,0.78201544,0.17405215,0.08354947,0.19807386,0.6528903245925903,0.141061931848526,0.598518924325538,64.65086364746094,0.4208413660526275,0.7330862283706665,4.570778883391871,0.0224583333333333,-2.6685062966079176,0.0629904717206955,0.5445152850355404,0.5151654352503937,0.2306872554973428,0.1984482688774672,0.2130984985096224,0.4575626228303641,0.8084138850648322,0.857294474998596,0.7346461542898233,0.8120668311711634,0.9500958256864828,0.1970609168306158,0.9374497591769622,0.6870090868480327,0.7082686145204697,0.9903242924140028,0.1182993725195359,0.7780690433265943,0.7179675193955632,0.7341968672164036,0.9302275873409818,0.3305744459390568,animal
img_0143,-0.9521068770893306,-0.5147069116669029,3,0.6147532,0.44404107,0.9210526,0.7851764,0.6904303,0.62639874,0.95161015,0.4100944,0.16555224,0.356437,0.2270538806915283,0.1707685738801956,0.8453874095491438,88.17914581298828,0.8969302177429199,1.2664320468902588,4.717314401802787,0.0187416666666666,-3.043138597680925,0.0278610214591026,0.5058796643787421,0.4687948843638151,0.246537770307587,0.2088971207393395,0.2178080833770651,0.4687991377462446,0.7520409305187631,0.8541111567787052,0.7173196106239064,0.8306306397473768,0.9489172020040028,0.1705326770809027,0.9520952953526272,0.7209054671733759,0.81052847838848,0.993276394747824,0.0761259455046319,0.7947579967417215,0.6639604552777459,0.7026970804280864,0.9356949172487878,0.3363468064834837,object
img_0144,-0.3309660814487962,-0.2864923415560559,4,0.43926713,0.90779227,0.9115715,0.14599375,0.8744056,0.22149535,0.4530241,0.18204264,0.014707121,0.0878827,0.4005782902240753,0.2040269523859024,0.7756749373040662,27.87529945373535,0.3032984137535095,2.538624048233032,5.185924075545563,0.0204583333333333,-2.710282295884088,0.0682927370071411,0.5379767041658553,0.6114656672727607,0.2395092515554616,0.1657565403920357,0.1971581182340457,0.4638165831263932,0.8370099756238272,0.7155633989362868,0.5278890649467576,0.6642753791853265,0.89761988980717,0.4289411239321553,0.8664491270485098,0.6702805474534507,0.7638961602725833,0.9760126872057576,0.1626969190305224,0.8392945537699247,0.6326143207112362,0.686045646155581,0.9502851701049244,0.3286406720294027,animal
img_0145,-0.6261525683795469,-0.6748483358150279,4,0.70414984,0.6216953,0.8961513,0.39698508,0.8702503,0.47956747,0.84872925,0.25848937,0.020323692,0.505933,0.4145740866661072,0.2038848996162414,0.908774982625694,111.9880828857422,0.662479043006897,2.500813245773315,5.237956868563601,0.0313583333333333,-1.9926641906711204,0.0825309678912162,0.4849962351801115,0.5827093710146175,0.2296163318957189,0.1505218142458002,0.200192122624454,0.4568034393484723,0.8296120636148547,0.8665993705702674,0.821788015423213,0.8512505957403409,0.9535409635980026,0.1498246996495949,0.8980043020857752,0.833567598202833,0.8506782581262147,0.982373267300219,0.0847775638243518,0.7624018764520831,0.6431047160302854,0.7043641782469496,0.9250949964652736,0.2749696166308231,animal
img_0150,0.4366945690889524,0.1120989662401502,4,0.80310017,0.9937816,0.96517664,0.55976015,0.27170435,0.29075935,0.46572727,0.30192414,0.08035083,0.119068414,0.4179170429706573,0.3037563860416412,0.9861344660027884,56.64875030517578,0.4890483021736145,1.5502480268478394,5.517406226276748,0.0294583333333333,-3.3154769011416656,0.0130468346178531,0.5348937014755473,0.4737073316738155,0.3455813395138223,0.2469594028640863,0.2694510759513246,0.5390116548809335,0.7265662796499641,0.4043575881604719,0.1883648169205649,0.2514409701180215,0.7823959274606073,0.7753644045464763,0.4426499696208555,0.341534706236357,0.3688756484561154,0.8905874445442755,0.6316883721103084,0.4014080771751412,0.246035725763459,0.2753715691252578,0.8068328055282258,0.7562242689321736,face_person
img_0153,0.19934057828857005,0.49930128307184546,2,0.76079166,0.964497,0.9533251,0.51156604,0.37125945,0.2821332,0.11114752,0.87274784,0.06420452,0.01813161,0.1245450228452682,0.1771885007619857,0.9999999864713626,22.44210433959961,0.1916348040103912,2.643829822540283,4.111649269745408,0.0072666666666666,-2.935736558539387,0.0395444296300411,0.486677852994217,0.5433241985055592,0.3521395316238244,0.2945798325349171,0.3136689232568176,0.5436607924229913,0.7303988647371387,0.4313808164397047,0.2594360609779946,0.2772709100129842,0.7924012786780751,0.7118507602473776,0.460468543731691,0.4089868996287951,0.4344365395677693,0.8941791364828314,0.6106953963389881,0.4342076005058357,0.3132024629824599,0.3448592203702085,0.8175779859123437,0.7008854604919281,face_person
img_0156,-0.1934835227077737,0.07641257720696484,2,0.31167802,0.9068298,0.9054096,0.7810966,0.8388007,0.60120904,0.982312,0.28164014,0.033370826,0.22853391,0.4363143444061279,0.2511938810348511,0.9739648258982514,87.18862915039062,0.4800022542476654,2.0394561290740967,5.855684197308761,0.0434083333333333,-2.8664298297615947,0.0272290334105491,0.538998176804504,0.4738461913800923,0.2139803071869292,0.1525235768940261,0.2147628497753095,0.44571897761529,0.830990466849197,0.8677027906415459,0.5597678645532,0.7553215868081682,0.9539495049180649,0.1515238986279295,0.9808843190884986,0.6427178933002866,0.7642348907583467,0.9990794014209646,0.1152363155119456,0.7924529306183042,0.6922572320412207,0.7432862788500356,0.9349397736132012,0.237794838878564,animal
img_0166,-0.3427250913543041,-0.07046540900784982,3,0.7758268,0.9963218,0.9782364,0.22019732,0.19604279,0.46080586,0.37323976,0.54383343,0.031442985,0.065949656,0.3185762166976928,0.2410298138856887,0.9906050056799232,47.47111511230469,0.2828579246997833,2.165862798690796,5.257925396840282,0.012125,-3.2155420661538847,0.0166610497981309,0.512436883107986,0.4577250879498731,0.3079278107978379,0.0499074377073669,0.2115548041772031,0.5123188665319236,0.777446738814465,0.3721559357932446,0.0770733875012676,0.2175486979110626,0.7704732645430714,0.7902084310549672,0.4422303540558239,0.0347493433336588,0.3217359187447316,0.8905028625887924,0.6212952159812589,0.3999877331205851,0.1780559527312972,0.2354909429745594,0.806367498367514,0.7458368172880329,face_person
img_0167,-0.28478560953464255,-0.4556728102868754,3,0.34722707,0.3198699,0.14727637,0.6432037,0.6337056,0.47105592,0.999252,0.3812799,0.024308646,0.2517842,0.3100761473178863,0.2553097307682037,0.9892107400893524,133.88609313964844,0.7324321866035461,3.5439510345458984,5.478425164841312,0.1329833333333333,-2.560271386273096,0.1271586418151855,0.4663506552892308,0.5736194081157431,0.2271692020558141,0.1525235768940261,0.2142620075168105,0.4550686558870913,0.7030140897527074,0.8161578300552719,0.5351210984128489,0.6665031340786075,0.9348649814545028,0.1184804314454585,0.8990932234897638,0.5807993531438157,0.7280062272483001,0.9825927613070962,0.0385213386907932,0.8214289038081835,0.5570336350523961,0.6962842014094546,0.9444323523800164,0.1457078439242725,scene_with_people
img_0169,-0.16053966997381852,-0.4678792771818621,3,0.13711219,0.40870902,0.9316298,0.14043453,0.88460714,0.60880303,0.99601966,0.09155946,0.0651035,0.57123274,0.3172574639320373,0.2511293590068817,0.9915227203784572,78.0213623046875,0.7220587134361267,3.3512654304504395,5.643397758190961,0.0366916666666666,-2.581439870785121,0.0412948466837406,0.4846303786629307,0.498913447641259,0.2131191102742843,0.0779363347183874,0.1879934452712814,0.4451084705074584,0.7778034810864298,0.8286326640173727,0.3204755827209072,0.6489287288814574,0.9394837891661758,0.1990022739122765,0.9110691191391772,0.4448022020015036,0.6745611717018337,0.9850067439071308,0.1962703205158509,0.8275204102001461,0.7054613005913105,0.7575730529480174,0.9464279403747784,0.1472635628750785,landscape_nature
img_0176,0.00847309408468888,-0.37466746362536146,3,0.34396768,0.72542346,0.7513882,0.5874245,0.06723693,0.8613914,0.6659433,0.53056663,0.057762694,0.4704757,0.4663090705871582,0.2618085443973541,0.9104083434356623,35.90402603149414,0.2836934626102447,3.5369036197662354,5.865656727288316,0.1891083333333333,-1.675055237832506,0.2175148725509643,0.5055963919213289,0.5125757822523929,0.2785561850240619,0.2558647942614211,0.3207384495531157,0.4914971635738975,0.7158655606075262,0.6820201016546042,0.6220718401316623,0.6417277922401552,0.8852004828130365,0.3823789817946994,0.9244171454095154,0.803104275289891,0.8191176133373649,0.987697307026974,0.1299154013925924,0.8064224865094173,0.6794557545730856,0.701601026666691,0.939516224204346,0.1748453773212828,vehicle
img_0180,-0.09404220031504718,-0.541243296380931,2,0.14972381,0.6230947,0.98606783,0.89305484,0.15739647,0.9785175,0.14827468,0.53855,0.19862248,0.2260236,0.7458206415176392,0.1320919096469879,0.6502203386200184,13.204839706420898,0.1774527728557586,0.1205328702926635,4.565197674616888,0.0099333333333333,-2.4228805108952423,0.0495092831552028,0.4475757001748773,0.5316436860043241,0.2074979183063923,0.2233967387336156,0.2559841481686766,0.4411235773889443,0.8181850884704653,0.6971614171693914,0.6414118722206044,0.6952405099868946,0.8908065554130432,0.3810219919484132,0.9809219707043516,0.7209054671733759,0.8328665521923073,0.999086990861303,0.1085892633098426,0.7454498147744502,0.5686436878443886,0.6542743170901717,0.9195414718371157,0.4664228541046218,object
img_0181,-0.7016559435046238,-1.0030035336247378,2,0.53129584,0.6375973,0.9995915,0.3709928,0.18522677,0.51642877,0.22112952,0.07125736,0.0738387,0.42582065,0.9848849773406982,0.0625783875584602,0.2221951452191177,3.2001099586486816,0.0041626142337918,4.13232421875,0.8145172851949326,0.0116916666666666,-1.709800077480247,0.1977276653051376,0.5182660937284077,0.5044429928061434,0.2622108336233184,0.21241497259309,0.285654813004334,0.4799098563464337,0.7883475999564789,0.8071217688999681,0.7026454086118177,0.762625125462377,0.9315193794950656,0.2786788831912746,0.9975316725911908,0.8820775800829019,0.8880397516920204,1.002435010293032,0.0326346487288655,0.795472892234281,0.1915457588476548,0.5301228165806064,0.9359291182445124,0.4330365988618246,object
img_0182,-0.44419170901213006,-0.3604583346818867,2,0.29278165,0.8768113,0.9995197,0.88988066,0.29146233,0.92870885,0.024952129,0.052269768,0.023460636,0.09638769,0.7298592329025269,0.1404629200696945,0.3666709336101881,3.500706195831299,0.0174796096980571,1.694228172302246,4.8391990511477765,0.003525,-2.2545046009901473,0.0340763591229915,0.5147306240191772,0.6404606629318725,0.2553512753294537,0.22877837154133,0.2987431011088557,0.4750470787011583,0.7946229167670887,0.8108553357056496,0.8100648298760015,0.8395133242338055,0.932901732735719,0.2095134887629504,0.9414749892477968,0.7217070029999615,0.8151964210261566,0.9911356584810248,0.0967468289737151,0.8224703283789292,0.6954674685559592,0.7644488489305166,0.9447735248646376,0.2796358054768489,object
img_0183,-0.2153441474986722,-0.752389981108283,2,0.5117762,0.7550078,0.9977429,0.4031996,0.34860745,0.5089884,0.20231357,0.13828304,0.045637585,0.18642664,0.9660386443138124,0.1207355856895446,0.5968193855409126,3.050490617752075,0.0081019289791584,3.771285057067871,1.6135000944479736,0.0412083333333333,-1.995501742270748,0.1386625319719314,0.5100267513263903,0.5012941132346536,0.2081308439815532,0.21241497259309,0.2482704910984439,0.4415722617928725,0.8172105230539138,0.7557439050724132,0.6942454428622598,0.726654570482271,0.9124967236122752,0.2841983103887527,0.8242942721691,0.7217070029999615,0.8011250947880839,0.9675155284825292,0.0573622858661608,0.7844064845277819,0.1915457588476548,0.5549373568559183,0.932303744003197,0.1436641394768682,food
img_0184,-0.5262475552497203,-0.5097707151000893,2,0.27543566,0.98434204,0.9787264,0.3156622,0.045079853,0.9850927,0.015984142,0.07651448,0.07340734,0.15202264,0.7097700238227844,0.3450023829936981,0.9540229783062965,3.089569330215454,0.0023888887371867,3.1812920570373535,4.633146868436319,0.1226083333333333,-2.3363418930583517,0.0574389100074768,0.5326222295393632,0.5072590639264726,0.369919368543872,0.3581933610975397,0.3806378334738857,0.5562650141246686,0.7010531292859572,0.8140815530991402,0.7706008445967868,0.8051313216491781,0.9340962398387278,0.2415527492010135,0.9497748542723266,0.4748202656346718,0.7149656939202046,0.9928086631846716,0.2411982703247132,0.8057956038050835,0.5939969343905824,0.6831867464918637,0.9393108563497636,0.2641731274318581,object
img_0185,-0.6184967043745813,0.14833453454447632,2,0.34761018,0.62149787,0.9733927,0.37144116,0.3530691,0.9896792,0.66792613,0.04182728,0.19589554,0.19730334,0.6710325479507446,0.3694937825202942,0.7451056798090997,86.1983871459961,0.353095531463623,0.39827960729599,3.2142692438398015,0.0562666666666666,-2.8154466258147224,0.0261142216622829,0.4929861446491679,0.5237366059743788,0.2900560197202847,0.3173912625299049,0.3250768016369869,0.4996494580350686,0.759346769057077,0.8227921070151565,0.7293227512066114,0.8109130251373795,0.9373213227314112,0.1932231248333298,0.9239378071370868,0.8628452205425352,0.8792125125864505,0.9876006867588084,-0.0340689964318367,0.8070532950983409,0.5998304103477201,0.7099950049236357,0.9397228781854876,0.2586964127233114,object
img_0186,-0.6655121380281949,-0.8502990474268856,2,0.36464983,0.92819613,0.990189,0.32188323,0.24201311,0.9871788,0.05479439,0.12798624,0.023958584,0.30066854,0.5789607167243958,0.3867167532444,0.9008218084271806,3.7953131198883057,0.0644976124167442,3.2534401416778564,4.590129055540853,0.0700083333333333,-2.222778228957584,0.0265660099685192,0.5032891700560072,0.4543750367323538,0.2641366182862411,0.2966507667348891,0.310249842175178,0.4812750554171743,0.7792203247610457,0.8101718285893811,0.7554439158189589,0.767818568252944,0.9326486642019656,0.2442297499661529,0.9294527683811384,0.590304075346346,0.7956982763686439,0.9887123381018672,0.0246947377437915,0.7972588844721307,0.5939969343905824,0.6958597673815999,0.9365142123803888,0.2895448025830874,object
img_0187,-0.4976086658032525,-0.22534113385425955,2,0.083628364,0.617455,0.9287521,0.10906546,0.09956986,0.9885245,0.06307276,0.036901284,0.038361143,0.65418226,0.6627009510993958,0.386185884475708,0.9999999900000002,2.293304443359375,0.0148009145632386,2.143738269805908,3.756772741096432,0.0787833333333333,-2.186910868436742,0.0233269855380058,0.5222279708798686,0.4531560331237489,0.28681119965135,0.2392170908090209,0.2995135232807841,0.4973491876942993,0.80043559036673,0.8668250904857686,0.7626767324895274,0.8386305846806632,0.9536245364046276,0.1757477950413377,1.0083862808007271,0.7666765688305732,0.8453307953607897,1.0046229748607842,0.0886305992173867,0.8393824402829073,0.7414515187203691,0.7779274537960039,0.9503139618780796,0.2399781073279413,object
img_0188,-0.6485972272312999,-0.6240634092205684,2,0.50937784,0.3700635,0.9511566,0.91219646,0.35091084,0.47478622,0.9978217,0.03935338,0.05722761,0.4261784,0.7801074385643005,0.2312145084142685,0.6564681200159905,123.6831283569336,0.3687578737735748,3.2680294513702393,4.377579606128978,0.0166333333333333,-3.2559109986219466,0.0084558902308344,0.495991698390768,0.5448924204463462,0.1916016615266272,0.2222421336382857,0.2590494700575724,0.4298546357456702,0.8423789588965724,0.810274874719926,0.6913291204572507,0.7488823267668907,0.9326868170354116,0.2418180054294502,0.9903489451574508,0.6246113878851083,0.8110793655281648,1.000987187136132,0.1383131746344846,0.8205889311099303,0.7096386001961916,0.7432454353511174,0.944157175876094,0.2655708040075954,object
img_0189,0.8136002500668167,0.9325604305924318,2,0.15896247,0.95723933,0.7015721,0.89071804,0.7304976,0.37219495,0.59303635,0.20609927,0.82760245,0.9694547,0.3896287381649017,0.1884669512510299,0.8751723413108088,81.01138305664062,0.566135585308075,1.964559555053711,5.228928013958852,0.015225,-2.592170390339676,0.0505222678184509,0.5852867232730319,0.5373338446062207,0.2400485045333078,0.2178611798957256,0.2488340114899125,0.4641988624530613,0.7297564692963465,0.454531004110992,0.3167667190371055,0.4156447310393615,0.8009726364747131,0.5977766423194266,0.7224671153659105,0.4996956722400398,0.5391041375507181,0.9469902173133437,0.3104225261032305,0.4989142600472371,0.4804355278571853,0.4985865480075002,0.8387759991217426,0.5828202369333364,face_person
img_0190,1.0384609881436713,0.24022385161613985,2,0.14516339,0.95107794,0.9595554,0.49494806,0.34544373,0.6051608,0.43779156,0.83604616,0.92125714,0.0100313965,0.4744316041469574,0.2028716951608657,0.8927425727604128,36.07026290893555,0.3249523043632507,2.7149436473846436,5.187366770593217,0.013625,-3.0989035762046697,0.014799783937633,0.5231727540760707,0.5633774857801148,0.2063557936591573,0.1283537499949495,0.2163296810891904,0.4403139191041448,0.7838547230588832,0.6563690281007175,0.5167948449079918,0.5304075894529104,0.875703171930718,0.4033287208575736,0.6967896635190125,0.3927530193559223,0.4988654698933722,0.941814410527262,0.3340458153368818,0.5506713988459773,0.4147292552270366,0.4510266028798617,0.8557317270130025,0.5579881641337975,face_person
img_0191,-0.49195887132630156,-0.33014572942627163,2,0.23542167,0.9697174,0.9243451,0.85936964,0.5699873,0.19597276,0.007505606,0.64495265,0.9348284,0.02307924,0.3531509339809418,0.2632739245891571,0.9999999866492152,0.0,0.0,-0.0,5.095109952479645,0.0175916666666666,-3.093503111964542,0.0145655125379562,0.4475178116577105,0.5110069804884455,0.3793399018640904,0.2505195015835617,0.3063990761484002,0.5629432806942674,0.6014071410453283,0.5693315886289989,0.3449475543501477,0.3805295436232002,0.8434775569159166,0.5401432120328233,0.6391146421760355,0.3927530193559223,0.4622430556263125,0.9301888501471164,0.3947688066862705,0.5968844526841962,0.3028751690335897,0.3974006974026406,0.8708712031141052,0.4754866675076069,face_person
img_0192,-0.4375082714376718,-0.35826736650057234,2,0.25108847,0.9682083,0.98664165,0.7642111,0.24803686,0.5520766,0.47235352,0.6101795,0.8870346,0.24107003,0.8561308979988098,0.2312220782041549,0.7512556729911648,35.04183578491211,0.1323387622833252,1.8168617486953735,3.426281882444669,0.030275,-2.6882674729863383,0.0384650863707065,0.5024224068064809,0.4815831955149878,0.2098973292610775,0.1283537499949495,0.2371983355829893,0.4428245326767952,0.7616095413720402,0.4642217226509822,0.2294526283819301,0.2949872560491408,0.8045606253537747,0.6026068061701414,0.7021839416008497,0.4490786290682349,0.5183581109160889,0.9429017357520724,0.3062233036282589,0.4732882909168653,0.2923387514176727,0.3437401166367806,0.8303808874596782,0.590427978161062,face_person
img_0193,0.034754692073179855,0.4272158603431839,2,0.2935666,0.97029537,0.95295346,0.22038306,0.21714647,0.48164237,0.598375,0.7744229,0.64812845,0.93923086,0.4094685614109039,0.2764030992984772,0.9205590414817986,55.997352600097656,0.3635500371456146,3.585123300552368,5.765102854006505,0.0555833333333333,-2.5949446248168235,0.0546332374215126,0.5240277931987963,0.4914897768913893,0.3357154552267899,0.2292101784166071,0.3524097300586454,0.5320176766236504,0.6473526349187763,0.4892980440691468,0.4983674308318316,0.5350326359057526,0.813845134237699,0.4642944253790764,0.740331965939776,0.5295525646965524,0.6698302494941937,0.95059123720363,0.2508336319505987,0.5652272463140888,0.4259521580618579,0.5479734546260285,0.8605002477354421,0.4560099164765988,face_person
img_0194,-0.045310861628159504,0.573636320305095,2,0.20671569,0.9599832,0.7651015,0.94964314,0.50386995,0.11488923,0.3972262,0.46220374,0.048178297,0.027114684,0.3456000387668609,0.3175809979438782,0.996825900867354,22.360620498657227,0.4269746840000152,3.819623470306397,5.10605907319246,0.0251833333333333,-2.993869017454005,0.0073124188929796,0.5292276086683976,0.4529877962478778,0.2933798479373199,0.2468899721918848,0.2923232584518246,0.5020057376755511,0.7253196605547132,0.4498320906845353,0.30146692644577,0.3691163849697664,0.7992328636138847,0.6366949150219723,0.623522561096556,0.4560901910605016,0.5237315294029645,0.9270459526531794,0.4195262665463456,0.5369642520987279,0.4266695621044862,0.4563613866230123,0.8512412421097377,0.5628057140149278,face_person
img_0195,0.9599476556388297,0.6406263859396657,2,0.06763611,0.98015255,0.96667236,0.76806897,0.6639852,0.44975418,0.38137388,0.516777,0.08595831,0.0042870473,0.7541053295135498,0.2966276705265045,0.8722191629786542,34.51490783691406,0.1414336562156677,1.7946569919586182,4.3903692125734874,0.0190833333333333,-2.8021687645302302,0.0133747281506657,0.3051523521566308,0.4481619232272295,0.2400887900857051,0.2465358960495537,0.2704737514795843,0.4642274210971071,0.7250404790594323,0.4675364398726158,0.2212157189280664,0.249152450332435,0.8057878995212551,0.6710126149571793,0.6000792611374458,0.4850498258101372,0.5135507045957024,0.922320484108248,0.4241649917261589,0.4559397987815854,0.2584277061980635,0.3053908446692212,0.824697491530214,0.6688504658338945,face_person
img_0196,-0.3977005639061092,-0.24890631653588688,2,0.13317436,0.95965445,0.95474815,0.7039285,0.6246858,0.35063672,0.31415325,0.32563236,0.018561915,0.9430959,0.649186372756958,0.2791015803813934,0.7501186090937269,35.67379379272461,0.196772500872612,3.66829252243042,5.318844485466995,0.0222166666666666,-2.80953594387496,0.0185227170586586,0.5453827617272046,0.5645400997704384,0.2898335058759906,0.2292101784166071,0.306804118991684,0.4994917167780605,0.663885605108329,0.4078006923791645,0.2508994353417735,0.3228950666571454,0.7836707369182486,0.7127676835286393,0.6871577938395653,0.5295525646965524,0.6109353354720707,0.9398729134991776,0.304754985145487,0.4160304547243268,0.2879417065539098,0.3117258528767124,0.8116231216199126,0.715681962908119,face_person
img_0197,-0.3651699482780577,-0.7437957572674866,2,0.13258803,0.97048336,0.9253581,0.3660664,0.3841718,0.44212082,0.0019612422,0.9650764,0.87221056,0.09095413,0.5356612205505371,0.3635726571083069,0.983193265871103,1.5530248880386353,0.0223955884575843,1.7170661687850952,4.841450837483043,0.0839083333333333,-2.908038680545439,0.0525911673903465,0.4033028122666333,0.5388343926931206,0.2639235466614024,0.286355975331974,0.2987451273490212,0.4811240078001528,0.7196780027802768,0.4939696218398569,0.3052635674472497,0.39677640779146,0.815574786071029,0.5815119424856978,0.5266971643514329,0.5012284277702855,0.5178744069743145,0.9075288468076862,0.4654584288005959,0.4708543376349217,0.3004880601105087,0.3822055630927936,0.8295835201687781,0.6024341908651178,face_person
img_0198,0.31096548240194016,0.5819606512258415,2,0.04852549,0.11493774,0.9103895,0.026572056,0.6115882,0.36236477,0.7468905,0.51300806,0.13299282,0.42253438,0.4435896575450897,0.2819074690341949,0.9257836871321034,37.68581771850586,0.3385213017463684,1.8275226354599,5.577169786364138,0.0722583333333333,-2.4112339906949423,0.1060955375432968,0.5585302481544052,0.4272313112347203,0.2447804486521038,0.2041286807709275,0.2595563301939338,0.4675533630045261,0.7989034230239098,0.7216888402456776,0.6706008171702327,0.6958037628384364,0.89988783466665,0.389293403984741,0.9234171855484662,0.7127275729202627,0.8305784859165417,0.9874957450080678,0.0903659533927808,0.7991349636988951,0.7555490103599598,0.778267933903052,0.9371288191691288,0.2789305418268938,landscape_nature
img_0199,-1.359382561725301,-0.6714578881349051,2,0.12116768,0.20567702,0.967155,0.014699688,0.64915913,0.45851064,0.9844395,0.27721146,0.27876076,0.67778486,0.4509385526180267,0.1920882165431976,0.7073648974397363,129.77655029296875,0.7129004597663879,2.8094851970672607,5.498577765664818,0.013775,-2.5826608382028384,0.0356645472347736,0.5135443943491564,0.5959557894544099,0.1881927489814308,0.2041286807709275,0.2220970825082663,0.4274380393688585,0.8615330608943224,0.7021265395005925,0.6044454520937832,0.635581605359999,0.892644892130183,0.4402015180918794,0.8738451847093748,0.7127275729202627,0.786531214954064,0.9775035113599454,0.172896297041553,0.7676459025661324,0.5835041244048951,0.609528776006347,0.9268129484600744,0.4693775687119784,landscape_nature
img_0200,-0.174281476186661,-0.4665713431594272,2,0.26646125,0.09219843,0.8439185,0.029916735,0.60866904,0.2006531,0.98925203,0.71764964,0.21550773,0.7731719,0.2777865529060364,0.1969374418258667,0.9919268336432036,102.10999298095705,0.809564471244812,1.8980501890182495,5.342447546186391,0.0198416666666666,-2.6726708227356264,0.0269869193434715,0.3976877043446151,0.5318628734429547,0.2037062916611692,0.2296024066277331,0.2536527626773556,0.4384356729350799,0.8306517610690005,0.7800780580542319,0.599566560392869,0.7196904442771389,0.9215064446066316,0.339199586112508,0.9496824016855834,0.6569605232572322,0.8066467892467364,0.992790027506618,0.1537301347792306,0.7751841528975342,0.6141192751442894,0.6751948242815236,0.9292824922633454,0.3572169202671187,landscape_nature
img_0201,0.21017822099605935,0.7100359173194566,2,0.13318053,0.30407232,0.4182281,0.021103272,0.57311904,0.6613131,0.8245196,0.24188821,0.05656838,0.06447297,0.6030092239379883,0.3070983588695526,0.8074451934822909,79.9719009399414,0.4794771373271942,1.700090408325195,5.203665609705185,0.0353333333333333,-2.5144668454555092,0.0367733091115951,0.5270226956959024,0.6242840599103455,0.2562619396161713,0.1026200621281201,0.1560422533934845,0.4756926534956406,0.8521683382028881,0.7256837434229608,0.297193950607443,0.4070202207176435,0.9013669477080484,0.5283647393158026,0.8483694249651401,0.2708942734513646,0.3417131784419523,0.972368359673127,0.4383447850578774,0.7746395827343232,0.4848290295353311,0.5217580476726421,0.929104090139128,0.4219408899950881,landscape_nature
img_0202,-0.8435540899213264,-0.8838381637735936,2,0.515214,0.15612021,0.80935454,0.08569851,0.39319384,0.90403014,0.91630745,0.53953767,0.12654273,0.5281955,0.4572339653968811,0.2323414981365203,0.9430222097068944,85.060791015625,0.4552713632583618,2.17093563079834,5.717930319898614,0.0450333333333333,-2.69428296805468,0.0502592585980892,0.5599480749132882,0.6304223829779343,0.3082549249652995,0.2881054876083418,0.31056942360531,0.512550759518737,0.7628502519139722,0.7588304494941995,0.6973133138319205,0.7239689122384908,0.9136395167926156,0.2771093311729751,0.8743778652875123,0.6680225839106243,0.7556493276999542,0.9776108838425256,0.0834923611671622,0.7508067150205004,0.5380474844553047,0.6063467164425053,0.9212964015921364,0.4442940419959162,landscape_nature
img_0203,-0.9110041386738164,-0.9984611075498636,2,0.15534706,0.15169665,0.7776388,0.0059574125,0.6194209,0.23388025,0.9804693,0.4434333,0.1306953,0.4983096,0.3901592791080475,0.2159278690814972,0.838497711364825,64.09475708007812,0.5466048717498779,3.230625629425049,5.472586182514791,0.0217833333333333,-2.5951739167774774,0.0394732952117919,0.5260901941647923,0.509683885415808,0.2418881100480155,0.2296992264071322,0.261025187339437,0.4655029686636677,0.8351825354474154,0.7084938942816602,0.2907003614003226,0.4709332393414966,0.8950024054610296,0.5686495519557941,0.8901446287983437,0.7495467924629247,0.7904323688917997,0.9807889920933164,0.1743506712479384,0.750750907009673,0.4591069138536517,0.5516794663827277,0.9212781187915856,0.5180118822777873,landscape_nature
img_0204,-0.03039883031628335,-0.6158539015262923,2,0.14782481,0.43475232,0.95699155,0.103083126,0.4777897,0.72452325,0.99021894,0.28025225,0.06898731,0.698397,0.413790613412857,0.1664444357156753,0.6839618088868795,72.73960876464844,0.6317648887634277,2.356663465499878,5.2167301402965744,0.0271666666666666,-2.2564734576549266,0.0818084329366684,0.478949532572408,0.5110074244711722,0.3214341885943312,0.2773296640375332,0.3014849684918067,0.5218936101529783,0.7405272405121617,0.7762736417491165,0.4825799022822195,0.5641511736584246,0.9200978593363294,0.4177412811768178,0.8617168434815354,0.6292347244352787,0.7551193892732347,0.9750588002879416,0.2245222780712802,0.7820559179293677,0.5113463228358724,0.6069713679890019,0.931533694333566,0.3908474484108435,landscape_nature
img_0205,0.08553911117060653,-0.33572442600233576,2,0.32096675,0.38582563,0.96507436,0.011409649,0.33458138,0.4906508,0.9803288,0.23121525,0.055830173,0.8163575,0.3697742223739624,0.1936202496290207,0.9622137352975342,76.0814437866211,0.6817950010299683,2.511812686920166,5.481965021936809,0.0224833333333333,-2.421539298098132,0.0515705235302448,0.4831797703024025,0.4642876697151365,0.3395983688655521,0.2974166981944004,0.3096776120907115,0.5347702949165799,0.7405603472441016,0.736994913791585,0.4167220067941298,0.5428114996713729,0.9055549089334536,0.4867179621222815,0.8569079104391113,0.6292347244352787,0.7281904692885591,0.9740894631269488,0.1758961683243232,0.7787713670315539,0.5113463228358724,0.5861020566812497,0.9304576697974172,0.4466404492393942,landscape_nature
img_0206,0.06808552363672044,0.8397078586432423,2,0.23405665,0.20455502,0.9681106,0.06527715,0.39608136,0.6407619,0.85356796,0.40637416,0.13380866,0.07884481,0.5379819869995117,0.2029976397752761,0.6045209397501774,59.53924560546875,0.4974473714828491,1.3360365629196167,5.0435262859616365,0.0168916666666666,-2.737676942734204,0.0289910268038511,0.4615922716249933,0.4059112817945487,0.2317198690271658,0.1935045985372047,0.2228177946669556,0.458294648096994,0.8162717483767549,0.6421713882828906,0.7212411301786527,0.7329309978382581,0.8704464952905832,0.2568720250719276,0.8550754889230612,0.691264204144177,0.7410812070049049,0.9737201017209072,0.3359442086596366,0.7495997699950441,0.7348614056409694,0.7434877641284173,0.9209010043212223,0.2651661626752472,landscape_nature
img_0207,0.5004843388111467,1.5783101749976134,2,0.5025954,0.5684738,0.5939065,0.21464737,0.88081056,0.39438227,0.6756033,0.45637378,0.047279514,0.2028543,0.519137978553772,0.2904265522956848,0.990443377880974,19.621665954589844,0.2269312441349029,3.47217059135437,5.553381222676634,0.2350833333333333,-1.6012764022259307,0.1710959523916244,0.5519733947952289,0.5765135581312939,0.214834522590276,0.0852403684631167,0.1524050395887979,0.4463245354937558,0.8619392789410387,0.8450656860397989,0.0995581214178462,0.6414288398104263,0.9455681161459062,0.2836261104599812,0.8462166450981465,0.3527747723973292,0.6530877039148713,0.9719344235991364,0.2683713042920977,0.8224011221513954,0.335968025410279,0.6322144549568958,0.9447508527851972,0.2239795452110086,animal
img_0208,0.9555546464336058,0.26658643646106167,2,0.54789406,0.80180645,0.89661527,0.13946159,0.7282337,0.52557856,0.5202559,0.37838462,0.045039065,0.5956065,0.4169202446937561,0.1938104629516601,0.9275414253322944,38.444122314453125,0.4600517153739929,1.4176450967788696,5.637648042023859,0.0695,-1.479507232520282,0.1817147582769394,0.4901194794646893,0.5532519461142192,0.2812167661492021,0.1657565403920357,0.2313934568631535,0.4933832637955905,0.8135425520644162,0.873456513857184,0.8199918919312462,0.8505013134952419,0.9560798211403054,0.1721057701882957,0.9961215588238485,0.879733841341219,0.8881811171285419,1.0021507735062327,0.0248612503125759,0.8289651547873552,0.674138413793656,0.7894870562158285,0.94690124119205,0.2371484699836234,animal
img_0209,2.1706326545745336,1.5242000731778094,2,0.2923758,0.8822043,0.7686433,0.17070392,0.9214245,0.37872246,0.7026648,0.7168884,0.03981361,0.14316218,0.6017523407936096,0.2704820930957794,0.8893134023805238,25.760513305664062,0.1830071061849594,1.903550624847412,5.716361418321049,0.0509,-2.5452647857348127,0.0399683341383934,0.4750452104445851,0.4330623932885243,0.2435171418833863,0.17919495631555,0.2065106050248346,0.4666577980642094,0.8432173088261292,0.7916541823993193,0.5278890649467576,0.7255438758556774,0.925792505051108,0.3150034607881501,0.9321658837521553,0.5590042245831128,0.749528389954824,0.9892592210648834,0.0826608895426746,0.8080196314689282,0.6073784829810582,0.6771042266382941,0.940039451646297,0.3306769520592187,animal
img_0210,0.5143255000893155,0.6271249604954249,2,0.6518416,0.92618555,0.84203863,0.18822981,0.8457995,0.24544334,0.84560627,0.56519705,0.20838933,0.35853595,0.4449772238731384,0.254283457994461,0.9193611128085316,58.71596908569336,0.4930891990661621,3.050126075744629,5.681873386888444,0.02065,-2.8956100213691265,0.0192674212157726,0.4913229655404227,0.5146726023445239,0.2043644924389083,0.0490631550096523,0.1406833335320135,0.438902274994713,0.882887144262317,0.6898714702943358,0.324181292326566,0.5615040187132573,0.8881074523270633,0.5324963638024321,0.82329744173745,0.2469274185757605,0.6120626105773741,0.9673145972630504,0.2950196056817589,0.7421036753387276,0.6726742235513619,0.7037418762737807,0.918445270789779,0.4020269468286317,animal
img_0211,0.5506503439624957,1.388265872358498,2,0.5555096,0.3455067,0.9319155,0.10609218,0.71238774,0.2790968,0.99880457,0.19031838,0.0034476959,0.51863474,0.4546234309673309,0.1399782001972198,0.7142841112293163,27.760631561279297,0.271801233291626,3.242521047592163,5.204499682024958,0.0200333333333333,-1.2856339705982165,0.3589477837085724,0.5031560140110035,0.5110026910029605,0.21644225822705,0.153323940817689,0.2323163540701462,0.4474642679049533,0.8279112094803681,0.92757848000288,0.0808779845351889,0.7580859251916149,0.9761184810025592,0.1395808274141134,0.9889547837227768,0.2126470877693269,0.7203214187089404,1.0007061658627787,0.131528275943343,0.8451800145521687,0.5104951383563683,0.7720336671144361,0.9522132572027536,0.194103807498525,animal
img_0212,-0.18385255915499404,-0.31860000569444336,2,0.28831813,0.8851497,0.6474278,0.14564547,0.9289809,0.5760996,0.9535025,0.16539685,0.07643743,0.4547502,0.6234943270683289,0.1718324422836303,0.7244953519773369,38.0123291015625,0.2037049382925033,3.7576918601989746,4.870851727748087,0.0398583333333333,-2.8784593709456403,0.0603011697530746,0.440063484598547,0.5776451322698358,0.2815363566649133,0.2398406278367526,0.2491946753762711,0.4936098232253473,0.7838924992194546,0.787085834557343,0.7232278534735272,0.7722145611318192,0.92410107410251,0.2439806440293609,0.8972231780094212,0.810668913297625,0.843218255156135,0.982215816034444,0.1379125632492454,0.7918341160898914,0.7809330466850953,0.7887427574860413,0.9347370489069587,0.3172092602011432,animal
img_0213,1.6331856031940495,1.1250424016123897,2,0.3436768,0.1637124,0.92623067,0.93942344,0.40770593,0.5254435,0.41495022,0.87987465,0.08287083,0.67125136,0.4634856581687927,0.2408071458339691,0.9761830113777524,68.55977630615234,0.6221584677696228,1.4746520519256592,5.505333789248184,0.0254666666666666,-3.050337147726881,0.0273731425404548,0.5159918151722974,0.5068941462267322,0.2491437589382634,0.1808499587203438,0.2056888787264612,0.4706465370559682,0.799934590879341,0.7197983045159813,0.5311768923098097,0.6593292971159126,0.8991878637464723,0.3247008542060098,0.9648057719270888,0.4905851665747563,0.6831384244321987,0.9958384469055184,0.1459605180151181,0.7069171971519249,0.5082123548003679,0.6204789891466206,0.9069181198800824,0.3044097029102376,animal
img_0214,1.6955470976077676,0.7727623781008335,2,0.41148728,0.8174923,0.87938505,0.64477223,0.77085054,0.67829823,0.3180076,0.37797153,0.053530548,0.2737643,0.2363382130861282,0.2269425094127655,0.991169615816028,22.464893341064453,0.3280113041400909,2.3189144134521484,5.246524574219298,0.03245,-2.722893901957755,0.0270630102604627,0.5552110496194613,0.5179814539311117,0.2439643469428815,0.0109378146737881,0.2210232913831372,0.4669748241281342,0.7988176243148633,0.696105862559931,0.0347642133978973,0.6288588817888534,0.8904157362818969,0.3034023903134365,0.8172726289463509,0.0103053988265409,0.6646996138741686,0.9661001750877124,0.1495270293316007,0.7964504463846009,0.0222988435413468,0.5904380036320772,0.9362493666692996,0.3036733191725327,animal
img_0215,-0.010301596504131927,0.06622155012377345,2,0.37933567,0.38633782,0.83498794,0.052264567,0.81710035,0.3587974,0.4127252,0.55586195,0.064140834,0.27214542,0.6156497597694397,0.2354266196489334,0.8438760872471346,61.675811767578125,0.5193616151809692,1.1934764385223389,5.580624815875543,0.0218,-2.449962990082656,0.0329106450080871,0.4580727708735697,0.5745817698604955,0.2361361227466758,0.1954383039734551,0.2327689072493854,0.4614253540321426,0.826499253341892,0.7881310972941226,0.7390094941581006,0.7493167803104279,0.9244880826674357,0.3327951314071896,0.969529344542806,0.8200853520587104,0.8545493920665846,0.9967905779559336,-0.0651380197835018,0.7998811242567974,0.714594343414475,0.7722518507053258,0.9373732626541552,0.3396813889699305,animal
img_0216,0.5073363468601055,-0.2254438518470978,2,0.20776577,0.45820335,0.64676094,0.061580695,0.38052467,0.70981497,0.97067004,0.4493936,0.041681822,0.71088827,0.5225456953048706,0.2685435116291046,0.9639155451218736,27.865440368652344,0.2137032300233841,3.3902041912078857,5.443370141147893,0.0388333333333333,-2.2263521453521817,0.0542421042919158,0.5168209085888098,0.6026855383629366,0.3156896534544323,0.3132789719699228,0.3469222204335289,0.5178212783986456,0.7321805249795227,0.7592776058852232,0.4616548621378769,0.5151682308632152,0.9138050764620635,0.5009033281750261,0.8788612303105173,0.4749040160783169,0.635258904823622,0.9785145962221232,0.3293291483222794,0.7855804718680198,0.4348747832204612,0.5282483839161346,0.93268834427962,0.5561761326221549,vehicle
img_0217,0.1927388876551627,-0.2696030227737253,2,0.6654849,0.61655444,0.96561396,0.24066615,0.21281232,0.8094793,0.45250612,0.28468627,0.18148068,0.4625693,0.515618085861206,0.2782480120658874,0.9372548853713976,13.78593635559082,0.0520780123770237,3.830805778503418,5.792134384965827,0.0560416666666666,-2.5964982756022956,0.0367402955889701,0.4971261953329607,0.5242445714911197,0.3413774447529114,0.150359481470955,0.2288354023828066,0.5360314913498893,0.7942346854658459,0.656066038056522,0.2861441449608839,0.3354080613014667,0.8755909898562354,0.7280975881234857,0.9196434489245776,0.3366360757927588,0.5302906101487531,0.9867350725027404,0.4092668442752006,0.7666136008676141,0.3879693498497164,0.5341873192014132,0.9264747646441212,0.5388848578772706,vehicle
img_0218,-0.5118677859891395,0.15442399676903806,2,0.15209864,0.8051898,0.81578976,0.6954698,0.11993036,0.8575173,0.96809095,0.22927997,0.08803525,0.31308287,0.4491333961486816,0.2663226127624511,0.9999999892884204,50.99882125854492,0.2639040648937225,2.9709367752075195,5.856468105889338,0.1072083333333333,-2.6287430420409805,0.0668866708874702,0.4965763033370747,0.4280172924404393,0.2982355794687812,0.2558647942614211,0.2861344008947474,0.5054479917874184,0.7579560937663721,0.7048606847125257,0.3064750650210797,0.3603350610363182,0.8936572094907245,0.6612041050000654,0.9497398861387552,0.7483682541060064,0.8077282531424309,0.992801614654151,0.1002245820198417,0.7871401942396697,0.3833894641461192,0.5732474948748593,0.9331993120172772,0.4603425171284103,vehicle
img_0219,0.7336917734680549,0.2858444706282668,2,0.54551744,0.81903154,0.6922009,0.36938834,0.3485966,0.9848492,0.8548454,0.3963547,0.43035588,0.053098504,0.2426276206970214,0.1686427146196365,0.959705822384005,20.161901473999023,0.2528519928455353,3.090547561645508,5.228048230832756,0.0243583333333333,-2.445639129285321,0.079029381275177,0.5250787542202959,0.5879030431247556,0.4127691529619549,0.1643553591686576,0.3106018726667299,0.586641455995495,0.7006024331144143,0.7409234847042613,0.3981483757115127,0.460134357674926,0.9070094624515564,0.5781544954928108,0.9312041405025476,0.5694212961561169,0.6459984708754212,0.9890653623725384,0.3771350986053668,0.8091329379357357,0.6338653380330106,0.6737932444633344,0.9404041727639804,0.4093929462479883,vehicle
img_0220,0.3176316040436991,0.4282981073433715,2,0.5276298,0.55175394,0.73648316,0.20984544,0.34925348,0.96088636,0.8294205,0.65565133,0.28690034,0.09729051,0.4923189580440521,0.2843482792377472,0.9145277520505994,35.47429656982422,0.323278933763504,1.7085222005844116,5.888191659007905,0.0758416666666666,-2.0913477885831813,0.1160043329000473,0.4971391390951767,0.5257101097516584,0.3875926706760072,0.1643553591686576,0.2963227639270365,0.5687937127441138,0.7060959297773703,0.607619899416235,0.3981483757115127,0.4776377535628515,0.8576538053267794,0.633900069144683,0.9001171679352041,0.6058601161047275,0.6705883878460498,0.9827991579013096,0.301182175136666,0.7536766962058371,0.6338653380330106,0.6745243905775521,0.922236612375828,0.4034338432433259,vehicle
img_0221,1.080744509954748,0.9097597286006913,2,0.377516,0.2587479,0.81369245,0.29575202,0.3200832,0.7456217,0.12405083,0.57430476,0.35346305,0.6877738,0.3645861148834228,0.3758974969387054,0.9999999899910512,27.377931594848633,0.3818854689598083,3.0629868507385254,5.022970110049912,0.09885,-2.3736295632514177,0.089871160686016,0.4396456989822029,0.4914008299416328,0.2197478347104903,0.2707882022725856,0.2885478981607651,0.4498076087936514,0.803953816128198,0.716817009357047,0.4307123696645997,0.469323474528065,0.8980840391093917,0.5965042056411647,0.9053805126379656,0.6324420674694614,0.6678503771856605,0.983860090870534,0.286035638305085,0.8064525893433285,0.5795738908982688,0.685701936752513,0.9395260859446276,0.3042620398302207,vehicle
img_0222,0.2867131509884239,-0.3753059534889202,2,0.20934208,0.852393,0.8279252,0.82645124,0.06127257,0.95717335,0.26802814,0.1154311,0.3187286,0.4560194,0.4029344022274017,0.2973784804344177,0.98037570938591,14.899421691894531,0.1009216457605362,4.298547744750977,5.481557769019989,0.1166083333333333,-2.3972851755132454,0.0802291706204414,0.4766914060680151,0.4968565364949187,0.3281213692288389,0.2571133269737933,0.2778444113869208,0.5266341883515026,0.7896249942404537,0.7058442223605427,0.4833705397168193,0.5326533349325254,0.8940213643393731,0.5573896549070833,0.929610362969385,0.4301113548014421,0.649933824834719,0.9887441044603114,0.2926828954407238,0.8201932247185583,0.5645136480836866,0.6896520977599694,0.944027541780148,0.2681946853143128,vehicle
img_0223,0.03865965976643701,0.062022190083296014,2,0.17647442,0.78436685,0.9091844,0.1529161,0.12779649,0.9403998,0.3070645,0.15853684,0.095668785,0.44311652,0.5032528042793274,0.2125886976718902,0.9292013961622608,38.00442886352539,0.1770280748605728,3.2469546794891357,5.580953055585123,0.0637666666666666,-2.4498405351460613,0.0833562389016151,0.5237686078502709,0.4635681105184799,0.3629535560600591,0.3132789719699228,0.355808037587331,0.5513269123145619,0.707335264766986,0.7473754583820467,0.5859119615899533,0.647762058541262,0.9093983059318784,0.4413131396245431,0.9589274544362356,0.4749040160783169,0.6691733727017668,0.9946535538039242,0.1677455487595524,0.8226228927277978,0.5987650598231203,0.6298929552207577,0.9448235052083228,0.4484843106284137,vehicle
img_0224,-1.194056184805003,-0.04956088805555303,2,0.08971142,0.6545058,0.94585925,0.96943843,0.055782832,0.9451886,0.15444848,0.07246075,0.06238679,0.22886227,0.4028360545635223,0.3108505606651306,0.9543828255615732,10.039752960205078,0.0815315768122673,3.984647035598755,5.5998736580330055,0.0947416666666666,-2.5111100489370264,0.0617955513298511,0.5411120020949605,0.4384875070982941,0.3114954352730308,0.2340700155977374,0.2785082455376491,0.5148479746466867,0.794290319735888,0.7914967254574392,0.6018125319764476,0.6670396855112092,0.925734206612859,0.3214448884567359,0.9977156165967688,0.6951707330709684,0.8192275352905749,1.0024720879064186,0.0329676304590762,0.777421781904551,0.5645136480836866,0.6490173869158644,0.930015543383348,0.3768937147112276,vehicle
img_0225,0.37297961414329917,-0.08316914298467397,2,0.41225603,0.8625881,0.80433625,0.78173345,0.3583057,0.73114145,0.97689986,0.17703032,0.044715073,0.6597311,0.3628351986408233,0.2743368446826935,0.9368110948562138,80.31520080566406,0.5132404565811157,2.835940361022949,5.696091229724246,0.0814666666666666,-2.5840114180932843,0.0537855513393878,0.4590299574124532,0.5460797036681423,0.3322159358154735,0.2623337489795209,0.2660723389964962,0.5295368485537473,0.824880474627564,0.7552410523811961,0.5345520288005937,0.6148032296223478,0.9123105423857288,0.5627139195915118,0.8942501243977913,0.811105656226813,0.8296273500623601,0.9816165372917476,0.0966714834715942,0.8102230274669476,0.6233465785997964,0.680187096790639,0.9407612879735404,0.4520167330006562,food
img_0226,-0.9850068478939038,-0.8973119781474588,2,0.7495544,0.7508453,0.9900097,0.31937838,0.42039087,0.8749678,0.9441782,0.23734936,0.01177762,0.6783674,0.7111703157424927,0.2144329994916916,0.6709377241342743,67.52346801757812,0.3409419655799866,2.1609554290771484,5.510033779010858,0.0111666666666666,-2.520583483454975,0.0365977771580219,0.5058900740693953,0.4957306422345219,0.3465526207588495,0.1979930564528337,0.2643970245312604,0.5397002013620994,0.8132990122181541,0.7943823509540713,0.3338355192286617,0.502779920765481,0.9268026095541192,0.5580869472661508,0.9441145107205412,0.482332759748577,0.738364915595532,0.9916677071138912,0.3089096670998734,0.8211196847181612,0.5899709707896083,0.7075625261753252,0.9443310516730824,0.407443217093457,food
img_0227,-0.8219860439394531,0.40978550945123127,2,0.23346834,0.68076384,0.84526885,0.54542905,0.7875006,0.77710366,0.98007846,0.284764,0.038708966,0.6797653,0.5246825218200684,0.2933270931243896,0.9999999892529792,94.03915405273438,0.5342853665351868,3.3913450241088867,5.762874121047522,0.045975,-2.989043557970683,0.0247886814177036,0.4958543356305162,0.5537907071570484,0.229966585120084,0.0863307167052291,0.1960913048649049,0.4570517357367619,0.8477835861442703,0.7884457055940771,0.3961630452141047,0.5587004647892373,0.9246045664015198,0.4433951810229809,0.9206313150425564,0.6509547300843672,0.8017382122787401,0.9869341967845288,0.0832957654522377,0.7947884338062772,0.6680340277834581,0.7030807736464078,0.9357048884836046,0.3011677603576236,food
img_0228,-0.2291783893327722,-0.23916590852917632,2,0.45723847,0.87668926,0.94746375,0.2770529,0.20313726,0.86825454,0.98999536,0.66616476,0.047974825,0.47592926,0.4160181879997253,0.1761246025562286,0.835003718220367,77.4230728149414,0.6179531812667847,1.6169441938400269,5.466570847478597,0.0075583333333333,-2.751538059202039,0.0258769635111093,0.493143515835012,0.5315719343884159,0.3037141770061144,0.1979930564528337,0.2541409488323599,0.50933179894973,0.8270302600820698,0.708093006849066,0.3338355192286617,0.4951729531499131,0.8948539768750617,0.5862237474766696,1.0298366792706029,0.5773193901464301,0.6959771149614864,1.0089467340338718,0.266511523610103,0.7805831129601555,0.5379551452834386,0.6448016203724397,0.9310512008867792,0.4676073688313549,food
img_0229,-0.42942106195502916,-0.900877208006264,2,0.1431222,0.66211796,0.83486336,0.697388,0.58210456,0.8394709,0.98080796,0.07727019,0.07242563,0.3213281,0.6473312377929688,0.307383269071579,0.8244056234059132,59.98115539550781,0.3302972018718719,3.0964295864105225,5.281707811449347,0.0792916666666666,-2.4759603248979793,0.0481650941073894,0.5538552046439276,0.5905816078366698,0.2826688401026702,0.1475545303859536,0.2213867470054126,0.4944126468050662,0.8346618540969657,0.7981743177273819,0.5726162007375887,0.6718897189889279,0.9282065853848346,0.3839252364173334,0.9565562424590368,0.637799613342073,0.7739566402818666,0.9941755883455136,0.1628302301418001,0.773267982471472,0.6749402777619783,0.7059844334244384,0.9286547515286048,0.4109048505360049,food
img_0230,-0.22703655469999534,-0.1699834402440123,2,0.2801226,0.5325282,0.8435876,0.94040996,0.5873233,0.76180893,0.989786,0.19633608,0.06686859,0.79069835,0.7154838442802429,0.2446014285087585,0.8245153955040287,68.07898712158203,0.2496078461408615,2.97987699508667,5.34623948767473,0.0335666666666666,-2.6322589968939987,0.0221896339207887,0.474488221909229,0.4995962713459992,0.2995281794420396,0.2000510448054019,0.2444201451463772,0.5063643228374609,0.8237783195671677,0.7974021050745543,0.5160215271120246,0.5938038673318583,0.927920673623061,0.5113997913139298,0.9519831011167308,0.7854577006423109,0.8295159772587681,0.9932537797433848,0.2016551449391349,0.7782412900528575,0.6693203959746763,0.7086532595204843,0.9302840156654304,0.4014039687815184,food
img_0231,-0.07966189769348342,0.35226790231008487,2,0.2788037,0.73797554,0.9603768,0.8272929,0.2980043,0.94909775,0.7710758,0.13316886,0.020186143,0.6236442,0.7457090616226196,0.2438887655735016,0.7493517380247333,66.93205261230469,0.2835274636745453,1.964993238449097,5.159264258441575,0.0385583333333333,-2.646069799417577,0.0277994126081466,0.493859817300435,0.5041052548349648,0.330323871978311,0.2000510448054019,0.2819814857286672,0.528195554357149,0.7854088767242966,0.7030318031803897,0.5462188757756661,0.577983541515485,0.8929800660393549,0.5189376732047608,0.9345722596815396,0.7854577006423109,0.808153247855541,0.989744274524994,0.2088046296199482,0.7731151400816698,0.6771962662079687,0.7335855915272791,0.9286046800982304,0.3768013456242962,food
img_0232,-1.1406630403522102,-0.9959267435785321,2,0.18844585,0.5192652,0.8555891,0.6983367,0.79374033,0.673516,0.9913901,0.053723082,0.06068935,0.5827466,0.4558461904525757,0.2721202671527862,0.9441810473244476,107.44600677490234,0.6899880170822144,2.9617767333984375,5.923206798191233,0.064225,-2.045626004501489,0.0885330885648727,0.4580849189152459,0.4371085117738991,0.2428548857463025,0.0863307167052291,0.1926222636720478,0.4661883211385976,0.8548647472794118,0.7919211878447705,0.3961630452141047,0.5300028778782028,0.9258913638266442,0.5329792927602575,0.9041922753046872,0.637799613342073,0.7549415187051217,0.9836205777408928,0.208399509208806,0.8172128682004217,0.6680340277834581,0.6869780424789123,0.943051171847162,0.4204864017094101,food
img_0233,0.20859021105665773,-0.0006779684187776525,2,0.4427532,0.106238425,0.06381314,0.50723934,0.2546407,0.8142868,0.976144,0.2267572,0.04134176,0.38340905,0.3299991488456726,0.2476423382759094,0.98356362872948,80.48613739013672,0.7333250045776367,3.090970516204834,5.719484468704241,0.0991666666666666,-2.705675364298573,0.0798362791538238,0.522301141734744,0.4889379932566264,0.2599988590425259,0.21566955605787,0.2464281849880094,0.4783417757087905,0.8351971785134953,0.6516516043949516,0.4925783637073623,0.5229601771092598,0.8739565456383266,0.6702547994052154,0.9268360654154874,0.482332759748577,0.7158617033598267,0.9881848889979792,0.276279959877843,0.7866454335224833,0.5562181697525965,0.6772677886452201,0.9330372275534408,0.3998687967381448,food
img_0234,0.7000619071344769,0.6683612509599525,8,0.37799078,0.99484575,0.88361865,0.633958,0.2294782,0.8927077,0.2630311,0.32354912,0.06975902,0.027137537,0.247515395283699,0.2018789649009704,0.9717635193796932,36.2920036315918,0.3813082873821258,2.7351582050323486,5.299738582729644,0.0138583333333333,-3.5806992572595235,0.0207526832818985,0.5425301054686574,0.5607630065752475,0.3913694921095444,0.2147958310824548,0.2643409588655158,0.5714711217040505,0.6501378605595569,0.4429091343053994,0.1822065890655402,0.2254747891097038,0.7966696387718809,0.6802783847606326,0.5232047761314276,0.30134940234809,0.3544761347687544,0.9068248857309988,0.5513720874854087,0.3801700348244774,0.2273859679952796,0.2371838326287822,0.7998751862432576,0.7760224106084043,face_person
img_0235,-0.09832973072151545,-0.36607758944050467,6,0.6708657,0.33984387,0.98288214,0.085822344,0.0571099,0.62611794,0.9281083,0.22648074,0.13261895,0.27239558,0.5632816553115845,0.2134686708450317,0.8964137503750662,89.93836212158203,0.4964511394500732,2.0682437419891357,5.590433651977982,0.048,-2.185301215277994,0.109930083155632,0.5084258851322294,0.677200398369696,0.1903676689559744,0.1829948112596707,0.1976983791843825,0.4289798517975004,0.8925090592726426,0.674947368555711,0.4281031342545996,0.528539266810435,0.8825818031352933,0.4948360273668659,0.8852556195291396,0.4298086806900004,0.690626983447644,0.9798035139585062,0.2010740396121682,0.7917994085283596,0.6352215224883015,0.6734302495216415,0.9347256786499708,0.4065842402856257,landmark_place
img_0236,0.26556849269666766,0.24080262508740358,8,0.31047872,0.3860245,0.44060555,0.0942193,0.10364739,0.6321587,0.9378063,0.33898684,0.010880408,0.33948323,0.407920628786087,0.1736637204885482,0.7895477953540939,67.3609619140625,0.3909037709236145,1.7973995208740234,5.2973060707035176,0.0220166666666666,-1.9409893338777413,0.1472345888614654,0.4195737982868586,0.6160814198282428,0.2651002808610075,0.1296522773336171,0.2041159799495199,0.4819582009821524,0.8067535362581002,0.6841590494131966,0.2608175929243985,0.3777642271123874,0.885992428295619,0.632695278124833,0.8140294936086546,0.2955689915410349,0.4845394116585336,0.9654464559418596,0.432563729694659,0.760445031312687,0.4600708636138687,0.5567598462322193,0.9244539306243283,0.4901051115726378,landmark_place
img_0237,0.04884344828462132,-0.2539266201049196,9,0.5232505,0.2968059,0.77404374,0.018540591,0.15830696,0.75695604,0.6981024,0.2286819,0.048346683,0.7181637,0.4757275283336639,0.2294930666685104,0.9129409169887028,42.28322219848633,0.3378962278366089,3.235975503921509,5.697204350716807,0.1053083333333333,-1.9477023608063275,0.13980033993721,0.5162353589815948,0.6568887492180612,0.3008833077453721,0.1615995363931082,0.229791397783663,0.5073249805558768,0.7709760117910212,0.7013158719978105,0.2608175929243985,0.3657350761877545,0.8923447424588669,0.6062622260820103,0.8035718522426195,0.433086293436915,0.5631702972669276,0.9633385080243068,0.3567095627414953,0.7892635641088317,0.5427695319039333,0.5876851495920672,0.9338949316467547,0.5032224318275821,landmark_place
img_0238,-0.07621798820412282,-0.00019632305733265033,8,0.5262957,0.21203373,0.8816471,0.15037233,0.251592,0.674076,0.95659727,0.562108,0.066456325,0.7795333,0.5886687636375427,0.2301219552755355,0.8012837155356746,54.20269012451172,0.3092560172080993,3.649723529815674,5.601912930803145,0.0261,-2.5446620798253696,0.0351851768791675,0.544688292029154,0.5867309528391151,0.3051821353190337,0.2038472427695375,0.2555412259742831,0.5103724424667686,0.7390982213439546,0.6342514233207317,0.5045595843367616,0.570754854353584,0.8675141279857732,0.4800432889309068,0.917869899276407,0.4754680005764727,0.6617445056048069,0.9863775779055666,0.1676560092934834,0.7760432997220991,0.5228795843877494,0.6162490960961258,0.9295639502441002,0.434773496238121,landscape_nature
img_0239,-0.05315672192794659,-0.2258268545044944,7,0.41926754,0.33189577,0.9311296,0.0635207,0.033553302,0.7663548,0.45612207,0.32472372,0.03433768,0.27923846,0.4994365572929382,0.1671136617660522,0.702452552681428,72.36824035644531,0.3426384329795837,0.8887142539024353,5.332810487818094,0.0493333333333333,-2.5106514746750705,0.0991323292255401,0.5211346807723504,0.5853981920949747,0.2303656068044156,0.0579416438990921,0.1440219260694305,0.4573346043477455,0.8689368206083643,0.7402904187446273,0.3151075567598607,0.3905644836523982,0.9067750697578147,0.530832360290489,0.955134443086957,0.0891403381744169,0.419991844210157,0.993888996090085,0.3538980511185324,0.7984872913860572,0.5926583350857549,0.6565804172873686,0.9369166406029624,0.3902491803974312,landmark_place
img_0240,-0.7517639385125666,-0.29283890599224066,6,0.44187477,0.30020836,0.9503085,0.040349685,0.051473096,0.56297916,0.68384355,0.20764649,0.046737533,0.38915017,0.4931123554706573,0.2050257921218872,0.8087774481998093,55.32830047607422,0.3644173145294189,3.366175651550293,5.603337458308612,0.02065,-2.617286650494236,0.0498798787593841,0.5836868560562847,0.5621092334160004,0.2212309498968674,0.0232551317112611,0.1620999135746757,0.4508589970995331,0.8647601112621048,0.7680004497195586,0.0845064822237861,0.3736540966899905,0.9170347096974356,0.4027056208892843,0.913654189052677,0.0793079617002284,0.4226117799398601,0.9855278167332264,0.3103553666878733,0.7799047735850095,0.5228795843877494,0.5666282601063243,0.9308289757381356,0.4131176386868356,landmark_place
img_0241,0.07653327003163977,0.05690695845336402,5,0.29984623,0.4737585,0.7802383,0.030151272,0.259193,0.42248604,0.9723531,0.3513332,0.04071477,0.25861987,0.4150047600269317,0.1286215931177139,0.8075207468045692,90.69872283935548,0.5689327120780945,2.436462163925171,4.880216998200057,0.0049,-1.9614850028379835,0.0757506191730499,0.5305184457405546,0.6281000935461727,0.2678265519730141,0.1435605733925019,0.1859213097923263,0.4838908691876669,0.8343271042251431,0.7033467503375117,0.4836530154310088,0.5101964551298476,0.8930966752353174,0.5748791708713912,0.836660211366646,0.2804303461416777,0.4677256545412843,0.970008132203356,0.4141779881420167,0.7703225727849938,0.4931891045252766,0.5614938395031146,0.9276898302379124,0.5241603137932811,landscape_nature
img_0242,-0.34531803708272885,-0.28523747052743526,6,0.22478381,0.12624346,0.7604923,0.063051686,0.5232828,0.5466252,0.77268517,0.24250612,0.0654201,0.20739807,0.5550767183303833,0.1529262810945511,0.7281779908679908,92.34589385986328,0.5114560127258301,1.903164625167847,5.196563011526784,0.0190416666666666,-2.227036905099176,0.0867156088352203,0.4807075721809958,0.6065610209202389,0.2219082086426256,0.1294635168183954,0.1947947503766721,0.4513391094548558,0.8308239205757356,0.6263989806558585,0.5240967940832506,0.5971771579428499,0.8646067608138998,0.4174938739410215,0.8657396799712916,0.5247771950703555,0.6136523288925879,0.9758696838805628,0.168542115866256,0.7770708806285485,0.5171302079048267,0.603306687301405,0.9299005875204338,0.3762131938073291,landmark_place
img_0243,-0.39339552558776425,0.11385988874407715,7,0.17427984,0.17508224,0.972329,0.04445265,0.5368517,0.48425815,0.57083654,0.2832037,0.042715017,0.14105132,0.4607244431972503,0.2723309397697449,0.8456032464057677,40.06971740722656,0.4245371222496032,2.7742855548858643,5.199258883420283,0.0309416666666666,-2.636373959722795,0.0347286164760589,0.4899482980240431,0.5724523648149031,0.2602125217857043,0.2491927969566246,0.273141007118406,0.4784932423727717,0.7886272039580378,0.7767018938759496,0.7072119510069454,0.7384887082838667,0.920256419701298,0.2354388047228364,0.9243876549345232,0.673126357430001,0.7602635620695833,0.9876913626286942,0.146633395387338,0.7545640062666967,0.5035032266954828,0.586334985282344,0.9225272966813424,0.4710757393100378,landmark_place
img_0244,-0.4858021503644137,-0.013081942964440227,6,0.51742136,0.2193068,0.79608047,0.029022468,0.5723162,0.15036015,0.93055016,0.5486338,0.048277665,0.4003839,0.37856125831604,0.2095869034528732,0.8684992833563648,60.13411712646485,0.4480978548526764,3.1349713802337646,5.54347417310445,0.0253416666666666,-2.131492520072147,0.0674303025007247,0.5039849973685626,0.430715684226216,0.2473467564069013,0.1452561725179154,0.1803255627544708,0.4693726323286292,0.8545968904026988,0.7276678492066906,0.3775378864079592,0.4566049959230401,0.902101562944011,0.583026378647001,0.8399579986057172,0.325736098663994,0.4277357344335259,0.9706728675389656,0.3862828654478704,0.7642572996505187,0.5832451660011196,0.6110811077026869,0.9257028363035256,0.5401255207722031,landscape_nature
img_0245,-0.07678898550946665,-0.2451735939927988,6,0.39286533,0.17478548,0.69384015,0.024447642,0.68305415,0.18742937,0.9640498,0.370668,0.03933349,0.11438938,0.3801024556159973,0.1978684663772583,0.8994974336877372,56.99481964111328,0.5353757739067078,1.5922083854675293,5.564209474736736,0.15695,-1.4492677294130334,0.3216343224048614,0.4848436746194223,0.5403914684776823,0.2978616017857742,0.1517871970603156,0.2067516755881712,0.5051828770032225,0.8128788801235498,0.7556584199493294,0.3916088230196831,0.5073161827913986,0.9124650727424574,0.496121997444996,0.8447512393964907,0.2708942734513646,0.4396655616609712,0.9716390416110708,0.3679327542036158,0.7919992974185585,0.6047155405641567,0.6602049897375184,0.9347911625949756,0.3500430919589939,landscape_nature
img_0246,0.20159654519188594,0.1418163479921216,6,0.762022,0.2696237,0.91251254,0.032914095,0.31808203,0.36116034,0.8142232,0.6337327,0.075052634,0.42996827,0.4993525445461273,0.275636613368988,0.9397772646394216,28.462377548217773,0.2869340479373932,2.15878963470459,5.839351833085092,0.0192916666666666,-2.294312243839261,0.0338723696768283,0.4714188556637059,0.5313270377822646,0.2704203862918038,0.2745480978754872,0.2823767841491119,0.4857296522405411,0.798098484745346,0.7547081299128943,0.562907950473165,0.6479172111944924,0.9121132278231624,0.336334672608809,0.9332497871241374,0.6680225839106243,0.762807686756083,0.9894777035864984,0.1466242211968104,0.7811198644213656,0.5770265690137393,0.6427890839565121,0.9312270415907424,0.341083864358931,landmark_place
img_0247,-0.36817529813079836,-0.18692606849678436,6,0.47683752,0.17990479,0.97956055,0.0876248,0.24812438,0.836215,0.6306379,0.14549886,0.11071767,0.37507585,0.5182704329490662,0.2575900256633758,0.8037632492847184,39.41363906860352,0.2657538652420044,2.263124465942383,5.204243769736264,0.0266416666666666,-2.5864544597022907,0.0232210364192724,0.569487872205626,0.4631751191822743,0.2973397010673697,0.1184722221799564,0.2247387055912038,0.5048128987862899,0.7896796562668846,0.6690671758325869,0.3219531436477088,0.5066531773299989,0.8804046615734737,0.5550973342284262,0.8692908393392078,0.2798732918744788,0.6010948902784568,0.9765854914639828,0.2752959756574828,0.782635368977541,0.4887705341268247,0.5928921924787403,0.9317235234958264,0.4881263451262983,landmark_place
img_0248,0.010365091391359696,0.5396294103840603,6,0.35504603,0.44671014,0.28542563,0.021676283,0.5093411,0.32021856,0.7249498,0.20159514,0.01979907,0.041599996,0.4164104163646698,0.1771343648433685,0.8286449675686873,47.452293395996094,0.3368212878704071,2.10196590423584,5.3913032488015995,0.0490833333333333,-1.9714657365056507,0.2473508715629577,0.5151392169265241,0.5809498815818234,0.2836705083827371,0.2709902446912142,0.2779739116124268,0.4951227348182618,0.7524370686637071,0.5788668569709012,0.5083423420690021,0.5340432155841573,0.8470079903536878,0.5027939920365472,0.7647919076222143,0.5524209735369437,0.6582217541081988,0.9555216303322778,0.2232745512950323,0.7494223892119714,0.6540870632590732,0.6789629458287356,0.920842894070912,0.3937971344593368,landmark_place
img_0249,-0.523566781982374,-0.31322441441958926,6,0.593457,0.3494308,0.9439281,0.20937681,0.09296596,0.7866635,0.8753768,0.62251765,0.06488478,0.43323714,0.3015323579311371,0.1695557087659835,0.9711401741328488,97.26978302001952,0.6174805164337158,1.770251989364624,4.87444339653144,0.031825,-2.34263821631482,0.1153815314173698,0.5437831901217429,0.6169990587403882,0.2907435455450893,0.2383907415331375,0.2778469845872835,0.5001368487777645,0.8168814198247367,0.7197219700052622,0.3873523045289525,0.4827887887404641,0.8991596008912032,0.5163119164450769,0.9742314253925988,0.6912234161093409,0.7544870965996295,0.9977383769087338,0.2238062812993933,0.7710093041491441,0.5884433997410011,0.6253116820072687,0.9279148046166203,0.4878751718109487,landmark_place
img_0250,0.12903860700546563,-0.012576632794526532,6,0.3056803,0.3991834,0.9823698,0.1737072,0.12720427,0.79805183,0.30314118,0.456732,0.44487467,0.40951315,0.0948337018489837,0.2068511843681335,0.999999986745335,12.442285537719728,0.0343525186181068,2.9450597763061523,1.5649715064389331,0.0151083333333333,-2.816865083939328,0.02791004255414,0.5003834265940511,0.6795159064309676,0.2381558650214407,0.1311724124323838,0.2486573624936744,0.4628571601575791,0.722483432253641,0.744297974438525,0.6892401016810639,0.7210410575617555,0.908258867393933,0.3348861692318479,0.83728157150509,0.6800053479269843,0.7457096454004288,0.9701333798346372,0.2876569247129392,0.7890498608835151,0.6639604552777459,0.7637691172067582,0.9338249221017518,0.3174272029764389,object
img_0251,-0.11191925707994166,-0.19385180046768072,6,0.48369935,0.22883569,0.8836435,0.087401524,0.07356642,0.92808545,0.57423013,0.4623654,0.038422894,0.65820557,0.4777204990386963,0.2082802206277847,0.7773559076873031,36.77439498901367,0.2114274352788925,2.33970046043396,5.306786251732887,0.0473,-2.831119491619557,0.0531843863427639,0.462584131638237,0.5346317233254406,0.2687826661078381,0.2003523225575431,0.239239653919963,0.4845686636231063,0.8198903226064955,0.6314001064681813,0.5369175805691369,0.5553478596519694,0.8664584278211863,0.553816683627232,0.8802797156303579,0.5989477468263917,0.7238878618517235,0.978800520463678,0.3648785542593267,0.7796482693856026,0.6494277980217678,0.7037235447192529,0.9307449445202386,0.3395406476251861,landmark_place
img_0252,-0.5189943312663153,-0.43999065192154735,6,0.19202833,0.9887044,0.9822302,0.49880219,0.58142245,0.50499326,0.844927,0.13553615,0.28324553,0.33751094,0.2745940685272217,0.2081780582666397,0.9077451489669468,77.07890319824219,0.7157305479049683,2.142487049102783,5.275561543794266,0.0029416666666666,-3.063687781402095,0.0201385002583265,0.5442827701250803,0.4630009190456308,0.2148668006396025,0.2761954838664419,0.3080998239924466,0.4463474175759503,0.758368012322772,0.4955252487826309,0.3704590262340761,0.3972602547087344,0.8161507570011108,0.5989890093328393,0.6639220619212252,0.4530431380036854,0.5155243939230727,0.935189284466998,0.3518805270959022,0.5857833733669917,0.3065933534213223,0.4286753951700762,0.8672344703933547,0.4775334568913478,face_person
img_0253,-0.1774435490747195,0.021755353084137896,6,0.40360954,0.09533991,0.8952676,0.059703443,0.082853876,0.77012086,0.40544778,0.8729079,0.0916328,0.21034938,0.6927015781402588,0.2831282019615173,0.999999989520275,12.189926147460938,0.1025787368416786,2.9309897422790527,5.209883856471054,0.0756333333333333,-2.3577557873740913,0.0670709386467933,0.4541615615269368,0.6886655181634161,0.3266716876622719,0.2961859435431579,0.328254633265767,0.5256065013179254,0.6917162411065167,0.6397118584504973,0.5348442210973612,0.5614688950778994,0.8695358542839404,0.3889492634223476,0.9094361942252952,0.6548848238675345,0.7163689537056953,0.984677595053077,0.2446712898921587,0.7457680516188847,0.7368160257414935,0.7416842084919819,0.91964572677594,0.2310033254088733,scene_with_people
img_0254,0.4237229335041968,0.2473496279585333,6,0.85862136,0.9629215,0.91431344,0.80539554,0.8611363,0.17081492,0.012247042,0.42854118,0.03986205,0.009934973,0.6836853623390198,0.3397575616836548,0.8819188043187853,0.0,0.0,-0.0,4.304836786059882,0.0288916666666666,-2.867490705723061,0.0169428829103708,0.3089220836507109,0.5046573692572587,0.2901061814984911,0.1667222358608935,0.2502369680806325,0.4996850179885322,0.75712408328321,0.4996373853415816,0.2212157189280664,0.2687630462835343,0.8176732757061803,0.6249593783882023,0.5827613046478625,0.3805892828956819,0.4369801589301775,0.918829701718535,0.3887534873870122,0.3854299228747241,0.3004880601105087,0.3148252457331468,0.8015983346357,0.757787543857295,face_person
img_0255,0.6515453030768201,-0.09205798712783242,2,0.9072776,0.684121,0.7754617,0.6508076,0.32658175,0.5356911,0.64789003,0.21842894,0.023487216,0.3896431,0.1858280897140503,0.175505444407463,0.9754773443753588,44.67221450805664,0.3351806104183197,2.762744665145874,4.910524835642157,0.0328416666666666,-2.0897068325597576,0.0851263478398323,0.5414591765968084,0.5587989200116258,0.4071710194452115,0.2226886414092694,0.3177707514627956,0.5826729091366054,0.6297026839037874,0.7306421964788773,0.2156678112028957,0.5191292450851586,0.9032028151257802,0.2568438497991582,0.8877694531208304,0.1788103464932143,0.4505026784049208,0.9803102276713984,0.1123853084970926,0.6539559740056562,0.3723651685322691,0.4883671182727541,0.8895679318809292,0.286073057119663,face_person
img_0256,-0.8545819762204269,-0.3389771852769642,2,0.100183725,0.82348734,0.99058795,0.12504679,0.076954454,0.9683375,0.21943909,0.03733298,0.038268864,0.75697327,0.6871575117111206,0.3578400909900665,0.8765730027395021,38.33885955810547,0.1526152789592743,3.5611605644226074,4.021409280849305,0.0731,-2.6592959957480815,0.0405111499130725,0.6138453502060586,0.5514197275639175,0.2921742278466304,0.1629087128251132,0.2529143244458197,0.5011510671305185,0.7875805518399942,0.8100239607399102,0.2835673277326458,0.6064513919680286,0.9325939161255168,0.3399811018624137,0.8797282812625389,0.6800053479269843,0.742256965605997,0.978689367777654,0.2647787561791621,0.7962149537079699,0.7516340423460799,0.7689002630617816,0.9361722188624846,0.3233161289956734,object
img_0258,-0.3368497807540826,-0.24512761359937354,2,0.551845,0.04227043,0.42675126,0.29976216,0.8689053,0.12524225,0.02623658,0.7272133,0.047470786,0.13210003,0.6205107569694519,0.2510219216346741,0.983480005870965,40.08546447753906,0.1842917948961258,0.7952969670295715,5.184186033732691,0.0239916666666666,-2.831880033532205,0.0193363782018423,0.4417509272482355,0.5487166021815837,0.1968601949899818,0.2137082911499781,0.2310647879208807,0.4335824383062818,0.8270340665831171,0.7136488132182581,0.5019455617494879,0.6449939792846697,0.8969110143779694,0.4315293411525228,0.8813621663752701,0.6691865717723171,0.7448763778623271,0.9790187101790953,0.0554137742085379,0.7148496681057508,0.6578525669869151,0.6823452506462863,0.9095168110388312,0.3365367372472365,animal
img_0259,-0.35492990705290106,-0.7805509183249009,3,0.32958636,0.8989688,0.9599783,0.10156611,0.5322832,0.79501545,0.8059618,0.85868317,0.07722926,0.08540143,0.4618971049785614,0.1704089194536209,0.8266649837107705,48.299415588378906,0.3413448333740234,1.8084022998809817,5.481466391208988,0.014325,-2.0690461631042956,0.2417107075452804,0.5202762840982325,0.4893750752843038,0.2132859104828486,0.2180076955198741,0.2354804763827901,0.4452267160694445,0.6953178834976476,0.8025077063422006,0.6898321991723674,0.731378338692924,0.9298110226713432,0.1152693428495015,0.8348411629597317,0.4242487074401723,0.6510793116231898,0.9696414664163904,0.1359142866722145,0.8202579282874762,0.677021423876757,0.7403920734013156,0.9440487387808638,0.1218975162737798,face_person
img_0260,0.16124510949545398,0.027708026767015264,3,0.4262222,0.37314248,0.44183713,0.19909073,0.5554287,0.48109287,0.22685887,0.7494008,0.12865144,0.3811062,0.556846559047699,0.3202561736106872,0.9625796244091412,19.945981979370117,0.1301886290311813,3.9931771755218506,5.640606966116822,0.0985583333333333,-2.6128240347928746,0.0605333782732486,0.482999062527809,0.5778514615710256,0.3690392607387543,0.2816053969794428,0.3190448877900684,0.5556411009837909,0.6631637179198121,0.5382711333726944,0.4785748527202685,0.5623605703402152,0.8319774222686953,0.515737442609522,0.925638313227748,0.6531393371149135,0.7306188186447118,0.9879434579580804,0.0246691642456224,0.7654708640305623,0.6664907969641894,0.6973489175252819,0.9261004020864132,0.2340955912287559,vehicle
img_0261,-1.0607472059870233,-0.9349281400735329,2,0.68514895,0.106222674,0.6648944,0.29112726,0.62919366,0.1511998,0.29870304,0.34989446,0.03898643,0.6454203,0.5369542241096497,0.2740265130996704,0.8251884997574578,36.833839416503906,0.325935423374176,2.0237998962402344,5.561006298411032,0.044975,-2.520202875967143,0.0369538366794586,0.510663233271241,0.4968552194953148,0.2159959777636991,0.1857296077123369,0.225080730945813,0.4471478972921914,0.8080327884806486,0.7076699451449298,0.5774760675708266,0.6452962692161652,0.8946973382642786,0.3749871167049002,1.0569329301693635,0.6531393371149135,0.8024987395616252,1.0144085283005069,0.0146761789487969,0.8315796570035641,0.7087184737400232,0.7617670867056912,0.9477577566250516,0.250233037685239,animal
img_0262,-1.1474966087533827,-0.5031599234551563,2,0.27515823,0.16403306,0.7240517,0.1843464,0.69231504,0.45689908,0.43707484,0.55471075,0.22460836,0.23441519,0.5918739438056946,0.2673333883285522,0.8781429671622399,46.48854064941406,0.2716131210327148,3.273223400115967,5.6319711920044035,0.106675,-2.423680554641437,0.0970823466777801,0.4324924143314764,0.5149535873989625,0.4112417968193709,0.2798534124276494,0.3406447227786241,0.5855587050386041,0.6114724736137409,0.6626314759323444,0.3639511014184916,0.5736867526302156,0.8780218434598575,0.3666400490208154,0.868079030767675,0.7479599011343181,0.8291521202529808,0.9763412270772608,0.1034275738741551,0.7525756924575498,0.6999758866858725,0.7451459926353472,0.92187592164994,0.2290563501174118,animal
img_0263,0.8200899660022347,0.8266663544906343,2,0.8041077,0.40247697,0.71185523,0.4695996,0.2544033,0.2569077,0.16677873,0.27145985,0.027493896,0.13359989,0.1969555765390396,0.146504670381546,0.9672308571914242,8.328579902648926,0.1119235455989837,3.9598546028137207,4.953169127127207,0.05985,-2.084900156537446,0.2130304723978042,0.5039699573715444,0.4847581042036678,0.2578395065715002,0.2133704576933219,0.2719475435131537,0.4768109991668423,0.8011500443888998,0.5661279046070793,0.4602010880301701,0.5662022991249299,0.8422913927945215,0.5099693536923178,0.7152194935134804,0.6548848238675345,0.6939479107692726,0.945529313381348,0.454409368179222,0.794347958060407,0.6333404388671934,0.6750057258646965,0.9355605878699496,0.2247778955171912,cartoon_art
img_0264,0.5119508830511807,-0.24808490552489876,2,0.41433868,0.94846416,0.74536794,0.46544915,0.23593155,0.9027654,0.5445119,0.10887469,0.044709697,0.12567104,0.2516747415065765,0.1776059716939926,0.9092499840334264,70.0751953125,0.7916543483734131,1.9062761068344116,4.568208013443767,0.0142916666666666,-2.6855318608884375,0.0238200444728136,0.4915805748855536,0.5394887623614537,0.3552992836145218,0.2795005188312524,0.3145429976943497,0.5459007575470897,0.7007171889878675,0.4950092402838428,0.3225801097510967,0.3321472721703454,0.81595970483635,0.599682967340881,0.5554409368367588,0.3583655469597165,0.4292080353893695,0.9133227321812892,0.5087468155933529,0.4872891403206207,0.3236056795771815,0.3501966994712062,0.8349675898595093,0.6030482741569463,face_person
img_0265,-0.9699297676988384,-1.1855825744174804,2,0.6987954,0.78298414,0.93062335,0.2717689,0.22286822,0.69512796,0.5166745,0.43425137,0.09706392,0.094678834,0.2870541214942932,0.1972321420907974,0.9999999858427734,46.456268310546875,0.2847481966018677,3.057465076446533,5.325786854062343,0.0405166666666666,-2.4679225320031635,0.061889711767435,0.4932931163490833,0.5376475441426911,0.3372080495402558,0.2434236426677606,0.2636056124076578,0.5330757847335383,0.8007115937210272,0.6554771401931967,0.3574734132097232,0.4240062773856373,0.8753729504017003,0.7059673999139264,0.8894440761781136,0.3351528001020341,0.4996606116209934,0.9806477816247928,0.4991264822581687,0.7671837577619423,0.559066269298368,0.6156955178768193,0.9266615490255602,0.5087337981920803,vehicle
img_0267,-0.5447613755830911,-0.01899035055709361,2,0.4891703,0.40075666,0.96833885,0.073842876,0.90260106,0.345229,0.46788874,0.12336891,0.027732858,0.19060245,0.606360673904419,0.1877229511737823,0.9089041492471528,51.884559631347656,0.2999259829521179,1.2860233783721924,4.799502674849294,0.0990416666666666,-2.102586954878166,0.1915039420127868,0.460627982270056,0.5903031640034418,0.2050628024473191,0.0852403684631167,0.1496751198419763,0.4393973107029759,0.8726839865347342,0.9009466522403288,0.0995581214178462,0.6726550507392935,0.9662580458401104,0.2006372948134257,0.8444662547314448,0.3527747723973292,0.7018980891705731,0.9715815972208692,0.2257055948583831,0.7934205564489296,0.335968025410279,0.6490342835734038,0.9352567695033418,0.2844446876924049,animal
img_0268,-0.8172783080149197,-1.1213877710688582,2,0.38695616,0.9821686,0.98787224,0.21324368,0.025734434,0.94846,0.85022664,0.08805363,0.023205837,0.26088896,0.4727218747138977,0.229604572057724,0.9244685359482988,67.3299331665039,0.3778427541255951,1.9744067192077637,5.467469787568529,0.0883583333333333,-2.5475487405903623,0.074932686984539,0.5326855730217569,0.5566309515104837,0.2803544617829346,0.2128851883345139,0.2772734012952129,0.4927719716079494,0.7993375393062803,0.7094261070846675,0.5165614331832731,0.6155064254584907,0.8953475572840143,0.4386193305998577,0.9486475000021856,0.6449644547399074,0.7894208952024803,0.9925814222607472,0.164568787904488,0.7908323234137953,0.4951246641931947,0.5970795173104249,0.934408859899344,0.4039037410067153,vehicle
img_0269,0.04958179227104911,-0.3354280977829059,2,0.77805537,0.54191834,0.8236794,0.13250577,0.14368498,0.112140074,0.16650696,0.28099114,0.11086855,0.45350528,0.4083187580108642,0.2570520937442779,0.976653687742384,24.573549270629883,0.1527808904647827,3.7134509086608887,5.827804656703791,0.09875,-2.3124160596069605,0.0833827704191207,0.5489136231266388,0.4263917225523256,0.3589705213233615,0.2408762533009346,0.2739474758729042,0.5485033176386056,0.7611441330216697,0.7028770848040149,0.3220805071590866,0.3987091242010051,0.8929227815550794,0.6363741899059714,0.9496936252759176,0.3351528001020341,0.5031308964129992,0.9927922898469532,0.3708215980515412,0.7902675180805889,0.5308834186453326,0.5746193576768995,0.934223828698554,0.5008752697881321,vehicle
img_0270,-1.0051392101949364,-0.4096584723917003,2,0.6929384,0.8031642,0.9503838,0.24835931,0.15657257,0.96970356,0.587694,0.25022542,0.023950337,0.28146768,0.7475423812866211,0.3639531135559082,0.9646592315570214,30.238052368164062,0.1400003135204315,2.800999641418457,2.913485800272703,0.0744583333333333,-2.326500007585101,0.0355865098536014,0.5224348287248355,0.5459826335601009,0.2381365711900229,0.2128851883345139,0.2817135993644067,0.462843482657062,0.8118477218345221,0.7528981894067214,0.7316411398461385,0.7479498127847943,0.9114430972873192,0.3230993624795346,0.9224563223522316,0.556342782937034,0.6924575682858138,0.987302063708178,0.2342452411677239,0.8203108228940925,0.4951246641931947,0.5427707058295368,0.9440660671451728,0.464895321828241,vehicle
img_0271,-1.1372752984646135,-0.8984991106218652,2,0.1754859,0.73576444,0.5834755,0.51875854,0.072372474,0.9726557,0.9971003,0.15598683,0.2310407,0.3022756,0.4652407765388489,0.2844530940055847,0.9929732389505248,105.50871276855467,0.4846567809581756,3.259280204772949,5.943224269473641,0.1286583333333333,-2.1298980925066178,0.10887111723423,0.5203785699087932,0.5150694070881922,0.2951393799211343,0.0773283008263664,0.2451650031371296,0.5032530793308722,0.81058891746136,0.6570482251767374,0.2868844266021337,0.4676111092598471,0.875954644671918,0.5110823118662513,0.901207130356656,0.2158199025444264,0.5992225548480077,0.9830188617461912,0.3152680200839385,0.8062962962129928,0.4007047051505271,0.6204846275415907,0.9394748840457064,0.3339989036850461,vehicle
img_0272,-0.2006837853377781,-0.926273483121878,2,0.7746343,0.33855402,0.8979508,0.07559011,0.3813109,0.6596202,0.8924094,0.10757435,0.06480822,0.89444226,0.3505163788795471,0.2650991678237915,0.9444827877671254,58.759735107421875,0.2852357923984527,2.8246374130249023,5.664079628606808,0.091575,-2.799626177202123,0.0695545896887779,0.5589843087751154,0.4137365782154159,0.3046032169566609,0.1247947549136636,0.241910925501591,0.5099620441363829,0.8179417306703198,0.7343087516440936,0.2213824911004105,0.3847364830097736,0.9045603573042028,0.5357220684977448,0.92860306250043,0.1395488468824826,0.4989588511230916,0.988541062794264,0.3483170164389177,0.8233953979657678,0.5118335881816685,0.5704830462124105,0.9450765792559536,0.4153186759231894,vehicle
img_0273,-0.5308026116862168,-0.025196813270958796,2,0.63126755,0.59318864,0.8515,0.09388614,0.57027435,0.29810885,0.6960528,0.1621573,0.012420812,0.25503114,0.349850058555603,0.297540009021759,0.9938415545468304,57.33475112915039,0.5786360502243042,2.8079042434692383,5.615521188108177,0.0576666666666666,-2.959021021926904,0.0266761109232902,0.5051068909267175,0.4580293355653773,0.226761798819794,0.091430294264155,0.2081766901771493,0.4547798455491861,0.8120003565864442,0.8207043125896301,0.3413797843963374,0.5889761848880607,0.9365483167721892,0.32448955840938,0.8802503323298455,0.5018040173714793,0.7042607856873075,0.9787945976685696,0.1944839854436685,0.7387190197332948,0.7074508768134649,0.7235159837688545,0.9173364517788498,0.3841933746005564,animal
img_0274,-1.1143340250788465,-1.0786139606202183,2,0.59839517,0.18393292,0.6345977,0.006419681,0.26152536,0.9884899,0.82362586,0.26082277,0.028179115,0.7327039,0.4445212185382843,0.2325984835624694,0.8280542551344856,50.62455368041992,0.3079828917980194,1.9091129302978516,5.23897611764355,0.0370083333333333,-2.4727690382804774,0.0461779609322547,0.4737176259271686,0.5873778730920304,0.2932769929792549,0.3052377145240498,0.3136075806500421,0.5019328232444233,0.6877966006875593,0.654872848534524,0.5755397014738737,0.5972825970608155,0.8751492113938979,0.4789217118745663,0.7754092521323604,0.6414607556776852,0.7443711491010975,0.9576617696301116,0.1056336265607282,0.7783676587077794,0.6395149302115452,0.6648501053946911,0.9303254142546216,0.4300880306272111,landmark_place
img_0275,-0.783622550159917,-0.4540016464459529,2,0.38948664,0.7290954,0.9815964,0.59960514,0.2263705,0.9195969,0.27495894,0.09491976,0.027496548,0.4082855,0.413855105638504,0.1807863563299179,0.8326807238340006,14.852469444274902,0.1037284359335899,2.4159295558929443,5.232279725029242,0.0479416666666666,-2.6797581722985835,0.0695564374327659,0.5311077212432724,0.5629420207963252,0.3282389168755943,0.257399993888838,0.2936243061259197,0.5267175185084031,0.7570618611999216,0.6896353516177047,0.3218959255560235,0.3832083225023971,0.8880200293787658,0.6013369125486892,0.9724826117580758,0.7861534193572798,0.8447139848588586,0.997385868352545,0.0114723432074125,0.7961726293267367,0.3879693498497164,0.5133144208356796,0.9361583533222322,0.5023261724268443,vehicle
img_0276,-0.4225635021528738,0.3885398646227772,2,0.6054765,0.102092244,0.5815556,0.096166305,0.08215162,0.8696095,0.60663956,0.08748964,0.012467388,0.40534344,0.479496031999588,0.1505390405654907,0.782728311091604,61.304569244384766,0.3752422630786896,1.5325158834457395,5.182643850721161,0.0540333333333333,-1.9303402039810351,0.22321817278862,0.5753595795007039,0.680901407588824,0.2768525797882527,0.2864927457838315,0.3268830742311071,0.4902894686900336,0.7158273939013657,0.6221856350908805,0.4945470163040331,0.5558710255733482,0.8630467694708016,0.3587414732768554,0.8750617599601918,0.443607317194709,0.6503482340842117,0.977748736566734,0.0305867987689028,0.7939608456776909,0.6161360029638991,0.6728953967164283,0.935433769186054,0.2069362546058856,vehicle
img_0285,-0.8452900260807096,-1.0048221178680619,4,0.7079094,0.577601,0.96831113,0.035969477,0.3000769,0.72340107,0.8432515,0.23653242,0.072243124,0.8123559,0.4661263227462768,0.2747083306312561,0.8886028038801845,56.83332824707031,0.2978775799274444,2.259074449539185,5.693274666177377,0.0968333333333333,-2.6665323097496194,0.0707409158349037,0.5139263703888556,0.5000835691803642,0.2694097354517923,0.150359481470955,0.2214577646090757,0.4850131964424495,0.8245295709656607,0.6888900994888565,0.2306567847721887,0.2958220341727501,0.8877440997519407,0.696195803524022,0.8906314198837321,0.3686551542616954,0.589178236235922,0.9808871146258082,0.3404212225537059,0.7905474875282132,0.3833894641461192,0.5347284299566331,0.9343155471722168,0.4583976338220897,vehicle
img_0286,-0.10208502487733528,-0.2607068074229657,2,0.339757,0.8199156,0.9323851,0.6977622,0.1830613,0.5332508,0.023088232,0.08047327,0.06429821,0.21161626,0.3805892467498779,0.2829113900661468,0.9844357869843336,1.256587028503418,0.0022739216219633,2.7213003635406494,5.626875051838862,0.0614666666666666,-2.764707721889827,0.0372728072106838,0.5304246164506892,0.5045151487442358,0.2770606448997961,0.2412716723957667,0.2875624691636337,0.4904369671629425,0.7785920283822703,0.7252556426378567,0.3351145965260137,0.368015087148209,0.9012084433773598,0.5557986197841411,0.8674959178214975,0.6116305572618228,0.7255444887337781,0.9762236889367212,0.0250309121810263,0.7613239673547144,0.5237009928068466,0.6218260070480077,0.9247418715868376,0.3776439807989424,vehicle
img_0292,-0.1179700155783363,-0.5324573463824832,2,0.116569206,0.60916185,0.77989763,0.72449505,0.05218451,0.98162377,0.98596513,0.046963923,0.1532081,0.31702924,0.4039143919944763,0.2400588989257812,0.9233313332213472,89.69633483886719,0.3845305144786834,2.5671398639678955,5.661053662603645,0.089525,-2.326665468541736,0.098507635295391,0.4629657612464896,0.484872234681649,0.2811812860849415,0.0773283008263664,0.2160000476893258,0.4933581117878448,0.8227477127621077,0.7323882061264291,0.2868844266021337,0.4922145124798179,0.9038492752589786,0.418156732704396,0.9443944550073065,0.2158199025444264,0.586386381309482,0.9917241355144896,0.2491818799877937,0.8025780191952891,0.4007047051505271,0.6183788014476572,0.9382567700850084,0.3071260860410202,vehicle
img_0293,0.44220182184479473,0.49855689550470556,2,0.8868612,0.39761534,0.90768176,0.68358827,0.19703011,0.5676291,0.7678592,0.7047725,0.10486985,0.36032373,0.4394319653511047,0.2562915086746216,0.9345062865097152,71.98981475830078,0.3499669730663299,3.0154662132263184,5.745015562875609,0.0586666666666666,-2.543870544911657,0.0474060773849487,0.4458392021869949,0.4698512556899883,0.3460760113434372,0.2956307249706325,0.3874736552550614,0.5393623303926426,0.6989716906714827,0.5491866967186407,0.5372413972239843,0.6197458552440558,0.836018909980089,0.4782932087001383,0.8640873619256697,0.778797692797061,0.7901868354710428,0.975536625950816,0.1532676068976196,0.7060025008774362,0.5345206811058802,0.5964585049371878,0.9066184638037744,0.4091949008163465,scene_with_people
img_0294,0.5916146579587234,-0.5225847935053195,2,0.4216439,0.55951476,0.98707294,0.1701546,0.29656985,0.7635909,0.85428405,0.13064112,0.08741825,0.6177545,0.4509496390819549,0.2167790085077285,0.968573771835176,77.86591339111328,0.3492580950260162,2.6288468837738037,5.441829732027058,0.023225,-2.5957680775225755,0.0306888576596975,0.5162439186025523,0.5230876226520838,0.3043949347791904,0.2344450602752823,0.2669091320190479,0.509814391784275,0.799826455758467,0.7022224353532506,0.2889946521469956,0.3569919556551721,0.8926803975729902,0.6034954047591763,0.8879678621922711,0.6352328031375122,0.7002715024966564,0.9803502210096978,0.2722729924915413,0.7806552039166124,0.5020790854046517,0.5415053697400128,0.9310748180083872,0.4828542968634759,vehicle
img_0321,1.0480113599718055,1.0714387894328596,2,0.4367154,0.2997033,0.8135328,0.30031416,0.059172433,0.8534201,0.96412617,0.39717415,0.03246076,0.5997315,0.3728782832622528,0.2476679533720016,0.8471680888641946,98.71597290039062,0.6167711019515991,2.5422985553741455,5.421915161444689,0.1907166666666666,-1.5209244430535684,0.2108803540468216,0.3777698142561555,0.6191652871667936,0.2765160824074285,0.2038472427695375,0.2565743090382489,0.4900509238929686,0.765538344796171,0.70886705791778,0.4945470163040331,0.611166120836048,0.8951405693103811,0.4228142513106933,0.9171214892711944,0.443607317194709,0.6281603914498015,0.9862267208187012,0.3205113821894339,0.7536703611224106,0.6694419808844196,0.7074700310719803,0.922234536991577,0.3801913577975987,landmark_place
img_0322,-0.006410438638848215,0.04514694356945956,2,0.4856721,0.99722457,0.94495934,0.5859487,0.4450207,0.83950925,0.1322057,0.1240902,0.024916423,0.043102514,0.4921182692050934,0.1907244771718979,0.8376888453597541,51.60081481933594,0.2189710289239883,3.0024099349975586,5.234760454271253,0.0149666666666666,-2.567010022035269,0.0380306281149387,0.5990682893234838,0.493247140811736,0.3371236601183649,0.1752209590567793,0.316852666344226,0.5330159606199893,0.7019004979650897,0.4223899422484952,0.2707984893867114,0.297100679644613,0.789072407193677,0.7149369922134513,0.560501716478289,0.4302513337896874,0.4525273872827065,0.9143428340888956,0.5362900951482309,0.3966534652424909,0.2517427290422148,0.2651651555344029,0.8052751864629211,0.771563750994756,face_person
img_0326,-1.0539048590556208,-1.0994839383768482,2,0.72311175,0.9252921,0.96488756,0.5768842,0.92259496,0.22328408,0.9133476,0.09181712,0.120982975,0.6894731,0.2380518615245819,0.2403473556041717,0.9839670538065118,32.857948303222656,0.2547363042831421,2.4159538745880127,5.085932470803079,0.040975,-3.410264417275332,0.016565216705203,0.5838071345935237,0.4781226211150073,0.3314710492960555,0.2128844159300483,0.2661511983146211,0.5290087945071575,0.7190798677633762,0.4994712527239717,0.2931199293425401,0.3602095274476294,0.817611765098688,0.5752027183446003,0.578268268650983,0.3162386168139399,0.4023011035088951,0.917924039959673,0.427763625943175,0.4213506855759156,0.3584355621053261,0.3740940565072362,0.8133660384180956,0.6822066224329497,face_person
img_0327,-0.4855836797506461,-0.40044019356587046,2,0.5381865,0.20952527,0.7962891,0.23319913,0.07188879,0.8557005,0.87357336,0.36200038,0.05509607,0.37727445,0.1171117722988128,0.1994362324476242,0.9832185985435408,39.202762603759766,0.5840891003608704,3.3181557655334473,3.7162225713102623,0.0588166666666666,-2.445287163257261,0.1105876788496971,0.4089656019340853,0.6455643573227058,0.2310108097477184,0.0995742674822339,0.1923439159030727,0.4577919921728721,0.844943369057668,0.6646430407146533,0.4281031342545996,0.4651586514344913,0.8787666253910063,0.6691641317661738,0.8573824740280036,0.3262494392097965,0.5995514817351884,0.9741851209616303,0.3572144289018825,0.7844560771447953,0.5704418257702617,0.6034717892439249,0.93231999063002,0.4206977615161787,landmark_place
img_0328,0.8331828794937634,1.816552923805471,2,0.6146497,0.47345084,0.9718417,0.7790978,0.13322699,0.44559738,0.44966638,0.31404683,0.059847195,0.8622672,0.447498619556427,0.2634012103080749,0.9124149166137036,80.78623962402344,0.67548006772995,2.399068832397461,5.853360150930339,0.1056916666666666,-2.6377182950277747,0.0762775763869285,0.4783061109773055,0.4708684450591548,0.2454500930208334,0.2403640649565068,0.2667552445271505,0.4680280774871561,0.8266448788133316,0.9047946164289656,0.7307818035189275,0.7750715493905859,0.9676827547158128,0.2485135131495315,1.0063280710157312,0.7807953866755876,0.8103681069987434,1.0042081012885982,0.2428357885387801,0.8381144032416834,0.719134833543609,0.7536990003011721,0.9498985507574872,0.3362425893148171,food
