criterion,family,depth,view,layer_small,layer_large,unit_of_inference,small,large
RSA (MTL),CLIP ViT (B/32 → L/14),¼ depth,cls,block2,block5,1,0.025071417346521043,-0.002489007258610297
RSA (MTL),CLIP ViT (B/32 → L/14),¼ depth,cls,block2,block5,2,0.006847006726980119,0.0005354931705007782
RSA (MTL),CLIP ViT (B/32 → L/14),¼ depth,cls,block2,block5,3,0.004794971844555419,0.020094250174501567
RSA (MTL),CLIP ViT (B/32 → L/14),¼ depth,cls,block2,block5,4,0.018678805121867315,0.014868825356857338
RSA (MTL),CLIP ViT (B/32 → L/14),¼ depth,cls,block2,block5,5,-0.002548735429754284,0.005449948743025576
RSA (MTL),CLIP ViT (B/32 → L/14),¼ depth,cls,block2,block5,7,0.012458024390142024,0.016687920140012476
RSA (MTL),CLIP ViT (B/32 → L/14),¼ depth,cls,block2,block5,8,0.02881864104062902,0.015091391163911453
RSA (MTL),CLIP ViT (B/32 → L/14),¼ depth,cls,block2,block5,9,-0.040645330800279676,-0.023763254652893105
RSA (MTL),CLIP ViT (B/32 → L/14),¼ depth,cls,block2,block5,10,-0.020948739816618264,-0.03085298413844531
RSA (MTL),CLIP ViT (B/32 → L/14),¼ depth,cls,block2,block5,11,0.047526050677764047,0.038919855436078385
RSA (MTL),CLIP ViT (B/32 → L/14),¼ depth,cls,block2,block5,12,0.008847716009684816,0.02286868711393761
RSA (MTL),CLIP ViT (B/32 → L/14),¼ depth,cls,block2,block5,13,0.22915567051012142,0.19826944981998526
RSA (MTL),CLIP ViT (B/32 → L/14),¼ depth,cls,block2,block5,14,0.11972374574674594,0.09348256673916334
RSA (MTL),CLIP ViT (B/32 → L/14),¼ depth,cls,block2,block5,15,-0.010852317280993872,-0.0007889798703514159
RSA (MTL),CLIP ViT (B/32 → L/14),¼ depth,cls,block2,block5,16,0.07388176221843346,0.07818683957083873
RSA (MTL),CLIP ViT (B/32 → L/14),¼ depth,cls,block2,block5,17,-0.004004513426285071,-0.000539030178709966
RSA (MTL),CLIP ViT (B/32 → L/14),¼ depth,cls,block2,block5,18,-0.0026506085536579065,0.01627164238851908
RSA (MTL),CLIP ViT (B/32 → L/14),¼ depth,cls,block2,block5,20,-0.008618254943675048,-0.047669487079006534
RSA (MTL),CLIP ViT (B/32 → L/14),¼ depth,cls,block2,block5,21,-0.008738569570984551,-0.0027901482659502524
similarity tuning (MTL concept cells),CLIP ViT (B/32 → L/14),¼ depth,cls,block2,block5,1-34,-0.19637425791178761,-0.1654102634696105
similarity tuning (MTL concept cells),CLIP ViT (B/32 → L/14),¼ depth,cls,block2,block5,1-36,0.26682699157980333,0.2986191437680353
similarity tuning (MTL concept cells),CLIP ViT (B/32 → L/14),¼ depth,cls,block2,block5,1-38,-0.03226896077971625,0.1027498335799272
similarity tuning (MTL concept cells),CLIP ViT (B/32 → L/14),¼ depth,cls,block2,block5,2-0,-0.08060182143355778,-0.09636395540278687
similarity tuning (MTL concept cells),CLIP ViT (B/32 → L/14),¼ depth,cls,block2,block5,3-39,0.07396607997206209,0.1261848680549025
similarity tuning (MTL concept cells),CLIP ViT (B/32 → L/14),¼ depth,cls,block2,block5,4-8,0.2836057787541565,0.24962489472325636
similarity tuning (MTL concept cells),CLIP ViT (B/32 → L/14),¼ depth,cls,block2,block5,4-13,-0.05308877767206443,-0.1840834314782062
similarity tuning (MTL concept cells),CLIP ViT (B/32 → L/14),¼ depth,cls,block2,block5,4-15,0.18744372535832815,0.23546335828352613
similarity tuning (MTL concept cells),CLIP ViT (B/32 → L/14),¼ depth,cls,block2,block5,4-25,0.14450548007382366,0.17388019934963928
similarity tuning (MTL concept cells),CLIP ViT (B/32 → L/14),¼ depth,cls,block2,block5,4-33,0.10434128852901531,0.03634302851662803
similarity tuning (MTL concept cells),CLIP ViT (B/32 → L/14),¼ depth,cls,block2,block5,4-39,0.22922111889260663,0.29385530703595686
similarity tuning (MTL concept cells),CLIP ViT (B/32 → L/14),¼ depth,cls,block2,block5,4-40,-0.022658839488905,-0.034861700532091824
similarity tuning (MTL concept cells),CLIP ViT (B/32 → L/14),¼ depth,cls,block2,block5,4-41,0.37550177120045036,0.3657038769687238
similarity tuning (MTL concept cells),CLIP ViT (B/32 → L/14),¼ depth,cls,block2,block5,4-43,0.24976864199707025,0.2889807756034167
similarity tuning (MTL concept cells),CLIP ViT (B/32 → L/14),¼ depth,cls,block2,block5,4-44,0.15497003198812734,0.010327976774241257
similarity tuning (MTL concept cells),CLIP ViT (B/32 → L/14),¼ depth,cls,block2,block5,4-45,0.11460121492453842,0.11444422695888838
similarity tuning (MTL concept cells),CLIP ViT (B/32 → L/14),¼ depth,cls,block2,block5,4-46,0.04878553749157335,0.022475098246904072
similarity tuning (MTL concept cells),CLIP ViT (B/32 → L/14),¼ depth,cls,block2,block5,5-5,0.09622978979777055,0.18960776573581176
similarity tuning (MTL concept cells),CLIP ViT (B/32 → L/14),¼ depth,cls,block2,block5,5-6,-0.06937952258799936,0.002075236827779892
similarity tuning (MTL concept cells),CLIP ViT (B/32 → L/14),¼ depth,cls,block2,block5,7-17,0.10774145800754044,0.13366421482138477
similarity tuning (MTL concept cells),CLIP ViT (B/32 → L/14),¼ depth,cls,block2,block5,7-20,-0.10542079562213676,-0.13604899151388822
similarity tuning (MTL concept cells),CLIP ViT (B/32 → L/14),¼ depth,cls,block2,block5,7-21,-0.2231518517690527,-0.1972275124820326
similarity tuning (MTL concept cells),CLIP ViT (B/32 → L/14),¼ depth,cls,block2,block5,7-23,-0.0799636873445099,-0.16527461462885173
similarity tuning (MTL concept cells),CLIP ViT (B/32 → L/14),¼ depth,cls,block2,block5,7-24,-0.17815510236997845,-0.15306110472457476
similarity tuning (MTL concept cells),CLIP ViT (B/32 → L/14),¼ depth,cls,block2,block5,7-25,-0.15756899797392318,-0.06900743191391434
similarity tuning (MTL concept cells),CLIP ViT (B/32 → L/14),¼ depth,cls,block2,block5,7-26,-0.010106970088850484,0.05041356680318621
similarity tuning (MTL concept cells),CLIP ViT (B/32 → L/14),¼ depth,cls,block2,block5,7-30,0.05488077905532923,0.16863733505310358
similarity tuning (MTL concept cells),CLIP ViT (B/32 → L/14),¼ depth,cls,block2,block5,8-34,0.120846646880378,0.07909665821455239
similarity tuning (MTL concept cells),CLIP ViT (B/32 → L/14),¼ depth,cls,block2,block5,8-37,0.23002253098655473,0.271675369079593
similarity tuning (MTL concept cells),CLIP ViT (B/32 → L/14),¼ depth,cls,block2,block5,8-38,-0.02891925651411093,0.07219529897903937
similarity tuning (MTL concept cells),CLIP ViT (B/32 → L/14),¼ depth,cls,block2,block5,8-42,0.07331159870366813,0.03148846199827155
similarity tuning (MTL concept cells),CLIP ViT (B/32 → L/14),¼ depth,cls,block2,block5,8-45,0.004316692837353312,-0.01835603028967997
similarity tuning (MTL concept cells),CLIP ViT (B/32 → L/14),¼ depth,cls,block2,block5,10-64,-0.12699928634329785,-0.11400495488690926
similarity tuning (MTL concept cells),CLIP ViT (B/32 → L/14),¼ depth,cls,block2,block5,10-67,0.04719571146869008,0.1442585897722225
similarity tuning (MTL concept cells),CLIP ViT (B/32 → L/14),¼ depth,cls,block2,block5,10-70,-0.015803137642939048,0.07276614917923797
similarity tuning (MTL concept cells),CLIP ViT (B/32 → L/14),¼ depth,cls,block2,block5,10-71,0.02060922544484894,0.02250113720539199
similarity tuning (MTL concept cells),CLIP ViT (B/32 → L/14),¼ depth,cls,block2,block5,11-6,0.010304831427113276,0.04039904061972766
similarity tuning (MTL concept cells),CLIP ViT (B/32 → L/14),¼ depth,cls,block2,block5,11-11,0.2649510801892324,0.0897648468400678
similarity tuning (MTL concept cells),CLIP ViT (B/32 → L/14),¼ depth,cls,block2,block5,11-12,0.28585704779534094,0.3249296719670078
similarity tuning (MTL concept cells),CLIP ViT (B/32 → L/14),¼ depth,cls,block2,block5,11-13,-0.1090256412427038,-0.13517406739440915
similarity tuning (MTL concept cells),CLIP ViT (B/32 → L/14),¼ depth,cls,block2,block5,11-17,-0.26538897842228004,-0.3101365653540397
similarity tuning (MTL concept cells),CLIP ViT (B/32 → L/14),¼ depth,cls,block2,block5,11-18,0.19121762436959527,0.27785836037171713
similarity tuning (MTL concept cells),CLIP ViT (B/32 → L/14),¼ depth,cls,block2,block5,11-25,0.06915863998179023,0.03384627885073725
similarity tuning (MTL concept cells),CLIP ViT (B/32 → L/14),¼ depth,cls,block2,block5,11-28,0.13440764046540224,0.08326903678501128
similarity tuning (MTL concept cells),CLIP ViT (B/32 → L/14),¼ depth,cls,block2,block5,11-31,0.05726897082829555,0.009995296778580524
similarity tuning (MTL concept cells),CLIP ViT (B/32 → L/14),¼ depth,cls,block2,block5,11-34,-0.051654967321897505,0.023275061107371625
similarity tuning (MTL concept cells),CLIP ViT (B/32 → L/14),¼ depth,cls,block2,block5,11-65,-0.1281333796339639,-0.09535684587869649
similarity tuning (MTL concept cells),CLIP ViT (B/32 → L/14),¼ depth,cls,block2,block5,11-68,0.07292004972472947,0.016449465509680024
similarity tuning (MTL concept cells),CLIP ViT (B/32 → L/14),¼ depth,cls,block2,block5,12-14,0.15090326914576493,0.04846621793229267
similarity tuning (MTL concept cells),CLIP ViT (B/32 → L/14),¼ depth,cls,block2,block5,12-15,0.05994269934242094,-0.18720486739556416
similarity tuning (MTL concept cells),CLIP ViT (B/32 → L/14),¼ depth,cls,block2,block5,13-17,0.12351830150737782,0.050093393259884086
similarity tuning (MTL concept cells),CLIP ViT (B/32 → L/14),¼ depth,cls,block2,block5,13-18,-0.16832940192140547,-0.1439148287928588
similarity tuning (MTL concept cells),CLIP ViT (B/32 → L/14),¼ depth,cls,block2,block5,13-19,0.28381213567956015,0.39172212024899355
similarity tuning (MTL concept cells),CLIP ViT (B/32 → L/14),¼ depth,cls,block2,block5,13-20,0.13531478531861157,0.1813289502583429
similarity tuning (MTL concept cells),CLIP ViT (B/32 → L/14),¼ depth,cls,block2,block5,13-25,-0.008843426317234768,0.006728139907060457
similarity tuning (MTL concept cells),CLIP ViT (B/32 → L/14),¼ depth,cls,block2,block5,13-26,-0.023491253982460353,0.04781966928395007
similarity tuning (MTL concept cells),CLIP ViT (B/32 → L/14),¼ depth,cls,block2,block5,13-28,-0.007342819846847193,-0.04051298866888955
similarity tuning (MTL concept cells),CLIP ViT (B/32 → L/14),¼ depth,cls,block2,block5,13-30,-0.006447066285466078,0.06825260331345781
similarity tuning (MTL concept cells),CLIP ViT (B/32 → L/14),¼ depth,cls,block2,block5,13-31,0.04788248898036944,0.0564220411552124
similarity tuning (MTL concept cells),CLIP ViT (B/32 → L/14),¼ depth,cls,block2,block5,13-32,0.11128232272738608,0.236958744484525
similarity tuning (MTL concept cells),CLIP ViT (B/32 → L/14),¼ depth,cls,block2,block5,13-33,0.13764012761980646,0.15923569421677775
similarity tuning (MTL concept cells),CLIP ViT (B/32 → L/14),¼ depth,cls,block2,block5,13-35,0.13674533335340436,0.05619567626193553
similarity tuning (MTL concept cells),CLIP ViT (B/32 → L/14),¼ depth,cls,block2,block5,13-37,0.24309610558807568,0.14282252288465294
similarity tuning (MTL concept cells),CLIP ViT (B/32 → L/14),¼ depth,cls,block2,block5,13-46,0.14647054235056264,0.16227507605741917
similarity tuning (MTL concept cells),CLIP ViT (B/32 → L/14),¼ depth,cls,block2,block5,13-75,0.5463227426025489,0.4057800013657727
similarity tuning (MTL concept cells),CLIP ViT (B/32 → L/14),¼ depth,cls,block2,block5,13-77,0.08239191230344575,0.341179594053859
similarity tuning (MTL concept cells),CLIP ViT (B/32 → L/14),¼ depth,cls,block2,block5,13-78,0.3991891379773143,0.291250296450512
similarity tuning (MTL concept cells),CLIP ViT (B/32 → L/14),¼ depth,cls,block2,block5,13-80,0.1299179256955512,0.04921978378867742
similarity tuning (MTL concept cells),CLIP ViT (B/32 → L/14),¼ depth,cls,block2,block5,13-82,0.3703308960675651,0.2852555637287836
similarity tuning (MTL concept cells),CLIP ViT (B/32 → L/14),¼ depth,cls,block2,block5,13-83,0.26361088391451676,0.4471632860207533
similarity tuning (MTL concept cells),CLIP ViT (B/32 → L/14),¼ depth,cls,block2,block5,13-84,0.39163003445765565,0.34131847575413454
similarity tuning (MTL concept cells),CLIP ViT (B/32 → L/14),¼ depth,cls,block2,block5,13-85,0.5829029844885105,0.48695799499705994
similarity tuning (MTL concept cells),CLIP ViT (B/32 → L/14),¼ depth,cls,block2,block5,13-86,0.6384419260466917,0.5673385253590429
similarity tuning (MTL concept cells),CLIP ViT (B/32 → L/14),¼ depth,cls,block2,block5,13-88,0.3590455684524375,0.3723735832023304
similarity tuning (MTL concept cells),CLIP ViT (B/32 → L/14),¼ depth,cls,block2,block5,13-89,0.37154551978000827,0.34606840563394536
similarity tuning (MTL concept cells),CLIP ViT (B/32 → L/14),¼ depth,cls,block2,block5,13-90,0.7157318747715484,0.7138651649159429
similarity tuning (MTL concept cells),CLIP ViT (B/32 → L/14),¼ depth,cls,block2,block5,13-92,0.30861292682881825,0.5030969182878567
similarity tuning (MTL concept cells),CLIP ViT (B/32 → L/14),¼ depth,cls,block2,block5,13-93,0.4462632655851888,0.33163893915004417
similarity tuning (MTL concept cells),CLIP ViT (B/32 → L/14),¼ depth,cls,block2,block5,13-94,0.4439967182732205,0.5188792196844557
similarity tuning (MTL concept cells),CLIP ViT (B/32 → L/14),¼ depth,cls,block2,block5,13-95,-0.12551278252511577,-0.10824505512794111
similarity tuning (MTL concept cells),CLIP ViT (B/32 → L/14),¼ depth,cls,block2,block5,13-97,0.4841245027783224,0.4103803383150379
similarity tuning (MTL concept cells),CLIP ViT (B/32 → L/14),¼ depth,cls,block2,block5,13-98,0.1254590440666067,0.1368116621703616
similarity tuning (MTL concept cells),CLIP ViT (B/32 → L/14),¼ depth,cls,block2,block5,14-14,0.21512417711766457,0.24376198394719178
similarity tuning (MTL concept cells),CLIP ViT (B/32 → L/14),¼ depth,cls,block2,block5,14-15,-0.1151750254820988,-0.11339802486853325
similarity tuning (MTL concept cells),CLIP ViT (B/32 → L/14),¼ depth,cls,block2,block5,14-16,0.053222287699905904,0.030031305195216847
similarity tuning (MTL concept cells),CLIP ViT (B/32 → L/14),¼ depth,cls,block2,block5,14-17,-0.01930370153501175,0.055175146907159564
similarity tuning (MTL concept cells),CLIP ViT (B/32 → L/14),¼ depth,cls,block2,block5,14-18,-0.02366830304412612,-0.10449922059076815
similarity tuning (MTL concept cells),CLIP ViT (B/32 → L/14),¼ depth,cls,block2,block5,14-19,-0.03633592794694078,-0.02629372001223774
similarity tuning (MTL concept cells),CLIP ViT (B/32 → L/14),¼ depth,cls,block2,block5,14-45,0.1252004729579858,0.010801509292520498
similarity tuning (MTL concept cells),CLIP ViT (B/32 → L/14),¼ depth,cls,block2,block5,14-46,0.02632140777515893,0.11660760078169968
similarity tuning (MTL concept cells),CLIP ViT (B/32 → L/14),¼ depth,cls,block2,block5,14-47,0.13038487543055924,-0.019184336053029057
similarity tuning (MTL concept cells),CLIP ViT (B/32 → L/14),¼ depth,cls,block2,block5,14-48,0.14950424782473545,0.47764251095868193
similarity tuning (MTL concept cells),CLIP ViT (B/32 → L/14),¼ depth,cls,block2,block5,14-49,0.20404679610887383,0.22046029719214044
similarity tuning (MTL concept cells),CLIP ViT (B/32 → L/14),¼ depth,cls,block2,block5,14-50,0.34338664227568866,0.3050191372724136
similarity tuning (MTL concept cells),CLIP ViT (B/32 → L/14),¼ depth,cls,block2,block5,14-51,0.015063043671739907,0.1488894819211678
similarity tuning (MTL concept cells),CLIP ViT (B/32 → L/14),¼ depth,cls,block2,block5,14-52,-0.10376671341415865,-0.03193611862622796
similarity tuning (MTL concept cells),CLIP ViT (B/32 → L/14),¼ depth,cls,block2,block5,14-53,0.29414656964369623,0.366297629549447
similarity tuning (MTL concept cells),CLIP ViT (B/32 → L/14),¼ depth,cls,block2,block5,14-55,0.37065136160611734,0.4144222606464878
similarity tuning (MTL concept cells),CLIP ViT (B/32 → L/14),¼ depth,cls,block2,block5,14-56,0.36520429602439075,0.42632582225533433
similarity tuning (MTL concept cells),CLIP ViT (B/32 → L/14),¼ depth,cls,block2,block5,14-59,0.33035774626000675,0.37524947756337435
similarity tuning (MTL concept cells),CLIP ViT (B/32 → L/14),¼ depth,cls,block2,block5,14-60,0.5905713379611298,0.3512815587571596
similarity tuning (MTL concept cells),CLIP ViT (B/32 → L/14),¼ depth,cls,block2,block5,14-61,-0.08320249084186684,-0.20410774561553557
similarity tuning (MTL concept cells),CLIP ViT (B/32 → L/14),¼ depth,cls,block2,block5,14-62,0.108300200901486,0.17594983528124958
similarity tuning (MTL concept cells),CLIP ViT (B/32 → L/14),¼ depth,cls,block2,block5,14-63,0.0008392551517142192,-0.033468478171391286
similarity tuning (MTL concept cells),CLIP ViT (B/32 → L/14),¼ depth,cls,block2,block5,14-68,-0.11178346128914478,0.018584284506169085
similarity tuning (MTL concept cells),CLIP ViT (B/32 → L/14),¼ depth,cls,block2,block5,14-69,0.1557430962225974,0.10677869718353569
similarity tuning (MTL concept cells),CLIP ViT (B/32 → L/14),¼ depth,cls,block2,block5,15-2,0.10860266141560534,0.1646491210562624
similarity tuning (MTL concept cells),CLIP ViT (B/32 → L/14),¼ depth,cls,block2,block5,15-8,-0.030951526018302495,0.054317891877514415
similarity tuning (MTL concept cells),CLIP ViT (B/32 → L/14),¼ depth,cls,block2,block5,16-7,0.21050750841643856,0.22297558398380335
similarity tuning (MTL concept cells),CLIP ViT (B/32 → L/14),¼ depth,cls,block2,block5,16-9,0.1567678783383413,0.14651580802476286
similarity tuning (MTL concept cells),CLIP ViT (B/32 → L/14),¼ depth,cls,block2,block5,16-13,0.14680411005414584,0.13219652279751792
similarity tuning (MTL concept cells),CLIP ViT (B/32 → L/14),¼ depth,cls,block2,block5,16-20,0.0035277529065886096,0.055470873289807106
similarity tuning (MTL concept cells),CLIP ViT (B/32 → L/14),¼ depth,cls,block2,block5,16-21,0.18129339392025723,0.2201939149419167
similarity tuning (MTL concept cells),CLIP ViT (B/32 → L/14),¼ depth,cls,block2,block5,16-24,0.39857126321658337,0.4242464706920972
similarity tuning (MTL concept cells),CLIP ViT (B/32 → L/14),¼ depth,cls,block2,block5,16-30,-0.00744160979006241,0.06403055456724029
similarity tuning (MTL concept cells),CLIP ViT (B/32 → L/14),¼ depth,cls,block2,block5,18-5,0.07909938971100124,0.005597725379611819
similarity tuning (MTL concept cells),CLIP ViT (B/32 → L/14),¼ depth,cls,block2,block5,18-13,0.13748974313895487,-0.07925940096774023
similarity tuning (MTL concept cells),CLIP ViT (B/32 → L/14),¼ depth,cls,block2,block5,18-14,0.07680119896851612,0.13743907479210296
similarity tuning (MTL concept cells),CLIP ViT (B/32 → L/14),¼ depth,cls,block2,block5,18-16,0.07633652873038901,-0.09655456201950513
similarity tuning (MTL concept cells),CLIP ViT (B/32 → L/14),¼ depth,cls,block2,block5,18-17,0.09731327463773183,0.18570828311414672
similarity tuning (MTL concept cells),CLIP ViT (B/32 → L/14),¼ depth,cls,block2,block5,18-18,-0.09676542658561754,-0.1195532762535913
similarity tuning (MTL concept cells),CLIP ViT (B/32 → L/14),¼ depth,cls,block2,block5,18-19,-0.145067436954767,-0.0462895399836559
similarity tuning (MTL concept cells),CLIP ViT (B/32 → L/14),¼ depth,cls,block2,block5,18-20,0.049013845284148184,-0.03647780938338073
similarity tuning (MTL concept cells),CLIP ViT (B/32 → L/14),¼ depth,cls,block2,block5,18-22,-0.15842145763523274,-0.20713483287428044
similarity tuning (MTL concept cells),CLIP ViT (B/32 → L/14),¼ depth,cls,block2,block5,18-23,-0.05147731838302424,-0.08559869301197148
similarity tuning (MTL concept cells),CLIP ViT (B/32 → L/14),¼ depth,cls,block2,block5,18-24,-0.007282596046356348,-0.06015834621391547
similarity tuning (MTL concept cells),CLIP ViT (B/32 → L/14),¼ depth,cls,block2,block5,18-28,0.06159159822972821,-0.015244432119982564
similarity tuning (MTL concept cells),CLIP ViT (B/32 → L/14),¼ depth,cls,block2,block5,18-29,0.03237468440532656,0.009975039266851789
similarity tuning (MTL concept cells),CLIP ViT (B/32 → L/14),¼ depth,cls,block2,block5,18-30,0.08827089571364172,-0.024732287626487336
similarity tuning (MTL concept cells),CLIP ViT (B/32 → L/14),¼ depth,cls,block2,block5,18-37,0.04618192888933546,-0.057397540191031216
similarity tuning (MTL concept cells),CLIP ViT (B/32 → L/14),¼ depth,cls,block2,block5,21-0,-0.010542520591440877,-0.09844778890461457
similarity tuning (MTL concept cells),CLIP ViT (B/32 → L/14),¼ depth,cls,block2,block5,21-2,0.152880642109763,0.16635041566491898
similarity tuning (MTL concept cells),CLIP ViT (B/32 → L/14),¼ depth,cls,block2,block5,21-4,-0.04233251163683746,-0.1790038842304696
similarity tuning (MTL concept cells),CLIP ViT (B/32 → L/14),¼ depth,cls,block2,block5,21-14,-0.03428924011707627,-0.008200149402538475
RSA (MTL),CLIP ViT (B/32 → L/14),¼ depth,gap,block2,block5,1,0.030221575035207678,0.02219330949374327
RSA (MTL),CLIP ViT (B/32 → L/14),¼ depth,gap,block2,block5,2,0.003963431403455988,0.007475403405263211
RSA (MTL),CLIP ViT (B/32 → L/14),¼ depth,gap,block2,block5,3,0.0010472075149299646,0.0025123688557710734
RSA (MTL),CLIP ViT (B/32 → L/14),¼ depth,gap,block2,block5,4,0.010567461088555191,0.021036237068706772
RSA (MTL),CLIP ViT (B/32 → L/14),¼ depth,gap,block2,block5,5,-0.00028062429920041286,-0.0031187184496008226
RSA (MTL),CLIP ViT (B/32 → L/14),¼ depth,gap,block2,block5,7,0.012583280650108941,0.002209689634586862
RSA (MTL),CLIP ViT (B/32 → L/14),¼ depth,gap,block2,block5,8,0.02637594535981803,0.030982748322265555
RSA (MTL),CLIP ViT (B/32 → L/14),¼ depth,gap,block2,block5,9,-0.03832868992034165,-0.03564345484341268
RSA (MTL),CLIP ViT (B/32 → L/14),¼ depth,gap,block2,block5,10,0.0034597491182906024,-0.0061159314635756135
RSA (MTL),CLIP ViT (B/32 → L/14),¼ depth,gap,block2,block5,11,0.043303840694256544,0.04728722015023232
RSA (MTL),CLIP ViT (B/32 → L/14),¼ depth,gap,block2,block5,12,0.01697763558960161,0.022495073928065795
RSA (MTL),CLIP ViT (B/32 → L/14),¼ depth,gap,block2,block5,13,0.16223811685023065,0.19686877853700768
RSA (MTL),CLIP ViT (B/32 → L/14),¼ depth,gap,block2,block5,14,0.08612815327434678,0.10290338773637486
RSA (MTL),CLIP ViT (B/32 → L/14),¼ depth,gap,block2,block5,15,-0.005013108462479697,-0.004572142609576298
RSA (MTL),CLIP ViT (B/32 → L/14),¼ depth,gap,block2,block5,16,0.06370494396740839,0.07014687173852348
RSA (MTL),CLIP ViT (B/32 → L/14),¼ depth,gap,block2,block5,17,-0.0005002060118649435,0.0018791905521336845
RSA (MTL),CLIP ViT (B/32 → L/14),¼ depth,gap,block2,block5,18,-0.0013991956780265568,0.0019874014524643726
RSA (MTL),CLIP ViT (B/32 → L/14),¼ depth,gap,block2,block5,20,-0.02565753824154056,-0.0398934929763401
RSA (MTL),CLIP ViT (B/32 → L/14),¼ depth,gap,block2,block5,21,0.0006595825257134796,-0.0004815917058062826
similarity tuning (MTL concept cells),CLIP ViT (B/32 → L/14),¼ depth,gap,block2,block5,1-34,-0.22342993057991137,-0.2735320942253559
similarity tuning (MTL concept cells),CLIP ViT (B/32 → L/14),¼ depth,gap,block2,block5,1-36,0.28625552902816737,0.2607208798103176
similarity tuning (MTL concept cells),CLIP ViT (B/32 → L/14),¼ depth,gap,block2,block5,1-38,0.014692998599541646,0.03065045490988722
similarity tuning (MTL concept cells),CLIP ViT (B/32 → L/14),¼ depth,gap,block2,block5,2-0,-0.02441083734844893,-0.07937360320218928
similarity tuning (MTL concept cells),CLIP ViT (B/32 → L/14),¼ depth,gap,block2,block5,3-39,-0.085927090511134,-0.07055226089642845
similarity tuning (MTL concept cells),CLIP ViT (B/32 → L/14),¼ depth,gap,block2,block5,4-8,0.26130741090727283,0.21434877520238924
similarity tuning (MTL concept cells),CLIP ViT (B/32 → L/14),¼ depth,gap,block2,block5,4-13,-0.22640204564167954,-0.2588141414835715
similarity tuning (MTL concept cells),CLIP ViT (B/32 → L/14),¼ depth,gap,block2,block5,4-15,0.14155154452475288,0.10530887853532339
similarity tuning (MTL concept cells),CLIP ViT (B/32 → L/14),¼ depth,gap,block2,block5,4-25,0.16539025046803563,0.15616971251353434
similarity tuning (MTL concept cells),CLIP ViT (B/32 → L/14),¼ depth,gap,block2,block5,4-33,0.14499406591966787,0.1099111978925207
similarity tuning (MTL concept cells),CLIP ViT (B/32 → L/14),¼ depth,gap,block2,block5,4-39,0.22461613856687174,0.2476821560913116
similarity tuning (MTL concept cells),CLIP ViT (B/32 → L/14),¼ depth,gap,block2,block5,4-40,-0.10823076962577527,-0.15367503429905402
similarity tuning (MTL concept cells),CLIP ViT (B/32 → L/14),¼ depth,gap,block2,block5,4-41,0.3134316061963679,0.478783697509115
similarity tuning (MTL concept cells),CLIP ViT (B/32 → L/14),¼ depth,gap,block2,block5,4-43,0.2802782117578792,0.2692229198959608
similarity tuning (MTL concept cells),CLIP ViT (B/32 → L/14),¼ depth,gap,block2,block5,4-44,0.15104036277646482,0.2581490389815229
similarity tuning (MTL concept cells),CLIP ViT (B/32 → L/14),¼ depth,gap,block2,block5,4-45,0.11214173679602092,0.10978691731127015
similarity tuning (MTL concept cells),CLIP ViT (B/32 → L/14),¼ depth,gap,block2,block5,4-46,0.14241899571701444,0.10230132888039044
similarity tuning (MTL concept cells),CLIP ViT (B/32 → L/14),¼ depth,gap,block2,block5,5-5,0.0893904839925789,0.16553139031827355
similarity tuning (MTL concept cells),CLIP ViT (B/32 → L/14),¼ depth,gap,block2,block5,5-6,0.015039061949466626,0.023365629468336563
similarity tuning (MTL concept cells),CLIP ViT (B/32 → L/14),¼ depth,gap,block2,block5,7-17,0.3350921361264595,0.24638770265408594
similarity tuning (MTL concept cells),CLIP ViT (B/32 → L/14),¼ depth,gap,block2,block5,7-20,-0.12513921197461,-0.12566449765613083
similarity tuning (MTL concept cells),CLIP ViT (B/32 → L/14),¼ depth,gap,block2,block5,7-21,-0.15793593575014278,-0.1457839017093521
similarity tuning (MTL concept cells),CLIP ViT (B/32 → L/14),¼ depth,gap,block2,block5,7-23,0.12445598913395134,0.0793514079620864
similarity tuning (MTL concept cells),CLIP ViT (B/32 → L/14),¼ depth,gap,block2,block5,7-24,-0.058498079339774633,-0.10733517426794197
similarity tuning (MTL concept cells),CLIP ViT (B/32 → L/14),¼ depth,gap,block2,block5,7-25,-0.13107760876769975,-0.07590411823100161
similarity tuning (MTL concept cells),CLIP ViT (B/32 → L/14),¼ depth,gap,block2,block5,7-26,0.0565990324975627,0.15653675273611628
similarity tuning (MTL concept cells),CLIP ViT (B/32 → L/14),¼ depth,gap,block2,block5,7-30,0.20975756583058922,0.16540905393220184
similarity tuning (MTL concept cells),CLIP ViT (B/32 → L/14),¼ depth,gap,block2,block5,8-34,0.06629441559632072,0.0663351870696272
similarity tuning (MTL concept cells),CLIP ViT (B/32 → L/14),¼ depth,gap,block2,block5,8-37,0.26089749463139433,0.3059538720238638
similarity tuning (MTL concept cells),CLIP ViT (B/32 → L/14),¼ depth,gap,block2,block5,8-38,0.09370990944401805,0.10716168309994163
similarity tuning (MTL concept cells),CLIP ViT (B/32 → L/14),¼ depth,gap,block2,block5,8-42,0.10475969087886497,0.08921730899510273
similarity tuning (MTL concept cells),CLIP ViT (B/32 → L/14),¼ depth,gap,block2,block5,8-45,0.09988907911482992,0.05046899756569152
similarity tuning (MTL concept cells),CLIP ViT (B/32 → L/14),¼ depth,gap,block2,block5,10-64,-0.01517697306820386,-0.0398966582996931
similarity tuning (MTL concept cells),CLIP ViT (B/32 → L/14),¼ depth,gap,block2,block5,10-67,0.07289256784786904,0.11248099213103983
similarity tuning (MTL concept cells),CLIP ViT (B/32 → L/14),¼ depth,gap,block2,block5,10-70,-0.022974739814775238,-0.00904134130949349
similarity tuning (MTL concept cells),CLIP ViT (B/32 → L/14),¼ depth,gap,block2,block5,10-71,0.04051213716576182,0.005272127439379962
similarity tuning (MTL concept cells),CLIP ViT (B/32 → L/14),¼ depth,gap,block2,block5,11-6,0.03632324908512316,-0.08149019678306742
similarity tuning (MTL concept cells),CLIP ViT (B/32 → L/14),¼ depth,gap,block2,block5,11-11,0.27467941531649503,0.2708947627474033
similarity tuning (MTL concept cells),CLIP ViT (B/32 → L/14),¼ depth,gap,block2,block5,11-12,0.30136720427842306,0.31122993444623664
similarity tuning (MTL concept cells),CLIP ViT (B/32 → L/14),¼ depth,gap,block2,block5,11-13,-0.06926856259728933,-0.0879869773300156
similarity tuning (MTL concept cells),CLIP ViT (B/32 → L/14),¼ depth,gap,block2,block5,11-17,-0.45146076503415217,-0.4395060778844875
similarity tuning (MTL concept cells),CLIP ViT (B/32 → L/14),¼ depth,gap,block2,block5,11-18,0.20222251785477705,0.22271229191282274
similarity tuning (MTL concept cells),CLIP ViT (B/32 → L/14),¼ depth,gap,block2,block5,11-25,0.06645397094741466,0.10115967734178527
similarity tuning (MTL concept cells),CLIP ViT (B/32 → L/14),¼ depth,gap,block2,block5,11-28,0.02713632930723287,0.18338043382549762
similarity tuning (MTL concept cells),CLIP ViT (B/32 → L/14),¼ depth,gap,block2,block5,11-31,-0.013208070743124266,-0.0053801214803073745
similarity tuning (MTL concept cells),CLIP ViT (B/32 → L/14),¼ depth,gap,block2,block5,11-34,-0.02426065001419844,-0.07637050452386217
similarity tuning (MTL concept cells),CLIP ViT (B/32 → L/14),¼ depth,gap,block2,block5,11-65,-0.0378073505642154,-0.020555206052721944
similarity tuning (MTL concept cells),CLIP ViT (B/32 → L/14),¼ depth,gap,block2,block5,11-68,0.06328862153724349,0.13945294180933665
similarity tuning (MTL concept cells),CLIP ViT (B/32 → L/14),¼ depth,gap,block2,block5,12-14,0.14209588458754585,0.08451504775197999
similarity tuning (MTL concept cells),CLIP ViT (B/32 → L/14),¼ depth,gap,block2,block5,12-15,0.29411643743615573,0.15816206212036366
similarity tuning (MTL concept cells),CLIP ViT (B/32 → L/14),¼ depth,gap,block2,block5,13-17,0.06368873010131283,-0.026307859602245267
similarity tuning (MTL concept cells),CLIP ViT (B/32 → L/14),¼ depth,gap,block2,block5,13-18,-0.09859149417302578,-0.12691542560211452
similarity tuning (MTL concept cells),CLIP ViT (B/32 → L/14),¼ depth,gap,block2,block5,13-19,0.3383123840555208,0.34554019735805624
similarity tuning (MTL concept cells),CLIP ViT (B/32 → L/14),¼ depth,gap,block2,block5,13-20,0.12784544995720365,0.09156946286067309
similarity tuning (MTL concept cells),CLIP ViT (B/32 → L/14),¼ depth,gap,block2,block5,13-25,0.03506788072770905,0.0040776605497336105
similarity tuning (MTL concept cells),CLIP ViT (B/32 → L/14),¼ depth,gap,block2,block5,13-26,0.040209111838228576,0.03391771768309881
similarity tuning (MTL concept cells),CLIP ViT (B/32 → L/14),¼ depth,gap,block2,block5,13-28,-0.022002963638295583,-0.09968897778184906
similarity tuning (MTL concept cells),CLIP ViT (B/32 → L/14),¼ depth,gap,block2,block5,13-30,-0.11381356387413342,-0.04883525800486903
similarity tuning (MTL concept cells),CLIP ViT (B/32 → L/14),¼ depth,gap,block2,block5,13-31,0.12222234050243982,0.0845059850635501
similarity tuning (MTL concept cells),CLIP ViT (B/32 → L/14),¼ depth,gap,block2,block5,13-32,0.12615706829767548,0.10647585732202046
similarity tuning (MTL concept cells),CLIP ViT (B/32 → L/14),¼ depth,gap,block2,block5,13-33,0.13301250620616975,0.15061264010721426
similarity tuning (MTL concept cells),CLIP ViT (B/32 → L/14),¼ depth,gap,block2,block5,13-35,0.15038457106435418,0.15754454058359585
similarity tuning (MTL concept cells),CLIP ViT (B/32 → L/14),¼ depth,gap,block2,block5,13-37,0.05394366548843738,0.20598555703073976
similarity tuning (MTL concept cells),CLIP ViT (B/32 → L/14),¼ depth,gap,block2,block5,13-46,0.015044700355565314,0.04156288431562741
similarity tuning (MTL concept cells),CLIP ViT (B/32 → L/14),¼ depth,gap,block2,block5,13-75,0.5800852512539078,0.5118295527938098
similarity tuning (MTL concept cells),CLIP ViT (B/32 → L/14),¼ depth,gap,block2,block5,13-77,0.11604388259919739,0.05891613661808609
similarity tuning (MTL concept cells),CLIP ViT (B/32 → L/14),¼ depth,gap,block2,block5,13-78,0.34690112573148923,0.2802768934936996
similarity tuning (MTL concept cells),CLIP ViT (B/32 → L/14),¼ depth,gap,block2,block5,13-80,0.14210881962055316,0.18002478076775266
similarity tuning (MTL concept cells),CLIP ViT (B/32 → L/14),¼ depth,gap,block2,block5,13-82,0.3754455440236466,0.35731639582288244
similarity tuning (MTL concept cells),CLIP ViT (B/32 → L/14),¼ depth,gap,block2,block5,13-83,0.275177406782002,0.39936003138105924
similarity tuning (MTL concept cells),CLIP ViT (B/32 → L/14),¼ depth,gap,block2,block5,13-84,0.3356720350944037,0.29012070439101434
similarity tuning (MTL concept cells),CLIP ViT (B/32 → L/14),¼ depth,gap,block2,block5,13-85,0.49996235921497134,0.5508961190684574
similarity tuning (MTL concept cells),CLIP ViT (B/32 → L/14),¼ depth,gap,block2,block5,13-86,0.5645125562756446,0.5442513672223507
similarity tuning (MTL concept cells),CLIP ViT (B/32 → L/14),¼ depth,gap,block2,block5,13-88,0.26047907153783045,0.3252694398182033
similarity tuning (MTL concept cells),CLIP ViT (B/32 → L/14),¼ depth,gap,block2,block5,13-89,0.3543471861864386,0.35931958069784325
similarity tuning (MTL concept cells),CLIP ViT (B/32 → L/14),¼ depth,gap,block2,block5,13-90,0.7159336812424246,0.7095010999832435
similarity tuning (MTL concept cells),CLIP ViT (B/32 → L/14),¼ depth,gap,block2,block5,13-92,0.32642189084734297,0.29264801156682163
similarity tuning (MTL concept cells),CLIP ViT (B/32 → L/14),¼ depth,gap,block2,block5,13-93,0.4261354775287075,0.4086220175552243
similarity tuning (MTL concept cells),CLIP ViT (B/32 → L/14),¼ depth,gap,block2,block5,13-94,0.41909475436052196,0.5649995743272246
similarity tuning (MTL concept cells),CLIP ViT (B/32 → L/14),¼ depth,gap,block2,block5,13-95,0.052982964808722235,0.08671402236407273
similarity tuning (MTL concept cells),CLIP ViT (B/32 → L/14),¼ depth,gap,block2,block5,13-97,0.48798981869571967,0.47424647321164065
similarity tuning (MTL concept cells),CLIP ViT (B/32 → L/14),¼ depth,gap,block2,block5,13-98,0.29034951501358874,0.3201942866063488
similarity tuning (MTL concept cells),CLIP ViT (B/32 → L/14),¼ depth,gap,block2,block5,14-14,0.20730239727876285,0.2725007169681888
similarity tuning (MTL concept cells),CLIP ViT (B/32 → L/14),¼ depth,gap,block2,block5,14-15,-0.005204073225441978,-0.13416354632419927
similarity tuning (MTL concept cells),CLIP ViT (B/32 → L/14),¼ depth,gap,block2,block5,14-16,0.12358352518946139,0.09617137700957673
similarity tuning (MTL concept cells),CLIP ViT (B/32 → L/14),¼ depth,gap,block2,block5,14-17,-0.062369702334906726,-0.029639541726986546
similarity tuning (MTL concept cells),CLIP ViT (B/32 → L/14),¼ depth,gap,block2,block5,14-18,-0.10414558532650159,-0.08259909386797483
similarity tuning (MTL concept cells),CLIP ViT (B/32 → L/14),¼ depth,gap,block2,block5,14-19,-0.09988547281616843,-0.10783236001131512
similarity tuning (MTL concept cells),CLIP ViT (B/32 → L/14),¼ depth,gap,block2,block5,14-45,0.018257870317144577,0.05679091410535599
similarity tuning (MTL concept cells),CLIP ViT (B/32 → L/14),¼ depth,gap,block2,block5,14-46,0.07476553891689808,0.020964465598696438
similarity tuning (MTL concept cells),CLIP ViT (B/32 → L/14),¼ depth,gap,block2,block5,14-47,0.17007296542197012,0.18025887149689337
similarity tuning (MTL concept cells),CLIP ViT (B/32 → L/14),¼ depth,gap,block2,block5,14-48,0.1734934681060683,0.12198720103144178
similarity tuning (MTL concept cells),CLIP ViT (B/32 → L/14),¼ depth,gap,block2,block5,14-49,0.26067463548370773,0.2936781269092008
similarity tuning (MTL concept cells),CLIP ViT (B/32 → L/14),¼ depth,gap,block2,block5,14-50,0.2993322541197542,0.2773935226686061
similarity tuning (MTL concept cells),CLIP ViT (B/32 → L/14),¼ depth,gap,block2,block5,14-51,0.08888961952351705,0.015719055623942983
similarity tuning (MTL concept cells),CLIP ViT (B/32 → L/14),¼ depth,gap,block2,block5,14-52,-0.04420739250350846,-0.07634888809839384
similarity tuning (MTL concept cells),CLIP ViT (B/32 → L/14),¼ depth,gap,block2,block5,14-53,0.5363211991388017,0.49417429857234896
similarity tuning (MTL concept cells),CLIP ViT (B/32 → L/14),¼ depth,gap,block2,block5,14-55,0.3731227103877913,0.39449860345814686
similarity tuning (MTL concept cells),CLIP ViT (B/32 → L/14),¼ depth,gap,block2,block5,14-56,0.405791022590219,0.3818761135742864
similarity tuning (MTL concept cells),CLIP ViT (B/32 → L/14),¼ depth,gap,block2,block5,14-59,0.3391343319305528,0.3652371082782975
similarity tuning (MTL concept cells),CLIP ViT (B/32 → L/14),¼ depth,gap,block2,block5,14-60,0.6149902164584481,0.5937950360579691
similarity tuning (MTL concept cells),CLIP ViT (B/32 → L/14),¼ depth,gap,block2,block5,14-61,-0.071742525122138,-0.10502352145888474
similarity tuning (MTL concept cells),CLIP ViT (B/32 → L/14),¼ depth,gap,block2,block5,14-62,0.12496566680260333,0.12934731665198526
similarity tuning (MTL concept cells),CLIP ViT (B/32 → L/14),¼ depth,gap,block2,block5,14-63,0.013250058607366914,-0.032196879456672774
similarity tuning (MTL concept cells),CLIP ViT (B/32 → L/14),¼ depth,gap,block2,block5,14-68,-0.1020115616914716,-0.03719381939889547
similarity tuning (MTL concept cells),CLIP ViT (B/32 → L/14),¼ depth,gap,block2,block5,14-69,0.19164696039954068,0.21433900938777734
similarity tuning (MTL concept cells),CLIP ViT (B/32 → L/14),¼ depth,gap,block2,block5,15-2,0.11887110122341525,0.1075151172980294
similarity tuning (MTL concept cells),CLIP ViT (B/32 → L/14),¼ depth,gap,block2,block5,15-8,-0.10962847250068163,-0.0914291788303804
similarity tuning (MTL concept cells),CLIP ViT (B/32 → L/14),¼ depth,gap,block2,block5,16-7,0.20189169539978777,0.18892655369684697
similarity tuning (MTL concept cells),CLIP ViT (B/32 → L/14),¼ depth,gap,block2,block5,16-9,0.15357924229592912,0.15567809133650423
similarity tuning (MTL concept cells),CLIP ViT (B/32 → L/14),¼ depth,gap,block2,block5,16-13,0.09419966093057096,0.05526037407932539
similarity tuning (MTL concept cells),CLIP ViT (B/32 → L/14),¼ depth,gap,block2,block5,16-20,0.07242030679502594,0.04809097640475967
similarity tuning (MTL concept cells),CLIP ViT (B/32 → L/14),¼ depth,gap,block2,block5,16-21,0.15616761606410753,0.21397306318975104
similarity tuning (MTL concept cells),CLIP ViT (B/32 → L/14),¼ depth,gap,block2,block5,16-24,0.37661007946394276,0.41039962137747255
similarity tuning (MTL concept cells),CLIP ViT (B/32 → L/14),¼ depth,gap,block2,block5,16-30,0.05221393242807526,0.032219717113017465
similarity tuning (MTL concept cells),CLIP ViT (B/32 → L/14),¼ depth,gap,block2,block5,18-5,0.1541139527936371,0.20121553391577618
similarity tuning (MTL concept cells),CLIP ViT (B/32 → L/14),¼ depth,gap,block2,block5,18-13,0.02518836895161236,-0.01376964169354809
similarity tuning (MTL concept cells),CLIP ViT (B/32 → L/14),¼ depth,gap,block2,block5,18-14,0.06320469286389795,-0.037765248731705815
similarity tuning (MTL concept cells),CLIP ViT (B/32 → L/14),¼ depth,gap,block2,block5,18-16,-0.04215293379036251,-0.05019914729198793
similarity tuning (MTL concept cells),CLIP ViT (B/32 → L/14),¼ depth,gap,block2,block5,18-17,0.07271817023843043,0.10892480636343507
similarity tuning (MTL concept cells),CLIP ViT (B/32 → L/14),¼ depth,gap,block2,block5,18-18,-0.09204453947635087,-0.09255490565032563
similarity tuning (MTL concept cells),CLIP ViT (B/32 → L/14),¼ depth,gap,block2,block5,18-19,-0.10893286954237585,-0.051933991239147964
similarity tuning (MTL concept cells),CLIP ViT (B/32 → L/14),¼ depth,gap,block2,block5,18-20,-0.028385900963827957,-0.05625802996450971
similarity tuning (MTL concept cells),CLIP ViT (B/32 → L/14),¼ depth,gap,block2,block5,18-22,-0.13880222299878753,-0.10334856670694366
similarity tuning (MTL concept cells),CLIP ViT (B/32 → L/14),¼ depth,gap,block2,block5,18-23,-0.07145205838401819,-0.020000414474002935
similarity tuning (MTL concept cells),CLIP ViT (B/32 → L/14),¼ depth,gap,block2,block5,18-24,-0.08813479792720694,-0.08177534785855774
similarity tuning (MTL concept cells),CLIP ViT (B/32 → L/14),¼ depth,gap,block2,block5,18-28,-0.014656140276426192,-0.011100811308846364
similarity tuning (MTL concept cells),CLIP ViT (B/32 → L/14),¼ depth,gap,block2,block5,18-29,-0.046642778546519624,-0.01851064248760091
similarity tuning (MTL concept cells),CLIP ViT (B/32 → L/14),¼ depth,gap,block2,block5,18-30,-0.005419016291992552,-0.01476746145922141
similarity tuning (MTL concept cells),CLIP ViT (B/32 → L/14),¼ depth,gap,block2,block5,18-37,0.08759341677251978,0.14912703081462886
similarity tuning (MTL concept cells),CLIP ViT (B/32 → L/14),¼ depth,gap,block2,block5,21-0,-0.1481045887918361,-0.1652934810604897
similarity tuning (MTL concept cells),CLIP ViT (B/32 → L/14),¼ depth,gap,block2,block5,21-2,0.1793823571924695,0.18716031438875463
similarity tuning (MTL concept cells),CLIP ViT (B/32 → L/14),¼ depth,gap,block2,block5,21-4,-0.22467046002963553,-0.2534646505224725
similarity tuning (MTL concept cells),CLIP ViT (B/32 → L/14),¼ depth,gap,block2,block5,21-14,-0.019831745939677667,-0.06638336331716531
RSA (MTL),CLIP ViT (B/32 → L/14),½ depth,cls,block5,block11,1,0.0031366673473780513,-0.015754104559485272
RSA (MTL),CLIP ViT (B/32 → L/14),½ depth,cls,block5,block11,2,0.019874289992380213,0.03491495244544083
RSA (MTL),CLIP ViT (B/32 → L/14),½ depth,cls,block5,block11,3,0.034418495147399024,0.033935791905112186
RSA (MTL),CLIP ViT (B/32 → L/14),½ depth,cls,block5,block11,4,0.033313001236904914,0.020132482196665177
RSA (MTL),CLIP ViT (B/32 → L/14),½ depth,cls,block5,block11,5,0.004766249097529034,0.009369142605478113
RSA (MTL),CLIP ViT (B/32 → L/14),½ depth,cls,block5,block11,7,0.01997650405998672,0.023599471865520142
RSA (MTL),CLIP ViT (B/32 → L/14),½ depth,cls,block5,block11,8,0.0012169394850959096,-0.005225143899118812
RSA (MTL),CLIP ViT (B/32 → L/14),½ depth,cls,block5,block11,9,-0.02055757156421223,-0.01217082403442686
RSA (MTL),CLIP ViT (B/32 → L/14),½ depth,cls,block5,block11,10,-0.04270877400116559,-0.028552760880060597
RSA (MTL),CLIP ViT (B/32 → L/14),½ depth,cls,block5,block11,11,0.04367691583203487,0.025968741416199804
RSA (MTL),CLIP ViT (B/32 → L/14),½ depth,cls,block5,block11,12,0.027687793798422882,0.02920110883270834
RSA (MTL),CLIP ViT (B/32 → L/14),½ depth,cls,block5,block11,13,0.20976796447217533,0.12132479000595062
RSA (MTL),CLIP ViT (B/32 → L/14),½ depth,cls,block5,block11,14,0.12813866489119818,0.0592937810764658
RSA (MTL),CLIP ViT (B/32 → L/14),½ depth,cls,block5,block11,15,-0.0003391362239055374,-0.01620096316665802
RSA (MTL),CLIP ViT (B/32 → L/14),½ depth,cls,block5,block11,16,0.08746719532531695,0.06363145363356178
RSA (MTL),CLIP ViT (B/32 → L/14),½ depth,cls,block5,block11,17,0.012276269880777015,0.016549201539700523
RSA (MTL),CLIP ViT (B/32 → L/14),½ depth,cls,block5,block11,18,0.02485357391648004,0.018937907497328384
RSA (MTL),CLIP ViT (B/32 → L/14),½ depth,cls,block5,block11,20,-0.10179979451459326,-0.14772734288806047
RSA (MTL),CLIP ViT (B/32 → L/14),½ depth,cls,block5,block11,21,-0.015662586444997552,-0.0054100333069167835
similarity tuning (MTL concept cells),CLIP ViT (B/32 → L/14),½ depth,cls,block5,block11,1-34,0.12647833560420219,-0.1459695145160938
similarity tuning (MTL concept cells),CLIP ViT (B/32 → L/14),½ depth,cls,block5,block11,1-36,0.22441222346201145,0.07254161709616405
similarity tuning (MTL concept cells),CLIP ViT (B/32 → L/14),½ depth,cls,block5,block11,1-38,0.12654692769725714,0.07839637806984355
similarity tuning (MTL concept cells),CLIP ViT (B/32 → L/14),½ depth,cls,block5,block11,2-0,-0.013024230828470132,-0.026892861691006107
similarity tuning (MTL concept cells),CLIP ViT (B/32 → L/14),½ depth,cls,block5,block11,3-39,0.06362347255032759,0.2604617516964921
similarity tuning (MTL concept cells),CLIP ViT (B/32 → L/14),½ depth,cls,block5,block11,4-8,0.2584121786355818,0.15273620071885888
similarity tuning (MTL concept cells),CLIP ViT (B/32 → L/14),½ depth,cls,block5,block11,4-13,-0.26554549367644087,-0.17664084207250527
similarity tuning (MTL concept cells),CLIP ViT (B/32 → L/14),½ depth,cls,block5,block11,4-15,0.20818638325164943,0.060303136073257574
similarity tuning (MTL concept cells),CLIP ViT (B/32 → L/14),½ depth,cls,block5,block11,4-25,0.24253037947536615,0.11588654259755732
similarity tuning (MTL concept cells),CLIP ViT (B/32 → L/14),½ depth,cls,block5,block11,4-33,0.14653146171683454,0.09514211695580503
similarity tuning (MTL concept cells),CLIP ViT (B/32 → L/14),½ depth,cls,block5,block11,4-39,0.3239521427362955,0.25454851068414847
similarity tuning (MTL concept cells),CLIP ViT (B/32 → L/14),½ depth,cls,block5,block11,4-40,0.10757252400933782,0.20382828684376997
similarity tuning (MTL concept cells),CLIP ViT (B/32 → L/14),½ depth,cls,block5,block11,4-41,0.5033289376978733,0.3761078265137531
similarity tuning (MTL concept cells),CLIP ViT (B/32 → L/14),½ depth,cls,block5,block11,4-43,0.32900245003260387,0.362497201577638
similarity tuning (MTL concept cells),CLIP ViT (B/32 → L/14),½ depth,cls,block5,block11,4-44,0.22683763622449393,0.1894302081519372
similarity tuning (MTL concept cells),CLIP ViT (B/32 → L/14),½ depth,cls,block5,block11,4-45,0.015803455208771966,0.1079292263844112
similarity tuning (MTL concept cells),CLIP ViT (B/32 → L/14),½ depth,cls,block5,block11,4-46,0.08836625658851022,0.022244977787038163
similarity tuning (MTL concept cells),CLIP ViT (B/32 → L/14),½ depth,cls,block5,block11,5-5,0.21073137813044432,0.15553742316382377
similarity tuning (MTL concept cells),CLIP ViT (B/32 → L/14),½ depth,cls,block5,block11,5-6,-0.12026125518023227,-0.023340009260586197
similarity tuning (MTL concept cells),CLIP ViT (B/32 → L/14),½ depth,cls,block5,block11,7-17,0.07116606831550698,0.02414056728289252
similarity tuning (MTL concept cells),CLIP ViT (B/32 → L/14),½ depth,cls,block5,block11,7-20,-0.03798219543304275,0.0689740506427702
similarity tuning (MTL concept cells),CLIP ViT (B/32 → L/14),½ depth,cls,block5,block11,7-21,0.032567451229319,-0.06926659403250683
similarity tuning (MTL concept cells),CLIP ViT (B/32 → L/14),½ depth,cls,block5,block11,7-23,-0.18625538813323053,-0.0100005632462506
similarity tuning (MTL concept cells),CLIP ViT (B/32 → L/14),½ depth,cls,block5,block11,7-24,-0.09710108061157832,-0.06922340949164374
similarity tuning (MTL concept cells),CLIP ViT (B/32 → L/14),½ depth,cls,block5,block11,7-25,-0.080691229909921,-0.0070995300322957144
similarity tuning (MTL concept cells),CLIP ViT (B/32 → L/14),½ depth,cls,block5,block11,7-26,0.2477016229375476,0.23577539823270408
similarity tuning (MTL concept cells),CLIP ViT (B/32 → L/14),½ depth,cls,block5,block11,7-30,0.28759949435833193,0.2890118673487264
similarity tuning (MTL concept cells),CLIP ViT (B/32 → L/14),½ depth,cls,block5,block11,8-34,0.12520919452417031,0.11379318199835864
similarity tuning (MTL concept cells),CLIP ViT (B/32 → L/14),½ depth,cls,block5,block11,8-37,0.31389546372253646,0.22451203878747572
similarity tuning (MTL concept cells),CLIP ViT (B/32 → L/14),½ depth,cls,block5,block11,8-38,0.01468588133077895,0.02834333959917842
similarity tuning (MTL concept cells),CLIP ViT (B/32 → L/14),½ depth,cls,block5,block11,8-42,-0.07682377331116766,0.005651775230458997
similarity tuning (MTL concept cells),CLIP ViT (B/32 → L/14),½ depth,cls,block5,block11,8-45,-0.027473531048949583,-0.08072619035087829
similarity tuning (MTL concept cells),CLIP ViT (B/32 → L/14),½ depth,cls,block5,block11,10-64,-0.09923405467671755,-0.1519473875574189
similarity tuning (MTL concept cells),CLIP ViT (B/32 → L/14),½ depth,cls,block5,block11,10-67,0.07373216810580263,0.08365471660865392
similarity tuning (MTL concept cells),CLIP ViT (B/32 → L/14),½ depth,cls,block5,block11,10-70,0.0528137274225937,0.09986456024281902
similarity tuning (MTL concept cells),CLIP ViT (B/32 → L/14),½ depth,cls,block5,block11,10-71,0.032767911692605595,0.052040186160004116
similarity tuning (MTL concept cells),CLIP ViT (B/32 → L/14),½ depth,cls,block5,block11,11-6,-0.07336424762288109,0.026556729747485956
similarity tuning (MTL concept cells),CLIP ViT (B/32 → L/14),½ depth,cls,block5,block11,11-11,0.293983683454144,0.19136625809085198
similarity tuning (MTL concept cells),CLIP ViT (B/32 → L/14),½ depth,cls,block5,block11,11-12,0.30825760480662157,0.20849541362972407
similarity tuning (MTL concept cells),CLIP ViT (B/32 → L/14),½ depth,cls,block5,block11,11-13,-0.11225834796534731,-0.10644468990769
similarity tuning (MTL concept cells),CLIP ViT (B/32 → L/14),½ depth,cls,block5,block11,11-17,-0.3452391817616539,-0.24180956364088194
similarity tuning (MTL concept cells),CLIP ViT (B/32 → L/14),½ depth,cls,block5,block11,11-18,0.15899335062845518,0.07697345387977986
similarity tuning (MTL concept cells),CLIP ViT (B/32 → L/14),½ depth,cls,block5,block11,11-25,0.019463506135226055,-0.12848441777318703
similarity tuning (MTL concept cells),CLIP ViT (B/32 → L/14),½ depth,cls,block5,block11,11-28,0.05903744131911601,0.1428415606538474
similarity tuning (MTL concept cells),CLIP ViT (B/32 → L/14),½ depth,cls,block5,block11,11-31,-0.025523704273875267,-0.07664760743982924
similarity tuning (MTL concept cells),CLIP ViT (B/32 → L/14),½ depth,cls,block5,block11,11-34,-0.007076022920807878,-0.0004043441669033073
similarity tuning (MTL concept cells),CLIP ViT (B/32 → L/14),½ depth,cls,block5,block11,11-65,0.1065110306217681,0.10948378600887375
similarity tuning (MTL concept cells),CLIP ViT (B/32 → L/14),½ depth,cls,block5,block11,11-68,-0.014041608462808526,-0.0006083007276306942
similarity tuning (MTL concept cells),CLIP ViT (B/32 → L/14),½ depth,cls,block5,block11,12-14,0.035050318198261314,-0.030902654540030248
similarity tuning (MTL concept cells),CLIP ViT (B/32 → L/14),½ depth,cls,block5,block11,12-15,-0.22401133553740352,-0.13177592553374723
similarity tuning (MTL concept cells),CLIP ViT (B/32 → L/14),½ depth,cls,block5,block11,13-17,0.012889085576938955,-0.09917785614192558
similarity tuning (MTL concept cells),CLIP ViT (B/32 → L/14),½ depth,cls,block5,block11,13-18,-0.22903795307885574,-0.11455680903911053
similarity tuning (MTL concept cells),CLIP ViT (B/32 → L/14),½ depth,cls,block5,block11,13-19,0.3266464397777442,0.2411299960719559
similarity tuning (MTL concept cells),CLIP ViT (B/32 → L/14),½ depth,cls,block5,block11,13-20,-0.010477463595695057,0.047518229056874896
similarity tuning (MTL concept cells),CLIP ViT (B/32 → L/14),½ depth,cls,block5,block11,13-25,-0.14185161637385799,-0.1963138700912375
similarity tuning (MTL concept cells),CLIP ViT (B/32 → L/14),½ depth,cls,block5,block11,13-26,-0.10789233605551174,-0.04053890266087651
similarity tuning (MTL concept cells),CLIP ViT (B/32 → L/14),½ depth,cls,block5,block11,13-28,-0.1932079472201668,-0.19945444327043613
similarity tuning (MTL concept cells),CLIP ViT (B/32 → L/14),½ depth,cls,block5,block11,13-30,-0.03944386223470191,0.1754414258470139
similarity tuning (MTL concept cells),CLIP ViT (B/32 → L/14),½ depth,cls,block5,block11,13-31,-0.09192726254883028,-0.028261851245313593
similarity tuning (MTL concept cells),CLIP ViT (B/32 → L/14),½ depth,cls,block5,block11,13-32,0.19605319416622918,0.24948085172481962
similarity tuning (MTL concept cells),CLIP ViT (B/32 → L/14),½ depth,cls,block5,block11,13-33,0.13447918403125678,0.17822664329678412
similarity tuning (MTL concept cells),CLIP ViT (B/32 → L/14),½ depth,cls,block5,block11,13-35,0.020194139383495,0.10770207671197336
similarity tuning (MTL concept cells),CLIP ViT (B/32 → L/14),½ depth,cls,block5,block11,13-37,0.0820420222118913,0.14248586054603093
similarity tuning (MTL concept cells),CLIP ViT (B/32 → L/14),½ depth,cls,block5,block11,13-46,0.09495384113302081,0.1450521867614858
similarity tuning (MTL concept cells),CLIP ViT (B/32 → L/14),½ depth,cls,block5,block11,13-75,0.4784197867701516,0.23024015228068492
similarity tuning (MTL concept cells),CLIP ViT (B/32 → L/14),½ depth,cls,block5,block11,13-77,0.624097955103172,0.41160692110993796
similarity tuning (MTL concept cells),CLIP ViT (B/32 → L/14),½ depth,cls,block5,block11,13-78,0.16548599620354207,0.026725545910946363
similarity tuning (MTL concept cells),CLIP ViT (B/32 → L/14),½ depth,cls,block5,block11,13-80,-0.02509144487682319,0.017918839927185855
similarity tuning (MTL concept cells),CLIP ViT (B/32 → L/14),½ depth,cls,block5,block11,13-82,0.3135127276841646,0.24704762429449154
similarity tuning (MTL concept cells),CLIP ViT (B/32 → L/14),½ depth,cls,block5,block11,13-83,0.5120013325088568,0.3300112929685987
similarity tuning (MTL concept cells),CLIP ViT (B/32 → L/14),½ depth,cls,block5,block11,13-84,0.4159629020540743,-0.008684884064070338
similarity tuning (MTL concept cells),CLIP ViT (B/32 → L/14),½ depth,cls,block5,block11,13-85,0.6046273293641686,0.35257956474530944
similarity tuning (MTL concept cells),CLIP ViT (B/32 → L/14),½ depth,cls,block5,block11,13-86,0.6339758856202496,0.5406179784008385
similarity tuning (MTL concept cells),CLIP ViT (B/32 → L/14),½ depth,cls,block5,block11,13-88,0.43432604720135715,0.34868215013930787
similarity tuning (MTL concept cells),CLIP ViT (B/32 → L/14),½ depth,cls,block5,block11,13-89,0.41539998889863367,0.10857249046551568
similarity tuning (MTL concept cells),CLIP ViT (B/32 → L/14),½ depth,cls,block5,block11,13-90,0.67940671001382,0.5548164400565831
similarity tuning (MTL concept cells),CLIP ViT (B/32 → L/14),½ depth,cls,block5,block11,13-92,0.6078793051656448,0.3847746665676156
similarity tuning (MTL concept cells),CLIP ViT (B/32 → L/14),½ depth,cls,block5,block11,13-93,0.355599382939853,0.20531359090652898
similarity tuning (MTL concept cells),CLIP ViT (B/32 → L/14),½ depth,cls,block5,block11,13-94,0.5206957763224642,0.24409979823237918
similarity tuning (MTL concept cells),CLIP ViT (B/32 → L/14),½ depth,cls,block5,block11,13-95,0.05625418024731743,0.04054162084554049
similarity tuning (MTL concept cells),CLIP ViT (B/32 → L/14),½ depth,cls,block5,block11,13-97,0.43182905213118333,0.26655521728404113
similarity tuning (MTL concept cells),CLIP ViT (B/32 → L/14),½ depth,cls,block5,block11,13-98,0.07232879134103387,-0.00925869076461787
similarity tuning (MTL concept cells),CLIP ViT (B/32 → L/14),½ depth,cls,block5,block11,14-14,0.2617773091245332,0.19673037872231183
similarity tuning (MTL concept cells),CLIP ViT (B/32 → L/14),½ depth,cls,block5,block11,14-15,0.02624883763466832,-0.0325698826743515
similarity tuning (MTL concept cells),CLIP ViT (B/32 → L/14),½ depth,cls,block5,block11,14-16,0.007094609779395004,-0.16322688234385854
similarity tuning (MTL concept cells),CLIP ViT (B/32 → L/14),½ depth,cls,block5,block11,14-17,0.06806961420548106,0.02193832746629944
similarity tuning (MTL concept cells),CLIP ViT (B/32 → L/14),½ depth,cls,block5,block11,14-18,-0.06080000579211481,-0.09315763247250493
similarity tuning (MTL concept cells),CLIP ViT (B/32 → L/14),½ depth,cls,block5,block11,14-19,-0.3134293194072965,-0.29426480044793957
similarity tuning (MTL concept cells),CLIP ViT (B/32 → L/14),½ depth,cls,block5,block11,14-45,0.17382003251580858,0.1673595553266651
similarity tuning (MTL concept cells),CLIP ViT (B/32 → L/14),½ depth,cls,block5,block11,14-46,0.07496823402627774,-0.049052216469878146
similarity tuning (MTL concept cells),CLIP ViT (B/32 → L/14),½ depth,cls,block5,block11,14-47,-0.010581731440529093,-0.10257154640732316
similarity tuning (MTL concept cells),CLIP ViT (B/32 → L/14),½ depth,cls,block5,block11,14-48,0.7231540374303485,0.40076109175873786
similarity tuning (MTL concept cells),CLIP ViT (B/32 → L/14),½ depth,cls,block5,block11,14-49,0.30277993012127347,0.3132432219024649
similarity tuning (MTL concept cells),CLIP ViT (B/32 → L/14),½ depth,cls,block5,block11,14-50,0.44122630753766356,0.3673473766255601
similarity tuning (MTL concept cells),CLIP ViT (B/32 → L/14),½ depth,cls,block5,block11,14-51,0.23899020043336744,0.04513866855735794
similarity tuning (MTL concept cells),CLIP ViT (B/32 → L/14),½ depth,cls,block5,block11,14-52,-0.0720616438776703,-0.006366686028379849
similarity tuning (MTL concept cells),CLIP ViT (B/32 → L/14),½ depth,cls,block5,block11,14-53,0.42340882117177137,0.06293063814405217
similarity tuning (MTL concept cells),CLIP ViT (B/32 → L/14),½ depth,cls,block5,block11,14-55,0.5525375363728254,0.3410206540485208
similarity tuning (MTL concept cells),CLIP ViT (B/32 → L/14),½ depth,cls,block5,block11,14-56,0.48147497482130014,0.3915843975743781
similarity tuning (MTL concept cells),CLIP ViT (B/32 → L/14),½ depth,cls,block5,block11,14-59,0.3767122418417987,0.2570934319699602
similarity tuning (MTL concept cells),CLIP ViT (B/32 → L/14),½ depth,cls,block5,block11,14-60,0.4521553873936906,0.3308732652937044
similarity tuning (MTL concept cells),CLIP ViT (B/32 → L/14),½ depth,cls,block5,block11,14-61,-0.18676081120416524,-0.12346935669269482
similarity tuning (MTL concept cells),CLIP ViT (B/32 → L/14),½ depth,cls,block5,block11,14-62,0.19160220295129596,0.15659965906779416
similarity tuning (MTL concept cells),CLIP ViT (B/32 → L/14),½ depth,cls,block5,block11,14-63,-0.024185807553946136,-0.15869551959687053
similarity tuning (MTL concept cells),CLIP ViT (B/32 → L/14),½ depth,cls,block5,block11,14-68,0.18412581877579481,0.1402658973257735
similarity tuning (MTL concept cells),CLIP ViT (B/32 → L/14),½ depth,cls,block5,block11,14-69,0.086935761012711,-0.008345631350118139
similarity tuning (MTL concept cells),CLIP ViT (B/32 → L/14),½ depth,cls,block5,block11,15-2,0.13882627119475027,0.19284939294224282
similarity tuning (MTL concept cells),CLIP ViT (B/32 → L/14),½ depth,cls,block5,block11,15-8,0.13192578894149823,0.1107993361494003
similarity tuning (MTL concept cells),CLIP ViT (B/32 → L/14),½ depth,cls,block5,block11,16-7,0.1725647934008034,0.1919917948662323
similarity tuning (MTL concept cells),CLIP ViT (B/32 → L/14),½ depth,cls,block5,block11,16-9,0.12718217936254206,-0.07902973887396297
similarity tuning (MTL concept cells),CLIP ViT (B/32 → L/14),½ depth,cls,block5,block11,16-13,-0.007625074872961178,0.16539558474439947
similarity tuning (MTL concept cells),CLIP ViT (B/32 → L/14),½ depth,cls,block5,block11,16-20,0.06406723669436785,0.11641584591742411
similarity tuning (MTL concept cells),CLIP ViT (B/32 → L/14),½ depth,cls,block5,block11,16-21,0.2794939822937299,0.3255444433162551
similarity tuning (MTL concept cells),CLIP ViT (B/32 → L/14),½ depth,cls,block5,block11,16-24,0.4933596077959957,0.40684707694689837
similarity tuning (MTL concept cells),CLIP ViT (B/32 → L/14),½ depth,cls,block5,block11,16-30,-0.03843468792669596,0.021588845984356883
similarity tuning (MTL concept cells),CLIP ViT (B/32 → L/14),½ depth,cls,block5,block11,18-5,0.2537887655215899,0.2701785019934263
similarity tuning (MTL concept cells),CLIP ViT (B/32 → L/14),½ depth,cls,block5,block11,18-13,-0.13960814955334688,-0.11250804798386857
similarity tuning (MTL concept cells),CLIP ViT (B/32 → L/14),½ depth,cls,block5,block11,18-14,-0.07260788400167127,-0.16857126166716327
similarity tuning (MTL concept cells),CLIP ViT (B/32 → L/14),½ depth,cls,block5,block11,18-16,-0.12461380974014157,-0.04850790496362081
similarity tuning (MTL concept cells),CLIP ViT (B/32 → L/14),½ depth,cls,block5,block11,18-17,0.11403184766948839,0.06197051614658692
similarity tuning (MTL concept cells),CLIP ViT (B/32 → L/14),½ depth,cls,block5,block11,18-18,-0.04330456986175975,-0.051853203275837256
similarity tuning (MTL concept cells),CLIP ViT (B/32 → L/14),½ depth,cls,block5,block11,18-19,0.0312964663362551,0.022477011249548755
similarity tuning (MTL concept cells),CLIP ViT (B/32 → L/14),½ depth,cls,block5,block11,18-20,-0.07467675484330125,-0.013460825434430633
similarity tuning (MTL concept cells),CLIP ViT (B/32 → L/14),½ depth,cls,block5,block11,18-22,-0.16671200035562034,-0.10981107050451287
similarity tuning (MTL concept cells),CLIP ViT (B/32 → L/14),½ depth,cls,block5,block11,18-23,-0.08143942838451515,0.1242387748905009
similarity tuning (MTL concept cells),CLIP ViT (B/32 → L/14),½ depth,cls,block5,block11,18-24,-0.10723879107697977,-0.05549133043772936
similarity tuning (MTL concept cells),CLIP ViT (B/32 → L/14),½ depth,cls,block5,block11,18-28,-0.0693417038209274,0.014656140276426192
similarity tuning (MTL concept cells),CLIP ViT (B/32 → L/14),½ depth,cls,block5,block11,18-29,-0.09025516541703364,-0.12535720233076525
similarity tuning (MTL concept cells),CLIP ViT (B/32 → L/14),½ depth,cls,block5,block11,18-30,-0.06066216342031473,-0.023679303418090675
similarity tuning (MTL concept cells),CLIP ViT (B/32 → L/14),½ depth,cls,block5,block11,18-37,0.16024114337151288,0.1634637285192852
similarity tuning (MTL concept cells),CLIP ViT (B/32 → L/14),½ depth,cls,block5,block11,21-0,-0.14280786347053245,-0.015890175963910888
similarity tuning (MTL concept cells),CLIP ViT (B/32 → L/14),½ depth,cls,block5,block11,21-2,0.11581944871421901,0.16006623832752306
similarity tuning (MTL concept cells),CLIP ViT (B/32 → L/14),½ depth,cls,block5,block11,21-4,-0.3137556441245793,-0.013260482463806482
similarity tuning (MTL concept cells),CLIP ViT (B/32 → L/14),½ depth,cls,block5,block11,21-14,-0.09524788921410075,-0.18706433129360076
RSA (MTL),CLIP ViT (B/32 → L/14),½ depth,gap,block5,block11,1,0.041544861599467624,0.026754964998263943
RSA (MTL),CLIP ViT (B/32 → L/14),½ depth,gap,block5,block11,2,0.0014811110838757826,0.004013593917177503
RSA (MTL),CLIP ViT (B/32 → L/14),½ depth,gap,block5,block11,3,0.01538403218112686,0.011573807555906677
RSA (MTL),CLIP ViT (B/32 → L/14),½ depth,gap,block5,block11,4,0.03830277065513793,0.035022500849085
RSA (MTL),CLIP ViT (B/32 → L/14),½ depth,gap,block5,block11,5,0.005216503529195986,0.008062703841292233
RSA (MTL),CLIP ViT (B/32 → L/14),½ depth,gap,block5,block11,7,0.03250680663983078,0.04035775779214169
RSA (MTL),CLIP ViT (B/32 → L/14),½ depth,gap,block5,block11,8,0.0296317563419914,0.02389735628905018
RSA (MTL),CLIP ViT (B/32 → L/14),½ depth,gap,block5,block11,9,-0.03435897927307224,-0.03484692462240686
RSA (MTL),CLIP ViT (B/32 → L/14),½ depth,gap,block5,block11,10,0.001542604826009165,0.010470825073489638
RSA (MTL),CLIP ViT (B/32 → L/14),½ depth,gap,block5,block11,11,0.057491796796336654,0.0528186896231104
RSA (MTL),CLIP ViT (B/32 → L/14),½ depth,gap,block5,block11,12,0.01284647333123063,0.012623911509375814
RSA (MTL),CLIP ViT (B/32 → L/14),½ depth,gap,block5,block11,13,0.2829425808993004,0.26224434757602705
RSA (MTL),CLIP ViT (B/32 → L/14),½ depth,gap,block5,block11,14,0.1850116210011396,0.16664264942407464
RSA (MTL),CLIP ViT (B/32 → L/14),½ depth,gap,block5,block11,15,0.0023353268691784328,0.0025754912404868267
RSA (MTL),CLIP ViT (B/32 → L/14),½ depth,gap,block5,block11,16,0.09690094874030787,0.09261712895632995
RSA (MTL),CLIP ViT (B/32 → L/14),½ depth,gap,block5,block11,17,-0.007627784855966967,-0.00895560749171317
RSA (MTL),CLIP ViT (B/32 → L/14),½ depth,gap,block5,block11,18,0.05510020685017316,0.04872854467179415
RSA (MTL),CLIP ViT (B/32 → L/14),½ depth,gap,block5,block11,20,-0.023616342911832636,0.015228423214862875
RSA (MTL),CLIP ViT (B/32 → L/14),½ depth,gap,block5,block11,21,0.009192806202912254,0.010830621377631485
similarity tuning (MTL concept cells),CLIP ViT (B/32 → L/14),½ depth,gap,block5,block11,1-34,0.05411134533624758,0.058523966694049696
similarity tuning (MTL concept cells),CLIP ViT (B/32 → L/14),½ depth,gap,block5,block11,1-36,0.30863619489400995,0.2294081330915908
similarity tuning (MTL concept cells),CLIP ViT (B/32 → L/14),½ depth,gap,block5,block11,1-38,0.17204211613198245,0.1859005726423935
similarity tuning (MTL concept cells),CLIP ViT (B/32 → L/14),½ depth,gap,block5,block11,2-0,0.0526854445497446,0.008802230658140913
similarity tuning (MTL concept cells),CLIP ViT (B/32 → L/14),½ depth,gap,block5,block11,3-39,-0.1427482124589027,-0.12719637000323836
similarity tuning (MTL concept cells),CLIP ViT (B/32 → L/14),½ depth,gap,block5,block11,4-8,0.2289011268837837,0.21193608164264668
similarity tuning (MTL concept cells),CLIP ViT (B/32 → L/14),½ depth,gap,block5,block11,4-13,-0.30644163341425135,-0.3170593889486642
similarity tuning (MTL concept cells),CLIP ViT (B/32 → L/14),½ depth,gap,block5,block11,4-15,0.101053974352078,0.07709481151070813
similarity tuning (MTL concept cells),CLIP ViT (B/32 → L/14),½ depth,gap,block5,block11,4-25,0.40137052101397463,0.3301758754964318
similarity tuning (MTL concept cells),CLIP ViT (B/32 → L/14),½ depth,gap,block5,block11,4-33,0.07621450640380248,0.07765108936181066
similarity tuning (MTL concept cells),CLIP ViT (B/32 → L/14),½ depth,gap,block5,block11,4-39,0.2506013846906614,0.24924456013040022
similarity tuning (MTL concept cells),CLIP ViT (B/32 → L/14),½ depth,gap,block5,block11,4-40,0.14071265908305475,0.1817517415540212
similarity tuning (MTL concept cells),CLIP ViT (B/32 → L/14),½ depth,gap,block5,block11,4-41,0.5048945805905719,0.5266873195647473
similarity tuning (MTL concept cells),CLIP ViT (B/32 → L/14),½ depth,gap,block5,block11,4-43,0.29477405211687047,0.23147807903101314
similarity tuning (MTL concept cells),CLIP ViT (B/32 → L/14),½ depth,gap,block5,block11,4-44,0.32157793048771677,0.3500680322722701
similarity tuning (MTL concept cells),CLIP ViT (B/32 → L/14),½ depth,gap,block5,block11,4-45,0.07265926343503269,-0.002223996180042412
similarity tuning (MTL concept cells),CLIP ViT (B/32 → L/14),½ depth,gap,block5,block11,4-46,0.12314001496824803,0.028867333243179413
similarity tuning (MTL concept cells),CLIP ViT (B/32 → L/14),½ depth,gap,block5,block11,5-5,0.043357665584203994,-0.026928189277267554
similarity tuning (MTL concept cells),CLIP ViT (B/32 → L/14),½ depth,gap,block5,block11,5-6,-0.069840686327506,0.007224898585604068
similarity tuning (MTL concept cells),CLIP ViT (B/32 → L/14),½ depth,gap,block5,block11,7-17,0.11341206106056889,0.09000057131306574
similarity tuning (MTL concept cells),CLIP ViT (B/32 → L/14),½ depth,gap,block5,block11,7-20,-0.0980667960808455,-0.07851000609191709
similarity tuning (MTL concept cells),CLIP ViT (B/32 → L/14),½ depth,gap,block5,block11,7-21,-0.19196163106435662,-0.2766613083286676
similarity tuning (MTL concept cells),CLIP ViT (B/32 → L/14),½ depth,gap,block5,block11,7-23,0.08571911353929086,0.1106184750911801
similarity tuning (MTL concept cells),CLIP ViT (B/32 → L/14),½ depth,gap,block5,block11,7-24,-0.03852112852255278,0.12411908786437836
similarity tuning (MTL concept cells),CLIP ViT (B/32 → L/14),½ depth,gap,block5,block11,7-25,-0.0031237932142101146,0.03456456907151971
similarity tuning (MTL concept cells),CLIP ViT (B/32 → L/14),½ depth,gap,block5,block11,7-26,0.2606385446512762,0.284652705582385
similarity tuning (MTL concept cells),CLIP ViT (B/32 → L/14),½ depth,gap,block5,block11,7-30,0.24103153918932466,0.28731701976025303
similarity tuning (MTL concept cells),CLIP ViT (B/32 → L/14),½ depth,gap,block5,block11,8-34,0.027439201535254518,0.05948557955414019
similarity tuning (MTL concept cells),CLIP ViT (B/32 → L/14),½ depth,gap,block5,block11,8-37,0.26948737952995866,0.2593172799566585
similarity tuning (MTL concept cells),CLIP ViT (B/32 → L/14),½ depth,gap,block5,block11,8-38,0.03447274105096011,0.06211675296772049
similarity tuning (MTL concept cells),CLIP ViT (B/32 → L/14),½ depth,gap,block5,block11,8-42,0.17334802028279236,0.13927588960773957
similarity tuning (MTL concept cells),CLIP ViT (B/32 → L/14),½ depth,gap,block5,block11,8-45,0.1288956412648956,0.0845991110273822
similarity tuning (MTL concept cells),CLIP ViT (B/32 → L/14),½ depth,gap,block5,block11,10-64,-0.022537043619673958,-0.021623379689146637
similarity tuning (MTL concept cells),CLIP ViT (B/32 → L/14),½ depth,gap,block5,block11,10-67,-0.015697980580151906,-0.05470122892597503
similarity tuning (MTL concept cells),CLIP ViT (B/32 → L/14),½ depth,gap,block5,block11,10-70,-0.01634100780582676,-0.004789605736190602
similarity tuning (MTL concept cells),CLIP ViT (B/32 → L/14),½ depth,gap,block5,block11,10-71,0.10728400956786113,0.09376314685251348
similarity tuning (MTL concept cells),CLIP ViT (B/32 → L/14),½ depth,gap,block5,block11,11-6,-0.06605858355142018,-0.11868499877496134
similarity tuning (MTL concept cells),CLIP ViT (B/32 → L/14),½ depth,gap,block5,block11,11-11,0.454183708643818,0.4367336662614958
similarity tuning (MTL concept cells),CLIP ViT (B/32 → L/14),½ depth,gap,block5,block11,11-12,0.21606134362147142,0.18585166601156586
similarity tuning (MTL concept cells),CLIP ViT (B/32 → L/14),½ depth,gap,block5,block11,11-13,-0.021481857576276405,-0.037384689034442184
similarity tuning (MTL concept cells),CLIP ViT (B/32 → L/14),½ depth,gap,block5,block11,11-17,-0.3660520128927049,-0.3896568091754823
similarity tuning (MTL concept cells),CLIP ViT (B/32 → L/14),½ depth,gap,block5,block11,11-18,0.253598954291123,0.25809819251158406
similarity tuning (MTL concept cells),CLIP ViT (B/32 → L/14),½ depth,gap,block5,block11,11-25,-0.02904359551866848,-0.07353160954204231
similarity tuning (MTL concept cells),CLIP ViT (B/32 → L/14),½ depth,gap,block5,block11,11-28,0.08064458427924133,0.0451762552692243
similarity tuning (MTL concept cells),CLIP ViT (B/32 → L/14),½ depth,gap,block5,block11,11-31,0.0136670384523448,0.03251021273645451
similarity tuning (MTL concept cells),CLIP ViT (B/32 → L/14),½ depth,gap,block5,block11,11-34,-0.10679740308333603,-0.18607413130681574
similarity tuning (MTL concept cells),CLIP ViT (B/32 → L/14),½ depth,gap,block5,block11,11-65,0.017099695517282906,0.11344745985834796
similarity tuning (MTL concept cells),CLIP ViT (B/32 → L/14),½ depth,gap,block5,block11,11-68,-0.04204878779747174,0.06422641849234081
similarity tuning (MTL concept cells),CLIP ViT (B/32 → L/14),½ depth,gap,block5,block11,12-14,0.13741056082547004,0.09414172389701012
similarity tuning (MTL concept cells),CLIP ViT (B/32 → L/14),½ depth,gap,block5,block11,12-15,0.4993505418542467,0.494578855374751
similarity tuning (MTL concept cells),CLIP ViT (B/32 → L/14),½ depth,gap,block5,block11,13-17,0.04873133724979659,0.025298929224402685
similarity tuning (MTL concept cells),CLIP ViT (B/32 → L/14),½ depth,gap,block5,block11,13-18,0.06391170279724925,0.07004056774584103
similarity tuning (MTL concept cells),CLIP ViT (B/32 → L/14),½ depth,gap,block5,block11,13-19,0.4105651563324457,0.3485074049243603
similarity tuning (MTL concept cells),CLIP ViT (B/32 → L/14),½ depth,gap,block5,block11,13-20,0.11443633596368637,0.11614434097806975
similarity tuning (MTL concept cells),CLIP ViT (B/32 → L/14),½ depth,gap,block5,block11,13-25,0.010678373564614893,0.04115888617387363
similarity tuning (MTL concept cells),CLIP ViT (B/32 → L/14),½ depth,gap,block5,block11,13-26,0.03310592488888851,0.07372093312422222
similarity tuning (MTL concept cells),CLIP ViT (B/32 → L/14),½ depth,gap,block5,block11,13-28,-0.1165672650686992,-0.07268881730333802
similarity tuning (MTL concept cells),CLIP ViT (B/32 → L/14),½ depth,gap,block5,block11,13-30,-0.07114616849669848,-0.08302501503842338
similarity tuning (MTL concept cells),CLIP ViT (B/32 → L/14),½ depth,gap,block5,block11,13-31,0.060971385915024566,0.10069555272835654
similarity tuning (MTL concept cells),CLIP ViT (B/32 → L/14),½ depth,gap,block5,block11,13-32,0.2289901307861557,0.18517540403829647
similarity tuning (MTL concept cells),CLIP ViT (B/32 → L/14),½ depth,gap,block5,block11,13-33,0.07088099902963761,0.12363082563535437
similarity tuning (MTL concept cells),CLIP ViT (B/32 → L/14),½ depth,gap,block5,block11,13-35,0.29645803372099594,0.3180892092403951
similarity tuning (MTL concept cells),CLIP ViT (B/32 → L/14),½ depth,gap,block5,block11,13-37,0.23444647319578665,0.24351045923561052
similarity tuning (MTL concept cells),CLIP ViT (B/32 → L/14),½ depth,gap,block5,block11,13-46,0.1028054524296963,0.10359061355936386
similarity tuning (MTL concept cells),CLIP ViT (B/32 → L/14),½ depth,gap,block5,block11,13-75,0.688150474840235,0.635314668391056
similarity tuning (MTL concept cells),CLIP ViT (B/32 → L/14),½ depth,gap,block5,block11,13-77,0.7554061296179573,0.7250538659904269
similarity tuning (MTL concept cells),CLIP ViT (B/32 → L/14),½ depth,gap,block5,block11,13-78,0.4105670903518894,0.43301958303771754
similarity tuning (MTL concept cells),CLIP ViT (B/32 → L/14),½ depth,gap,block5,block11,13-80,0.19424326619795246,0.23233664160185674
similarity tuning (MTL concept cells),CLIP ViT (B/32 → L/14),½ depth,gap,block5,block11,13-82,0.45492514765800235,0.39841081974724035
similarity tuning (MTL concept cells),CLIP ViT (B/32 → L/14),½ depth,gap,block5,block11,13-83,0.4925725980190286,0.4903298517549629
similarity tuning (MTL concept cells),CLIP ViT (B/32 → L/14),½ depth,gap,block5,block11,13-84,0.45938732237442603,0.4335858737992433
similarity tuning (MTL concept cells),CLIP ViT (B/32 → L/14),½ depth,gap,block5,block11,13-85,0.7528417982896272,0.7435421657384463
similarity tuning (MTL concept cells),CLIP ViT (B/32 → L/14),½ depth,gap,block5,block11,13-86,0.627970701318028,0.6048330794477038
similarity tuning (MTL concept cells),CLIP ViT (B/32 → L/14),½ depth,gap,block5,block11,13-88,0.3615033962675318,0.3461989838931301
similarity tuning (MTL concept cells),CLIP ViT (B/32 → L/14),½ depth,gap,block5,block11,13-89,0.47353086906288994,0.4137852422274044
similarity tuning (MTL concept cells),CLIP ViT (B/32 → L/14),½ depth,gap,block5,block11,13-90,0.6297370923693982,0.6265081888353778
similarity tuning (MTL concept cells),CLIP ViT (B/32 → L/14),½ depth,gap,block5,block11,13-92,0.6607251955582033,0.6364494304208952
similarity tuning (MTL concept cells),CLIP ViT (B/32 → L/14),½ depth,gap,block5,block11,13-93,0.47268574650170475,0.5039815380195376
similarity tuning (MTL concept cells),CLIP ViT (B/32 → L/14),½ depth,gap,block5,block11,13-94,0.6837065046304127,0.6808807498601774
similarity tuning (MTL concept cells),CLIP ViT (B/32 → L/14),½ depth,gap,block5,block11,13-95,0.052044501363223604,0.06226034629850861
similarity tuning (MTL concept cells),CLIP ViT (B/32 → L/14),½ depth,gap,block5,block11,13-97,0.4536061914827939,0.4822550035764441
similarity tuning (MTL concept cells),CLIP ViT (B/32 → L/14),½ depth,gap,block5,block11,13-98,0.3379043708482064,0.35480715780268585
similarity tuning (MTL concept cells),CLIP ViT (B/32 → L/14),½ depth,gap,block5,block11,14-14,0.1571673116661896,0.18472016193741758
similarity tuning (MTL concept cells),CLIP ViT (B/32 → L/14),½ depth,gap,block5,block11,14-15,0.1993794688420551,0.022491750623129716
similarity tuning (MTL concept cells),CLIP ViT (B/32 → L/14),½ depth,gap,block5,block11,14-16,0.04391538024736621,0.054519151853128646
similarity tuning (MTL concept cells),CLIP ViT (B/32 → L/14),½ depth,gap,block5,block11,14-17,-0.06031773406149996,-0.10781699964961942
similarity tuning (MTL concept cells),CLIP ViT (B/32 → L/14),½ depth,gap,block5,block11,14-18,-0.055647034798516376,0.007628417843464342
similarity tuning (MTL concept cells),CLIP ViT (B/32 → L/14),½ depth,gap,block5,block11,14-19,-0.09428943328003621,-0.1744737806059857
similarity tuning (MTL concept cells),CLIP ViT (B/32 → L/14),½ depth,gap,block5,block11,14-45,0.23140254659295686,0.22838935960355394
similarity tuning (MTL concept cells),CLIP ViT (B/32 → L/14),½ depth,gap,block5,block11,14-46,-0.0024323413125559405,0.06228531146795034
similarity tuning (MTL concept cells),CLIP ViT (B/32 → L/14),½ depth,gap,block5,block11,14-47,0.2465992027724299,0.193980817504562
similarity tuning (MTL concept cells),CLIP ViT (B/32 → L/14),½ depth,gap,block5,block11,14-48,0.7380717038237823,0.7356274240262095
similarity tuning (MTL concept cells),CLIP ViT (B/32 → L/14),½ depth,gap,block5,block11,14-49,0.2521023000485147,0.187860209787127
similarity tuning (MTL concept cells),CLIP ViT (B/32 → L/14),½ depth,gap,block5,block11,14-50,0.4574276057636842,0.43157124369625965
similarity tuning (MTL concept cells),CLIP ViT (B/32 → L/14),½ depth,gap,block5,block11,14-51,0.2829430012309737,0.2272829102094356
similarity tuning (MTL concept cells),CLIP ViT (B/32 → L/14),½ depth,gap,block5,block11,14-52,-0.11316270973023536,-0.11721890486121933
similarity tuning (MTL concept cells),CLIP ViT (B/32 → L/14),½ depth,gap,block5,block11,14-53,0.6182721062175054,0.5941125858091203
similarity tuning (MTL concept cells),CLIP ViT (B/32 → L/14),½ depth,gap,block5,block11,14-55,0.469276012470654,0.4444860911864395
similarity tuning (MTL concept cells),CLIP ViT (B/32 → L/14),½ depth,gap,block5,block11,14-56,0.529813079973589,0.5200793816174761
similarity tuning (MTL concept cells),CLIP ViT (B/32 → L/14),½ depth,gap,block5,block11,14-59,0.4262444667180987,0.48061894575745856
similarity tuning (MTL concept cells),CLIP ViT (B/32 → L/14),½ depth,gap,block5,block11,14-60,0.6832716958324461,0.6445111683216301
similarity tuning (MTL concept cells),CLIP ViT (B/32 → L/14),½ depth,gap,block5,block11,14-61,-0.15170064210727796,0.04706958522783598
similarity tuning (MTL concept cells),CLIP ViT (B/32 → L/14),½ depth,gap,block5,block11,14-62,0.22523706422285195,0.3140857790877754
similarity tuning (MTL concept cells),CLIP ViT (B/32 → L/14),½ depth,gap,block5,block11,14-63,-0.0725574226618384,-0.08184009327928356
similarity tuning (MTL concept cells),CLIP ViT (B/32 → L/14),½ depth,gap,block5,block11,14-68,0.11887881991174463,0.08910861416069389
similarity tuning (MTL concept cells),CLIP ViT (B/32 → L/14),½ depth,gap,block5,block11,14-69,0.2560167393628386,0.21093520203954186
similarity tuning (MTL concept cells),CLIP ViT (B/32 → L/14),½ depth,gap,block5,block11,15-2,0.21073064157308424,0.17835723528245198
similarity tuning (MTL concept cells),CLIP ViT (B/32 → L/14),½ depth,gap,block5,block11,15-8,-0.004174383443257903,-0.07758244350640298
similarity tuning (MTL concept cells),CLIP ViT (B/32 → L/14),½ depth,gap,block5,block11,16-7,0.11585783176717407,0.18089065117170156
similarity tuning (MTL concept cells),CLIP ViT (B/32 → L/14),½ depth,gap,block5,block11,16-9,0.14167231023882026,0.1518840180708492
similarity tuning (MTL concept cells),CLIP ViT (B/32 → L/14),½ depth,gap,block5,block11,16-13,0.04369424927202473,0.023003737116742428
similarity tuning (MTL concept cells),CLIP ViT (B/32 → L/14),½ depth,gap,block5,block11,16-20,0.01561132033375419,0.045455298945814154
similarity tuning (MTL concept cells),CLIP ViT (B/32 → L/14),½ depth,gap,block5,block11,16-21,0.27650474184139057,0.2768279029713732
similarity tuning (MTL concept cells),CLIP ViT (B/32 → L/14),½ depth,gap,block5,block11,16-24,0.4914218562884098,0.5198825815560782
similarity tuning (MTL concept cells),CLIP ViT (B/32 → L/14),½ depth,gap,block5,block11,16-30,0.10401898519735588,0.06664738438352598
similarity tuning (MTL concept cells),CLIP ViT (B/32 → L/14),½ depth,gap,block5,block11,18-5,0.19813930645490843,0.24909877939272596
similarity tuning (MTL concept cells),CLIP ViT (B/32 → L/14),½ depth,gap,block5,block11,18-13,-0.11137134210297527,-0.10320772714019628
similarity tuning (MTL concept cells),CLIP ViT (B/32 → L/14),½ depth,gap,block5,block11,18-14,-0.14821462355538914,0.0015248418061254028
similarity tuning (MTL concept cells),CLIP ViT (B/32 → L/14),½ depth,gap,block5,block11,18-16,-0.1503155681545693,-0.08604835967661842
similarity tuning (MTL concept cells),CLIP ViT (B/32 → L/14),½ depth,gap,block5,block11,18-17,0.08051847710887002,0.10305552008632905
similarity tuning (MTL concept cells),CLIP ViT (B/32 → L/14),½ depth,gap,block5,block11,18-18,-0.05910040294627907,-0.1671704402854379
similarity tuning (MTL concept cells),CLIP ViT (B/32 → L/14),½ depth,gap,block5,block11,18-19,-0.012422832450703516,-0.02668515124806293
similarity tuning (MTL concept cells),CLIP ViT (B/32 → L/14),½ depth,gap,block5,block11,18-20,-0.16900528727694492,-0.12916227153495655
similarity tuning (MTL concept cells),CLIP ViT (B/32 → L/14),½ depth,gap,block5,block11,18-22,-0.15983754412473994,-0.1789160911924642
similarity tuning (MTL concept cells),CLIP ViT (B/32 → L/14),½ depth,gap,block5,block11,18-23,0.14092718234634416,0.08857693188101429
similarity tuning (MTL concept cells),CLIP ViT (B/32 → L/14),½ depth,gap,block5,block11,18-24,-0.21399036622128073,-0.14824185825347203
similarity tuning (MTL concept cells),CLIP ViT (B/32 → L/14),½ depth,gap,block5,block11,18-28,-0.15464402113660167,-0.08548136265936532
similarity tuning (MTL concept cells),CLIP ViT (B/32 → L/14),½ depth,gap,block5,block11,18-29,0.09596240307351085,0.1543226961005855
similarity tuning (MTL concept cells),CLIP ViT (B/32 → L/14),½ depth,gap,block5,block11,18-30,-0.14474680484203806,-0.0700362911292118
similarity tuning (MTL concept cells),CLIP ViT (B/32 → L/14),½ depth,gap,block5,block11,18-37,0.20789480406061836,0.19736430928640175
similarity tuning (MTL concept cells),CLIP ViT (B/32 → L/14),½ depth,gap,block5,block11,21-0,-0.11011077062171583,-0.127376057967119
similarity tuning (MTL concept cells),CLIP ViT (B/32 → L/14),½ depth,gap,block5,block11,21-2,0.1558939566526946,0.14749788365273123
similarity tuning (MTL concept cells),CLIP ViT (B/32 → L/14),½ depth,gap,block5,block11,21-4,-0.25055997341135294,-0.18445962558700713
similarity tuning (MTL concept cells),CLIP ViT (B/32 → L/14),½ depth,gap,block5,block11,21-14,0.019528971192507013,-0.07364995724926093
RSA (MTL),CLIP ViT (B/32 → L/14),¾ depth,cls,block8,block17,1,0.04219818891336374,0.021462403377194503
RSA (MTL),CLIP ViT (B/32 → L/14),¾ depth,cls,block8,block17,2,0.01066565808746082,-0.002060258641458334
RSA (MTL),CLIP ViT (B/32 → L/14),¾ depth,cls,block8,block17,3,0.03408940302487932,0.028890012324716496
RSA (MTL),CLIP ViT (B/32 → L/14),¾ depth,cls,block8,block17,4,0.07987130959256371,0.06162899679199618
RSA (MTL),CLIP ViT (B/32 → L/14),¾ depth,cls,block8,block17,5,0.005290647845215975,0.009216377219989658
RSA (MTL),CLIP ViT (B/32 → L/14),¾ depth,cls,block8,block17,7,0.023622510794430264,0.029094850197411593
RSA (MTL),CLIP ViT (B/32 → L/14),¾ depth,cls,block8,block17,8,0.015563300173819832,0.023625135741716322
RSA (MTL),CLIP ViT (B/32 → L/14),¾ depth,cls,block8,block17,9,-0.020221217944418113,-0.007385090577880712
RSA (MTL),CLIP ViT (B/32 → L/14),¾ depth,cls,block8,block17,10,-0.0182899880500485,-0.01972534571490895
RSA (MTL),CLIP ViT (B/32 → L/14),¾ depth,cls,block8,block17,11,0.04747221203904454,0.05233024988603047
RSA (MTL),CLIP ViT (B/32 → L/14),¾ depth,cls,block8,block17,12,0.018081694168205615,0.0018166791145865111
RSA (MTL),CLIP ViT (B/32 → L/14),¾ depth,cls,block8,block17,13,0.3369600916132878,0.28578960439276124
RSA (MTL),CLIP ViT (B/32 → L/14),¾ depth,cls,block8,block17,14,0.22766095840812206,0.1624008876749665
RSA (MTL),CLIP ViT (B/32 → L/14),¾ depth,cls,block8,block17,15,-0.00800735415732815,-0.008861392741162885
RSA (MTL),CLIP ViT (B/32 → L/14),¾ depth,cls,block8,block17,16,0.1031484870843994,0.09376851437566099
RSA (MTL),CLIP ViT (B/32 → L/14),¾ depth,cls,block8,block17,17,0.001689805921064567,-0.0035389310627183764
RSA (MTL),CLIP ViT (B/32 → L/14),¾ depth,cls,block8,block17,18,0.0598895565754284,0.0622138566805353
RSA (MTL),CLIP ViT (B/32 → L/14),¾ depth,cls,block8,block17,20,-0.06844984801358212,-0.07966253056578365
RSA (MTL),CLIP ViT (B/32 → L/14),¾ depth,cls,block8,block17,21,-0.004115418713408059,0.00927742956937569
similarity tuning (MTL concept cells),CLIP ViT (B/32 → L/14),¾ depth,cls,block8,block17,1-34,0.19148255194942412,0.06823173368121432
similarity tuning (MTL concept cells),CLIP ViT (B/32 → L/14),¾ depth,cls,block8,block17,1-36,0.006459357904910607,-0.09646142683778614
similarity tuning (MTL concept cells),CLIP ViT (B/32 → L/14),¾ depth,cls,block8,block17,1-38,0.28012796125150224,0.21475549760293916
similarity tuning (MTL concept cells),CLIP ViT (B/32 → L/14),¾ depth,cls,block8,block17,2-0,0.1335943205411445,-0.022389394842654942
similarity tuning (MTL concept cells),CLIP ViT (B/32 → L/14),¾ depth,cls,block8,block17,3-39,-0.07143732510122236,0.012441473964531468
similarity tuning (MTL concept cells),CLIP ViT (B/32 → L/14),¾ depth,cls,block8,block17,4-8,0.18686946539563745,0.2384503140255015
similarity tuning (MTL concept cells),CLIP ViT (B/32 → L/14),¾ depth,cls,block8,block17,4-13,-0.2555881726968001,-0.3281597697346413
similarity tuning (MTL concept cells),CLIP ViT (B/32 → L/14),¾ depth,cls,block8,block17,4-15,0.20669210142539063,0.22378769859021586
similarity tuning (MTL concept cells),CLIP ViT (B/32 → L/14),¾ depth,cls,block8,block17,4-25,0.29818111264884534,0.17849046832688995
similarity tuning (MTL concept cells),CLIP ViT (B/32 → L/14),¾ depth,cls,block8,block17,4-33,0.08070067774635435,-0.007182914790040909
similarity tuning (MTL concept cells),CLIP ViT (B/32 → L/14),¾ depth,cls,block8,block17,4-39,0.24139142403919164,0.23806103648218696
similarity tuning (MTL concept cells),CLIP ViT (B/32 → L/14),¾ depth,cls,block8,block17,4-40,0.46003773447250584,0.45375908397725623
similarity tuning (MTL concept cells),CLIP ViT (B/32 → L/14),¾ depth,cls,block8,block17,4-41,0.47984429430739467,0.45966770283535974
similarity tuning (MTL concept cells),CLIP ViT (B/32 → L/14),¾ depth,cls,block8,block17,4-43,0.453115177434369,0.4061365115588946
similarity tuning (MTL concept cells),CLIP ViT (B/32 → L/14),¾ depth,cls,block8,block17,4-44,0.3337196007442638,0.3181772552083935
similarity tuning (MTL concept cells),CLIP ViT (B/32 → L/14),¾ depth,cls,block8,block17,4-45,-0.03254883821144425,0.06044036677527026
similarity tuning (MTL concept cells),CLIP ViT (B/32 → L/14),¾ depth,cls,block8,block17,4-46,0.06750200156066752,0.1072617032375001
similarity tuning (MTL concept cells),CLIP ViT (B/32 → L/14),¾ depth,cls,block8,block17,5-5,0.09105614518498718,0.09158612829166256
similarity tuning (MTL concept cells),CLIP ViT (B/32 → L/14),¾ depth,cls,block8,block17,5-6,0.031051691793447276,-0.010196842684646878
similarity tuning (MTL concept cells),CLIP ViT (B/32 → L/14),¾ depth,cls,block8,block17,7-17,0.2632779988906063,0.1848616595287273
similarity tuning (MTL concept cells),CLIP ViT (B/32 → L/14),¾ depth,cls,block8,block17,7-20,0.024001514986412124,0.06323631473692756
similarity tuning (MTL concept cells),CLIP ViT (B/32 → L/14),¾ depth,cls,block8,block17,7-21,-0.18361723435634705,-0.03467380379638939
similarity tuning (MTL concept cells),CLIP ViT (B/32 → L/14),¾ depth,cls,block8,block17,7-23,-0.0033063086650869326,0.08755595168656137
similarity tuning (MTL concept cells),CLIP ViT (B/32 → L/14),¾ depth,cls,block8,block17,7-24,-0.03057947184521459,0.13713685499527292
similarity tuning (MTL concept cells),CLIP ViT (B/32 → L/14),¾ depth,cls,block8,block17,7-25,-0.20138324045894818,-0.4183448782459052
similarity tuning (MTL concept cells),CLIP ViT (B/32 → L/14),¾ depth,cls,block8,block17,7-26,0.20537363220544178,0.2286196634097979
similarity tuning (MTL concept cells),CLIP ViT (B/32 → L/14),¾ depth,cls,block8,block17,7-30,0.3656835439701423,0.3423995663856386
similarity tuning (MTL concept cells),CLIP ViT (B/32 → L/14),¾ depth,cls,block8,block17,8-34,0.12406759327158917,-0.007461179615084068
similarity tuning (MTL concept cells),CLIP ViT (B/32 → L/14),¾ depth,cls,block8,block17,8-37,0.2547387092324237,0.3501593645914754
similarity tuning (MTL concept cells),CLIP ViT (B/32 → L/14),¾ depth,cls,block8,block17,8-38,-0.051955933111411244,-0.08256180344782452
similarity tuning (MTL concept cells),CLIP ViT (B/32 → L/14),¾ depth,cls,block8,block17,8-42,-0.08328294500312079,0.07137384719608218
similarity tuning (MTL concept cells),CLIP ViT (B/32 → L/14),¾ depth,cls,block8,block17,8-45,0.03796269121448099,-0.060070613409524125
similarity tuning (MTL concept cells),CLIP ViT (B/32 → L/14),¾ depth,cls,block8,block17,10-64,-0.1032186445959617,-0.01715657825101306
similarity tuning (MTL concept cells),CLIP ViT (B/32 → L/14),¾ depth,cls,block8,block17,10-67,-0.023559692086257154,-0.01516368950692145
similarity tuning (MTL concept cells),CLIP ViT (B/32 → L/14),¾ depth,cls,block8,block17,10-70,0.0692315738231187,0.04592386676465107
similarity tuning (MTL concept cells),CLIP ViT (B/32 → L/14),¾ depth,cls,block8,block17,10-71,0.0019171372506836223,0.05103116655438116
similarity tuning (MTL concept cells),CLIP ViT (B/32 → L/14),¾ depth,cls,block8,block17,11-6,0.023275589392584214,0.06846817099955115
similarity tuning (MTL concept cells),CLIP ViT (B/32 → L/14),¾ depth,cls,block8,block17,11-11,0.4104443011003554,0.2926882654606965
similarity tuning (MTL concept cells),CLIP ViT (B/32 → L/14),¾ depth,cls,block8,block17,11-12,0.209738387842654,0.1585062333271075
similarity tuning (MTL concept cells),CLIP ViT (B/32 → L/14),¾ depth,cls,block8,block17,11-13,-0.04567501756509255,-0.09359207366363143
similarity tuning (MTL concept cells),CLIP ViT (B/32 → L/14),¾ depth,cls,block8,block17,11-17,-0.12756742593251527,-0.27092214572297413
similarity tuning (MTL concept cells),CLIP ViT (B/32 → L/14),¾ depth,cls,block8,block17,11-18,0.1991216915136485,0.2567605811487443
similarity tuning (MTL concept cells),CLIP ViT (B/32 → L/14),¾ depth,cls,block8,block17,11-25,-0.00758318420852963,-0.007128193156017852
similarity tuning (MTL concept cells),CLIP ViT (B/32 → L/14),¾ depth,cls,block8,block17,11-28,0.06966265194927199,0.1081885955291181
similarity tuning (MTL concept cells),CLIP ViT (B/32 → L/14),¾ depth,cls,block8,block17,11-31,-0.05097091392954711,-0.018435202987024793
similarity tuning (MTL concept cells),CLIP ViT (B/32 → L/14),¾ depth,cls,block8,block17,11-34,-0.06338094816209341,-0.03767982205330195
similarity tuning (MTL concept cells),CLIP ViT (B/32 → L/14),¾ depth,cls,block8,block17,11-65,0.08560011024922155,0.05752408714877934
similarity tuning (MTL concept cells),CLIP ViT (B/32 → L/14),¾ depth,cls,block8,block17,11-68,-0.13813495689947017,-0.10617382283520742
similarity tuning (MTL concept cells),CLIP ViT (B/32 → L/14),¾ depth,cls,block8,block17,12-14,0.1257356557134122,0.09380888668986813
similarity tuning (MTL concept cells),CLIP ViT (B/32 → L/14),¾ depth,cls,block8,block17,12-15,0.4745893579606476,0.32540322500171365
similarity tuning (MTL concept cells),CLIP ViT (B/32 → L/14),¾ depth,cls,block8,block17,13-17,0.04893312332536511,0.003354693506326577
similarity tuning (MTL concept cells),CLIP ViT (B/32 → L/14),¾ depth,cls,block8,block17,13-18,0.0509477662393226,-0.024212799796905795
similarity tuning (MTL concept cells),CLIP ViT (B/32 → L/14),¾ depth,cls,block8,block17,13-19,0.43072695133425526,0.37823020208426067
similarity tuning (MTL concept cells),CLIP ViT (B/32 → L/14),¾ depth,cls,block8,block17,13-20,0.09577574386624409,0.046549509794985816
similarity tuning (MTL concept cells),CLIP ViT (B/32 → L/14),¾ depth,cls,block8,block17,13-25,-0.06277048708746177,-0.14050089131675872
similarity tuning (MTL concept cells),CLIP ViT (B/32 → L/14),¾ depth,cls,block8,block17,13-26,-0.005834760708386481,-0.036048673767900816
similarity tuning (MTL concept cells),CLIP ViT (B/32 → L/14),¾ depth,cls,block8,block17,13-28,-0.11524147815190736,-0.1693182868156674
similarity tuning (MTL concept cells),CLIP ViT (B/32 → L/14),¾ depth,cls,block8,block17,13-30,-0.02619437955354721,0.16488245114325842
similarity tuning (MTL concept cells),CLIP ViT (B/32 → L/14),¾ depth,cls,block8,block17,13-31,0.057184501170823375,0.0281347745760451
similarity tuning (MTL concept cells),CLIP ViT (B/32 → L/14),¾ depth,cls,block8,block17,13-32,0.26063691090253666,0.1987093987323523
similarity tuning (MTL concept cells),CLIP ViT (B/32 → L/14),¾ depth,cls,block8,block17,13-33,0.13776656536334844,0.13943554357810267
similarity tuning (MTL concept cells),CLIP ViT (B/32 → L/14),¾ depth,cls,block8,block17,13-35,0.14327502386567056,0.0952729746944165
similarity tuning (MTL concept cells),CLIP ViT (B/32 → L/14),¾ depth,cls,block8,block17,13-37,0.13624465873003794,0.16335892554059672
similarity tuning (MTL concept cells),CLIP ViT (B/32 → L/14),¾ depth,cls,block8,block17,13-46,0.209714004956365,0.14735701459373568
similarity tuning (MTL concept cells),CLIP ViT (B/32 → L/14),¾ depth,cls,block8,block17,13-75,0.6451662660646988,0.623598573970995
similarity tuning (MTL concept cells),CLIP ViT (B/32 → L/14),¾ depth,cls,block8,block17,13-77,0.7783277560918599,0.715305877588888
similarity tuning (MTL concept cells),CLIP ViT (B/32 → L/14),¾ depth,cls,block8,block17,13-78,0.40449884908544936,0.3172931652189839
similarity tuning (MTL concept cells),CLIP ViT (B/32 → L/14),¾ depth,cls,block8,block17,13-80,0.12472222246348176,0.16872095812627474
similarity tuning (MTL concept cells),CLIP ViT (B/32 → L/14),¾ depth,cls,block8,block17,13-82,0.34052920970960504,0.3655707286628952
similarity tuning (MTL concept cells),CLIP ViT (B/32 → L/14),¾ depth,cls,block8,block17,13-83,0.5761337959026475,0.5757810043554912
similarity tuning (MTL concept cells),CLIP ViT (B/32 → L/14),¾ depth,cls,block8,block17,13-84,0.5013178413543109,0.3942633520747499
similarity tuning (MTL concept cells),CLIP ViT (B/32 → L/14),¾ depth,cls,block8,block17,13-85,0.6865850666444937,0.6262004607024092
similarity tuning (MTL concept cells),CLIP ViT (B/32 → L/14),¾ depth,cls,block8,block17,13-86,0.6761635669366971,0.5921666823060432
similarity tuning (MTL concept cells),CLIP ViT (B/32 → L/14),¾ depth,cls,block8,block17,13-88,0.4125349964695932,0.4425356988723938
similarity tuning (MTL concept cells),CLIP ViT (B/32 → L/14),¾ depth,cls,block8,block17,13-89,0.41893705303561224,0.35024624225950696
similarity tuning (MTL concept cells),CLIP ViT (B/32 → L/14),¾ depth,cls,block8,block17,13-90,0.6407607708410143,0.7055406479922968
similarity tuning (MTL concept cells),CLIP ViT (B/32 → L/14),¾ depth,cls,block8,block17,13-92,0.7080389396811776,0.7025067934115934
similarity tuning (MTL concept cells),CLIP ViT (B/32 → L/14),¾ depth,cls,block8,block17,13-93,0.3962864500956406,0.3668181500533016
similarity tuning (MTL concept cells),CLIP ViT (B/32 → L/14),¾ depth,cls,block8,block17,13-94,0.7067666819517971,0.6896355436572456
similarity tuning (MTL concept cells),CLIP ViT (B/32 → L/14),¾ depth,cls,block8,block17,13-95,0.0008312104802987799,0.09534788606266004
similarity tuning (MTL concept cells),CLIP ViT (B/32 → L/14),¾ depth,cls,block8,block17,13-97,0.42935322886383076,0.41841413218256934
similarity tuning (MTL concept cells),CLIP ViT (B/32 → L/14),¾ depth,cls,block8,block17,13-98,0.22324292800028211,-0.04609162950124482
similarity tuning (MTL concept cells),CLIP ViT (B/32 → L/14),¾ depth,cls,block8,block17,14-14,0.21527556640486914,0.0492772129850808
similarity tuning (MTL concept cells),CLIP ViT (B/32 → L/14),¾ depth,cls,block8,block17,14-15,0.14276930643846675,0.12306998535094005
similarity tuning (MTL concept cells),CLIP ViT (B/32 → L/14),¾ depth,cls,block8,block17,14-16,-0.10397799063779993,-0.14728308187188482
similarity tuning (MTL concept cells),CLIP ViT (B/32 → L/14),¾ depth,cls,block8,block17,14-17,-0.06416834119184352,-0.0668029671231312
similarity tuning (MTL concept cells),CLIP ViT (B/32 → L/14),¾ depth,cls,block8,block17,14-18,-0.141176249427557,-0.1578728858332852
similarity tuning (MTL concept cells),CLIP ViT (B/32 → L/14),¾ depth,cls,block8,block17,14-19,-0.17769341979115766,-0.201227449073248
similarity tuning (MTL concept cells),CLIP ViT (B/32 → L/14),¾ depth,cls,block8,block17,14-45,0.30213583439504144,0.33663427187540834
similarity tuning (MTL concept cells),CLIP ViT (B/32 → L/14),¾ depth,cls,block8,block17,14-46,0.08044100197952861,0.011003448794895922
similarity tuning (MTL concept cells),CLIP ViT (B/32 → L/14),¾ depth,cls,block8,block17,14-47,0.07174994460548281,0.11017139342695503
similarity tuning (MTL concept cells),CLIP ViT (B/32 → L/14),¾ depth,cls,block8,block17,14-48,0.796381636314333,0.7043053643521583
similarity tuning (MTL concept cells),CLIP ViT (B/32 → L/14),¾ depth,cls,block8,block17,14-49,0.2590105938992291,0.24022709419564436
similarity tuning (MTL concept cells),CLIP ViT (B/32 → L/14),¾ depth,cls,block8,block17,14-50,0.5609541541783184,0.5003446172890867
similarity tuning (MTL concept cells),CLIP ViT (B/32 → L/14),¾ depth,cls,block8,block17,14-51,0.3228840366285688,0.3556594030097918
similarity tuning (MTL concept cells),CLIP ViT (B/32 → L/14),¾ depth,cls,block8,block17,14-52,-0.06795410450452201,-0.06525853179089346
similarity tuning (MTL concept cells),CLIP ViT (B/32 → L/14),¾ depth,cls,block8,block17,14-53,0.47003997057314867,0.27585688057540886
similarity tuning (MTL concept cells),CLIP ViT (B/32 → L/14),¾ depth,cls,block8,block17,14-55,0.5021933591296521,0.506346244195764
similarity tuning (MTL concept cells),CLIP ViT (B/32 → L/14),¾ depth,cls,block8,block17,14-56,0.474486026915475,0.48170370402549073
similarity tuning (MTL concept cells),CLIP ViT (B/32 → L/14),¾ depth,cls,block8,block17,14-59,0.4103810403193244,0.3360322628573426
similarity tuning (MTL concept cells),CLIP ViT (B/32 → L/14),¾ depth,cls,block8,block17,14-60,0.5642233172956241,0.5578774549002713
similarity tuning (MTL concept cells),CLIP ViT (B/32 → L/14),¾ depth,cls,block8,block17,14-61,-0.2227105666811228,-0.07930400935273534
similarity tuning (MTL concept cells),CLIP ViT (B/32 → L/14),¾ depth,cls,block8,block17,14-62,0.28354086742098594,0.19608516262378498
similarity tuning (MTL concept cells),CLIP ViT (B/32 → L/14),¾ depth,cls,block8,block17,14-63,0.02538111034578154,-0.035503036114940906
similarity tuning (MTL concept cells),CLIP ViT (B/32 → L/14),¾ depth,cls,block8,block17,14-68,0.21354251911504343,0.16935434263977725
similarity tuning (MTL concept cells),CLIP ViT (B/32 → L/14),¾ depth,cls,block8,block17,14-69,0.20218615648518837,0.0903395683609465
similarity tuning (MTL concept cells),CLIP ViT (B/32 → L/14),¾ depth,cls,block8,block17,15-2,-0.01540265971171487,0.007132266073404914
similarity tuning (MTL concept cells),CLIP ViT (B/32 → L/14),¾ depth,cls,block8,block17,15-8,-0.02659896767197871,0.08147683781627162
similarity tuning (MTL concept cells),CLIP ViT (B/32 → L/14),¾ depth,cls,block8,block17,16-7,0.1716949276635454,0.15433903509634989
similarity tuning (MTL concept cells),CLIP ViT (B/32 → L/14),¾ depth,cls,block8,block17,16-9,0.05424717520255683,0.02571090074704516
similarity tuning (MTL concept cells),CLIP ViT (B/32 → L/14),¾ depth,cls,block8,block17,16-13,0.07458008625744612,0.04866339918923538
similarity tuning (MTL concept cells),CLIP ViT (B/32 → L/14),¾ depth,cls,block8,block17,16-20,0.022058592887174756,0.0696629826841291
similarity tuning (MTL concept cells),CLIP ViT (B/32 → L/14),¾ depth,cls,block8,block17,16-21,0.31722304421920233,0.2620028861334199
similarity tuning (MTL concept cells),CLIP ViT (B/32 → L/14),¾ depth,cls,block8,block17,16-24,0.5474551707161032,0.5231525372251296
similarity tuning (MTL concept cells),CLIP ViT (B/32 → L/14),¾ depth,cls,block8,block17,16-30,0.021261742257321168,-0.037944032336142394
similarity tuning (MTL concept cells),CLIP ViT (B/32 → L/14),¾ depth,cls,block8,block17,18-5,0.2169244659495517,0.17426072116440217
similarity tuning (MTL concept cells),CLIP ViT (B/32 → L/14),¾ depth,cls,block8,block17,18-13,-0.16105055594292458,-0.0671689838709663
similarity tuning (MTL concept cells),CLIP ViT (B/32 → L/14),¾ depth,cls,block8,block17,18-14,0.10673892642877818,0.03987461323017929
similarity tuning (MTL concept cells),CLIP ViT (B/32 → L/14),¾ depth,cls,block8,block17,18-16,-0.13130190440232067,-0.06844406453134241
similarity tuning (MTL concept cells),CLIP ViT (B/32 → L/14),¾ depth,cls,block8,block17,18-17,0.07612286444246594,-0.04138990192816322
similarity tuning (MTL concept cells),CLIP ViT (B/32 → L/14),¾ depth,cls,block8,block17,18-18,0.024267911572500606,0.05557887634585311
similarity tuning (MTL concept cells),CLIP ViT (B/32 → L/14),¾ depth,cls,block8,block17,18-19,-0.059745508601659295,-0.025727610410077664
similarity tuning (MTL concept cells),CLIP ViT (B/32 → L/14),¾ depth,cls,block8,block17,18-20,-0.13530184649455373,-0.1122591739474463
similarity tuning (MTL concept cells),CLIP ViT (B/32 → L/14),¾ depth,cls,block8,block17,18-22,-0.15867892790605226,-0.11060922834405329
similarity tuning (MTL concept cells),CLIP ViT (B/32 → L/14),¾ depth,cls,block8,block17,18-23,0.26149450759655957,0.1523266483623356
similarity tuning (MTL concept cells),CLIP ViT (B/32 → L/14),¾ depth,cls,block8,block17,18-24,-0.18239825942863633,-0.1585246787273766
similarity tuning (MTL concept cells),CLIP ViT (B/32 → L/14),¾ depth,cls,block8,block17,18-28,-0.12494807199012553,-0.09563579143727316
similarity tuning (MTL concept cells),CLIP ViT (B/32 → L/14),¾ depth,cls,block8,block17,18-29,0.0124498591355897,0.09336131688493939
similarity tuning (MTL concept cells),CLIP ViT (B/32 → L/14),¾ depth,cls,block8,block17,18-30,-0.11156496100670923,-0.10255038888116712
similarity tuning (MTL concept cells),CLIP ViT (B/32 → L/14),¾ depth,cls,block8,block17,18-37,0.12903027934190703,0.04610580483072667
similarity tuning (MTL concept cells),CLIP ViT (B/32 → L/14),¾ depth,cls,block8,block17,21-0,-0.13180697241859415,-0.04415635436125237
similarity tuning (MTL concept cells),CLIP ViT (B/32 → L/14),¾ depth,cls,block8,block17,21-2,0.03894129563173208,0.17253157370170183
similarity tuning (MTL concept cells),CLIP ViT (B/32 → L/14),¾ depth,cls,block8,block17,21-4,-0.2845320665805334,-0.14760811336854301
similarity tuning (MTL concept cells),CLIP ViT (B/32 → L/14),¾ depth,cls,block8,block17,21-14,-0.13354889473118814,-0.0936835530203857
RSA (MTL),CLIP ViT (B/32 → L/14),¾ depth,gap,block8,block17,1,0.03416763264019594,0.010558296550819178
RSA (MTL),CLIP ViT (B/32 → L/14),¾ depth,gap,block8,block17,2,0.01855307262577032,0.020059468748194965
RSA (MTL),CLIP ViT (B/32 → L/14),¾ depth,gap,block8,block17,3,0.03133315501066341,0.032229929755791635
RSA (MTL),CLIP ViT (B/32 → L/14),¾ depth,gap,block8,block17,4,0.037043908874164456,0.015865016569174932
RSA (MTL),CLIP ViT (B/32 → L/14),¾ depth,gap,block8,block17,5,0.019229602055506098,-0.009507451573029676
RSA (MTL),CLIP ViT (B/32 → L/14),¾ depth,gap,block8,block17,7,0.04925816778351826,0.03471840458242904
RSA (MTL),CLIP ViT (B/32 → L/14),¾ depth,gap,block8,block17,8,0.03455090755607251,0.008852710481254805
RSA (MTL),CLIP ViT (B/32 → L/14),¾ depth,gap,block8,block17,9,-0.017308177574858297,-0.014405129204328106
RSA (MTL),CLIP ViT (B/32 → L/14),¾ depth,gap,block8,block17,10,0.005412820202730336,0.009601005893475963
RSA (MTL),CLIP ViT (B/32 → L/14),¾ depth,gap,block8,block17,11,0.060167037964957,0.039632691835667255
RSA (MTL),CLIP ViT (B/32 → L/14),¾ depth,gap,block8,block17,12,0.011233287549628978,0.00646082995703322
RSA (MTL),CLIP ViT (B/32 → L/14),¾ depth,gap,block8,block17,13,0.2502456189546753,0.1677231933678865
RSA (MTL),CLIP ViT (B/32 → L/14),¾ depth,gap,block8,block17,14,0.15784415353848652,0.09832742724062622
RSA (MTL),CLIP ViT (B/32 → L/14),¾ depth,gap,block8,block17,15,-0.003436915903688696,0.0019204337958948902
RSA (MTL),CLIP ViT (B/32 → L/14),¾ depth,gap,block8,block17,16,0.0923664198724808,0.07458527675666918
RSA (MTL),CLIP ViT (B/32 → L/14),¾ depth,gap,block8,block17,17,-0.014694638170820201,-0.002818928021610988
RSA (MTL),CLIP ViT (B/32 → L/14),¾ depth,gap,block8,block17,18,0.033201597895872396,0.04021484376359216
RSA (MTL),CLIP ViT (B/32 → L/14),¾ depth,gap,block8,block17,20,0.06033950892665251,-0.025782377160617813
RSA (MTL),CLIP ViT (B/32 → L/14),¾ depth,gap,block8,block17,21,0.02292855704625593,0.0062910983364532404
similarity tuning (MTL concept cells),CLIP ViT (B/32 → L/14),¾ depth,gap,block8,block17,1-34,0.14246463240903953,-0.0024206380019943
similarity tuning (MTL concept cells),CLIP ViT (B/32 → L/14),¾ depth,gap,block8,block17,1-36,0.14682423300263603,-0.02379365040754181
similarity tuning (MTL concept cells),CLIP ViT (B/32 → L/14),¾ depth,gap,block8,block17,1-38,0.20891370297902503,0.2067894140248744
similarity tuning (MTL concept cells),CLIP ViT (B/32 → L/14),¾ depth,gap,block8,block17,2-0,-0.032163964933962584,0.11181903481417381
similarity tuning (MTL concept cells),CLIP ViT (B/32 → L/14),¾ depth,gap,block8,block17,3-39,-0.11166981509628245,-0.08923975939193404
similarity tuning (MTL concept cells),CLIP ViT (B/32 → L/14),¾ depth,gap,block8,block17,4-8,0.25805662379519867,0.18278058473123168
similarity tuning (MTL concept cells),CLIP ViT (B/32 → L/14),¾ depth,gap,block8,block17,4-13,-0.31469706534890246,-0.28223416684895114
similarity tuning (MTL concept cells),CLIP ViT (B/32 → L/14),¾ depth,gap,block8,block17,4-15,0.15512671501415481,-0.07324513629729563
similarity tuning (MTL concept cells),CLIP ViT (B/32 → L/14),¾ depth,gap,block8,block17,4-25,0.3624225656105347,0.27538169502910853
similarity tuning (MTL concept cells),CLIP ViT (B/32 → L/14),¾ depth,gap,block8,block17,4-33,-0.004309748874024545,0.09839333101866564
similarity tuning (MTL concept cells),CLIP ViT (B/32 → L/14),¾ depth,gap,block8,block17,4-39,0.26162044475581275,0.2757231970033758
similarity tuning (MTL concept cells),CLIP ViT (B/32 → L/14),¾ depth,gap,block8,block17,4-40,0.20089149870889514,0.3208694208741698
similarity tuning (MTL concept cells),CLIP ViT (B/32 → L/14),¾ depth,gap,block8,block17,4-41,0.5018643040240586,0.5643637582083972
similarity tuning (MTL concept cells),CLIP ViT (B/32 → L/14),¾ depth,gap,block8,block17,4-43,0.263885010095355,0.3128875280279312
similarity tuning (MTL concept cells),CLIP ViT (B/32 → L/14),¾ depth,gap,block8,block17,4-44,0.5163232681503002,0.41037334055893737
similarity tuning (MTL concept cells),CLIP ViT (B/32 → L/14),¾ depth,gap,block8,block17,4-45,0.04806448214985778,-0.003401405922417807
similarity tuning (MTL concept cells),CLIP ViT (B/32 → L/14),¾ depth,gap,block8,block17,4-46,0.11511136781292623,0.16895955542154964
similarity tuning (MTL concept cells),CLIP ViT (B/32 → L/14),¾ depth,gap,block8,block17,5-5,-0.04022824152573991,0.008732102614746554
similarity tuning (MTL concept cells),CLIP ViT (B/32 → L/14),¾ depth,gap,block8,block17,5-6,0.059797564889361346,0.04875525534895228
similarity tuning (MTL concept cells),CLIP ViT (B/32 → L/14),¾ depth,gap,block8,block17,7-17,0.18668435336720074,0.23014547533791158
similarity tuning (MTL concept cells),CLIP ViT (B/32 → L/14),¾ depth,gap,block8,block17,7-20,0.2079727232913522,0.04202285452166432
similarity tuning (MTL concept cells),CLIP ViT (B/32 → L/14),¾ depth,gap,block8,block17,7-21,-0.019483761245401045,-0.1921641649650365
similarity tuning (MTL concept cells),CLIP ViT (B/32 → L/14),¾ depth,gap,block8,block17,7-23,-0.0014694705178164144,0.10702643604762886
similarity tuning (MTL concept cells),CLIP ViT (B/32 → L/14),¾ depth,gap,block8,block17,7-24,0.11490840357365106,0.04830492205803643
similarity tuning (MTL concept cells),CLIP ViT (B/32 → L/14),¾ depth,gap,block8,block17,7-25,-0.12750755938003103,-0.019716409118261242
similarity tuning (MTL concept cells),CLIP ViT (B/32 → L/14),¾ depth,gap,block8,block17,7-26,0.10018028752068597,0.14404453770629708
similarity tuning (MTL concept cells),CLIP ViT (B/32 → L/14),¾ depth,gap,block8,block17,7-30,0.28671171705008397,0.23800502563847928
similarity tuning (MTL concept cells),CLIP ViT (B/32 → L/14),¾ depth,gap,block8,block17,8-34,0.06882224694132187,0.02866234573444863
similarity tuning (MTL concept cells),CLIP ViT (B/32 → L/14),¾ depth,gap,block8,block17,8-37,0.18893694944342165,0.22487670371241478
similarity tuning (MTL concept cells),CLIP ViT (B/32 → L/14),¾ depth,gap,block8,block17,8-38,0.026286493474419463,-0.12053118291087485
similarity tuning (MTL concept cells),CLIP ViT (B/32 → L/14),¾ depth,gap,block8,block17,8-42,0.06539911338102554,0.23632494427933548
similarity tuning (MTL concept cells),CLIP ViT (B/32 → L/14),¾ depth,gap,block8,block17,8-45,0.11973779758191241,0.20869394437036154
similarity tuning (MTL concept cells),CLIP ViT (B/32 → L/14),¾ depth,gap,block8,block17,10-64,0.01098934671995363,-0.03220665355108813
similarity tuning (MTL concept cells),CLIP ViT (B/32 → L/14),¾ depth,gap,block8,block17,10-67,-0.0072765355687576085,0.00010176972823437216
similarity tuning (MTL concept cells),CLIP ViT (B/32 → L/14),¾ depth,gap,block8,block17,10-70,-0.01695571656341272,-0.02043906618973316
similarity tuning (MTL concept cells),CLIP ViT (B/32 → L/14),¾ depth,gap,block8,block17,10-71,0.08334501942445643,0.16096385258700258
similarity tuning (MTL concept cells),CLIP ViT (B/32 → L/14),¾ depth,gap,block8,block17,11-6,-0.09176939430115802,-0.048576257597959346
similarity tuning (MTL concept cells),CLIP ViT (B/32 → L/14),¾ depth,gap,block8,block17,11-11,0.4551235216978877,0.3628440399293629
similarity tuning (MTL concept cells),CLIP ViT (B/32 → L/14),¾ depth,gap,block8,block17,11-12,0.2645643591042805,0.22708598446658906
similarity tuning (MTL concept cells),CLIP ViT (B/32 → L/14),¾ depth,gap,block8,block17,11-13,-0.04431936635882268,-0.025444530333065252
similarity tuning (MTL concept cells),CLIP ViT (B/32 → L/14),¾ depth,gap,block8,block17,11-17,-0.23295141965949562,-0.31066957688300567
similarity tuning (MTL concept cells),CLIP ViT (B/32 → L/14),¾ depth,gap,block8,block17,11-18,0.2713527051069964,0.24174285357504316
similarity tuning (MTL concept cells),CLIP ViT (B/32 → L/14),¾ depth,gap,block8,block17,11-25,-0.10179160935916273,-0.07032139489376478
similarity tuning (MTL concept cells),CLIP ViT (B/32 → L/14),¾ depth,gap,block8,block17,11-28,0.08607185014068792,0.05409429776455905
similarity tuning (MTL concept cells),CLIP ViT (B/32 → L/14),¾ depth,gap,block8,block17,11-31,0.01147419273051336,0.001376903127661603
similarity tuning (MTL concept cells),CLIP ViT (B/32 → L/14),¾ depth,gap,block8,block17,11-34,-0.1441739670114605,-0.27022826104356656
similarity tuning (MTL concept cells),CLIP ViT (B/32 → L/14),¾ depth,gap,block8,block17,11-65,0.17986440500274248,0.18171920109897077
similarity tuning (MTL concept cells),CLIP ViT (B/32 → L/14),¾ depth,gap,block8,block17,11-68,-0.06017108030813617,0.011025450688306335
similarity tuning (MTL concept cells),CLIP ViT (B/32 → L/14),¾ depth,gap,block8,block17,12-14,0.08812505130636629,0.05975708011303281
similarity tuning (MTL concept cells),CLIP ViT (B/32 → L/14),¾ depth,gap,block8,block17,12-15,0.5786121232136526,0.49883468385646335
similarity tuning (MTL concept cells),CLIP ViT (B/32 → L/14),¾ depth,gap,block8,block17,13-17,0.20715862983052769,0.06585793041367438
similarity tuning (MTL concept cells),CLIP ViT (B/32 → L/14),¾ depth,gap,block8,block17,13-18,-0.05831249284421479,-0.010391326579505403
similarity tuning (MTL concept cells),CLIP ViT (B/32 → L/14),¾ depth,gap,block8,block17,13-19,0.36182179785008356,0.24843389161978124
similarity tuning (MTL concept cells),CLIP ViT (B/32 → L/14),¾ depth,gap,block8,block17,13-20,0.05353448552544918,0.08986145784628971
similarity tuning (MTL concept cells),CLIP ViT (B/32 → L/14),¾ depth,gap,block8,block17,13-25,-0.020770583425205578,0.03570501518860492
similarity tuning (MTL concept cells),CLIP ViT (B/32 → L/14),¾ depth,gap,block8,block17,13-26,0.008320876140655502,0.03754541673222605
similarity tuning (MTL concept cells),CLIP ViT (B/32 → L/14),¾ depth,gap,block8,block17,13-28,-0.11083068706334982,-0.0702922024922143
similarity tuning (MTL concept cells),CLIP ViT (B/32 → L/14),¾ depth,gap,block8,block17,13-30,-0.004797226488004285,0.004771844337274104
similarity tuning (MTL concept cells),CLIP ViT (B/32 → L/14),¾ depth,gap,block8,block17,13-31,0.0628521206201983,0.06841807873415845
similarity tuning (MTL concept cells),CLIP ViT (B/32 → L/14),¾ depth,gap,block8,block17,13-32,0.22281761731821245,0.15555239882943783
similarity tuning (MTL concept cells),CLIP ViT (B/32 → L/14),¾ depth,gap,block8,block17,13-33,0.10914106022544272,0.004020720244635169
similarity tuning (MTL concept cells),CLIP ViT (B/32 → L/14),¾ depth,gap,block8,block17,13-35,0.41399246294178704,0.42795944573636413
similarity tuning (MTL concept cells),CLIP ViT (B/32 → L/14),¾ depth,gap,block8,block17,13-37,0.22546017846487554,0.12106895638907571
similarity tuning (MTL concept cells),CLIP ViT (B/32 → L/14),¾ depth,gap,block8,block17,13-46,0.12327029735780536,0.08697559094446344
similarity tuning (MTL concept cells),CLIP ViT (B/32 → L/14),¾ depth,gap,block8,block17,13-75,0.7122125612298228,0.6373303405493461
similarity tuning (MTL concept cells),CLIP ViT (B/32 → L/14),¾ depth,gap,block8,block17,13-77,0.7658593988340777,0.7812748223527903
similarity tuning (MTL concept cells),CLIP ViT (B/32 → L/14),¾ depth,gap,block8,block17,13-78,0.4732216814278829,0.44677426324164826
similarity tuning (MTL concept cells),CLIP ViT (B/32 → L/14),¾ depth,gap,block8,block17,13-80,0.19535844152581128,0.17751563628007033
similarity tuning (MTL concept cells),CLIP ViT (B/32 → L/14),¾ depth,gap,block8,block17,13-82,0.32052637859423677,0.256922439655243
similarity tuning (MTL concept cells),CLIP ViT (B/32 → L/14),¾ depth,gap,block8,block17,13-83,0.5476332787716546,0.4402838508512032
similarity tuning (MTL concept cells),CLIP ViT (B/32 → L/14),¾ depth,gap,block8,block17,13-84,0.4496389831188369,0.41031646139434347
similarity tuning (MTL concept cells),CLIP ViT (B/32 → L/14),¾ depth,gap,block8,block17,13-85,0.7709118160110272,0.6931628555221581
similarity tuning (MTL concept cells),CLIP ViT (B/32 → L/14),¾ depth,gap,block8,block17,13-86,0.6457843992901644,0.5680197857630765
similarity tuning (MTL concept cells),CLIP ViT (B/32 → L/14),¾ depth,gap,block8,block17,13-88,0.34414657097537094,0.29055578923388153
similarity tuning (MTL concept cells),CLIP ViT (B/32 → L/14),¾ depth,gap,block8,block17,13-89,0.4283692240675551,0.3994575693826869
similarity tuning (MTL concept cells),CLIP ViT (B/32 → L/14),¾ depth,gap,block8,block17,13-90,0.5607445051385737,0.4827463041448955
similarity tuning (MTL concept cells),CLIP ViT (B/32 → L/14),¾ depth,gap,block8,block17,13-92,0.7414844267173858,0.6577949263012546
similarity tuning (MTL concept cells),CLIP ViT (B/32 → L/14),¾ depth,gap,block8,block17,13-93,0.5008341915895204,0.4189016571048775
similarity tuning (MTL concept cells),CLIP ViT (B/32 → L/14),¾ depth,gap,block8,block17,13-94,0.7530131863610944,0.6509327952863444
similarity tuning (MTL concept cells),CLIP ViT (B/32 → L/14),¾ depth,gap,block8,block17,13-95,0.13948248124239526,0.07564015370718899
similarity tuning (MTL concept cells),CLIP ViT (B/32 → L/14),¾ depth,gap,block8,block17,13-97,0.4826844831228216,0.44069654158874166
similarity tuning (MTL concept cells),CLIP ViT (B/32 → L/14),¾ depth,gap,block8,block17,13-98,0.22647211714979457,0.1212711893883327
similarity tuning (MTL concept cells),CLIP ViT (B/32 → L/14),¾ depth,gap,block8,block17,14-14,0.19377828762182311,0.28385491350853
similarity tuning (MTL concept cells),CLIP ViT (B/32 → L/14),¾ depth,gap,block8,block17,14-15,0.13317350312521276,0.0901193168308245
similarity tuning (MTL concept cells),CLIP ViT (B/32 → L/14),¾ depth,gap,block8,block17,14-16,0.00450088147294952,0.031709599981740395
similarity tuning (MTL concept cells),CLIP ViT (B/32 → L/14),¾ depth,gap,block8,block17,14-17,-0.05583380338998148,-0.11706352335077336
similarity tuning (MTL concept cells),CLIP ViT (B/32 → L/14),¾ depth,gap,block8,block17,14-18,-0.08611018684890707,-0.002702783805465843
similarity tuning (MTL concept cells),CLIP ViT (B/32 → L/14),¾ depth,gap,block8,block17,14-19,-0.047936850090338184,-0.040909859805240645
similarity tuning (MTL concept cells),CLIP ViT (B/32 → L/14),¾ depth,gap,block8,block17,14-45,0.303693498855665,0.3253986593725501
similarity tuning (MTL concept cells),CLIP ViT (B/32 → L/14),¾ depth,gap,block8,block17,14-46,0.10322972356264201,0.08782489524978772
similarity tuning (MTL concept cells),CLIP ViT (B/32 → L/14),¾ depth,gap,block8,block17,14-47,0.09169954303201647,0.17545619039420932
similarity tuning (MTL concept cells),CLIP ViT (B/32 → L/14),¾ depth,gap,block8,block17,14-48,0.7685118068698434,0.7824719203528879
similarity tuning (MTL concept cells),CLIP ViT (B/32 → L/14),¾ depth,gap,block8,block17,14-49,0.20102126595527625,0.17243000600377958
similarity tuning (MTL concept cells),CLIP ViT (B/32 → L/14),¾ depth,gap,block8,block17,14-50,0.5259229539579368,0.5148019380149585
similarity tuning (MTL concept cells),CLIP ViT (B/32 → L/14),¾ depth,gap,block8,block17,14-51,0.34947775192172437,0.2472155810648368
similarity tuning (MTL concept cells),CLIP ViT (B/32 → L/14),¾ depth,gap,block8,block17,14-52,-0.13239112842078582,-0.07352495477935439
similarity tuning (MTL concept cells),CLIP ViT (B/32 → L/14),¾ depth,gap,block8,block17,14-53,0.5899054534752305,0.585471589458676
similarity tuning (MTL concept cells),CLIP ViT (B/32 → L/14),¾ depth,gap,block8,block17,14-55,0.49895767567323357,0.4863206757174572
similarity tuning (MTL concept cells),CLIP ViT (B/32 → L/14),¾ depth,gap,block8,block17,14-56,0.4846263549679267,0.5145898807169008
similarity tuning (MTL concept cells),CLIP ViT (B/32 → L/14),¾ depth,gap,block8,block17,14-59,0.4480093903781022,0.5340098419199468
similarity tuning (MTL concept cells),CLIP ViT (B/32 → L/14),¾ depth,gap,block8,block17,14-60,0.5351338840753261,0.6312356241905517
similarity tuning (MTL concept cells),CLIP ViT (B/32 → L/14),¾ depth,gap,block8,block17,14-61,-0.09068548215657561,-0.032129766903714614
similarity tuning (MTL concept cells),CLIP ViT (B/32 → L/14),¾ depth,gap,block8,block17,14-62,0.2361531976626416,0.3743651238364978
similarity tuning (MTL concept cells),CLIP ViT (B/32 → L/14),¾ depth,gap,block8,block17,14-63,-0.01098661289516796,-0.13804475646984188
similarity tuning (MTL concept cells),CLIP ViT (B/32 → L/14),¾ depth,gap,block8,block17,14-68,0.14814401793164947,0.1545323657306451
similarity tuning (MTL concept cells),CLIP ViT (B/32 → L/14),¾ depth,gap,block8,block17,14-69,0.2453766897261321,0.1676186018597746
similarity tuning (MTL concept cells),CLIP ViT (B/32 → L/14),¾ depth,gap,block8,block17,15-2,0.023951262310334943,0.025569932624866558
similarity tuning (MTL concept cells),CLIP ViT (B/32 → L/14),¾ depth,gap,block8,block17,15-8,-0.1053777283846812,-0.032224203897344546
similarity tuning (MTL concept cells),CLIP ViT (B/32 → L/14),¾ depth,gap,block8,block17,16-7,0.15077672779138848,0.1593511186300746
similarity tuning (MTL concept cells),CLIP ViT (B/32 → L/14),¾ depth,gap,block8,block17,16-9,0.118584970792494,0.1279894289935325
similarity tuning (MTL concept cells),CLIP ViT (B/32 → L/14),¾ depth,gap,block8,block17,16-13,-0.12221538546381033,0.0044122624264887715
similarity tuning (MTL concept cells),CLIP ViT (B/32 → L/14),¾ depth,gap,block8,block17,16-20,0.046996156537197686,0.06581083870567027
similarity tuning (MTL concept cells),CLIP ViT (B/32 → L/14),¾ depth,gap,block8,block17,16-21,0.2515001494089843,0.292460822634283
similarity tuning (MTL concept cells),CLIP ViT (B/32 → L/14),¾ depth,gap,block8,block17,16-24,0.6176986628660935,0.5551254371002976
similarity tuning (MTL concept cells),CLIP ViT (B/32 → L/14),¾ depth,gap,block8,block17,16-30,0.1028741221527309,0.10316033791388715
similarity tuning (MTL concept cells),CLIP ViT (B/32 → L/14),¾ depth,gap,block8,block17,18-5,0.1336898196518102,0.16455295417723753
similarity tuning (MTL concept cells),CLIP ViT (B/32 → L/14),¾ depth,gap,block8,block17,18-13,-0.1213433527853572,-0.12392677524193281
similarity tuning (MTL concept cells),CLIP ViT (B/32 → L/14),¾ depth,gap,block8,block17,18-14,0.09283745196293494,0.2592739351015227
similarity tuning (MTL concept cells),CLIP ViT (B/32 → L/14),¾ depth,gap,block8,block17,18-16,-0.11641384693593733,-0.09312082759524459
similarity tuning (MTL concept cells),CLIP ViT (B/32 → L/14),¾ depth,gap,block8,block17,18-17,0.023299287948511774,0.11753817453633093
similarity tuning (MTL concept cells),CLIP ViT (B/32 → L/14),¾ depth,gap,block8,block17,18-18,0.06384680836424449,-0.22387212221403552
similarity tuning (MTL concept cells),CLIP ViT (B/32 → L/14),¾ depth,gap,block8,block17,18-19,-0.015446645623288553,0.023888124063421768
similarity tuning (MTL concept cells),CLIP ViT (B/32 → L/14),¾ depth,gap,block8,block17,18-20,-0.1406450749112743,-0.13920651341446488
similarity tuning (MTL concept cells),CLIP ViT (B/32 → L/14),¾ depth,gap,block8,block17,18-22,-0.09830214939888161,-0.11750943160201563
similarity tuning (MTL concept cells),CLIP ViT (B/32 → L/14),¾ depth,gap,block8,block17,18-23,0.18413732042047376,0.2945375543591292
similarity tuning (MTL concept cells),CLIP ViT (B/32 → L/14),¾ depth,gap,block8,block17,18-24,-0.18375733545137185,-0.1536781623444141
similarity tuning (MTL concept cells),CLIP ViT (B/32 → L/14),¾ depth,gap,block8,block17,18-28,-0.124615559208985,-0.10737605040215907
similarity tuning (MTL concept cells),CLIP ViT (B/32 → L/14),¾ depth,gap,block8,block17,18-29,0.15444896242041908,0.18533370425170953
similarity tuning (MTL concept cells),CLIP ViT (B/32 → L/14),¾ depth,gap,block8,block17,18-30,-0.08942661008871122,-0.0781006092130301
similarity tuning (MTL concept cells),CLIP ViT (B/32 → L/14),¾ depth,gap,block8,block17,18-37,0.21116813858079655,0.18825479693954933
similarity tuning (MTL concept cells),CLIP ViT (B/32 → L/14),¾ depth,gap,block8,block17,21-0,-0.1475952882801723,-0.15495468067371435
similarity tuning (MTL concept cells),CLIP ViT (B/32 → L/14),¾ depth,gap,block8,block17,21-2,0.04919171604273034,0.03664911619309176
similarity tuning (MTL concept cells),CLIP ViT (B/32 → L/14),¾ depth,gap,block8,block17,21-4,-0.149451951882558,-0.21999771859000852
similarity tuning (MTL concept cells),CLIP ViT (B/32 → L/14),¾ depth,gap,block8,block17,21-14,0.05354066779134352,-0.022203481459181097
RSA (MTL),CLIP ViT (B/32 → L/14),last block,cls,block11,block23,1,0.03377373632993774,0.02330418871793952
RSA (MTL),CLIP ViT (B/32 → L/14),last block,cls,block11,block23,2,0.02839144149643921,-0.0020710067159485216
RSA (MTL),CLIP ViT (B/32 → L/14),last block,cls,block11,block23,3,0.04962885700259091,0.025388955933332763
RSA (MTL),CLIP ViT (B/32 → L/14),last block,cls,block11,block23,4,0.08360576287010396,0.07920184727955282
RSA (MTL),CLIP ViT (B/32 → L/14),last block,cls,block11,block23,5,0.02551156485082717,0.023078219795133456
RSA (MTL),CLIP ViT (B/32 → L/14),last block,cls,block11,block23,7,0.07345862972509963,0.08548386132448534
RSA (MTL),CLIP ViT (B/32 → L/14),last block,cls,block11,block23,8,0.011991086809259045,0.02316695344522898
RSA (MTL),CLIP ViT (B/32 → L/14),last block,cls,block11,block23,9,-0.016195638099295737,-0.0016388680244482923
RSA (MTL),CLIP ViT (B/32 → L/14),last block,cls,block11,block23,10,-0.014009475561752497,-0.006494420911659927
RSA (MTL),CLIP ViT (B/32 → L/14),last block,cls,block11,block23,11,0.0356912801309832,0.05832055195254496
RSA (MTL),CLIP ViT (B/32 → L/14),last block,cls,block11,block23,12,0.024455494040656646,0.029405554220852625
RSA (MTL),CLIP ViT (B/32 → L/14),last block,cls,block11,block23,13,0.33882142388686615,0.3139031843219771
RSA (MTL),CLIP ViT (B/32 → L/14),last block,cls,block11,block23,14,0.22581691938688964,0.19586568452205363
RSA (MTL),CLIP ViT (B/32 → L/14),last block,cls,block11,block23,15,-0.023066948170851705,-0.0029715252448170378
RSA (MTL),CLIP ViT (B/32 → L/14),last block,cls,block11,block23,16,0.08191648834633972,0.08176033469593078
RSA (MTL),CLIP ViT (B/32 → L/14),last block,cls,block11,block23,17,-0.008795513808900913,-0.002249242195623005
RSA (MTL),CLIP ViT (B/32 → L/14),last block,cls,block11,block23,18,0.055343528629455296,0.07655090043218343
RSA (MTL),CLIP ViT (B/32 → L/14),last block,cls,block11,block23,20,0.0374258799610654,-0.05142006277736801
RSA (MTL),CLIP ViT (B/32 → L/14),last block,cls,block11,block23,21,0.014124034699836308,0.0026971303826750113
similarity tuning (MTL concept cells),CLIP ViT (B/32 → L/14),last block,cls,block11,block23,1-34,0.2576466573372683,0.20883045763038327
similarity tuning (MTL concept cells),CLIP ViT (B/32 → L/14),last block,cls,block11,block23,1-36,-0.0953007609642475,-0.23324337684763144
similarity tuning (MTL concept cells),CLIP ViT (B/32 → L/14),last block,cls,block11,block23,1-38,0.24634165121882132,0.3884161196047507
similarity tuning (MTL concept cells),CLIP ViT (B/32 → L/14),last block,cls,block11,block23,2-0,0.016043600647251025,0.003787006213386207
similarity tuning (MTL concept cells),CLIP ViT (B/32 → L/14),last block,cls,block11,block23,3-39,-0.05457053011272136,-0.04245779428139905
similarity tuning (MTL concept cells),CLIP ViT (B/32 → L/14),last block,cls,block11,block23,4-8,0.11974579088616889,0.13945368775311842
similarity tuning (MTL concept cells),CLIP ViT (B/32 → L/14),last block,cls,block11,block23,4-13,-0.1832705889492559,-0.23862008490496325
similarity tuning (MTL concept cells),CLIP ViT (B/32 → L/14),last block,cls,block11,block23,4-15,0.15355645275605237,0.1887353926996705
similarity tuning (MTL concept cells),CLIP ViT (B/32 → L/14),last block,cls,block11,block23,4-25,0.23839877230449674,0.26782387703361565
similarity tuning (MTL concept cells),CLIP ViT (B/32 → L/14),last block,cls,block11,block23,4-33,0.16747532905200646,0.06678850594248564
similarity tuning (MTL concept cells),CLIP ViT (B/32 → L/14),last block,cls,block11,block23,4-39,0.30499771478840465,0.279094700456146
similarity tuning (MTL concept cells),CLIP ViT (B/32 → L/14),last block,cls,block11,block23,4-40,0.3501613508056369,0.5265205417326897
similarity tuning (MTL concept cells),CLIP ViT (B/32 → L/14),last block,cls,block11,block23,4-41,0.4902482438524239,0.3703250487326567
similarity tuning (MTL concept cells),CLIP ViT (B/32 → L/14),last block,cls,block11,block23,4-43,0.32075525289991424,0.17713765129783104
similarity tuning (MTL concept cells),CLIP ViT (B/32 → L/14),last block,cls,block11,block23,4-44,0.4005239773425268,0.43858635028369397
similarity tuning (MTL concept cells),CLIP ViT (B/32 → L/14),last block,cls,block11,block23,4-45,0.11478436755113015,0.050628618922141974
similarity tuning (MTL concept cells),CLIP ViT (B/32 → L/14),last block,cls,block11,block23,4-46,0.0061109766564392196,-0.03556639551927596
similarity tuning (MTL concept cells),CLIP ViT (B/32 → L/14),last block,cls,block11,block23,5-5,0.20883858132088942,0.18736164685513995
similarity tuning (MTL concept cells),CLIP ViT (B/32 → L/14),last block,cls,block11,block23,5-6,0.0662026168269536,-0.17870094905882405
similarity tuning (MTL concept cells),CLIP ViT (B/32 → L/14),last block,cls,block11,block23,7-17,0.12487478008919066,0.21621199355047027
similarity tuning (MTL concept cells),CLIP ViT (B/32 → L/14),last block,cls,block11,block23,7-20,0.06994380882403936,-0.2331864360043508
similarity tuning (MTL concept cells),CLIP ViT (B/32 → L/14),last block,cls,block11,block23,7-21,0.22756709080387333,0.14084207453276387
similarity tuning (MTL concept cells),CLIP ViT (B/32 → L/14),last block,cls,block11,block23,7-23,0.2108690193066555,-0.03441010129220105
similarity tuning (MTL concept cells),CLIP ViT (B/32 → L/14),last block,cls,block11,block23,7-24,0.19543025246192025,0.29805774364793497
similarity tuning (MTL concept cells),CLIP ViT (B/32 → L/14),last block,cls,block11,block23,7-25,-0.2542848813853117,-0.23205321019846564
similarity tuning (MTL concept cells),CLIP ViT (B/32 → L/14),last block,cls,block11,block23,7-26,0.49362441913945754,0.42639285410842415
similarity tuning (MTL concept cells),CLIP ViT (B/32 → L/14),last block,cls,block11,block23,7-30,0.34139072853535685,0.31419246009175983
similarity tuning (MTL concept cells),CLIP ViT (B/32 → L/14),last block,cls,block11,block23,8-34,0.2287687367226049,-0.1028664271522246
similarity tuning (MTL concept cells),CLIP ViT (B/32 → L/14),last block,cls,block11,block23,8-37,0.2514972432329655,0.24169180858460435
similarity tuning (MTL concept cells),CLIP ViT (B/32 → L/14),last block,cls,block11,block23,8-38,0.014439059795807875,0.02414737350467015
similarity tuning (MTL concept cells),CLIP ViT (B/32 → L/14),last block,cls,block11,block23,8-42,-0.030398476775254462,0.14638097846888803
similarity tuning (MTL concept cells),CLIP ViT (B/32 → L/14),last block,cls,block11,block23,8-45,0.11977814050562599,0.21067074763232704
similarity tuning (MTL concept cells),CLIP ViT (B/32 → L/14),last block,cls,block11,block23,10-64,-0.07060591818686145,-0.08189981955032417
similarity tuning (MTL concept cells),CLIP ViT (B/32 → L/14),last block,cls,block11,block23,10-67,0.08711488736862256,-0.1027365406525987
similarity tuning (MTL concept cells),CLIP ViT (B/32 → L/14),last block,cls,block11,block23,10-70,0.010552500338558974,-0.003637026815716927
similarity tuning (MTL concept cells),CLIP ViT (B/32 → L/14),last block,cls,block11,block23,10-71,0.054562735174061516,0.04714644107273277
similarity tuning (MTL concept cells),CLIP ViT (B/32 → L/14),last block,cls,block11,block23,11-6,0.1708243697270718,0.1743874830812229
similarity tuning (MTL concept cells),CLIP ViT (B/32 → L/14),last block,cls,block11,block23,11-11,0.12072787691874427,0.3082078810292538
similarity tuning (MTL concept cells),CLIP ViT (B/32 → L/14),last block,cls,block11,block23,11-12,0.13791609527813786,0.17812360894856674
similarity tuning (MTL concept cells),CLIP ViT (B/32 → L/14),last block,cls,block11,block23,11-13,-0.08378967263368005,0.03441268446685055
similarity tuning (MTL concept cells),CLIP ViT (B/32 → L/14),last block,cls,block11,block23,11-17,-0.23668250036225721,-0.2577999095098602
similarity tuning (MTL concept cells),CLIP ViT (B/32 → L/14),last block,cls,block11,block23,11-18,0.25250454499425407,0.3319708200502353
similarity tuning (MTL concept cells),CLIP ViT (B/32 → L/14),last block,cls,block11,block23,11-25,-0.04168223586621787,-0.20502402371794612
similarity tuning (MTL concept cells),CLIP ViT (B/32 → L/14),last block,cls,block11,block23,11-28,0.15328841043409666,0.09175391721628691
similarity tuning (MTL concept cells),CLIP ViT (B/32 → L/14),last block,cls,block11,block23,11-31,0.017364278332176884,-0.037584355743948195
similarity tuning (MTL concept cells),CLIP ViT (B/32 → L/14),last block,cls,block11,block23,11-34,-0.11834648335051176,-0.16302651379332722
similarity tuning (MTL concept cells),CLIP ViT (B/32 → L/14),last block,cls,block11,block23,11-65,0.11799552151896256,0.16599154652958276
similarity tuning (MTL concept cells),CLIP ViT (B/32 → L/14),last block,cls,block11,block23,11-68,-0.057965990170474914,-0.19387051106863254
similarity tuning (MTL concept cells),CLIP ViT (B/32 → L/14),last block,cls,block11,block23,12-14,0.09665080438161905,0.06405836094379094
similarity tuning (MTL concept cells),CLIP ViT (B/32 → L/14),last block,cls,block11,block23,12-15,0.4660261151974447,0.4726806833688494
similarity tuning (MTL concept cells),CLIP ViT (B/32 → L/14),last block,cls,block11,block23,13-17,0.10114527037871861,-0.0008828140806122572
similarity tuning (MTL concept cells),CLIP ViT (B/32 → L/14),last block,cls,block11,block23,13-18,-0.0699649027464757,0.027340286437339455
similarity tuning (MTL concept cells),CLIP ViT (B/32 → L/14),last block,cls,block11,block23,13-19,0.35530408550358666,0.3537824405977897
similarity tuning (MTL concept cells),CLIP ViT (B/32 → L/14),last block,cls,block11,block23,13-20,0.09937020218009568,0.2207150360377805
similarity tuning (MTL concept cells),CLIP ViT (B/32 → L/14),last block,cls,block11,block23,13-25,0.042688008880023734,0.07750103582337443
similarity tuning (MTL concept cells),CLIP ViT (B/32 → L/14),last block,cls,block11,block23,13-26,0.02283167233716449,0.17565166584725214
similarity tuning (MTL concept cells),CLIP ViT (B/32 → L/14),last block,cls,block11,block23,13-28,-0.08796086274869035,0.06098619817242531
similarity tuning (MTL concept cells),CLIP ViT (B/32 → L/14),last block,cls,block11,block23,13-30,-0.02817418731050136,0.13386546295097673
similarity tuning (MTL concept cells),CLIP ViT (B/32 → L/14),last block,cls,block11,block23,13-31,0.03954625947635608,0.19818877339114696
similarity tuning (MTL concept cells),CLIP ViT (B/32 → L/14),last block,cls,block11,block23,13-32,0.22486668941207885,0.14181602664462978
similarity tuning (MTL concept cells),CLIP ViT (B/32 → L/14),last block,cls,block11,block23,13-33,0.1454792677194096,0.23363166251688258
similarity tuning (MTL concept cells),CLIP ViT (B/32 → L/14),last block,cls,block11,block23,13-35,0.41363950669788074,0.3963194395861941
similarity tuning (MTL concept cells),CLIP ViT (B/32 → L/14),last block,cls,block11,block23,13-37,0.038742066044504225,0.2032663612187926
similarity tuning (MTL concept cells),CLIP ViT (B/32 → L/14),last block,cls,block11,block23,13-46,0.1982658491302446,0.1960370046331238
similarity tuning (MTL concept cells),CLIP ViT (B/32 → L/14),last block,cls,block11,block23,13-75,0.6801633739130105,0.6101691582163872
similarity tuning (MTL concept cells),CLIP ViT (B/32 → L/14),last block,cls,block11,block23,13-77,0.71243437712952,0.7279001778492741
similarity tuning (MTL concept cells),CLIP ViT (B/32 → L/14),last block,cls,block11,block23,13-78,0.36123734572345384,0.4232851126728033
similarity tuning (MTL concept cells),CLIP ViT (B/32 → L/14),last block,cls,block11,block23,13-80,0.19687913515470967,0.23233664160185674
similarity tuning (MTL concept cells),CLIP ViT (B/32 → L/14),last block,cls,block11,block23,13-82,0.28439468238964116,0.3091323608702928
similarity tuning (MTL concept cells),CLIP ViT (B/32 → L/14),last block,cls,block11,block23,13-83,0.4824928395288454,0.6199807453349445
similarity tuning (MTL concept cells),CLIP ViT (B/32 → L/14),last block,cls,block11,block23,13-84,0.37978010518073174,0.4217359445223193
similarity tuning (MTL concept cells),CLIP ViT (B/32 → L/14),last block,cls,block11,block23,13-85,0.534035809646398,0.7219186298877334
similarity tuning (MTL concept cells),CLIP ViT (B/32 → L/14),last block,cls,block11,block23,13-86,0.6013763136939039,0.6838845181824106
similarity tuning (MTL concept cells),CLIP ViT (B/32 → L/14),last block,cls,block11,block23,13-88,0.39185883670550076,0.3016033451862642
similarity tuning (MTL concept cells),CLIP ViT (B/32 → L/14),last block,cls,block11,block23,13-89,0.2620246860313897,0.3032904342961395
similarity tuning (MTL concept cells),CLIP ViT (B/32 → L/14),last block,cls,block11,block23,13-90,0.6011057993138275,0.7014036153393333
similarity tuning (MTL concept cells),CLIP ViT (B/32 → L/14),last block,cls,block11,block23,13-92,0.7524729364309437,0.7591923469684296
similarity tuning (MTL concept cells),CLIP ViT (B/32 → L/14),last block,cls,block11,block23,13-93,0.30473420353860636,0.4211352577971478
similarity tuning (MTL concept cells),CLIP ViT (B/32 → L/14),last block,cls,block11,block23,13-94,0.6382421287735912,0.6859519704746175
similarity tuning (MTL concept cells),CLIP ViT (B/32 → L/14),last block,cls,block11,block23,13-95,0.15693790132866964,0.2638154811503128
similarity tuning (MTL concept cells),CLIP ViT (B/32 → L/14),last block,cls,block11,block23,13-97,0.4126035265551095,0.4306669310056913
similarity tuning (MTL concept cells),CLIP ViT (B/32 → L/14),last block,cls,block11,block23,13-98,-0.10598299700860946,-0.015111596098109274
similarity tuning (MTL concept cells),CLIP ViT (B/32 → L/14),last block,cls,block11,block23,14-14,0.27865721464784043,0.23324042848647564
similarity tuning (MTL concept cells),CLIP ViT (B/32 → L/14),last block,cls,block11,block23,14-15,0.16767270075143542,0.17638000375790666
similarity tuning (MTL concept cells),CLIP ViT (B/32 → L/14),last block,cls,block11,block23,14-16,-0.08836476338135356,-0.03923649781220965
similarity tuning (MTL concept cells),CLIP ViT (B/32 → L/14),last block,cls,block11,block23,14-17,-0.06391501177537355,-0.018645045052189824
similarity tuning (MTL concept cells),CLIP ViT (B/32 → L/14),last block,cls,block11,block23,14-18,-0.11624496329676458,-0.0648415516694469
similarity tuning (MTL concept cells),CLIP ViT (B/32 → L/14),last block,cls,block11,block23,14-19,-0.1522173859211858,-0.19054642383989973
similarity tuning (MTL concept cells),CLIP ViT (B/32 → L/14),last block,cls,block11,block23,14-45,0.2833927899016371,0.4120405530593635
similarity tuning (MTL concept cells),CLIP ViT (B/32 → L/14),last block,cls,block11,block23,14-46,0.19464521789286943,0.19620886587951258
similarity tuning (MTL concept cells),CLIP ViT (B/32 → L/14),last block,cls,block11,block23,14-47,0.09043290186207781,0.08093309308753799
similarity tuning (MTL concept cells),CLIP ViT (B/32 → L/14),last block,cls,block11,block23,14-48,0.6868930206395522,0.7324775789262447
similarity tuning (MTL concept cells),CLIP ViT (B/32 → L/14),last block,cls,block11,block23,14-49,0.15498278211803376,0.32892555319861216
similarity tuning (MTL concept cells),CLIP ViT (B/32 → L/14),last block,cls,block11,block23,14-50,0.5647959596858928,0.6103162999434016
similarity tuning (MTL concept cells),CLIP ViT (B/32 → L/14),last block,cls,block11,block23,14-51,0.2737336026711997,0.2905376011391709
similarity tuning (MTL concept cells),CLIP ViT (B/32 → L/14),last block,cls,block11,block23,14-52,0.014402059927101193,-0.02641661259355994
similarity tuning (MTL concept cells),CLIP ViT (B/32 → L/14),last block,cls,block11,block23,14-53,0.6012168451992815,0.6305408094905852
similarity tuning (MTL concept cells),CLIP ViT (B/32 → L/14),last block,cls,block11,block23,14-55,0.464384270552289,0.5491489859814581
similarity tuning (MTL concept cells),CLIP ViT (B/32 → L/14),last block,cls,block11,block23,14-56,0.4185236149568313,0.4669125488211626
similarity tuning (MTL concept cells),CLIP ViT (B/32 → L/14),last block,cls,block11,block23,14-59,0.3746441957929919,0.27285597807367074
similarity tuning (MTL concept cells),CLIP ViT (B/32 → L/14),last block,cls,block11,block23,14-60,0.48944367482878476,0.5344739143862095
similarity tuning (MTL concept cells),CLIP ViT (B/32 → L/14),last block,cls,block11,block23,14-61,-0.019911036330396432,0.025745676411445588
similarity tuning (MTL concept cells),CLIP ViT (B/32 → L/14),last block,cls,block11,block23,14-62,0.2804002629046659,0.12374994892531818
similarity tuning (MTL concept cells),CLIP ViT (B/32 → L/14),last block,cls,block11,block23,14-63,-0.2912978335677172,-0.08016158297585511
similarity tuning (MTL concept cells),CLIP ViT (B/32 → L/14),last block,cls,block11,block23,14-68,0.25934672032997647,0.2761887281636922
similarity tuning (MTL concept cells),CLIP ViT (B/32 → L/14),last block,cls,block11,block23,14-69,0.2488057104621323,0.14565774111671445
similarity tuning (MTL concept cells),CLIP ViT (B/32 → L/14),last block,cls,block11,block23,15-2,-0.03062827735777784,-0.0353578296830499
similarity tuning (MTL concept cells),CLIP ViT (B/32 → L/14),last block,cls,block11,block23,15-8,-0.19988678768234333,-0.16626263811805259
similarity tuning (MTL concept cells),CLIP ViT (B/32 → L/14),last block,cls,block11,block23,16-7,0.10115295858971723,0.1038454001574206
similarity tuning (MTL concept cells),CLIP ViT (B/32 → L/14),last block,cls,block11,block23,16-9,0.15466902929776616,0.08092677550679049
similarity tuning (MTL concept cells),CLIP ViT (B/32 → L/14),last block,cls,block11,block23,16-13,-0.14599019756770615,-0.12902654785033185
similarity tuning (MTL concept cells),CLIP ViT (B/32 → L/14),last block,cls,block11,block23,16-20,-0.12172774971929892,-0.006609468089355671
similarity tuning (MTL concept cells),CLIP ViT (B/32 → L/14),last block,cls,block11,block23,16-21,0.2645073848907853,0.23671552771227883
similarity tuning (MTL concept cells),CLIP ViT (B/32 → L/14),last block,cls,block11,block23,16-24,0.4430184384218359,0.549271812754465
similarity tuning (MTL concept cells),CLIP ViT (B/32 → L/14),last block,cls,block11,block23,16-30,0.03778048047262454,0.04346390772987001
similarity tuning (MTL concept cells),CLIP ViT (B/32 → L/14),last block,cls,block11,block23,18-5,0.040823051304466375,-0.027080887647311234
similarity tuning (MTL concept cells),CLIP ViT (B/32 → L/14),last block,cls,block11,block23,18-13,-0.11369642231389333,-0.09780837420595324
similarity tuning (MTL concept cells),CLIP ViT (B/32 → L/14),last block,cls,block11,block23,18-14,0.16948616675083852,0.023533391874535382
similarity tuning (MTL concept cells),CLIP ViT (B/32 → L/14),last block,cls,block11,block23,18-16,-0.04738041007804273,-0.046944787054069376
similarity tuning (MTL concept cells),CLIP ViT (B/32 → L/14),last block,cls,block11,block23,18-17,0.07454755816895697,0.1333420536028242
similarity tuning (MTL concept cells),CLIP ViT (B/32 → L/14),last block,cls,block11,block23,18-18,-0.21517037894776558,-0.06458683931650791
similarity tuning (MTL concept cells),CLIP ViT (B/32 → L/14),last block,cls,block11,block23,18-19,-0.030893291246577106,-0.11291422355294614
similarity tuning (MTL concept cells),CLIP ViT (B/32 → L/14),last block,cls,block11,block23,18-20,-0.08528614588227043,-0.03488511629762748
similarity tuning (MTL concept cells),CLIP ViT (B/32 → L/14),last block,cls,block11,block23,18-22,-0.05296163470756928,-0.11673702078955718
similarity tuning (MTL concept cells),CLIP ViT (B/32 → L/14),last block,cls,block11,block23,18-23,0.23186616574418553,0.20249456862190135
similarity tuning (MTL concept cells),CLIP ViT (B/32 → L/14),last block,cls,block11,block23,18-24,-0.11462395889863691,-0.06897951888978374
similarity tuning (MTL concept cells),CLIP ViT (B/32 → L/14),last block,cls,block11,block23,18-28,-0.06747451666529196,-0.034402283894927096
similarity tuning (MTL concept cells),CLIP ViT (B/32 → L/14),last block,cls,block11,block23,18-29,0.05805725385947408,0.12154395947179152
similarity tuning (MTL concept cells),CLIP ViT (B/32 → L/14),last block,cls,block11,block23,18-30,-0.03189771675191824,-0.010812350042316895
similarity tuning (MTL concept cells),CLIP ViT (B/32 → L/14),last block,cls,block11,block23,18-37,0.12367622055308847,0.12986764398660378
similarity tuning (MTL concept cells),CLIP ViT (B/32 → L/14),last block,cls,block11,block23,21-0,-0.021721666822461516,-0.032849883002315776
similarity tuning (MTL concept cells),CLIP ViT (B/32 → L/14),last block,cls,block11,block23,21-2,-0.01990847984347149,0.0464359497513313
similarity tuning (MTL concept cells),CLIP ViT (B/32 → L/14),last block,cls,block11,block23,21-4,-0.14619366190573702,-0.08494286195386896
similarity tuning (MTL concept cells),CLIP ViT (B/32 → L/14),last block,cls,block11,block23,21-14,-0.03161472985040218,-0.06731691878760815
RSA (MTL),CLIP ViT (B/32 → L/14),last block,gap,block11,block23,1,0.04582491014210218,0.04947032129293821
RSA (MTL),CLIP ViT (B/32 → L/14),last block,gap,block11,block23,2,0.011633083057846268,-0.011917346430828655
RSA (MTL),CLIP ViT (B/32 → L/14),last block,gap,block11,block23,3,0.03460980185215872,0.0009153696228021253
RSA (MTL),CLIP ViT (B/32 → L/14),last block,gap,block11,block23,4,0.02678766672370621,0.03473099799067712
RSA (MTL),CLIP ViT (B/32 → L/14),last block,gap,block11,block23,5,0.0028238084902416894,0.002357166144637586
RSA (MTL),CLIP ViT (B/32 → L/14),last block,gap,block11,block23,7,0.029051278529511903,0.029273207380090486
RSA (MTL),CLIP ViT (B/32 → L/14),last block,gap,block11,block23,8,0.007935068222830424,0.01397342161018771
RSA (MTL),CLIP ViT (B/32 → L/14),last block,gap,block11,block23,9,-0.0014735618667314672,-0.02938427827750058
RSA (MTL),CLIP ViT (B/32 → L/14),last block,gap,block11,block23,10,0.007291410288361045,-0.008752181865565199
RSA (MTL),CLIP ViT (B/32 → L/14),last block,gap,block11,block23,11,0.057985823212423175,0.05087790021131953
RSA (MTL),CLIP ViT (B/32 → L/14),last block,gap,block11,block23,12,-0.0028529855173949083,-0.0002983573333712738
RSA (MTL),CLIP ViT (B/32 → L/14),last block,gap,block11,block23,13,0.17262968453988978,0.1909692970555663
RSA (MTL),CLIP ViT (B/32 → L/14),last block,gap,block11,block23,14,0.09184052128212829,0.1254553304482615
RSA (MTL),CLIP ViT (B/32 → L/14),last block,gap,block11,block23,15,0.005792862580042548,0.0027702243772670027
RSA (MTL),CLIP ViT (B/32 → L/14),last block,gap,block11,block23,16,0.07103710971108462,0.078219047387383
RSA (MTL),CLIP ViT (B/32 → L/14),last block,gap,block11,block23,17,0.012316717198816928,0.015100789054603126
RSA (MTL),CLIP ViT (B/32 → L/14),last block,gap,block11,block23,18,0.031010554905559096,0.04449912742130986
RSA (MTL),CLIP ViT (B/32 → L/14),last block,gap,block11,block23,20,-0.04260685745935642,-0.010557879510427963
RSA (MTL),CLIP ViT (B/32 → L/14),last block,gap,block11,block23,21,-0.0006801459506036539,-0.008146826210878201
similarity tuning (MTL concept cells),CLIP ViT (B/32 → L/14),last block,gap,block11,block23,1-34,0.13000843269044388,0.22136230228654125
similarity tuning (MTL concept cells),CLIP ViT (B/32 → L/14),last block,gap,block11,block23,1-36,0.15661419732726614,-0.01652687276451737
similarity tuning (MTL concept cells),CLIP ViT (B/32 → L/14),last block,gap,block11,block23,1-38,0.15375805763375766,0.25134890375360486
similarity tuning (MTL concept cells),CLIP ViT (B/32 → L/14),last block,gap,block11,block23,2-0,-0.11964892603914801,0.15687929117750565
similarity tuning (MTL concept cells),CLIP ViT (B/32 → L/14),last block,gap,block11,block23,3-39,-0.025919737426107228,0.03208989931095616
similarity tuning (MTL concept cells),CLIP ViT (B/32 → L/14),last block,gap,block11,block23,4-8,0.23900904306038923,0.2352757172363666
similarity tuning (MTL concept cells),CLIP ViT (B/32 → L/14),last block,gap,block11,block23,4-13,-0.28817807784189997,-0.2720736352370728
similarity tuning (MTL concept cells),CLIP ViT (B/32 → L/14),last block,gap,block11,block23,4-15,-0.1543415838851036,0.03145589878327842
similarity tuning (MTL concept cells),CLIP ViT (B/32 → L/14),last block,gap,block11,block23,4-25,0.23371292514729114,0.17257017756375384
similarity tuning (MTL concept cells),CLIP ViT (B/32 → L/14),last block,gap,block11,block23,4-33,0.04874300773311971,0.15734363871658033
similarity tuning (MTL concept cells),CLIP ViT (B/32 → L/14),last block,gap,block11,block23,4-39,0.2679522927036982,0.16808178188932302
similarity tuning (MTL concept cells),CLIP ViT (B/32 → L/14),last block,gap,block11,block23,4-40,0.31661614150642003,-0.018582780094811475
similarity tuning (MTL concept cells),CLIP ViT (B/32 → L/14),last block,gap,block11,block23,4-41,0.49216741901121575,0.38545117926050265
similarity tuning (MTL concept cells),CLIP ViT (B/32 → L/14),last block,gap,block11,block23,4-43,0.27701475031580264,0.1998047943373707
similarity tuning (MTL concept cells),CLIP ViT (B/32 → L/14),last block,gap,block11,block23,4-44,0.5233765205814892,0.2853040608416012
similarity tuning (MTL concept cells),CLIP ViT (B/32 → L/14),last block,gap,block11,block23,4-45,0.1180287855078979,-0.08843655398286297
similarity tuning (MTL concept cells),CLIP ViT (B/32 → L/14),last block,gap,block11,block23,4-46,0.06676050230109959,0.023242166446457116
similarity tuning (MTL concept cells),CLIP ViT (B/32 → L/14),last block,gap,block11,block23,5-5,-0.06339607447469174,0.06962968530082585
similarity tuning (MTL concept cells),CLIP ViT (B/32 → L/14),last block,gap,block11,block23,5-6,0.06881587801749124,-0.15410554961846976
similarity tuning (MTL concept cells),CLIP ViT (B/32 → L/14),last block,gap,block11,block23,7-17,0.12519881454936374,0.25116721094163846
similarity tuning (MTL concept cells),CLIP ViT (B/32 → L/14),last block,gap,block11,block23,7-20,0.19197171330041077,-0.11835090470572576
similarity tuning (MTL concept cells),CLIP ViT (B/32 → L/14),last block,gap,block11,block23,7-21,-0.022157208734374993,-0.01701284765710694
similarity tuning (MTL concept cells),CLIP ViT (B/32 → L/14),last block,gap,block11,block23,7-23,-0.0203276754964604,0.1095571908283127
similarity tuning (MTL concept cells),CLIP ViT (B/32 → L/14),last block,gap,block11,block23,7-24,0.17246494629704023,0.19387467022615298
similarity tuning (MTL concept cells),CLIP ViT (B/32 → L/14),last block,gap,block11,block23,7-25,-0.2012209654867814,-0.2306333041920065
similarity tuning (MTL concept cells),CLIP ViT (B/32 → L/14),last block,gap,block11,block23,7-26,0.06597830074001595,0.21665301082459892
similarity tuning (MTL concept cells),CLIP ViT (B/32 → L/14),last block,gap,block11,block23,7-30,0.3117308957370723,0.30184428480431075
similarity tuning (MTL concept cells),CLIP ViT (B/32 → L/14),last block,gap,block11,block23,8-34,0.16655146845693122,0.08977878422084762
similarity tuning (MTL concept cells),CLIP ViT (B/32 → L/14),last block,gap,block11,block23,8-37,0.08371085943600882,0.1542937815742118
similarity tuning (MTL concept cells),CLIP ViT (B/32 → L/14),last block,gap,block11,block23,8-38,-0.017195233602984878,-0.035130931810882976
similarity tuning (MTL concept cells),CLIP ViT (B/32 → L/14),last block,gap,block11,block23,8-42,-0.013362411437728058,0.015219423299164585
similarity tuning (MTL concept cells),CLIP ViT (B/32 → L/14),last block,gap,block11,block23,8-45,0.1574584312541119,0.34271313694688205
similarity tuning (MTL concept cells),CLIP ViT (B/32 → L/14),last block,gap,block11,block23,10-64,-0.00852753001825501,-0.11641601248135638
similarity tuning (MTL concept cells),CLIP ViT (B/32 → L/14),last block,gap,block11,block23,10-67,0.04136939452727228,0.02269464939626499
similarity tuning (MTL concept cells),CLIP ViT (B/32 → L/14),last block,gap,block11,block23,10-70,-0.07148550593426721,0.03214414544876581
similarity tuning (MTL concept cells),CLIP ViT (B/32 → L/14),last block,gap,block11,block23,10-71,0.12173821541841003,0.039730146971404014
similarity tuning (MTL concept cells),CLIP ViT (B/32 → L/14),last block,gap,block11,block23,11-6,0.09120544830265928,-0.03463141108962695
similarity tuning (MTL concept cells),CLIP ViT (B/32 → L/14),last block,gap,block11,block23,11-11,0.22563133403517893,-0.3007401773023211
similarity tuning (MTL concept cells),CLIP ViT (B/32 → L/14),last block,gap,block11,block23,11-12,0.2505944097980898,0.33384666088585285
similarity tuning (MTL concept cells),CLIP ViT (B/32 → L/14),last block,gap,block11,block23,11-13,0.09429596948227154,-0.03469945683740763
similarity tuning (MTL concept cells),CLIP ViT (B/32 → L/14),last block,gap,block11,block23,11-17,-0.37970726063478477,-0.23158081858501176
similarity tuning (MTL concept cells),CLIP ViT (B/32 → L/14),last block,gap,block11,block23,11-18,0.23876362826690004,0.19954729512909752
similarity tuning (MTL concept cells),CLIP ViT (B/32 → L/14),last block,gap,block11,block23,11-25,-0.06493733410570873,-0.1559102673273692
similarity tuning (MTL concept cells),CLIP ViT (B/32 → L/14),last block,gap,block11,block23,11-28,0.03154439031206976,0.07165010141966087
similarity tuning (MTL concept cells),CLIP ViT (B/32 → L/14),last block,gap,block11,block23,11-31,0.07295036755999715,0.22662805553067275
similarity tuning (MTL concept cells),CLIP ViT (B/32 → L/14),last block,gap,block11,block23,11-34,-0.19658707964630173,-0.15769422509228986
similarity tuning (MTL concept cells),CLIP ViT (B/32 → L/14),last block,gap,block11,block23,11-65,-0.1043513365371187,-0.006911021070878084
similarity tuning (MTL concept cells),CLIP ViT (B/32 → L/14),last block,gap,block11,block23,11-68,-0.008972435732552742,-0.18233814310730062
similarity tuning (MTL concept cells),CLIP ViT (B/32 → L/14),last block,gap,block11,block23,12-14,0.16147725118804537,0.1057398204228044
similarity tuning (MTL concept cells),CLIP ViT (B/32 → L/14),last block,gap,block11,block23,12-15,0.4531812510526402,0.3972364511930399
similarity tuning (MTL concept cells),CLIP ViT (B/32 → L/14),last block,gap,block11,block23,13-17,0.07057467993008845,0.09143431549198379
similarity tuning (MTL concept cells),CLIP ViT (B/32 → L/14),last block,gap,block11,block23,13-18,0.053369046219013186,0.27262099271328616
similarity tuning (MTL concept cells),CLIP ViT (B/32 → L/14),last block,gap,block11,block23,13-19,0.36212612683124296,0.3671729157688029
similarity tuning (MTL concept cells),CLIP ViT (B/32 → L/14),last block,gap,block11,block23,13-20,0.17513424550468376,0.0813214327743728
similarity tuning (MTL concept cells),CLIP ViT (B/32 → L/14),last block,gap,block11,block23,13-25,0.10076918633529185,-0.09651312813650739
similarity tuning (MTL concept cells),CLIP ViT (B/32 → L/14),last block,gap,block11,block23,13-26,0.16230782179242045,-0.04822556568105522
similarity tuning (MTL concept cells),CLIP ViT (B/32 → L/14),last block,gap,block11,block23,13-28,0.016240889730700217,-0.1586864955790866
similarity tuning (MTL concept cells),CLIP ViT (B/32 → L/14),last block,gap,block11,block23,13-30,-0.050840447912553356,-0.04703312530302615
similarity tuning (MTL concept cells),CLIP ViT (B/32 → L/14),last block,gap,block11,block23,13-31,0.20588961954881782,-0.01557959965231766
similarity tuning (MTL concept cells),CLIP ViT (B/32 → L/14),last block,gap,block11,block23,13-32,0.023273411436507206,0.19592670823450903
similarity tuning (MTL concept cells),CLIP ViT (B/32 → L/14),last block,gap,block11,block23,13-33,0.08666042942367752,0.10671345554943656
similarity tuning (MTL concept cells),CLIP ViT (B/32 → L/14),last block,gap,block11,block23,13-35,0.4704654619667918,0.6159842790972951
similarity tuning (MTL concept cells),CLIP ViT (B/32 → L/14),last block,gap,block11,block23,13-37,0.017687721329141974,-0.09335905621018567
similarity tuning (MTL concept cells),CLIP ViT (B/32 → L/14),last block,gap,block11,block23,13-46,0.09307958553316924,0.08244191861509276
similarity tuning (MTL concept cells),CLIP ViT (B/32 → L/14),last block,gap,block11,block23,13-75,0.7241302228657129,0.6228175010096576
similarity tuning (MTL concept cells),CLIP ViT (B/32 → L/14),last block,gap,block11,block23,13-77,0.7226105717399119,0.696842633407162
similarity tuning (MTL concept cells),CLIP ViT (B/32 → L/14),last block,gap,block11,block23,13-78,0.34351302435772685,0.4064710274970424
similarity tuning (MTL concept cells),CLIP ViT (B/32 → L/14),last block,gap,block11,block23,13-80,0.12989258080173624,0.24576943532379242
similarity tuning (MTL concept cells),CLIP ViT (B/32 → L/14),last block,gap,block11,block23,13-82,0.2706205809633622,0.19602774493060912
similarity tuning (MTL concept cells),CLIP ViT (B/32 → L/14),last block,gap,block11,block23,13-83,0.5148992630747845,0.3777137500233908
similarity tuning (MTL concept cells),CLIP ViT (B/32 → L/14),last block,gap,block11,block23,13-84,0.27581470002891595,0.40307483794733434
similarity tuning (MTL concept cells),CLIP ViT (B/32 → L/14),last block,gap,block11,block23,13-85,0.6672297338550442,0.6542505718933691
similarity tuning (MTL concept cells),CLIP ViT (B/32 → L/14),last block,gap,block11,block23,13-86,0.5556057072895765,0.5875744825455207
similarity tuning (MTL concept cells),CLIP ViT (B/32 → L/14),last block,gap,block11,block23,13-88,0.2697529373143719,0.31728783402691757
similarity tuning (MTL concept cells),CLIP ViT (B/32 → L/14),last block,gap,block11,block23,13-89,0.31838703412715663,0.37946546773889506
similarity tuning (MTL concept cells),CLIP ViT (B/32 → L/14),last block,gap,block11,block23,13-90,0.5056765643982116,0.5089054679322319
similarity tuning (MTL concept cells),CLIP ViT (B/32 → L/14),last block,gap,block11,block23,13-92,0.7306474826550494,0.47419840078829306
similarity tuning (MTL concept cells),CLIP ViT (B/32 → L/14),last block,gap,block11,block23,13-93,0.4147136558068707,0.46623876268537906
similarity tuning (MTL concept cells),CLIP ViT (B/32 → L/14),last block,gap,block11,block23,13-94,0.720012407437275,0.6063766977485271
similarity tuning (MTL concept cells),CLIP ViT (B/32 → L/14),last block,gap,block11,block23,13-95,0.029333685982156944,0.27590825297659505
similarity tuning (MTL concept cells),CLIP ViT (B/32 → L/14),last block,gap,block11,block23,13-97,0.4199299423462546,0.3854705246251445
similarity tuning (MTL concept cells),CLIP ViT (B/32 → L/14),last block,gap,block11,block23,13-98,-0.14677673806143532,0.35659834865905604
similarity tuning (MTL concept cells),CLIP ViT (B/32 → L/14),last block,gap,block11,block23,14-14,0.16067449681976168,0.31589897930015953
similarity tuning (MTL concept cells),CLIP ViT (B/32 → L/14),last block,gap,block11,block23,14-15,0.04373960081676355,0.14261699210016113
similarity tuning (MTL concept cells),CLIP ViT (B/32 → L/14),last block,gap,block11,block23,14-16,-0.052917143193265244,0.060952615201468906
similarity tuning (MTL concept cells),CLIP ViT (B/32 → L/14),last block,gap,block11,block23,14-17,0.06102705642761589,-0.1208887975394699
similarity tuning (MTL concept cells),CLIP ViT (B/32 → L/14),last block,gap,block11,block23,14-18,-0.06762011446011272,-0.146607076700222
similarity tuning (MTL concept cells),CLIP ViT (B/32 → L/14),last block,gap,block11,block23,14-19,-0.1585289008318007,-0.17432046445431085
similarity tuning (MTL concept cells),CLIP ViT (B/32 → L/14),last block,gap,block11,block23,14-45,0.262351551941739,0.3482273811397211
similarity tuning (MTL concept cells),CLIP ViT (B/32 → L/14),last block,gap,block11,block23,14-46,0.15749409998799718,0.11634699278392582
similarity tuning (MTL concept cells),CLIP ViT (B/32 → L/14),last block,gap,block11,block23,14-47,0.13291815777043653,0.01828713189098918
similarity tuning (MTL concept cells),CLIP ViT (B/32 → L/14),last block,gap,block11,block23,14-48,0.6921847604074932,0.6876489834635436
similarity tuning (MTL concept cells),CLIP ViT (B/32 → L/14),last block,gap,block11,block23,14-49,0.16897585907842239,0.23173039701429127
similarity tuning (MTL concept cells),CLIP ViT (B/32 → L/14),last block,gap,block11,block23,14-50,0.5624959313885949,0.4162798467746645
similarity tuning (MTL concept cells),CLIP ViT (B/32 → L/14),last block,gap,block11,block23,14-51,0.2736326777554762,0.3397132663254708
similarity tuning (MTL concept cells),CLIP ViT (B/32 → L/14),last block,gap,block11,block23,14-52,-0.07681098627787301,-0.010525569643692492
similarity tuning (MTL concept cells),CLIP ViT (B/32 → L/14),last block,gap,block11,block23,14-53,0.5996297234206285,0.5641084264698224
similarity tuning (MTL concept cells),CLIP ViT (B/32 → L/14),last block,gap,block11,block23,14-55,0.4930977765001921,0.4400529500729212
similarity tuning (MTL concept cells),CLIP ViT (B/32 → L/14),last block,gap,block11,block23,14-56,0.3675932454903819,0.41931145999348807
similarity tuning (MTL concept cells),CLIP ViT (B/32 → L/14),last block,gap,block11,block23,14-59,0.30190950305203,0.3558804609111349
similarity tuning (MTL concept cells),CLIP ViT (B/32 → L/14),last block,gap,block11,block23,14-60,0.5408705436807252,0.5852915804481961
similarity tuning (MTL concept cells),CLIP ViT (B/32 → L/14),last block,gap,block11,block23,14-61,-0.07145471776387997,0.038016735595356135
similarity tuning (MTL concept cells),CLIP ViT (B/32 → L/14),last block,gap,block11,block23,14-62,0.12496566680260333,0.1964397470046598
similarity tuning (MTL concept cells),CLIP ViT (B/32 → L/14),last block,gap,block11,block23,14-63,-0.05961254774600394,-0.10121925769159372
similarity tuning (MTL concept cells),CLIP ViT (B/32 → L/14),last block,gap,block11,block23,14-68,0.13445830841759565,0.247150783622803
similarity tuning (MTL concept cells),CLIP ViT (B/32 → L/14),last block,gap,block11,block23,14-69,0.11275427008377133,0.18456199843765791
similarity tuning (MTL concept cells),CLIP ViT (B/32 → L/14),last block,gap,block11,block23,15-2,-0.00432488474663915,0.15142154957969936
similarity tuning (MTL concept cells),CLIP ViT (B/32 → L/14),last block,gap,block11,block23,15-8,-0.047394524215525695,0.2142680477155184
similarity tuning (MTL concept cells),CLIP ViT (B/32 → L/14),last block,gap,block11,block23,16-7,0.10956166071654466,0.07725236190410427
similarity tuning (MTL concept cells),CLIP ViT (B/32 → L/14),last block,gap,block11,block23,16-9,-0.039595594400080536,0.04242096810854704
similarity tuning (MTL concept cells),CLIP ViT (B/32 → L/14),last block,gap,block11,block23,16-13,-0.11146317314294935,-0.12581373540385943
similarity tuning (MTL concept cells),CLIP ViT (B/32 → L/14),last block,gap,block11,block23,16-20,0.07850263939259251,0.0558358132456611
similarity tuning (MTL concept cells),CLIP ViT (B/32 → L/14),last block,gap,block11,block23,16-21,0.2809078122374039,0.22831333833273035
similarity tuning (MTL concept cells),CLIP ViT (B/32 → L/14),last block,gap,block11,block23,16-24,0.46134633809775294,0.5607772123307567
similarity tuning (MTL concept cells),CLIP ViT (B/32 → L/14),last block,gap,block11,block23,16-30,-0.03524542658809779,-0.1113379310897799
similarity tuning (MTL concept cells),CLIP ViT (B/32 → L/14),last block,gap,block11,block23,18-5,0.02745911233512284,0.12728521493820028
similarity tuning (MTL concept cells),CLIP ViT (B/32 → L/14),last block,gap,block11,block23,18-13,0.04761247587468881,-0.1258385078597988
similarity tuning (MTL concept cells),CLIP ViT (B/32 → L/14),last block,gap,block11,block23,18-14,0.33053487550778315,0.2522596627933458
similarity tuning (MTL concept cells),CLIP ViT (B/32 → L/14),last block,gap,block11,block23,18-16,0.09142958526687747,-0.09911705039581896
similarity tuning (MTL concept cells),CLIP ViT (B/32 → L/14),last block,gap,block11,block23,18-17,-0.011230409240176886,0.03440265636017987
similarity tuning (MTL concept cells),CLIP ViT (B/32 → L/14),last block,gap,block11,block23,18-18,0.03256136189959072,0.05532369325886572
similarity tuning (MTL concept cells),CLIP ViT (B/32 → L/14),last block,gap,block11,block23,18-19,-0.11009199792520014,0.1769182690393294
similarity tuning (MTL concept cells),CLIP ViT (B/32 → L/14),last block,gap,block11,block23,18-20,0.05404881052298102,-0.11012702030038954
similarity tuning (MTL concept cells),CLIP ViT (B/32 → L/14),last block,gap,block11,block23,18-22,-0.05007796767439098,-0.19948796583094155
similarity tuning (MTL concept cells),CLIP ViT (B/32 → L/14),last block,gap,block11,block23,18-23,0.21168602995911961,0.19158291759308074
similarity tuning (MTL concept cells),CLIP ViT (B/32 → L/14),last block,gap,block11,block23,18-24,0.014795978587139484,-0.14119004870154248
similarity tuning (MTL concept cells),CLIP ViT (B/32 → L/14),last block,gap,block11,block23,18-28,0.05926400876174429,-0.11131504796336263
similarity tuning (MTL concept cells),CLIP ViT (B/32 → L/14),last block,gap,block11,block23,18-29,0.155509599507021,0.017576271720832516
similarity tuning (MTL concept cells),CLIP ViT (B/32 → L/14),last block,gap,block11,block23,18-30,0.10660823046474448,-0.06551616379560662
similarity tuning (MTL concept cells),CLIP ViT (B/32 → L/14),last block,gap,block11,block23,18-37,0.22309424109617437,0.09180561468220644
similarity tuning (MTL concept cells),CLIP ViT (B/32 → L/14),last block,gap,block11,block23,21-0,-0.20967902065199076,-0.10035766582335386
similarity tuning (MTL concept cells),CLIP ViT (B/32 → L/14),last block,gap,block11,block23,21-2,0.06982133099049316,0.12524571472031287
similarity tuning (MTL concept cells),CLIP ViT (B/32 → L/14),last block,gap,block11,block23,21-4,-0.11739947141290008,-0.06395341256830099
similarity tuning (MTL concept cells),CLIP ViT (B/32 → L/14),last block,gap,block11,block23,21-14,-0.06585350750961667,-0.08851115108955374
RSA (MTL),CLIP ViT (B/32 → L/14),final norm,cls,ln_post,ln_post,1,0.03682918257903631,0.02591248639382693
RSA (MTL),CLIP ViT (B/32 → L/14),final norm,cls,ln_post,ln_post,2,0.021462048974258675,-0.00370906675087796
RSA (MTL),CLIP ViT (B/32 → L/14),final norm,cls,ln_post,ln_post,3,0.04743140576282887,0.03318191725647693
RSA (MTL),CLIP ViT (B/32 → L/14),final norm,cls,ln_post,ln_post,4,0.08800310911896281,0.08162456507993901
RSA (MTL),CLIP ViT (B/32 → L/14),final norm,cls,ln_post,ln_post,5,0.03121828013178222,0.019298446436713034
RSA (MTL),CLIP ViT (B/32 → L/14),final norm,cls,ln_post,ln_post,7,0.06432396059253864,0.07294436119143613
RSA (MTL),CLIP ViT (B/32 → L/14),final norm,cls,ln_post,ln_post,8,0.003059435440588597,0.02121724006408311
RSA (MTL),CLIP ViT (B/32 → L/14),final norm,cls,ln_post,ln_post,9,-0.019103354862815176,-0.009397581559487325
RSA (MTL),CLIP ViT (B/32 → L/14),final norm,cls,ln_post,ln_post,10,-0.010924480162418098,-0.005919389260900282
RSA (MTL),CLIP ViT (B/32 → L/14),final norm,cls,ln_post,ln_post,11,0.03782923678335442,0.06706873389770261
RSA (MTL),CLIP ViT (B/32 → L/14),final norm,cls,ln_post,ln_post,12,0.02274070738104298,0.024813882398589792
RSA (MTL),CLIP ViT (B/32 → L/14),final norm,cls,ln_post,ln_post,13,0.36902858760996515,0.3092802380515499
RSA (MTL),CLIP ViT (B/32 → L/14),final norm,cls,ln_post,ln_post,14,0.23922974471879702,0.19226950960453865
RSA (MTL),CLIP ViT (B/32 → L/14),final norm,cls,ln_post,ln_post,15,-0.011520883921130579,-0.0021877776505363844
RSA (MTL),CLIP ViT (B/32 → L/14),final norm,cls,ln_post,ln_post,16,0.0897957242270513,0.09426695541905829
RSA (MTL),CLIP ViT (B/32 → L/14),final norm,cls,ln_post,ln_post,17,-0.00117224247584337,-0.0035742764096470805
RSA (MTL),CLIP ViT (B/32 → L/14),final norm,cls,ln_post,ln_post,18,0.06791571503034707,0.07819854384468214
RSA (MTL),CLIP ViT (B/32 → L/14),final norm,cls,ln_post,ln_post,20,0.052854694711643495,-0.06056745998906644
RSA (MTL),CLIP ViT (B/32 → L/14),final norm,cls,ln_post,ln_post,21,0.006672160427667173,0.004459879035963186
similarity tuning (MTL concept cells),CLIP ViT (B/32 → L/14),final norm,cls,ln_post,ln_post,1-34,0.26679969478230925,0.21011642156894275
similarity tuning (MTL concept cells),CLIP ViT (B/32 → L/14),final norm,cls,ln_post,ln_post,1-36,-0.02924373363981013,-0.2334452317821599
similarity tuning (MTL concept cells),CLIP ViT (B/32 → L/14),final norm,cls,ln_post,ln_post,1-38,0.26755925160611116,0.3634810135476972
similarity tuning (MTL concept cells),CLIP ViT (B/32 → L/14),final norm,cls,ln_post,ln_post,2-0,-0.012026303515483226,0.042220001703292175
similarity tuning (MTL concept cells),CLIP ViT (B/32 → L/14),final norm,cls,ln_post,ln_post,3-39,-0.10863530925127476,-0.04250836937881585
similarity tuning (MTL concept cells),CLIP ViT (B/32 → L/14),final norm,cls,ln_post,ln_post,4-8,0.16134570721099276,0.19296469123077648
similarity tuning (MTL concept cells),CLIP ViT (B/32 → L/14),final norm,cls,ln_post,ln_post,4-13,-0.12558417072281652,-0.26112566242527385
similarity tuning (MTL concept cells),CLIP ViT (B/32 → L/14),final norm,cls,ln_post,ln_post,4-15,0.18169453934882396,0.19086284479129317
similarity tuning (MTL concept cells),CLIP ViT (B/32 → L/14),final norm,cls,ln_post,ln_post,4-25,0.2358543069126808,0.25918277179210214
similarity tuning (MTL concept cells),CLIP ViT (B/32 → L/14),final norm,cls,ln_post,ln_post,4-33,0.15991436611512128,0.07329093406820689
similarity tuning (MTL concept cells),CLIP ViT (B/32 → L/14),final norm,cls,ln_post,ln_post,4-39,0.309561579218374,0.2668010476222644
similarity tuning (MTL concept cells),CLIP ViT (B/32 → L/14),final norm,cls,ln_post,ln_post,4-40,0.41570742391935206,0.5440906362637512
similarity tuning (MTL concept cells),CLIP ViT (B/32 → L/14),final norm,cls,ln_post,ln_post,4-41,0.4916371206120758,0.4110317639428198
similarity tuning (MTL concept cells),CLIP ViT (B/32 → L/14),final norm,cls,ln_post,ln_post,4-43,0.3401842326480911,0.20213222420303767
similarity tuning (MTL concept cells),CLIP ViT (B/32 → L/14),final norm,cls,ln_post,ln_post,4-44,0.43065144129860616,0.4349589633190824
similarity tuning (MTL concept cells),CLIP ViT (B/32 → L/14),final norm,cls,ln_post,ln_post,4-45,0.08668352169977073,0.04979134977200836
similarity tuning (MTL concept cells),CLIP ViT (B/32 → L/14),final norm,cls,ln_post,ln_post,4-46,0.0401943736565793,-0.035540826579290856
similarity tuning (MTL concept cells),CLIP ViT (B/32 → L/14),final norm,cls,ln_post,ln_post,5-5,0.21880731118454516,0.19861747854929301
similarity tuning (MTL concept cells),CLIP ViT (B/32 → L/14),final norm,cls,ln_post,ln_post,5-6,0.09809977547616305,-0.16261145859159226
similarity tuning (MTL concept cells),CLIP ViT (B/32 → L/14),final norm,cls,ln_post,ln_post,7-17,0.16655371252894974,0.21641451508807844
similarity tuning (MTL concept cells),CLIP ViT (B/32 → L/14),final norm,cls,ln_post,ln_post,7-20,0.12574531083790325,-0.20595239374704138
similarity tuning (MTL concept cells),CLIP ViT (B/32 → L/14),final norm,cls,ln_post,ln_post,7-21,0.15392576451668186,0.15603211708375223
similarity tuning (MTL concept cells),CLIP ViT (B/32 → L/14),final norm,cls,ln_post,ln_post,7-23,0.21544070536208434,-0.0198378519905216
similarity tuning (MTL concept cells),CLIP ViT (B/32 → L/14),final norm,cls,ln_post,ln_post,7-24,0.15576290544985477,0.27844922020234225
similarity tuning (MTL concept cells),CLIP ViT (B/32 → L/14),final norm,cls,ln_post,ln_post,7-25,-0.23172866025413213,-0.28722670073516376
similarity tuning (MTL concept cells),CLIP ViT (B/32 → L/14),final norm,cls,ln_post,ln_post,7-26,0.49313928457519274,0.41252609114652133
similarity tuning (MTL concept cells),CLIP ViT (B/32 → L/14),final norm,cls,ln_post,ln_post,7-30,0.29893883179549924,0.32141573909977744
similarity tuning (MTL concept cells),CLIP ViT (B/32 → L/14),final norm,cls,ln_post,ln_post,8-34,0.15060982239410134,-0.09014572748060587
similarity tuning (MTL concept cells),CLIP ViT (B/32 → L/14),final norm,cls,ln_post,ln_post,8-37,0.2373968661353222,0.23468213836077592
similarity tuning (MTL concept cells),CLIP ViT (B/32 → L/14),final norm,cls,ln_post,ln_post,8-38,-0.037928242540555164,-0.007404646049132243
similarity tuning (MTL concept cells),CLIP ViT (B/32 → L/14),final norm,cls,ln_post,ln_post,8-42,-0.06899202763467448,0.1644666592063568
similarity tuning (MTL concept cells),CLIP ViT (B/32 → L/14),final norm,cls,ln_post,ln_post,8-45,0.1427332640986544,0.32564808021603675
similarity tuning (MTL concept cells),CLIP ViT (B/32 → L/14),final norm,cls,ln_post,ln_post,10-64,-0.1165175306958594,-0.14308992334202902
similarity tuning (MTL concept cells),CLIP ViT (B/32 → L/14),final norm,cls,ln_post,ln_post,10-67,0.09462040482590751,-0.08271334662248596
similarity tuning (MTL concept cells),CLIP ViT (B/32 → L/14),final norm,cls,ln_post,ln_post,10-70,0.02989021333761729,0.006992312117540291
similarity tuning (MTL concept cells),CLIP ViT (B/32 → L/14),final norm,cls,ln_post,ln_post,10-71,0.06977370572882763,0.03170844110670149
similarity tuning (MTL concept cells),CLIP ViT (B/32 → L/14),final norm,cls,ln_post,ln_post,11-6,0.14242199852995363,0.11394272560576742
similarity tuning (MTL concept cells),CLIP ViT (B/32 → L/14),final norm,cls,ln_post,ln_post,11-11,0.3024420009407718,0.3513122797523989
similarity tuning (MTL concept cells),CLIP ViT (B/32 → L/14),final norm,cls,ln_post,ln_post,11-12,0.15658772965062867,0.1641266384638341
similarity tuning (MTL concept cells),CLIP ViT (B/32 → L/14),final norm,cls,ln_post,ln_post,11-13,-0.07466509720686362,-0.0009645979736920228
similarity tuning (MTL concept cells),CLIP ViT (B/32 → L/14),final norm,cls,ln_post,ln_post,11-17,-0.23350981268984086,-0.26348536581883025
similarity tuning (MTL concept cells),CLIP ViT (B/32 → L/14),final norm,cls,ln_post,ln_post,11-18,0.2623542286660743,0.3156154811136945
similarity tuning (MTL concept cells),CLIP ViT (B/32 → L/14),final norm,cls,ln_post,ln_post,11-25,-0.058693845774019336,-0.18318445319738078
similarity tuning (MTL concept cells),CLIP ViT (B/32 → L/14),final norm,cls,ln_post,ln_post,11-28,0.12434299250638159,0.10579346411608533
similarity tuning (MTL concept cells),CLIP ViT (B/32 → L/14),final norm,cls,ln_post,ln_post,11-31,-0.0070375048747148596,-0.026110163013434842
similarity tuning (MTL concept cells),CLIP ViT (B/32 → L/14),final norm,cls,ln_post,ln_post,11-34,-0.12155596517530677,-0.1381846190392053
similarity tuning (MTL concept cells),CLIP ViT (B/32 → L/14),final norm,cls,ln_post,ln_post,11-65,0.14574123846528192,0.16550879138124938
similarity tuning (MTL concept cells),CLIP ViT (B/32 → L/14),final norm,cls,ln_post,ln_post,11-68,-0.21282921707978913,-0.10338577783356676
similarity tuning (MTL concept cells),CLIP ViT (B/32 → L/14),final norm,cls,ln_post,ln_post,12-14,0.09969754497007273,0.09859662190029533
similarity tuning (MTL concept cells),CLIP ViT (B/32 → L/14),final norm,cls,ln_post,ln_post,12-15,0.48921393219780457,0.47028194367915704
similarity tuning (MTL concept cells),CLIP ViT (B/32 → L/14),final norm,cls,ln_post,ln_post,13-17,0.13272479120519134,-0.0030267911335277392
similarity tuning (MTL concept cells),CLIP ViT (B/32 → L/14),final norm,cls,ln_post,ln_post,13-18,-0.04138875465283584,0.0007314283271981958
similarity tuning (MTL concept cells),CLIP ViT (B/32 → L/14),final norm,cls,ln_post,ln_post,13-19,0.3612892221330546,0.3748065010462175
similarity tuning (MTL concept cells),CLIP ViT (B/32 → L/14),final norm,cls,ln_post,ln_post,13-20,0.14474705181595263,0.247635234473435
similarity tuning (MTL concept cells),CLIP ViT (B/32 → L/14),final norm,cls,ln_post,ln_post,13-25,0.04508363445299223,0.071078720457544
similarity tuning (MTL concept cells),CLIP ViT (B/32 → L/14),final norm,cls,ln_post,ln_post,13-26,0.08531434896653799,0.2018319834605341
similarity tuning (MTL concept cells),CLIP ViT (B/32 → L/14),final norm,cls,ln_post,ln_post,13-28,-0.06417318595317496,0.037147529572417924
similarity tuning (MTL concept cells),CLIP ViT (B/32 → L/14),final norm,cls,ln_post,ln_post,13-30,0.006472448436196259,0.11828082240264536
similarity tuning (MTL concept cells),CLIP ViT (B/32 → L/14),final norm,cls,ln_post,ln_post,13-31,0.07988039430217682,0.20827866093106556
similarity tuning (MTL concept cells),CLIP ViT (B/32 → L/14),final norm,cls,ln_post,ln_post,13-32,0.266050508780159,0.15322505768578712
similarity tuning (MTL concept cells),CLIP ViT (B/32 → L/14),final norm,cls,ln_post,ln_post,13-33,0.15432990976734867,0.24215356643161243
similarity tuning (MTL concept cells),CLIP ViT (B/32 → L/14),final norm,cls,ln_post,ln_post,13-35,0.35787242016068865,0.33314027192697004
similarity tuning (MTL concept cells),CLIP ViT (B/32 → L/14),final norm,cls,ln_post,ln_post,13-37,0.1791302612498902,0.2229222623737249
similarity tuning (MTL concept cells),CLIP ViT (B/32 → L/14),final norm,cls,ln_post,ln_post,13-46,0.16994939290546004,0.18805875444456646
similarity tuning (MTL concept cells),CLIP ViT (B/32 → L/14),final norm,cls,ln_post,ln_post,13-75,0.73335192298989,0.6357178028227142
similarity tuning (MTL concept cells),CLIP ViT (B/32 → L/14),final norm,cls,ln_post,ln_post,13-77,0.7881009330939196,0.737748920652896
similarity tuning (MTL concept cells),CLIP ViT (B/32 → L/14),final norm,cls,ln_post,ln_post,13-78,0.3837151227478922,0.4385568531933441
similarity tuning (MTL concept cells),CLIP ViT (B/32 → L/14),final norm,cls,ln_post,ln_post,13-80,0.18342099653895902,0.23068922350388354
similarity tuning (MTL concept cells),CLIP ViT (B/32 → L/14),final norm,cls,ln_post,ln_post,13-82,0.2999158665335915,0.38294027568206307
similarity tuning (MTL concept cells),CLIP ViT (B/32 → L/14),final norm,cls,ln_post,ln_post,13-83,0.5321860488854487,0.630010105032677
similarity tuning (MTL concept cells),CLIP ViT (B/32 → L/14),final norm,cls,ln_post,ln_post,13-84,0.4322438946289934,0.43908039228875717
similarity tuning (MTL concept cells),CLIP ViT (B/32 → L/14),final norm,cls,ln_post,ln_post,13-85,0.5936643479013946,0.7339401061124304
similarity tuning (MTL concept cells),CLIP ViT (B/32 → L/14),final norm,cls,ln_post,ln_post,13-86,0.6348337690919956,0.6826229248416077
similarity tuning (MTL concept cells),CLIP ViT (B/32 → L/14),final norm,cls,ln_post,ln_post,13-88,0.3832944469992958,0.35111463952331873
similarity tuning (MTL concept cells),CLIP ViT (B/32 → L/14),final norm,cls,ln_post,ln_post,13-89,0.39676632493063796,0.32738347986686295
similarity tuning (MTL concept cells),CLIP ViT (B/32 → L/14),final norm,cls,ln_post,ln_post,13-90,0.6120033487411459,0.6966863890826004
similarity tuning (MTL concept cells),CLIP ViT (B/32 → L/14),final norm,cls,ln_post,ln_post,13-92,0.7811946273374154,0.7685894173441618
similarity tuning (MTL concept cells),CLIP ViT (B/32 → L/14),final norm,cls,ln_post,ln_post,13-93,0.34336534278446335,0.4234196221415152
similarity tuning (MTL concept cells),CLIP ViT (B/32 → L/14),final norm,cls,ln_post,ln_post,13-94,0.7280103026351731,0.7007871830183527
similarity tuning (MTL concept cells),CLIP ViT (B/32 → L/14),final norm,cls,ln_post,ln_post,13-95,0.17519771865394285,0.18023860801833544
similarity tuning (MTL concept cells),CLIP ViT (B/32 → L/14),final norm,cls,ln_post,ln_post,13-97,0.4056560633048857,0.4332690717866842
similarity tuning (MTL concept cells),CLIP ViT (B/32 → L/14),final norm,cls,ln_post,ln_post,13-98,-0.0672074991742289,0.012311283632516403
similarity tuning (MTL concept cells),CLIP ViT (B/32 → L/14),final norm,cls,ln_post,ln_post,14-14,0.2593550805292604,0.2274119409291005
similarity tuning (MTL concept cells),CLIP ViT (B/32 → L/14),final norm,cls,ln_post,ln_post,14-15,0.1481003082791634,0.17282600253077554
similarity tuning (MTL concept cells),CLIP ViT (B/32 → L/14),final norm,cls,ln_post,ln_post,14-16,-0.07005609298291483,-0.06250376644355884
similarity tuning (MTL concept cells),CLIP ViT (B/32 → L/14),final norm,cls,ln_post,ln_post,14-17,-0.09558118883411985,-0.02221698982441641
similarity tuning (MTL concept cells),CLIP ViT (B/32 → L/14),final norm,cls,ln_post,ln_post,14-18,-0.10432240295863487,-0.06095156376251475
similarity tuning (MTL concept cells),CLIP ViT (B/32 → L/14),final norm,cls,ln_post,ln_post,14-19,-0.15556478856608683,-0.20827999205029135
similarity tuning (MTL concept cells),CLIP ViT (B/32 → L/14),final norm,cls,ln_post,ln_post,14-45,0.3471038198894353,0.40077940507354426
similarity tuning (MTL concept cells),CLIP ViT (B/32 → L/14),final norm,cls,ln_post,ln_post,14-46,0.14872029739627754,0.18584245885695272
similarity tuning (MTL concept cells),CLIP ViT (B/32 → L/14),final norm,cls,ln_post,ln_post,14-47,0.11687403628454703,0.08478579331276802
similarity tuning (MTL concept cells),CLIP ViT (B/32 → L/14),final norm,cls,ln_post,ln_post,14-48,0.7223980746063569,0.7365597781757991
similarity tuning (MTL concept cells),CLIP ViT (B/32 → L/14),final norm,cls,ln_post,ln_post,14-49,0.20515615716519292,0.3231770459067768
similarity tuning (MTL concept cells),CLIP ViT (B/32 → L/14),final norm,cls,ln_post,ln_post,14-50,0.6037953405950188,0.589236919724211
similarity tuning (MTL concept cells),CLIP ViT (B/32 → L/14),final norm,cls,ln_post,ln_post,14-51,0.28728277260708635,0.2932878050926376
similarity tuning (MTL concept cells),CLIP ViT (B/32 → L/14),final norm,cls,ln_post,ln_post,14-52,-0.006289669665133318,-0.03388719982847339
similarity tuning (MTL concept cells),CLIP ViT (B/32 → L/14),final norm,cls,ln_post,ln_post,14-53,0.6552041780826697,0.633186012455007
similarity tuning (MTL concept cells),CLIP ViT (B/32 → L/14),final norm,cls,ln_post,ln_post,14-55,0.4813015446866347,0.585684183434247
similarity tuning (MTL concept cells),CLIP ViT (B/32 → L/14),final norm,cls,ln_post,ln_post,14-56,0.449681615438801,0.4780440367584404
similarity tuning (MTL concept cells),CLIP ViT (B/32 → L/14),final norm,cls,ln_post,ln_post,14-59,0.3854888275123447,0.28218740536706743
similarity tuning (MTL concept cells),CLIP ViT (B/32 → L/14),final norm,cls,ln_post,ln_post,14-60,0.5355654027182101,0.5780319138679123
similarity tuning (MTL concept cells),CLIP ViT (B/32 → L/14),final norm,cls,ln_post,ln_post,14-61,-0.038304542953614164,0.028937721657580105
similarity tuning (MTL concept cells),CLIP ViT (B/32 → L/14),final norm,cls,ln_post,ln_post,14-62,0.2851871520464762,0.1327158682702962
similarity tuning (MTL concept cells),CLIP ViT (B/32 → L/14),final norm,cls,ln_post,ln_post,14-63,-0.2096611960827886,-0.08636698470368147
similarity tuning (MTL concept cells),CLIP ViT (B/32 → L/14),final norm,cls,ln_post,ln_post,14-68,0.2810368023826928,0.25452389649753315
similarity tuning (MTL concept cells),CLIP ViT (B/32 → L/14),final norm,cls,ln_post,ln_post,14-69,0.2742712321044868,0.14462399221836145
similarity tuning (MTL concept cells),CLIP ViT (B/32 → L/14),final norm,cls,ln_post,ln_post,15-2,0.01042019014979725,-0.048787734948929365
similarity tuning (MTL concept cells),CLIP ViT (B/32 → L/14),final norm,cls,ln_post,ln_post,15-8,-0.19665418586957656,-0.15096505001196717
similarity tuning (MTL concept cells),CLIP ViT (B/32 → L/14),final norm,cls,ln_post,ln_post,16-7,0.10467384371671393,0.0862823967004017
similarity tuning (MTL concept cells),CLIP ViT (B/32 → L/14),final norm,cls,ln_post,ln_post,16-9,0.17214598380870896,0.08419613651230173
similarity tuning (MTL concept cells),CLIP ViT (B/32 → L/14),final norm,cls,ln_post,ln_post,16-13,-0.050034199166396946,-0.21718612138153465
similarity tuning (MTL concept cells),CLIP ViT (B/32 → L/14),final norm,cls,ln_post,ln_post,16-20,-0.040751628403696005,-0.017800960068878158
similarity tuning (MTL concept cells),CLIP ViT (B/32 → L/14),final norm,cls,ln_post,ln_post,16-21,0.2534391161888801,0.2451177170918273
similarity tuning (MTL concept cells),CLIP ViT (B/32 → L/14),final norm,cls,ln_post,ln_post,16-24,0.5194385135022564,0.5663886177381409
similarity tuning (MTL concept cells),CLIP ViT (B/32 → L/14),final norm,cls,ln_post,ln_post,16-30,0.03904800741488792,0.08406565784817754
similarity tuning (MTL concept cells),CLIP ViT (B/32 → L/14),final norm,cls,ln_post,ln_post,18-5,0.0508333980418803,0.01280920942721984
similarity tuning (MTL concept cells),CLIP ViT (B/32 → L/14),final norm,cls,ln_post,ln_post,18-13,-0.10519696243175954,-0.10251020307692087
similarity tuning (MTL concept cells),CLIP ViT (B/32 → L/14),final norm,cls,ln_post,ln_post,18-14,0.2282434043468707,0.08025750706240037
similarity tuning (MTL concept cells),CLIP ViT (B/32 → L/14),final norm,cls,ln_post,ln_post,18-16,-0.04822603124222628,-0.05265913613324921
similarity tuning (MTL concept cells),CLIP ViT (B/32 → L/14),final norm,cls,ln_post,ln_post,18-17,0.06697592478983319,0.1512294022568616
similarity tuning (MTL concept cells),CLIP ViT (B/32 → L/14),final norm,cls,ln_post,ln_post,18-18,-0.13708435432962487,-0.04429978390101056
similarity tuning (MTL concept cells),CLIP ViT (B/32 → L/14),final norm,cls,ln_post,ln_post,18-19,-0.014665493887037416,-0.10142373349712304
similarity tuning (MTL concept cells),CLIP ViT (B/32 → L/14),final norm,cls,ln_post,ln_post,18-20,-0.09255601916078927,-0.04832025313390081
similarity tuning (MTL concept cells),CLIP ViT (B/32 → L/14),final norm,cls,ln_post,ln_post,18-22,-0.06825536879424704,-0.1113558921294298
similarity tuning (MTL concept cells),CLIP ViT (B/32 → L/14),final norm,cls,ln_post,ln_post,18-23,0.24475475119469828,0.21538315407241412
similarity tuning (MTL concept cells),CLIP ViT (B/32 → L/14),final norm,cls,ln_post,ln_post,18-24,-0.11280330988704783,-0.08731422372480059
similarity tuning (MTL concept cells),CLIP ViT (B/32 → L/14),final norm,cls,ln_post,ln_post,18-28,-0.05478787516946754,-0.04969787182739282
similarity tuning (MTL concept cells),CLIP ViT (B/32 → L/14),final norm,cls,ln_post,ln_post,18-29,0.10058375037941941,0.11134164082923932
similarity tuning (MTL concept cells),CLIP ViT (B/32 → L/14),final norm,cls,ln_post,ln_post,18-30,-0.02393612883477279,-0.02622187504324358
similarity tuning (MTL concept cells),CLIP ViT (B/32 → L/14),final norm,cls,ln_post,ln_post,18-37,0.12007301511227221,0.11923565046757546
similarity tuning (MTL concept cells),CLIP ViT (B/32 → L/14),final norm,cls,ln_post,ln_post,21-0,-0.011815771870600403,-0.032162327311569636
similarity tuning (MTL concept cells),CLIP ViT (B/32 → L/14),final norm,cls,ln_post,ln_post,21-2,0.031008809484527392,0.025780579978415215
similarity tuning (MTL concept cells),CLIP ViT (B/32 → L/14),final norm,cls,ln_post,ln_post,21-4,-0.09484402219351112,-0.0923687321336006
similarity tuning (MTL concept cells),CLIP ViT (B/32 → L/14),final norm,cls,ln_post,ln_post,21-14,-0.10915029635501981,-0.09895687986694121
RSA (MTL),CLIP ViT (B/32 → L/14),final norm,gap,ln_post,ln_post,1,0.04911744067881231,0.04416440351395538
RSA (MTL),CLIP ViT (B/32 → L/14),final norm,gap,ln_post,ln_post,2,0.011678118005455334,-0.01185840116798836
RSA (MTL),CLIP ViT (B/32 → L/14),final norm,gap,ln_post,ln_post,3,0.02979359643897992,-0.0004336732070375299
RSA (MTL),CLIP ViT (B/32 → L/14),final norm,gap,ln_post,ln_post,4,0.030838943338496794,0.03803773203050175
RSA (MTL),CLIP ViT (B/32 → L/14),final norm,gap,ln_post,ln_post,5,0.0032060803842047436,0.0032345904894696327
RSA (MTL),CLIP ViT (B/32 → L/14),final norm,gap,ln_post,ln_post,7,0.02644821535935692,0.03400439435013062
RSA (MTL),CLIP ViT (B/32 → L/14),final norm,gap,ln_post,ln_post,8,0.006623802628862184,0.0086713597939486
RSA (MTL),CLIP ViT (B/32 → L/14),final norm,gap,ln_post,ln_post,9,-0.009320553075164648,-0.030306429220733004
RSA (MTL),CLIP ViT (B/32 → L/14),final norm,gap,ln_post,ln_post,10,0.007938804574926928,-0.008984426942180282
RSA (MTL),CLIP ViT (B/32 → L/14),final norm,gap,ln_post,ln_post,11,0.061247108297572794,0.0560282270468619
RSA (MTL),CLIP ViT (B/32 → L/14),final norm,gap,ln_post,ln_post,12,-0.00022781987268454709,0.0008452477801037782
RSA (MTL),CLIP ViT (B/32 → L/14),final norm,gap,ln_post,ln_post,13,0.19157617664287738,0.21356895528999478
RSA (MTL),CLIP ViT (B/32 → L/14),final norm,gap,ln_post,ln_post,14,0.09969673064193817,0.1388685246814066
RSA (MTL),CLIP ViT (B/32 → L/14),final norm,gap,ln_post,ln_post,15,0.006023623997094463,0.003432658235691459
RSA (MTL),CLIP ViT (B/32 → L/14),final norm,gap,ln_post,ln_post,16,0.07863434189459276,0.084234410986809
RSA (MTL),CLIP ViT (B/32 → L/14),final norm,gap,ln_post,ln_post,17,0.010799766595578979,0.01184582449266332
RSA (MTL),CLIP ViT (B/32 → L/14),final norm,gap,ln_post,ln_post,18,0.03607807871699023,0.0553560165001759
RSA (MTL),CLIP ViT (B/32 → L/14),final norm,gap,ln_post,ln_post,20,-0.03172701557507067,-0.012040594777508745
RSA (MTL),CLIP ViT (B/32 → L/14),final norm,gap,ln_post,ln_post,21,0.001700939170357419,-0.002850467645628097
similarity tuning (MTL concept cells),CLIP ViT (B/32 → L/14),final norm,gap,ln_post,ln_post,1-34,0.15991339800674845,0.26879167813811705
similarity tuning (MTL concept cells),CLIP ViT (B/32 → L/14),final norm,gap,ln_post,ln_post,1-36,0.13342611172330973,-0.0047688228282347835
similarity tuning (MTL concept cells),CLIP ViT (B/32 → L/14),final norm,gap,ln_post,ln_post,1-38,0.19267806597230258,0.2331912910264604
similarity tuning (MTL concept cells),CLIP ViT (B/32 → L/14),final norm,gap,ln_post,ln_post,2-0,-0.1790128072219588,0.17670989803814288
similarity tuning (MTL concept cells),CLIP ViT (B/32 → L/14),final norm,gap,ln_post,ln_post,3-39,0.009280530375981807,0.03881638726738984
similarity tuning (MTL concept cells),CLIP ViT (B/32 → L/14),final norm,gap,ln_post,ln_post,4-8,0.24132014952287945,0.2842406981119835
similarity tuning (MTL concept cells),CLIP ViT (B/32 → L/14),final norm,gap,ln_post,ln_post,4-13,-0.2830978120359608,-0.29833860945377827
similarity tuning (MTL concept cells),CLIP ViT (B/32 → L/14),final norm,gap,ln_post,ln_post,4-15,-0.1474526913979444,0.046120122129106274
similarity tuning (MTL concept cells),CLIP ViT (B/32 → L/14),final norm,gap,ln_post,ln_post,4-25,0.22323275086020772,0.18032953737245985
similarity tuning (MTL concept cells),CLIP ViT (B/32 → L/14),final norm,gap,ln_post,ln_post,4-33,-0.010131690335426123,0.18300050628241066
similarity tuning (MTL concept cells),CLIP ViT (B/32 → L/14),final norm,gap,ln_post,ln_post,4-39,0.2515059343975022,0.2341961422802309
similarity tuning (MTL concept cells),CLIP ViT (B/32 → L/14),final norm,gap,ln_post,ln_post,4-40,0.31803390129566994,0.06739422426755877
similarity tuning (MTL concept cells),CLIP ViT (B/32 → L/14),final norm,gap,ln_post,ln_post,4-41,0.5003491657408019,0.46694036659499183
similarity tuning (MTL concept cells),CLIP ViT (B/32 → L/14),final norm,gap,ln_post,ln_post,4-43,0.298265196915371,0.19540291611317437
similarity tuning (MTL concept cells),CLIP ViT (B/32 → L/14),final norm,gap,ln_post,ln_post,4-44,0.4833241228472366,0.3476497742958624
similarity tuning (MTL concept cells),CLIP ViT (B/32 → L/14),final norm,gap,ln_post,ln_post,4-45,0.06813277709212284,-0.005546908119635194
similarity tuning (MTL concept cells),CLIP ViT (B/32 → L/14),final norm,gap,ln_post,ln_post,4-46,0.06182569688397503,0.03119410678182363
similarity tuning (MTL concept cells),CLIP ViT (B/32 → L/14),final norm,gap,ln_post,ln_post,5-5,-0.02427827374389071,0.08964285690051954
similarity tuning (MTL concept cells),CLIP ViT (B/32 → L/14),final norm,gap,ln_post,ln_post,5-6,0.07693748387435823,-0.07145475941577925
similarity tuning (MTL concept cells),CLIP ViT (B/32 → L/14),final norm,gap,ln_post,ln_post,7-17,0.09089166607854163,0.1796366038584368
similarity tuning (MTL concept cells),CLIP ViT (B/32 → L/14),final norm,gap,ln_post,ln_post,7-20,0.262642840760402,-0.06461013882705889
similarity tuning (MTL concept cells),CLIP ViT (B/32 → L/14),final norm,gap,ln_post,ln_post,7-21,0.020455923968664295,0.02560028504593235
similarity tuning (MTL concept cells),CLIP ViT (B/32 → L/14),final norm,gap,ln_post,ln_post,7-23,-0.03885933147114519,-0.004490048804439045
similarity tuning (MTL concept cells),CLIP ViT (B/32 → L/14),final norm,gap,ln_post,ln_post,7-24,0.16268115276155662,0.15813721517813115
similarity tuning (MTL concept cells),CLIP ViT (B/32 → L/14),final norm,gap,ln_post,ln_post,7-25,-0.2311201291085068,-0.20300599018061577
similarity tuning (MTL concept cells),CLIP ViT (B/32 → L/14),final norm,gap,ln_post,ln_post,7-26,0.03185716972005672,0.2364626721987459
similarity tuning (MTL concept cells),CLIP ViT (B/32 → L/14),final norm,gap,ln_post,ln_post,7-30,0.2646383448859184,0.33925199229275943
similarity tuning (MTL concept cells),CLIP ViT (B/32 → L/14),final norm,gap,ln_post,ln_post,8-34,0.15750020138289483,0.0891264406479441
similarity tuning (MTL concept cells),CLIP ViT (B/32 → L/14),final norm,gap,ln_post,ln_post,8-37,0.10413209523259567,0.153969634974266
similarity tuning (MTL concept cells),CLIP ViT (B/32 → L/14),final norm,gap,ln_post,ln_post,8-38,-0.00522438915688775,-0.0011518338298650158
similarity tuning (MTL concept cells),CLIP ViT (B/32 → L/14),final norm,gap,ln_post,ln_post,8-42,-0.044043476974505474,0.019538994368158247
similarity tuning (MTL concept cells),CLIP ViT (B/32 → L/14),final norm,gap,ln_post,ln_post,8-45,0.16129100900690224,0.3365810125424176
similarity tuning (MTL concept cells),CLIP ViT (B/32 → L/14),final norm,gap,ln_post,ln_post,10-64,-0.02738453836219392,-0.15781006444496926
similarity tuning (MTL concept cells),CLIP ViT (B/32 → L/14),final norm,gap,ln_post,ln_post,10-67,0.059789715337693644,-0.03294794951587798
similarity tuning (MTL concept cells),CLIP ViT (B/32 → L/14),final norm,gap,ln_post,ln_post,10-70,-0.0881850938486858,0.057091075860795995
similarity tuning (MTL concept cells),CLIP ViT (B/32 → L/14),final norm,gap,ln_post,ln_post,10-71,0.10503894094535005,0.02247591171525142
similarity tuning (MTL concept cells),CLIP ViT (B/32 → L/14),final norm,gap,ln_post,ln_post,11-6,0.03734860544602995,-0.024044606663264308
similarity tuning (MTL concept cells),CLIP ViT (B/32 → L/14),final norm,gap,ln_post,ln_post,11-11,0.2785910696496502,-0.28791299913190965
similarity tuning (MTL concept cells),CLIP ViT (B/32 → L/14),final norm,gap,ln_post,ln_post,11-12,0.26232160128529824,0.34376343341075033
similarity tuning (MTL concept cells),CLIP ViT (B/32 → L/14),final norm,gap,ln_post,ln_post,11-13,0.07776745285198121,0.005865798488667707
similarity tuning (MTL concept cells),CLIP ViT (B/32 → L/14),final norm,gap,ln_post,ln_post,11-17,-0.3682348220113273,-0.19982856035946928
similarity tuning (MTL concept cells),CLIP ViT (B/32 → L/14),final norm,gap,ln_post,ln_post,11-18,0.24666769541095326,0.23250117506815018
similarity tuning (MTL concept cells),CLIP ViT (B/32 → L/14),final norm,gap,ln_post,ln_post,11-25,-0.054042826126121164,-0.10502710128813539
similarity tuning (MTL concept cells),CLIP ViT (B/32 → L/14),final norm,gap,ln_post,ln_post,11-28,0.016256317462924483,0.11104236912762522
similarity tuning (MTL concept cells),CLIP ViT (B/32 → L/14),final norm,gap,ln_post,ln_post,11-31,0.10334422919282366,0.09439435886302322
similarity tuning (MTL concept cells),CLIP ViT (B/32 → L/14),final norm,gap,ln_post,ln_post,11-34,-0.20424434730703311,-0.10651941646859002
similarity tuning (MTL concept cells),CLIP ViT (B/32 → L/14),final norm,gap,ln_post,ln_post,11-65,-0.06367286324860469,0.059328066913604136
similarity tuning (MTL concept cells),CLIP ViT (B/32 → L/14),final norm,gap,ln_post,ln_post,11-68,-0.028919630426109254,-0.08171506441172327
similarity tuning (MTL concept cells),CLIP ViT (B/32 → L/14),final norm,gap,ln_post,ln_post,12-14,0.15154334069796108,0.10650790628543978
similarity tuning (MTL concept cells),CLIP ViT (B/32 → L/14),final norm,gap,ln_post,ln_post,12-15,0.4614607719170624,0.47518259465809853
similarity tuning (MTL concept cells),CLIP ViT (B/32 → L/14),final norm,gap,ln_post,ln_post,13-17,0.07713272738606522,0.13060603741172194
similarity tuning (MTL concept cells),CLIP ViT (B/32 → L/14),final norm,gap,ln_post,ln_post,13-18,0.01245950322882444,0.2845508409465533
similarity tuning (MTL concept cells),CLIP ViT (B/32 → L/14),final norm,gap,ln_post,ln_post,13-19,0.3597422164788277,0.41482576206867716
similarity tuning (MTL concept cells),CLIP ViT (B/32 → L/14),final norm,gap,ln_post,ln_post,13-20,0.16618633863828725,0.1507633082845269
similarity tuning (MTL concept cells),CLIP ViT (B/32 → L/14),final norm,gap,ln_post,ln_post,13-25,0.09218061380241542,-0.0500023124911084
similarity tuning (MTL concept cells),CLIP ViT (B/32 → L/14),final norm,gap,ln_post,ln_post,13-26,0.16058276210472355,0.030924231754448347
similarity tuning (MTL concept cells),CLIP ViT (B/32 → L/14),final norm,gap,ln_post,ln_post,13-28,0.019835811947385824,-0.0801081248569232
similarity tuning (MTL concept cells),CLIP ViT (B/32 → L/14),final norm,gap,ln_post,ln_post,13-30,-0.043733445708102565,-0.04007841600295644
similarity tuning (MTL concept cells),CLIP ViT (B/32 → L/14),final norm,gap,ln_post,ln_post,13-31,0.2001457540978818,0.06610528335347182
similarity tuning (MTL concept cells),CLIP ViT (B/32 → L/14),final norm,gap,ln_post,ln_post,13-32,0.0702249892910261,0.23346773276904895
similarity tuning (MTL concept cells),CLIP ViT (B/32 → L/14),final norm,gap,ln_post,ln_post,13-33,0.09290645395465165,0.10152950806421512
similarity tuning (MTL concept cells),CLIP ViT (B/32 → L/14),final norm,gap,ln_post,ln_post,13-35,0.5146354147756348,0.5838148385812656
similarity tuning (MTL concept cells),CLIP ViT (B/32 → L/14),final norm,gap,ln_post,ln_post,13-37,0.02695888419273322,-0.08165356566732743
similarity tuning (MTL concept cells),CLIP ViT (B/32 → L/14),final norm,gap,ln_post,ln_post,13-46,0.0897109910091117,0.08492404089597727
similarity tuning (MTL concept cells),CLIP ViT (B/32 → L/14),final norm,gap,ln_post,ln_post,13-75,0.7174281129393985,0.6693291360622012
similarity tuning (MTL concept cells),CLIP ViT (B/32 → L/14),final norm,gap,ln_post,ln_post,13-77,0.6999660198717377,0.7058601523935985
similarity tuning (MTL concept cells),CLIP ViT (B/32 → L/14),final norm,gap,ln_post,ln_post,13-78,0.2814652574083774,0.41135090484880454
similarity tuning (MTL concept cells),CLIP ViT (B/32 → L/14),final norm,gap,ln_post,ln_post,13-80,0.09354800307106505,0.2184729846850666
similarity tuning (MTL concept cells),CLIP ViT (B/32 → L/14),final norm,gap,ln_post,ln_post,13-82,0.25717564004910837,0.2313491998748354
similarity tuning (MTL concept cells),CLIP ViT (B/32 → L/14),final norm,gap,ln_post,ln_post,13-83,0.5207455229990908,0.4215103006632369
similarity tuning (MTL concept cells),CLIP ViT (B/32 → L/14),final norm,gap,ln_post,ln_post,13-84,0.20795613066533433,0.41722892013921586
similarity tuning (MTL concept cells),CLIP ViT (B/32 → L/14),final norm,gap,ln_post,ln_post,13-85,0.6260240449087553,0.6421282866437269
similarity tuning (MTL concept cells),CLIP ViT (B/32 → L/14),final norm,gap,ln_post,ln_post,13-86,0.5228799760291504,0.5578513434362055
similarity tuning (MTL concept cells),CLIP ViT (B/32 → L/14),final norm,gap,ln_post,ln_post,13-88,0.2659775110829383,0.3349740589231633
similarity tuning (MTL concept cells),CLIP ViT (B/32 → L/14),final norm,gap,ln_post,ln_post,13-89,0.3576023104284406,0.3936137242868093
similarity tuning (MTL concept cells),CLIP ViT (B/32 → L/14),final norm,gap,ln_post,ln_post,13-90,0.47293346449853696,0.5923272178307097
similarity tuning (MTL concept cells),CLIP ViT (B/32 → L/14),final norm,gap,ln_post,ln_post,13-92,0.741408643891775,0.623187435939015
similarity tuning (MTL concept cells),CLIP ViT (B/32 → L/14),final norm,gap,ln_post,ln_post,13-93,0.3789760447305457,0.4534970860090189
similarity tuning (MTL concept cells),CLIP ViT (B/32 → L/14),final norm,gap,ln_post,ln_post,13-94,0.7054799543332079,0.6537080901499683
similarity tuning (MTL concept cells),CLIP ViT (B/32 → L/14),final norm,gap,ln_post,ln_post,13-95,0.056790445073316646,0.21970769921187752
similarity tuning (MTL concept cells),CLIP ViT (B/32 → L/14),final norm,gap,ln_post,ln_post,13-97,0.41230036452237245,0.46603583482501254
similarity tuning (MTL concept cells),CLIP ViT (B/32 → L/14),final norm,gap,ln_post,ln_post,13-98,-0.15757433928011774,0.34860105990596657
similarity tuning (MTL concept cells),CLIP ViT (B/32 → L/14),final norm,gap,ln_post,ln_post,14-14,0.16657867902073908,0.32758118596277724
similarity tuning (MTL concept cells),CLIP ViT (B/32 → L/14),final norm,gap,ln_post,ln_post,14-15,0.03980481374386839,0.1544975104879994
similarity tuning (MTL concept cells),CLIP ViT (B/32 → L/14),final norm,gap,ln_post,ln_post,14-16,-0.059554036212699286,0.045390245362796
similarity tuning (MTL concept cells),CLIP ViT (B/32 → L/14),final norm,gap,ln_post,ln_post,14-17,0.01107049549973771,-0.10685434786703354
similarity tuning (MTL concept cells),CLIP ViT (B/32 → L/14),final norm,gap,ln_post,ln_post,14-18,-0.047614462367318824,-0.08259909386797483
similarity tuning (MTL concept cells),CLIP ViT (B/32 → L/14),final norm,gap,ln_post,ln_post,14-19,-0.2191654388192061,-0.1607775377230319
similarity tuning (MTL concept cells),CLIP ViT (B/32 → L/14),final norm,gap,ln_post,ln_post,14-45,0.29133432510252094,0.37113270935577525
similarity tuning (MTL concept cells),CLIP ViT (B/32 → L/14),final norm,gap,ln_post,ln_post,14-46,0.16554399147478943,0.11174291815658781
similarity tuning (MTL concept cells),CLIP ViT (B/32 → L/14),final norm,gap,ln_post,ln_post,14-47,0.1369291881419089,0.02942301884336643
similarity tuning (MTL concept cells),CLIP ViT (B/32 → L/14),final norm,gap,ln_post,ln_post,14-48,0.6765615287116672,0.7014831031425897
similarity tuning (MTL concept cells),CLIP ViT (B/32 → L/14),final norm,gap,ln_post,ln_post,14-49,0.16690841347346405,0.26223782606306645
similarity tuning (MTL concept cells),CLIP ViT (B/32 → L/14),final norm,gap,ln_post,ln_post,14-50,0.5733136468967648,0.4279063634423237
similarity tuning (MTL concept cells),CLIP ViT (B/32 → L/14),final norm,gap,ln_post,ln_post,14-51,0.293868123358048,0.3569714269141979
similarity tuning (MTL concept cells),CLIP ViT (B/32 → L/14),final norm,gap,ln_post,ln_post,14-52,-0.08002000141314511,-0.017328681730469347
similarity tuning (MTL concept cells),CLIP ViT (B/32 → L/14),final norm,gap,ln_post,ln_post,14-53,0.6104120745517951,0.5601784106369672
similarity tuning (MTL concept cells),CLIP ViT (B/32 → L/14),final norm,gap,ln_post,ln_post,14-55,0.49388758899742813,0.4400019944279383
similarity tuning (MTL concept cells),CLIP ViT (B/32 → L/14),final norm,gap,ln_post,ln_post,14-56,0.34909159430696113,0.44769929566914873
similarity tuning (MTL concept cells),CLIP ViT (B/32 → L/14),final norm,gap,ln_post,ln_post,14-59,0.2999927774458188,0.32122807955673766
similarity tuning (MTL concept cells),CLIP ViT (B/32 → L/14),final norm,gap,ln_post,ln_post,14-60,0.5463279853407288,0.6072990312352803
similarity tuning (MTL concept cells),CLIP ViT (B/32 → L/14),final norm,gap,ln_post,ln_post,14-61,-0.0514390242122988,0.016326526504819153
similarity tuning (MTL concept cells),CLIP ViT (B/32 → L/14),final norm,gap,ln_post,ln_post,14-62,0.11526525124009887,0.15624507468691934
similarity tuning (MTL concept cells),CLIP ViT (B/32 → L/14),final norm,gap,ln_post,ln_post,14-63,-0.08318798791688517,-0.13173762684483806
similarity tuning (MTL concept cells),CLIP ViT (B/32 → L/14),final norm,gap,ln_post,ln_post,14-68,0.1266306885848342,0.24275721636183373
similarity tuning (MTL concept cells),CLIP ViT (B/32 → L/14),final norm,gap,ln_post,ln_post,14-69,0.08600286566541683,0.15760888691718575
similarity tuning (MTL concept cells),CLIP ViT (B/32 → L/14),final norm,gap,ln_post,ln_post,15-2,0.034042660052492964,0.17135142782736984
similarity tuning (MTL concept cells),CLIP ViT (B/32 → L/14),final norm,gap,ln_post,ln_post,15-8,-0.08389492578645151,0.16425180706916612
similarity tuning (MTL concept cells),CLIP ViT (B/32 → L/14),final norm,gap,ln_post,ln_post,16-7,0.09746638475086183,0.07754231714985693
similarity tuning (MTL concept cells),CLIP ViT (B/32 → L/14),final norm,gap,ln_post,ln_post,16-9,-0.06466069544233335,0.07212775452899484
similarity tuning (MTL concept cells),CLIP ViT (B/32 → L/14),final norm,gap,ln_post,ln_post,16-13,-0.113133835615115,-0.1811597844817574
similarity tuning (MTL concept cells),CLIP ViT (B/32 → L/14),final norm,gap,ln_post,ln_post,16-20,0.08640967176942904,0.06556754540176761
similarity tuning (MTL concept cells),CLIP ViT (B/32 → L/14),final norm,gap,ln_post,ln_post,16-21,0.2978737715614922,0.24390586285439245
similarity tuning (MTL concept cells),CLIP ViT (B/32 → L/14),final norm,gap,ln_post,ln_post,16-24,0.4644548144745054,0.5797106593527943
similarity tuning (MTL concept cells),CLIP ViT (B/32 → L/14),final norm,gap,ln_post,ln_post,16-30,-0.055566745630191296,-0.054912538176119866
similarity tuning (MTL concept cells),CLIP ViT (B/32 → L/14),final norm,gap,ln_post,ln_post,18-5,0.03557833563347872,0.07587187237500884
similarity tuning (MTL concept cells),CLIP ViT (B/32 → L/14),final norm,gap,ln_post,ln_post,18-13,0.011470395707195782,-0.15004517627791242
similarity tuning (MTL concept cells),CLIP ViT (B/32 → L/14),final norm,gap,ln_post,ln_post,18-14,0.30578161018834743,0.2784361137984986
similarity tuning (MTL concept cells),CLIP ViT (B/32 → L/14),final norm,gap,ln_post,ln_post,18-16,0.055195999625799914,-0.1089826306446272
similarity tuning (MTL concept cells),CLIP ViT (B/32 → L/14),final norm,gap,ln_post,ln_post,18-17,-0.004624286157719894,0.10757817358124191
similarity tuning (MTL concept cells),CLIP ViT (B/32 → L/14),final norm,gap,ln_post,ln_post,18-18,0.07254855163051442,0.006175430705094791
similarity tuning (MTL concept cells),CLIP ViT (B/32 → L/14),final norm,gap,ln_post,ln_post,18-19,-0.15940535108144108,0.0574020533929059
similarity tuning (MTL concept cells),CLIP ViT (B/32 → L/14),final norm,gap,ln_post,ln_post,18-20,0.026279435914928508,-0.11739689357890838
similarity tuning (MTL concept cells),CLIP ViT (B/32 → L/14),final norm,gap,ln_post,ln_post,18-22,-0.09580468777193256,-0.17193864685325602
similarity tuning (MTL concept cells),CLIP ViT (B/32 → L/14),final norm,gap,ln_post,ln_post,18-23,0.19037621736165822,0.20950369975335553
similarity tuning (MTL concept cells),CLIP ViT (B/32 → L/14),final norm,gap,ln_post,ln_post,18-24,-0.017078200587582144,-0.16111461605372163
similarity tuning (MTL concept cells),CLIP ViT (B/32 → L/14),final norm,gap,ln_post,ln_post,18-28,0.02657544458500316,-0.12492249408388396
similarity tuning (MTL concept cells),CLIP ViT (B/32 → L/14),final norm,gap,ln_post,ln_post,18-29,0.1688433228814457,0.03154132669442502
similarity tuning (MTL concept cells),CLIP ViT (B/32 → L/14),final norm,gap,ln_post,ln_post,18-30,0.07237340242101903,-0.07694489483796059
similarity tuning (MTL concept cells),CLIP ViT (B/32 → L/14),final norm,gap,ln_post,ln_post,18-37,0.20281986682003206,0.1157339437715709
similarity tuning (MTL concept cells),CLIP ViT (B/32 → L/14),final norm,gap,ln_post,ln_post,21-0,-0.19763406355114166,-0.052356092599039714
similarity tuning (MTL concept cells),CLIP ViT (B/32 → L/14),final norm,gap,ln_post,ln_post,21-2,0.09472624691369746,0.03793685745075486
similarity tuning (MTL concept cells),CLIP ViT (B/32 → L/14),final norm,gap,ln_post,ln_post,21-4,-0.11823298745348218,-0.07122773437701767
similarity tuning (MTL concept cells),CLIP ViT (B/32 → L/14),final norm,gap,ln_post,ln_post,21-14,0.02555923490698915,-0.08805698896879777
RSA (MTL),DINOv2 (S/14 → B/14),¼ depth,cls,block2,block2,1,0.013817429443594867,0.011691292129133503
RSA (MTL),DINOv2 (S/14 → B/14),¼ depth,cls,block2,block2,2,0.0029657210912816443,0.027069972825929368
RSA (MTL),DINOv2 (S/14 → B/14),¼ depth,cls,block2,block2,3,0.023013190078253976,0.00204126586594285
RSA (MTL),DINOv2 (S/14 → B/14),¼ depth,cls,block2,block2,4,0.009024521190679426,0.008200698678968858
RSA (MTL),DINOv2 (S/14 → B/14),¼ depth,cls,block2,block2,5,-0.013697447940592895,-0.012762534606802316
RSA (MTL),DINOv2 (S/14 → B/14),¼ depth,cls,block2,block2,7,0.011056372155771333,0.00032449016848721705
RSA (MTL),DINOv2 (S/14 → B/14),¼ depth,cls,block2,block2,8,0.011767057181835298,0.020195103609249282
RSA (MTL),DINOv2 (S/14 → B/14),¼ depth,cls,block2,block2,9,-0.03228978779205405,-0.029084579732835236
RSA (MTL),DINOv2 (S/14 → B/14),¼ depth,cls,block2,block2,10,-0.018427572102504054,-0.016141977630756837
RSA (MTL),DINOv2 (S/14 → B/14),¼ depth,cls,block2,block2,11,0.03886317190833764,0.036917401524375955
RSA (MTL),DINOv2 (S/14 → B/14),¼ depth,cls,block2,block2,12,0.011280373201498536,0.015596562788975326
RSA (MTL),DINOv2 (S/14 → B/14),¼ depth,cls,block2,block2,13,0.2012771612154727,0.1803598504955726
RSA (MTL),DINOv2 (S/14 → B/14),¼ depth,cls,block2,block2,14,0.08471380687081359,0.07527994223464121
RSA (MTL),DINOv2 (S/14 → B/14),¼ depth,cls,block2,block2,15,-0.004590265486976569,-0.00018659475663562798
RSA (MTL),DINOv2 (S/14 → B/14),¼ depth,cls,block2,block2,16,0.08215243875621234,0.06863941078655951
RSA (MTL),DINOv2 (S/14 → B/14),¼ depth,cls,block2,block2,17,-0.004272791254109405,0.007635330049703209
RSA (MTL),DINOv2 (S/14 → B/14),¼ depth,cls,block2,block2,18,-0.008117555750223718,-0.003571814548444136
RSA (MTL),DINOv2 (S/14 → B/14),¼ depth,cls,block2,block2,20,-0.015525366559849138,-0.04832597250563997
RSA (MTL),DINOv2 (S/14 → B/14),¼ depth,cls,block2,block2,21,-0.010715459754556766,-0.008581892865822508
similarity tuning (MTL concept cells),DINOv2 (S/14 → B/14),¼ depth,cls,block2,block2,1-34,-0.12504108179051807,-0.00642981969279736
similarity tuning (MTL concept cells),DINOv2 (S/14 → B/14),¼ depth,cls,block2,block2,1-36,0.12088587391572934,0.17977705106440656
similarity tuning (MTL concept cells),DINOv2 (S/14 → B/14),¼ depth,cls,block2,block2,1-38,0.05983413887524189,0.005133698305863949
similarity tuning (MTL concept cells),DINOv2 (S/14 → B/14),¼ depth,cls,block2,block2,2-0,-0.10598499821517343,-0.06381617227152163
similarity tuning (MTL concept cells),DINOv2 (S/14 → B/14),¼ depth,cls,block2,block2,3-39,0.1811347113982498,0.11002612443023661
similarity tuning (MTL concept cells),DINOv2 (S/14 → B/14),¼ depth,cls,block2,block2,4-8,0.2837327626257219,0.2361392075630113
similarity tuning (MTL concept cells),DINOv2 (S/14 → B/14),¼ depth,cls,block2,block2,4-13,-0.18502328065230492,-0.019838437972192494
similarity tuning (MTL concept cells),DINOv2 (S/14 → B/14),¼ depth,cls,block2,block2,4-15,0.28191272895062164,0.2382999610723564
similarity tuning (MTL concept cells),DINOv2 (S/14 → B/14),¼ depth,cls,block2,block2,4-25,0.12452764783907086,0.09817605576145239
similarity tuning (MTL concept cells),DINOv2 (S/14 → B/14),¼ depth,cls,block2,block2,4-33,0.2066411170650716,0.07152670938293368
similarity tuning (MTL concept cells),DINOv2 (S/14 → B/14),¼ depth,cls,block2,block2,4-39,0.21676300247566316,0.23255150644961128
similarity tuning (MTL concept cells),DINOv2 (S/14 → B/14),¼ depth,cls,block2,block2,4-40,0.1618524702263348,0.08379973040030787
similarity tuning (MTL concept cells),DINOv2 (S/14 → B/14),¼ depth,cls,block2,block2,4-41,0.22737175170738774,0.49221792362065764
similarity tuning (MTL concept cells),DINOv2 (S/14 → B/14),¼ depth,cls,block2,block2,4-43,0.32002160652921485,0.28161901374570913
similarity tuning (MTL concept cells),DINOv2 (S/14 → B/14),¼ depth,cls,block2,block2,4-44,0.27124793635373134,-0.007531865989019844
similarity tuning (MTL concept cells),DINOv2 (S/14 → B/14),¼ depth,cls,block2,block2,4-45,0.12200581397103258,0.15821770471431137
similarity tuning (MTL concept cells),DINOv2 (S/14 → B/14),¼ depth,cls,block2,block2,4-46,0.1319101613831378,0.1335721424821694
similarity tuning (MTL concept cells),DINOv2 (S/14 → B/14),¼ depth,cls,block2,block2,5-5,0.1903144098780456,0.17350637420919818
similarity tuning (MTL concept cells),DINOv2 (S/14 → B/14),¼ depth,cls,block2,block2,5-6,-0.04726928329943088,0.03550960794201149
similarity tuning (MTL concept cells),DINOv2 (S/14 → B/14),¼ depth,cls,block2,block2,7-17,-0.02324947251741662,0.015837184240958015
similarity tuning (MTL concept cells),DINOv2 (S/14 → B/14),¼ depth,cls,block2,block2,7-20,-0.07228739109543987,-0.11483553129862502
similarity tuning (MTL concept cells),DINOv2 (S/14 → B/14),¼ depth,cls,block2,block2,7-21,-0.17551587832915327,-0.20366809052365165
similarity tuning (MTL concept cells),DINOv2 (S/14 → B/14),¼ depth,cls,block2,block2,7-23,0.08678039780215827,0.022817611651649326
similarity tuning (MTL concept cells),DINOv2 (S/14 → B/14),¼ depth,cls,block2,block2,7-24,-0.15785066055575295,-0.0329128451988655
similarity tuning (MTL concept cells),DINOv2 (S/14 → B/14),¼ depth,cls,block2,block2,7-25,-0.1653581966379276,-0.13103704002465805
similarity tuning (MTL concept cells),DINOv2 (S/14 → B/14),¼ depth,cls,block2,block2,7-26,0.16834169379989364,0.05263710022273331
similarity tuning (MTL concept cells),DINOv2 (S/14 → B/14),¼ depth,cls,block2,block2,7-30,0.22250927625815103,0.290585654395166
similarity tuning (MTL concept cells),DINOv2 (S/14 → B/14),¼ depth,cls,block2,block2,8-34,0.0870878669826206,0.12019430330747448
similarity tuning (MTL concept cells),DINOv2 (S/14 → B/14),¼ depth,cls,block2,block2,8-37,0.16815104872189574,0.16993385502159777
similarity tuning (MTL concept cells),DINOv2 (S/14 → B/14),¼ depth,cls,block2,block2,8-38,-0.015796578238148788,0.10140251395061656
similarity tuning (MTL concept cells),DINOv2 (S/14 → B/14),¼ depth,cls,block2,block2,8-42,0.06075658372743422,0.030600325890628
similarity tuning (MTL concept cells),DINOv2 (S/14 → B/14),¼ depth,cls,block2,block2,8-45,0.08379225255311054,-0.02932930553977437
similarity tuning (MTL concept cells),DINOv2 (S/14 → B/14),¼ depth,cls,block2,block2,10-64,-0.12133964588475361,-0.09745748592291442
similarity tuning (MTL concept cells),DINOv2 (S/14 → B/14),¼ depth,cls,block2,block2,10-67,0.11398209562249681,0.11125975539222735
similarity tuning (MTL concept cells),DINOv2 (S/14 → B/14),¼ depth,cls,block2,block2,10-70,-0.02527989765572259,0.009579211472381204
similarity tuning (MTL concept cells),DINOv2 (S/14 → B/14),¼ depth,cls,block2,block2,10-71,0.012764098011130433,0.010594705859041072
similarity tuning (MTL concept cells),DINOv2 (S/14 → B/14),¼ depth,cls,block2,block2,11-6,-0.022532206030926788,0.027171943564030028
similarity tuning (MTL concept cells),DINOv2 (S/14 → B/14),¼ depth,cls,block2,block2,11-11,0.27246958462179044,0.20538725284346018
similarity tuning (MTL concept cells),DINOv2 (S/14 → B/14),¼ depth,cls,block2,block2,11-12,0.2831549299411455,0.3137158828720965
similarity tuning (MTL concept cells),DINOv2 (S/14 → B/14),¼ depth,cls,block2,block2,11-13,-0.16205245958025985,-0.18408179168214525
similarity tuning (MTL concept cells),DINOv2 (S/14 → B/14),¼ depth,cls,block2,block2,11-17,-0.3149336691147332,-0.338259268882338
similarity tuning (MTL concept cells),DINOv2 (S/14 → B/14),¼ depth,cls,block2,block2,11-18,0.26040861213830735,0.18544157530278713
similarity tuning (MTL concept cells),DINOv2 (S/14 → B/14),¼ depth,cls,block2,block2,11-25,0.041201967533010996,0.04150529490135218
similarity tuning (MTL concept cells),DINOv2 (S/14 → B/14),¼ depth,cls,block2,block2,11-28,0.002726372991430908,0.1186099651879521
similarity tuning (MTL concept cells),DINOv2 (S/14 → B/14),¼ depth,cls,block2,block2,11-31,-0.027130091256147137,-0.01940413481760148
similarity tuning (MTL concept cells),DINOv2 (S/14 → B/14),¼ depth,cls,block2,block2,11-34,-0.002122806876242363,-0.06757601889371524
similarity tuning (MTL concept cells),DINOv2 (S/14 → B/14),¼ depth,cls,block2,block2,11-65,-0.06341878159158712,-0.0898940902528186
similarity tuning (MTL concept cells),DINOv2 (S/14 → B/14),¼ depth,cls,block2,block2,11-68,-0.03302566033761645,-0.030491073972488552
similarity tuning (MTL concept cells),DINOv2 (S/14 → B/14),¼ depth,cls,block2,block2,12-14,0.11503365936069254,0.0495927438641579
similarity tuning (MTL concept cells),DINOv2 (S/14 → B/14),¼ depth,cls,block2,block2,12-15,-0.1579815118211395,0.012973828644250313
similarity tuning (MTL concept cells),DINOv2 (S/14 → B/14),¼ depth,cls,block2,block2,13-17,0.14170427156799031,0.12654509264090558
similarity tuning (MTL concept cells),DINOv2 (S/14 → B/14),¼ depth,cls,block2,block2,13-18,-0.15985492199248846,-0.1287818289197927
similarity tuning (MTL concept cells),DINOv2 (S/14 → B/14),¼ depth,cls,block2,block2,13-19,0.4942049046544178,0.4146228760812376
similarity tuning (MTL concept cells),DINOv2 (S/14 → B/14),¼ depth,cls,block2,block2,13-20,0.17442045236434445,0.19188289169050288
similarity tuning (MTL concept cells),DINOv2 (S/14 → B/14),¼ depth,cls,block2,block2,13-25,0.15293775599344622,0.12243175800575166
similarity tuning (MTL concept cells),DINOv2 (S/14 → B/14),¼ depth,cls,block2,block2,13-26,0.11697426794073938,0.08764825324989257
similarity tuning (MTL concept cells),DINOv2 (S/14 → B/14),¼ depth,cls,block2,block2,13-28,0.09267760466419982,0.0611391735859013
similarity tuning (MTL concept cells),DINOv2 (S/14 → B/14),¼ depth,cls,block2,block2,13-30,0.09185800349252651,0.09767051600973806
similarity tuning (MTL concept cells),DINOv2 (S/14 → B/14),¼ depth,cls,block2,block2,13-31,0.1552368591783952,0.13907270684744244
similarity tuning (MTL concept cells),DINOv2 (S/14 → B/14),¼ depth,cls,block2,block2,13-32,0.20139090048481942,0.26410262543166874
similarity tuning (MTL concept cells),DINOv2 (S/14 → B/14),¼ depth,cls,block2,block2,13-33,0.27181586106656247,0.18669797211409722
similarity tuning (MTL concept cells),DINOv2 (S/14 → B/14),¼ depth,cls,block2,block2,13-35,0.15588060400518053,0.11932442160060154
similarity tuning (MTL concept cells),DINOv2 (S/14 → B/14),¼ depth,cls,block2,block2,13-37,0.3046017251440232,0.28877859522878785
similarity tuning (MTL concept cells),DINOv2 (S/14 → B/14),¼ depth,cls,block2,block2,13-46,0.03264750632714426,0.10566749138622641
similarity tuning (MTL concept cells),DINOv2 (S/14 → B/14),¼ depth,cls,block2,block2,13-75,0.4126584826059376,0.41835275645310704
similarity tuning (MTL concept cells),DINOv2 (S/14 → B/14),¼ depth,cls,block2,block2,13-77,-0.12614451140802702,-0.02997443461971888
similarity tuning (MTL concept cells),DINOv2 (S/14 → B/14),¼ depth,cls,block2,block2,13-78,0.22525817267797654,0.26045397202332876
similarity tuning (MTL concept cells),DINOv2 (S/14 → B/14),¼ depth,cls,block2,block2,13-80,-0.009859163694024467,0.02757524447069054
similarity tuning (MTL concept cells),DINOv2 (S/14 → B/14),¼ depth,cls,block2,block2,13-82,0.37509106347223503,0.33951640813414335
similarity tuning (MTL concept cells),DINOv2 (S/14 → B/14),¼ depth,cls,block2,block2,13-83,0.28566035561179254,0.29253979078134257
similarity tuning (MTL concept cells),DINOv2 (S/14 → B/14),¼ depth,cls,block2,block2,13-84,0.29731168711461775,0.26705385487973715
similarity tuning (MTL concept cells),DINOv2 (S/14 → B/14),¼ depth,cls,block2,block2,13-85,0.39824605304541666,0.4608988620487648
similarity tuning (MTL concept cells),DINOv2 (S/14 → B/14),¼ depth,cls,block2,block2,13-86,0.513443257839945,0.48909450636245
similarity tuning (MTL concept cells),DINOv2 (S/14 → B/14),¼ depth,cls,block2,block2,13-88,0.35706917082792866,0.3215193520178532
similarity tuning (MTL concept cells),DINOv2 (S/14 → B/14),¼ depth,cls,block2,block2,13-89,0.3387635992640983,0.35732037053346405
similarity tuning (MTL concept cells),DINOv2 (S/14 → B/14),¼ depth,cls,block2,block2,13-90,0.6605882566046077,0.7225176173547629
similarity tuning (MTL concept cells),DINOv2 (S/14 → B/14),¼ depth,cls,block2,block2,13-92,0.32644715178921324,0.2842108569821588
similarity tuning (MTL concept cells),DINOv2 (S/14 → B/14),¼ depth,cls,block2,block2,13-93,0.3109781327465438,0.3986469599181535
similarity tuning (MTL concept cells),DINOv2 (S/14 → B/14),¼ depth,cls,block2,block2,13-94,0.4844403334222131,0.491757019880858
similarity tuning (MTL concept cells),DINOv2 (S/14 → B/14),¼ depth,cls,block2,block2,13-95,-0.1055369177566451,0.026652361852160876
similarity tuning (MTL concept cells),DINOv2 (S/14 → B/14),¼ depth,cls,block2,block2,13-97,0.36897345734370396,0.39688962785823967
similarity tuning (MTL concept cells),DINOv2 (S/14 → B/14),¼ depth,cls,block2,block2,13-98,-0.056813546599235536,0.03963325120221982
similarity tuning (MTL concept cells),DINOv2 (S/14 → B/14),¼ depth,cls,block2,block2,14-14,0.14634297763106432,0.22529249090823678
similarity tuning (MTL concept cells),DINOv2 (S/14 → B/14),¼ depth,cls,block2,block2,14-15,-0.15975235515954325,-0.0914393744294732
similarity tuning (MTL concept cells),DINOv2 (S/14 → B/14),¼ depth,cls,block2,block2,14-16,0.03239617512168185,0.03303189284384986
similarity tuning (MTL concept cells),DINOv2 (S/14 → B/14),¼ depth,cls,block2,block2,14-17,-0.017201067378310994,0.0541111633579857
similarity tuning (MTL concept cells),DINOv2 (S/14 → B/14),¼ depth,cls,block2,block2,14-18,-0.0808056578849087,-0.08312954676437466
similarity tuning (MTL concept cells),DINOv2 (S/14 → B/14),¼ depth,cls,block2,block2,14-19,-0.09362506328944517,-0.001507608824802747
similarity tuning (MTL concept cells),DINOv2 (S/14 → B/14),¼ depth,cls,block2,block2,14-45,0.03311952140047065,-0.2392164043790355
similarity tuning (MTL concept cells),DINOv2 (S/14 → B/14),¼ depth,cls,block2,block2,14-46,-0.022643939362127927,0.005530680841645055
similarity tuning (MTL concept cells),DINOv2 (S/14 → B/14),¼ depth,cls,block2,block2,14-47,0.003879088582937099,0.011003945163841976
similarity tuning (MTL concept cells),DINOv2 (S/14 → B/14),¼ depth,cls,block2,block2,14-48,-0.09212666948377425,0.06581916320886717
similarity tuning (MTL concept cells),DINOv2 (S/14 → B/14),¼ depth,cls,block2,block2,14-49,0.28452589819456825,0.31793279364054106
similarity tuning (MTL concept cells),DINOv2 (S/14 → B/14),¼ depth,cls,block2,block2,14-50,0.2766605466178189,0.23306110911409722
similarity tuning (MTL concept cells),DINOv2 (S/14 → B/14),¼ depth,cls,block2,block2,14-51,0.07304440775491963,0.1097558458493611
similarity tuning (MTL concept cells),DINOv2 (S/14 → B/14),¼ depth,cls,block2,block2,14-52,-0.012964421146499287,0.00644370239162638
similarity tuning (MTL concept cells),DINOv2 (S/14 → B/14),¼ depth,cls,block2,block2,14-53,0.3292647880475429,0.45673837852348526
similarity tuning (MTL concept cells),DINOv2 (S/14 → B/14),¼ depth,cls,block2,block2,14-55,0.32858747667267635,0.4372503895988579
similarity tuning (MTL concept cells),DINOv2 (S/14 → B/14),¼ depth,cls,block2,block2,14-56,0.34436452408702123,0.36650042818147105
similarity tuning (MTL concept cells),DINOv2 (S/14 → B/14),¼ depth,cls,block2,block2,14-59,0.25820311521566147,0.31699110716406026
similarity tuning (MTL concept cells),DINOv2 (S/14 → B/14),¼ depth,cls,block2,block2,14-60,0.46791850958374737,0.44517493875880226
similarity tuning (MTL concept cells),DINOv2 (S/14 → B/14),¼ depth,cls,block2,block2,14-61,-0.12938248968963253,-0.1996598137151842
similarity tuning (MTL concept cells),DINOv2 (S/14 → B/14),¼ depth,cls,block2,block2,14-62,0.10959190114610148,0.17116294613943928
similarity tuning (MTL concept cells),DINOv2 (S/14 → B/14),¼ depth,cls,block2,block2,14-63,-0.028560107132577818,-0.0873588317011619
similarity tuning (MTL concept cells),DINOv2 (S/14 → B/14),¼ depth,cls,block2,block2,14-68,-0.1767274555145074,-0.10241556787638832
similarity tuning (MTL concept cells),DINOv2 (S/14 → B/14),¼ depth,cls,block2,block2,14-69,0.12127639514824246,0.01994378972188353
similarity tuning (MTL concept cells),DINOv2 (S/14 → B/14),¼ depth,cls,block2,block2,15-2,0.13667647468326297,0.14788070826666147
similarity tuning (MTL concept cells),DINOv2 (S/14 → B/14),¼ depth,cls,block2,block2,15-8,0.07689519745172026,0.08809476278729025
similarity tuning (MTL concept cells),DINOv2 (S/14 → B/14),¼ depth,cls,block2,block2,16-7,0.05865380399796871,0.27852272463442207
similarity tuning (MTL concept cells),DINOv2 (S/14 → B/14),¼ depth,cls,block2,block2,16-9,0.1823980541222874,0.21561637643754356
similarity tuning (MTL concept cells),DINOv2 (S/14 → B/14),¼ depth,cls,block2,block2,16-13,0.12619927289743613,0.1592269848471725
similarity tuning (MTL concept cells),DINOv2 (S/14 → B/14),¼ depth,cls,block2,block2,16-20,0.006893310277242111,0.009650634388138955
similarity tuning (MTL concept cells),DINOv2 (S/14 → B/14),¼ depth,cls,block2,block2,16-21,0.24394625799564024,0.2031471653353328
similarity tuning (MTL concept cells),DINOv2 (S/14 → B/14),¼ depth,cls,block2,block2,16-24,0.3999842070241981,0.4026486153471288
similarity tuning (MTL concept cells),DINOv2 (S/14 → B/14),¼ depth,cls,block2,block2,16-30,0.09506452066975331,0.12217324204783782
similarity tuning (MTL concept cells),DINOv2 (S/14 → B/14),¼ depth,cls,block2,block2,18-5,0.11313961161404609,0.007312343964357781
similarity tuning (MTL concept cells),DINOv2 (S/14 → B/14),¼ depth,cls,block2,block2,18-13,-0.024775021358560266,0.11204303194168494
similarity tuning (MTL concept cells),DINOv2 (S/14 → B/14),¼ depth,cls,block2,block2,18-14,0.014104786706659976,-0.017688164951054672
similarity tuning (MTL concept cells),DINOv2 (S/14 → B/14),¼ depth,cls,block2,block2,18-16,-0.021089279337062825,0.09347957596792854
similarity tuning (MTL concept cells),DINOv2 (S/14 → B/14),¼ depth,cls,block2,block2,18-17,0.09383235593659103,0.2108115508274833
similarity tuning (MTL concept cells),DINOv2 (S/14 → B/14),¼ depth,cls,block2,block2,18-18,-0.11781803126207704,-0.08326624128398472
similarity tuning (MTL concept cells),DINOv2 (S/14 → B/14),¼ depth,cls,block2,block2,18-19,-0.07390703362659921,-0.09517451960711394
similarity tuning (MTL concept cells),DINOv2 (S/14 → B/14),¼ depth,cls,block2,block2,18-20,-0.012947053471284426,0.11166833618982816
similarity tuning (MTL concept cells),DINOv2 (S/14 → B/14),¼ depth,cls,block2,block2,18-22,-0.15355526951674436,-0.13669096677806772
similarity tuning (MTL concept cells),DINOv2 (S/14 → B/14),¼ depth,cls,block2,block2,18-23,0.02190032547666817,0.028883782135113355
similarity tuning (MTL concept cells),DINOv2 (S/14 → B/14),¼ depth,cls,block2,block2,18-24,-0.061543065180476184,0.0630816418099881
similarity tuning (MTL concept cells),DINOv2 (S/14 → B/14),¼ depth,cls,block2,block2,18-28,0.020385591274540444,0.14873552479479632
similarity tuning (MTL concept cells),DINOv2 (S/14 → B/14),¼ depth,cls,block2,block2,18-29,0.0998008991964513,-0.03760211004643623
similarity tuning (MTL concept cells),DINOv2 (S/14 → B/14),¼ depth,cls,block2,block2,18-30,0.019647144376181525,0.13719613759158397
similarity tuning (MTL concept cells),DINOv2 (S/14 → B/14),¼ depth,cls,block2,block2,18-37,0.06602493350002794,0.01829514875231366
similarity tuning (MTL concept cells),DINOv2 (S/14 → B/14),¼ depth,cls,block2,block2,21-0,-0.05042075065471724,0.03402127417914254
similarity tuning (MTL concept cells),DINOv2 (S/14 → B/14),¼ depth,cls,block2,block2,21-2,0.2588102379651294,0.15883000672016648
similarity tuning (MTL concept cells),DINOv2 (S/14 → B/14),¼ depth,cls,block2,block2,21-4,-0.17716004571645463,-0.17693272315993222
similarity tuning (MTL concept cells),DINOv2 (S/14 → B/14),¼ depth,cls,block2,block2,21-14,0.02210255654345755,0.006989050413855869
RSA (MTL),DINOv2 (S/14 → B/14),¼ depth,gap,block2,block2,1,0.028259484396051134,0.025365070786380426
RSA (MTL),DINOv2 (S/14 → B/14),¼ depth,gap,block2,block2,2,0.015673207256615335,0.009224362562502825
RSA (MTL),DINOv2 (S/14 → B/14),¼ depth,gap,block2,block2,3,0.002510814315620739,-0.0007819804123688223
RSA (MTL),DINOv2 (S/14 → B/14),¼ depth,gap,block2,block2,4,0.022138441475587425,0.023075320134749413
RSA (MTL),DINOv2 (S/14 → B/14),¼ depth,gap,block2,block2,5,-0.005619641701467102,-0.0048968224155449425
RSA (MTL),DINOv2 (S/14 → B/14),¼ depth,gap,block2,block2,7,0.0007896300085611774,0.004370389808357553
RSA (MTL),DINOv2 (S/14 → B/14),¼ depth,gap,block2,block2,8,0.025575356912976816,0.02792362820295781
RSA (MTL),DINOv2 (S/14 → B/14),¼ depth,gap,block2,block2,9,-0.028077115955265,-0.020983918696578126
RSA (MTL),DINOv2 (S/14 → B/14),¼ depth,gap,block2,block2,10,-0.0102698318921248,-0.009918059592634575
RSA (MTL),DINOv2 (S/14 → B/14),¼ depth,gap,block2,block2,11,0.03931722650603013,0.044763478182066045
RSA (MTL),DINOv2 (S/14 → B/14),¼ depth,gap,block2,block2,12,0.010261331054432245,0.010001780842534086
RSA (MTL),DINOv2 (S/14 → B/14),¼ depth,gap,block2,block2,13,0.1701304994733315,0.1796939515429892
RSA (MTL),DINOv2 (S/14 → B/14),¼ depth,gap,block2,block2,14,0.07251058775548942,0.08878027609509413
RSA (MTL),DINOv2 (S/14 → B/14),¼ depth,gap,block2,block2,15,-0.004025662948064866,-0.009620171037692055
RSA (MTL),DINOv2 (S/14 → B/14),¼ depth,gap,block2,block2,16,0.05774293928083324,0.06320391483245916
RSA (MTL),DINOv2 (S/14 → B/14),¼ depth,gap,block2,block2,17,-0.001282419117198262,0.001673476930614166
RSA (MTL),DINOv2 (S/14 → B/14),¼ depth,gap,block2,block2,18,-0.008532427881515599,-0.00843677452913575
RSA (MTL),DINOv2 (S/14 → B/14),¼ depth,gap,block2,block2,20,-0.016759602929710026,-0.025082904705891088
RSA (MTL),DINOv2 (S/14 → B/14),¼ depth,gap,block2,block2,21,-0.003521581154135456,-0.006976926010487184
similarity tuning (MTL concept cells),DINOv2 (S/14 → B/14),¼ depth,gap,block2,block2,1-34,-0.27630574193597435,-0.3038909291670344
similarity tuning (MTL concept cells),DINOv2 (S/14 → B/14),¼ depth,gap,block2,block2,1-36,0.19680856116524506,0.15598340065686472
similarity tuning (MTL concept cells),DINOv2 (S/14 → B/14),¼ depth,gap,block2,block2,1-38,0.03714976754341941,0.04698724853347397
similarity tuning (MTL concept cells),DINOv2 (S/14 → B/14),¼ depth,gap,block2,block2,2-0,-0.09894833126462475,-0.03300836496802843
similarity tuning (MTL concept cells),DINOv2 (S/14 → B/14),¼ depth,gap,block2,block2,3-39,0.14922182492825242,-0.05707399743485269
similarity tuning (MTL concept cells),DINOv2 (S/14 → B/14),¼ depth,gap,block2,block2,4-8,0.22801223978282587,0.1837710589294418
similarity tuning (MTL concept cells),DINOv2 (S/14 → B/14),¼ depth,gap,block2,block2,4-13,-0.1857345178651364,-0.1975207345349153
similarity tuning (MTL concept cells),DINOv2 (S/14 → B/14),¼ depth,gap,block2,block2,4-15,0.08064056499674596,0.13147147390015962
similarity tuning (MTL concept cells),DINOv2 (S/14 → B/14),¼ depth,gap,block2,block2,4-25,0.14896459269116447,0.13316875308058435
similarity tuning (MTL concept cells),DINOv2 (S/14 → B/14),¼ depth,gap,block2,block2,4-33,0.14479244024135093,0.12901523091305056
similarity tuning (MTL concept cells),DINOv2 (S/14 → B/14),¼ depth,gap,block2,block2,4-39,0.18025208703590806,0.190736640456108
similarity tuning (MTL concept cells),DINOv2 (S/14 → B/14),¼ depth,gap,block2,block2,4-40,-0.047874710026278605,-0.06152064799780911
similarity tuning (MTL concept cells),DINOv2 (S/14 → B/14),¼ depth,gap,block2,block2,4-41,0.26300275366864095,0.4373194131573235
similarity tuning (MTL concept cells),DINOv2 (S/14 → B/14),¼ depth,gap,block2,block2,4-43,0.19633894768958393,0.1854860410333758
similarity tuning (MTL concept cells),DINOv2 (S/14 → B/14),¼ depth,gap,block2,block2,4-44,0.11229785477943298,0.1382185574640531
similarity tuning (MTL concept cells),DINOv2 (S/14 → B/14),¼ depth,gap,block2,block2,4-45,0.059027475084419787,0.07948823994080999
similarity tuning (MTL concept cells),DINOv2 (S/14 → B/14),¼ depth,gap,block2,block2,4-46,0.13906946457896618,0.14766062841396022
similarity tuning (MTL concept cells),DINOv2 (S/14 → B/14),¼ depth,gap,block2,block2,5-5,0.11356780857329335,0.08146597468324243
similarity tuning (MTL concept cells),DINOv2 (S/14 → B/14),¼ depth,gap,block2,block2,5-6,0.05231646422625357,0.049421380750461874
similarity tuning (MTL concept cells),DINOv2 (S/14 → B/14),¼ depth,gap,block2,block2,7-17,0.03864110937563669,0.11021222076635999
similarity tuning (MTL concept cells),DINOv2 (S/14 → B/14),¼ depth,gap,block2,block2,7-20,-0.10744112516644753,-0.07362080859468499
similarity tuning (MTL concept cells),DINOv2 (S/14 → B/14),¼ depth,gap,block2,block2,7-21,-0.1870603106679044,-0.11532280304710346
similarity tuning (MTL concept cells),DINOv2 (S/14 → B/14),¼ depth,gap,block2,block2,7-23,0.09853616194468959,0.11233285736196592
similarity tuning (MTL concept cells),DINOv2 (S/14 → B/14),¼ depth,gap,block2,block2,7-24,-0.17721356575359298,-0.1886348142740948
similarity tuning (MTL concept cells),DINOv2 (S/14 → B/14),¼ depth,gap,block2,block2,7-25,-0.0954176836340544,-0.10584385059576869
similarity tuning (MTL concept cells),DINOv2 (S/14 → B/14),¼ depth,gap,block2,block2,7-26,0.1237901696482407,0.15892199767708498
similarity tuning (MTL concept cells),DINOv2 (S/14 → B/14),¼ depth,gap,block2,block2,7-30,0.15059931429006523,0.17025147561355441
similarity tuning (MTL concept cells),DINOv2 (S/14 → B/14),¼ depth,gap,block2,block2,8-34,0.054389145390831395,0.044685534743891454
similarity tuning (MTL concept cells),DINOv2 (S/14 → B/14),¼ depth,gap,block2,block2,8-37,0.3239845266458502,0.3065616468987622
similarity tuning (MTL concept cells),DINOv2 (S/14 → B/14),¼ depth,gap,block2,block2,8-38,0.13871370265374405,0.1510136424798026
similarity tuning (MTL concept cells),DINOv2 (S/14 → B/14),¼ depth,gap,block2,block2,8-42,0.1293045433082869,0.10249898078668138
similarity tuning (MTL concept cells),DINOv2 (S/14 → B/14),¼ depth,gap,block2,block2,8-45,0.14047406037069377,0.09541101458262226
similarity tuning (MTL concept cells),DINOv2 (S/14 → B/14),¼ depth,gap,block2,block2,10-64,-0.10410692897286328,-0.08238203106921359
similarity tuning (MTL concept cells),DINOv2 (S/14 → B/14),¼ depth,gap,block2,block2,10-67,0.13978072172991016,0.04989260926690095
similarity tuning (MTL concept cells),DINOv2 (S/14 → B/14),¼ depth,gap,block2,block2,10-70,-0.07268931058453972,-0.05458101510065333
similarity tuning (MTL concept cells),DINOv2 (S/14 → B/14),¼ depth,gap,block2,block2,10-71,0.00017657843098401786,0.02701649994055473
similarity tuning (MTL concept cells),DINOv2 (S/14 → B/14),¼ depth,gap,block2,block2,11-6,-0.003024801264675041,-0.0028966317195616917
similarity tuning (MTL concept cells),DINOv2 (S/14 → B/14),¼ depth,gap,block2,block2,11-11,0.2144043780919673,0.25832158810511874
similarity tuning (MTL concept cells),DINOv2 (S/14 → B/14),¼ depth,gap,block2,block2,11-12,0.3363326093117127,0.29798955696067875
similarity tuning (MTL concept cells),DINOv2 (S/14 → B/14),¼ depth,gap,block2,block2,11-13,-0.07403941203473907,-0.062464236350434785
similarity tuning (MTL concept cells),DINOv2 (S/14 → B/14),¼ depth,gap,block2,block2,11-17,-0.40965743226239476,-0.4003931842589391
similarity tuning (MTL concept cells),DINOv2 (S/14 → B/14),¼ depth,gap,block2,block2,11-18,0.19735847653535968,0.2118897999771191
similarity tuning (MTL concept cells),DINOv2 (S/14 → B/14),¼ depth,gap,block2,block2,11-25,0.1315935232986842,0.05052928410950243
similarity tuning (MTL concept cells),DINOv2 (S/14 → B/14),¼ depth,gap,block2,block2,11-28,0.07475867623232041,0.06316522098838524
similarity tuning (MTL concept cells),DINOv2 (S/14 → B/14),¼ depth,gap,block2,block2,11-31,0.13218270025551387,0.09181904005017467
similarity tuning (MTL concept cells),DINOv2 (S/14 → B/14),¼ depth,gap,block2,block2,11-34,-0.0784427683792416,-0.09350458859638981
similarity tuning (MTL concept cells),DINOv2 (S/14 → B/14),¼ depth,gap,block2,block2,11-65,-0.025814696352985785,-0.04517571861772511
similarity tuning (MTL concept cells),DINOv2 (S/14 → B/14),¼ depth,gap,block2,block2,11-68,0.07400992186173447,0.10493187551629476
similarity tuning (MTL concept cells),DINOv2 (S/14 → B/14),¼ depth,gap,block2,block2,12-14,0.11393273629091515,0.11431677922223285
similarity tuning (MTL concept cells),DINOv2 (S/14 → B/14),¼ depth,gap,block2,block2,12-15,0.13879159430360027,0.17900272523080948
similarity tuning (MTL concept cells),DINOv2 (S/14 → B/14),¼ depth,gap,block2,block2,13-17,-0.05453268692239143,-0.002774558539067094
similarity tuning (MTL concept cells),DINOv2 (S/14 → B/14),¼ depth,gap,block2,block2,13-18,-0.12706675560084518,-0.10345927579886205
similarity tuning (MTL concept cells),DINOv2 (S/14 → B/14),¼ depth,gap,block2,block2,13-19,0.3851029649087768,0.41231504797411217
similarity tuning (MTL concept cells),DINOv2 (S/14 → B/14),¼ depth,gap,block2,block2,13-20,0.07706416654449186,-0.009253818212256218
similarity tuning (MTL concept cells),DINOv2 (S/14 → B/14),¼ depth,gap,block2,block2,13-25,0.03188220842322967,-0.051862745116924354
similarity tuning (MTL concept cells),DINOv2 (S/14 → B/14),¼ depth,gap,block2,block2,13-26,0.03254781734286893,-0.04041206003678115
similarity tuning (MTL concept cells),DINOv2 (S/14 → B/14),¼ depth,gap,block2,block2,13-28,-0.04382745596086919,-0.13966655250357268
similarity tuning (MTL concept cells),DINOv2 (S/14 → B/14),¼ depth,gap,block2,block2,13-30,0.006726269943498073,-0.10985394836022512
similarity tuning (MTL concept cells),DINOv2 (S/14 → B/14),¼ depth,gap,block2,block2,13-31,0.10097512140074723,0.027956867239069202
similarity tuning (MTL concept cells),DINOv2 (S/14 → B/14),¼ depth,gap,block2,block2,13-32,0.11421679634329351,0.15982762332157882
similarity tuning (MTL concept cells),DINOv2 (S/14 → B/14),¼ depth,gap,block2,block2,13-33,0.13119180269916514,0.12079862018001385
similarity tuning (MTL concept cells),DINOv2 (S/14 → B/14),¼ depth,gap,block2,block2,13-35,0.2014371706293696,0.14324981270539153
similarity tuning (MTL concept cells),DINOv2 (S/14 → B/14),¼ depth,gap,block2,block2,13-37,0.12267457677327309,0.10174971757276545
similarity tuning (MTL concept cells),DINOv2 (S/14 → B/14),¼ depth,gap,block2,block2,13-46,-0.08396158531767511,-0.023098933879251795
similarity tuning (MTL concept cells),DINOv2 (S/14 → B/14),¼ depth,gap,block2,block2,13-75,0.4449092371385789,0.5730052027979138
similarity tuning (MTL concept cells),DINOv2 (S/14 → B/14),¼ depth,gap,block2,block2,13-77,-0.07957078904511927,-0.0736766565232586
similarity tuning (MTL concept cells),DINOv2 (S/14 → B/14),¼ depth,gap,block2,block2,13-78,0.3013640318945787,0.3168380471240009
similarity tuning (MTL concept cells),DINOv2 (S/14 → B/14),¼ depth,gap,block2,block2,13-80,0.20544570926417052,0.2176872929768024
similarity tuning (MTL concept cells),DINOv2 (S/14 → B/14),¼ depth,gap,block2,block2,13-82,0.3340219595872638,0.32169110040601767
similarity tuning (MTL concept cells),DINOv2 (S/14 → B/14),¼ depth,gap,block2,block2,13-83,0.3393098701757927,0.37859572889128185
similarity tuning (MTL concept cells),DINOv2 (S/14 → B/14),¼ depth,gap,block2,block2,13-84,0.237023905900182,0.25317829666658687
similarity tuning (MTL concept cells),DINOv2 (S/14 → B/14),¼ depth,gap,block2,block2,13-85,0.39869969365766944,0.5130675324578278
similarity tuning (MTL concept cells),DINOv2 (S/14 → B/14),¼ depth,gap,block2,block2,13-86,0.4742834005414245,0.5095827822170883
similarity tuning (MTL concept cells),DINOv2 (S/14 → B/14),¼ depth,gap,block2,block2,13-88,0.2497355767584491,0.3451601082187088
similarity tuning (MTL concept cells),DINOv2 (S/14 → B/14),¼ depth,gap,block2,block2,13-89,0.2952679627390794,0.2999584173555075
similarity tuning (MTL concept cells),DINOv2 (S/14 → B/14),¼ depth,gap,block2,block2,13-90,0.6329155442856993,0.6550890302732295
similarity tuning (MTL concept cells),DINOv2 (S/14 → B/14),¼ depth,gap,block2,block2,13-92,0.034253837176056116,0.09657258076995762
similarity tuning (MTL concept cells),DINOv2 (S/14 → B/14),¼ depth,gap,block2,block2,13-93,0.33417712175489683,0.40727678077465246
similarity tuning (MTL concept cells),DINOv2 (S/14 → B/14),¼ depth,gap,block2,block2,13-94,0.4274458689046995,0.5026815896622142
similarity tuning (MTL concept cells),DINOv2 (S/14 → B/14),¼ depth,gap,block2,block2,13-95,0.08942215973536874,0.12090090502152252
similarity tuning (MTL concept cells),DINOv2 (S/14 → B/14),¼ depth,gap,block2,block2,13-97,0.3700345244582836,0.4181867606580165
similarity tuning (MTL concept cells),DINOv2 (S/14 → B/14),¼ depth,gap,block2,block2,13-98,0.2556609596965599,0.17679810593580933
similarity tuning (MTL concept cells),DINOv2 (S/14 → B/14),¼ depth,gap,block2,block2,14-14,0.2809785170516435,0.3409539063325125
similarity tuning (MTL concept cells),DINOv2 (S/14 → B/14),¼ depth,gap,block2,block2,14-15,-0.1185767123709243,-0.09268327485896909
similarity tuning (MTL concept cells),DINOv2 (S/14 → B/14),¼ depth,gap,block2,block2,14-16,0.09029734525674431,0.06832694077861784
similarity tuning (MTL concept cells),DINOv2 (S/14 → B/14),¼ depth,gap,block2,block2,14-17,0.001089316490820873,-0.025940932246524977
similarity tuning (MTL concept cells),DINOv2 (S/14 → B/14),¼ depth,gap,block2,block2,14-18,-0.06011799492531501,-0.05989065796971508
similarity tuning (MTL concept cells),DINOv2 (S/14 → B/14),¼ depth,gap,block2,block2,14-19,-0.050952067739943686,-0.02601264040083384
similarity tuning (MTL concept cells),DINOv2 (S/14 → B/14),¼ depth,gap,block2,block2,14-45,-0.14167085946785749,0.014887186566287115
similarity tuning (MTL concept cells),DINOv2 (S/14 → B/14),¼ depth,gap,block2,block2,14-46,-0.007991978598398092,0.009410844364055723
similarity tuning (MTL concept cells),DINOv2 (S/14 → B/14),¼ depth,gap,block2,block2,14-47,0.20210843167833498,0.1726590244772615
similarity tuning (MTL concept cells),DINOv2 (S/14 → B/14),¼ depth,gap,block2,block2,14-48,0.002948255013567174,0.0333127617772291
similarity tuning (MTL concept cells),DINOv2 (S/14 → B/14),¼ depth,gap,block2,block2,14-49,0.24532006995420022,0.2852066424791277
similarity tuning (MTL concept cells),DINOv2 (S/14 → B/14),¼ depth,gap,block2,block2,14-50,0.1977771585313752,0.263340602522479
similarity tuning (MTL concept cells),DINOv2 (S/14 → B/14),¼ depth,gap,block2,block2,14-51,-0.025105072786233175,0.042413695832822076
similarity tuning (MTL concept cells),DINOv2 (S/14 → B/14),¼ depth,gap,block2,block2,14-52,-0.11316270973023536,-0.15395571012981435
similarity tuning (MTL concept cells),DINOv2 (S/14 → B/14),¼ depth,gap,block2,block2,14-53,0.5112799444089428,0.5379587057358248
similarity tuning (MTL concept cells),DINOv2 (S/14 → B/14),¼ depth,gap,block2,block2,14-55,0.2890204183434008,0.33488049882807297
similarity tuning (MTL concept cells),DINOv2 (S/14 → B/14),¼ depth,gap,block2,block2,14-56,0.24756124200233756,0.2910197907985594
similarity tuning (MTL concept cells),DINOv2 (S/14 → B/14),¼ depth,gap,block2,block2,14-59,0.26523951579635785,0.30849194230493954
similarity tuning (MTL concept cells),DINOv2 (S/14 → B/14),¼ depth,gap,block2,block2,14-60,0.5640964000477171,0.5817886644059612
similarity tuning (MTL concept cells),DINOv2 (S/14 → B/14),¼ depth,gap,block2,block2,14-61,-0.10073257539031047,-0.016875976916039027
similarity tuning (MTL concept cells),DINOv2 (S/14 → B/14),¼ depth,gap,block2,block2,14-62,0.10617269461623696,0.14079532666308714
similarity tuning (MTL concept cells),DINOv2 (S/14 → B/14),¼ depth,gap,block2,block2,14-63,-0.07405790914520625,-0.11787720085440624
similarity tuning (MTL concept cells),DINOv2 (S/14 → B/14),¼ depth,gap,block2,block2,14-68,-0.1392053810903671,-0.1311757581651473
similarity tuning (MTL concept cells),DINOv2 (S/14 → B/14),¼ depth,gap,block2,block2,14-69,0.18998287680707002,0.20685063322165925
similarity tuning (MTL concept cells),DINOv2 (S/14 → B/14),¼ depth,gap,block2,block2,15-2,0.07994713850366289,0.09105020519240317
similarity tuning (MTL concept cells),DINOv2 (S/14 → B/14),¼ depth,gap,block2,block2,15-8,-0.17590953644119123,-0.17802218172040105
similarity tuning (MTL concept cells),DINOv2 (S/14 → B/14),¼ depth,gap,block2,block2,16-7,0.14733868702032113,0.1047152658946786
similarity tuning (MTL concept cells),DINOv2 (S/14 → B/14),¼ depth,gap,block2,block2,16-9,0.14159158527572124,0.12754544169648777
similarity tuning (MTL concept cells),DINOv2 (S/14 → B/14),¼ depth,gap,block2,block2,16-13,0.1512163724806346,0.16890825968587597
similarity tuning (MTL concept cells),DINOv2 (S/14 → B/14),¼ depth,gap,block2,block2,16-20,0.021044870787580328,0.051415984891429393
similarity tuning (MTL concept cells),DINOv2 (S/14 → B/14),¼ depth,gap,block2,block2,16-21,0.16715509448351704,0.16570086939859519
similarity tuning (MTL concept cells),DINOv2 (S/14 → B/14),¼ depth,gap,block2,block2,16-24,0.3844418251404359,0.3980868253396869
similarity tuning (MTL concept cells),DINOv2 (S/14 → B/14),¼ depth,gap,block2,block2,16-30,-0.0077278255512186565,-0.01198017400268289
similarity tuning (MTL concept cells),DINOv2 (S/14 → B/14),¼ depth,gap,block2,block2,18-5,0.16399822463511382,0.19546651866103973
similarity tuning (MTL concept cells),DINOv2 (S/14 → B/14),¼ depth,gap,block2,block2,18-13,-0.030820229906947227,-0.01761894115384578
similarity tuning (MTL concept cells),DINOv2 (S/14 → B/14),¼ depth,gap,block2,block2,18-14,0.03308906719292124,0.0395950588990563
similarity tuning (MTL concept cells),DINOv2 (S/14 → B/14),¼ depth,gap,block2,block2,18-16,-0.04466417239915006,-0.04292168030325666
similarity tuning (MTL concept cells),DINOv2 (S/14 → B/14),¼ depth,gap,block2,block2,18-17,0.11024603097992647,0.11370154151536552
similarity tuning (MTL concept cells),DINOv2 (S/14 → B/14),¼ depth,gap,block2,block2,18-18,-0.08533322428858256,-0.05573198619804555
similarity tuning (MTL concept cells),DINOv2 (S/14 → B/14),¼ depth,gap,block2,block2,18-19,-0.14073330474072845,-0.1205997486999331
similarity tuning (MTL concept cells),DINOv2 (S/14 → B/14),¼ depth,gap,block2,block2,18-20,-0.06224347333516302,-0.04986156902333942
similarity tuning (MTL concept cells),DINOv2 (S/14 → B/14),¼ depth,gap,block2,block2,18-22,-0.17590368902387618,-0.13988359813622941
similarity tuning (MTL concept cells),DINOv2 (S/14 → B/14),¼ depth,gap,block2,block2,18-23,0.025263681440845814,0.012554817301395935
similarity tuning (MTL concept cells),DINOv2 (S/14 → B/14),¼ depth,gap,block2,block2,18-24,-0.10541814206539069,-0.0921094542201127
similarity tuning (MTL concept cells),DINOv2 (S/14 → B/14),¼ depth,gap,block2,block2,18-28,-0.038341281456130645,-0.029516903802785033
similarity tuning (MTL concept cells),DINOv2 (S/14 → B/14),¼ depth,gap,block2,block2,18-29,-0.04353662707861388,-0.012651885247323406
similarity tuning (MTL concept cells),DINOv2 (S/14 → B/14),¼ depth,gap,block2,block2,18-30,-0.020520350792900707,-0.014818826542557832
similarity tuning (MTL concept cells),DINOv2 (S/14 → B/14),¼ depth,gap,block2,block2,18-37,0.11712955151273213,0.09812391154673637
similarity tuning (MTL concept cells),DINOv2 (S/14 → B/14),¼ depth,gap,block2,block2,21-0,-0.09804034849528351,-0.1353466109746576
similarity tuning (MTL concept cells),DINOv2 (S/14 → B/14),¼ depth,gap,block2,block2,21-2,0.18546049592863934,0.1992393273856345
similarity tuning (MTL concept cells),DINOv2 (S/14 → B/14),¼ depth,gap,block2,block2,21-4,-0.34186786694784904,-0.3436611893381924
similarity tuning (MTL concept cells),DINOv2 (S/14 → B/14),¼ depth,gap,block2,block2,21-14,-0.019655127337161453,-0.02949530662020762
RSA (MTL),DINOv2 (S/14 → B/14),½ depth,cls,block5,block5,1,0.02201398160821454,0.0058833561478612365
RSA (MTL),DINOv2 (S/14 → B/14),½ depth,cls,block5,block5,2,0.02128864445052557,0.03643990317247848
RSA (MTL),DINOv2 (S/14 → B/14),½ depth,cls,block5,block5,3,0.012427617388755561,0.04141558507401236
RSA (MTL),DINOv2 (S/14 → B/14),½ depth,cls,block5,block5,4,0.02193356597115284,0.02032657418631599
RSA (MTL),DINOv2 (S/14 → B/14),½ depth,cls,block5,block5,5,-0.0006885614094071221,-0.004308117255152098
RSA (MTL),DINOv2 (S/14 → B/14),½ depth,cls,block5,block5,7,-0.00030551356049406017,0.014210305698658181
RSA (MTL),DINOv2 (S/14 → B/14),½ depth,cls,block5,block5,8,0.007215406777966069,0.03870183375295634
RSA (MTL),DINOv2 (S/14 → B/14),½ depth,cls,block5,block5,9,-0.02181021606551279,-0.025495670720715517
RSA (MTL),DINOv2 (S/14 → B/14),½ depth,cls,block5,block5,10,-0.01890242693068474,-0.011922301628240498
RSA (MTL),DINOv2 (S/14 → B/14),½ depth,cls,block5,block5,11,0.0676161301740799,0.058193192424788036
RSA (MTL),DINOv2 (S/14 → B/14),½ depth,cls,block5,block5,12,0.0060410976727531965,0.0066627816372472285
RSA (MTL),DINOv2 (S/14 → B/14),½ depth,cls,block5,block5,13,0.24086599085506402,0.1715633698739514
RSA (MTL),DINOv2 (S/14 → B/14),½ depth,cls,block5,block5,14,0.12751627534267737,0.0653887576609994
RSA (MTL),DINOv2 (S/14 → B/14),½ depth,cls,block5,block5,15,-0.003303119129879191,-0.0018567491992491196
RSA (MTL),DINOv2 (S/14 → B/14),½ depth,cls,block5,block5,16,0.08243110496193662,0.09786712590549419
RSA (MTL),DINOv2 (S/14 → B/14),½ depth,cls,block5,block5,17,-0.001502453135458143,-0.0032400664485758095
RSA (MTL),DINOv2 (S/14 → B/14),½ depth,cls,block5,block5,18,0.0027029103723738715,0.024388904950859523
RSA (MTL),DINOv2 (S/14 → B/14),½ depth,cls,block5,block5,20,-0.028724530675518493,0.055729936364330164
RSA (MTL),DINOv2 (S/14 → B/14),½ depth,cls,block5,block5,21,-0.011344951860096054,-0.009316236690848804
similarity tuning (MTL concept cells),DINOv2 (S/14 → B/14),½ depth,cls,block5,block5,1-34,-0.17917764210595308,-0.07599794727094604
similarity tuning (MTL concept cells),DINOv2 (S/14 → B/14),½ depth,cls,block5,block5,1-36,0.19486570742040865,-0.09696606417410727
similarity tuning (MTL concept cells),DINOv2 (S/14 → B/14),½ depth,cls,block5,block5,1-38,0.06742088514006545,0.17446987493672603
similarity tuning (MTL concept cells),DINOv2 (S/14 → B/14),½ depth,cls,block5,block5,2-0,-0.039763565240555174,0.054323068858235936
similarity tuning (MTL concept cells),DINOv2 (S/14 → B/14),½ depth,cls,block5,block5,3-39,0.022379480606931602,0.10901462248190072
similarity tuning (MTL concept cells),DINOv2 (S/14 → B/14),½ depth,cls,block5,block5,4-8,0.18791073314247372,0.1252568909121071
similarity tuning (MTL concept cells),DINOv2 (S/14 → B/14),½ depth,cls,block5,block5,4-13,-0.1288101395095879,-0.2463674902590205
similarity tuning (MTL concept cells),DINOv2 (S/14 → B/14),½ depth,cls,block5,block5,4-15,0.20534978046281915,0.2128971700259568
similarity tuning (MTL concept cells),DINOv2 (S/14 → B/14),½ depth,cls,block5,block5,4-25,0.17740718108086928,-0.09608505944936602
similarity tuning (MTL concept cells),DINOv2 (S/14 → B/14),½ depth,cls,block5,block5,4-33,0.06976248469766047,0.0335202690201909
similarity tuning (MTL concept cells),DINOv2 (S/14 → B/14),½ depth,cls,block5,block5,4-39,0.26507418000011385,0.3055733373291215
similarity tuning (MTL concept cells),DINOv2 (S/14 → B/14),½ depth,cls,block5,block5,4-40,0.10838267246033777,0.2647919577815166
similarity tuning (MTL concept cells),DINOv2 (S/14 → B/14),½ depth,cls,block5,block5,4-41,0.5247176397965136,0.5303994083587263
similarity tuning (MTL concept cells),DINOv2 (S/14 → B/14),½ depth,cls,block5,block5,4-43,0.15178890428263156,0.2710190885966386
similarity tuning (MTL concept cells),DINOv2 (S/14 → B/14),½ depth,cls,block5,block5,4-44,0.26235580025298216,0.2412464233339232
similarity tuning (MTL concept cells),DINOv2 (S/14 → B/14),½ depth,cls,block5,block5,4-45,0.20824453643479482,0.18862104072853825
similarity tuning (MTL concept cells),DINOv2 (S/14 → B/14),½ depth,cls,block5,block5,4-46,0.09483519840474085,0.02257737400684448
similarity tuning (MTL concept cells),DINOv2 (S/14 → B/14),½ depth,cls,block5,block5,5-5,0.10687992651286607,0.17562630663589965
similarity tuning (MTL concept cells),DINOv2 (S/14 → B/14),½ depth,cls,block5,block5,5-6,-0.014782859871962935,-0.08136977981517207
similarity tuning (MTL concept cells),DINOv2 (S/14 → B/14),½ depth,cls,block5,block5,7-17,0.07104455539294209,0.09583319159618071
similarity tuning (MTL concept cells),DINOv2 (S/14 → B/14),½ depth,cls,block5,block5,7-20,-0.09762232358109713,0.018829471352976513
similarity tuning (MTL concept cells),DINOv2 (S/14 → B/14),½ depth,cls,block5,block5,7-21,-0.26957262180487307,-0.11196074029581805
similarity tuning (MTL concept cells),DINOv2 (S/14 → B/14),½ depth,cls,block5,block5,7-23,0.26801509499951603,0.20739943613958897
similarity tuning (MTL concept cells),DINOv2 (S/14 → B/14),½ depth,cls,block5,block5,7-24,-0.02276062429175276,-0.06856842749763646
similarity tuning (MTL concept cells),DINOv2 (S/14 → B/14),½ depth,cls,block5,block5,7-25,-0.1960687351204868,-0.060204014673867656
similarity tuning (MTL concept cells),DINOv2 (S/14 → B/14),½ depth,cls,block5,block5,7-26,0.42748440687802003,0.10745730598465834
similarity tuning (MTL concept cells),DINOv2 (S/14 → B/14),½ depth,cls,block5,block5,7-30,0.31310291521345557,0.34018012311501866
similarity tuning (MTL concept cells),DINOv2 (S/14 → B/14),½ depth,cls,block5,block5,8-34,0.1488566490419231,-0.023239739784688077
similarity tuning (MTL concept cells),DINOv2 (S/14 → B/14),½ depth,cls,block5,block5,8-37,0.17880736819511464,0.022325597071268563
similarity tuning (MTL concept cells),DINOv2 (S/14 → B/14),½ depth,cls,block5,block5,8-38,0.16866138223023444,0.06104719298284583
similarity tuning (MTL concept cells),DINOv2 (S/14 → B/14),½ depth,cls,block5,block5,8-42,-0.013402781260802764,-0.03722097687487997
similarity tuning (MTL concept cells),DINOv2 (S/14 → B/14),½ depth,cls,block5,block5,8-45,-0.05014625417598286,-0.10594051767186725
similarity tuning (MTL concept cells),DINOv2 (S/14 → B/14),½ depth,cls,block5,block5,10-64,-0.09380283020080513,-0.16760657214451222
similarity tuning (MTL concept cells),DINOv2 (S/14 → B/14),½ depth,cls,block5,block5,10-67,0.010151530391378623,-0.14998313698540597
similarity tuning (MTL concept cells),DINOv2 (S/14 → B/14),½ depth,cls,block5,block5,10-70,-0.004431025627598792,-0.07868272097100283
similarity tuning (MTL concept cells),DINOv2 (S/14 → B/14),½ depth,cls,block5,block5,10-71,0.04068871559674583,0.11734898013395016
similarity tuning (MTL concept cells),DINOv2 (S/14 → B/14),½ depth,cls,block5,block5,11-6,-0.05923996375139,0.026326024566281924
similarity tuning (MTL concept cells),DINOv2 (S/14 → B/14),½ depth,cls,block5,block5,11-11,0.3945690805924203,0.38351992711889754
similarity tuning (MTL concept cells),DINOv2 (S/14 → B/14),½ depth,cls,block5,block5,11-12,0.2543503536154215,0.0690931535317787
similarity tuning (MTL concept cells),DINOv2 (S/14 → B/14),½ depth,cls,block5,block5,11-13,-0.029302922227833348,-0.06332455346210604
similarity tuning (MTL concept cells),DINOv2 (S/14 → B/14),½ depth,cls,block5,block5,11-17,-0.42816054676792675,-0.2712521052409054
similarity tuning (MTL concept cells),DINOv2 (S/14 → B/14),½ depth,cls,block5,block5,11-18,0.20501934161344204,0.05921970306390645
similarity tuning (MTL concept cells),DINOv2 (S/14 → B/14),½ depth,cls,block5,block5,11-25,-0.01865463315298289,-0.04165695858552277
similarity tuning (MTL concept cells),DINOv2 (S/14 → B/14),½ depth,cls,block5,block5,11-28,0.07812205225913237,0.08204599095707966
similarity tuning (MTL concept cells),DINOv2 (S/14 → B/14),½ depth,cls,block5,block5,11-31,-0.006451046135155287,-0.04694219737083354
similarity tuning (MTL concept cells),DINOv2 (S/14 → B/14),½ depth,cls,block5,block5,11-34,-0.07439932671020855,-0.1002268103711573
similarity tuning (MTL concept cells),DINOv2 (S/14 → B/14),½ depth,cls,block5,block5,11-65,0.02281653280017838,0.016312042380528417
similarity tuning (MTL concept cells),DINOv2 (S/14 → B/14),½ depth,cls,block5,block5,11-68,0.06982785435927344,0.0891160565978967
similarity tuning (MTL concept cells),DINOv2 (S/14 → B/14),½ depth,cls,block5,block5,12-14,0.10054243941897165,0.034563863818592236
similarity tuning (MTL concept cells),DINOv2 (S/14 → B/14),½ depth,cls,block5,block5,12-15,-0.049677125186533014,0.21856903366078959
similarity tuning (MTL concept cells),DINOv2 (S/14 → B/14),½ depth,cls,block5,block5,13-17,-0.07397981995530716,-0.1241741062529755
similarity tuning (MTL concept cells),DINOv2 (S/14 → B/14),½ depth,cls,block5,block5,13-18,-0.010214774914319632,-0.06782106109779135
similarity tuning (MTL concept cells),DINOv2 (S/14 → B/14),½ depth,cls,block5,block5,13-19,0.38639636307870423,0.3690496111526191
similarity tuning (MTL concept cells),DINOv2 (S/14 → B/14),½ depth,cls,block5,block5,13-20,0.1265453267372999,0.25077082576849696
similarity tuning (MTL concept cells),DINOv2 (S/14 → B/14),½ depth,cls,block5,block5,13-25,-0.04263703812315207,-0.03697928411039668
similarity tuning (MTL concept cells),DINOv2 (S/14 → B/14),½ depth,cls,block5,block5,13-26,0.03097496880408649,0.09858208744691244
similarity tuning (MTL concept cells),DINOv2 (S/14 → B/14),½ depth,cls,block5,block5,13-28,-0.14448527802806616,-0.04117588212728548
similarity tuning (MTL concept cells),DINOv2 (S/14 → B/14),½ depth,cls,block5,block5,13-30,-0.13686055673713815,-0.08452256193150408
similarity tuning (MTL concept cells),DINOv2 (S/14 → B/14),½ depth,cls,block5,block5,13-31,0.07850796627407707,0.13124478402050307
similarity tuning (MTL concept cells),DINOv2 (S/14 → B/14),½ depth,cls,block5,block5,13-32,0.24996149826535619,0.23733820227968544
similarity tuning (MTL concept cells),DINOv2 (S/14 → B/14),½ depth,cls,block5,block5,13-33,0.14247004942311034,0.18550945732480253
similarity tuning (MTL concept cells),DINOv2 (S/14 → B/14),½ depth,cls,block5,block5,13-35,-0.019437804575124406,0.10833235571894885
similarity tuning (MTL concept cells),DINOv2 (S/14 → B/14),½ depth,cls,block5,block5,13-37,0.16131305440589364,0.18974807346796957
similarity tuning (MTL concept cells),DINOv2 (S/14 → B/14),½ depth,cls,block5,block5,13-46,0.07466629065354637,0.09586564115457023
similarity tuning (MTL concept cells),DINOv2 (S/14 → B/14),½ depth,cls,block5,block5,13-75,0.5437275646987504,0.455617495479495
similarity tuning (MTL concept cells),DINOv2 (S/14 → B/14),½ depth,cls,block5,block5,13-77,0.2571756113170838,0.6125111988636168
similarity tuning (MTL concept cells),DINOv2 (S/14 → B/14),½ depth,cls,block5,block5,13-78,0.3865975373494512,0.2591391864156001
similarity tuning (MTL concept cells),DINOv2 (S/14 → B/14),½ depth,cls,block5,block5,13-80,0.22384610217384085,0.05857204960640242
similarity tuning (MTL concept cells),DINOv2 (S/14 → B/14),½ depth,cls,block5,block5,13-82,0.3944862136423263,0.3404532495914454
similarity tuning (MTL concept cells),DINOv2 (S/14 → B/14),½ depth,cls,block5,block5,13-83,0.43620154866267896,0.4597125853410313
similarity tuning (MTL concept cells),DINOv2 (S/14 → B/14),½ depth,cls,block5,block5,13-84,0.3361024812433518,0.36380295694624665
similarity tuning (MTL concept cells),DINOv2 (S/14 → B/14),½ depth,cls,block5,block5,13-85,0.6815446153972412,0.6199755034120523
similarity tuning (MTL concept cells),DINOv2 (S/14 → B/14),½ depth,cls,block5,block5,13-86,0.5994839236826996,0.5426617596129392
similarity tuning (MTL concept cells),DINOv2 (S/14 → B/14),½ depth,cls,block5,block5,13-88,0.4758810741782095,0.1522839708115137
similarity tuning (MTL concept cells),DINOv2 (S/14 → B/14),½ depth,cls,block5,block5,13-89,0.4419279699259729,0.4038917150036817
similarity tuning (MTL concept cells),DINOv2 (S/14 → B/14),½ depth,cls,block5,block5,13-90,0.5945218632014891,0.6848554847274791
similarity tuning (MTL concept cells),DINOv2 (S/14 → B/14),½ depth,cls,block5,block5,13-92,0.5799154425152805,0.6440024520400993
similarity tuning (MTL concept cells),DINOv2 (S/14 → B/14),½ depth,cls,block5,block5,13-93,0.4041548161706838,0.35702076519857046
similarity tuning (MTL concept cells),DINOv2 (S/14 → B/14),½ depth,cls,block5,block5,13-94,0.6246431839418338,0.6134915445807267
similarity tuning (MTL concept cells),DINOv2 (S/14 → B/14),½ depth,cls,block5,block5,13-95,-0.001126156134598347,-0.003673414058094608
similarity tuning (MTL concept cells),DINOv2 (S/14 → B/14),½ depth,cls,block5,block5,13-97,0.4257910749791707,0.4806381394018465
similarity tuning (MTL concept cells),DINOv2 (S/14 → B/14),½ depth,cls,block5,block5,13-98,0.10151763388779919,0.07467499908247655
similarity tuning (MTL concept cells),DINOv2 (S/14 → B/14),½ depth,cls,block5,block5,14-14,0.14278532938175742,0.07390320370368748
similarity tuning (MTL concept cells),DINOv2 (S/14 → B/14),½ depth,cls,block5,block5,14-15,-0.2255013778614687,-0.05074606037882201
similarity tuning (MTL concept cells),DINOv2 (S/14 → B/14),½ depth,cls,block5,block5,14-16,-0.010680057732422588,-0.05828260076836327
similarity tuning (MTL concept cells),DINOv2 (S/14 → B/14),½ depth,cls,block5,block5,14-17,0.0583924304963282,0.0437246572827169
similarity tuning (MTL concept cells),DINOv2 (S/14 → B/14),½ depth,cls,block5,block5,14-18,-0.23900691932072715,-0.12937998739809392
similarity tuning (MTL concept cells),DINOv2 (S/14 → B/14),½ depth,cls,block5,block5,14-19,-0.11056649804951672,-0.14797563905818148
similarity tuning (MTL concept cells),DINOv2 (S/14 → B/14),½ depth,cls,block5,block5,14-45,0.12262138917892064,0.18536207081419928
similarity tuning (MTL concept cells),DINOv2 (S/14 → B/14),½ depth,cls,block5,block5,14-46,0.03804876767498221,-0.027827142873407845
similarity tuning (MTL concept cells),DINOv2 (S/14 → B/14),½ depth,cls,block5,block5,14-47,0.021242627954179354,-0.04140333324236945
similarity tuning (MTL concept cells),DINOv2 (S/14 → B/14),½ depth,cls,block5,block5,14-48,0.29008813432637015,0.5895754064310357
similarity tuning (MTL concept cells),DINOv2 (S/14 → B/14),½ depth,cls,block5,block5,14-49,0.20424849811911364,0.26503644145514416
similarity tuning (MTL concept cells),DINOv2 (S/14 → B/14),½ depth,cls,block5,block5,14-50,0.4079390848174308,0.4339218220660255
similarity tuning (MTL concept cells),DINOv2 (S/14 → B/14),½ depth,cls,block5,block5,14-51,0.18953699172882774,0.1543394273702395
similarity tuning (MTL concept cells),DINOv2 (S/14 → B/14),½ depth,cls,block5,block5,14-52,-0.14869292530796807,-0.01761107506237329
similarity tuning (MTL concept cells),DINOv2 (S/14 → B/14),½ depth,cls,block5,block5,14-53,0.4823590586645985,0.462557825045213
similarity tuning (MTL concept cells),DINOv2 (S/14 → B/14),½ depth,cls,block5,block5,14-55,0.45674092380484366,0.4619893552380894
similarity tuning (MTL concept cells),DINOv2 (S/14 → B/14),½ depth,cls,block5,block5,14-56,0.40007279248545297,0.2525170414264681
similarity tuning (MTL concept cells),DINOv2 (S/14 → B/14),½ depth,cls,block5,block5,14-59,0.3330310740791961,0.44404983879685006
similarity tuning (MTL concept cells),DINOv2 (S/14 → B/14),½ depth,cls,block5,block5,14-60,0.5109180731746592,0.4152224682527362
similarity tuning (MTL concept cells),DINOv2 (S/14 → B/14),½ depth,cls,block5,block5,14-61,0.263291404195505,0.17451591632555088
similarity tuning (MTL concept cells),DINOv2 (S/14 → B/14),½ depth,cls,block5,block5,14-62,0.16217169933868447,0.24565099357893186
similarity tuning (MTL concept cells),DINOv2 (S/14 → B/14),½ depth,cls,block5,block5,14-63,-0.06136735397231548,-0.08440872268301494
similarity tuning (MTL concept cells),DINOv2 (S/14 → B/14),½ depth,cls,block5,block5,14-68,0.0190135410776431,0.1306202496608868
similarity tuning (MTL concept cells),DINOv2 (S/14 → B/14),½ depth,cls,block5,block5,14-69,0.03905553764753171,0.08822164378871107
similarity tuning (MTL concept cells),DINOv2 (S/14 → B/14),½ depth,cls,block5,block5,15-2,0.2466195974530898,0.12511815696856068
similarity tuning (MTL concept cells),DINOv2 (S/14 → B/14),½ depth,cls,block5,block5,15-8,-0.03179149341847024,-0.028533438048122615
similarity tuning (MTL concept cells),DINOv2 (S/14 → B/14),½ depth,cls,block5,block5,16-7,0.10782192924202864,0.18942361983242295
similarity tuning (MTL concept cells),DINOv2 (S/14 → B/14),½ depth,cls,block5,block5,16-9,0.14635435809856476,0.17190380891941184
similarity tuning (MTL concept cells),DINOv2 (S/14 → B/14),½ depth,cls,block5,block5,16-13,0.07282374878670787,0.23890473351968813
similarity tuning (MTL concept cells),DINOv2 (S/14 → B/14),½ depth,cls,block5,block5,16-20,0.08738284498503969,0.14013694304793373
similarity tuning (MTL concept cells),DINOv2 (S/14 → B/14),½ depth,cls,block5,block5,16-21,0.3051448969861014,0.2878961716732784
similarity tuning (MTL concept cells),DINOv2 (S/14 → B/14),½ depth,cls,block5,block5,16-24,0.49505514036513343,0.5679630408380545
similarity tuning (MTL concept cells),DINOv2 (S/14 → B/14),½ depth,cls,block5,block5,16-30,0.10994774024987813,0.1913556803158905
similarity tuning (MTL concept cells),DINOv2 (S/14 → B/14),½ depth,cls,block5,block5,18-5,0.09246332868034478,0.09170687930472156
similarity tuning (MTL concept cells),DINOv2 (S/14 → B/14),½ depth,cls,block5,block5,18-13,-0.016843914416873086,-0.1362755345843643
similarity tuning (MTL concept cells),DINOv2 (S/14 → B/14),½ depth,cls,block5,block5,18-14,0.08838999669506918,0.22941244973156683
similarity tuning (MTL concept cells),DINOv2 (S/14 → B/14),½ depth,cls,block5,block5,18-16,-0.002921236748997767,-0.13304439649821406
similarity tuning (MTL concept cells),DINOv2 (S/14 → B/14),½ depth,cls,block5,block5,18-17,0.14754521823010672,0.15971572960124863
similarity tuning (MTL concept cells),DINOv2 (S/14 → B/14),½ depth,cls,block5,block5,18-18,-0.11434754127904857,-0.026921815677169437
similarity tuning (MTL concept cells),DINOv2 (S/14 → B/14),½ depth,cls,block5,block5,18-19,-0.11810510283255046,-0.05903995219472279
similarity tuning (MTL concept cells),DINOv2 (S/14 → B/14),½ depth,cls,block5,block5,18-20,0.006704724119058006,-0.1347110087369356
similarity tuning (MTL concept cells),DINOv2 (S/14 → B/14),½ depth,cls,block5,block5,18-22,-0.0860208174807919,-0.13643349650724823
similarity tuning (MTL concept cells),DINOv2 (S/14 → B/14),½ depth,cls,block5,block5,18-23,0.020590927353209696,0.3759769827436444
similarity tuning (MTL concept cells),DINOv2 (S/14 → B/14),½ depth,cls,block5,block5,18-24,-0.06505614848452837,-0.1534730187938125
similarity tuning (MTL concept cells),DINOv2 (S/14 → B/14),½ depth,cls,block5,block5,18-28,0.006420054466636953,-0.07867763959910465
similarity tuning (MTL concept cells),DINOv2 (S/14 → B/14),½ depth,cls,block5,block5,18-29,-0.017121712969431675,0.05825927997120778
similarity tuning (MTL concept cells),DINOv2 (S/14 → B/14),½ depth,cls,block5,block5,18-30,0.004494444791936951,-0.10344927783955452
similarity tuning (MTL concept cells),DINOv2 (S/14 → B/14),½ depth,cls,block5,block5,18-37,0.09381021489223802,0.08231548204231001
similarity tuning (MTL concept cells),DINOv2 (S/14 → B/14),½ depth,cls,block5,block5,21-0,0.09544291588579809,0.015992036066243647
similarity tuning (MTL concept cells),DINOv2 (S/14 → B/14),½ depth,cls,block5,block5,21-2,0.2336735286155457,0.1537305513398206
similarity tuning (MTL concept cells),DINOv2 (S/14 → B/14),½ depth,cls,block5,block5,21-4,-0.15879743476181213,-0.1763265296758725
similarity tuning (MTL concept cells),DINOv2 (S/14 → B/14),½ depth,cls,block5,block5,21-14,0.061942667025329086,0.05820844514355772
RSA (MTL),DINOv2 (S/14 → B/14),½ depth,gap,block5,block5,1,0.03312332639657246,0.029967957850639763
RSA (MTL),DINOv2 (S/14 → B/14),½ depth,gap,block5,block5,2,0.010270065475877959,0.003312153182897922
RSA (MTL),DINOv2 (S/14 → B/14),½ depth,gap,block5,block5,3,0.006171414854101849,0.0064141534794622986
RSA (MTL),DINOv2 (S/14 → B/14),½ depth,gap,block5,block5,4,0.013191607019363831,0.02207896138649852
RSA (MTL),DINOv2 (S/14 → B/14),½ depth,gap,block5,block5,5,0.0051034924875727646,0.0035677969078898018
RSA (MTL),DINOv2 (S/14 → B/14),½ depth,gap,block5,block5,7,0.008956442992492323,0.03078321137770911
RSA (MTL),DINOv2 (S/14 → B/14),½ depth,gap,block5,block5,8,0.02872135009270036,0.034881806527216036
RSA (MTL),DINOv2 (S/14 → B/14),½ depth,gap,block5,block5,9,-0.03044806171189643,-0.030422950671712135
RSA (MTL),DINOv2 (S/14 → B/14),½ depth,gap,block5,block5,10,-0.003039137270360752,-0.0014859406293376506
RSA (MTL),DINOv2 (S/14 → B/14),½ depth,gap,block5,block5,11,0.05690445286540186,0.05402195524898714
RSA (MTL),DINOv2 (S/14 → B/14),½ depth,gap,block5,block5,12,0.010305486438391484,0.01611681985508039
RSA (MTL),DINOv2 (S/14 → B/14),½ depth,gap,block5,block5,13,0.20716031599802945,0.2228799532610831
RSA (MTL),DINOv2 (S/14 → B/14),½ depth,gap,block5,block5,14,0.11065512555439254,0.1194424223072085
RSA (MTL),DINOv2 (S/14 → B/14),½ depth,gap,block5,block5,15,0.009517031728754066,0.00783809614794423
RSA (MTL),DINOv2 (S/14 → B/14),½ depth,gap,block5,block5,16,0.0577068042810638,0.06074288137637984
RSA (MTL),DINOv2 (S/14 → B/14),½ depth,gap,block5,block5,17,0.00040274897350999953,-0.0011681519559726139
RSA (MTL),DINOv2 (S/14 → B/14),½ depth,gap,block5,block5,18,0.015636486279696292,0.03195158491183757
RSA (MTL),DINOv2 (S/14 → B/14),½ depth,gap,block5,block5,20,-0.009214369504403097,0.0016744829689094283
RSA (MTL),DINOv2 (S/14 → B/14),½ depth,gap,block5,block5,21,0.0018218131243887038,0.004175193601302678
similarity tuning (MTL concept cells),DINOv2 (S/14 → B/14),½ depth,gap,block5,block5,1-34,-0.18273295417138222,-0.13197520106706423
similarity tuning (MTL concept cells),DINOv2 (S/14 → B/14),½ depth,gap,block5,block5,1-36,0.28219319847078217,0.2103328417786516
similarity tuning (MTL concept cells),DINOv2 (S/14 → B/14),½ depth,gap,block5,block5,1-38,0.0408166949047508,0.12245008471425241
similarity tuning (MTL concept cells),DINOv2 (S/14 → B/14),½ depth,gap,block5,block5,2-0,-0.10831349527880958,-0.04767022010498989
similarity tuning (MTL concept cells),DINOv2 (S/14 → B/14),½ depth,gap,block5,block5,3-39,-0.042255493891731874,-0.1260837178600689
similarity tuning (MTL concept cells),DINOv2 (S/14 → B/14),½ depth,gap,block5,block5,4-8,0.1735361588812708,0.18826628798285683
similarity tuning (MTL concept cells),DINOv2 (S/14 → B/14),½ depth,gap,block5,block5,4-13,-0.17506595967266414,-0.3043587244338163
similarity tuning (MTL concept cells),DINOv2 (S/14 → B/14),½ depth,gap,block5,block5,4-15,0.08866916396156017,0.11528764191745842
similarity tuning (MTL concept cells),DINOv2 (S/14 → B/14),½ depth,gap,block5,block5,4-25,0.17234344302388904,0.23000959432949966
similarity tuning (MTL concept cells),DINOv2 (S/14 → B/14),½ depth,gap,block5,block5,4-33,0.15724282587742183,0.10285429915142788
similarity tuning (MTL concept cells),DINOv2 (S/14 → B/14),½ depth,gap,block5,block5,4-39,0.23481288071671327,0.27379074990239777
similarity tuning (MTL concept cells),DINOv2 (S/14 → B/14),½ depth,gap,block5,block5,4-40,-0.05833068847199677,0.06364728768168398
similarity tuning (MTL concept cells),DINOv2 (S/14 → B/14),½ depth,gap,block5,block5,4-41,0.481485694114256,0.5499951968221795
similarity tuning (MTL concept cells),DINOv2 (S/14 → B/14),½ depth,gap,block5,block5,4-43,0.20660999687937534,0.3161762876207216
similarity tuning (MTL concept cells),DINOv2 (S/14 → B/14),½ depth,gap,block5,block5,4-44,0.20789461540930024,0.3325608521305685
similarity tuning (MTL concept cells),DINOv2 (S/14 → B/14),½ depth,gap,block5,block5,4-45,0.14196945026953092,0.12498858531838355
similarity tuning (MTL concept cells),DINOv2 (S/14 → B/14),½ depth,gap,block5,block5,4-46,0.040373356236475005,0.061570007484124015
similarity tuning (MTL concept cells),DINOv2 (S/14 → B/14),½ depth,gap,block5,block5,5-5,0.024858731432154207,-0.02407637541753819
similarity tuning (MTL concept cells),DINOv2 (S/14 → B/14),½ depth,gap,block5,block5,5-6,-0.06289761002715599,-0.02851529122616074
similarity tuning (MTL concept cells),DINOv2 (S/14 → B/14),½ depth,gap,block5,block5,7-17,0.03851959645307179,0.11081978537918447
similarity tuning (MTL concept cells),DINOv2 (S/14 → B/14),½ depth,gap,block5,block5,7-20,-0.03927520634140166,-0.004363911815711295
similarity tuning (MTL concept cells),DINOv2 (S/14 → B/14),½ depth,gap,block5,block5,7-21,-0.19435153109237882,-0.27038275740759243
similarity tuning (MTL concept cells),DINOv2 (S/14 → B/14),½ depth,gap,block5,block5,7-23,0.0606972961109169,0.19454156910869533
similarity tuning (MTL concept cells),DINOv2 (S/14 → B/14),½ depth,gap,block5,block5,7-24,-0.06287827142469828,0.08829976006710558
similarity tuning (MTL concept cells),DINOv2 (S/14 → B/14),½ depth,gap,block5,block5,7-25,-0.11837959219565083,-0.11639172378660803
similarity tuning (MTL concept cells),DINOv2 (S/14 → B/14),½ depth,gap,block5,block5,7-26,0.19902645498964372,0.30296653538338203
similarity tuning (MTL concept cells),DINOv2 (S/14 → B/14),½ depth,gap,block5,block5,7-30,0.2189581670251591,0.25237087662649194
similarity tuning (MTL concept cells),DINOv2 (S/14 → B/14),½ depth,gap,block5,block5,8-34,0.05332908708486317,0.02295433947154278
similarity tuning (MTL concept cells),DINOv2 (S/14 → B/14),½ depth,gap,block5,block5,8-37,0.300483898149778,0.3022261861244868
similarity tuning (MTL concept cells),DINOv2 (S/14 → B/14),½ depth,gap,block5,block5,8-38,0.10078546011318888,0.07005617900929005
similarity tuning (MTL concept cells),DINOv2 (S/14 → B/14),½ depth,gap,block5,block5,8-42,0.18776004712046282,0.17306543152126944
similarity tuning (MTL concept cells),DINOv2 (S/14 → B/14),½ depth,gap,block5,block5,8-45,0.11497733258370971,0.04123046803528116
similarity tuning (MTL concept cells),DINOv2 (S/14 → B/14),½ depth,gap,block5,block5,10-64,-0.058398352892871375,-0.06575842344434148
similarity tuning (MTL concept cells),DINOv2 (S/14 → B/14),½ depth,gap,block5,block5,10-67,0.025925838267706305,-0.022338455347444688
similarity tuning (MTL concept cells),DINOv2 (S/14 → B/14),½ depth,gap,block5,block5,10-70,-0.06628609435968598,-0.03373214307252953
similarity tuning (MTL concept cells),DINOv2 (S/14 → B/14),½ depth,gap,block5,block5,10-71,0.049896019498055326,0.03909950971788967
similarity tuning (MTL concept cells),DINOv2 (S/14 → B/14),½ depth,gap,block5,block5,11-6,-0.05508727048971748,-0.08282316005224626
similarity tuning (MTL concept cells),DINOv2 (S/14 → B/14),½ depth,gap,block5,block5,11-11,0.49805011795134396,0.4814636875646535
similarity tuning (MTL concept cells),DINOv2 (S/14 → B/14),½ depth,gap,block5,block5,11-12,0.15504752247373726,0.17309766973976312
similarity tuning (MTL concept cells),DINOv2 (S/14 → B/14),½ depth,gap,block5,block5,11-13,-0.002033476809404805,0.023802106756238294
similarity tuning (MTL concept cells),DINOv2 (S/14 → B/14),½ depth,gap,block5,block5,11-17,-0.4051902880196326,-0.3574476839251119
similarity tuning (MTL concept cells),DINOv2 (S/14 → B/14),½ depth,gap,block5,block5,11-18,0.2353587993433079,0.24776210470782217
similarity tuning (MTL concept cells),DINOv2 (S/14 → B/14),½ depth,gap,block5,block5,11-25,0.003816869384959914,-0.013750840698133732
similarity tuning (MTL concept cells),DINOv2 (S/14 → B/14),½ depth,gap,block5,block5,11-28,0.0864285718405013,0.07144626044833893
similarity tuning (MTL concept cells),DINOv2 (S/14 → B/14),½ depth,gap,block5,block5,11-31,0.20100235843252623,0.1121156120801494
similarity tuning (MTL concept cells),DINOv2 (S/14 → B/14),½ depth,gap,block5,block5,11-34,-0.037275477886398636,-0.06027255237902425
similarity tuning (MTL concept cells),DINOv2 (S/14 → B/14),½ depth,gap,block5,block5,11-65,0.023680410434038138,0.015524389243773928
similarity tuning (MTL concept cells),DINOv2 (S/14 → B/14),½ depth,gap,block5,block5,11-68,0.0814362599115592,0.09920371033110573
similarity tuning (MTL concept cells),DINOv2 (S/14 → B/14),½ depth,gap,block5,block5,12-14,0.15269546949191415,0.08978923734207628
similarity tuning (MTL concept cells),DINOv2 (S/14 → B/14),½ depth,gap,block5,block5,12-15,0.2680914014479876,0.3887763800293936
similarity tuning (MTL concept cells),DINOv2 (S/14 → B/14),½ depth,gap,block5,block5,13-17,0.08081532326519063,0.06800190746658988
similarity tuning (MTL concept cells),DINOv2 (S/14 → B/14),½ depth,gap,block5,block5,13-18,0.05230973622789856,0.03826126801240218
similarity tuning (MTL concept cells),DINOv2 (S/14 → B/14),½ depth,gap,block5,block5,13-19,0.3788388600465794,0.4008773504322052
similarity tuning (MTL concept cells),DINOv2 (S/14 → B/14),½ depth,gap,block5,block5,13-20,0.061411702681336715,0.04711034726239528
similarity tuning (MTL concept cells),DINOv2 (S/14 → B/14),½ depth,gap,block5,block5,13-25,0.022809413700072383,0.009276677750643964
similarity tuning (MTL concept cells),DINOv2 (S/14 → B/14),½ depth,gap,block5,block5,13-26,0.03503393277513795,0.012836473558450256
similarity tuning (MTL concept cells),DINOv2 (S/14 → B/14),½ depth,gap,block5,block5,13-28,-0.12365512589308642,-0.1857886396665816
similarity tuning (MTL concept cells),DINOv2 (S/14 → B/14),½ depth,gap,block5,block5,13-30,-0.1364290601747251,-0.20034131571332187
similarity tuning (MTL concept cells),DINOv2 (S/14 → B/14),½ depth,gap,block5,block5,13-31,0.081049499659447,0.060818893911902365
similarity tuning (MTL concept cells),DINOv2 (S/14 → B/14),½ depth,gap,block5,block5,13-32,0.09954442826375637,0.1535539211082595
similarity tuning (MTL concept cells),DINOv2 (S/14 → B/14),½ depth,gap,block5,block5,13-33,0.09980995475204411,0.11060773805052977
similarity tuning (MTL concept cells),DINOv2 (S/14 → B/14),½ depth,gap,block5,block5,13-35,0.2521368139504788,0.2127569815946496
similarity tuning (MTL concept cells),DINOv2 (S/14 → B/14),½ depth,gap,block5,block5,13-37,0.18511249203617394,0.17669593357062324
similarity tuning (MTL concept cells),DINOv2 (S/14 → B/14),½ depth,gap,block5,block5,13-46,-0.02960817292197955,0.02444130613319954
similarity tuning (MTL concept cells),DINOv2 (S/14 → B/14),½ depth,gap,block5,block5,13-75,0.5055557732011319,0.5569806091395076
similarity tuning (MTL concept cells),DINOv2 (S/14 → B/14),½ depth,gap,block5,block5,13-77,0.23513558586140818,0.4250828223885511
similarity tuning (MTL concept cells),DINOv2 (S/14 → B/14),½ depth,gap,block5,block5,13-78,0.3872549301533155,0.39448625099582324
similarity tuning (MTL concept cells),DINOv2 (S/14 → B/14),½ depth,gap,block5,block5,13-80,0.25137065685690146,0.2872083367112731
similarity tuning (MTL concept cells),DINOv2 (S/14 → B/14),½ depth,gap,block5,block5,13-82,0.3926884908458818,0.4128685622369559
similarity tuning (MTL concept cells),DINOv2 (S/14 → B/14),½ depth,gap,block5,block5,13-83,0.38721392240038854,0.48478598458536215
similarity tuning (MTL concept cells),DINOv2 (S/14 → B/14),½ depth,gap,block5,block5,13-84,0.3079715593915088,0.3974537176493063
similarity tuning (MTL concept cells),DINOv2 (S/14 → B/14),½ depth,gap,block5,block5,13-85,0.5961341690125482,0.657804090022682
similarity tuning (MTL concept cells),DINOv2 (S/14 → B/14),½ depth,gap,block5,block5,13-86,0.5525778832716496,0.5939076811163511
similarity tuning (MTL concept cells),DINOv2 (S/14 → B/14),½ depth,gap,block5,block5,13-88,0.36958635578315124,0.4314121276267608
similarity tuning (MTL concept cells),DINOv2 (S/14 → B/14),½ depth,gap,block5,block5,13-89,0.39702263392607123,0.4372118844100015
similarity tuning (MTL concept cells),DINOv2 (S/14 → B/14),½ depth,gap,block5,block5,13-90,0.5896280562827396,0.6105150260184335
similarity tuning (MTL concept cells),DINOv2 (S/14 → B/14),½ depth,gap,block5,block5,13-92,0.2363918940217796,0.4788211531505484
similarity tuning (MTL concept cells),DINOv2 (S/14 → B/14),½ depth,gap,block5,block5,13-93,0.5095909215762618,0.5368002391002821
similarity tuning (MTL concept cells),DINOv2 (S/14 → B/14),½ depth,gap,block5,block5,13-94,0.5184503104782594,0.6214894397786248
similarity tuning (MTL concept cells),DINOv2 (S/14 → B/14),½ depth,gap,block5,block5,13-95,0.04542163076213333,0.0752111418463896
similarity tuning (MTL concept cells),DINOv2 (S/14 → B/14),½ depth,gap,block5,block5,13-97,0.41864150370712216,0.4465071472162016
similarity tuning (MTL concept cells),DINOv2 (S/14 → B/14),½ depth,gap,block5,block5,13-98,0.337576406325209,0.32054747916957665
similarity tuning (MTL concept cells),DINOv2 (S/14 → B/14),½ depth,gap,block5,block5,14-14,0.16993447488710658,0.23581404636895298
similarity tuning (MTL concept cells),DINOv2 (S/14 → B/14),½ depth,gap,block5,block5,14-15,-0.15492906777986531,-0.1095393949647909
similarity tuning (MTL concept cells),DINOv2 (S/14 → B/14),½ depth,gap,block5,block5,14-16,0.044932528602835024,0.04572081857832337
similarity tuning (MTL concept cells),DINOv2 (S/14 → B/14),½ depth,gap,block5,block5,14-17,-0.060013738761736,-0.016593076778783064
similarity tuning (MTL concept cells),DINOv2 (S/14 → B/14),½ depth,gap,block5,block5,14-18,-0.05718787416424924,-0.05698579687038263
similarity tuning (MTL concept cells),DINOv2 (S/14 → B/14),½ depth,gap,block5,block5,14-19,-0.05238301848890901,-0.1607775377230319
similarity tuning (MTL concept cells),DINOv2 (S/14 → B/14),½ depth,gap,block5,block5,14-45,0.1356189500060907,0.21041237959898082
similarity tuning (MTL concept cells),DINOv2 (S/14 → B/14),½ depth,gap,block5,block5,14-46,0.09240001343292865,0.07134867850164092
similarity tuning (MTL concept cells),DINOv2 (S/14 → B/14),½ depth,gap,block5,block5,14-47,0.1515483383116174,0.13597920726445492
similarity tuning (MTL concept cells),DINOv2 (S/14 → B/14),½ depth,gap,block5,block5,14-48,0.21381148538561942,0.4060780302874788
similarity tuning (MTL concept cells),DINOv2 (S/14 → B/14),½ depth,gap,block5,block5,14-49,0.18349840381569058,0.16753873225546356
similarity tuning (MTL concept cells),DINOv2 (S/14 → B/14),½ depth,gap,block5,block5,14-50,0.2863156104592228,0.3419459652103483
similarity tuning (MTL concept cells),DINOv2 (S/14 → B/14),½ depth,gap,block5,block5,14-51,-0.03262397900763768,0.10521422464180134
similarity tuning (MTL concept cells),DINOv2 (S/14 → B/14),½ depth,gap,block5,block5,14-52,-0.15005354772532345,-0.1509007277210353
similarity tuning (MTL concept cells),DINOv2 (S/14 → B/14),½ depth,gap,block5,block5,14-53,0.6277192596618687,0.6078928336332983
similarity tuning (MTL concept cells),DINOv2 (S/14 → B/14),½ depth,gap,block5,block5,14-55,0.39307184539862366,0.42158152876659494
similarity tuning (MTL concept cells),DINOv2 (S/14 → B/14),½ depth,gap,block5,block5,14-56,0.3343512678146754,0.3801987660768884
similarity tuning (MTL concept cells),DINOv2 (S/14 → B/14),½ depth,gap,block5,block5,14-59,0.43174244279907287,0.4678071482843626
similarity tuning (MTL concept cells),DINOv2 (S/14 → B/14),½ depth,gap,block5,block5,14-60,0.6153963516517507,0.6425058758046985
similarity tuning (MTL concept cells),DINOv2 (S/14 → B/14),½ depth,gap,block5,block5,14-61,0.022972260050050028,0.06208789646784592
similarity tuning (MTL concept cells),DINOv2 (S/14 → B/14),½ depth,gap,block5,block5,14-62,0.2211846712985681,0.24268768125304926
similarity tuning (MTL concept cells),DINOv2 (S/14 → B/14),½ depth,gap,block5,block5,14-63,-0.07207421515024537,-0.09900667592798348
similarity tuning (MTL concept cells),DINOv2 (S/14 → B/14),½ depth,gap,block5,block5,14-68,-0.1516033208899989,-0.0666105197381441
similarity tuning (MTL concept cells),DINOv2 (S/14 → B/14),½ depth,gap,block5,block5,14-69,0.26295042099813315,0.2844322273736638
similarity tuning (MTL concept cells),DINOv2 (S/14 → B/14),½ depth,gap,block5,block5,15-2,0.0679335697629986,0.15969194321800934
similarity tuning (MTL concept cells),DINOv2 (S/14 → B/14),½ depth,gap,block5,block5,15-8,-0.21821334914054877,-0.1824765542970482
similarity tuning (MTL concept cells),DINOv2 (S/14 → B/14),½ depth,gap,block5,block5,16-7,0.14311362486792506,0.12434937824993084
similarity tuning (MTL concept cells),DINOv2 (S/14 → B/14),½ depth,gap,block5,block5,16-9,0.11446799767444282,0.13162205233298943
similarity tuning (MTL concept cells),DINOv2 (S/14 → B/14),½ depth,gap,block5,block5,16-13,0.07727884871248294,0.07458008625744612
similarity tuning (MTL concept cells),DINOv2 (S/14 → B/14),½ depth,gap,block5,block5,16-20,-0.014435402698224655,0.0021896397351239645
similarity tuning (MTL concept cells),DINOv2 (S/14 → B/14),½ depth,gap,block5,block5,16-21,0.24701628873047526,0.28345270613601714
similarity tuning (MTL concept cells),DINOv2 (S/14 → B/14),½ depth,gap,block5,block5,16-24,0.4090674172160072,0.4454406278063184
similarity tuning (MTL concept cells),DINOv2 (S/14 → B/14),½ depth,gap,block5,block5,16-30,0.03724893691619151,0.10688114280891835
similarity tuning (MTL concept cells),DINOv2 (S/14 → B/14),½ depth,gap,block5,block5,18-5,0.245039167743548,0.27181747564060993
similarity tuning (MTL concept cells),DINOv2 (S/14 → B/14),½ depth,gap,block5,block5,18-13,-0.06714314964640054,-0.11279222445409187
similarity tuning (MTL concept cells),DINOv2 (S/14 → B/14),½ depth,gap,block5,block5,18-14,0.07009189502156435,0.03209792001893973
similarity tuning (MTL concept cells),DINOv2 (S/14 → B/14),½ depth,gap,block5,block5,18-16,-0.07564465686878427,-0.13040503347061083
similarity tuning (MTL concept cells),DINOv2 (S/14 → B/14),½ depth,gap,block5,block5,18-17,0.09027521273834496,0.09388317226799454
similarity tuning (MTL concept cells),DINOv2 (S/14 → B/14),½ depth,gap,block5,block5,18-18,-0.11712903692721112,-0.09291216197210798
similarity tuning (MTL concept cells),DINOv2 (S/14 → B/14),½ depth,gap,block5,block5,18-19,-0.16744365443189627,-0.16651131203701589
similarity tuning (MTL concept cells),DINOv2 (S/14 → B/14),½ depth,gap,block5,block5,18-20,-0.11827030591625695,-0.16661624764831506
similarity tuning (MTL concept cells),DINOv2 (S/14 → B/14),½ depth,gap,block5,block5,18-22,-0.13808130624049297,-0.18239193984852736
similarity tuning (MTL concept cells),DINOv2 (S/14 → B/14),½ depth,gap,block5,block5,18-23,0.05093815444983546,0.1138662877948691
similarity tuning (MTL concept cells),DINOv2 (S/14 → B/14),½ depth,gap,block5,block5,18-24,-0.1003408391880014,-0.17057686232521982
similarity tuning (MTL concept cells),DINOv2 (S/14 → B/14),½ depth,gap,block5,block5,18-28,-0.06420054466636953,-0.10364167609088817
similarity tuning (MTL concept cells),DINOv2 (S/14 → B/14),½ depth,gap,block5,block5,18-29,-0.013358976638391381,0.02840992196255256
similarity tuning (MTL concept cells),DINOv2 (S/14 → B/14),½ depth,gap,block5,block5,18-30,-0.05434425816993479,-0.12759086700767297
similarity tuning (MTL concept cells),DINOv2 (S/14 → B/14),½ depth,gap,block5,block5,18-37,0.2297931582537483,0.21225925008752258
similarity tuning (MTL concept cells),DINOv2 (S/14 → B/14),½ depth,gap,block5,block5,21-0,-0.028571758704339773,-0.10150359197459743
similarity tuning (MTL concept cells),DINOv2 (S/14 → B/14),½ depth,gap,block5,block5,21-2,0.15731047203612403,0.18213812348386854
similarity tuning (MTL concept cells),DINOv2 (S/14 → B/14),½ depth,gap,block5,block5,21-4,-0.23462213639294935,-0.2259838792450983
similarity tuning (MTL concept cells),DINOv2 (S/14 → B/14),½ depth,gap,block5,block5,21-14,-0.001312023904406156,-0.02217825023025021
RSA (MTL),DINOv2 (S/14 → B/14),¾ depth,cls,block8,block8,1,0.035193682299857,0.042833846019064
RSA (MTL),DINOv2 (S/14 → B/14),¾ depth,cls,block8,block8,2,0.009712691145934703,0.01955189286350278
RSA (MTL),DINOv2 (S/14 → B/14),¾ depth,cls,block8,block8,3,0.038030358838514106,0.026571268291089925
RSA (MTL),DINOv2 (S/14 → B/14),¾ depth,cls,block8,block8,4,0.039244744661963656,0.06037833460621981
RSA (MTL),DINOv2 (S/14 → B/14),¾ depth,cls,block8,block8,5,0.011895233298555453,0.025903294470409507
RSA (MTL),DINOv2 (S/14 → B/14),¾ depth,cls,block8,block8,7,0.05181409246972649,0.03201029437985272
RSA (MTL),DINOv2 (S/14 → B/14),¾ depth,cls,block8,block8,8,0.039164946527653385,0.03449876488244782
RSA (MTL),DINOv2 (S/14 → B/14),¾ depth,cls,block8,block8,9,0.0004241112178289368,-0.007705104822212443
RSA (MTL),DINOv2 (S/14 → B/14),¾ depth,cls,block8,block8,10,-0.00981769268120822,-0.0073440906738493714
RSA (MTL),DINOv2 (S/14 → B/14),¾ depth,cls,block8,block8,11,0.053331468787269506,0.0716407846847001
RSA (MTL),DINOv2 (S/14 → B/14),¾ depth,cls,block8,block8,12,0.005578234551182963,0.013508050178919356
RSA (MTL),DINOv2 (S/14 → B/14),¾ depth,cls,block8,block8,13,0.24620694297517584,0.2878879806808903
RSA (MTL),DINOv2 (S/14 → B/14),¾ depth,cls,block8,block8,14,0.14925962520355943,0.19220882937823527
RSA (MTL),DINOv2 (S/14 → B/14),¾ depth,cls,block8,block8,15,0.00168057066708195,0.0011881004020681978
RSA (MTL),DINOv2 (S/14 → B/14),¾ depth,cls,block8,block8,16,0.08697182968817838,0.10283421414442813
RSA (MTL),DINOv2 (S/14 → B/14),¾ depth,cls,block8,block8,17,-0.014016067964345985,-0.001928965400180589
RSA (MTL),DINOv2 (S/14 → B/14),¾ depth,cls,block8,block8,18,0.03344755675518158,0.04323212403834697
RSA (MTL),DINOv2 (S/14 → B/14),¾ depth,cls,block8,block8,20,0.03313681057768647,-0.01472703546258805
RSA (MTL),DINOv2 (S/14 → B/14),¾ depth,cls,block8,block8,21,-0.009933500284179607,0.0068065886830714255
similarity tuning (MTL concept cells),DINOv2 (S/14 → B/14),¾ depth,cls,block8,block8,1-34,0.08179739248405739,0.1505082107698331
similarity tuning (MTL concept cells),DINOv2 (S/14 → B/14),¾ depth,cls,block8,block8,1-36,0.032271557657736975,0.058108989277379404
similarity tuning (MTL concept cells),DINOv2 (S/14 → B/14),¾ depth,cls,block8,block8,1-38,0.18587528348817745,0.21253005203192427
similarity tuning (MTL concept cells),DINOv2 (S/14 → B/14),¾ depth,cls,block8,block8,2-0,-0.2029374748538244,-0.04559760183955555
similarity tuning (MTL concept cells),DINOv2 (S/14 → B/14),¾ depth,cls,block8,block8,3-39,-0.13399872060579726,-0.1541276093776815
similarity tuning (MTL concept cells),DINOv2 (S/14 → B/14),¾ depth,cls,block8,block8,4-8,0.20561228483868996,0.2679867625516127
similarity tuning (MTL concept cells),DINOv2 (S/14 → B/14),¾ depth,cls,block8,block8,4-13,-0.24514822646559511,-0.24009336198868564
similarity tuning (MTL concept cells),DINOv2 (S/14 → B/14),¾ depth,cls,block8,block8,4-15,0.24164310007347775,0.22953688459972002
similarity tuning (MTL concept cells),DINOv2 (S/14 → B/14),¾ depth,cls,block8,block8,4-25,0.3217615047947831,0.34708019507968424
similarity tuning (MTL concept cells),DINOv2 (S/14 → B/14),¾ depth,cls,block8,block8,4-33,-0.029991819649644497,-0.02006175499253531
similarity tuning (MTL concept cells),DINOv2 (S/14 → B/14),¾ depth,cls,block8,block8,4-39,0.303517542540847,0.24324163934863868
similarity tuning (MTL concept cells),DINOv2 (S/14 → B/14),¾ depth,cls,block8,block8,4-40,0.11653479124852481,0.3570222955000428
similarity tuning (MTL concept cells),DINOv2 (S/14 → B/14),¾ depth,cls,block8,block8,4-41,0.4826220478266986,0.4594909367023131
similarity tuning (MTL concept cells),DINOv2 (S/14 → B/14),¾ depth,cls,block8,block8,4-43,0.40262006860968025,0.4095517619052537
similarity tuning (MTL concept cells),DINOv2 (S/14 → B/14),¾ depth,cls,block8,block8,4-44,0.2775706733545473,0.30114868862452254
similarity tuning (MTL concept cells),DINOv2 (S/14 → B/14),¾ depth,cls,block8,block8,4-45,0.018210604015406105,0.014181246230388087
similarity tuning (MTL concept cells),DINOv2 (S/14 → B/14),¾ depth,cls,block8,block8,4-46,0.03178219240148096,0.055177772487848685
similarity tuning (MTL concept cells),DINOv2 (S/14 → B/14),¾ depth,cls,block8,block8,5-5,0.024353985616272906,0.009792068828097291
similarity tuning (MTL concept cells),DINOv2 (S/14 → B/14),¾ depth,cls,block8,block8,5-6,0.07368371749006136,0.019804420591035266
similarity tuning (MTL concept cells),DINOv2 (S/14 → B/14),¾ depth,cls,block8,block8,7-17,0.31305779283469176,0.19701295178521683
similarity tuning (MTL concept cells),DINOv2 (S/14 → B/14),¾ depth,cls,block8,block8,7-20,-0.005414483178752903,-0.026183470894267768
similarity tuning (MTL concept cells),DINOv2 (S/14 → B/14),¾ depth,cls,block8,block8,7-21,0.01595967137357175,0.1670094545005998
similarity tuning (MTL concept cells),DINOv2 (S/14 → B/14),¾ depth,cls,block8,block8,7-23,0.21433860247372205,0.11645553853695086
similarity tuning (MTL concept cells),DINOv2 (S/14 → B/14),¾ depth,cls,block8,block8,7-24,0.33314021670194954,0.3073912370625386
similarity tuning (MTL concept cells),DINOv2 (S/14 → B/14),¾ depth,cls,block8,block8,7-25,-0.20215404657674027,-0.2815065079662855
similarity tuning (MTL concept cells),DINOv2 (S/14 → B/14),¾ depth,cls,block8,block8,7-26,0.23363272057386775,0.34865004018498624
similarity tuning (MTL concept cells),DINOv2 (S/14 → B/14),¾ depth,cls,block8,block8,7-30,0.31124665356893705,0.3036198394208067
similarity tuning (MTL concept cells),DINOv2 (S/14 → B/14),¾ depth,cls,block8,block8,8-34,0.08643552340971707,-0.004362547643792324
similarity tuning (MTL concept cells),DINOv2 (S/14 → B/14),¾ depth,cls,block8,block8,8-37,0.3462290870671323,0.2969588038753672
similarity tuning (MTL concept cells),DINOv2 (S/14 → B/14),¾ depth,cls,block8,block8,8-38,-0.050598414669070335,0.07310031127393332
similarity tuning (MTL concept cells),DINOv2 (S/14 → B/14),¾ depth,cls,block8,block8,8-42,0.0019377515075859417,0.036857648467207606
similarity tuning (MTL concept cells),DINOv2 (S/14 → B/14),¾ depth,cls,block8,block8,8-45,0.1405950891418345,0.08806860246675027
similarity tuning (MTL concept cells),DINOv2 (S/14 → B/14),¾ depth,cls,block8,block8,10-64,-0.09222929787600807,-0.0711896479202539
similarity tuning (MTL concept cells),DINOv2 (S/14 → B/14),¾ depth,cls,block8,block8,10-67,-0.051419155190416524,-0.08680957818391943
similarity tuning (MTL concept cells),DINOv2 (S/14 → B/14),¾ depth,cls,block8,block8,10-70,0.05050856958164635,0.05268566309809663
similarity tuning (MTL concept cells),DINOv2 (S/14 → B/14),¾ depth,cls,block8,block8,10-71,-0.013470411735066508,-0.04086529402772985
similarity tuning (MTL concept cells),DINOv2 (S/14 → B/14),¾ depth,cls,block8,block8,11-6,-0.01279132060231225,-0.00792087788800498
similarity tuning (MTL concept cells),DINOv2 (S/14 → B/14),¾ depth,cls,block8,block8,11-11,0.40378940866342894,0.40650724641438746
similarity tuning (MTL concept cells),DINOv2 (S/14 → B/14),¾ depth,cls,block8,block8,11-12,0.1650994008913445,0.15642560257937696
similarity tuning (MTL concept cells),DINOv2 (S/14 → B/14),¾ depth,cls,block8,block8,11-13,-0.01376507378674022,-0.03050215214107208
similarity tuning (MTL concept cells),DINOv2 (S/14 → B/14),¾ depth,cls,block8,block8,11-17,-0.23630177784156722,-0.21924540891465713
similarity tuning (MTL concept cells),DINOv2 (S/14 → B/14),¾ depth,cls,block8,block8,11-18,0.29336249207736,0.22119227900050478
similarity tuning (MTL concept cells),DINOv2 (S/14 → B/14),¾ depth,cls,block8,block8,11-25,-0.051843702705647574,-0.05118649340757501
similarity tuning (MTL concept cells),DINOv2 (S/14 → B/14),¾ depth,cls,block8,block8,11-28,0.04632286073291019,0.08143446804311386
similarity tuning (MTL concept cells),DINOv2 (S/14 → B/14),¾ depth,cls,block8,block8,11-31,-0.03781383959855847,-0.03332615533062435
similarity tuning (MTL concept cells),DINOv2 (S/14 → B/14),¾ depth,cls,block8,block8,11-34,-0.034773598353684425,-0.05711361357509216
similarity tuning (MTL concept cells),DINOv2 (S/14 → B/14),¾ depth,cls,block8,block8,11-65,0.2586805350095947,0.1383220540803687
similarity tuning (MTL concept cells),DINOv2 (S/14 → B/14),¾ depth,cls,block8,block8,11-68,-0.03381138211080609,0.04291054716161522
similarity tuning (MTL concept cells),DINOv2 (S/14 → B/14),¾ depth,cls,block8,block8,12-14,0.12192082926232313,0.16511285760451952
similarity tuning (MTL concept cells),DINOv2 (S/14 → B/14),¾ depth,cls,block8,block8,12-15,0.44348312069431395,0.4801348314368182
similarity tuning (MTL concept cells),DINOv2 (S/14 → B/14),¾ depth,cls,block8,block8,13-17,0.04812597902309105,0.07226463831297476
similarity tuning (MTL concept cells),DINOv2 (S/14 → B/14),¾ depth,cls,block8,block8,13-18,0.062120964478936426,0.08416470096070273
similarity tuning (MTL concept cells),DINOv2 (S/14 → B/14),¾ depth,cls,block8,block8,13-19,0.36075664641602573,0.3685170354355901
similarity tuning (MTL concept cells),DINOv2 (S/14 → B/14),¾ depth,cls,block8,block8,13-20,0.1178013607681432,0.05266773671218001
similarity tuning (MTL concept cells),DINOv2 (S/14 → B/14),¾ depth,cls,block8,block8,13-25,-0.0032366430613510536,-0.016922291281394483
similarity tuning (MTL concept cells),DINOv2 (S/14 → B/14),¾ depth,cls,block8,block8,13-26,0.009893724679437945,0.03313129341370758
similarity tuning (MTL concept cells),DINOv2 (S/14 → B/14),¾ depth,cls,block8,block8,13-28,-0.13163534329608356,-0.13428691712966728
similarity tuning (MTL concept cells),DINOv2 (S/14 → B/14),¾ depth,cls,block8,block8,13-30,0.07619721649200459,-0.1059450971477772
similarity tuning (MTL concept cells),DINOv2 (S/14 → B/14),¾ depth,cls,block8,block8,13-31,0.06468202465766468,0.03453943870717732
similarity tuning (MTL concept cells),DINOv2 (S/14 → B/14),¾ depth,cls,block8,block8,13-32,0.13000224062196797,0.10275717092944811
similarity tuning (MTL concept cells),DINOv2 (S/14 → B/14),¾ depth,cls,block8,block8,13-33,0.0868627298133447,0.0840052368092958
similarity tuning (MTL concept cells),DINOv2 (S/14 → B/14),¾ depth,cls,block8,block8,13-35,0.12466918757975379,0.23360661114539913
similarity tuning (MTL concept cells),DINOv2 (S/14 → B/14),¾ depth,cls,block8,block8,13-37,0.1859929935371854,0.1687714200615201
similarity tuning (MTL concept cells),DINOv2 (S/14 → B/14),¾ depth,cls,block8,block8,13-46,0.14535612010200225,0.17547084859150924
similarity tuning (MTL concept cells),DINOv2 (S/14 → B/14),¾ depth,cls,block8,block8,13-75,0.6547659047185554,0.6258410092470926
similarity tuning (MTL concept cells),DINOv2 (S/14 → B/14),¾ depth,cls,block8,block8,13-77,0.5864661859251384,0.700494980482674
similarity tuning (MTL concept cells),DINOv2 (S/14 → B/14),¾ depth,cls,block8,block8,13-78,0.4019956995630428,0.457166126410427
similarity tuning (MTL concept cells),DINOv2 (S/14 → B/14),¾ depth,cls,block8,block8,13-80,0.20757468034462823,0.2140629731612613
similarity tuning (MTL concept cells),DINOv2 (S/14 → B/14),¾ depth,cls,block8,block8,13-82,0.40939971684099963,0.46621788522440016
similarity tuning (MTL concept cells),DINOv2 (S/14 → B/14),¾ depth,cls,block8,block8,13-83,0.5538575296393426,0.5517911791488551
similarity tuning (MTL concept cells),DINOv2 (S/14 → B/14),¾ depth,cls,block8,block8,13-84,0.48217564790697215,0.5362092997808091
similarity tuning (MTL concept cells),DINOv2 (S/14 → B/14),¾ depth,cls,block8,block8,13-85,0.773003603278637,0.705839590408998
similarity tuning (MTL concept cells),DINOv2 (S/14 → B/14),¾ depth,cls,block8,block8,13-86,0.6555995954816105,0.666827776214756
similarity tuning (MTL concept cells),DINOv2 (S/14 → B/14),¾ depth,cls,block8,block8,13-88,0.28399313558326883,0.3402951294506871
similarity tuning (MTL concept cells),DINOv2 (S/14 → B/14),¾ depth,cls,block8,block8,13-89,0.4967780949486838,0.4845265249669755
similarity tuning (MTL concept cells),DINOv2 (S/14 → B/14),¾ depth,cls,block8,block8,13-90,0.5983814119569978,0.5541101174085162
similarity tuning (MTL concept cells),DINOv2 (S/14 → B/14),¾ depth,cls,block8,block8,13-92,0.7033909263770519,0.7168297474520239
similarity tuning (MTL concept cells),DINOv2 (S/14 → B/14),¾ depth,cls,block8,block8,13-93,0.46075628825889736,0.36336622171070204
similarity tuning (MTL concept cells),DINOv2 (S/14 → B/14),¾ depth,cls,block8,block8,13-94,0.6831262157043821,0.7354783688136521
similarity tuning (MTL concept cells),DINOv2 (S/14 → B/14),¾ depth,cls,block8,block8,13-95,0.16817264943335314,0.06705991649120156
similarity tuning (MTL concept cells),DINOv2 (S/14 → B/14),¾ depth,cls,block8,block8,13-97,0.4481745383962553,0.5063563851790387
similarity tuning (MTL concept cells),DINOv2 (S/14 → B/14),¾ depth,cls,block8,block8,13-98,0.08045222029527625,0.21332830818966947
similarity tuning (MTL concept cells),DINOv2 (S/14 → B/14),¾ depth,cls,block8,block8,14-14,0.17942153688525836,0.20001047994507706
similarity tuning (MTL concept cells),DINOv2 (S/14 → B/14),¾ depth,cls,block8,block8,14-15,0.11370265354514449,0.19666319647560487
similarity tuning (MTL concept cells),DINOv2 (S/14 → B/14),¾ depth,cls,block8,block8,14-16,-0.08638132408818937,-0.12078636721192214
similarity tuning (MTL concept cells),DINOv2 (S/14 → B/14),¾ depth,cls,block8,block8,14-17,-0.005243918920928388,-0.10495437724350877
similarity tuning (MTL concept cells),DINOv2 (S/14 → B/14),¾ depth,cls,block8,block8,14-18,-0.11008160583383314,-0.11541139445956482
similarity tuning (MTL concept cells),DINOv2 (S/14 → B/14),¾ depth,cls,block8,block8,14-19,-0.16772786993229205,-0.13364057887658248
similarity tuning (MTL concept cells),DINOv2 (S/14 → B/14),¾ depth,cls,block8,block8,14-45,0.3323443107379534,0.3774144381641914
similarity tuning (MTL concept cells),DINOv2 (S/14 → B/14),¾ depth,cls,block8,block8,14-46,-0.00920814925467606,0.05333777021104813
similarity tuning (MTL concept cells),DINOv2 (S/14 → B/14),¾ depth,cls,block8,block8,14-47,0.20886385125134108,0.13650697441859602
similarity tuning (MTL concept cells),DINOv2 (S/14 → B/14),¾ depth,cls,block8,block8,14-48,0.480061591995455,0.7236580126463429
similarity tuning (MTL concept cells),DINOv2 (S/14 → B/14),¾ depth,cls,block8,block8,14-49,0.176817024726496,0.24317698609540195
similarity tuning (MTL concept cells),DINOv2 (S/14 → B/14),¾ depth,cls,block8,block8,14-50,0.5389648726547023,0.5510716150108081
similarity tuning (MTL concept cells),DINOv2 (S/14 → B/14),¾ depth,cls,block8,block8,14-51,0.35452399770790183,0.3573498953481612
similarity tuning (MTL concept cells),DINOv2 (S/14 → B/14),¾ depth,cls,block8,block8,14-52,-0.11195612003937307,-0.13326398053757982
similarity tuning (MTL concept cells),DINOv2 (S/14 → B/14),¾ depth,cls,block8,block8,14-53,0.5819698445819653,0.4340652102570132
similarity tuning (MTL concept cells),DINOv2 (S/14 → B/14),¾ depth,cls,block8,block8,14-55,0.5201807018086402,0.49719970592132107
similarity tuning (MTL concept cells),DINOv2 (S/14 → B/14),¾ depth,cls,block8,block8,14-56,0.519774409345222,0.529253964141123
similarity tuning (MTL concept cells),DINOv2 (S/14 → B/14),¾ depth,cls,block8,block8,14-59,0.33381289636594014,0.3731057712932697
similarity tuning (MTL concept cells),DINOv2 (S/14 → B/14),¾ depth,cls,block8,block8,14-60,0.6608834933016409,0.6451711380107468
similarity tuning (MTL concept cells),DINOv2 (S/14 → B/14),¾ depth,cls,block8,block8,14-61,-0.106619544081952,-0.09945052443079744
similarity tuning (MTL concept cells),DINOv2 (S/14 → B/14),¾ depth,cls,block8,block8,14-62,0.2534771774139551,0.25692171139959635
similarity tuning (MTL concept cells),DINOv2 (S/14 → B/14),¾ depth,cls,block8,block8,14-63,0.15638120993608284,-0.12347223519916768
similarity tuning (MTL concept cells),DINOv2 (S/14 → B/14),¾ depth,cls,block8,block8,14-68,0.11690928976027563,0.14935603648639967
similarity tuning (MTL concept cells),DINOv2 (S/14 → B/14),¾ depth,cls,block8,block8,14-69,0.2114898965703654,0.22712219698448396
similarity tuning (MTL concept cells),DINOv2 (S/14 → B/14),¾ depth,cls,block8,block8,15-2,0.07693742338758068,-0.09522333959705498
similarity tuning (MTL concept cells),DINOv2 (S/14 → B/14),¾ depth,cls,block8,block8,15-8,-0.05581965177478402,-0.022755480477271734
similarity tuning (MTL concept cells),DINOv2 (S/14 → B/14),¾ depth,cls,block8,block8,16-7,0.14617886603731042,0.10840183973353398
similarity tuning (MTL concept cells),DINOv2 (S/14 → B/14),¾ depth,cls,block8,block8,16-9,0.12028019501757391,0.14264100979600877
similarity tuning (MTL concept cells),DINOv2 (S/14 → B/14),¾ depth,cls,block8,block8,16-13,-0.04742111170993272,-0.0030414624493272113
similarity tuning (MTL concept cells),DINOv2 (S/14 → B/14),¾ depth,cls,block8,block8,16-20,0.12789118008483305,0.1595193095921792
similarity tuning (MTL concept cells),DINOv2 (S/14 → B/14),¾ depth,cls,block8,block8,16-21,0.28587641461088686,0.3082957180034321
similarity tuning (MTL concept cells),DINOv2 (S/14 → B/14),¾ depth,cls,block8,block8,16-24,0.5778536474913577,0.510274563664298
similarity tuning (MTL concept cells),DINOv2 (S/14 → B/14),¾ depth,cls,block8,block8,16-30,0.0435865716275084,0.06681093624704383
similarity tuning (MTL concept cells),DINOv2 (S/14 → B/14),¾ depth,cls,block8,block8,18-5,0.2673039943660581,0.2630174479041932
similarity tuning (MTL concept cells),DINOv2 (S/14 → B/14),¾ depth,cls,block8,block8,18-13,-0.15162106397642355,-0.06665229937965117
similarity tuning (MTL concept cells),DINOv2 (S/14 → B/14),¾ depth,cls,block8,block8,18-14,0.17149387512890363,0.1225464531522782
similarity tuning (MTL concept cells),DINOv2 (S/14 → B/14),¾ depth,cls,block8,block8,18-16,-0.15638866560643305,-0.07362029105149635
similarity tuning (MTL concept cells),DINOv2 (S/14 → B/14),¾ depth,cls,block8,block8,18-17,0.11258358222448818,0.07251490491281636
similarity tuning (MTL concept cells),DINOv2 (S/14 → B/14),¾ depth,cls,block8,block8,18-18,0.013065374053754268,-0.07300788118709171
similarity tuning (MTL concept cells),DINOv2 (S/14 → B/14),¾ depth,cls,block8,block8,18-19,0.01524505807844955,0.02860023292403345
similarity tuning (MTL concept cells),DINOv2 (S/14 → B/14),¾ depth,cls,block8,block8,18-20,-0.13643214481347538,-0.07788782961296505
similarity tuning (MTL concept cells),DINOv2 (S/14 → B/14),¾ depth,cls,block8,block8,18-22,-0.14171163705904777,-0.11439404132509981
similarity tuning (MTL concept cells),DINOv2 (S/14 → B/14),¾ depth,cls,block8,block8,18-23,0.39590037379862036,0.317490533229166
similarity tuning (MTL concept cells),DINOv2 (S/14 → B/14),¾ depth,cls,block8,block8,18-24,-0.22404240020075855,-0.14783157115226883
similarity tuning (MTL concept cells),DINOv2 (S/14 → B/14),¾ depth,cls,block8,block8,18-28,-0.16843051260081407,-0.08867860093956301
similarity tuning (MTL concept cells),DINOv2 (S/14 → B/14),¾ depth,cls,block8,block8,18-29,0.11891762001925335,0.13934751056832445
similarity tuning (MTL concept cells),DINOv2 (S/14 → B/14),¾ depth,cls,block8,block8,18-30,-0.1511417577174226,-0.0661325447956437
similarity tuning (MTL concept cells),DINOv2 (S/14 → B/14),¾ depth,cls,block8,block8,18-37,0.17374047643147245,0.17346135488324022
similarity tuning (MTL concept cells),DINOv2 (S/14 → B/14),¾ depth,cls,block8,block8,21-0,-0.048001573224314135,-0.06053036581124388
similarity tuning (MTL concept cells),DINOv2 (S/14 → B/14),¾ depth,cls,block8,block8,21-2,-0.18770116571697312,0.052565598137807645
similarity tuning (MTL concept cells),DINOv2 (S/14 → B/14),¾ depth,cls,block8,block8,21-4,-0.19835155959670914,-0.19961446268850025
similarity tuning (MTL concept cells),DINOv2 (S/14 → B/14),¾ depth,cls,block8,block8,21-14,-0.1085699780896094,-0.0959291323952347
RSA (MTL),DINOv2 (S/14 → B/14),¾ depth,gap,block8,block8,1,0.03568396493220324,0.044615117058516465
RSA (MTL),DINOv2 (S/14 → B/14),¾ depth,gap,block8,block8,2,0.0091473959103757,0.016709628034916657
RSA (MTL),DINOv2 (S/14 → B/14),¾ depth,gap,block8,block8,3,0.011725250374075524,0.02515245318872044
RSA (MTL),DINOv2 (S/14 → B/14),¾ depth,gap,block8,block8,4,0.020387455777923856,0.016692051260222048
RSA (MTL),DINOv2 (S/14 → B/14),¾ depth,gap,block8,block8,5,0.005475343324300055,0.006765489218972482
RSA (MTL),DINOv2 (S/14 → B/14),¾ depth,gap,block8,block8,7,0.040761323985736335,0.04110596605062716
RSA (MTL),DINOv2 (S/14 → B/14),¾ depth,gap,block8,block8,8,0.019856509979836637,0.027149792924010274
RSA (MTL),DINOv2 (S/14 → B/14),¾ depth,gap,block8,block8,9,-0.022024646821737576,-0.02164843986810889
RSA (MTL),DINOv2 (S/14 → B/14),¾ depth,gap,block8,block8,10,-0.0007817452176932277,0.0027340333938292707
RSA (MTL),DINOv2 (S/14 → B/14),¾ depth,gap,block8,block8,11,0.06044477065838555,0.061243087435173586
RSA (MTL),DINOv2 (S/14 → B/14),¾ depth,gap,block8,block8,12,0.005749422445644707,0.007177154003695123
RSA (MTL),DINOv2 (S/14 → B/14),¾ depth,gap,block8,block8,13,0.256880494582571,0.25786373558942893
RSA (MTL),DINOv2 (S/14 → B/14),¾ depth,gap,block8,block8,14,0.16010446780445217,0.16211495055357353
RSA (MTL),DINOv2 (S/14 → B/14),¾ depth,gap,block8,block8,15,-0.0006727212090980674,-0.007577473061703975
RSA (MTL),DINOv2 (S/14 → B/14),¾ depth,gap,block8,block8,16,0.07804838895805483,0.08348992515747021
RSA (MTL),DINOv2 (S/14 → B/14),¾ depth,gap,block8,block8,17,-0.0022954550540229437,0.0006041833782429924
RSA (MTL),DINOv2 (S/14 → B/14),¾ depth,gap,block8,block8,18,0.03518059355506792,0.04238837119426341
RSA (MTL),DINOv2 (S/14 → B/14),¾ depth,gap,block8,block8,20,0.04722864423245019,0.04034006060471128
RSA (MTL),DINOv2 (S/14 → B/14),¾ depth,gap,block8,block8,21,0.00652411021214766,0.004013985371329349
similarity tuning (MTL concept cells),DINOv2 (S/14 → B/14),¾ depth,gap,block8,block8,1-34,0.11021467402830298,0.3161201940729432
similarity tuning (MTL concept cells),DINOv2 (S/14 → B/14),¾ depth,gap,block8,block8,1-36,0.14177785963942463,0.09073379307054119
similarity tuning (MTL concept cells),DINOv2 (S/14 → B/14),¾ depth,gap,block8,block8,1-38,0.20896428128745714,0.19528284885655867
similarity tuning (MTL concept cells),DINOv2 (S/14 → B/14),¾ depth,gap,block8,block8,2-0,0.0877408399033872,0.11245873180967825
similarity tuning (MTL concept cells),DINOv2 (S/14 → B/14),¾ depth,gap,block8,block8,3-39,-0.17797376780970015,-0.1623460627079106
similarity tuning (MTL concept cells),DINOv2 (S/14 → B/14),¾ depth,gap,block8,block8,4-8,0.15631714589700307,0.18430439119001643
similarity tuning (MTL concept cells),DINOv2 (S/14 → B/14),¾ depth,gap,block8,block8,4-13,-0.3283121777088195,-0.3019709995050249
similarity tuning (MTL concept cells),DINOv2 (S/14 → B/14),¾ depth,gap,block8,block8,4-15,0.10525822491409427,0.09122717183363031
similarity tuning (MTL concept cells),DINOv2 (S/14 → B/14),¾ depth,gap,block8,block8,4-25,0.21061119480773463,0.2735930114368419
similarity tuning (MTL concept cells),DINOv2 (S/14 → B/14),¾ depth,gap,block8,block8,4-33,0.09582260362012468,0.056908847704955697
similarity tuning (MTL concept cells),DINOv2 (S/14 → B/14),¾ depth,gap,block8,block8,4-39,0.2321403474919564,0.24266601680792182
similarity tuning (MTL concept cells),DINOv2 (S/14 → B/14),¾ depth,gap,block8,block8,4-40,0.2447661007583615,0.29978024400907716
similarity tuning (MTL concept cells),DINOv2 (S/14 → B/14),¾ depth,gap,block8,block8,4-41,0.5559547407363225,0.5283539716763297
similarity tuning (MTL concept cells),DINOv2 (S/14 → B/14),¾ depth,gap,block8,block8,4-43,0.3385145547009822,0.34860851683577715
similarity tuning (MTL concept cells),DINOv2 (S/14 → B/14),¾ depth,gap,block8,block8,4-44,0.34089880411172424,0.36074867166807084
similarity tuning (MTL concept cells),DINOv2 (S/14 → B/14),¾ depth,gap,block8,block8,4-45,0.054631812046218316,0.027917693224767694
similarity tuning (MTL concept cells),DINOv2 (S/14 → B/14),¾ depth,gap,block8,block8,4-46,0.020122755768274752,-0.007824095635441009
similarity tuning (MTL concept cells),DINOv2 (S/14 → B/14),¾ depth,gap,block8,block8,5-5,-0.11543536809205417,-0.07152248211038074
similarity tuning (MTL concept cells),DINOv2 (S/14 → B/14),¾ depth,gap,block8,block8,5-6,0.006994316715850748,0.04475850293989471
similarity tuning (MTL concept cells),DINOv2 (S/14 → B/14),¾ depth,gap,block8,block8,7-17,0.12815562899844285,0.16157168270378905
similarity tuning (MTL concept cells),DINOv2 (S/14 → B/14),¾ depth,gap,block8,block8,7-20,-0.04626554656471697,-0.04012374475001218
similarity tuning (MTL concept cells),DINOv2 (S/14 → B/14),¾ depth,gap,block8,block8,7-21,-0.27779549817247473,-0.1815918953495486
similarity tuning (MTL concept cells),DINOv2 (S/14 → B/14),¾ depth,gap,block8,block8,7-23,0.17388734460827576,0.16678490377216304
similarity tuning (MTL concept cells),DINOv2 (S/14 → B/14),¾ depth,gap,block8,block8,7-24,0.255647659535964,0.3052216092073895
similarity tuning (MTL concept cells),DINOv2 (S/14 → B/14),¾ depth,gap,block8,block8,7-25,-0.05967662101432569,-0.16645355270005324
similarity tuning (MTL concept cells),DINOv2 (S/14 → B/14),¾ depth,gap,block8,block8,7-26,0.30591777064932635,0.1950240948344589
similarity tuning (MTL concept cells),DINOv2 (S/14 → B/14),¾ depth,gap,block8,block8,7-30,0.2634277394655803,0.3006740328979839
similarity tuning (MTL concept cells),DINOv2 (S/14 → B/14),¾ depth,gap,block8,block8,8-34,0.009336667387181702,0.012883785564844617
similarity tuning (MTL concept cells),DINOv2 (S/14 → B/14),¾ depth,gap,block8,block8,8-37,0.2707029292797555,0.3036443274992498
similarity tuning (MTL concept cells),DINOv2 (S/14 → B/14),¾ depth,gap,block8,block8,8-38,0.07330599588640921,0.05306663001878108
similarity tuning (MTL concept cells),DINOv2 (S/14 → B/14),¾ depth,gap,block8,block8,8-42,0.06943609568849625,0.1529208898069906
similarity tuning (MTL concept cells),DINOv2 (S/14 → B/14),¾ depth,gap,block8,block8,8-45,0.08564802704393533,0.13643976799933552
similarity tuning (MTL concept cells),DINOv2 (S/14 → B/14),¾ depth,gap,block8,block8,10-64,-0.05212960314730891,-0.034490813377406435
similarity tuning (MTL concept cells),DINOv2 (S/14 → B/14),¾ depth,gap,block8,block8,10-67,0.09006620948741935,-0.005953529101710771
similarity tuning (MTL concept cells),DINOv2 (S/14 → B/14),¾ depth,gap,block8,block8,10-70,-0.031247695177286282,0.022411256786988114
similarity tuning (MTL concept cells),DINOv2 (S/14 → B/14),¾ depth,gap,block8,block8,10-71,0.05103116655438116,0.013520862715347654
similarity tuning (MTL concept cells),DINOv2 (S/14 → B/14),¾ depth,gap,block8,block8,11-6,-0.12760559911485045,-0.16336490220147487
similarity tuning (MTL concept cells),DINOv2 (S/14 → B/14),¾ depth,gap,block8,block8,11-11,0.3654602762690707,0.38987001532207155
similarity tuning (MTL concept cells),DINOv2 (S/14 → B/14),¾ depth,gap,block8,block8,11-12,0.14091544609629483,0.19741673042752256
similarity tuning (MTL concept cells),DINOv2 (S/14 → B/14),¾ depth,gap,block8,block8,11-13,0.036420091060750164,0.02346319395467083
similarity tuning (MTL concept cells),DINOv2 (S/14 → B/14),¾ depth,gap,block8,block8,11-17,-0.34851339543958754,-0.38892074563548173
similarity tuning (MTL concept cells),DINOv2 (S/14 → B/14),¾ depth,gap,block8,block8,11-18,0.3198715172681847,0.30910982584897373
similarity tuning (MTL concept cells),DINOv2 (S/14 → B/14),¾ depth,gap,block8,block8,11-25,-0.047824615075126864,-0.04744545586470039
similarity tuning (MTL concept cells),DINOv2 (S/14 → B/14),¾ depth,gap,block8,block8,11-28,0.0660444747083076,0.07796917153064091
similarity tuning (MTL concept cells),DINOv2 (S/14 → B/14),¾ depth,gap,block8,block8,11-31,0.13412056391666724,0.09824458797926215
similarity tuning (MTL concept cells),DINOv2 (S/14 → B/14),¾ depth,gap,block8,block8,11-34,-0.11592041834909192,-0.10336047766465793
similarity tuning (MTL concept cells),DINOv2 (S/14 → B/14),¾ depth,gap,block8,block8,11-65,0.18669920157651526,0.12986113490168338
similarity tuning (MTL concept cells),DINOv2 (S/14 → B/14),¾ depth,gap,block8,block8,11-68,0.16317667018693371,0.07593620749923166
similarity tuning (MTL concept cells),DINOv2 (S/14 → B/14),¾ depth,gap,block8,block8,12-14,0.11838763429420039,0.07724383491903168
similarity tuning (MTL concept cells),DINOv2 (S/14 → B/14),¾ depth,gap,block8,block8,12-15,0.5055924236274247,0.4543419315476526
similarity tuning (MTL concept cells),DINOv2 (S/14 → B/14),¾ depth,gap,block8,block8,13-17,0.1241741062529755,0.14891812376956476
similarity tuning (MTL concept cells),DINOv2 (S/14 → B/14),¾ depth,gap,block8,block8,13-18,0.022195066480496975,0.03465456970932142
similarity tuning (MTL concept cells),DINOv2 (S/14 → B/14),¾ depth,gap,block8,block8,13-19,0.3625572595545521,0.4229919230631208
similarity tuning (MTL concept cells),DINOv2 (S/14 → B/14),¾ depth,gap,block8,block8,13-20,0.0467789433043806,-0.008769458581311675
similarity tuning (MTL concept cells),DINOv2 (S/14 → B/14),¾ depth,gap,block8,block8,13-25,0.043707424017457135,-0.027855518630367723
similarity tuning (MTL concept cells),DINOv2 (S/14 → B/14),¾ depth,gap,block8,block8,13-26,0.03323276751298387,-0.025723684166538655
similarity tuning (MTL concept cells),DINOv2 (S/14 → B/14),¾ depth,gap,block8,block8,13-28,-0.1339554704004693,-0.21444603379108246
similarity tuning (MTL concept cells),DINOv2 (S/14 → B/14),¾ depth,gap,block8,block8,13-30,-0.03352982111456964,-0.161328950041033
similarity tuning (MTL concept cells),DINOv2 (S/14 → B/14),¾ depth,gap,block8,block8,13-31,0.08394684771876872,-0.001118274689562768
similarity tuning (MTL concept cells),DINOv2 (S/14 → B/14),¾ depth,gap,block8,block8,13-32,0.187350962063883,0.21960487465252074
similarity tuning (MTL concept cells),DINOv2 (S/14 → B/14),¾ depth,gap,block8,block8,13-33,0.14426546538140655,0.18834166278014303
similarity tuning (MTL concept cells),DINOv2 (S/14 → B/14),¾ depth,gap,block8,block8,13-35,0.1772596679217895,0.30981994866887647
similarity tuning (MTL concept cells),DINOv2 (S/14 → B/14),¾ depth,gap,block8,block8,13-37,0.03213830478691828,0.1054789004005787
similarity tuning (MTL concept cells),DINOv2 (S/14 → B/14),¾ depth,gap,block8,block8,13-46,0.03829560090507535,0.04376640103437183
similarity tuning (MTL concept cells),DINOv2 (S/14 → B/14),¾ depth,gap,block8,block8,13-75,0.680465724736754,0.7097685587378961
similarity tuning (MTL concept cells),DINOv2 (S/14 → B/14),¾ depth,gap,block8,block8,13-77,0.7567915026465998,0.7935920480074479
similarity tuning (MTL concept cells),DINOv2 (S/14 → B/14),¾ depth,gap,block8,block8,13-78,0.4428551907570725,0.39827890178734826
similarity tuning (MTL concept cells),DINOv2 (S/14 → B/14),¾ depth,gap,block8,block8,13-80,0.23383199033694022,0.19913483070424223
similarity tuning (MTL concept cells),DINOv2 (S/14 → B/14),¾ depth,gap,block8,block8,13-82,0.3999806621892059,0.3846873583997345
similarity tuning (MTL concept cells),DINOv2 (S/14 → B/14),¾ depth,gap,block8,block8,13-83,0.5574862426958086,0.5619465358277147
similarity tuning (MTL concept cells),DINOv2 (S/14 → B/14),¾ depth,gap,block8,block8,13-84,0.4706295629704821,0.5279548618656869
similarity tuning (MTL concept cells),DINOv2 (S/14 → B/14),¾ depth,gap,block8,block8,13-85,0.7378968603415237,0.7578570472806433
similarity tuning (MTL concept cells),DINOv2 (S/14 → B/14),¾ depth,gap,block8,block8,13-86,0.6481814266376899,0.6725806418488169
similarity tuning (MTL concept cells),DINOv2 (S/14 → B/14),¾ depth,gap,block8,block8,13-88,0.4158543309415246,0.42120073990013185
similarity tuning (MTL concept cells),DINOv2 (S/14 → B/14),¾ depth,gap,block8,block8,13-89,0.5373774398253073,0.49549654997151765
similarity tuning (MTL concept cells),DINOv2 (S/14 → B/14),¾ depth,gap,block8,block8,13-90,0.6298884472225553,0.6418454806219743
similarity tuning (MTL concept cells),DINOv2 (S/14 → B/14),¾ depth,gap,block8,block8,13-92,0.6763869795177571,0.7069021972970164
similarity tuning (MTL concept cells),DINOv2 (S/14 → B/14),¾ depth,gap,block8,block8,13-93,0.5334752198879251,0.5042607381060714
similarity tuning (MTL concept cells),DINOv2 (S/14 → B/14),¾ depth,gap,block8,block8,13-94,0.721248675149253,0.7134021596711889
similarity tuning (MTL concept cells),DINOv2 (S/14 → B/14),¾ depth,gap,block8,block8,13-95,0.03464270775954915,0.032658527903352066
similarity tuning (MTL concept cells),DINOv2 (S/14 → B/14),¾ depth,gap,block8,block8,13-97,0.4919814521267573,0.5030216028189313
similarity tuning (MTL concept cells),DINOv2 (S/14 → B/14),¾ depth,gap,block8,block8,13-98,0.30172736115757415,0.21360581663220568
similarity tuning (MTL concept cells),DINOv2 (S/14 → B/14),¾ depth,gap,block8,block8,14-14,0.12900890424614345,0.1260315815977873
similarity tuning (MTL concept cells),DINOv2 (S/14 → B/14),¾ depth,gap,block8,block8,14-15,0.030767496337735012,0.18937749395998613
similarity tuning (MTL concept cells),DINOv2 (S/14 → B/14),¾ depth,gap,block8,block8,14-16,0.011570062543457804,0.023496127011329693
similarity tuning (MTL concept cells),DINOv2 (S/14 → B/14),¾ depth,gap,block8,block8,14-17,-0.1278300235507471,-0.13857119080907385
similarity tuning (MTL concept cells),DINOv2 (S/14 → B/14),¾ depth,gap,block8,block8,14-18,-0.052691654375717274,-0.06481629200771358
similarity tuning (MTL concept cells),DINOv2 (S/14 → B/14),¾ depth,gap,block8,block8,14-19,-0.14071867454557163,-0.11999544137752034
similarity tuning (MTL concept cells),DINOv2 (S/14 → B/14),¾ depth,gap,block8,block8,14-45,0.33272734298236906,0.3398262072455385
similarity tuning (MTL concept cells),DINOv2 (S/14 → B/14),¾ depth,gap,block8,block8,14-46,0.1471856058538315,0.0556253293026186
similarity tuning (MTL concept cells),DINOv2 (S/14 → B/14),¾ depth,gap,block8,block8,14-47,0.13492367295617272,0.10605480962465444
similarity tuning (MTL concept cells),DINOv2 (S/14 → B/14),¾ depth,gap,block8,block8,14-48,0.7150400364528388,0.7236076151247434
similarity tuning (MTL concept cells),DINOv2 (S/14 → B/14),¾ depth,gap,block8,block8,14-49,0.1508983164106771,0.16915234833738224
similarity tuning (MTL concept cells),DINOv2 (S/14 → B/14),¾ depth,gap,block8,block8,14-50,0.48750489888219367,0.4939500331218743
similarity tuning (MTL concept cells),DINOv2 (S/14 → B/14),¾ depth,gap,block8,block8,14-51,0.2899825141026913,0.29427182302094224
similarity tuning (MTL concept cells),DINOv2 (S/14 → B/14),¾ depth,gap,block8,block8,14-52,-0.12866867086387015,-0.14894964651878986
similarity tuning (MTL concept cells),DINOv2 (S/14 → B/14),¾ depth,gap,block8,block8,14-53,0.6434897078116593,0.48840523686899107
similarity tuning (MTL concept cells),DINOv2 (S/14 → B/14),¾ depth,gap,block8,block8,14-55,0.49151815150572004,0.49355637730503876
similarity tuning (MTL concept cells),DINOv2 (S/14 → B/14),¾ depth,gap,block8,block8,14-56,0.451765592632538,0.49207276128213323
similarity tuning (MTL concept cells),DINOv2 (S/14 → B/14),¾ depth,gap,block8,block8,14-59,0.4772898960203548,0.4985251981312737
similarity tuning (MTL concept cells),DINOv2 (S/14 → B/14),¾ depth,gap,block8,block8,14-60,0.6169447420762167,0.6084666699160253
similarity tuning (MTL concept cells),DINOv2 (S/14 → B/14),¾ depth,gap,block8,block8,14-61,-0.21075347916076648,-0.099529017346686
similarity tuning (MTL concept cells),DINOv2 (S/14 → B/14),¾ depth,gap,block8,block8,14-62,0.30484125772925286,0.28728933087594843
similarity tuning (MTL concept cells),DINOv2 (S/14 → B/14),¾ depth,gap,block8,block8,14-63,-0.07243026279036655,-0.12316705150763525
similarity tuning (MTL concept cells),DINOv2 (S/14 → B/14),¾ depth,gap,block8,block8,14-68,0.06494399422536262,0.12342388949205772
similarity tuning (MTL concept cells),DINOv2 (S/14 → B/14),¾ depth,gap,block8,block8,14-69,0.2682956592042511,0.2474946142983675
similarity tuning (MTL concept cells),DINOv2 (S/14 → B/14),¾ depth,gap,block8,block8,15-2,0.15116863234305383,0.17519576982438242
similarity tuning (MTL concept cells),DINOv2 (S/14 → B/14),¾ depth,gap,block8,block8,15-8,-0.10461412165725598,-0.07821878244592399
similarity tuning (MTL concept cells),DINOv2 (S/14 → B/14),¾ depth,gap,block8,block8,16-7,0.10367971144556193,0.20665524586572448
similarity tuning (MTL concept cells),DINOv2 (S/14 → B/14),¾ depth,gap,block8,block8,16-9,0.0906944960417747,0.10437737728706245
similarity tuning (MTL concept cells),DINOv2 (S/14 → B/14),¾ depth,gap,block8,block8,16-13,0.051961886634280384,0.03397013693403491
similarity tuning (MTL concept cells),DINOv2 (S/14 → B/14),¾ depth,gap,block8,block8,16-20,0.03973790630410158,0.09265419990293072
similarity tuning (MTL concept cells),DINOv2 (S/14 → B/14),¾ depth,gap,block8,block8,16-21,0.29181450037431783,0.2586904845510979
similarity tuning (MTL concept cells),DINOv2 (S/14 → B/14),¾ depth,gap,block8,block8,16-24,0.5261399041326579,0.519801841909929
similarity tuning (MTL concept cells),DINOv2 (S/14 → B/14),¾ depth,gap,block8,block8,16-30,0.07875022228384726,0.10978418838636028
similarity tuning (MTL concept cells),DINOv2 (S/14 → B/14),¾ depth,gap,block8,block8,18-5,0.2472833008912302,0.20633417469082665
similarity tuning (MTL concept cells),DINOv2 (S/14 → B/14),¾ depth,gap,block8,block8,18-13,-0.1478492671898231,-0.14128737415012102
similarity tuning (MTL concept cells),DINOv2 (S/14 → B/14),¾ depth,gap,block8,block8,18-14,0.1619127857804157,0.009047394716344056
similarity tuning (MTL concept cells),DINOv2 (S/14 → B/14),¾ depth,gap,block8,block8,18-16,-0.13676000464386914,-0.09335145154911284
similarity tuning (MTL concept cells),DINOv2 (S/14 → B/14),¾ depth,gap,block8,block8,18-17,0.012195919536843677,0.020987144869651825
similarity tuning (MTL concept cells),DINOv2 (S/14 → B/14),¾ depth,gap,block8,block8,18-18,-0.033505539321444046,-0.005665064531120014
similarity tuning (MTL concept cells),DINOv2 (S/14 → B/14),¾ depth,gap,block8,block8,18-19,-0.05646971099802552,-0.06213936069662246
similarity tuning (MTL concept cells),DINOv2 (S/14 → B/14),¾ depth,gap,block8,block8,18-20,-0.17920366074539712,-0.14007992575181347
similarity tuning (MTL concept cells),DINOv2 (S/14 → B/14),¾ depth,gap,block8,block8,18-22,-0.17039382522833907,-0.14920402193989496
similarity tuning (MTL concept cells),DINOv2 (S/14 → B/14),¾ depth,gap,block8,block8,18-23,0.024416423831549156,0.04074538866526657
similarity tuning (MTL concept cells),DINOv2 (S/14 → B/14),¾ depth,gap,block8,block8,18-24,-0.2089643492315419,-0.16396098281831864
similarity tuning (MTL concept cells),DINOv2 (S/14 → B/14),¾ depth,gap,block8,block8,18-28,-0.15973402447867635,-0.11287530024409909
similarity tuning (MTL concept cells),DINOv2 (S/14 → B/14),¾ depth,gap,block8,block8,18-29,0.13909497792865733,0.19030859725315208
similarity tuning (MTL concept cells),DINOv2 (S/14 → B/14),¾ depth,gap,block8,block8,18-30,-0.148393725758924,-0.09905756321429039
similarity tuning (MTL concept cells),DINOv2 (S/14 → B/14),¾ depth,gap,block8,block8,18-37,0.22684969465420823,0.21137113607041996
similarity tuning (MTL concept cells),DINOv2 (S/14 → B/14),¾ depth,gap,block8,block8,21-0,-0.058773279046003726,-0.09483175527180152
similarity tuning (MTL concept cells),DINOv2 (S/14 → B/14),¾ depth,gap,block8,block8,21-2,0.15713018826005118,0.04380895758569859
similarity tuning (MTL concept cells),DINOv2 (S/14 → B/14),¾ depth,gap,block8,block8,21-4,-0.13116511511342296,-0.1782966584990666
similarity tuning (MTL concept cells),DINOv2 (S/14 → B/14),¾ depth,gap,block8,block8,21-14,-0.1576447183601858,-0.0863412654014974
RSA (MTL),DINOv2 (S/14 → B/14),last block,cls,block11,block11,1,0.05511905625359189,0.015943810007344003
RSA (MTL),DINOv2 (S/14 → B/14),last block,cls,block11,block11,2,0.0029971131367837853,0.026061690029810316
RSA (MTL),DINOv2 (S/14 → B/14),last block,cls,block11,block11,3,0.0546633810679292,0.052434818083168806
RSA (MTL),DINOv2 (S/14 → B/14),last block,cls,block11,block11,4,0.02473913398665646,-0.00710975300899047
RSA (MTL),DINOv2 (S/14 → B/14),last block,cls,block11,block11,5,-0.019201175718207862,0.0009264592128486555
RSA (MTL),DINOv2 (S/14 → B/14),last block,cls,block11,block11,7,-0.004308320657008335,0.03222795615543586
RSA (MTL),DINOv2 (S/14 → B/14),last block,cls,block11,block11,8,0.04970458491065638,0.01693824838127568
RSA (MTL),DINOv2 (S/14 → B/14),last block,cls,block11,block11,9,-0.012013581092320418,0.0031627707289138725
RSA (MTL),DINOv2 (S/14 → B/14),last block,cls,block11,block11,10,0.016649479413016983,0.01922854045762105
RSA (MTL),DINOv2 (S/14 → B/14),last block,cls,block11,block11,11,0.028990880233020322,0.03074534391222231
RSA (MTL),DINOv2 (S/14 → B/14),last block,cls,block11,block11,12,0.008454762089051432,-0.009080242997726126
RSA (MTL),DINOv2 (S/14 → B/14),last block,cls,block11,block11,13,0.16749121409347326,0.1664669751106298
RSA (MTL),DINOv2 (S/14 → B/14),last block,cls,block11,block11,14,0.10212102392446636,0.08584738721397205
RSA (MTL),DINOv2 (S/14 → B/14),last block,cls,block11,block11,15,0.010964461646346749,0.009550393932394924
RSA (MTL),DINOv2 (S/14 → B/14),last block,cls,block11,block11,16,0.07227798904303595,0.03596439457617912
RSA (MTL),DINOv2 (S/14 → B/14),last block,cls,block11,block11,17,-0.017086477105383288,-0.03567523116948346
RSA (MTL),DINOv2 (S/14 → B/14),last block,cls,block11,block11,18,0.01444347578604445,0.0063806543474144205
RSA (MTL),DINOv2 (S/14 → B/14),last block,cls,block11,block11,20,-0.02442539034943675,0.024595115425493655
RSA (MTL),DINOv2 (S/14 → B/14),last block,cls,block11,block11,21,-0.004351286754580762,-0.0083921568104375
similarity tuning (MTL concept cells),DINOv2 (S/14 → B/14),last block,cls,block11,block11,1-34,-0.050404743395693806,0.1998539250396544
similarity tuning (MTL concept cells),DINOv2 (S/14 → B/14),last block,cls,block11,block11,1-36,0.06257502970382149,0.14886801421473664
similarity tuning (MTL concept cells),DINOv2 (S/14 → B/14),last block,cls,block11,block11,1-38,0.12829187933816655,0.26202092683279
similarity tuning (MTL concept cells),DINOv2 (S/14 → B/14),last block,cls,block11,block11,2-0,0.0849261731231677,0.21199558431016707
similarity tuning (MTL concept cells),DINOv2 (S/14 → B/14),last block,cls,block11,block11,3-39,0.02667836388735914,0.07148790019863914
similarity tuning (MTL concept cells),DINOv2 (S/14 → B/14),last block,cls,block11,block11,4-8,0.19410754607486505,0.26044392058062815
similarity tuning (MTL concept cells),DINOv2 (S/14 → B/14),last block,cls,block11,block11,4-13,-0.24471640387209026,-0.24362414672381336
similarity tuning (MTL concept cells),DINOv2 (S/14 → B/14),last block,cls,block11,block11,4-15,0.20861693903209685,0.12612751686048831
similarity tuning (MTL concept cells),DINOv2 (S/14 → B/14),last block,cls,block11,block11,4-25,0.1952184388235808,0.09774777940837444
similarity tuning (MTL concept cells),DINOv2 (S/14 → B/14),last block,cls,block11,block11,4-33,0.046121873914999514,0.0012097540699016265
similarity tuning (MTL concept cells),DINOv2 (S/14 → B/14),last block,cls,block11,block11,4-39,0.2536028450815422,0.36029859459298863
similarity tuning (MTL concept cells),DINOv2 (S/14 → B/14),last block,cls,block11,block11,4-40,0.2710199739985788,0.45750602056313094
similarity tuning (MTL concept cells),DINOv2 (S/14 → B/14),last block,cls,block11,block11,4-41,0.1741903979650778,-0.04489859779383999
similarity tuning (MTL concept cells),DINOv2 (S/14 → B/14),last block,cls,block11,block11,4-43,0.3526056246485531,0.34676175183367186
similarity tuning (MTL concept cells),DINOv2 (S/14 → B/14),last block,cls,block11,block11,4-44,0.17799386313850907,0.20716409997892707
similarity tuning (MTL concept cells),DINOv2 (S/14 → B/14),last block,cls,block11,block11,4-45,0.1388035262955882,-0.027656046615350937
similarity tuning (MTL concept cells),DINOv2 (S/14 → B/14),last block,cls,block11,block11,4-46,-0.17279489641931484,0.057785804366329026
similarity tuning (MTL concept cells),DINOv2 (S/14 → B/14),last block,cls,block11,block11,5-5,0.029048121703969032,0.08469634790488277
similarity tuning (MTL concept cells),DINOv2 (S/14 → B/14),last block,cls,block11,block11,5-6,-0.1417566094827919,-0.12008191372597968
similarity tuning (MTL concept cells),DINOv2 (S/14 → B/14),last block,cls,block11,block11,7-17,0.14970392059995094,0.3361047438145003
similarity tuning (MTL concept cells),DINOv2 (S/14 → B/14),last block,cls,block11,block11,7-20,0.21076077806250104,0.036244712024935476
similarity tuning (MTL concept cells),DINOv2 (S/14 → B/14),last block,cls,block11,block11,7-21,-0.02742309015205095,-0.128973587952925
similarity tuning (MTL concept cells),DINOv2 (S/14 → B/14),last block,cls,block11,block11,7-23,0.33120232726562193,-0.05334994352183483
similarity tuning (MTL concept cells),DINOv2 (S/14 → B/14),last block,cls,block11,block11,7-24,0.08780852357160013,-0.20918487433607302
similarity tuning (MTL concept cells),DINOv2 (S/14 → B/14),last block,cls,block11,block11,7-25,-0.048682491650027755,-0.019229584201760967
similarity tuning (MTL concept cells),DINOv2 (S/14 → B/14),last block,cls,block11,block11,7-26,0.05477977788156961,0.15463664235941238
similarity tuning (MTL concept cells),DINOv2 (S/14 → B/14),last block,cls,block11,block11,7-30,0.04112023077748565,0.24962683767372545
similarity tuning (MTL concept cells),DINOv2 (S/14 → B/14),last block,cls,block11,block11,8-34,-0.06409275603777133,0.027235344168722166
similarity tuning (MTL concept cells),DINOv2 (S/14 → B/14),last block,cls,block11,block11,8-37,0.015113335222474001,0.2071701956903742
similarity tuning (MTL concept cells),DINOv2 (S/14 → B/14),last block,cls,block11,block11,8-38,0.0475131454819319,-0.019663448952695627
similarity tuning (MTL concept cells),DINOv2 (S/14 → B/14),last block,cls,block11,block11,8-42,-0.03839170174404647,0.17887868604402726
similarity tuning (MTL concept cells),DINOv2 (S/14 → B/14),last block,cls,block11,block11,8-45,0.1847302476844936,-0.07959658848689798
similarity tuning (MTL concept cells),DINOv2 (S/14 → B/14),last block,cls,block11,block11,10-64,0.21407653483327685,0.12458822874885075
similarity tuning (MTL concept cells),DINOv2 (S/14 → B/14),last block,cls,block11,block11,10-67,0.10736706328726262,0.11647545396423893
similarity tuning (MTL concept cells),DINOv2 (S/14 → B/14),last block,cls,block11,block11,10-70,0.04671786557653293,0.011244047690843178
similarity tuning (MTL concept cells),DINOv2 (S/14 → B/14),last block,cls,block11,block11,10-71,0.1583404016123829,-0.07602962728368998
similarity tuning (MTL concept cells),DINOv2 (S/14 → B/14),last block,cls,block11,block11,11-6,-0.1504454120540493,0.051806130134815734
similarity tuning (MTL concept cells),DINOv2 (S/14 → B/14),last block,cls,block11,block11,11-11,0.27577163048744097,0.21382016997727527
similarity tuning (MTL concept cells),DINOv2 (S/14 → B/14),last block,cls,block11,block11,11-12,0.10059984771169811,0.30666335527264627
similarity tuning (MTL concept cells),DINOv2 (S/14 → B/14),last block,cls,block11,block11,11-13,-0.06301171087604378,0.0956776909040466
similarity tuning (MTL concept cells),DINOv2 (S/14 → B/14),last block,cls,block11,block11,11-17,-0.05139754029314433,0.11645032832836848
similarity tuning (MTL concept cells),DINOv2 (S/14 → B/14),last block,cls,block11,block11,11-18,0.20404653334955858,0.04170915431400393
similarity tuning (MTL concept cells),DINOv2 (S/14 → B/14),last block,cls,block11,block11,11-25,-0.08508332681970245,-0.06888058989414415
similarity tuning (MTL concept cells),DINOv2 (S/14 → B/14),last block,cls,block11,block11,11-28,-0.16113628782999123,-0.06999389352767013
similarity tuning (MTL concept cells),DINOv2 (S/14 → B/14),last block,cls,block11,block11,11-31,-0.06535190215179053,-0.06224112101151802
similarity tuning (MTL concept cells),DINOv2 (S/14 → B/14),last block,cls,block11,block11,11-34,-0.11521281605701111,-0.15248829394340976
similarity tuning (MTL concept cells),DINOv2 (S/14 → B/14),last block,cls,block11,block11,11-65,-0.015778470900791507,-0.08913184528176586
similarity tuning (MTL concept cells),DINOv2 (S/14 → B/14),last block,cls,block11,block11,11-68,-0.06255359149135639,0.027652337243545308
similarity tuning (MTL concept cells),DINOv2 (S/14 → B/14),last block,cls,block11,block11,12-14,0.12010302605408606,0.007476035729651061
similarity tuning (MTL concept cells),DINOv2 (S/14 → B/14),last block,cls,block11,block11,12-15,0.2582900994901046,0.25424061420750566
similarity tuning (MTL concept cells),DINOv2 (S/14 → B/14),last block,cls,block11,block11,13-17,-0.047873746428630404,0.004439293662507351
similarity tuning (MTL concept cells),DINOv2 (S/14 → B/14),last block,cls,block11,block11,13-18,0.007869159933994382,-0.1434103954637566
similarity tuning (MTL concept cells),DINOv2 (S/14 → B/14),last block,cls,block11,block11,13-19,0.37186465422834336,0.3396057822254482
similarity tuning (MTL concept cells),DINOv2 (S/14 → B/14),last block,cls,block11,block11,13-20,-0.014505296316181235,-0.10242931563869277
similarity tuning (MTL concept cells),DINOv2 (S/14 → B/14),last block,cls,block11,block11,13-25,-0.11188081133331594,-0.20375560059450135
similarity tuning (MTL concept cells),DINOv2 (S/14 → B/14),last block,cls,block11,block11,13-26,0.0057332866091101935,0.053400744744145835
similarity tuning (MTL concept cells),DINOv2 (S/14 → B/14),last block,cls,block11,block11,13-28,-0.18887364383834726,-0.21217689849118873
similarity tuning (MTL concept cells),DINOv2 (S/14 → B/14),last block,cls,block11,block11,13-30,0.14003332557841083,-0.05289640212169805
similarity tuning (MTL concept cells),DINOv2 (S/14 → B/14),last block,cls,block11,block11,13-31,0.05050026836730047,-0.09891647935859758
similarity tuning (MTL concept cells),DINOv2 (S/14 → B/14),last block,cls,block11,block11,13-32,0.2082211407977074,0.17313394333853838
similarity tuning (MTL concept cells),DINOv2 (S/14 → B/14),last block,cls,block11,block11,13-33,0.06205564453040695,0.09604210999449292
similarity tuning (MTL concept cells),DINOv2 (S/14 → B/14),last block,cls,block11,block11,13-35,0.3461492306309443,0.37872204971143814
similarity tuning (MTL concept cells),DINOv2 (S/14 → B/14),last block,cls,block11,block11,13-37,0.2288785960570377,0.0902255067507037
similarity tuning (MTL concept cells),DINOv2 (S/14 → B/14),last block,cls,block11,block11,13-46,0.2013811658705384,0.030722595170539938
similarity tuning (MTL concept cells),DINOv2 (S/14 → B/14),last block,cls,block11,block11,13-75,0.499281993608454,0.3434705357726304
similarity tuning (MTL concept cells),DINOv2 (S/14 → B/14),last block,cls,block11,block11,13-77,0.3923880189125888,0.5354592698705748
similarity tuning (MTL concept cells),DINOv2 (S/14 → B/14),last block,cls,block11,block11,13-78,0.2962060268181047,0.2645500348781758
similarity tuning (MTL concept cells),DINOv2 (S/14 → B/14),last block,cls,block11,block11,13-80,0.10862821489097392,0.2240488613243606
similarity tuning (MTL concept cells),DINOv2 (S/14 → B/14),last block,cls,block11,block11,13-82,0.2298553175510294,0.21701805758205256
similarity tuning (MTL concept cells),DINOv2 (S/14 → B/14),last block,cls,block11,block11,13-83,0.3715146985519281,0.24377895908508126
similarity tuning (MTL concept cells),DINOv2 (S/14 → B/14),last block,cls,block11,block11,13-84,0.36575262479736453,0.30928821820005586
similarity tuning (MTL concept cells),DINOv2 (S/14 → B/14),last block,cls,block11,block11,13-85,0.306030997476933,0.2671943206168528
similarity tuning (MTL concept cells),DINOv2 (S/14 → B/14),last block,cls,block11,block11,13-86,0.4905579546377813,0.5466483945698761
similarity tuning (MTL concept cells),DINOv2 (S/14 → B/14),last block,cls,block11,block11,13-88,0.30251552870526827,0.24874737794619467
similarity tuning (MTL concept cells),DINOv2 (S/14 → B/14),last block,cls,block11,block11,13-89,0.3682903955380063,0.34248007969788014
similarity tuning (MTL concept cells),DINOv2 (S/14 → B/14),last block,cls,block11,block11,13-90,0.3981389412300197,0.3146667397138228
similarity tuning (MTL concept cells),DINOv2 (S/14 → B/14),last block,cls,block11,block11,13-92,0.4283245303519229,0.5926469572178854
similarity tuning (MTL concept cells),DINOv2 (S/14 → B/14),last block,cls,block11,block11,13-93,0.03964641228779803,0.1892722768438604
similarity tuning (MTL concept cells),DINOv2 (S/14 → B/14),last block,cls,block11,block11,13-94,0.2877980773578035,0.368281628402898
similarity tuning (MTL concept cells),DINOv2 (S/14 → B/14),last block,cls,block11,block11,13-95,-0.19522720990501347,-0.09845822205345547
similarity tuning (MTL concept cells),DINOv2 (S/14 → B/14),last block,cls,block11,block11,13-97,0.3183959248820747,0.3550785308432564
similarity tuning (MTL concept cells),DINOv2 (S/14 → B/14),last block,cls,block11,block11,13-98,0.04079374105282588,0.11372800535939333
similarity tuning (MTL concept cells),DINOv2 (S/14 → B/14),last block,cls,block11,block11,14-14,0.13985846982913613,0.31269457272099666
similarity tuning (MTL concept cells),DINOv2 (S/14 → B/14),last block,cls,block11,block11,14-15,0.09760810513085075,0.27891293916063903
similarity tuning (MTL concept cells),DINOv2 (S/14 → B/14),last block,cls,block11,block11,14-16,0.05301885802881213,0.08727132889922457
similarity tuning (MTL concept cells),DINOv2 (S/14 → B/14),last block,cls,block11,block11,14-17,-0.17046536434264314,-0.06915893069630193
similarity tuning (MTL concept cells),DINOv2 (S/14 → B/14),last block,cls,block11,block11,14-18,-0.06764537412184606,0.012882427483996074
similarity tuning (MTL concept cells),DINOv2 (S/14 → B/14),last block,cls,block11,block11,14-19,-0.13404942194771544,0.03063767764302532
similarity tuning (MTL concept cells),DINOv2 (S/14 → B/14),last block,cls,block11,block11,14-45,0.22001372119233242,0.14999542691315698
similarity tuning (MTL concept cells),DINOv2 (S/14 → B/14),last block,cls,block11,block11,14-46,0.03133087262125628,0.08487133794168407
similarity tuning (MTL concept cells),DINOv2 (S/14 → B/14),last block,cls,block11,block11,14-47,0.17503397667089646,-0.0026124474129984544
similarity tuning (MTL concept cells),DINOv2 (S/14 → B/14),last block,cls,block11,block11,14-48,0.36548282663913073,0.521110373338198
similarity tuning (MTL concept cells),DINOv2 (S/14 → B/14),last block,cls,block11,block11,14-49,0.12492918259229825,-0.10599440638103368
similarity tuning (MTL concept cells),DINOv2 (S/14 → B/14),last block,cls,block11,block11,14-50,0.41531939539777096,0.40702918351300527
similarity tuning (MTL concept cells),DINOv2 (S/14 → B/14),last block,cls,block11,block11,14-51,0.3260379402449297,0.20374217361691746
similarity tuning (MTL concept cells),DINOv2 (S/14 → B/14),last block,cls,block11,block11,14-52,0.004441276947216588,-0.1866363202674254
similarity tuning (MTL concept cells),DINOv2 (S/14 → B/14),last block,cls,block11,block11,14-53,0.15425312143956424,0.0781216608825884
similarity tuning (MTL concept cells),DINOv2 (S/14 → B/14),last block,cls,block11,block11,14-55,0.2464979326051131,0.36051118825450645
similarity tuning (MTL concept cells),DINOv2 (S/14 → B/14),last block,cls,block11,block11,14-56,0.3536153496787316,0.2698242178768933
similarity tuning (MTL concept cells),DINOv2 (S/14 → B/14),last block,cls,block11,block11,14-59,0.3874307731923219,0.37746884405477676
similarity tuning (MTL concept cells),DINOv2 (S/14 → B/14),last block,cls,block11,block11,14-60,0.5031761210523286,0.2899805280180498
similarity tuning (MTL concept cells),DINOv2 (S/14 → B/14),last block,cls,block11,block11,14-61,-0.021350073121686585,-0.24578748395235755
similarity tuning (MTL concept cells),DINOv2 (S/14 → B/14),last block,cls,block11,block11,14-62,0.18111663625971147,0.2193104395710868
similarity tuning (MTL concept cells),DINOv2 (S/14 → B/14),last block,cls,block11,block11,14-63,0.07276087845619336,-0.16271377153538105
similarity tuning (MTL concept cells),DINOv2 (S/14 → B/14),last block,cls,block11,block11,14-68,0.20783593175309475,0.18728211709545667
similarity tuning (MTL concept cells),DINOv2 (S/14 → B/14),last block,cls,block11,block11,14-69,0.10024842975247648,0.10723253816330042
similarity tuning (MTL concept cells),DINOv2 (S/14 → B/14),last block,cls,block11,block11,15-2,0.14186127803449702,0.06365926846368855
similarity tuning (MTL concept cells),DINOv2 (S/14 → B/14),last block,cls,block11,block11,15-8,-0.06892823392891707,-0.15068506087857794
similarity tuning (MTL concept cells),DINOv2 (S/14 → B/14),last block,cls,block11,block11,16-7,0.14845708582536715,0.025226106380482304
similarity tuning (MTL concept cells),DINOv2 (S/14 → B/14),last block,cls,block11,block11,16-9,0.0008879745940894719,0.13577938793259012
similarity tuning (MTL concept cells),DINOv2 (S/14 → B/14),last block,cls,block11,block11,16-13,-0.03195677446757887,-0.055517399075043175
similarity tuning (MTL concept cells),DINOv2 (S/14 → B/14),last block,cls,block11,block11,16-20,0.04853701412858122,0.004298181702280375
similarity tuning (MTL concept cells),DINOv2 (S/14 → B/14),last block,cls,block11,block11,16-21,0.09169697063257218,0.16978077866462593
similarity tuning (MTL concept cells),DINOv2 (S/14 → B/14),last block,cls,block11,block11,16-24,0.4987691640880065,0.35828217978802573
similarity tuning (MTL concept cells),DINOv2 (S/14 → B/14),last block,cls,block11,block11,16-30,0.03197438931774069,0.24172965427938992
similarity tuning (MTL concept cells),DINOv2 (S/14 → B/14),last block,cls,block11,block11,18-5,-0.03212388348479936,-0.016314091534274086
similarity tuning (MTL concept cells),DINOv2 (S/14 → B/14),last block,cls,block11,block11,18-13,0.07982775390818687,0.0317244277667487
similarity tuning (MTL concept cells),DINOv2 (S/14 → B/14),last block,cls,block11,block11,18-14,-0.1889787278391416,-0.1884704472370998
similarity tuning (MTL concept cells),DINOv2 (S/14 → B/14),last block,cls,block11,block11,18-16,0.04076919006715304,0.0579378621884557
similarity tuning (MTL concept cells),DINOv2 (S/14 → B/14),last block,cls,block11,block11,18-17,-0.029625921208249428,0.11797011335326081
similarity tuning (MTL concept cells),DINOv2 (S/14 → B/14),last block,cls,block11,block11,18-18,-0.21575730004783658,0.034169015347611256
similarity tuning (MTL concept cells),DINOv2 (S/14 → B/14),last block,cls,block11,block11,18-19,-0.08612827853246373,0.03484944681404252
similarity tuning (MTL concept cells),DINOv2 (S/14 → B/14),last block,cls,block11,block11,18-20,0.04197516938904514,0.02291422955632085
similarity tuning (MTL concept cells),DINOv2 (S/14 → B/14),last block,cls,block11,block11,18-22,-0.14037279165078642,-0.011534668132713193
similarity tuning (MTL concept cells),DINOv2 (S/14 → B/14),last block,cls,block11,block11,18-23,0.24875996898410072,0.3196215144889121
similarity tuning (MTL concept cells),DINOv2 (S/14 → B/14),last block,cls,block11,block11,18-24,-0.06462021843950001,-0.05841462603380198
similarity tuning (MTL concept cells),DINOv2 (S/14 → B/14),last block,cls,block11,block11,18-28,-0.022738758648765938,0.001739297624427541
similarity tuning (MTL concept cells),DINOv2 (S/14 → B/14),last block,cls,block11,block11,18-29,0.20419789243484443,-0.009520480515450947
similarity tuning (MTL concept cells),DINOv2 (S/14 → B/14),last block,cls,block11,block11,18-30,0.0050337781669693845,0.021188096876274196
similarity tuning (MTL concept cells),DINOv2 (S/14 → B/14),last block,cls,block11,block11,18-37,0.26219663253489195,0.19655231932790795
similarity tuning (MTL concept cells),DINOv2 (S/14 → B/14),last block,cls,block11,block11,21-0,0.1582905990251123,0.31568992215481295
similarity tuning (MTL concept cells),DINOv2 (S/14 → B/14),last block,cls,block11,block11,21-2,-0.1219233422755421,0.005176719855805653
similarity tuning (MTL concept cells),DINOv2 (S/14 → B/14),last block,cls,block11,block11,21-4,-0.2765252609785779,-0.17188111079276785
similarity tuning (MTL concept cells),DINOv2 (S/14 → B/14),last block,cls,block11,block11,21-14,0.004137921544665569,0.018191716059169968
RSA (MTL),DINOv2 (S/14 → B/14),last block,gap,block11,block11,1,0.051966487490852226,0.052883606575419385
RSA (MTL),DINOv2 (S/14 → B/14),last block,gap,block11,block11,2,0.01494871261136017,0.02000849755141079
RSA (MTL),DINOv2 (S/14 → B/14),last block,gap,block11,block11,3,0.03543498720424979,0.03473438092779184
RSA (MTL),DINOv2 (S/14 → B/14),last block,gap,block11,block11,4,0.019199447198434486,0.030592241843944816
RSA (MTL),DINOv2 (S/14 → B/14),last block,gap,block11,block11,5,0.012743901066989966,0.007474011568278871
RSA (MTL),DINOv2 (S/14 → B/14),last block,gap,block11,block11,7,0.0323983524995436,0.028963725685555552
RSA (MTL),DINOv2 (S/14 → B/14),last block,gap,block11,block11,8,0.005161924029848558,0.013707057029498265
RSA (MTL),DINOv2 (S/14 → B/14),last block,gap,block11,block11,9,0.004830144616167594,0.0010078773808087605
RSA (MTL),DINOv2 (S/14 → B/14),last block,gap,block11,block11,10,0.009177152869605727,0.0020942474939266297
RSA (MTL),DINOv2 (S/14 → B/14),last block,gap,block11,block11,11,0.05461737151224662,0.06254137493183544
RSA (MTL),DINOv2 (S/14 → B/14),last block,gap,block11,block11,12,0.021478298348866363,0.01232217284981226
RSA (MTL),DINOv2 (S/14 → B/14),last block,gap,block11,block11,13,0.27491045880952525,0.2776242139117354
RSA (MTL),DINOv2 (S/14 → B/14),last block,gap,block11,block11,14,0.18596133065750098,0.18759015527410725
RSA (MTL),DINOv2 (S/14 → B/14),last block,gap,block11,block11,15,-0.005155808804590651,-0.00479447245860039
RSA (MTL),DINOv2 (S/14 → B/14),last block,gap,block11,block11,16,0.09441002118877105,0.07467519655777272
RSA (MTL),DINOv2 (S/14 → B/14),last block,gap,block11,block11,17,-0.004014075262414962,-0.0017051154115909058
RSA (MTL),DINOv2 (S/14 → B/14),last block,gap,block11,block11,18,0.02898645986185709,0.02017923438759057
RSA (MTL),DINOv2 (S/14 → B/14),last block,gap,block11,block11,20,0.012009226518418943,0.044715053282664646
RSA (MTL),DINOv2 (S/14 → B/14),last block,gap,block11,block11,21,0.006522563726609504,-0.007270645498166423
similarity tuning (MTL concept cells),DINOv2 (S/14 → B/14),last block,gap,block11,block11,1-34,0.2224465463916012,0.2550999444393368
similarity tuning (MTL concept cells),DINOv2 (S/14 → B/14),last block,gap,block11,block11,1-36,0.036409583815570336,0.017460451836711483
similarity tuning (MTL concept cells),DINOv2 (S/14 → B/14),last block,gap,block11,block11,1-38,0.19492880069753357,0.18966865662058924
similarity tuning (MTL concept cells),DINOv2 (S/14 → B/14),last block,gap,block11,block11,2-0,0.05017783232736724,0.037844474254041895
similarity tuning (MTL concept cells),DINOv2 (S/14 → B/14),last block,gap,block11,block11,3-39,0.00943225566823219,-0.015830005491456706
similarity tuning (MTL concept cells),DINOv2 (S/14 → B/14),last block,gap,block11,block11,4-8,0.18879962024343147,0.20401228805696597
similarity tuning (MTL concept cells),DINOv2 (S/14 → B/14),last block,gap,block11,block11,4-13,-0.33227478503745206,-0.364356663601958
similarity tuning (MTL concept cells),DINOv2 (S/14 → B/14),last block,gap,block11,block11,4-15,0.12681134074708134,0.12985055802082804
similarity tuning (MTL concept cells),DINOv2 (S/14 → B/14),last block,gap,block11,block11,4-25,0.2858366765895403,0.265329797095103
similarity tuning (MTL concept cells),DINOv2 (S/14 → B/14),last block,gap,block11,block11,4-33,0.13201441287801502,0.09133643227757282
similarity tuning (MTL concept cells),DINOv2 (S/14 → B/14),last block,gap,block11,block11,4-39,0.23810215237795243,0.29101831022813807
similarity tuning (MTL concept cells),DINOv2 (S/14 → B/14),last block,gap,block11,block11,4-40,0.39720059524182183,0.35606024421448035
similarity tuning (MTL concept cells),DINOv2 (S/14 → B/14),last block,gap,block11,block11,4-41,0.4913340929554246,0.49312700659061165
similarity tuning (MTL concept cells),DINOv2 (S/14 → B/14),last block,gap,block11,block11,4-43,0.36340793500333374,0.30737253117232893
similarity tuning (MTL concept cells),DINOv2 (S/14 → B/14),last block,gap,block11,block11,4-44,0.30764775693611823,0.33800193257748584
similarity tuning (MTL concept cells),DINOv2 (S/14 → B/14),last block,gap,block11,block11,4-45,0.05850418186558628,0.04092152971278039
similarity tuning (MTL concept cells),DINOv2 (S/14 → B/14),last block,gap,block11,block11,4-46,0.014344175331641852,0.05172596558986
similarity tuning (MTL concept cells),DINOv2 (S/14 → B/14),last block,gap,block11,block11,5-5,-0.04022824152573991,-0.015975205072643266
similarity tuning (MTL concept cells),DINOv2 (S/14 → B/14),last block,gap,block11,block11,5-6,-0.04032620699908087,-0.023801173000092837
similarity tuning (MTL concept cells),DINOv2 (S/14 → B/14),last block,gap,block11,block11,7-17,0.21378173509917237,0.2637235462733443
similarity tuning (MTL concept cells),DINOv2 (S/14 → B/14),last block,gap,block11,block11,7-20,0.11899741015990523,-0.06966096268783586
similarity tuning (MTL concept cells),DINOv2 (S/14 → B/14),last block,gap,block11,block11,7-21,-0.03301302581081466,-0.0015797644253027873
similarity tuning (MTL concept cells),DINOv2 (S/14 → B/14),last block,gap,block11,block11,7-23,0.2216043178118143,0.06788137419801939
similarity tuning (MTL concept cells),DINOv2 (S/14 → B/14),last block,gap,block11,block11,7-24,0.2617062429805313,0.2007110447886039
similarity tuning (MTL concept cells),DINOv2 (S/14 → B/14),last block,gap,block11,block11,7-25,-0.0604474271321178,-0.1702670145459721
similarity tuning (MTL concept cells),DINOv2 (S/14 → B/14),last block,gap,block11,block11,7-26,0.17481015465675795,0.21261022278905872
similarity tuning (MTL concept cells),DINOv2 (S/14 → B/14),last block,gap,block11,block11,7-30,0.244501941394294,0.28291848673302444
similarity tuning (MTL concept cells),DINOv2 (S/14 → B/14),last block,gap,block11,block11,8-34,-0.02882543162767451,-0.013128414404683441
similarity tuning (MTL concept cells),DINOv2 (S/14 → B/14),last block,gap,block11,block11,8-37,0.15295667684943529,0.23192689226123642
similarity tuning (MTL concept cells),DINOv2 (S/14 → B/14),last block,gap,block11,block11,8-38,-0.02357145658973764,-0.026862410389351974
similarity tuning (MTL concept cells),DINOv2 (S/14 → B/14),last block,gap,block11,block11,8-42,0.14028513518460725,0.14593691041506626
similarity tuning (MTL concept cells),DINOv2 (S/14 → B/14),last block,gap,block11,block11,8-45,0.1860615641670418,0.17843675158517472
similarity tuning (MTL concept cells),DINOv2 (S/14 → B/14),last block,gap,block11,block11,10-64,-0.09748286547654018,-0.0953002238647249
similarity tuning (MTL concept cells),DINOv2 (S/14 → B/14),last block,gap,block11,block11,10-67,-0.04594903229781903,0.01765704784866357
similarity tuning (MTL concept cells),DINOv2 (S/14 → B/14),last block,gap,block11,block11,10-70,0.07753014205052916,0.07819607653791394
similarity tuning (MTL concept cells),DINOv2 (S/14 → B/14),last block,gap,block11,block11,10-71,0.15556559769691972,0.06061685280779927
similarity tuning (MTL concept cells),DINOv2 (S/14 → B/14),last block,gap,block11,block11,11-6,-0.07556876379883068,-0.03575930308662442
similarity tuning (MTL concept cells),DINOv2 (S/14 → B/14),last block,gap,block11,block11,11-11,0.47755203323149836,0.3474768264776819
similarity tuning (MTL concept cells),DINOv2 (S/14 → B/14),last block,gap,block11,block11,11-12,0.2202766474740164,0.17304362738267923
similarity tuning (MTL concept cells),DINOv2 (S/14 → B/14),last block,gap,block11,block11,11-13,-0.020386908525058433,-0.005344394178563911
similarity tuning (MTL concept cells),DINOv2 (S/14 → B/14),last block,gap,block11,block11,11-17,-0.15249206028701784,-0.25526175937192713
similarity tuning (MTL concept cells),DINOv2 (S/14 → B/14),last block,gap,block11,block11,11-18,0.3230939446422987,0.2973145256493866
similarity tuning (MTL concept cells),DINOv2 (S/14 → B/14),last block,gap,block11,block11,11-25,-0.1047490512004893,-0.048658765338065124
similarity tuning (MTL concept cells),DINOv2 (S/14 → B/14),last block,gap,block11,block11,11-28,-0.0063190701109800485,0.0748096364751509
similarity tuning (MTL concept cells),DINOv2 (S/14 → B/14),last block,gap,block11,block11,11-31,-0.06604035371562134,-0.05181235472978477
similarity tuning (MTL concept cells),DINOv2 (S/14 → B/14),last block,gap,block11,block11,11-34,-0.06285024644303283,-0.13368629018240596
similarity tuning (MTL concept cells),DINOv2 (S/14 → B/14),last block,gap,block11,block11,11-65,0.1646195055816879,0.1820749154187954
similarity tuning (MTL concept cells),DINOv2 (S/14 → B/14),last block,gap,block11,block11,11-68,-0.28022386852853987,-0.34693418165870593
similarity tuning (MTL concept cells),DINOv2 (S/14 → B/14),last block,gap,block11,block11,12-14,0.11703068260354453,0.09749569883051797
similarity tuning (MTL concept cells),DINOv2 (S/14 → B/14),last block,gap,block11,block11,12-15,0.4633952394087497,0.46687728089378716
similarity tuning (MTL concept cells),DINOv2 (S/14 → B/14),last block,gap,block11,block11,13-17,0.08896243606626945,0.13910627584504565
similarity tuning (MTL concept cells),DINOv2 (S/14 → B/14),last block,gap,block11,block11,13-18,-0.021589746485574334,-0.10600666411082817
similarity tuning (MTL concept cells),DINOv2 (S/14 → B/14),last block,gap,block11,block11,13-19,0.3032384689769012,0.23326816405867168
similarity tuning (MTL concept cells),DINOv2 (S/14 → B/14),last block,gap,block11,block11,13-20,0.01932340001347166,0.06936539767368916
similarity tuning (MTL concept cells),DINOv2 (S/14 → B/14),last block,gap,block11,block11,13-25,-0.05270376260530692,0.016310642198934442
similarity tuning (MTL concept cells),DINOv2 (S/14 → B/14),last block,gap,block11,block11,13-26,0.0176311247492548,0.09300101198671669
similarity tuning (MTL concept cells),DINOv2 (S/14 → B/14),last block,gap,block11,block11,13-28,-0.12765798254570798,-0.049538538063972556
similarity tuning (MTL concept cells),DINOv2 (S/14 → B/14),last block,gap,block11,block11,13-30,-0.0019036613047636053,-0.02439224685170433
similarity tuning (MTL concept cells),DINOv2 (S/14 → B/14),last block,gap,block11,block11,13-31,0.10148342807782121,0.14659564566813743
similarity tuning (MTL concept cells),DINOv2 (S/14 → B/14),last block,gap,block11,block11,13-32,0.16311625754630268,0.17887640463863308
similarity tuning (MTL concept cells),DINOv2 (S/14 → B/14),last block,gap,block11,block11,13-33,0.1392838182858523,0.09202138974985775
similarity tuning (MTL concept cells),DINOv2 (S/14 → B/14),last block,gap,block11,block11,13-35,0.3547462362860901,0.44351473162851945
similarity tuning (MTL concept cells),DINOv2 (S/14 → B/14),last block,gap,block11,block11,13-37,0.11335161970373998,0.05751746569842506
similarity tuning (MTL concept cells),DINOv2 (S/14 → B/14),last block,gap,block11,block11,13-46,0.07339990173472775,0.1301594530761787
similarity tuning (MTL concept cells),DINOv2 (S/14 → B/14),last block,gap,block11,block11,13-75,0.6478370316744332,0.6568067727788242
similarity tuning (MTL concept cells),DINOv2 (S/14 → B/14),last block,gap,block11,block11,13-77,0.7275979146430248,0.7465145536341247
similarity tuning (MTL concept cells),DINOv2 (S/14 → B/14),last block,gap,block11,block11,13-78,0.41552282071948204,0.4630573773065958
similarity tuning (MTL concept cells),DINOv2 (S/14 → B/14),last block,gap,block11,block11,13-80,0.1682140602499753,0.19817172473927325
similarity tuning (MTL concept cells),DINOv2 (S/14 → B/14),last block,gap,block11,block11,13-82,0.36341852531503915,0.317690534182944
similarity tuning (MTL concept cells),DINOv2 (S/14 → B/14),last block,gap,block11,block11,13-83,0.5685235782425593,0.5235426559801166
similarity tuning (MTL concept cells),DINOv2 (S/14 → B/14),last block,gap,block11,block11,13-84,0.5353737278446158,0.4865813908432643
similarity tuning (MTL concept cells),DINOv2 (S/14 → B/14),last block,gap,block11,block11,13-85,0.6080800384685366,0.6874167411002903
similarity tuning (MTL concept cells),DINOv2 (S/14 → B/14),last block,gap,block11,block11,13-86,0.5885585253513469,0.6245391674310443
similarity tuning (MTL concept cells),DINOv2 (S/14 → B/14),last block,gap,block11,block11,13-88,0.34548950782279364,0.3015526683240973
similarity tuning (MTL concept cells),DINOv2 (S/14 → B/14),last block,gap,block11,block11,13-89,0.4294713527479179,0.44736172062915736
similarity tuning (MTL concept cells),DINOv2 (S/14 → B/14),last block,gap,block11,block11,13-90,0.5740132805986883,0.6035274769643427
similarity tuning (MTL concept cells),DINOv2 (S/14 → B/14),last block,gap,block11,block11,13-92,0.6609778049769058,0.7063969784596115
similarity tuning (MTL concept cells),DINOv2 (S/14 → B/14),last block,gap,block11,block11,13-93,0.3016122389346376,0.4252217317909605
similarity tuning (MTL concept cells),DINOv2 (S/14 → B/14),last block,gap,block11,block11,13-94,0.667054735448669,0.6950852135712708
similarity tuning (MTL concept cells),DINOv2 (S/14 → B/14),last block,gap,block11,block11,13-95,0.017294540638474614,-0.0382893085763438
similarity tuning (MTL concept cells),DINOv2 (S/14 → B/14),last block,gap,block11,block11,13-97,0.48480661735198083,0.4757875468780539
similarity tuning (MTL concept cells),DINOv2 (S/14 → B/14),last block,gap,block11,block11,13-98,0.14006607936010468,0.09798570825551992
similarity tuning (MTL concept cells),DINOv2 (S/14 → B/14),last block,gap,block11,block11,14-14,0.24938861912162755,0.23662145590071057
similarity tuning (MTL concept cells),DINOv2 (S/14 → B/14),last block,gap,block11,block11,14-15,0.21730178931601626,0.23928582547812724
similarity tuning (MTL concept cells),DINOv2 (S/14 → B/14),last block,gap,block11,block11,14-16,0.05711288015957412,0.045161386982815514
similarity tuning (MTL concept cells),DINOv2 (S/14 → B/14),last block,gap,block11,block11,14-17,-0.07896277911368979,-0.12907133769144996
similarity tuning (MTL concept cells),DINOv2 (S/14 → B/14),last block,gap,block11,block11,14-18,-0.08701953467130681,-0.07888592359317596
similarity tuning (MTL concept cells),DINOv2 (S/14 → B/14),last block,gap,block11,block11,14-19,-0.1306764666108686,-0.1537761001298802
similarity tuning (MTL concept cells),DINOv2 (S/14 → B/14),last block,gap,block11,block11,14-45,0.3652084773088136,0.4152580239124547
similarity tuning (MTL concept cells),DINOv2 (S/14 → B/14),last block,gap,block11,block11,14-46,0.0985098231585156,0.0328076512753081
similarity tuning (MTL concept cells),DINOv2 (S/14 → B/14),last block,gap,block11,block11,14-47,0.18126162908976146,0.1038909642926759
similarity tuning (MTL concept cells),DINOv2 (S/14 → B/14),last block,gap,block11,block11,14-48,0.7525105937620215,0.7215665154999661
similarity tuning (MTL concept cells),DINOv2 (S/14 → B/14),last block,gap,block11,block11,14-49,0.1506714016491573,0.09144664889248552
similarity tuning (MTL concept cells),DINOv2 (S/14 → B/14),last block,gap,block11,block11,14-50,0.5665146621498076,0.5329999641034685
similarity tuning (MTL concept cells),DINOv2 (S/14 → B/14),last block,gap,block11,block11,14-51,0.3410000590009461,0.3128420075140755
similarity tuning (MTL concept cells),DINOv2 (S/14 → B/14),last block,gap,block11,block11,14-52,-0.09283038983315134,-0.09226560316934346
similarity tuning (MTL concept cells),DINOv2 (S/14 → B/14),last block,gap,block11,block11,14-53,0.5630755376932387,0.6431118216738847
similarity tuning (MTL concept cells),DINOv2 (S/14 → B/14),last block,gap,block11,block11,14-55,0.4435688895767461,0.49049903860606064
similarity tuning (MTL concept cells),DINOv2 (S/14 → B/14),last block,gap,block11,block11,14-56,0.4812462456171095,0.4848804985281386
similarity tuning (MTL concept cells),DINOv2 (S/14 → B/14),last block,gap,block11,block11,14-59,0.4531795055001192,0.482434791068606
similarity tuning (MTL concept cells),DINOv2 (S/14 → B/14),last block,gap,block11,block11,14-60,0.6085428202647694,0.6076797829790015
similarity tuning (MTL concept cells),DINOv2 (S/14 → B/14),last block,gap,block11,block11,14-61,-0.13411822894824196,-0.09845628082954241
similarity tuning (MTL concept cells),DINOv2 (S/14 → B/14),last block,gap,block11,block11,14-62,0.2649758423366105,0.32110148433794183
similarity tuning (MTL concept cells),DINOv2 (S/14 → B/14),last block,gap,block11,block11,14-63,-0.054017513401242466,-0.10144814546024304
similarity tuning (MTL concept cells),DINOv2 (S/14 → B/14),last block,gap,block11,block11,14-68,0.21268400597209539,0.23419733531891074
similarity tuning (MTL concept cells),DINOv2 (S/14 → B/14),last block,gap,block11,block11,14-69,0.15617172381459743,0.11378801898212436
similarity tuning (MTL concept cells),DINOv2 (S/14 → B/14),last block,gap,block11,block11,15-2,0.06092776230791645,0.13280684096258585
similarity tuning (MTL concept cells),DINOv2 (S/14 → B/14),last block,gap,block11,block11,15-8,-0.05691415475076018,-0.10133061272932749
similarity tuning (MTL concept cells),DINOv2 (S/14 → B/14),last block,gap,block11,block11,16-7,0.11954440560602943,0.14315504704588972
similarity tuning (MTL concept cells),DINOv2 (S/14 → B/14),last block,gap,block11,block11,16-9,0.08968543400303665,0.18280167893778265
similarity tuning (MTL concept cells),DINOv2 (S/14 → B/14),last block,gap,block11,block11,16-13,-0.005526037407932539,0.02703046204965451
similarity tuning (MTL concept cells),DINOv2 (S/14 → B/14),last block,gap,block11,block11,16-20,0.035115333529950984,0.038278146480685594
similarity tuning (MTL concept cells),DINOv2 (S/14 → B/14),last block,gap,block11,block11,16-21,0.3211009777789939,0.30946717709961913
similarity tuning (MTL concept cells),DINOv2 (S/14 → B/14),last block,gap,block11,block11,16-24,0.5886323902523046,0.5229506881097561
similarity tuning (MTL concept cells),DINOv2 (S/14 → B/14),last block,gap,block11,block11,16-30,0.07940442973791868,0.10054350809760146
similarity tuning (MTL concept cells),DINOv2 (S/14 → B/14),last block,gap,block11,block11,18-5,0.10590291258725061,0.06044030511229517
similarity tuning (MTL concept cells),DINOv2 (S/14 → B/14),last block,gap,block11,block11,18-13,-0.07574594642679737,-0.13581051854218068
similarity tuning (MTL concept cells),DINOv2 (S/14 → B/14),last block,gap,block11,block11,18-14,0.022847213061778955,-0.004904907809703379
similarity tuning (MTL concept cells),DINOv2 (S/14 → B/14),last block,gap,block11,block11,18-16,-0.04663728844891171,-0.07467091128578501
similarity tuning (MTL concept cells),DINOv2 (S/14 → B/14),last block,gap,block11,block11,18-17,0.07002490467404411,0.0645621490481662
similarity tuning (MTL concept cells),DINOv2 (S/14 → B/14),last block,gap,block11,block11,18-18,-0.2944302457660483,-0.23601883715463517
similarity tuning (MTL concept cells),DINOv2 (S/14 → B/14),last block,gap,block11,block11,18-19,0.022905384782331634,-0.03633615495723016
similarity tuning (MTL concept cells),DINOv2 (S/14 → B/14),last block,gap,block11,block11,18-20,-0.07585843035853752,-0.10753247188650122
similarity tuning (MTL concept cells),DINOv2 (S/14 → B/14),last block,gap,block11,block11,18-22,-0.062101829321661195,-0.09678307480104663
similarity tuning (MTL concept cells),DINOv2 (S/14 → B/14),last block,gap,block11,block11,18-23,0.18536969512490523,0.1665759808823248
similarity tuning (MTL concept cells),DINOv2 (S/14 → B/14),last block,gap,block11,block11,18-24,-0.12908657921604882,-0.1637814822115423
similarity tuning (MTL concept cells),DINOv2 (S/14 → B/14),last block,gap,block11,block11,18-28,-0.081772566254336,-0.12630370102092936
similarity tuning (MTL concept cells),DINOv2 (S/14 → B/14),last block,gap,block11,block11,18-29,0.12305915530979433,0.12071060176088998
similarity tuning (MTL concept cells),DINOv2 (S/14 → B/14),last block,gap,block11,block11,18-30,-0.05588521067002746,-0.0854458161301385
similarity tuning (MTL concept cells),DINOv2 (S/14 → B/14),last block,gap,block11,block11,18-37,0.17571970195530115,0.1932789848077298
similarity tuning (MTL concept cells),DINOv2 (S/14 → B/14),last block,gap,block11,block11,21-0,-0.023453288562118473,-0.050242495475634905
similarity tuning (MTL concept cells),DINOv2 (S/14 → B/14),last block,gap,block11,block11,21-2,0.04733736863169548,-0.0012619864325098358
similarity tuning (MTL concept cells),DINOv2 (S/14 → B/14),last block,gap,block11,block11,21-4,-0.2370721683910241,-0.19724020487593302
similarity tuning (MTL concept cells),DINOv2 (S/14 → B/14),last block,gap,block11,block11,21-14,-0.08341444284551444,-0.19455800628607436
RSA (MTL),DINOv2 (S/14 → B/14),final norm,cls,norm,norm,1,0.05271576456685634,0.018874917208252347
RSA (MTL),DINOv2 (S/14 → B/14),final norm,cls,norm,norm,2,-0.004538160200797745,0.02710182881709296
RSA (MTL),DINOv2 (S/14 → B/14),final norm,cls,norm,norm,3,0.058879675744253256,0.051526185337992275
RSA (MTL),DINOv2 (S/14 → B/14),final norm,cls,norm,norm,4,0.04235353499659399,-0.0033039568095456925
RSA (MTL),DINOv2 (S/14 → B/14),final norm,cls,norm,norm,5,-0.03143090417313195,-0.0089662718463313
RSA (MTL),DINOv2 (S/14 → B/14),final norm,cls,norm,norm,7,-0.0015996166676044401,0.03744310396044348
RSA (MTL),DINOv2 (S/14 → B/14),final norm,cls,norm,norm,8,0.05721397349941674,0.018404439101182012
RSA (MTL),DINOv2 (S/14 → B/14),final norm,cls,norm,norm,9,-0.007576142513425111,0.011326450975444335
RSA (MTL),DINOv2 (S/14 → B/14),final norm,cls,norm,norm,10,0.010185554873985014,0.030372658617673392
RSA (MTL),DINOv2 (S/14 → B/14),final norm,cls,norm,norm,11,0.029042640781797933,0.03717968063887998
RSA (MTL),DINOv2 (S/14 → B/14),final norm,cls,norm,norm,12,-0.005965838598407786,-0.009227613403977824
RSA (MTL),DINOv2 (S/14 → B/14),final norm,cls,norm,norm,13,0.17775089073056416,0.18466350227373327
RSA (MTL),DINOv2 (S/14 → B/14),final norm,cls,norm,norm,14,0.09617415877050484,0.10020977077553184
RSA (MTL),DINOv2 (S/14 → B/14),final norm,cls,norm,norm,15,0.016679771198495622,0.006464758996853599
RSA (MTL),DINOv2 (S/14 → B/14),final norm,cls,norm,norm,16,0.08021048964972229,0.050352942795232246
RSA (MTL),DINOv2 (S/14 → B/14),final norm,cls,norm,norm,17,-0.015561605703173916,-0.033531044863842376
RSA (MTL),DINOv2 (S/14 → B/14),final norm,cls,norm,norm,18,0.03388143616029086,0.014223435057801317
RSA (MTL),DINOv2 (S/14 → B/14),final norm,cls,norm,norm,20,-0.020666093322663778,0.005835035230679831
RSA (MTL),DINOv2 (S/14 → B/14),final norm,cls,norm,norm,21,-3.8739462730819736e-05,-0.022663476537636423
similarity tuning (MTL concept cells),DINOv2 (S/14 → B/14),final norm,cls,norm,norm,1-34,0.016263661575899205,0.20353531200102074
similarity tuning (MTL concept cells),DINOv2 (S/14 → B/14),final norm,cls,norm,norm,1-36,0.14493184299143175,0.12817788342556985
similarity tuning (MTL concept cells),DINOv2 (S/14 → B/14),final norm,cls,norm,norm,1-38,0.1341589631162968,0.25542045758239346
similarity tuning (MTL concept cells),DINOv2 (S/14 → B/14),final norm,cls,norm,norm,2-0,0.22537804545611967,0.23246588816630873
similarity tuning (MTL concept cells),DINOv2 (S/14 → B/14),final norm,cls,norm,norm,3-39,0.045391149931573144,0.08274085937387594
similarity tuning (MTL concept cells),DINOv2 (S/14 → B/14),final norm,cls,norm,norm,4-8,0.2392122172548939,0.27433595612988254
similarity tuning (MTL concept cells),DINOv2 (S/14 → B/14),final norm,cls,norm,norm,4-13,-0.23351441776999443,-0.27654426914629926
similarity tuning (MTL concept cells),DINOv2 (S/14 → B/14),final norm,cls,norm,norm,4-15,0.2227746261656336,0.14134893003983645
similarity tuning (MTL concept cells),DINOv2 (S/14 → B/14),final norm,cls,norm,norm,4-25,0.20726056216306615,0.16622161044753986
similarity tuning (MTL concept cells),DINOv2 (S/14 → B/14),final norm,cls,norm,norm,4-33,0.08090230342467128,0.07223239925704296
similarity tuning (MTL concept cells),DINOv2 (S/14 → B/14),final norm,cls,norm,norm,4-39,0.25413735172649354,0.36917962807833454
similarity tuning (MTL concept cells),DINOv2 (S/14 → B/14),final norm,cls,norm,norm,4-40,0.2875520658267966,0.4460879908318504
similarity tuning (MTL concept cells),DINOv2 (S/14 → B/14),final norm,cls,norm,norm,4-41,0.20782646785337638,-0.22020009716663938
similarity tuning (MTL concept cells),DINOv2 (S/14 → B/14),final norm,cls,norm,norm,4-43,0.4304733325455431,0.3736283878916976
similarity tuning (MTL concept cells),DINOv2 (S/14 → B/14),final norm,cls,norm,norm,4-44,0.14098947806202028,0.20555192799465527
similarity tuning (MTL concept cells),DINOv2 (S/14 → B/14),final norm,cls,norm,norm,4-45,0.10693496926862751,-0.025641367722841927
similarity tuning (MTL concept cells),DINOv2 (S/14 → B/14),final norm,cls,norm,norm,4-46,-0.12733332112580464,0.08412181255098339
similarity tuning (MTL concept cells),DINOv2 (S/14 → B/14),final norm,cls,norm,norm,5-5,0.07094202442211725,0.07485380449519734
similarity tuning (MTL concept cells),DINOv2 (S/14 → B/14),final norm,cls,norm,norm,5-6,-0.1823902589748772,-0.1405268395107742
similarity tuning (MTL concept cells),DINOv2 (S/14 → B/14),final norm,cls,norm,norm,7-17,0.17526213864610057,0.35583034157753496
similarity tuning (MTL concept cells),DINOv2 (S/14 → B/14),final norm,cls,norm,norm,7-20,0.12570490424701702,0.06432729269085538
similarity tuning (MTL concept cells),DINOv2 (S/14 → B/14),final norm,cls,norm,norm,7-21,-0.09519093331952692,-0.1048720537720235
similarity tuning (MTL concept cells),DINOv2 (S/14 → B/14),final norm,cls,norm,norm,7-23,0.3229977835411469,-0.011551671015056816
similarity tuning (MTL concept cells),DINOv2 (S/14 → B/14),final norm,cls,norm,norm,7-24,0.055673469490618264,-0.2315770712561967
similarity tuning (MTL concept cells),DINOv2 (S/14 → B/14),final norm,cls,norm,norm,7-25,-0.0046248367067526375,-0.00044625617345858784
similarity tuning (MTL concept cells),DINOv2 (S/14 → B/14),final norm,cls,norm,norm,7-26,0.08667737548198173,0.12100064590371798
similarity tuning (MTL concept cells),DINOv2 (S/14 → B/14),final norm,cls,norm,norm,7-30,0.006416208727792167,0.16811273937095703
similarity tuning (MTL concept cells),DINOv2 (S/14 → B/14),final norm,cls,norm,norm,8-34,-0.06747678832220837,0.01019286832661758
similarity tuning (MTL concept cells),DINOv2 (S/14 → B/14),final norm,cls,norm,norm,8-37,0.04424601089260485,0.21142461981466312
similarity tuning (MTL concept cells),DINOv2 (S/14 → B/14),final norm,cls,norm,norm,8-38,0.07429328202629353,-0.031593156476297575
similarity tuning (MTL concept cells),DINOv2 (S/14 → B/14),final norm,cls,norm,norm,8-42,-0.029510340667610907,0.1479957713918763
similarity tuning (MTL concept cells),DINOv2 (S/14 → B/14),final norm,cls,norm,norm,8-45,0.26581952434879413,-0.0336056554534141
similarity tuning (MTL concept cells),DINOv2 (S/14 → B/14),final norm,cls,norm,norm,10-64,0.11029954005754847,0.11834485855691405
similarity tuning (MTL concept cells),DINOv2 (S/14 → B/14),final norm,cls,norm,norm,10-67,0.08815802708302488,0.13319113182673456
similarity tuning (MTL concept cells),DINOv2 (S/14 → B/14),final norm,cls,norm,norm,10-70,0.029634084688623132,0.027892409875462917
similarity tuning (MTL concept cells),DINOv2 (S/14 → B/14),final norm,cls,norm,norm,10-71,0.17327389177560268,-0.015362323495609554
similarity tuning (MTL concept cells),DINOv2 (S/14 → B/14),final norm,cls,norm,norm,11-6,-0.14803582460591833,0.009843421064705217
similarity tuning (MTL concept cells),DINOv2 (S/14 → B/14),final norm,cls,norm,norm,11-11,0.3141007628817993,0.24300517535906302
similarity tuning (MTL concept cells),DINOv2 (S/14 → B/14),final norm,cls,norm,norm,11-12,0.139618429526281,0.29682764628337466
similarity tuning (MTL concept cells),DINOv2 (S/14 → B/14),final norm,cls,norm,norm,11-13,-0.047708494374497354,0.10399408965020215
similarity tuning (MTL concept cells),DINOv2 (S/14 → B/14),final norm,cls,norm,norm,11-17,-0.0138836812544938,0.14766957502494502
similarity tuning (MTL concept cells),DINOv2 (S/14 → B/14),final norm,cls,norm,norm,11-18,0.20757296330613617,0.09320719178333531
similarity tuning (MTL concept cells),DINOv2 (S/14 → B/14),final norm,cls,norm,norm,11-25,-0.06385041103581948,-0.060716028229627246
similarity tuning (MTL concept cells),DINOv2 (S/14 → B/14),final norm,cls,norm,norm,11-28,-0.1492625512504884,-0.08668337305465373
similarity tuning (MTL concept cells),DINOv2 (S/14 → B/14),final norm,cls,norm,norm,11-31,0.017797747835329607,-0.02320336752170479
similarity tuning (MTL concept cells),DINOv2 (S/14 → B/14),final norm,cls,norm,norm,11-34,-0.0676012904041467,-0.07841749686881017
similarity tuning (MTL concept cells),DINOv2 (S/14 → B/14),final norm,cls,norm,norm,11-65,-0.01801438948254618,-0.09040225356685375
similarity tuning (MTL concept cells),DINOv2 (S/14 → B/14),final norm,cls,norm,norm,11-68,-0.0601457344444849,-0.009073819187157857
similarity tuning (MTL concept cells),DINOv2 (S/14 → B/14),final norm,cls,norm,norm,12-14,0.1606067538770586,0.08571838227010874
similarity tuning (MTL concept cells),DINOv2 (S/14 → B/14),final norm,cls,norm,norm,12-15,0.23296147179894403,0.3096179702695443
similarity tuning (MTL concept cells),DINOv2 (S/14 → B/14),final norm,cls,norm,norm,13-17,-0.06308337187460729,0.015814983672682435
similarity tuning (MTL concept cells),DINOv2 (S/14 → B/14),final norm,cls,norm,norm,13-18,0.05064510624186129,-0.16351206362847945
similarity tuning (MTL concept cells),DINOv2 (S/14 → B/14),final norm,cls,norm,norm,13-19,0.4746010461180672,0.3156905964560062
similarity tuning (MTL concept cells),DINOv2 (S/14 → B/14),final norm,cls,norm,norm,13-20,0.03897820398495801,-0.025212193421271067
similarity tuning (MTL concept cells),DINOv2 (S/14 → B/14),final norm,cls,norm,norm,13-25,-0.0685301826139605,-0.1950141157910099
similarity tuning (MTL concept cells),DINOv2 (S/14 → B/14),final norm,cls,norm,norm,13-26,0.016210487359386787,0.06707437962162546
similarity tuning (MTL concept cells),DINOv2 (S/14 → B/14),final norm,cls,norm,norm,13-28,-0.13777985573736887,-0.20080572608947395
similarity tuning (MTL concept cells),DINOv2 (S/14 → B/14),final norm,cls,norm,norm,13-30,0.06482601296488331,0.014340915162552497
similarity tuning (MTL concept cells),DINOv2 (S/14 → B/14),final norm,cls,norm,norm,13-31,0.07723719958139211,-0.09754405133049782
similarity tuning (MTL concept cells),DINOv2 (S/14 → B/14),final norm,cls,norm,norm,13-32,0.22848418705927512,0.19663502945214187
similarity tuning (MTL concept cells),DINOv2 (S/14 → B/14),final norm,cls,norm,norm,13-33,0.08949263487901803,0.12853661008478343
similarity tuning (MTL concept cells),DINOv2 (S/14 → B/14),final norm,cls,norm,norm,13-35,0.3189715998501608,0.3956387382586605
similarity tuning (MTL concept cells),DINOv2 (S/14 → B/14),final norm,cls,norm,norm,13-37,0.2599810167251189,0.11252291240867038
similarity tuning (MTL concept cells),DINOv2 (S/14 → B/14),final norm,cls,norm,norm,13-46,0.2293177054196774,0.03781437311592427
similarity tuning (MTL concept cells),DINOv2 (S/14 → B/14),final norm,cls,norm,norm,13-75,0.49817337392139444,0.4228376270053025
similarity tuning (MTL concept cells),DINOv2 (S/14 → B/14),final norm,cls,norm,norm,13-77,0.4015818581026706,0.5206735613648815
similarity tuning (MTL concept cells),DINOv2 (S/14 → B/14),final norm,cls,norm,norm,13-78,0.33281774912562634,0.2916801302068848
similarity tuning (MTL concept cells),DINOv2 (S/14 → B/14),final norm,cls,norm,norm,13-80,0.13407448828120674,0.1859808308142713
similarity tuning (MTL concept cells),DINOv2 (S/14 → B/14),final norm,cls,norm,norm,13-82,0.23000723778734866,0.2457309822463913
similarity tuning (MTL concept cells),DINOv2 (S/14 → B/14),final norm,cls,norm,norm,13-83,0.427784950323376,0.2755301983291584
similarity tuning (MTL concept cells),DINOv2 (S/14 → B/14),final norm,cls,norm,norm,13-84,0.40155561624516467,0.3227080099025552
similarity tuning (MTL concept cells),DINOv2 (S/14 → B/14),final norm,cls,norm,norm,13-85,0.35880452203566626,0.30220025452902116
similarity tuning (MTL concept cells),DINOv2 (S/14 → B/14),final norm,cls,norm,norm,13-86,0.5665311056209291,0.5486669439151607
similarity tuning (MTL concept cells),DINOv2 (S/14 → B/14),final norm,cls,norm,norm,13-88,0.3468577831012997,0.29182271078805383
similarity tuning (MTL concept cells),DINOv2 (S/14 → B/14),final norm,cls,norm,norm,13-89,0.42672884649678244,0.40084163795802635
similarity tuning (MTL concept cells),DINOv2 (S/14 → B/14),final norm,cls,norm,norm,13-90,0.4166799107417769,0.3740230679603055
similarity tuning (MTL concept cells),DINOv2 (S/14 → B/14),final norm,cls,norm,norm,13-92,0.4402476949146799,0.5748127322574903
similarity tuning (MTL concept cells),DINOv2 (S/14 → B/14),final norm,cls,norm,norm,13-93,0.11571574495523125,0.23889374676872924
similarity tuning (MTL concept cells),DINOv2 (S/14 → B/14),final norm,cls,norm,norm,13-94,0.36573340311902514,0.34895548417075306
similarity tuning (MTL concept cells),DINOv2 (S/14 → B/14),final norm,cls,norm,norm,13-95,-0.2153639541212839,-0.054967144664919323
similarity tuning (MTL concept cells),DINOv2 (S/14 → B/14),final norm,cls,norm,norm,13-97,0.3600049138752333,0.3946917031208961
similarity tuning (MTL concept cells),DINOv2 (S/14 → B/14),final norm,cls,norm,norm,13-98,0.09485743126692966,0.10272857981886639
similarity tuning (MTL concept cells),DINOv2 (S/14 → B/14),final norm,cls,norm,norm,14-14,0.14154898353625361,0.3087079881579435
similarity tuning (MTL concept cells),DINOv2 (S/14 → B/14),final norm,cls,norm,norm,14-15,0.12235918510551382,0.26929175012433415
similarity tuning (MTL concept cells),DINOv2 (S/14 → B/14),final norm,cls,norm,norm,14-16,0.050679416811233856,0.07420097253145028
similarity tuning (MTL concept cells),DINOv2 (S/14 → B/14),final norm,cls,norm,norm,14-17,-0.23298706432743183,-0.05327517628363478
similarity tuning (MTL concept cells),DINOv2 (S/14 → B/14),final norm,cls,norm,norm,14-18,-0.042739347652786974,0.011568925073863142
similarity tuning (MTL concept cells),DINOv2 (S/14 → B/14),final norm,cls,norm,norm,14-19,-0.18234400972529496,-0.0035262714885216794
similarity tuning (MTL concept cells),DINOv2 (S/14 → B/14),final norm,cls,norm,norm,14-45,0.2058159926659934,0.13186523401081762
similarity tuning (MTL concept cells),DINOv2 (S/14 → B/14),final norm,cls,norm,norm,14-46,-0.05527785197225346,0.09677243650668993
similarity tuning (MTL concept cells),DINOv2 (S/14 → B/14),final norm,cls,norm,norm,14-47,0.12120172694850405,0.07998311221008399
similarity tuning (MTL concept cells),DINOv2 (S/14 → B/14),final norm,cls,norm,norm,14-48,0.33887293523462697,0.5460571465299202
similarity tuning (MTL concept cells),DINOv2 (S/14 → B/14),final norm,cls,norm,norm,14-49,0.074907084052819,-0.07228495791970113
similarity tuning (MTL concept cells),DINOv2 (S/14 → B/14),final norm,cls,norm,norm,14-50,0.44607911449459947,0.46597056801079023
similarity tuning (MTL concept cells),DINOv2 (S/14 → B/14),final norm,cls,norm,norm,14-51,0.2788555421441699,0.2528421451164247
similarity tuning (MTL concept cells),DINOv2 (S/14 → B/14),final norm,cls,norm,norm,14-52,-0.011655142971308272,-0.1833246166478246
similarity tuning (MTL concept cells),DINOv2 (S/14 → B/14),final norm,cls,norm,norm,14-53,0.12827974756986138,-0.0715716344944965
similarity tuning (MTL concept cells),DINOv2 (S/14 → B/14),final norm,cls,norm,norm,14-55,0.31755557953386354,0.3746513797372804
similarity tuning (MTL concept cells),DINOv2 (S/14 → B/14),final norm,cls,norm,norm,14-56,0.40891698838082446,0.272848526243414
similarity tuning (MTL concept cells),DINOv2 (S/14 → B/14),final norm,cls,norm,norm,14-59,0.39895634690335496,0.3631438421557247
similarity tuning (MTL concept cells),DINOv2 (S/14 → B/14),final norm,cls,norm,norm,14-60,0.47236061326049444,0.3505962056184615
similarity tuning (MTL concept cells),DINOv2 (S/14 → B/14),final norm,cls,norm,norm,14-61,-0.07726319353963294,-0.28367339802123276
similarity tuning (MTL concept cells),DINOv2 (S/14 → B/14),final norm,cls,norm,norm,14-62,0.17658302167566892,0.20163187543889852
similarity tuning (MTL concept cells),DINOv2 (S/14 → B/14),final norm,cls,norm,norm,14-63,0.03761388998137364,-0.12118335751267437
similarity tuning (MTL concept cells),DINOv2 (S/14 → B/14),final norm,cls,norm,norm,14-68,0.2463932720260842,0.24073718543725012
similarity tuning (MTL concept cells),DINOv2 (S/14 → B/14),final norm,cls,norm,norm,14-69,0.12178066290353658,0.11449399383953615
similarity tuning (MTL concept cells),DINOv2 (S/14 → B/14),final norm,cls,norm,norm,15-2,0.16851875477693953,0.040922008889252307
similarity tuning (MTL concept cells),DINOv2 (S/14 → B/14),final norm,cls,norm,norm,15-8,-0.06717193845583906,-0.12551149243112633
similarity tuning (MTL concept cells),DINOv2 (S/14 → B/14),final norm,cls,norm,norm,16-7,0.15338632500316252,0.02824992537190301
similarity tuning (MTL concept cells),DINOv2 (S/14 → B/14),final norm,cls,norm,norm,16-9,0.059009948025400355,0.11192516133682298
similarity tuning (MTL concept cells),DINOv2 (S/14 → B/14),final norm,cls,norm,norm,16-13,-0.0038982124350531865,-0.03199961196686517
similarity tuning (MTL concept cells),DINOv2 (S/14 → B/14),final norm,cls,norm,norm,16-20,0.1144694994862028,0.09970970571610793
similarity tuning (MTL concept cells),DINOv2 (S/14 → B/14),final norm,cls,norm,norm,16-21,0.1521684970805724,0.21720467448957737
similarity tuning (MTL concept cells),DINOv2 (S/14 → B/14),final norm,cls,norm,norm,16-24,0.5087808802105338,0.37051423617966195
similarity tuning (MTL concept cells),DINOv2 (S/14 → B/14),final norm,cls,norm,norm,16-30,0.04215549282172716,0.23028102383314009
similarity tuning (MTL concept cells),DINOv2 (S/14 → B/14),final norm,cls,norm,norm,18-5,0.016717531201273134,0.01124588071759852
similarity tuning (MTL concept cells),DINOv2 (S/14 → B/14),final norm,cls,norm,norm,18-13,0.07380837958436566,0.01446716575682351
similarity tuning (MTL concept cells),DINOv2 (S/14 → B/14),final norm,cls,norm,norm,18-14,-0.1774153441426906,-0.07893597749709169
similarity tuning (MTL concept cells),DINOv2 (S/14 → B/14),final norm,cls,norm,norm,18-16,0.041256062858652666,0.038181076807076074
similarity tuning (MTL concept cells),DINOv2 (S/14 → B/14),final norm,cls,norm,norm,18-17,-0.04339714701860208,0.10219164245246931
similarity tuning (MTL concept cells),DINOv2 (S/14 → B/14),final norm,cls,norm,norm,18-18,-0.1741879751775911,-0.07313547273058542
similarity tuning (MTL concept cells),DINOv2 (S/14 → B/14),final norm,cls,norm,norm,18-19,-0.039511158788444446,0.07413381961454309
similarity tuning (MTL concept cells),DINOv2 (S/14 → B/14),final norm,cls,norm,norm,18-20,0.05630940716082433,-0.008220351410339319
similarity tuning (MTL concept cells),DINOv2 (S/14 → B/14),final norm,cls,norm,norm,18-22,-0.10697889752549847,-0.01956774058228131
similarity tuning (MTL concept cells),DINOv2 (S/14 → B/14),final norm,cls,norm,norm,18-23,0.24134004628450267,0.36303704834711364
similarity tuning (MTL concept cells),DINOv2 (S/14 → B/14),final norm,cls,norm,norm,18-24,-0.05805562482024921,-0.08033934300434663
similarity tuning (MTL concept cells),DINOv2 (S/14 → B/14),final norm,cls,norm,norm,18-28,-0.015576944901123125,-0.025398860897890417
similarity tuning (MTL concept cells),DINOv2 (S/14 → B/14),final norm,cls,norm,norm,18-29,0.23177445668649546,-0.004873879945575683
similarity tuning (MTL concept cells),DINOv2 (S/14 → B/14),final norm,cls,norm,norm,18-30,0.011762604084040706,-0.006908603708748799
similarity tuning (MTL concept cells),DINOv2 (S/14 → B/14),final norm,cls,norm,norm,18-37,0.2666879519928108,0.2062200747712249
similarity tuning (MTL concept cells),DINOv2 (S/14 → B/14),final norm,cls,norm,norm,21-0,0.10127440674434872,0.30257543397946984
similarity tuning (MTL concept cells),DINOv2 (S/14 → B/14),final norm,cls,norm,norm,21-2,-0.07816589434015003,-0.05596523505803823
similarity tuning (MTL concept cells),DINOv2 (S/14 → B/14),final norm,cls,norm,norm,21-4,-0.2524290699872038,-0.219644105724307
similarity tuning (MTL concept cells),DINOv2 (S/14 → B/14),final norm,cls,norm,norm,21-14,-0.06169035473602021,-0.04105120947055414
RSA (MTL),DINOv2 (S/14 → B/14),final norm,gap,norm,norm,1,0.06067800645229851,0.058018634480591066
RSA (MTL),DINOv2 (S/14 → B/14),final norm,gap,norm,norm,2,0.014227214281835186,0.018405684499371834
RSA (MTL),DINOv2 (S/14 → B/14),final norm,gap,norm,norm,3,0.024338858423553367,0.037465310074087745
RSA (MTL),DINOv2 (S/14 → B/14),final norm,gap,norm,norm,4,0.039243354435901746,0.05174312987331424
RSA (MTL),DINOv2 (S/14 → B/14),final norm,gap,norm,norm,5,0.010013308603483094,0.01507126192472446
RSA (MTL),DINOv2 (S/14 → B/14),final norm,gap,norm,norm,7,0.052805192301344936,0.04844669460986527
RSA (MTL),DINOv2 (S/14 → B/14),final norm,gap,norm,norm,8,-0.000677220019477846,0.023977501130447266
RSA (MTL),DINOv2 (S/14 → B/14),final norm,gap,norm,norm,9,0.003042293429138586,-0.006462526031409767
RSA (MTL),DINOv2 (S/14 → B/14),final norm,gap,norm,norm,10,0.01008941502302962,0.0007805354149441073
RSA (MTL),DINOv2 (S/14 → B/14),final norm,gap,norm,norm,11,0.04724007811607751,0.062237738605642766
RSA (MTL),DINOv2 (S/14 → B/14),final norm,gap,norm,norm,12,0.018887976956437593,0.01410290745209368
RSA (MTL),DINOv2 (S/14 → B/14),final norm,gap,norm,norm,13,0.29474828073980885,0.3162005739677976
RSA (MTL),DINOv2 (S/14 → B/14),final norm,gap,norm,norm,14,0.2017541215192767,0.20080694906575133
RSA (MTL),DINOv2 (S/14 → B/14),final norm,gap,norm,norm,15,-0.004202708156502378,0.001338604052457099
RSA (MTL),DINOv2 (S/14 → B/14),final norm,gap,norm,norm,16,0.09211915475223158,0.09092305513724297
RSA (MTL),DINOv2 (S/14 → B/14),final norm,gap,norm,norm,17,-0.0023714605619581624,-0.003158480520003618
RSA (MTL),DINOv2 (S/14 → B/14),final norm,gap,norm,norm,18,0.05237759811825703,0.04953982615234373
RSA (MTL),DINOv2 (S/14 → B/14),final norm,gap,norm,norm,20,0.0057503584156926605,0.008746660873180769
RSA (MTL),DINOv2 (S/14 → B/14),final norm,gap,norm,norm,21,0.011141733994847677,0.006335785324816219
similarity tuning (MTL concept cells),DINOv2 (S/14 → B/14),final norm,gap,norm,norm,1-34,0.2472580859120428,0.2712375311192988
similarity tuning (MTL concept cells),DINOv2 (S/14 → B/14),final norm,gap,norm,norm,1-36,0.10498979782161343,0.04125410224425329
similarity tuning (MTL concept cells),DINOv2 (S/14 → B/14),final norm,gap,norm,norm,1-38,0.20340066735991988,0.19401839114575475
similarity tuning (MTL concept cells),DINOv2 (S/14 → B/14),final norm,gap,norm,norm,2-0,0.08530999132047037,0.02029118869740042
similarity tuning (MTL concept cells),DINOv2 (S/14 → B/14),final norm,gap,norm,norm,3-39,0.004526471218803115,-0.03805776080613792
similarity tuning (MTL concept cells),DINOv2 (S/14 → B/14),final norm,gap,norm,norm,4-8,0.20149800739997115,0.22671700429285885
similarity tuning (MTL concept cells),DINOv2 (S/14 → B/14),final norm,gap,norm,norm,4-13,-0.2936647649123143,-0.31797383679373326
similarity tuning (MTL concept cells),DINOv2 (S/14 → B/14),final norm,gap,norm,norm,4-15,0.16974028473875355,0.1450972980107907
similarity tuning (MTL concept cells),DINOv2 (S/14 → B/14),final norm,gap,norm,norm,4-25,0.2856351347763272,0.2835693311908925
similarity tuning (MTL concept cells),DINOv2 (S/14 → B/14),final norm,gap,norm,norm,4-33,0.17049971422676052,0.06862834025712769
similarity tuning (MTL concept cells),DINOv2 (S/14 → B/14),final norm,gap,norm,norm,4-39,0.23662198013039482,0.27596989237796876
similarity tuning (MTL concept cells),DINOv2 (S/14 → B/14),final norm,gap,norm,norm,4-40,0.3860357369014787,0.3496803251628557
similarity tuning (MTL concept cells),DINOv2 (S/14 → B/14),final norm,gap,norm,norm,4-41,0.4997431104274992,0.4928492312386812
similarity tuning (MTL concept cells),DINOv2 (S/14 → B/14),final norm,gap,norm,norm,4-43,0.30765081083018037,0.2728152572973165
similarity tuning (MTL concept cells),DINOv2 (S/14 → B/14),final norm,gap,norm,norm,4-44,0.29066957072675575,0.34165450972935163
similarity tuning (MTL concept cells),DINOv2 (S/14 → B/14),final norm,gap,norm,norm,4-45,0.05303576772877611,0.031109781859652096
similarity tuning (MTL concept cells),DINOv2 (S/14 → B/14),final norm,gap,norm,norm,4-46,0.00593199407654351,0.010738954793742561
similarity tuning (MTL concept cells),DINOv2 (S/14 → B/14),final norm,gap,norm,norm,5-5,-0.03659407165139452,0.023420205856892494
similarity tuning (MTL concept cells),DINOv2 (S/14 → B/14),final norm,gap,norm,norm,5-6,-0.014526657794459243,0.031359134286451706
similarity tuning (MTL concept cells),DINOv2 (S/14 → B/14),final norm,gap,norm,norm,7-17,0.15683267872375814,0.2224091526012799
similarity tuning (MTL concept cells),DINOv2 (S/14 → B/14),final norm,gap,norm,norm,7-20,0.07511585245747497,0.0012526043174726864
similarity tuning (MTL concept cells),DINOv2 (S/14 → B/14),final norm,gap,norm,norm,7-21,-0.09940363845366769,-0.08068950603085005
similarity tuning (MTL concept cells),DINOv2 (S/14 → B/14),final norm,gap,norm,norm,7-23,0.2926695447984359,0.2745460750787001
similarity tuning (MTL concept cells),DINOv2 (S/14 → B/14),final norm,gap,norm,norm,7-24,0.23010336176968033,0.27828547470384035
similarity tuning (MTL concept cells),DINOv2 (S/14 → B/14),final norm,gap,norm,norm,7-25,-0.11813617973740069,-0.1371629202239532
similarity tuning (MTL concept cells),DINOv2 (S/14 → B/14),final norm,gap,norm,norm,7-26,0.16070082441272265,0.25671704025680225
similarity tuning (MTL concept cells),DINOv2 (S/14 → B/14),final norm,gap,norm,norm,7-30,0.2528147652806159,0.3104799368027229
similarity tuning (MTL concept cells),DINOv2 (S/14 → B/14),final norm,gap,norm,norm,8-34,-0.002364745451775278,0.052269028778894944
similarity tuning (MTL concept cells),DINOv2 (S/14 → B/14),final norm,gap,norm,norm,8-37,0.21863688166345766,0.24752644738362917
similarity tuning (MTL concept cells),DINOv2 (S/14 → B/14),final norm,gap,norm,norm,8-38,-0.03698209332316604,-0.04060214250274181
similarity tuning (MTL concept cells),DINOv2 (S/14 → B/14),final norm,gap,norm,norm,8-42,0.18226975118230265,0.15191164423012288
similarity tuning (MTL concept cells),DINOv2 (S/14 → B/14),final norm,gap,norm,norm,8-45,0.19251643196121498,0.1637115844297172
similarity tuning (MTL concept cells),DINOv2 (S/14 → B/14),final norm,gap,norm,norm,10-64,-0.07479354453511167,-0.08717876670448203
similarity tuning (MTL concept cells),DINOv2 (S/14 → B/14),final norm,gap,norm,norm,10-67,-0.04383731043695581,-0.0029004372546796065
similarity tuning (MTL concept cells),DINOv2 (S/14 → B/14),final norm,gap,norm,norm,10-70,0.05570798115622758,0.06554332127760294
similarity tuning (MTL concept cells),DINOv2 (S/14 → B/14),final norm,gap,norm,norm,10-71,0.12188956835925348,0.06293759790073208
similarity tuning (MTL concept cells),DINOv2 (S/14 → B/14),final norm,gap,norm,norm,11-6,-0.11809541886743996,-0.09479419556583306
similarity tuning (MTL concept cells),DINOv2 (S/14 → B/14),final norm,gap,norm,norm,11-11,0.4490528373756534,0.4033068019599878
similarity tuning (MTL concept cells),DINOv2 (S/14 → B/14),final norm,gap,norm,norm,11-12,0.23289553785310935,0.15899261454086266
similarity tuning (MTL concept cells),DINOv2 (S/14 → B/14),final norm,gap,norm,norm,11-13,-0.014103986588307686,-0.011314473529252378
similarity tuning (MTL concept cells),DINOv2 (S/14 → B/14),final norm,gap,norm,norm,11-17,-0.16980224422772125,-0.22475319471397184
similarity tuning (MTL concept cells),DINOv2 (S/14 → B/14),final norm,gap,norm,norm,11-18,0.3171354940260124,0.2903224662527241
similarity tuning (MTL concept cells),DINOv2 (S/14 → B/14),final norm,gap,norm,norm,11-25,-0.09329844304560955,-0.07310189577022563
similarity tuning (MTL concept cells),DINOv2 (S/14 → B/14),final norm,gap,norm,norm,11-28,0.009886287109113946,0.06499978973028267
similarity tuning (MTL concept cells),DINOv2 (S/14 → B/14),final norm,gap,norm,norm,11-31,-0.06351603131490839,-0.028889467474825854
similarity tuning (MTL concept cells),DINOv2 (S/14 → B/14),final norm,gap,norm,norm,11-34,-0.11945842980949584,-0.1700267221828407
similarity tuning (MTL concept cells),DINOv2 (S/14 → B/14),final norm,gap,norm,norm,11-65,0.14307338106659737,0.18809665069011194
similarity tuning (MTL concept cells),DINOv2 (S/14 → B/14),final norm,gap,norm,norm,11-68,-0.2239813970863519,-0.20900199166844602
similarity tuning (MTL concept cells),DINOv2 (S/14 → B/14),final norm,gap,norm,norm,12-14,0.13021615657878527,0.11769635701782852
similarity tuning (MTL concept cells),DINOv2 (S/14 → B/14),final norm,gap,norm,norm,12-15,0.48003165983726165,0.4782777426447984
similarity tuning (MTL concept cells),DINOv2 (S/14 → B/14),final norm,gap,norm,norm,13-17,0.10843479235863125,0.11852409613705706
similarity tuning (MTL concept cells),DINOv2 (S/14 → B/14),final norm,gap,norm,norm,13-18,-0.0022195066480496977,0.002295171647415028
similarity tuning (MTL concept cells),DINOv2 (S/14 → B/14),final norm,gap,norm,norm,13-19,0.332733019400932,0.290380569522917
similarity tuning (MTL concept cells),DINOv2 (S/14 → B/14),final norm,gap,norm,norm,13-20,0.035001356488781776,0.07841527498870557
similarity tuning (MTL concept cells),DINOv2 (S/14 → B/14),final norm,gap,norm,norm,13-25,-0.017100688930445328,0.020082478207438033
similarity tuning (MTL concept cells),DINOv2 (S/14 → B/14),final norm,gap,norm,norm,13-26,0.018798076890932092,0.08929720736313222
similarity tuning (MTL concept cells),DINOv2 (S/14 → B/14),final norm,gap,norm,norm,13-28,-0.12118202337522468,-0.07998064534569321
similarity tuning (MTL concept cells),DINOv2 (S/14 → B/14),final norm,gap,norm,norm,13-30,-0.02078798144801857,-0.053048695026079146
similarity tuning (MTL concept cells),DINOv2 (S/14 → B/14),final norm,gap,norm,norm,13-31,0.11696136639472407,0.10613443417304819
similarity tuning (MTL concept cells),DINOv2 (S/14 → B/14),final norm,gap,norm,norm,13-32,0.15856276400437735,0.17204616432574513
similarity tuning (MTL concept cells),DINOv2 (S/14 → B/14),final norm,gap,norm,norm,13-33,0.14611145643711954,0.1037295248018457
similarity tuning (MTL concept cells),DINOv2 (S/14 → B/14),final norm,gap,norm,norm,13-35,0.37746149169748716,0.4418003727295461
similarity tuning (MTL concept cells),DINOv2 (S/14 → B/14),final norm,gap,norm,norm,13-37,0.07398802318793356,0.011834976057712856
similarity tuning (MTL concept cells),DINOv2 (S/14 → B/14),final norm,gap,norm,norm,13-46,0.06248362925451116,0.11488680271522603
similarity tuning (MTL concept cells),DINOv2 (S/14 → B/14),final norm,gap,norm,norm,13-75,0.6593011670747081,0.6606113539775966
similarity tuning (MTL concept cells),DINOv2 (S/14 → B/14),final norm,gap,norm,norm,13-77,0.7463886106315208,0.7442979567882968
similarity tuning (MTL concept cells),DINOv2 (S/14 → B/14),final norm,gap,norm,norm,13-78,0.4130702398742959,0.4546376925494102
similarity tuning (MTL concept cells),DINOv2 (S/14 → B/14),final norm,gap,norm,norm,13-80,0.1676311276922309,0.2137588344354816
similarity tuning (MTL concept cells),DINOv2 (S/14 → B/14),final norm,gap,norm,norm,13-82,0.36468452728436623,0.3117403249271066
similarity tuning (MTL concept cells),DINOv2 (S/14 → B/14),final norm,gap,norm,norm,13-83,0.5928913943925771,0.562626919525802
similarity tuning (MTL concept cells),DINOv2 (S/14 → B/14),final norm,gap,norm,norm,13-84,0.5608206913559589,0.5050146141629238
similarity tuning (MTL concept cells),DINOv2 (S/14 → B/14),final norm,gap,norm,norm,13-85,0.718138291452294,0.7409463333461114
similarity tuning (MTL concept cells),DINOv2 (S/14 → B/14),final norm,gap,norm,norm,13-86,0.6773242328102357,0.6671305586165486
similarity tuning (MTL concept cells),DINOv2 (S/14 → B/14),final norm,gap,norm,norm,13-88,0.38058323487336704,0.37495810317284195
similarity tuning (MTL concept cells),DINOv2 (S/14 → B/14),final norm,gap,norm,norm,13-89,0.48027179564278394,0.4618944406702214
similarity tuning (MTL concept cells),DINOv2 (S/14 → B/14),final norm,gap,norm,norm,13-90,0.6079167677059015,0.6278199308960735
similarity tuning (MTL concept cells),DINOv2 (S/14 → B/14),final norm,gap,norm,norm,13-92,0.6611293706281274,0.7187495790341627
similarity tuning (MTL concept cells),DINOv2 (S/14 → B/14),final norm,gap,norm,norm,13-93,0.4124800551146003,0.4780920754500408
similarity tuning (MTL concept cells),DINOv2 (S/14 → B/14),final norm,gap,norm,norm,13-94,0.7094158270488926,0.7353017591405124
similarity tuning (MTL concept cells),DINOv2 (S/14 → B/14),final norm,gap,norm,norm,13-95,0.05622736700601747,-0.027376319367259816
similarity tuning (MTL concept cells),DINOv2 (S/14 → B/14),final norm,gap,norm,norm,13-97,0.502364751748001,0.47399383818435975
similarity tuning (MTL concept cells),DINOv2 (S/14 → B/14),final norm,gap,norm,norm,13-98,0.13502047131399136,0.15013206741210064
similarity tuning (MTL concept cells),DINOv2 (S/14 → B/14),final norm,gap,norm,norm,14-14,0.22927907547128995,0.20402229605599762
similarity tuning (MTL concept cells),DINOv2 (S/14 → B/14),final norm,gap,norm,norm,14-15,0.21555017442550162,0.23773729637202012
similarity tuning (MTL concept cells),DINOv2 (S/14 → B/14),final norm,gap,norm,norm,14-16,0.06209690710137133,0.03471018763037341
similarity tuning (MTL concept cells),DINOv2 (S/14 → B/14),final norm,gap,norm,norm,14-17,-0.13003398947403585,-0.1723906679078149
similarity tuning (MTL concept cells),DINOv2 (S/14 → B/14),final norm,gap,norm,norm,14-18,-0.09174309141543871,-0.07034815792731189
similarity tuning (MTL concept cells),DINOv2 (S/14 → B/14),final norm,gap,norm,norm,14-19,-0.09768794130882885,-0.136783559985917
similarity tuning (MTL concept cells),DINOv2 (S/14 → B/14),final norm,gap,norm,norm,14-45,0.37886996069297074,0.3904886054402446
similarity tuning (MTL concept cells),DINOv2 (S/14 → B/14),final norm,gap,norm,norm,14-46,0.07334667315124045,0.04172623608801323
similarity tuning (MTL concept cells),DINOv2 (S/14 → B/14),final norm,gap,norm,norm,14-47,0.1265849519207433,0.09903550647457778
similarity tuning (MTL concept cells),DINOv2 (S/14 → B/14),final norm,gap,norm,norm,14-48,0.7550808673635929,0.7350730512886158
similarity tuning (MTL concept cells),DINOv2 (S/14 → B/14),final norm,gap,norm,norm,14-49,0.13771204749124785,0.1202143981029421
similarity tuning (MTL concept cells),DINOv2 (S/14 → B/14),final norm,gap,norm,norm,14-50,0.5723531955198711,0.5481144357714253
similarity tuning (MTL concept cells),DINOv2 (S/14 → B/14),final norm,gap,norm,norm,14-51,0.3246754538826618,0.30317844683354556
similarity tuning (MTL concept cells),DINOv2 (S/14 → B/14),final norm,gap,norm,norm,14-52,-0.11829713394667073,-0.11719323274013714
similarity tuning (MTL concept cells),DINOv2 (S/14 → B/14),final norm,gap,norm,norm,14-53,0.5558705086663376,0.5948431656754843
similarity tuning (MTL concept cells),DINOv2 (S/14 → B/14),final norm,gap,norm,norm,14-55,0.48298308097107273,0.487467177729574
similarity tuning (MTL concept cells),DINOv2 (S/14 → B/14),final norm,gap,norm,norm,14-56,0.4824661347061263,0.49316557859104404
similarity tuning (MTL concept cells),DINOv2 (S/14 → B/14),final norm,gap,norm,norm,14-59,0.4836957947569029,0.4971380940741471
similarity tuning (MTL concept cells),DINOv2 (S/14 → B/14),final norm,gap,norm,norm,14-60,0.5945311560958301,0.602780777209789
similarity tuning (MTL concept cells),DINOv2 (S/14 → B/14),final norm,gap,norm,norm,14-61,-0.1426739567800943,-0.07482991314708778
similarity tuning (MTL concept cells),DINOv2 (S/14 → B/14),final norm,gap,norm,norm,14-62,0.2907591923173665,0.3391599603067818
similarity tuning (MTL concept cells),DINOv2 (S/14 → B/14),final norm,gap,norm,norm,14-63,-0.06472437457917236,-0.10526294160439857
similarity tuning (MTL concept cells),DINOv2 (S/14 → B/14),final norm,gap,norm,norm,14-68,0.1723591386400954,0.1766264539682782
similarity tuning (MTL concept cells),DINOv2 (S/14 → B/14),final norm,gap,norm,norm,14-69,0.16711433410448043,0.13247113931577248
similarity tuning (MTL concept cells),DINOv2 (S/14 → B/14),final norm,gap,norm,norm,15-2,0.10154627051319409,0.15554410053702206
similarity tuning (MTL concept cells),DINOv2 (S/14 → B/14),final norm,gap,norm,norm,15-8,-0.04879446988247194,-0.07450256303912123
similarity tuning (MTL concept cells),DINOv2 (S/14 → B/14),final norm,gap,norm,norm,16-7,0.14112536032562104,0.165771556214598
similarity tuning (MTL concept cells),DINOv2 (S/14 → B/14),final norm,gap,norm,norm,16-9,0.12132961953786148,0.1645174747958494
similarity tuning (MTL concept cells),DINOv2 (S/14 → B/14),final norm,gap,norm,norm,16-13,-0.01687797471880171,0.04635017422777525
similarity tuning (MTL concept cells),DINOv2 (S/14 → B/14),final norm,gap,norm,norm,16-20,0.051132142703542945,0.03122264066750838
similarity tuning (MTL concept cells),DINOv2 (S/14 → B/14),final norm,gap,norm,norm,16-21,0.3293819817347989,0.3243729842200681
similarity tuning (MTL concept cells),DINOv2 (S/14 → B/14),final norm,gap,norm,norm,16-24,0.5889957186599769,0.530943913078548
similarity tuning (MTL concept cells),DINOv2 (S/14 → B/14),final norm,gap,norm,norm,16-30,0.11922930850451642,0.0994804209847354
similarity tuning (MTL concept cells),DINOv2 (S/14 → B/14),final norm,gap,norm,norm,18-5,0.0996748127279528,0.08641173367535902
similarity tuning (MTL concept cells),DINOv2 (S/14 → B/14),final norm,gap,norm,norm,18-13,-0.07468674321960138,-0.11289556135235489
similarity tuning (MTL concept cells),DINOv2 (S/14 → B/14),final norm,gap,norm,norm,18-14,0.03591002453425324,0.019289248847486343
similarity tuning (MTL concept cells),DINOv2 (S/14 → B/14),final norm,gap,norm,norm,18-16,-0.051608515898960546,-0.06485658080450304
similarity tuning (MTL concept cells),DINOv2 (S/14 → B/14),final norm,gap,norm,norm,18-17,0.054449699098866655,0.03267490109246035
similarity tuning (MTL concept cells),DINOv2 (S/14 → B/14),final norm,gap,norm,norm,18-18,-0.26812086949764863,-0.1755149272299255
similarity tuning (MTL concept cells),DINOv2 (S/14 → B/14),final norm,gap,norm,norm,18-19,0.011666879157557257,-0.04495402249909751
similarity tuning (MTL concept cells),DINOv2 (S/14 → B/14),final norm,gap,norm,norm,18-20,-0.08055944382132531,-0.09874697131670106
similarity tuning (MTL concept cells),DINOv2 (S/14 → B/14),final norm,gap,norm,norm,18-22,-0.057956557961467405,-0.08735966288905325
similarity tuning (MTL concept cells),DINOv2 (S/14 → B/14),final norm,gap,norm,norm,18-23,0.17984968342797247,0.1582317771544032
similarity tuning (MTL concept cells),DINOv2 (S/14 → B/14),final norm,gap,norm,norm,18-24,-0.12716335842915893,-0.14678021045543574
similarity tuning (MTL concept cells),DINOv2 (S/14 → B/14),final norm,gap,norm,norm,18-28,-0.08105638487957173,-0.11001057474504196
similarity tuning (MTL concept cells),DINOv2 (S/14 → B/14),final norm,gap,norm,norm,18-29,0.14841343233237458,0.09570987043384373
similarity tuning (MTL concept cells),DINOv2 (S/14 → B/14),final norm,gap,norm,norm,18-30,-0.06379543350383649,-0.07247613258769187
similarity tuning (MTL concept cells),DINOv2 (S/14 → B/14),final norm,gap,norm,norm,18-37,0.1841440977746744,0.1756182032104894
similarity tuning (MTL concept cells),DINOv2 (S/14 → B/14),final norm,gap,norm,norm,21-0,-0.08202284740345668,-0.05490259515735877
similarity tuning (MTL concept cells),DINOv2 (S/14 → B/14),final norm,gap,norm,norm,21-2,0.01936762851525299,0.02147952417782047
similarity tuning (MTL concept cells),DINOv2 (S/14 → B/14),final norm,gap,norm,norm,21-4,-0.17705901346911132,-0.20567639752909753
similarity tuning (MTL concept cells),DINOv2 (S/14 → B/14),final norm,gap,norm,norm,21-14,-0.0784186595171987,-0.14384323613499025
