image_uid,n_subjects_screening,n_subjects_sternberg,first_path,sternberg_rate,category,category_clip,category_p,p_cat_face_person,p_cat_animal,p_cat_landmark_place,p_cat_landscape_nature,p_cat_object,p_cat_vehicle,p_cat_food,p_cat_scene_with_people,p_cat_cartoon_art,attr_famous,attr_face_visible,attr_single_object,attr_indoor,attr_natural,attr_text_present,attr_colorful,attr_emotional,attr_child,attr_smiling,fine,fine_p,category_overridden,luminance,rms_contrast,michelson_contrast,colorfulness,saturation,hue_entropy,gray_entropy,edge_density,spectral_slope,high_freq_energy,edge_com_x,edge_com_y,aspect,clip_centroid_dist,clip_nn1_dist,clip_nn5_dist,clip_mean_dist,clip_cat_typicality,resnet50_centroid_dist,resnet50_nn1_dist,resnet50_nn5_dist,resnet50_mean_dist,resnet50_cat_typicality,dinov2_centroid_dist,dinov2_nn1_dist,dinov2_nn5_dist,dinov2_mean_dist,dinov2_cat_typicality,alexnet_fc7_centroid_dist,alexnet_fc7_nn1_dist,alexnet_fc7_nn5_dist,alexnet_fc7_mean_dist,alexnet_fc7_cat_typicality
img_0000,10,0,images/sub-01/ses-1/image_1.png,0.0,face_person,face_person,0.9332768,0.9332768,0.02544413,0.0013797439,0.0013372299,0.01805946,0.0017979953,0.0047558355,0.008091075,0.0058576935,0.8448273,0.9951037,0.98342705,0.6900131,0.8425484,0.19436303,0.40504003,0.086727336,0.022786446,0.43338138,tv host,0.41418618,False,0.4458129703998565,0.1524979919195175,0.7337930689130071,83.89002990722656,0.5523604154586792,1.6609963178634644,4.9867786999588315,0.009425,-2.738701615217382,0.0394728779792785,0.4868764321584908,0.5361134447450603,1.3333333333333333,0.3486215997086468,0.28072955407842326,0.3031186584122375,0.5411669116304005,0.730609868616696,0.5286018929783889,0.2685856803802955,0.3096540752657707,0.8283973856738261,0.572464708146731,0.5449690704633336,0.29048178016410053,0.422248406355056,0.911211916927436,0.46055542261508636,0.46513053203116306,0.32517269244862224,0.34424563196863023,0.8277083915860877,0.6255191549174991
img_0001,11,1,images/sub-01/ses-1/image_2.png,0.09090909090909091,face_person,face_person,0.9440684,0.9440684,0.010433402,0.0013577925,0.001713068,0.017671915,0.0011209573,0.006494206,0.013336661,0.0038036678,0.9486815,0.99914527,0.94870263,0.7424848,0.8000105,0.83799994,0.34160134,0.19961315,0.090370744,0.1325334,tv host,0.41964057,False,0.3951443135738373,0.2472986727952957,0.9999999885110296,51.5396614074707,0.3172567784786224,2.34524917602539,5.542243575131472,0.0208,-2.9330226731093045,0.0275634862482547,0.5224478557619237,0.4935948142418022,1.3333333333333333,0.3223979334908379,0.22301402601052267,0.269912279331617,0.5225768140762791,0.7431953564964618,0.39944560474455315,0.29964140771484526,0.3420746662278839,0.7805772654287131,0.7209416881885542,0.6236391976122742,0.33159562602271464,0.48814168753422515,0.9270694630884498,0.44329897620979863,0.46837169303740767,0.2001268596743332,0.30144407859258815,0.8287702015189616,0.6513376535626594
img_0002,12,1,images/sub-01/ses-1/image_3.png,0.08333333333333333,face_person,face_person,0.97670335,0.97670335,0.0067282286,0.000409655,0.0010040163,0.0040783323,0.0010259006,0.0008734216,0.007834593,0.001342431,0.70883256,0.9989157,0.9907273,0.34441328,0.85838926,0.31500086,0.6871993,0.5246392,0.035740476,0.2578012,actor,0.1933618,False,0.3930331170558929,0.2187804579734802,0.911366520949976,40.8458366394043,0.3919033408164978,1.8653756380081177,5.600790670362861,0.0152916666666666,-2.801611642129191,0.0239633433520793,0.4942375649717134,0.5261759606652268,1.3333333333333333,0.32078695942251123,0.19958720323306556,0.24790059282214633,0.521434785923594,0.7556233963426155,0.5304134861149679,0.2685856803802955,0.2837930701805359,0.8290681280961354,0.5940562480819831,0.5126724329416948,0.2670028555650933,0.3484641073715605,0.9047018801586467,0.5618140456855001,0.5363118233358479,0.2896665518349286,0.3311801327827061,0.8510275053223383,0.552300457507295
img_0003,13,2,images/sub-01/ses-1/image_4.png,0.15384615384615385,face_person,face_person,0.9549042,0.9549042,0.010571004,0.0010146948,0.0024374714,0.009280304,0.0027881912,0.0010654903,0.01564825,0.0022904433,0.93661076,0.994638,0.96039385,0.36721754,0.52751714,0.19185054,0.51430833,0.4269034,0.24107665,0.25726655,actor,0.69308853,False,0.3931104242801666,0.2695851624011993,0.9778935610305896,49.95133209228515,0.372791051864624,2.187988519668579,5.618111144741346,0.0166333333333333,-2.7781419624770853,0.0200978275388479,0.4774032699719915,0.5301327783708633,1.3333333333333333,0.34071099680941797,0.29447288669908755,0.3061072334195086,0.5355590428302435,0.7429495467787087,0.3925466084952818,0.1969431673638914,0.20449810623189926,0.7780229118256317,0.7968232651827027,0.5280179551998865,0.3154414534288842,0.36920890839766446,0.9077950787639247,0.5582479824940139,0.4009449710616255,0.212304827595708,0.2305400525066446,0.8066810911671194,0.7719231814511995
img_0004,13,3,images/sub-01/ses-1/image_5.png,0.23076923076923078,face_person,face_person,0.89846426,0.89846426,0.04204851,0.0033386594,0.010771282,0.013098571,0.006115265,0.0018872549,0.011297986,0.012978306,0.83276165,0.9158148,0.97049487,0.4815443,0.4215695,0.08902286,0.6009671,0.70831114,0.05149042,0.12266642,musician,0.5504354,False,0.557986319065094,0.2895659804344177,0.9915665442031673,44.35938262939453,0.2816691994667053,1.8865140676498413,5.633213419577788,0.0288583333333333,-2.8981229105227344,0.0232307128608226,0.4442509665369684,0.4912857729168423,1.3333333333333333,0.32860559303236503,0.28418574927303686,0.3022161427528425,0.5269774572015103,0.7395757194576382,0.4020328916935014,0.35718091573826616,0.40891708257577253,0.781535208512238,0.6587352417297874,0.5398113364709507,0.5066717862976229,0.5255404734832674,0.9101722719206901,0.5089554711591117,0.42265055791490314,0.38377072128954604,0.39385610110308733,0.8137918788371141,0.6978908135817148
img_0005,13,0,images/sub-01/ses-1/image_6.png,0.0,face_person,face_person,0.7343644,0.7343644,0.0258793,0.011623582,0.002948874,0.041315183,0.0035063927,0.0050844983,0.12635154,0.04892628,0.21395944,0.9872097,0.855416,0.39543825,0.23103358,0.24633956,0.8419033,0.42262888,0.023702046,0.052079897,fictional movie character,0.5312599,False,0.4038551151752472,0.2391400933265686,0.7964827540882801,40.33669662475586,0.2588991224765777,2.9156432151794434,5.541257571064028,0.0465833333333333,-2.8305601105965503,0.0341884940862655,0.4452160111196576,0.5092959848944929,1.3333333333333333,0.2725436690733458,0.2848993614564369,0.3128295863711409,0.4872348587862621,0.7440963102645988,0.5309072055957151,0.35718091573826616,0.445837047026027,0.8292509277511855,0.4884995629235306,0.5753249117739738,0.5031145888889779,0.5415819508478378,0.9173307471910319,0.4535562375602658,0.5711064992081936,0.5364070843679738,0.5837348119137538,0.8624263011184159,0.4082211112650461
img_0006,16,1,images/sub-01/ses-1/image_7.png,0.0625,face_person,face_person,0.9132805,0.9132805,0.020383626,0.0018284795,0.0018600567,0.017164046,0.0046609645,0.005621274,0.02997997,0.005221128,0.8025528,0.9850697,0.98062736,0.21199995,0.41214326,0.5799009,0.53006834,0.54303795,0.055469826,0.37583888,actor,0.67058396,False,0.5568504333496094,0.2260303199291229,0.8701730476949558,29.632892608642575,0.1225716695189476,2.7530596256256104,4.758248433214922,0.02365,-2.8845210031550463,0.026923207566142,0.4958674164517151,0.5492448776874984,1.3333333333333333,0.3502374530107789,0.2468828173419566,0.2885420374131824,0.5423123986980853,0.7450619973994465,0.45088414505958696,0.29388681548860696,0.3152223933058726,0.7996223867831188,0.6610978361122052,0.4957846833653079,0.3128118250285389,0.3976109277033384,0.9012978146236287,0.5696910933652803,0.38451516429985944,0.15006881130336958,0.19286398318583653,0.801298658149681,0.777501219660576
img_0007,13,1,images/sub-01/ses-1/image_8.png,0.07692307692307693,face_person,face_person,0.7167802,0.7167802,0.02467307,0.002370939,0.000747606,0.050740507,0.011970484,0.0045264084,0.09485073,0.093340136,0.18674015,0.92465645,0.73814446,0.8652138,0.15959463,0.18438053,0.32697576,0.89371467,0.024490573,0.0429871,politician,0.23829177,False,0.509848415851593,0.2534341216087341,0.9736969886203418,27.351364135742188,0.2472592890262603,3.0518975257873535,5.745366156232313,0.02745,-3.0663773383855615,0.0197100043296813,0.5153256033102168,0.5502559233092126,1.3333333333333333,0.24939726708456378,0.2642929814788777,0.31659042162390777,0.4708262503398142,0.7638046987395786,0.3920609479183226,0.31736641187221004,0.3621744715317773,0.7778430959799917,0.696476683448934,0.452795299866684,0.4098945349114238,0.47445634348534166,0.892632439875062,0.5683346305753559,0.4778357816450699,0.4381516013348489,0.4775388268711067,0.8318706532613634,0.5782683259635226
img_0008,12,0,images/sub-01/ses-1/image_9.png,0.0,face_person,face_person,0.57629603,0.57629603,0.03135011,0.002828439,0.0016617294,0.029395198,0.004004892,0.003786588,0.2907431,0.05993384,0.50162935,0.9861829,0.9482176,0.76703167,0.27971548,0.27818477,0.6296879,0.6581288,0.041978206,0.04547727,fictional movie character,0.81569976,False,0.2850612998008728,0.2843014597892761,0.9999999898088056,39.74589920043945,0.4409448504447937,3.2093937397003174,5.266708117343475,0.0442166666666666,-3.205212951745558,0.0193202123045921,0.5391331492866775,0.5188791227945936,1.3333333333333333,0.2910466122269667,0.22915218794759307,0.28528160026924454,0.5003516943731403,0.7760280336958354,0.37597449823740536,0.16917811090862667,0.20531435631584163,0.7718870874218507,0.7698522845473665,0.5088233345978841,0.3809636258748976,0.4344329118481829,0.9039260169831659,0.5591224218082893,0.37764029222527773,0.2619736767184869,0.2877741396079851,0.7990464382068994,0.7460298891042763
img_0009,10,1,images/sub-01/ses-1/image_11.png,0.1,face_person,face_person,0.70451444,0.70451444,0.027352285,0.0059786625,0.002777898,0.07924344,0.008971082,0.005159191,0.11980439,0.046198666,0.25387508,0.9719425,0.98035,0.5863702,0.09667996,0.78772616,0.66142845,0.35700864,0.24441828,0.088976465,politician,0.4776158,False,0.455033391714096,0.2297869175672531,0.874022396595438,63.538089752197266,0.3630058467388153,3.1716387271881104,5.4565284113374695,0.023625,-2.8877316208437027,0.0240038949996233,0.4982681909907855,0.581109661398425,1.3333333333333333,0.27001348656612356,0.22664918079398677,0.26607170509278416,0.48544119884381476,0.7380396669279605,0.448653276525785,0.23349876077523468,0.2867543247187541,0.7987964076302936,0.6137894636565479,0.4714371006088811,0.23463237021335204,0.2996618992636083,0.8963900696960251,0.5853073357455004,0.4118289563247335,0.14137246775556955,0.20771149707977124,0.8102467035015136,0.7386435981802411
img_0010,16,0,images/sub-01/ses-1/image_12.png,0.0,face_person,face_person,0.85739404,0.85739404,0.015315182,0.0056700176,0.0013150781,0.06256479,0.007148637,0.004552903,0.033862922,0.012176533,0.19344419,0.93269473,0.6737713,0.54524744,0.117085606,0.7569529,0.5042209,0.46466953,0.060434867,0.027268974,politician,0.6571682,False,0.3997928500175476,0.1746062040328979,0.876621681169588,68.88909912109375,0.4848782420158386,1.9530816078186035,5.2995088080238855,0.0203,-2.7277048855005885,0.0506740845739841,0.4932433026190292,0.5157618222618875,1.3333333333333333,0.2708096819478051,0.22084148263969228,0.24751904196981173,0.48600562601790487,0.7380691141922535,0.4416809172669438,0.2668773929774463,0.308673722533152,0.7962148913703474,0.611598122889395,0.43256170845722663,0.3938582125756436,0.4274556349496151,0.8885539526346496,0.6149925549929114,0.428040360326704,0.2366285614407213,0.2567480889453276,0.8155575873983527,0.7020087092669597
img_0011,16,0,images/sub-01/ses-1/image_13.png,0.0,face_person,face_person,0.90755254,0.90755254,0.023411008,0.0046985634,0.0017552127,0.026775198,0.0060379216,0.0023110637,0.023870835,0.003587627,0.46993405,0.9458858,0.847136,0.57829237,0.19293316,0.752062,0.20106398,0.5643048,0.12526588,0.08784036,politician,0.7502555,False,0.532099187374115,0.330104649066925,0.9822071335840892,61.82617950439453,0.3635497391223907,2.764451503753662,5.771491483520631,0.0263166666666666,-3.7587829210178265,0.0113040693104267,0.566211156833206,0.5230517968378833,1.3333333333333333,0.3047698356726438,0.1359349771201177,0.20192679735157454,0.5100801610373052,0.7476183294900819,0.44047559255338653,0.28741692365541405,0.301355002970609,0.79576861985291,0.6824688744378311,0.5053549536926469,0.266890903990168,0.346147213824591,0.9032268950635501,0.5529975370566578,0.39381234814517563,0.2722332103310433,0.3175623922187621,0.804344431604222,0.7325128731843125
img_0012,1,0,images/sub-01/ses-1/image_14.png,0.0,animal,scene_with_people,0.50802714,0.04780241,0.4136917,0.011351839,0.003680801,0.005816061,0.00249471,0.002922174,0.50802714,0.0042131827,0.8566445,0.3354469,0.44594845,0.19110347,0.47047812,0.01850997,0.4740933,0.68792003,0.010768413,0.29160574,dog,0.6228585,True,0.5241107940673828,0.2409853190183639,0.8822770350210232,34.79947280883789,0.2132067382335662,2.5708281993865967,5.838201524069562,0.125275,-2.477983669442766,0.1255283057689666,0.5095252128652388,0.4744770849738474,1.3333333333333333,0.3667627705324259,0.3704933624464877,0.40668151326537244,0.5540272848733684,0.6142373675069008,0.6522849767503553,0.7161142122716484,0.7337826408664437,0.8741910517751126,0.34573631115734044,0.9380323697953088,0.8426603228831137,0.8744721390820303,0.9904417293002662,0.04270094641382693,0.7823200601781652,0.6716458319434833,0.7319822051319533,0.9316202277896102,0.2547095594408234
img_0013,11,0,images/sub-01/ses-1/image_15.png,0.0,face_person,face_person,0.94128376,0.94128376,0.009130031,0.0015705709,0.0005240844,0.015240748,0.003577104,0.0014121725,0.02353116,0.0037303069,0.29919675,0.9824326,0.9748198,0.31633586,0.11072142,0.9099217,0.49085194,0.53288335,0.2477961,0.7919075,politician,0.44165793,False,0.4660344123840332,0.3310039043426513,0.9678347783409086,57.1550407409668,0.457589328289032,2.7334542274475098,5.6660327710716025,0.022575,-2.8894461077314144,0.0171237960457801,0.5381388614962672,0.5069769043803926,1.3333333333333333,0.3040442079651835,0.0947075295596781,0.24325791411835365,0.5095657596657495,0.7370587234437578,0.4008337080088299,0.16556906899729007,0.20518406990735194,0.7810912107109605,0.7691580976319392,0.45865900651831915,0.39293680906994133,0.43504698569365363,0.8938143878681916,0.6412076456193267,0.368893481622818,0.18696645106090537,0.20140448997843502,0.7961809679754712,0.8142995244090439
img_0014,11,0,images/sub-01/ses-1/image_16.png,0.0,face_person,face_person,0.93325144,0.93325144,0.014249273,0.00694221,0.0006173172,0.014653105,0.0013795698,0.0012647527,0.01091378,0.016728597,0.42255536,0.9322625,0.93805087,0.6563968,0.2973157,0.24372645,0.013271464,0.4101415,0.10123782,0.03826416,politician,0.23962805,False,0.4880395531654358,0.226673811674118,0.8008658034185522,0.0,0.0,-0.0,5.122712082016498,0.0238416666666666,-2.7043625745320607,0.0283213406801223,0.5278163557904952,0.5083874709850765,1.3333333333333333,0.3830374985485524,0.33009277717862806,0.36459823918699097,0.5655645268048994,0.6399505056730086,0.5505768008908074,0.36792155849780706,0.423906324476664,0.8365335960985525,0.5192913276894014,0.6369104070512268,0.4024501378329962,0.487726092010894,0.9297445422311625,0.40633693575767,0.461317302198645,0.34822401367844724,0.391189027239117,0.8264591709195738,0.6298527944446868
img_0015,13,1,images/sub-01/ses-1/image_17.png,0.07692307692307693,face_person,face_person,0.8826027,0.8826027,0.041414965,0.0026966548,0.0029639788,0.01851768,0.0050134268,0.005067002,0.025282828,0.016440839,0.95882034,0.98460126,0.9485796,0.5526161,0.43129504,0.37468162,0.8069885,0.7477498,0.15472765,0.08937477,musician,0.32451788,False,0.4830287098884582,0.2863964736461639,0.9819681566247422,52.50926208496094,0.4036652743816376,2.322542905807495,5.077707189672037,0.0326666666666666,-3.4189724306776386,0.0301638469099998,0.40847394133086,0.4363770657823375,1.3333333333333333,0.3139064689545774,0.29126617322799087,0.3269084741278928,0.5165571693479138,0.7464669792427698,0.3972894105578516,0.25672120835335965,0.3013499250518666,0.7797789344555187,0.758551571046197,0.49683274841304526,0.3814435288572088,0.42023191386330955,0.9015090732102937,0.5458806566776242,0.39775652233077863,0.27591893918532606,0.2901350896305515,0.8056365498665329,0.7610621604879984
img_0016,11,1,images/sub-01/ses-1/image_18.png,0.09090909090909091,face_person,face_person,0.8873823,0.8873823,0.047837798,0.0013989703,0.0025091833,0.014542279,0.002074239,0.0022841885,0.0024626467,0.039508384,0.8411785,0.9429703,0.96519643,0.5996472,0.36510777,0.3520212,0.10086512,0.72776914,0.37666792,0.9741943,musician,0.47713783,False,0.1862109005451202,0.2997519373893738,0.9999999894942612,26.113115310668945,0.1944645345211029,2.1210739612579346,3.35749632574796,0.02935,-2.859126105160419,0.0198346301913261,0.3801245919922065,0.5561611319772649,1.3333333333333333,0.30248242142739856,0.3129929509463637,0.3518693655210024,0.5084586008171361,0.734145731315146,0.41963315200606444,0.29964140771484526,0.35763587594968127,0.7880517055097997,0.7054391269899218,0.5911565139717299,0.4862389707160254,0.5454393838829169,0.9205219249830602,0.45283146413263725,0.423374681980184,0.3518579628347378,0.37109302663459476,0.8140291031291709,0.7085853120235275
img_0017,13,1,images/sub-01/ses-1/image_19.png,0.07692307692307693,scene_with_people,scene_with_people,0.48063296,0.30585754,0.03305454,0.017732147,0.025087263,0.07831539,0.012915663,0.030370185,0.48063296,0.016034272,0.85887843,0.3867702,0.63866276,0.5662945,0.6244873,0.6195486,0.11556827,0.19866012,0.064352624,0.14005458,couple,0.83387804,False,0.4755632877349853,0.3906786739826202,0.9830931478591828,29.40414810180664,0.2003196328878402,2.3348894119262695,5.1444145062015885,0.0956416666666666,-2.841428283046275,0.056315641850233,0.5260536279875629,0.504129242309792,1.3333333333333333,0.2702005926554978,0.23853750187383527,0.30489670648034906,0.4855738393535569,0.7067657913045019,0.36792043226716,0.3801732109324808,0.4147587784688618,0.7689050692140968,0.5339261493466647,0.6480407943044401,0.4465145691804777,0.49221741332064795,0.9319880956110067,0.23625921525519344,0.5133445654927485,0.3514280919054231,0.4323017299573385,0.843503392061165,0.4765143027210158
img_0018,15,2,images/sub-01/ses-1/image_21.png,0.13333333333333333,face_person,object,0.8377268,0.117655315,0.0068126246,0.002034909,0.0033465868,0.8377268,0.0024103273,0.0028732966,0.020804545,0.006335511,0.21913639,0.9922691,0.9801471,0.12750676,0.07313807,0.9527001,0.21397805,0.3847067,0.05865764,0.10910919,phone or computer,0.31987843,True,0.2780926823616028,0.3088119924068451,0.9749514573172284,33.26030349731445,0.2926817238330841,3.2453103065490723,4.966165587777367,0.0475833333333333,-2.6082232154614933,0.0280282665044069,0.5552907271967268,0.4851601399801167,1.3333333333333333,0.3093485102652176,0.23997647271748945,0.3007648469040662,0.5133260080000276,0.6933587601520488,0.5486323379964972,0.5195944901566971,0.5536353343043359,0.8358136586437868,0.43515927158432033,0.7035744856719384,0.6815463033870599,0.7073464936958509,0.9431820278730508,0.29076062580017625,0.5782788495175911,0.5371817163527384,0.5753528330420101,0.8647759754437264,0.4067463538564628
img_0019,16,1,images/sub-01/ses-1/image_22.png,0.0625,face_person,face_person,0.32207632,0.32207632,0.08916143,0.011939785,0.0047321836,0.25065538,0.054114945,0.011024271,0.19063254,0.06566319,0.53181016,0.62805593,0.9931931,0.7622285,0.20784897,0.5467755,0.04369712,0.80564594,0.48268625,0.45278782,scientist,0.97266483,False,0.3742955029010772,0.2358995974063873,0.9920948512006372,0.0,0.0,-0.0,5.710700222940327,0.0558416666666666,-2.8401301588582784,0.0661084204912185,0.5260432753683585,0.4690475426181844,1.3333333333333333,0.3263075559204299,0.3243573926610792,0.3331546590938235,0.5253483663742006,0.658648569966181,0.604602554770185,0.4624751279441319,0.5347323647754709,0.8565366333658307,0.36588586381555877,0.7510849205633395,0.6695493693777206,0.703934559185947,0.9527587114469045,0.22598953007940972,0.7253228549608668,0.5725017488186792,0.6668690801001135,0.9129478451066182,0.16828625051825333
img_0020,13,4,images/sub-01/ses-1/image_23.png,0.3076923076923077,face_person,face_person,0.83557755,0.83557755,0.017069448,0.0043105176,0.0018709284,0.11032647,0.0032413797,0.004324517,0.018924525,0.0043545794,0.18954101,0.98812675,0.99150014,0.15984525,0.12856358,0.8818047,0.35226226,0.508372,0.2466765,0.44278896,scientist,0.48572728,False,0.3855177164077759,0.1686268597841262,0.7377854423669531,93.56800079345705,0.4946645498275757,1.8157087564468384,5.163232026362483,0.0126416666666666,-2.774234963383234,0.0368664227426052,0.5000724784465816,0.5482703506497036,1.3333333333333333,0.2917461177053262,0.315655596869278,0.33077258758045236,0.5008475775564577,0.7333239370439572,0.4127367894022569,0.3424427434729972,0.35468640886099595,0.7854983270140439,0.6895923138301042,0.604777311408204,0.3608134915178024,0.449002052931616,0.9232674706167897,0.4608732416005159,0.4250539194927605,0.39315669411124776,0.4191770215414975,0.8145792242330203,0.6657165783425188
img_0021,13,2,images/sub-01/ses-1/image_24.png,0.15384615384615385,face_person,face_person,0.8605451,0.8605451,0.06440917,0.0075342567,0.001758411,0.007792941,0.002083331,0.0029541287,0.037125677,0.015796974,0.88929474,0.94761336,0.62931424,0.8750671,0.5370376,0.5825991,0.9102001,0.37810647,0.027952947,0.09510739,athlete,0.83623004,False,0.2468967735767364,0.2350320070981979,0.9903200279396644,80.29191589355469,0.518007755279541,2.800865888595581,5.2437832298050315,0.09385,-1.7899110744434656,0.1371916681528091,0.4978048308889869,0.6133419640134233,1.3333333333333333,0.34370688540420546,0.2639849892491155,0.31233877200814836,0.5376828443145897,0.7025095800461434,0.6434754319119398,0.2156678112028957,0.36418712033954437,0.8709293174899414,0.39893905074009717,0.800578514321801,0.17881034649321437,0.4131617277333315,0.9627351405711816,0.2135491817686415,0.6352686889796804,0.3723651685322691,0.44265614544182813,0.8834459450926145,0.3220052445612296
img_0022,13,2,images/sub-01/ses-1/image_25.png,0.15384615384615385,face_person,face_person,0.8474554,0.8474554,0.04774746,0.0049051107,0.0041429526,0.046068378,0.0050932076,0.00935545,0.018607484,0.016624568,0.7209362,0.9504919,0.8365762,0.43184063,0.18912295,0.7717195,0.7204697,0.38946304,0.053367082,0.4754407,athlete,0.77662086,False,0.2584624290466308,0.1609820127487182,0.99999998695072,72.67211151123047,0.4928794205188751,2.7159018516540527,5.038690507771241,0.0189,-2.7228823233974753,0.0387329831719398,0.4990339247792299,0.4977514528684919,1.3333333333333333,0.2861822450517255,0.35088615607644846,0.3594264535910417,0.49690331840710605,0.7347260992486842,0.5071847358585273,0.5291505477995129,0.5555072371878927,0.8204676824995911,0.43793102925128286,0.750970458123756,0.6631591869554349,0.7130841060819593,0.9527356392403988,0.2340338126657892,0.5266305830170817,0.46528612718805673,0.501301200140927,0.8478559143050448,0.49218243446568066
img_0023,13,2,images/sub-01/ses-1/image_26.png,0.15384615384615385,face_person,face_person,0.9395928,0.9395928,0.015984396,0.00084590196,0.002267822,0.01816185,0.0012694375,0.0078600515,0.0059278635,0.008089936,0.8336177,0.99621636,0.9490557,0.37502757,0.82760406,0.7744968,0.22364683,0.0756896,0.06072361,0.9193889,tv host,0.6638204,False,0.3192873299121856,0.3007694780826568,0.9999999876930538,59.567420959472656,0.4791195392608642,2.136500358581543,5.120099183835263,0.044575,-2.846898817497637,0.0397759489715099,0.5108824429689774,0.4788618704868241,1.3333333333333333,0.3778142234029829,0.22301402601052267,0.31001729257917876,0.5618617190547683,0.6784004961699316,0.5155865897027243,0.28092239221324267,0.33346390716033725,0.8235784691798644,0.6208456624072298,0.5397001099394354,0.3988085923867414,0.4689195511682581,0.9101498519765291,0.5008044928148763,0.4765148921133239,0.31236162984351723,0.38062397091027267,0.8314379275737674,0.6354566314119796
img_0024,14,0,images/sub-01/ses-1/image_27.png,0.0,vehicle,vehicle,0.98192596,0.0014558448,0.0076135024,0.0012103035,0.0005562797,0.005281843,0.98192596,0.00038070744,0.00028433293,0.0012913751,0.79076517,0.46354952,0.89270824,0.82854277,0.3592495,0.65431124,0.487184,0.1572283,0.13051295,0.7274282,car,0.82270986,False,0.4846964478492737,0.2436703145503997,0.9479942596137304,48.97852325439453,0.360815942287445,1.9138972759246824,5.769126444760387,0.05485,-2.323257468863939,0.0596824996173381,0.5119181436876454,0.507586137012344,1.3333333333333333,0.362293980707478,0.19562725205269715,0.2639888598297112,0.5508593358114545,0.7495486820508036,0.6822825562790399,0.23065678477218876,0.32831765058354534,0.8852976566469317,0.6861959185916777,0.9506476624732879,0.3366360757927588,0.5365108762688886,0.9929845952295029,0.4056760951809713,0.8085786478245138,0.43487478322046125,0.5192719440144935,0.9402225863680389,0.5341491937694709
img_0025,3,0,images/sub-01/ses-1/image_28.png,0.0,face_person,face_person,0.61319375,0.61319375,0.17100812,0.0062012067,0.022923768,0.1492527,0.0060942583,0.009458147,0.011471413,0.010396642,0.11945808,0.93809175,0.8050327,0.040818814,0.7337773,0.46031064,0.8626385,0.12264301,0.017855192,0.08567087,scientist,0.47639728,False,0.4040725231170654,0.1953013837337494,0.8270866015087671,62.908348083496094,0.2387621402740478,3.2474539279937744,5.576898501282854,0.0429083333333333,-2.3424432189800983,0.0863709226250648,0.5506430479409667,0.4952060668849186,1.3333333333333333,0.28519590787563387,0.2274406420019799,0.3381507183046532,0.49620409869570087,0.6737697190045344,0.5932261763940191,0.558495851262065,0.6039381106037162,0.8523245288733479,0.3307726006362631,0.7811736274678186,0.7058580223957481,0.7283433260253225,0.9588236953989409,0.20815248229085861,0.6672485532950245,0.5655875490119404,0.6748057453281172,0.893922603770346,0.29984316862690935
img_0026,15,2,images/sub-01/ses-1/image_29.png,0.13333333333333333,object,object,0.97070944,0.014345265,0.0041400264,0.0010490231,0.00039606311,0.97070944,0.0037435207,0.0034653023,0.00029798268,0.0018533397,0.44052282,0.7384094,0.9868951,0.24755655,0.1392836,0.8825351,0.14410484,0.026779408,0.06463007,0.57731247,phone or computer,0.6623902,False,0.8300039172172546,0.1942988485097885,0.7948746810130783,2.402906894683838,0.0091729098930954,3.621737957000733,4.261165434151023,0.0234916666666666,-3.098920706512741,0.0214071832597255,0.4523173925292506,0.5029369955752637,1.3333333333333333,0.24923349474647927,0.1629087128251132,0.24192551628155679,0.47071015125144244,0.8060987357985231,0.8513865415563506,0.2835673277326458,0.5878149338215669,0.9479084131224367,0.3446191673315211,0.945110436615755,0.8291993105056356,0.8533465762410701,0.9918684560058617,0.11361837411771998,0.7982970640538998,0.507816545978923,0.6228277446614533,0.936854321801027,0.4673665481548824
img_0027,5,0,images/sub-01/ses-1/image_31.png,0.0,face_person,face_person,0.94619936,0.94619936,0.025460718,0.0011474441,0.0013684134,0.013499821,0.0021777612,0.0025274812,0.004997273,0.002621681,0.8936048,0.9975731,0.9800362,0.75589716,0.44321722,0.31958362,0.27047193,0.13695745,0.03351794,0.06039525,tv host,0.47801736,False,0.7248373031616211,0.3448096513748169,0.8984195966477689,40.434513092041016,0.1713313162326812,1.599932074546814,3.935604716244855,0.0232,-3.089133527212087,0.0109281493350863,0.4994256451611514,0.4999212749437271,1.3333333333333333,0.32589409387140156,0.24322931591242591,0.26962696077902615,0.5250552609112756,0.7556327376999987,0.432326465367745,0.18836481692056495,0.2671066827169143,0.7927514052268244,0.7143940970663321,0.5185548444163673,0.4357116715641538,0.48093602644619404,0.9058875984850082,0.5496678917882888,0.3948088502600713,0.12952852525943626,0.22946583651530056,0.8046708874148674,0.7534616289813503
img_0028,2,0,images/sub-01/ses-1/image_32.png,0.0,face_person,face_person,0.4843231,0.4843231,0.05009546,0.00030906362,0.0008606636,0.12870765,0.013119379,0.31079733,0.00280582,0.008981502,0.13977297,0.99555993,0.90502596,0.914435,0.6125736,0.31708747,0.8735116,0.59608513,0.99657273,0.8632467,baby,0.7094734,False,0.3299229741096496,0.15286485850811,0.7404841309732909,54.85498809814453,0.4379902482032776,2.85323715209961,5.1389638636204795,0.0022916666666666,-3.2318210899891433,0.0162292551249265,0.448983644397208,0.5855150134000117,1.3333333333333333,0.25977198777237176,0.21786117989572562,0.2708044787455227,0.47818094544923173,0.6807887869818194,0.6553539359912924,0.5442482471155363,0.5916397464012456,0.8753273340416272,0.3403820905023797,0.8312892887886414,0.616736778987764,0.6695961536061804,0.9689255147500159,0.17999363207949093,0.6256718892838388,0.46871467185076254,0.5610342111231266,0.8803020169689527,0.38630406141493295
img_0029,3,0,images/sub-01/ses-1/image_33.png,0.0,face_person,face_person,0.94388384,0.94388384,0.019515544,0.0015036433,0.0010642009,0.018312605,0.0047148047,0.0027991845,0.0050290124,0.0031771048,0.83916306,0.9694882,0.9357177,0.65178615,0.5357726,0.28120428,0.17456274,0.15115745,0.049284633,0.54091537,actor,0.5792543,False,0.6086567044258118,0.3158549070358276,0.9766785648865992,26.658191680908203,0.1996353566646576,2.8227968215942383,5.103972599341322,0.019575,-2.812357833674041,0.0187310557812452,0.3945964589368709,0.5032438975236495,1.3333333333333333,0.3478654326385673,0.2171405299883029,0.2615292654226044,0.5406308607409771,0.7379444589380979,0.4914892015648016,0.2658199201631757,0.3192068270553935,0.8146564103772586,0.6640739435389312,0.5638530503615047,0.4324219567667792,0.46429035191366913,0.9150183628274405,0.48385013781064223,0.3735789818848453,0.15006881130336958,0.18617052545459017,0.7977159459383429,0.7978303603247653
img_0030,13,2,images/sub-01/ses-1/image_34.png,0.15384615384615385,landmark_place,landmark_place,0.74941343,0.046952825,0.004410286,0.74941343,0.008439077,0.09955377,0.026281243,0.009391639,0.04852798,0.007029721,0.42451215,0.79348654,0.92325944,0.114910185,0.040217318,0.9737761,0.23408572,0.12156491,0.08627098,0.18082656,politician,0.5768707,False,0.6450737714767456,0.2164682447910308,0.9612060157482958,46.334007263183594,0.2228920310735702,1.8344953060150144,5.4746856466389655,0.0373416666666666,-1.8260724094245349,0.0798975899815559,0.5112308161158248,0.6748462549913351,1.3333333333333333,0.2673479753461807,0.2880517745461001,0.2946461455086613,0.48355160365148847,0.7713543994416044,0.7012128241017167,0.28264843400577766,0.4360776300142125,0.8923065889717261,0.5528164994722644,0.9118286934584088,0.5154439203366797,0.6729791813033372,0.985159851385998,0.24710469283386888,0.7698882589655207,0.45889072541092657,0.5915859622406965,0.9275475482819677,0.4350755530419396
img_0031,3,0,images/sub-01/ses-1/image_35.png,0.0,scene_with_people,face_person,0.4746637,0.4746637,0.036813084,0.0070237825,0.0108389845,0.038633607,0.027941091,0.015201277,0.124717,0.26416743,0.15292771,0.8646876,0.18940713,0.81286323,0.44352368,0.7575027,0.97181296,0.28981274,0.7719355,0.51086825,painting or artwork,0.57010865,True,0.4553799331188202,0.1804874092340469,0.6906179349732331,50.08023452758789,0.3396956026554107,2.4414398670196533,5.437884568159734,0.0222416666666666,-2.5232029074028293,0.048080064356327,0.5222764159045997,0.5279361567033275,1.3333333333333333,0.333656312310731,0.23522321423313453,0.339759917545251,0.5305579391723929,0.6428064046034313,0.5974460207047632,0.5167948449079918,0.5691910340293183,0.8538869263772936,0.3959010877393292,0.8441913590850958,0.7002715777415316,0.7535058111725682,0.9715261864752737,0.1519288487205689,0.696616646143495,0.5824425397934878,0.6589225132785227,0.9035436416132658,0.3899797348835583
img_0032,10,1,images/sub-01/ses-1/image_36.png,0.1,landmark_place,landmark_place,0.8759631,0.004715638,0.0028635308,0.8759631,0.059566047,0.008318728,0.008461098,0.0053114793,0.03075604,0.0040443228,0.7284541,0.26753074,0.519249,0.32151657,0.04553676,0.81335306,0.95802206,0.38561547,0.03500528,0.61172456,casino or theme park,0.84930736,False,0.2355023324489593,0.2271454334259033,0.9905899279673762,62.7260627746582,0.5871736407279968,3.0464396476745605,5.064401906012151,0.0698333333333333,-2.3575613497252266,0.0994205102324485,0.4942293452314815,0.5652828225175694,1.3333333333333333,0.2589107251538747,0.09957426748223397,0.20481995652907123,0.4775703917621693,0.8396916001320925,0.648773492060783,0.45449057497855216,0.5439428973734115,0.8728909244457318,0.5270408136046087,0.8151227690753884,0.32624943920979654,0.6025813427022916,0.9656668275976422,0.42853815650468263,0.7602713319065231,0.5754574833412861,0.6107418470517991,0.92439702639944,0.39750653653277546
img_0033,3,0,images/sub-01/ses-1/image_37.png,0.0,face_person,face_person,0.6404142,0.6404142,0.03873689,0.0056512738,0.004612215,0.14444092,0.010965616,0.02923763,0.10588143,0.020059787,0.17010777,0.9932847,0.94681484,0.7958395,0.32600942,0.88743705,0.32079968,0.13721219,0.08565264,0.047070663,scientist,0.76117504,False,0.5977073311805725,0.1087694019079208,0.6848035389393835,40.03955078125,0.2645103335380554,2.299290895462036,4.4289039928245995,0.0018416666666666,-3.0457797756073735,0.0138962334021925,0.3699078277046745,0.4548927425054559,1.3333333333333333,0.3386512783790834,0.17522095905677937,0.2981154749881859,0.534098897393831,0.6591579891405188,0.4286164246363523,0.18328108024585876,0.23483629190724836,0.7913777625160003,0.7454190217550982,0.6814724201199341,0.5213354839992135,0.5761606241282222,0.9387269120947181,0.3829178961383723,0.47087885145068564,0.2692831574840375,0.32453369788775255,0.8295915509370804,0.6605679288478332
img_0034,1,0,images/sub-01/ses-1/image_38.png,0.0,food,food,0.97427994,0.005328049,0.0027121191,8.118998e-05,0.0006331123,0.012582952,0.000204803,0.97427994,0.0021826767,0.0019950937,0.271355,0.3460171,0.973142,0.6734392,0.44517758,0.82904917,0.8045068,0.4570075,0.24799168,0.9029499,dessert or baked goods,0.49743822,False,0.4366836845874786,0.3077321052551269,0.9930750308600732,82.1294174194336,0.5435677170753479,2.273872137069702,5.807790162241145,0.0531416666666666,-2.4964301226572405,0.0279580354690551,0.5407224470714928,0.5309027773138615,1.3333333333333333,0.3742063271560252,0.27925137341861805,0.3330289684924118,0.5593040620651237,0.7242980498931599,0.7580303770931922,0.638340511751929,0.668286079850734,0.9133432899581023,0.4159836306823681,0.9408927235491376,0.7410982431812412,0.7780332155085883,0.9910182911202606,0.17540932364863113,0.7704339146675223,0.7538438910958224,0.765543706333162,0.927726306030564,0.2696441381714739
img_0035,12,1,images/sub-01/ses-1/image_39.png,0.08333333333333333,landmark_place,landmark_place,0.94005185,0.006008366,0.0026254065,0.94005185,0.014131659,0.017052148,0.0028971608,0.0004161308,0.006209553,0.010607789,0.3782289,0.15543568,0.5348726,0.052241717,0.06909789,0.73390424,0.53354794,0.30209902,0.027438924,0.42133367,famous monument,0.8567244,False,0.5892778635025024,0.1890766322612762,0.81244200282126,71.02901458740234,0.3224373757839203,1.9300005435943604,5.479607996982018,0.0736083333333333,-2.089455767915185,0.1401409953832626,0.5258786452652848,0.6433303330600221,1.3333333333333333,0.21077737706376276,0.1365378605251083,0.18013524421850674,0.44344840328162727,0.8641552896942603,0.6196021271384676,0.4333995790882873,0.46834609642922037,0.8620902255608767,0.5508935194771685,0.8055360097764797,0.4535557520191542,0.5529775707899314,0.9637344234739122,0.3977518835383183,0.7530507442246008,0.6067637774740344,0.633611288751591,0.9220315494277367,0.4490258122517644
img_0036,4,1,images/sub-01/ses-1/image_41.png,0.25,vehicle,vehicle,0.64678615,0.06423929,0.10407694,0.0067204265,0.00672467,0.020215409,0.64678615,0.009348023,0.13196342,0.00992567,0.37646505,0.31699622,0.22476487,0.513699,0.27369457,0.82583404,0.78520215,0.6701215,0.10505782,0.29167587,bicycle or motorcycle,0.3293971,False,0.3212887346744537,0.1971721649169922,0.9468342166389816,32.323280334472656,0.2589826583862304,4.414214134216309,5.527256583497598,0.050025,-2.0152896359724144,0.1044762581586837,0.4966862005065756,0.4602433948942315,1.3333333333333333,0.3415275093644259,0.2646604374709909,0.3044168714028455,0.5361378729574151,0.7030937759165513,0.595700198732587,0.49173805202134113,0.5340929500879734,0.8532405357309096,0.4018411388539458,0.8506548265906976,0.6463564098090777,0.6880283029261187,0.9728290283295424,0.23621275574343062,0.7831934567689941,0.5789010164587098,0.7079030208873514,0.9319063540183575,0.3048826997486015
img_0037,2,0,images/sub-01/ses-1/image_42.png,0.0,scene_with_people,food,0.757768,0.02285805,0.0039248005,0.00046150314,0.00076160504,0.029672394,0.00037984736,0.757768,0.17728177,0.0068920245,0.4990382,0.78655267,0.8220748,0.9167522,0.59772164,0.49467057,0.8025722,0.5604092,0.79836464,0.68135047,kitchen or household item,0.4836743,True,0.8022471070289612,0.1858822852373123,0.6253734411279941,43.96815872192383,0.1750093251466751,3.1521666049957275,4.83803472010782,0.0229333333333333,-2.8285245627477034,0.0418823920190334,0.5390162769748233,0.6191217113471109,1.3333333333333333,0.3205219732579331,0.2819342174042435,0.31088667013375754,0.5212469358110627,0.6360735048808147,0.5239573982268655,0.4968995352556759,0.5128408745199113,0.8266777613292992,0.5034973478220959,0.8918411641522992,0.6693886189288831,0.7671433952149114,0.9811309629107553,0.15563052842759634,0.603180755865824,0.5069342144820479,0.5520175857063258,0.8729338828901971,0.4541849690149985
img_0038,5,1,images/sub-01/ses-1/image_43.png,0.2,face_person,face_person,0.9497017,0.9497017,0.023781301,0.0014149979,0.00071072567,0.0153412465,0.0007784875,0.0029723353,0.0032365848,0.0020626616,0.44600216,0.97965664,0.9010449,0.64464945,0.5181338,0.3446782,0.2854579,0.11843964,0.059582673,0.0321058,politician,0.5304976,False,0.8341856598854065,0.2826405167579651,0.8541543704387519,25.957101821899418,0.0897387042641639,1.7876410484313965,2.859282244667912,0.0339833333333333,-2.9048350472537,0.0220813862979412,0.5017119488406582,0.5432516080458037,1.3333333333333333,0.3156163200701332,0.2607019575305949,0.3069774906598091,0.5177692919694113,0.7494520461032836,0.4612425840038984,0.2362645999778883,0.2559991066101448,0.8034575991652819,0.6925472496315463,0.49760777228945763,0.38733513711600354,0.4133929737390766,0.9016652948580969,0.5663609509414261,0.396489013893613,0.12952852525943626,0.18119805398931463,0.8052213119175415,0.7601332037641246
img_0039,4,2,images/sub-01/ses-1/image_44.png,0.5,face_person,face_person,0.89363116,0.89363116,0.026293874,0.0049295817,0.0030213005,0.03134104,0.0029802292,0.0035001135,0.025094336,0.00920839,0.33747044,0.9625709,0.92115647,0.4294027,0.18111944,0.8266552,0.5918421,0.33063957,0.034429125,0.01466448,politician,0.77802855,False,0.2764879167079925,0.2307660430669784,0.890046081668043,39.98665618896485,0.5160390734672546,2.387489318847656,5.057619616017058,0.0268416666666666,-2.9211964469919405,0.0310837868601083,0.5063553582726287,0.5574980048273737,1.3333333333333333,0.24510532974663424,0.19550406293988631,0.22325877596696547,0.4677836729539681,0.7629718947588549,0.5039787558124432,0.20515303659948236,0.2591043258710701,0.8192806682751688,0.6104492896766733,0.5646509882733186,0.23463237021335204,0.3109106909692983,0.9151792032598737,0.5054326631244519,0.42567693773748727,0.14137246775556955,0.22471501595510138,0.8147833260839736,0.7180761840633092
img_0040,4,0,images/sub-01/ses-1/image_45.png,0.0,animal,animal,0.7614575,0.14781275,0.7614575,0.00439897,0.004397552,0.044265956,0.0088633625,0.01767211,0.0037265911,0.007405221,0.525873,0.7757751,0.8881424,0.28075153,0.6536401,0.14584354,0.547861,0.3716812,0.06241558,0.2825962,horse,0.9768659,False,0.6324295401573181,0.2825614213943481,0.7016811481388076,35.399532318115234,0.1954431384801864,3.099482774734497,5.545685115906768,0.0312666666666666,-2.8807588849205352,0.0171837732195854,0.5380299446459997,0.551276981442674,1.3333333333333333,0.21655041210924197,0.18572960771233693,0.22213276234561077,0.4475409387717997,0.8210641697175327,0.7570810725571557,0.36395110141849163,0.5730516836452851,0.9129918099203648,0.38360042746686485,0.9052900864907265,0.6691865717723171,0.7144670743419393,0.9838418636621135,0.22626861044029556,0.7060719786219485,0.6538181011565578,0.6928905210975105,0.9066412248326448,0.3197650283346326
img_0041,3,0,images/sub-01/ses-1/image_46.png,0.0,food,food,0.88369375,0.0036533072,0.0025043215,0.0024101976,0.0030358522,0.06225189,0.0010887653,0.88369375,0.03726288,0.004099118,0.85160923,0.18742618,0.8988739,0.8455813,0.36937684,0.5497761,0.87842065,0.05192541,0.04621356,0.34349394,dessert or baked goods,0.90453374,False,0.6364221572875977,0.2367773354053497,0.8624401478482977,65.43501281738281,0.3106477856636047,2.7301459312438965,5.72926267750111,0.0846416666666666,-2.3765302432476325,0.0964274555444717,0.5312192758552574,0.492932241051247,1.3333333333333333,0.33924409452437276,0.3032156366725458,0.3187821598011119,0.5345191479370254,0.7746410749074122,0.7786145368117545,0.5889091827729664,0.656465495810022,0.9209645758153125,0.4458701590420057,0.9352801909330023,0.7410982431812412,0.8259498695157971,0.989886972305025,0.12821619779102242,0.7815458834571164,0.6934236502340377,0.7585618216051879,0.9313666061612413,0.35973429397128265
img_0042,1,0,images/sub-01/ses-1/image_47.png,0.0,scene_with_people,scene_with_people,0.9217209,0.0067110225,0.006689106,0.001903648,0.0019344082,0.0067594666,0.009207728,0.0042028157,0.9217209,0.040870838,0.643968,0.4282572,0.43551043,0.054863583,0.61288047,0.26751053,0.61088705,0.7895682,0.05314455,0.75103235,boat or ship,0.40495214,False,0.3998705148696899,0.1703839600086212,0.8075464547435427,26.014245986938477,0.1764027029275894,3.525712013244629,5.359474061135281,0.0415083333333333,-2.39730259559235,0.1089232936501503,0.5080149150774436,0.4348491623126524,1.3333333333333333,0.3477000446788797,0.3584181823364052,0.3964203333951905,0.5405136163297903,0.6991573879754678,0.6357074022657669,0.5772697085408675,0.6464739229995505,0.8680532042412,0.3793392877359268,0.9458800836528184,0.8007324197169219,0.8092169643189535,0.9920235938435672,0.0951709164819264,0.7642327881778731,0.6656175883999004,0.7098915979912398,0.9256948063028332,0.3580829168002452
img_0043,9,2,images/sub-01/ses-1/image_48.png,0.2222222222222222,landscape_nature,landscape_nature,0.7126186,0.011758563,0.004654371,0.20945011,0.7126186,0.013243804,0.036526743,0.0009504914,0.0092824,0.0015148536,0.12593599,0.27371654,0.94863313,0.011977428,0.4712703,0.59401184,0.8704812,0.65041614,0.08244982,0.34112236,famous monument,0.42549485,False,0.4363477528095245,0.2096341848373413,0.7692599586669575,82.5504379272461,0.4417367875576019,2.2591824531555176,5.4347077027230934,0.01265,-2.669922941282581,0.039527554064989,0.474387105986634,0.4708897561729332,1.3333333333333333,0.25827428610456193,0.10262006212812014,0.1719426693349546,0.4771192167084712,0.8298524914222434,0.6941960726716223,0.297193950607443,0.45270390654783055,0.8897086365088182,0.5349549858815743,0.8311148448483048,0.307593901537457,0.5000180470907564,0.9688903520658222,0.3669279863003906,0.7261105939366677,0.49318910452527664,0.5951247735564212,0.9132059097530231,0.41884199920576054
img_0044,3,0,images/sub-01/ses-1/image_49.png,0.0,animal,animal,0.7097193,0.08960177,0.7097193,0.005712579,0.01016842,0.11132313,0.016249523,0.04378802,0.009661979,0.0037752585,0.53461725,0.6607391,0.9939063,0.1907614,0.6052437,0.33757448,0.29702088,0.15525624,0.030733587,0.6145802,farm animal,0.9472593,False,0.4409451782703399,0.2831600606441498,0.8878091726838924,45.18255233764648,0.2847643196582794,3.36771821975708,5.406496853206281,0.0476583333333333,-2.966531613697312,0.0403784550726413,0.4969327298140321,0.5774984509738676,1.3333333333333333,0.20690169299381966,0.09143029426415505,0.20960740262480151,0.4407009100687876,0.8389079743471993,0.7828571693248685,0.3413797843963374,0.5944413872300546,0.9225354106519843,0.39326640483221464,0.901548202666993,0.5018040173714793,0.7420825321201339,0.9830876117292079,0.18325340031738813,0.8172440275272852,0.6371945734882338,0.6925544970405657,0.9430613796963562,0.3087504806073792
img_0045,4,0,images/sub-01/ses-1/image_51.png,0.0,animal,animal,0.80400264,0.023630474,0.80400264,0.0017402122,0.000931552,0.0998176,0.00991139,0.011588517,0.033862393,0.014515226,0.75773245,0.8391672,0.9956689,0.038336106,0.5826886,0.6271778,0.121960394,0.3706951,0.0796302,0.8094888,dog,0.6886791,False,0.3840240240097046,0.1959425956010818,0.975050666474412,39.01820755004883,0.4393313825130462,1.4707484245300293,5.306340937320437,0.0258916666666666,-2.6818670389973867,0.0771236941218376,0.4834685308173784,0.5282418555718283,1.3333333333333333,0.2696519912514287,0.13691053153872246,0.2400072579937375,0.4851849328774271,0.7776133996775453,0.7009725635622488,0.6441884672193372,0.6890565849284546,0.8922176324985681,0.38239225075591077,0.861453546106449,0.8120187019370902,0.8376775163542914,0.9750057274071564,0.06625030029615303,0.8203113515763312,0.6569471631220023,0.7418696218706967,0.9440662403423855,0.2645616628933953
img_0046,1,0,images/sub-01/ses-1/image_52.png,0.0,food,food,0.89704937,0.008479422,0.001489232,0.00036270014,0.00067497644,0.084828556,0.0003888667,0.89704937,0.0060159764,0.0007109292,0.8799169,0.6474661,0.99690896,0.94185597,0.58345926,0.6181909,0.082672596,0.029824762,0.0540623,0.575492,cooked meal,0.36027873,False,0.6900177001953125,0.1608322262763977,0.4890629086260507,26.54584693908691,0.2263613492250442,1.409752368927002,5.21982233134282,0.0165583333333333,-2.846624391566203,0.0394406132400035,0.4679442691573257,0.4527384480115732,1.3333333333333333,0.3063264783130859,0.2710446190080631,0.2910994636997091,0.5111836733495182,0.7712172332346463,0.7323187780741296,0.6673763473576868,0.7048602425859556,0.9038235695201815,0.37387968017843703,1.0103007197431282,0.8399292476060041,0.8630826749344761,1.0050088685284544,-0.11220188425918472,0.8210411175929104,0.7546064139715914,0.7900773463593849,0.9443053129474134,0.19212457219712611
img_0047,1,1,images/sub-01/ses-1/image_53.png,1.0,face_person,face_person,0.7393592,0.7393592,0.0911648,0.0040864823,0.0015466448,0.026716683,0.004879977,0.0074412324,0.10197187,0.02283308,0.36245733,0.92595613,0.9676567,0.772725,0.33331454,0.021957755,0.57511413,0.6411964,0.08864678,0.67317575,fictional movie character,0.511932,False,0.5681392550468445,0.2510272860527038,0.99999998835814,28.54108428955078,0.1953810602426529,3.4509871006011963,5.425952771187019,0.067175,-2.206023061865079,0.0764044970273971,0.5125787781216686,0.477786608323352,1.3333333333333333,0.3143419703632043,0.23890161972158896,0.30504239153346513,0.5168658986310006,0.7132375349418326,0.5094007680227689,0.4496121430213387,0.4818697232169553,0.8212881684860668,0.5647798048314246,0.5202500114770038,0.5284828198704105,0.5460236869608153,0.9062292934954128,0.5317263833116539,0.5433260892236689,0.40242149010451356,0.4323348228522551,0.8533253909186289,0.5643384631044357
img_0048,12,1,images/sub-01/ses-1/image_54.png,0.08333333333333333,scene_with_people,face_person,0.41004083,0.41004083,0.033740472,0.06387009,0.0069630854,0.24897097,0.058003496,0.0071979705,0.15190636,0.019306686,0.44807673,0.6308106,0.964328,0.15256438,0.040359285,0.62689674,0.17412728,0.47499454,0.21812758,0.39591807,scientist,0.31143412,True,0.3530454933643341,0.2626519799232483,0.9940909207981372,11.021764755249023,0.1607465595006942,4.242408275604248,5.684535462201108,0.070625,-2.198688718304703,0.110376089811325,0.4604683738941309,0.5911009227012549,1.3333333333333333,0.22585548889109908,0.13117241243238387,0.23877827039061525,0.45413735758244766,0.7360065622596698,0.6187683704584672,0.6104246749298359,0.6283275668198537,0.8617815271208861,0.40421845090801256,0.8719075382836348,0.5946811097480307,0.6362087022463164,0.9771129397573125,0.15057573301728666,0.761653479807386,0.7090161190561524,0.7306931130171923,0.9248498204343581,0.21581108540816432
img_0049,9,0,images/sub-01/ses-1/image_55.png,0.0,vehicle,vehicle,0.32928073,0.053229693,0.022377552,0.13274664,0.019731931,0.32448438,0.32928073,0.016111951,0.08682107,0.015216074,0.70137686,0.61826694,0.91667557,0.08255767,0.04163446,0.8565901,0.90204394,0.74656475,0.13770247,0.15930678,airplane or spacecraft,0.47639635,False,0.4477289021015167,0.2169696539640426,0.8670665068883842,46.7738151550293,0.3432351052761078,2.692953824996948,5.438082166256031,0.023875,-2.4765064098614027,0.038847729563713,0.4948740025676081,0.6086922649741715,1.3333333333333333,0.2650626616635363,0.18936439525186677,0.2741582099890196,0.4819315325314071,0.6966869734712651,0.8134377468779831,0.505130777735542,0.7187293570877037,0.9338578705627808,0.20224569093139722,0.8959527367221454,0.7416099990846743,0.7892554027212235,0.9819597330447766,0.12195672221100654,0.760096877346379,0.5380474844553047,0.6623040589682717,0.9243398747848057,0.15123558391291175
img_0050,1,0,images/sub-01/ses-1/image_56.png,0.0,landscape_nature,landscape_nature,0.6990086,0.051479638,0.04665466,0.08639027,0.6990086,0.045691323,0.014172179,0.008116401,0.035508096,0.01297878,0.40243798,0.19537719,0.86652523,0.0008765456,0.50706005,0.6678077,0.83719844,0.49358973,0.04489662,0.44196415,bridge,0.7174514,False,0.3425217866897583,0.2817163169384002,0.9543988200814272,57.6451301574707,0.5023806095123291,3.2930665016174316,5.588719771685068,0.1249,-2.31012202995832,0.1066714599728584,0.5173206245077091,0.5686712723566801,1.3333333333333333,0.29909285254262263,0.28562670210970453,0.2953000089272054,0.5060557172648885,0.7656814406131407,0.5873292119448321,0.5689749959793425,0.5913039409793139,0.8501411775793658,0.43318625386495874,0.9464958849744928,0.808268315470185,0.8501755432421794,0.9921477209835423,0.042732210896474984,0.7610980955724393,0.68381345616445,0.7195406050992854,0.9246678756015987,0.2342726694582536
img_0051,15,0,images/sub-01/ses-1/image_57.png,0.0,animal,animal,0.8535877,0.08514229,0.8535877,0.0010500151,0.0007622249,0.040461507,0.0015801757,0.013735439,0.0012319807,0.0024487502,0.42991734,0.781108,0.92408365,0.36512235,0.77923816,0.45261154,0.36689228,0.40887544,0.03282938,0.28957608,cat,0.5716179,False,0.2463756501674652,0.232344776391983,0.9911880179650776,22.44452667236328,0.3306566774845123,2.276211738586426,5.291354723916886,0.0327083333333333,-2.6656454894971437,0.0264554433524608,0.5498707689895356,0.5186903061346868,1.3333333333333333,0.25135465585656613,0.010937814673788182,0.22164115832998688,0.47221385373289587,0.7932809868596551,0.6885602191856592,0.03476421339789737,0.6281438871672224,0.8876219615581207,0.31731789978664005,0.8198519490594081,0.010305398826540912,0.6609518823116032,0.9666200889259018,0.13696030973302717,0.8053175527742882,0.022298843541346813,0.584118152092506,0.9391542460079939,0.2947319050271846
img_0052,1,0,images/sub-01/ses-1/image_58.png,0.0,animal,animal,0.8449104,0.06999247,0.8449104,0.0016080873,0.0010777917,0.038015362,0.0069027273,0.019548262,0.008343399,0.009601528,0.8540429,0.9492048,0.97273636,0.23087367,0.74022204,0.15788123,0.9680567,0.38789365,0.20510581,0.9431641,dog,0.7018872,False,0.5653033256530762,0.2564721703529358,0.8183049595798352,61.37069320678711,0.4372102916240692,2.9708988666534424,5.568798759385096,0.0199,-3.078501320516456,0.0183471534401178,0.5265363398862594,0.5334582573821023,1.3333333333333333,0.213879448969719,0.13691053153872246,0.2194179745754412,0.4456474786844578,0.8244209690180851,0.7533758721383988,0.6617982120322151,0.7160068957541335,0.9116199593354641,0.31974143073312833,0.8823723056838585,0.7584701545955932,0.827923892245305,0.9792223240703586,0.005830118507363341,0.7429143027892355,0.7151461481602993,0.7442852575011205,0.9187108337399537,0.3068148200763946
img_0053,2,0,images/sub-01/ses-1/image_59.png,0.0,face_person,face_person,0.6999435,0.6999435,0.020441936,0.0013955504,0.00040479822,0.054548543,0.0052362126,0.06567987,0.112380706,0.0399689,0.12425553,0.9731853,0.96621746,0.96039814,0.15607575,0.2939734,0.83306986,0.8001268,0.1572139,0.053814888,fictional movie character,0.6386004,False,0.4039144515991211,0.303913801908493,0.8889943117823125,45.80438232421875,0.5177842974662781,1.9125896692276,5.239815318011635,0.0101083333333333,-3.704077902474957,0.0048030582256615,0.5365770075213032,0.5557599074756258,1.3333333333333333,0.24432578947524464,0.22915218794759307,0.2506796783231807,0.46723105267684395,0.7848320040502254,0.4860311474219505,0.3449475543501477,0.38968883602989707,0.8126355656395795,0.6105898677662579,0.5458664910691198,0.4934977873411397,0.5394259828683735,0.9113928100974082,0.521042817739374,0.549420359482495,0.3065933534213223,0.36361899552106935,0.8553218843609398,0.5416508720813846
img_0054,12,2,images/sub-01/ses-1/image_61.png,0.16666666666666666,face_person,face_person,0.8152914,0.8152914,0.013789165,0.00069759134,0.0010765668,0.015537767,0.0012427255,0.0043194084,0.14667639,0.0013690256,0.45598438,0.9689798,0.95311886,0.4587602,0.7416203,0.19087361,0.44251698,0.3179352,0.05884729,0.94730985,actor,0.33094466,False,0.1986391693353653,0.1736434698104858,0.9686057964217316,22.241086959838867,0.2705137729644775,2.8042898178100586,4.650610776183685,0.0122583333333333,-2.914297780330268,0.0217788126319646,0.4089076085827018,0.4757123957244352,1.3333333333333333,0.2782217694345981,0.19958720323306556,0.26920792956146206,0.4912600945698875,0.7872784514317234,0.41342897691833014,0.3117065864008841,0.34346451712937454,0.785754609466129,0.7084654798119343,0.561232009035499,0.3091240062013586,0.37853381863520097,0.9144900392397796,0.4729581730832787,0.43331735172705566,0.28616236709441467,0.3428301089910864,0.8172863388777729,0.68384669525651
img_0055,9,2,images/sub-01/ses-1/image_62.png,0.2222222222222222,face_person,face_person,0.9092856,0.9092856,0.019395055,0.0011818745,0.00077982707,0.020139107,0.0064434167,0.0031467942,0.035273172,0.0043552294,0.73813856,0.993005,0.96814895,0.5742185,0.30847618,0.5983649,0.2331541,0.092180066,0.044046346,0.26813477,actor,0.53490895,False,0.3133685886859894,0.166603997349739,0.9806929001672384,33.30561065673828,0.3283793330192566,2.2597577571868896,5.152332175880562,0.009075,-2.9526285691004697,0.0206217970699071,0.4951996765860716,0.5431466401413081,1.3333333333333333,0.3663798271300641,0.24107484406018231,0.2721944632743984,0.5537558142426607,0.7381278147755738,0.4062048549533557,0.2151578325070993,0.26799623541471695,0.7830798780554137,0.7516679266597193,0.5355506595071949,0.33159562602271464,0.4095755102990732,0.9093134467976292,0.5435153289600219,0.3889114231744252,0.24607695707076715,0.26471630773023885,0.8027388801354158,0.7779077627744065
img_0056,12,3,images/sub-01/ses-1/image_63.png,0.25,scene_with_people,face_person,0.49388167,0.49388167,0.08574523,0.008455973,0.0014837941,0.023260124,0.0032267056,0.0037814346,0.3343377,0.045827355,0.70835644,0.7585662,0.93397325,0.89712405,0.3896268,0.08865556,0.11361492,0.8931859,0.08045605,0.046596162,fictional movie character,0.6119821,True,0.5065575242042542,0.2797811627388,0.8919169164330695,30.285554885864254,0.2353847026824951,3.2829535007476807,5.790730651803985,0.042175,-2.913644535075064,0.0249608214944601,0.4741392643126714,0.5470882654191501,1.3333333333333333,0.2528060992405564,0.16295174669576107,0.22747966189238783,0.4732427897282885,0.7538019227224136,0.4569396034624973,0.5164300419984178,0.5393781848949886,0.8018644204690218,0.547101109978464,0.7418761479963727,0.6569994287233207,0.7260696230680108,0.9509024981502044,0.32131568428171153,0.5417510981242463,0.5931322188115004,0.610935900952909,0.8528094211194325,0.3952595309507473
img_0057,3,0,images/sub-01/ses-1/image_64.png,0.0,face_person,face_person,0.8702893,0.8702893,0.021377845,0.0038979875,0.009327646,0.045340877,0.0025498907,0.009094851,0.029902773,0.00821888,0.86710256,0.9793488,0.9239658,0.33308318,0.82742405,0.5896338,0.73805785,0.12456782,0.072790645,0.5748955,musician,0.1709685,False,0.7031142115592957,0.2267798036336898,0.7174373600042893,56.4308967590332,0.25687375664711,2.124157428741455,4.826237247375232,0.0275583333333333,-2.531001337128607,0.0435525812208652,0.4307256517079725,0.5507123696325709,1.3333333333333333,0.2717466412787318,0.16672223586089352,0.23671751236655583,0.4866698415101821,0.780240942386772,0.3930516032482596,0.26660808655102075,0.30189562630306144,0.7782098861506204,0.7114151570024395,0.6051884638975696,0.2670028555650933,0.3543938685352354,0.9233503466691821,0.42802596625634126,0.45930680788675604,0.2691689848010361,0.3226793868923747,0.8258005295172376,0.659666040093762
img_0058,11,1,images/sub-01/ses-1/image_65.png,0.09090909090909091,face_person,face_person,0.94889647,0.94889647,0.008216345,0.00065974955,0.00025052068,0.0078071267,0.0022825978,0.0027197772,0.025442723,0.0037247622,0.91412383,0.99380624,0.9633097,0.27816448,0.67411673,0.15831943,0.725436,0.40037104,0.046200708,0.16305774,actor,0.31775862,False,0.7028317451477051,0.2690711319446563,0.8682202262920241,32.16314697265625,0.1598566621541977,1.9181748628616333,4.956822164700008,0.0253083333333333,-2.962131005936936,0.015643835067749,0.488534321310647,0.5234145864782149,1.3333333333333333,0.3173247182873875,0.2222008076885531,0.2517631686251907,0.5189803846235147,0.7642007724966076,0.4334374516285001,0.26660808655102075,0.28929251778421167,0.7931627479288056,0.656203458301631,0.5993429215648098,0.2747320030496787,0.3392225998275725,0.9221720600598011,0.43974829612627553,0.3957399610623624,0.246035725763459,0.2722988281441229,0.80497592091878,0.7404302958514011
img_0059,11,2,images/sub-01/ses-1/image_66.png,0.18181818181818182,face_person,face_person,0.8309328,0.8309328,0.023338579,0.007609224,0.002419538,0.034078438,0.0060874536,0.0020104256,0.086432464,0.007091142,0.2827985,0.93953395,0.9725848,0.48648685,0.10338667,0.88020927,0.62989336,0.6001019,0.11928524,0.40688634,politician,0.7885161,False,0.5090633630752563,0.2436834871768951,0.8118171647732613,75.7066650390625,0.3758043944835663,1.7035270929336548,5.7616625026987665,0.0261166666666666,-3.1405126665380036,0.0234764739871025,0.4942433436241538,0.5181606158847104,1.3333333333333333,0.28629892686346414,0.0947075295596781,0.20504819530372265,0.49698603476892184,0.7396626183039889,0.4587415951158599,0.33077045025765495,0.34078921947097174,0.8025316079418339,0.6308876434858415,0.6182609480993372,0.3388431143932269,0.4224931033382765,0.9259853687440316,0.43376903010781204,0.5523981240430997,0.4234603653031055,0.5399677195650106,0.85629740516417,0.47116787078402694
img_0060,14,1,images/sub-01/ses-1/image_67.png,0.07142857142857142,face_person,face_person,0.871656,0.871656,0.021116847,0.008942733,0.0014969881,0.065664746,0.0041910787,0.01608564,0.0074700085,0.0033758837,0.47638693,0.99489284,0.95590335,0.5818369,0.15152809,0.80090195,0.33272994,0.50251436,0.07378407,0.9753298,athlete,0.94271743,False,0.4251401424407959,0.1804040372371673,0.947506878656128,57.131385803222656,0.3536482453346252,2.9221582412719727,5.540006380711501,0.036375,-2.6972603959596415,0.0759172514081001,0.480670706329936,0.578805354387486,1.3333333333333333,0.3434801573883851,0.3332988319823762,0.39115765553130055,0.537522115608796,0.6947123318234197,0.42142861669437004,0.4092658955513985,0.4406119497724309,0.7887164763735708,0.6056014481136293,0.5944551974293418,0.5477873435333286,0.61042091713798,0.921186840969539,0.4172026533467379,0.5020083349705518,0.42595215806185793,0.47040254582653673,0.8397896234002967,0.5552381381839295
img_0061,12,0,images/sub-01/ses-1/image_68.png,0.0,face_person,face_person,0.71367216,0.71367216,0.09107009,0.005745908,0.0020463492,0.013357268,0.0057739005,0.008154689,0.025102263,0.13507742,0.9031462,0.8298809,0.8412007,0.6858344,0.2774351,0.93466467,0.7787137,0.15210775,0.028263593,0.14049233,athlete,0.9132594,False,0.3340237736701965,0.3065968751907348,0.992092976292794,60.91255187988281,0.4231052994728088,3.0364274978637695,5.576933372664291,0.0572166666666666,-2.872533004850507,0.0396010838449001,0.4735789816747005,0.5393963668683605,1.3333333333333333,0.37191688862171435,0.22268864140926947,0.3055049019305632,0.5576810668155844,0.6727702245700666,0.574079837872382,0.2925751848644629,0.43456873410880614,0.8452355963646906,0.4165100760822834,0.8815289716866666,0.3750207581885513,0.5355165495182631,0.979052333144015,0.1356828761736189,0.5721819022126995,0.45955726671546504,0.516505870928792,0.8627786049965098,0.3961264071767647
img_0062,9,0,images/sub-01/ses-1/image_69.png,0.0,face_person,face_person,0.90256286,0.90256286,0.017491229,0.0019318964,0.0021269757,0.008545495,0.0078656655,0.0035583742,0.051123373,0.00479411,0.90772605,0.99018174,0.9137907,0.1239228,0.5586694,0.49907348,0.6611251,0.22587685,0.076931566,0.08188151,actor,0.3220314,False,0.4884806275367737,0.281374841928482,0.9990741388949748,49.20338821411133,0.3606517612934112,2.479809284210205,5.671671531911322,0.0208833333333333,-3.0535907546686425,0.0245970021933317,0.473904232953186,0.4873514988717808,1.3333333333333333,0.4229538764721741,0.3296864184914554,0.36530822275633196,0.5938614610872373,0.6470082946141475,0.4824449503431216,0.2508994353417735,0.3564483030878377,0.811307776045458,0.6042326108610728,0.5079879723348409,0.4148669453482563,0.4608023246103762,0.9037576329201491,0.5268272884489045,0.4810258333962718,0.294373580193683,0.3576113756468807,0.8329157197141818,0.612227556147807
img_0064,1,0,images/sub-02/ses-1/image_2.png,0.0,face_person,face_person,0.50889456,0.50889456,0.051994085,0.0024226615,0.0006769953,0.02165374,0.0060750353,0.008869303,0.3721874,0.027226213,0.46894452,0.96520597,0.82630813,0.2904039,0.31406367,0.17023543,0.724278,0.19313489,0.072992876,0.85930926,fictional movie character,0.36471307,False,0.4047551155090332,0.2335547357797622,0.7881760862234192,30.671371459960938,0.2385673820972442,2.861582517623902,5.47217935681385,0.0285583333333333,-2.7518374773142327,0.0292606949806213,0.4746397071086101,0.5599073269599212,1.3333333333333333,0.23574842687295539,0.31452068660310073,0.3180530971984843,0.4611505143490132,0.7836734033130034,0.4351076986679192,0.4133167870614791,0.455521350883006,0.7937811569536877,0.6072317841243083,0.6759571375998438,0.590304075346346,0.6595238307253013,0.9376151959920127,0.3272355215942079,0.4522809042404935,0.28639510898193266,0.3168459296370056,0.8234988313712197,0.6790623605997501
img_0065,5,1,images/sub-02/ses-1/image_3.png,0.2,face_person,face_person,0.64793295,0.64793295,0.07486418,0.0116193835,0.008981539,0.12757412,0.020587042,0.015422453,0.0850735,0.007944766,0.11594546,0.9524294,0.86716175,0.76962334,0.73482853,0.81333226,0.12345578,0.078206494,0.040208265,0.7532274,scientist,0.695883,False,0.3691206574440002,0.2308255732059478,0.8946386846503048,40.13484191894531,0.2887485325336456,2.800671339035034,5.52094048734792,0.0234416666666666,-2.76661695066946,0.0314411520957946,0.4943674425440767,0.5205018176952716,1.3333333333333333,0.34030329300052076,0.2872735157496842,0.36204349030927785,0.5352700194146146,0.6350294692099128,0.5427617048182664,0.4611824514645314,0.5107990130004849,0.833640056503799,0.4820547830248488,0.7877280403552519,0.4991237480260483,0.6533202936225873,0.9601448691238039,0.19177733460786867,0.5845790995049173,0.5181107632745502,0.5759331472086535,0.8668399482001691,0.4176364994599545
img_0066,1,0,images/sub-02/ses-1/image_9.png,0.0,object,object,0.7614123,0.058217127,0.027173428,0.0010894215,0.0018229628,0.7614123,0.004058066,0.03796586,0.09292306,0.015337694,0.31443197,0.39306143,0.9433272,0.9148417,0.3011007,0.3158501,0.9964211,0.45114985,0.13572176,0.58273876,kitchen or household item,0.7416952,False,0.5492913126945496,0.2323114871978759,0.7765435179136023,72.1349868774414,0.3671020567417145,3.177767753601074,5.523438824166357,0.018625,-3.2775149471434206,0.0133912358433008,0.450657668963359,0.4662674038941676,1.3333333333333333,0.27077995647471353,0.2819342174042435,0.29848484732919084,0.4859845534706864,0.7315574935337719,0.5506923093339289,0.5573968496651234,0.5820921720841741,0.8365763631036668,0.2819143993137002,0.9704296056711785,0.6693886189288831,0.8068825091410321,0.9969720436903553,-0.02943168389167591,0.740048634365193,0.7096386001961916,0.7409581166559139,0.9177720358242965,0.18569649236939528
img_0067,1,0,images/sub-02/ses-1/image_11.png,0.0,food,food,0.97470504,0.0032923582,0.0017913766,0.00079139066,0.00055003725,0.012628869,0.002162363,0.97470504,0.0032980838,0.0007805343,0.6313852,0.58614767,0.77200943,0.6917171,0.2271966,0.78590804,0.885199,0.23882502,0.022284769,0.3833608,cooked meal,0.5226248,False,0.3932858109474182,0.2598355114459991,0.9918599478222369,85.25799560546875,0.6736928224563599,3.1355526447296143,5.801142026491004,0.102,-1.9737715436885817,0.0813966244459152,0.4859869951624195,0.4908940346256182,1.3333333333333333,0.2774153093318519,0.08782577114078993,0.2274755895021383,0.49068839068001024,0.8369404618293721,0.7730153039691969,0.49065315466405846,0.5400387902446021,0.9188914596591194,0.5870739845450557,0.9837830502869382,0.15405997174425556,0.6550407929328674,0.9996636989866796,0.32117897447267285,0.8147558604067624,0.5021972894295732,0.6483648851118058,0.942246251858482,0.5345848890022009
img_0068,2,0,images/sub-02/ses-1/image_14.png,0.0,face_person,face_person,0.66541684,0.66541684,0.026568027,0.0031199206,0.0008249852,0.027964668,0.0072113774,0.013306095,0.20509294,0.050495114,0.37127194,0.9870554,0.9290743,0.57313764,0.21533751,0.5710034,0.003835552,0.77643067,0.76354057,0.03589904,fictional movie character,0.38657644,False,0.435117244720459,0.141486570239067,0.6616400877481701,3.739119052886963,0.0299670621752738,2.8745100498199463,5.030774763692702,0.0069416666666666,-3.0768413144670914,0.0296209566295146,0.4875944333657684,0.5434083572986166,1.3333333333333333,0.35818981020390106,0.2530368940127814,0.3207875150686973,0.5479498673410077,0.6767703719984661,0.5294258313318212,0.39067188248778684,0.426379097484488,0.8287024488780608,0.5422039060939057,0.6757498393198021,0.3966679675264092,0.515631599190896,0.9375734108549602,0.36567329416431416,0.5687594649216346,0.3028751690335897,0.42710117528288477,0.8616574086402381,0.4807213956819729
img_0069,2,1,images/sub-02/ses-1/image_15.png,0.5,face_person,face_person,0.8501238,0.8501238,0.025956241,0.0017491422,0.0022669672,0.033775866,0.0023046704,0.012487955,0.010579183,0.060756154,0.8068187,0.98100054,0.79753613,0.6389493,0.73729306,0.7833129,0.18365653,0.088452816,0.10864636,0.8727957,tv host,0.45357183,False,0.6240055561065674,0.3591897487640381,0.89695445001011,27.319604873657227,0.1600603908300399,3.2889561653137207,5.007865618925885,0.0275083333333333,-2.725023756429902,0.0265127830207347,0.502010553915561,0.5043993614682548,1.3333333333333333,0.3461975624317234,0.27103026402386876,0.34286740568219415,0.5394484986107048,0.6950950257312507,0.44454064188672027,0.3514167007452781,0.35947579480240666,0.7972737045110444,0.6596791484417523,0.5443179447495932,0.45446280996138244,0.5023912474506073,0.9110806694458765,0.500680977112816,0.5257529652671571,0.3729950955093815,0.4037041975609935,0.8475684052173009,0.5619285679488298
img_0070,2,0,images/sub-02/ses-1/image_16.png,0.0,face_person,face_person,0.897827,0.897827,0.015870871,0.002127957,0.001153482,0.03248569,0.0019147166,0.0021285412,0.03669194,0.009799828,0.107204854,0.9006843,0.8799101,0.8457562,0.28075072,0.86877966,0.80522656,0.35892686,0.047801938,0.06517111,politician,0.8395002,False,0.3397909700870514,0.2502551674842834,0.832682338412898,41.343475341796875,0.4109231233596802,2.630432605743408,4.91288389546836,0.024925,-3.3024131208930685,0.0411541350185871,0.5873188914573165,0.5296119621279561,1.3333333333333333,0.3084350751653617,0.19550406293988631,0.23692151719589818,0.5126784689612586,0.7137551119942109,0.4079166614826448,0.2686244979689243,0.3510022745841943,0.7837136744828768,0.681909709976461,0.5578371783571257,0.45875263616108086,0.5000797557259006,0.9138057428474625,0.49167276247094927,0.45073529652278665,0.37469795075573076,0.41419461528076623,0.8229924876185257,0.6461423574395473
img_0071,1,1,images/sub-02/ses-1/image_28.png,1.0,object,object,0.96468717,0.0028454293,0.0029717358,0.0020095194,0.0076109013,0.96468717,0.0009756252,0.006192294,0.0064337864,0.006273586,0.21761113,0.73948056,0.9569659,0.718761,0.50883347,0.7606059,0.5764712,0.15350702,0.19632283,0.42290956,watch or jewelry,0.8206229,False,0.6824946403503418,0.3387019038200378,0.8534872692943154,14.33595085144043,0.0721499398350715,3.958405971527099,4.945812475420496,0.0433166666666666,-2.7758259090292725,0.0271019302308559,0.506963539683326,0.474920316830397,1.3333333333333333,0.3526930749655184,0.2437839460564566,0.3190782736677131,0.5440532022651945,0.732483185823931,0.6248932142149106,0.667597310890196,0.7024584665665227,0.8640492507363663,0.3824438775627472,0.9937672883390997,0.7462564478636915,0.8183522436291721,1.0016762229463139,0.1496431767637651,0.7446320228644097,0.5082123548003679,0.6416383550854163,0.9192735617976477,0.4383620628199694
img_0072,2,0,images/sub-02/ses-1/image_36.png,0.0,vehicle,vehicle,0.80416965,0.0070603923,0.007981131,0.04029189,0.0006205621,0.0891019,0.80416965,0.015410024,0.031718377,0.0036461195,0.47309804,0.7940193,0.9405038,0.15656602,0.06319584,0.99285406,0.77904356,0.3096015,0.04054311,0.52822685,truck or off-road vehicle,0.48406538,False,0.5678859353065491,0.2822901904582977,0.9360191832731266,51.143062591552734,0.1996077597141266,3.111090660095215,5.71654097222889,0.0859916666666666,-2.2622451283150236,0.0551762655377388,0.536132972894645,0.4802361086268251,1.3333333333333333,0.35354432550794446,0.2990497758064299,0.3359827994206991,0.5446566583378605,0.7096498952662191,0.7683234512109278,0.7554331894245723,0.7639928310058148,0.9171543010109348,0.3202960405583156,0.9323468719054224,0.556342782937034,0.728529428897209,0.989295702866795,0.15706475245399096,0.8425091842310006,0.5879877796968594,0.6598575687226707,0.951338288585467,0.3619915102551253
img_0073,2,0,images/sub-02/ses-1/image_38.png,0.0,landscape_nature,landscape_nature,0.2893417,0.09731892,0.08478194,0.011921618,0.2893417,0.20540851,0.023728017,0.12316679,0.13418706,0.030145463,0.07717764,0.2169591,0.41949743,0.35172498,0.91061735,0.6026692,0.9994429,0.12580293,0.10543483,0.37115797,flowers,0.98498976,False,0.4266557097434997,0.29091876745224,0.9895683099012484,110.4123992919922,0.7056736946105957,4.105702877044678,5.906401550469214,0.1074083333333333,-2.836360294577704,0.0620704479515552,0.4896432862253926,0.4748133196191006,1.3333333333333333,0.24857063552227388,0.07793633471838746,0.19618132787975537,0.47024024679413745,0.7696386757866054,0.7491548065053738,0.32047558272090726,0.5841300162730889,0.9100571096369009,0.2929312159624191,0.9076844973211472,0.453900673740667,0.7234256801153667,0.9843245053159136,0.1253524456494922,0.8273473751745906,0.5562181697525965,0.658595677385956,0.9463712538021227,0.1576210419704639
img_0074,1,0,images/sub-02/ses-1/image_42.png,0.0,object,object,0.9156795,0.024750168,0.013564947,0.0015123436,0.0019983125,0.9156795,0.020667946,0.008614876,0.0023721727,0.010839804,0.2995196,0.86428124,0.99874,0.61811256,0.19027252,0.9828783,0.22130959,0.052854583,0.1453173,0.32714325,musical instrument,0.8729854,False,0.7260338664054871,0.169933944940567,0.6348690973289738,56.82929229736328,0.2673488855361938,1.3645693063735962,5.058752292956859,0.0178333333333333,-2.3632177053210066,0.0560659989714622,0.4899975687145798,0.4599387890290887,1.3333333333333333,0.2725051095151295,0.3344295272397103,0.3473857295553483,0.4872075237087436,0.7544778792810302,0.748593200150762,0.6944685716761815,0.7969623201814118,0.9098491748644231,0.28413909931316295,1.0391128733272892,0.8644915463527413,0.8726541773731935,1.010816537487652,0.057536368124375306,0.8103024598548534,0.6297650849095093,0.6839115879529466,0.9407873101607467,0.37585852069015124
img_0075,2,0,images/sub-02/ses-1/image_43.png,0.0,cartoon_art,cartoon_art,0.8978355,0.045977432,0.020447826,0.0010529769,0.004568204,0.0065764324,0.0005898098,0.0028544266,0.020097394,0.8978355,0.6016279,0.6944897,0.8529154,0.15856484,0.8794373,0.20597354,0.64609486,0.46415055,0.031253766,0.19703372,fictional movie character,0.8743838,False,0.2959380447864532,0.1872982382774353,0.9946083623189256,81.10502624511719,0.7174924612045288,2.6533894538879395,5.18357482314452,0.0220083333333333,-2.3689560058779966,0.0779953524470329,0.4657304550540121,0.4775121939489418,1.3333333333333333,0.2825534499967045,0.28884396419451186,0.3263508106482658,0.49433084614039696,0.72997533711315,0.4998062985336653,0.46239440773709006,0.5394195482122797,0.8177358158214693,0.439621591942285,0.8541398199236744,0.6825821780546399,0.6905937606966388,0.9735314988180404,0.29950241772506814,0.6013526161937386,0.5691920448633176,0.640514159709657,0.8723349811822102,0.3541473682313937
img_0076,1,0,images/sub-02/ses-1/image_45.png,0.0,scene_with_people,scene_with_people,0.9661067,0.0064618746,0.0032987033,0.007423867,0.002213585,0.0046154694,0.0022859387,0.006054343,0.9661067,0.0015394826,0.5418753,0.10786364,0.7485484,0.047618218,0.22590585,0.34538293,0.637197,0.43536738,0.013741156,0.22303112,musician,0.44115657,False,0.5023908019065857,0.2619508504867553,0.8463008753117461,39.62773895263672,0.2151143103837967,2.712867021560669,5.607625565187653,0.10095,-2.5369799423460577,0.098663754761219,0.49533639718943,0.4270638297892196,1.3333333333333333,0.3438171678198849,0.33005254881735824,0.37587450934764954,0.5377610241102351,0.6337087721810652,0.6595964615218531,0.6297471757245108,0.6627182006696591,0.8768981292680051,0.2899800296154424,0.9642220850851595,0.758894703637383,0.8272718441457702,0.9957207930847491,0.1642583132545271,0.7803512690840564,0.7185426951586609,0.7457799206779004,0.9309752484333081,0.27867610571440965
img_0077,2,0,images/sub-02/ses-1/image_47.png,0.0,object,object,0.9384572,0.023263989,0.013540964,0.0012011001,0.003992796,0.9384572,0.010122059,0.007164771,0.00091994274,0.001337131,0.12330827,0.9261008,0.9985886,0.6947571,0.43494266,0.64949745,0.9461745,0.51050794,0.116900004,0.3003951,watch or jewelry,0.87485105,False,0.3820529282093048,0.1266854107379913,0.8624425562834966,11.961326599121094,0.0651284679770469,3.839317321777344,4.2392247865722945,0.0212,-2.4167051951955867,0.0616917610168457,0.4489002608504405,0.5519577397660015,1.3333333333333333,0.3172782326411374,0.2437839460564566,0.3238335492936799,0.518947430699701,0.730761798034921,0.6726535046147564,0.6414118722206044,0.6907205560719313,0.881732499930762,0.3741278073127154,0.914596568513016,0.5464158768361582,0.7047576791002947,0.9857177722644433,0.23775042193918705,0.782832116609545,0.7632025716676196,0.7776043148227735,0.931787978359231,0.28457317787738273
img_0078,1,0,images/sub-02/ses-1/image_49.png,0.0,face_person,face_person,0.8751134,0.8751134,0.023212831,0.0045754043,0.0026116103,0.050376922,0.006229004,0.009432058,0.018984575,0.009464171,0.16970855,0.950615,0.7523038,0.48970464,0.1057544,0.9393779,0.39738193,0.13985234,0.07610028,0.10441184,tv host,0.69065493,False,0.3317522406578064,0.2320102751255035,0.9547647827491385,125.66185760498048,0.636428952217102,2.5490057468414307,4.967655161669093,0.021725,-2.6525505794624737,0.0448982156813144,0.4471305660008847,0.5727908045636572,1.3333333333333333,0.4143806040243382,0.2621727872158156,0.3227643901983125,0.5877838222918237,0.6622483374231736,0.5297898465716356,0.3221706068604173,0.3672757472449904,0.8288372255333598,0.5373615158993494,0.4951374298690433,0.26309521628614685,0.3201892816772775,0.9011673476653707,0.5887016605415663,0.46062497367919764,0.3239392174673681,0.3832920236440952,0.8262323629031423,0.6095731504686783
img_0079,1,0,images/sub-02/ses-1/image_52.png,0.0,face_person,face_person,0.96172494,0.96172494,0.011971563,0.0012780338,0.0008442311,0.0056824726,0.0035264303,0.0010991126,0.011831594,0.0020416188,0.91485,0.9902159,0.950618,0.1486844,0.5613022,0.23846358,0.3303834,0.16698399,0.02376086,0.7416141,actor,0.54855704,False,0.5675785541534424,0.2377741634845733,0.8701397856102641,39.52082061767578,0.2304630279541015,2.8682820796966553,5.825697863906898,0.0137666666666666,-2.9244927364205164,0.0175708774477243,0.4703636107062777,0.5245311134988347,1.3333333333333333,0.3370872858694589,0.19731896139002958,0.23764668018630314,0.5329901747199551,0.7550615214267318,0.4097841271327034,0.19567895645412492,0.2194499698263118,0.7844051037052595,0.7594791071008208,0.48615245696168596,0.3510477263023374,0.40911649261824745,0.8993562456906131,0.5575655096434089,0.4056118214040678,0.2544955600997384,0.28767300486111863,0.8082099593841858,0.7565160041853962
img_0080,1,0,images/sub-02/ses-1/image_53.png,0.0,face_person,object,0.82650304,0.1366707,0.006246064,0.0009145556,0.00501938,0.82650304,0.0009059668,0.0119985,0.0026874593,0.009054473,0.4893443,0.990669,0.68723327,0.5844028,0.7137205,0.705281,0.9923105,0.14505905,0.08400699,0.13794836,clothing or bag,0.45102143,True,0.7640904784202576,0.2217194736003875,0.7664172686684437,53.47247314453125,0.2556764483451843,1.1774179935455322,4.139991894645963,0.0197583333333333,-2.835881676357866,0.038393422961235,0.5820491392558079,0.3949421405151895,1.3333333333333333,0.2997661415859274,0.24974872247956514,0.2842530743427908,0.506533015476862,0.6349814052244577,0.5685598745068534,0.40805307253790035,0.4183046577645345,0.8431918297351457,0.49018263284643665,0.6846404608078436,0.441116208636807,0.5448153275828311,0.9393654944037741,0.3301410600498653,0.5637343325609401,0.5133361845056262,0.5217411838987032,0.860011166616373,0.4882697206893717
img_0081,2,0,images/sub-02/ses-1/image_54.png,0.0,animal,animal,0.75665015,0.21292043,0.75665015,0.0020285198,0.0025410408,0.015555908,0.0016661373,0.0021416245,0.0022389817,0.004257139,0.66240543,0.94505876,0.9249171,0.31406245,0.8733769,0.17188251,0.79733497,0.4739587,0.10658846,0.53613406,marine animal,0.1574072,False,0.5594121813774109,0.2202394157648086,0.8419734675393364,60.66243743896485,0.4884219765663147,2.506521463394165,5.779262641812908,0.0330333333333333,-2.964205439929821,0.0438518933951854,0.4926999209607005,0.4723583913499821,1.3333333333333333,0.186886519599907,0.049063155009652304,0.14888675871124496,0.42651204635823614,0.8816308758034658,0.7357151980453396,0.324181292326566,0.6149339818422485,0.9050810941335559,0.44567442360047427,0.8217249422728677,0.2469274185757605,0.5960839785374598,0.9669976283734415,0.2695242893459402,0.7398453416687214,0.6144389307102617,0.6859197252375469,0.9177054367864892,0.3541297622687505
img_0082,1,0,images/sub-02/ses-1/image_55.png,0.0,scene_with_people,scene_with_people,0.5550239,0.123303525,0.008709503,0.005810573,0.0024751592,0.062335886,0.17711398,0.009325612,0.5550239,0.05590194,0.13467185,0.9518354,0.97352874,0.85346514,0.25114694,0.5079444,0.26948363,0.91326755,0.12300817,0.022978052,couple,0.42257282,False,0.4922046363353729,0.2786975502967834,0.9555471744446568,44.27281951904297,0.2578576803207397,2.6386330127716064,5.83327526720832,0.0549416666666666,-2.6423662960786007,0.043415181338787,0.4994707046080137,0.5208298532295038,1.3333333333333333,0.3160419045167525,0.29629728534161237,0.34074675489561856,0.5180709910649711,0.6763966405236037,0.4494312070299413,0.48689621508885994,0.5042119922212294,0.7990844364267217,0.5098077372770651,0.7617031326297768,0.5334423584590408,0.6427273949723248,0.9548990256181551,0.17794315763513507,0.5781084973585142,0.5459270922389253,0.5869981930815479,0.8647201677827535,0.4383376759489299
img_0083,2,0,images/sub-02/ses-1/image_56.png,0.0,face_person,face_person,0.90145725,0.90145725,0.014332658,0.0010706993,0.0013279702,0.04376196,0.0025033157,0.0047739386,0.026419124,0.004352918,0.8458641,0.93261075,0.96304786,0.16028167,0.8507849,0.6195985,0.72631305,0.46283576,0.03751534,0.66701347,actor,0.27947718,False,0.162031278014183,0.1946208924055099,0.9999999879462922,34.225555419921875,0.3793287873268127,1.887482762336731,4.684633568054689,0.0261083333333333,-2.6075582603585397,0.0312796011567115,0.5220999956650693,0.4777900138174012,1.3333333333333333,0.33408943854142914,0.21833459274969458,0.24093760333450734,0.5308649846791139,0.7304937068314963,0.44730113251950776,0.3860220789154478,0.4297862274968888,0.798295776264581,0.6167664878324941,0.5895725928635032,0.5363278208919703,0.5858447320651073,0.9202026538314887,0.3974596849918476,0.5013140543530104,0.3551393414563848,0.4527724473735317,0.8395621758731647,0.5337610265279014
img_0084,1,0,images/sub-02/ses-1/image_58.png,0.0,face_person,scene_with_people,0.4732019,0.3404395,0.042389214,0.0062923552,0.004852007,0.05188051,0.017849274,0.0095264595,0.4732019,0.05356884,0.6693127,0.8601876,0.9602323,0.13504125,0.07434731,0.31398562,0.48558205,0.91877925,0.059120003,0.14503373,fictional movie character,0.54494387,True,0.2794157564640045,0.116879217326641,0.7447321505187526,18.24408531188965,0.2897343337535858,1.2315293550491333,4.716563886061982,0.0106,-2.060886249551484,0.0790663883090019,0.487346204990924,0.4899339784662286,1.3333333333333333,0.34640925372577724,0.34002375639697124,0.3626353925188615,0.5395985677038336,0.6872967978812458,0.5075414426309137,0.5510332611076083,0.5685523202052032,0.8205997531945686,0.4442496597155356,0.7206286942923757,0.5516059055301163,0.6558134089091888,0.9466196465758416,0.25208544513469106,0.5871749104384196,0.5629618424199433,0.5940928573652381,0.8676903403367353,0.3858737067443774
img_0085,1,1,images/sub-02/ses-1/image_59.png,1.0,scene_with_people,scene_with_people,0.44449794,0.34984198,0.016551698,0.0014033924,0.007684169,0.04495572,0.013544007,0.053473875,0.44449794,0.06804723,0.16874428,0.9568432,0.93755686,0.7543895,0.7417413,0.6259081,0.6260429,0.7486668,0.16314626,0.19220181,couple,0.78791314,False,0.459005057811737,0.2394963204860687,0.9074190979427064,47.53022766113281,0.4433468878269195,1.8662559986114504,5.5708814598673975,0.029775,-2.7538864007367545,0.0205463748425245,0.5309090905262958,0.428785148058678,1.3333333333333333,0.283587819121945,0.3152441855496767,0.3363122349392889,0.4950641159580294,0.7180673987274545,0.4435276784267379,0.3490010600401333,0.42286385649611596,0.7968986547544848,0.4961176818384995,0.6087470273100151,0.6176143441745677,0.624130770944021,0.9240676466866705,0.3101771277965758,0.4450055065869869,0.30590336766582293,0.3319247052636424,0.8211153985583424,0.3875878368972023
img_0086,1,0,images/sub-03/ses-1/image_1.png,0.0,landscape_nature,object,0.37602627,0.112932414,0.08362114,0.027662138,0.14066063,0.37602627,0.017363464,0.18321303,0.04170414,0.016816733,0.10215048,0.23466994,0.7654362,0.24547939,0.7552036,0.46481615,0.9874249,0.05783779,0.084356666,0.5288723,flowers,0.9796522,True,0.2501581013202667,0.1991781145334243,0.963155280393176,58.08373260498047,0.7135336399078369,2.409595012664795,5.341416145141427,0.0748416666666666,-1.9816398686730712,0.1637641042470932,0.4690165870839922,0.4641300688886022,1.3333333333333333,0.2927658374232368,0.20206718355639974,0.26520653574072817,0.5015704623307062,0.7022862934949221,0.8467185657512899,0.5403455037019206,0.6637143501739511,0.9461800949170146,0.23104750159103185,0.9783488493755829,0.7900728466361531,0.8626557589110565,0.998568326512743,-0.04487746021549469,0.8660163469576563,0.6266763461186635,0.7278912096089869,0.9590392756172007,0.18542120299106932
img_0087,1,1,images/sub-03/ses-1/image_2.png,1.0,animal,animal,0.95891374,0.029029956,0.95891374,0.0007137266,0.0011209408,0.0037510968,0.00049335626,0.0022657667,0.0011782073,0.0025331958,0.74684185,0.9884306,0.9388202,0.10625436,0.8986028,0.7233431,0.91004795,0.4482338,0.017240774,0.7421813,big cat,0.9480381,False,0.4797914326190948,0.2241960614919662,0.9999999897591294,67.37960815429688,0.5368936061859131,2.6556529998779297,5.757989469489543,0.1145583333333333,-2.4026532923462023,0.1277584433555603,0.5120629235583211,0.4930922611557292,1.3333333333333333,0.23438730819001474,0.16982810352636368,0.19522647137828525,0.46018561001838143,0.846813258195368,0.9047046366665169,0.8259024042426838,0.8828731453218422,0.9676494397056126,0.1641465700477338,0.8335319142914914,0.6650494030225769,0.7874647452739852,0.9693775610186838,0.19661254703665057,0.8201171524356472,0.6445889153433407,0.6962739041284445,0.9440026203691302,0.308022704947013
img_0088,1,0,images/sub-03/ses-1/image_8.png,0.0,scene_with_people,scene_with_people,0.8412386,0.050384812,0.030177582,0.00094590423,0.0016061214,0.030985989,0.02102263,0.010001614,0.8412386,0.013636677,0.32442433,0.21053444,0.5543381,0.7624082,0.20960267,0.49071607,0.045397848,0.5971547,0.055268206,0.41745514,musician,0.3718056,False,0.6203494668006897,0.3368660807609558,0.9169811259030266,0.0945334881544113,1.7745100194588304e-05,0.8535580635070801,5.528586251534158,0.164525,-2.2483392813008662,0.0956481993198394,0.4611271627589455,0.5763077509838136,1.3333333333333333,0.39909661960759446,0.18551348727151307,0.3608338669346566,0.5769489238087894,0.6555337176522928,0.5891641957345625,0.536879876099809,0.5726357751825242,0.850820580391824,0.48767773790363905,0.8273582898225689,0.7682671564932259,0.778936572036888,0.9681331428571196,0.1956465920577134,0.6807753209803761,0.6618647917771583,0.675829789745287,0.8983539961819895,0.3949912120261009
img_0089,1,0,images/sub-03/ses-1/image_11.png,0.0,animal,animal,0.38784042,0.18050432,0.38784042,0.0042032553,0.034178175,0.24227557,0.032073025,0.08801794,0.0078853145,0.023021981,0.3827622,0.895512,0.9199088,0.22508374,0.9227202,0.748311,0.998379,0.23726891,0.04097241,0.6340119,flowers,0.43942162,False,0.5769858956336975,0.1305795460939407,0.4851282669425374,98.6020050048828,0.957987666130066,2.088921546936035,4.935301061624507,0.0078833333333333,-3.1355438795330115,0.0227696299552917,0.5153650403021611,0.5906762945507145,1.3333333333333333,0.23133337374404328,0.1976636270971006,0.22694190216510352,0.4580206595189758,0.8286041891145153,0.826548198249841,0.7359215059469448,0.8509839488964598,0.9387120156426926,0.18565353480421332,0.9122731034448422,0.7575714421946682,0.8421179629450577,0.9852494311557237,0.06015207126809967,0.7771412897968991,0.7055965363440722,0.7502606762888702,0.9299236536853592,0.2839157928561471
img_0090,1,0,images/sub-03/ses-1/image_29.png,0.0,scene_with_people,scene_with_people,0.5514128,0.19499296,0.09425538,0.0062156427,0.01792942,0.044240274,0.05954542,0.006995503,0.5514128,0.024412515,0.7371426,0.30858076,0.68664885,0.62139285,0.15799892,0.18370084,0.06421197,0.71161574,0.05743687,0.49777365,musician,0.23628068,False,0.4781627058982849,0.3164795637130737,0.9920634815647688,0.0,0.0,-0.0,5.862988783178741,0.1308583333333333,-2.6179711072243075,0.0689482986927032,0.5423400061181006,0.4501466213055261,1.3333333333333333,0.40591805275317294,0.18551348727151307,0.3597999680274007,0.5817846743320744,0.6284818809717225,0.43206645376526376,0.3263534208391977,0.4069478245176336,0.7926551359218931,0.5389266731934645,0.6029871472139342,0.4646846410792177,0.5388381644231064,0.9229066270237356,0.38184270384351393,0.5756030420277956,0.44681142132929497,0.5331465898213944,0.8638993762974176,0.38595633093670434
img_0091,1,0,images/sub-03/ses-1/image_47.png,0.0,face_person,face_person,0.8839819,0.8839819,0.03310368,0.0027503744,0.002950361,0.038757235,0.013113172,0.006548122,0.014638262,0.00415675,0.15509646,0.9911356,0.86681706,0.8097495,0.5527133,0.37775984,0.18228076,0.07639813,0.07038866,0.6358238,scientist,0.93549126,False,0.4593056738376617,0.2081824541091919,0.8693499071628047,39.40009689331055,0.3841643929481506,2.2185680866241455,5.617176215661027,0.0388416666666666,-2.4587654893698354,0.0534003786742687,0.5371941458435309,0.5213219763531669,1.3333333333333333,0.313161698174661,0.2274406420019799,0.28463911785903945,0.5160291973496774,0.6755895025017142,0.44059356700138375,0.3167667190371055,0.39458172226907273,0.7958122998964159,0.6249770777280498,0.6318616025675783,0.4991237480260483,0.5680745091186317,0.928726854157444,0.41253874666555834,0.484626685476065,0.32942396972867427,0.389043237147615,0.8340953650627987,0.6217806622686861
img_0092,4,0,images/sub-03/ses-1/image_52.png,0.0,animal,face_person,0.62436295,0.62436295,0.33367255,0.0007967484,0.002079292,0.01320724,0.0025671371,0.0036081872,0.0033424932,0.01636351,0.29692176,0.99552613,0.91537535,0.7729946,0.8198055,0.33344382,0.5251201,0.22147167,0.10344538,0.026681058,primate,0.97968423,True,0.5915713906288147,0.1711584627628326,0.6505030310882686,43.57976531982422,0.4407610297203064,1.266709327697754,5.385185411904195,0.0036333333333333,-2.958635833882135,0.0172223690897226,0.4663727988636457,0.4940870666974288,1.3333333333333333,0.22993720455340327,0.25155291434563376,0.2625378413927108,0.4570309076955468,0.8057763907356175,0.8132108038676191,0.793101571424752,0.8238896716663717,0.9337738449052402,0.19129096440587096,0.8765133668310781,0.8031082502986278,0.81473440840966,0.9780413371229674,-0.001163630916531178,0.6247530352841871,0.355208366554291,0.46952377770601056,0.8800009988147139,0.21990963205223996
img_0093,1,0,images/sub-03/ses-1/image_55.png,0.0,animal,animal,0.82592297,0.092579946,0.82592297,0.00078554865,0.0038757985,0.058234062,0.0016259803,0.010680054,0.0015888568,0.004706725,0.41791347,0.9522114,0.9182606,0.24851066,0.952312,0.469734,0.8732135,0.3089341,0.03253296,0.07652662,marine animal,0.3399386,False,0.5793203711509705,0.1253316700458526,0.4909574669451422,60.75257110595703,0.440640389919281,2.4849658012390137,4.893578789371541,0.0040083333333333,-2.34646740865009,0.0696531683206558,0.555519481224178,0.6381201892716818,1.3333333333333333,0.27490566944004846,0.21595403043699624,0.24010945713604484,0.4889092935077523,0.8224358162402953,0.8334609797649439,0.7744344149554395,0.8247878595577178,0.9412714732409313,0.24195995844380014,0.9921211333324239,0.8671023056686205,0.8837297023622099,1.0013444073010038,0.046904510161735205,0.7899841161483085,0.7055965363440722,0.7409779751967764,0.9341309857370008,0.3718623500907364
img_0094,1,0,images/sub-03/ses-1/image_58.png,0.0,cartoon_art,object,0.30845836,0.20026068,0.16471362,0.033271458,0.014504206,0.30845836,0.058244843,0.024407472,0.050097026,0.14604233,0.34679705,0.17249477,0.9737732,0.8266205,0.61445415,0.50206137,0.95123625,0.34621567,0.26498938,0.6771234,logo or sign,0.23952197,True,0.1565539836883545,0.155120700597763,0.8027281445409985,41.193946838378906,0.0622163750231266,4.36281156539917,1.171493246962178,0.0361583333333333,-2.9889539763235256,0.0504852570593357,0.4768972399924591,0.5297228699042481,1.3333333333333333,0.2641098868244057,0.2502742296775389,0.3038738389697144,0.4812561053405849,0.7332892410368639,0.6447963945157621,0.7082492238274691,0.7161831527588574,0.8714184039403025,0.3681661953766411,1.0246094234001375,0.7723592904250607,0.8237838122031256,1.0078930754945332,0.08122089923204338,0.8198558428408746,0.7517938793128841,0.7820837640520168,0.943917014895428,0.11708071193378936
img_0095,1,0,images/sub-03/ses-1/image_63.png,0.0,animal,animal,0.9039971,0.07395267,0.9039971,0.00037223168,0.004398454,0.010695447,0.0011822393,0.0025902244,0.0008507331,0.0019607646,0.58250314,0.9784792,0.94594735,0.2059938,0.94577336,0.6649186,0.30826628,0.4014554,0.0066384696,0.4993844,dog,0.49904737,False,0.5763511657714844,0.1651851087808609,0.773912643014242,21.548978805541992,0.2132114320993423,1.4635177850723269,5.263728984656139,0.0141333333333333,-2.759372597019433,0.0314572378993034,0.4638482283293311,0.5104590212726279,1.3333333333333333,0.25256279145008875,0.17919495631555005,0.214512620490581,0.473070307531371,0.8264080086474128,0.8312763094664677,0.5936944325483982,0.7262981648111217,0.9404625989863545,0.30632250489019197,0.9776411541169853,0.5590042245831128,0.8144761075983908,0.9984256763018201,0.10383221865603648,0.8041179376776362,0.7253004411424809,0.7576552140525818,0.9387612500343916,0.3392717481325559
img_0096,1,0,images/sub-03/ses-1/image_69.png,0.0,animal,landscape_nature,0.3483927,0.09044563,0.32199678,0.035007175,0.3483927,0.07224321,0.07324021,0.015795292,0.020117007,0.022762014,0.74553484,0.4275274,0.93400604,0.027757196,0.7453159,0.6498834,0.30926567,0.7496858,0.03336369,0.13699488,bird,0.62100786,True,0.5459292531013489,0.2780913114547729,0.9531893577462331,44.990699768066406,0.3106082379817962,1.1839197874069214,5.807033235780086,0.0429166666666666,-2.729019563615414,0.0274089220911264,0.5408270837070352,0.4340343629129961,1.3333333333333333,0.2049794366562958,0.22065097100019304,0.25084488464938814,0.43933821224683584,0.7971452552899169,0.846379207766976,0.7694200962164974,0.8167669765212089,0.9460544476114289,0.2067487956022802,0.8675895613428994,0.7929381936738398,0.8346178293332477,0.9762425646716048,0.1372645226127091,0.7559286326284121,0.6725058751970349,0.725930109390286,0.9229743506298318,0.3368560528767036
img_0097,4,0,images/sub-04/ses-1/image_1.png,0.0,animal,animal,0.84144604,0.06056799,0.84144604,0.0026509233,0.009418042,0.028120138,0.02214073,0.0056409477,0.012834618,0.017180547,0.64745826,0.8866129,0.7335234,0.10561649,0.78428453,0.733838,0.26272175,0.779783,0.05459233,0.8653801,wild mammal,0.28390008,False,0.4167241752147674,0.1988749951124191,0.8077466883724077,31.030029296875,0.3920138478279114,1.4635010957717896,5.374872213405578,0.015875,-2.5099156186743,0.0346477925777435,0.5238327443659947,0.4945102491138086,1.3333333333333333,0.24051014015120853,0.17135001843121922,0.1785315259164722,0.46452611841719504,0.8418249603924088,0.8171787621009374,0.7136356877247905,0.8036903301661222,0.935242981580191,0.24319813427863948,1.01408877572966,0.745167249745556,0.8429206170419906,1.0057724273892807,0.05783292654153509,0.8045304944981195,0.3913663236621788,0.6962006759370916,0.9388964043599619,0.25356441351944287
img_0098,4,0,images/sub-04/ses-1/image_2.png,0.0,animal,animal,0.80318123,0.031013018,0.80318123,0.0074452674,0.03610262,0.03969956,0.017226841,0.008306589,0.037394073,0.019630864,0.38325214,0.38497448,0.86015266,0.20976862,0.9008325,0.16551721,0.17490351,0.8300624,0.7228516,0.6069668,marine animal,0.41763315,False,0.473290354013443,0.1962831616401672,0.9641632600762658,17.08116340637207,0.150677353143692,2.9731531143188477,5.43676932164039,0.0349166666666666,-2.5053086427660003,0.0442232675850391,0.5071554821099494,0.5449269112970755,1.3333333333333333,0.26737655493825696,0.2543047066652887,0.26639810057317553,0.4835718638775128,0.7936006781187486,0.8232086041420408,0.7697617408646945,0.8241982119231139,0.9374755308072372,0.26053099993602297,0.9712180919830339,0.6908139081578374,0.8010691345771568,0.9971309789627478,0.11631652649159291,0.7722832921251706,0.688619337554144,0.7235624757325935,0.9283321652737121,0.3202818330309193
img_0099,5,0,images/sub-04/ses-1/image_3.png,0.0,animal,animal,0.7896866,0.071485765,0.7896866,0.0028440808,0.055166632,0.047655404,0.0066065337,0.0051498176,0.0051540625,0.016251087,0.21624675,0.7412272,0.9541399,0.7003095,0.67277944,0.3705888,0.70644367,0.51749754,0.09689072,0.6428351,marine animal,0.9359903,False,0.3267423808574676,0.1311211287975311,0.9336164939196692,91.25837707519533,0.9716361165046692,1.337274432182312,4.858021914735565,0.001775,-2.9996076205709414,0.0193781051784753,0.5227575895910204,0.3819919186402256,1.3333333333333333,0.26205380731738814,0.15523944702954617,0.1931708072330418,0.47979853955641827,0.8096436993931149,0.7428162145840097,0.5311768923098097,0.6733718520875873,0.9077102457558672,0.32084409643865464,0.9858165799168551,0.7313880210921584,0.7896479245048738,1.0000735977772988,0.08679928076424989,0.7865686993479548,0.5359277178056492,0.6291492558941496,0.9330120893055881,0.2662674028667624
img_0100,4,0,images/sub-04/ses-1/image_4.png,0.0,animal,animal,0.8775474,0.035595413,0.8775474,0.0006971683,0.014091577,0.051897816,0.00207427,0.01154759,0.001957787,0.004591054,0.4721092,0.37096968,0.9649061,0.12964249,0.8866583,0.49029568,0.9992767,0.24427532,0.044388447,0.5204516,reptile or amphibian,0.8219129,False,0.3037657439708709,0.1987624019384384,0.9505180434988506,84.33944702148438,0.6603438258171082,3.9842448234558105,5.525267085356877,0.0871416666666666,-2.203755632851095,0.1226418390870094,0.4797284175231858,0.5357789982377341,1.3333333333333333,0.2781749658044006,0.2124813659568927,0.25278546552172265,0.4912269152255487,0.7968042350895594,0.8747438283481964,0.8413822050294812,0.883884070536074,0.9565564493757193,0.13539445327032162,0.9755948299682937,0.8352255123600133,0.8699041599070053,0.9980131985186479,0.05568020435286662,0.8053815912234785,0.7226035309613008,0.7373354714004752,0.9391752251143404,0.2131988657958254
img_0101,2,0,images/sub-04/ses-1/image_5.png,0.0,animal,animal,0.78372806,0.12556963,0.78372806,0.0020217851,0.0015429796,0.067035384,0.0021635634,0.008059508,0.00365581,0.006223262,0.6486316,0.89468026,0.9923773,0.79425627,0.62627333,0.7038585,0.42323127,0.34218156,0.009421183,0.11925037,insect or spider,0.91783035,False,0.9249919652938844,0.199970543384552,0.7168206619576329,25.288347244262695,0.0778843834996223,1.6702216863632202,1.7508444556387055,0.057275,-2.828877416487152,0.0426355972886085,0.4897871731843719,0.4825294081426774,1.3333333333333333,0.24894546748377144,0.2377396855812176,0.26987271516567946,0.470505967180935,0.7945459487289885,0.8771576718023445,0.8543615747105213,0.8737024744881566,0.9574501749992155,0.13149649540126274,0.9963613890649006,0.8919130351023304,0.9030042403810385,1.0021991161142354,-0.025064093937436974,0.8626582559255832,0.6632471318677368,0.7757098083791143,0.957939159206297,0.11784536258254559
img_0102,3,0,images/sub-04/ses-1/image_6.png,0.0,animal,animal,0.91506207,0.052362867,0.91506207,0.0009471089,0.005291635,0.005852683,0.0028141104,0.004796925,0.0012879021,0.011584744,0.5877791,0.91190344,0.54491687,0.17161065,0.90058124,0.3660283,0.7372738,0.71875286,0.05362998,0.3029015,big cat,0.91087157,False,0.5900987386703491,0.2758307754993438,0.9822695932577892,30.9508113861084,0.2389546781778335,3.1713547706604004,5.830605592223042,0.2600416666666666,-1.9502921260801456,0.1729066967964172,0.4997790648142113,0.4669359104605756,1.3333333333333333,0.231916401004285,0.16719486813347162,0.20707557111912117,0.45843397066908653,0.8227678698474963,0.8332402381147024,0.5556676570691844,0.7496363787659726,0.9411897436371932,0.2538957542790997,0.874700137185887,0.4526468683933351,0.7173505878476076,0.9776758442244404,0.20337483029384018,0.822678489010422,0.5974971406229603,0.6429876122868255,0.9448417186463492,0.2713900389736371
img_0103,4,0,images/sub-04/ses-1/image_7.png,0.0,animal,animal,0.6782613,0.07956823,0.6782613,0.004562824,0.03355695,0.13309194,0.01193968,0.03005479,0.021296194,0.007668113,0.5769285,0.7424856,0.9797147,0.4887433,0.83305055,0.8371832,0.25839907,0.23843828,0.009288263,0.7976292,marine animal,0.9843577,False,0.5174949169158936,0.1841096729040146,0.5913691741061049,42.83518981933594,0.4302776753902435,1.7612569332122805,5.188745836806469,0.0047333333333333,-2.9012142316473275,0.0205957610160112,0.4874020638609525,0.4339905282087424,1.3333333333333333,0.2736037702754568,0.15052181424580025,0.1812087711506506,0.4879863702111253,0.8032003261977531,0.8804860884018024,0.5628286521226329,0.8020674625438302,0.9586825213618151,0.1669268799522286,0.9717890689514415,0.49058516657475637,0.7587414813039735,0.9972460708529169,0.1328885963669289,0.8171176593077071,0.5847835047313815,0.6919277018018899,0.9430199812497844,0.2381522119855092
img_0104,4,0,images/sub-04/ses-1/image_8.png,0.0,animal,animal,0.5276123,0.106321685,0.5276123,0.013133052,0.017129479,0.22207451,0.025274431,0.06439849,0.011025881,0.013030153,0.7182715,0.67512864,0.9840426,0.104682356,0.7827001,0.75770265,0.7663353,0.14670622,0.041961253,0.5234865,marine animal,0.48685917,False,0.517095685005188,0.2254334092140197,0.8753968576695648,41.193580627441406,0.2569211423397064,4.224090099334717,5.79479846526049,0.0395333333333333,-2.66250693122369,0.0566561445593833,0.5719438309352506,0.5612466591506948,1.3333333333333333,0.20676584279795174,0.21424024420327636,0.23338836095127818,0.44060460513671024,0.8435458081968816,0.8158871389982069,0.7032585067226463,0.7824426043331605,0.9347647580811375,0.21212986793794036,0.959864579622991,0.8544935449836124,0.8749188171923945,0.9948424502306388,0.05654520730467456,0.8068545956776592,0.698929564039833,0.7414334100117074,0.9396577839127472,0.22135873914491005
img_0105,4,0,images/sub-04/ses-1/image_9.png,0.0,animal,animal,0.5301506,0.21238698,0.5301506,0.0044250344,0.01078188,0.109901145,0.010102997,0.0725166,0.019151393,0.030583415,0.48368174,0.9282893,0.8920817,0.3649561,0.86030793,0.14271893,0.99971765,0.3255737,0.083056584,0.5174066,reptile or amphibian,0.8194354,False,0.3501861095428467,0.1458231657743454,0.948079405308972,75.47874450683594,0.7606602907180786,2.772069215774536,5.003057587271005,0.0342083333333333,-2.6126439593095405,0.086868904531002,0.4967397052339459,0.6324511357387556,1.3333333333333333,0.21144273183675133,0.2124813659568927,0.22019116616828835,0.4439200768468419,0.8502414821817196,0.8184067217628802,0.7616183660031707,0.7992359926880265,0.9356976336880614,0.2048012138273413,0.9160643794559831,0.8055497752120515,0.8651158590862555,0.986013639077264,0.10026370121538648,0.7826168326558547,0.6759089794486401,0.7383611378371416,0.9317174509648882,0.2658892012178294
img_0106,4,0,images/sub-04/ses-1/image_11.png,0.0,animal,animal,0.73097914,0.08215152,0.73097914,0.0020596888,0.0034840165,0.116145134,0.019361548,0.01121912,0.004615105,0.029984776,0.51228327,0.8193313,0.9899131,0.9444644,0.7448282,0.9039937,0.32937065,0.6732475,0.03134016,0.31664526,scientist,0.3343204,False,0.0658659934997558,0.1497248262166977,0.9999999859860916,18.660221099853516,0.1537276655435562,1.3074936866760254,2.091931368149067,0.0302,-2.4803125213745276,0.094572015106678,0.5044250935973684,0.4056905691927019,1.3333333333333333,0.2779715793653532,0.21743783572300635,0.2488883892346551,0.49108273348865245,0.8040178659438737,0.7155060553548822,0.6743877656177221,0.7177027821891256,0.8975986583441452,0.3090928528081195,0.9411135061254094,0.8360610631630079,0.8529451929199563,0.9910627942883836,0.04696654638730597,0.7714514807669934,0.7044902164974034,0.7476722283441922,0.9280596624388672,0.2646298038357805
img_0107,4,0,images/sub-04/ses-1/image_12.png,0.0,animal,animal,0.39360088,0.121705554,0.39360088,0.0023086206,0.0074359477,0.25833166,0.02448018,0.10397626,0.035444148,0.05271672,0.6968806,0.86404026,0.7891642,0.3208317,0.7473247,0.6242958,0.98932064,0.37554005,0.03513521,0.7215344,insect or spider,0.32949635,False,0.6948317885398865,0.2247661501169204,0.7111509818459725,113.15453338623048,0.5093057155609131,2.652926445007324,5.381153615762291,0.0113333333333333,-2.7084903581582775,0.0141290510073304,0.5154532014277491,0.5283139169841442,1.3333333333333333,0.24677642561921775,0.1976636270971006,0.23576369239369618,0.46896832177597453,0.8018736826768982,0.807861922453608,0.8607976659316244,0.8623035788694313,0.9317934213742404,0.21018993214471665,0.9494259633764464,0.7575714421946682,0.8301251120738339,0.9927383372085091,0.08951220637095088,0.7829455879833325,0.6759089794486401,0.7271966327152757,0.9318251517768901,0.2740409919864083
img_0108,1,0,images/sub-04/ses-1/image_13.png,0.0,face_person,face_person,0.64252,0.64252,0.05115671,0.0022124802,0.0002507321,0.019868108,0.0042584008,0.0027771478,0.14399865,0.1329577,0.03485322,0.84373045,0.79777384,0.88581294,0.15695733,0.35136798,0.015698327,0.7240555,0.0667593,0.18521035,fictional movie character,0.4361207,False,0.2661273181438446,0.2568942606449127,0.97580644265286,0.0,0.0,-0.0,5.112120464475742,0.07135,-3.0812658790721885,0.0341471023857593,0.5633735457682681,0.5521066691303467,1.3333333333333333,0.27762005988587557,0.3243573926610792,0.3320135041926152,0.49083353944532604,0.7320769907102194,0.5725298734499407,0.3967695719061374,0.46971305982341266,0.8446617219829601,0.4628967754105446,0.6604465448375405,0.4024501378329962,0.5278185227180028,0.9344887241071095,0.3758856401063515,0.5007866099071843,0.3513155799618357,0.4855728306385482,0.8393893841634844,0.5324115356909549
img_0109,1,0,images/sub-04/ses-1/image_14.png,0.0,face_person,face_person,0.90881306,0.90881306,0.04264884,0.0014189297,0.0017719124,0.013257331,0.004774446,0.004619439,0.016687484,0.0060086227,0.68213224,0.9266996,0.7394893,0.56322926,0.27711403,0.4240444,0.48439482,0.62387425,0.08277999,0.43065467,politician,0.6788605,False,0.3129851818084717,0.2341944128274917,0.9999999883921028,48.61579132080078,0.4318999350070953,1.7166986465454102,5.594178223282929,0.0252333333333333,-2.9440313794668107,0.0252061281353235,0.4746145759462902,0.5557331906049775,1.3333333333333333,0.30510414612803916,0.2396436098772563,0.25679491847064206,0.5103171555112107,0.7622700857342618,0.3688686570518176,0.2594163410419035,0.2795064509209918,0.7692561494738489,0.7674683617869344,0.49948283048100217,0.2122016152153624,0.2925419092291345,0.902043250543496,0.5776076115097127,0.3584643263494527,0.22273870350065983,0.2540250229630637,0.7927643587297688,0.7999671577275945
img_0110,2,1,images/sub-04/ses-1/image_15.png,0.5,face_person,face_person,0.5487752,0.5487752,0.07311428,0.0026662117,0.017750988,0.026846346,0.0044658734,0.012137349,0.046373416,0.26787028,0.6807443,0.93225235,0.8494126,0.21129918,0.47665054,0.18665007,0.19612819,0.41974875,0.069645725,0.019597933,fictional movie character,0.41258046,False,0.5019304752349854,0.2565761208534241,0.9317701770696822,30.73188591003418,0.2733925879001617,2.164700508117676,5.881760184042138,0.042725,-3.3806238669208866,0.0220565069466829,0.500049921724184,0.5034600125772193,1.3333333333333333,0.27717100573634057,0.24908253598215813,0.27924955405875707,0.4905152025515597,0.7516270663287075,0.4707537614014834,0.46982196011576394,0.48610527597366077,0.8069791129300756,0.5628186564621396,0.5806695423110334,0.5504305878057725,0.5827823744273132,0.9184080649547943,0.397709535155476,0.5608843267112691,0.5661256707510076,0.6100119797413301,0.8590774997870796,0.40561066480743097
img_0111,4,0,images/sub-04/ses-1/image_17.png,0.0,vehicle,vehicle,0.54979867,0.0056710993,0.015169211,0.0007118388,0.0017475039,0.41556823,0.54979867,0.0016678105,0.00086657825,0.008798998,0.29645768,0.8521596,0.85721016,0.24658434,0.15438174,0.9233739,0.1438444,0.11759409,0.06671072,0.29904923,bicycle or motorcycle,0.9829358,False,0.8413919806480408,0.3013701736927032,0.8733607934343147,9.370847702026367,0.0465064086019992,3.999297618865967,2.600741816844525,0.1124916666666666,-2.599678763058779,0.0762767195701599,0.4974772386454589,0.6061106588248796,1.3333333333333333,0.3104366638962911,0.2616263233719367,0.3006832720324545,0.5140974059421579,0.7750767951221993,0.8206154348196691,0.6922776609521575,0.7445132440513973,0.9365154097747465,0.18913171933320716,0.98526344188855,0.8559462671248981,0.8861646990772003,0.9999621016842436,0.010532078145035078,0.8142046718412772,0.6632471318677368,0.7357893322019212,0.9420656815342707,0.19209999097147296
img_0112,7,0,images/sub-04/ses-1/image_18.png,0.0,landmark_place,landmark_place,0.9121457,0.00592066,0.0031888436,0.9121457,0.0050328276,0.018356761,0.0038801024,0.0051744147,0.042888265,0.0034123515,0.32833293,0.1690988,0.9802224,0.19733295,0.07849959,0.8750948,0.73351747,0.20251217,0.24493963,0.5055301,temple or church,0.7817728,False,0.4233248233795166,0.2056281715631485,0.7625623802781479,34.63685989379883,0.2799513339996338,2.402822971343994,5.534435558506688,0.1249083333333333,-1.6821699925019802,0.2217876017093658,0.5241434711511859,0.4878343045422353,1.3333333333333333,0.3871283124890511,0.2709743997054178,0.3355693289394058,0.5684645267361822,0.7184117970011928,0.6425901396877542,0.48233305836897666,0.5085642907534218,0.8706015380129102,0.622928533664582,0.9330488527377621,0.4876080914204396,0.6482642393282075,0.9894372012201904,0.266355520304281,0.7993727984528312,0.7517871630184745,0.7854980222460733,0.9372067342445061,0.2526649754914119
img_0113,7,1,images/sub-04/ses-1/image_19.png,0.14285714285714285,landmark_place,landmark_place,0.773667,0.042839594,0.010042144,0.773667,0.048115533,0.0770158,0.011933941,0.0052227695,0.019799637,0.0113635585,0.3847279,0.118494615,0.94740885,0.1067064,0.09907112,0.55178887,0.3839011,0.8843548,0.31256545,0.3631699,famous monument,0.66796464,False,0.5050411224365234,0.1966484785079956,0.9057978515170224,37.05366516113281,0.3020158112049103,1.5027189254760742,5.55290586849479,0.0326833333333333,-2.1855303964476316,0.0678672417998313,0.4983262473898048,0.6885982353199198,1.3333333333333333,0.24425618984850217,0.21910247072072075,0.25556811810120317,0.4671817131283565,0.8231289192721838,0.574428412836941,0.5064970125550978,0.5488804969997676,0.8453646562575351,0.5203509308873203,0.845863193259123,0.4535557520191542,0.611568814365899,0.971863178273164,0.3762247479906703,0.7385136283796129,0.6105114999552965,0.646026873946195,0.9172691652173226,0.4501500117100021
img_0114,4,0,images/sub-04/ses-1/image_21.png,0.0,face_person,face_person,0.5547751,0.5547751,0.27718377,0.005504005,0.004961777,0.04621025,0.016075207,0.010613761,0.0622919,0.022384293,0.8744672,0.8760459,0.8587658,0.44435376,0.4137052,0.6369069,0.29522038,0.8240215,0.05100042,0.1528252,musician,0.44469255,False,0.1694250255823135,0.2207220941781997,0.9999999892231818,66.75800323486328,0.5332569479942322,2.1744494438171387,4.650001568899519,0.0891833333333333,-2.310304773364899,0.1342543810606002,0.4652740689716782,0.594956289232266,1.3333333333333333,0.2820684680430682,0.32563140219210607,0.34959133943521786,0.49398703983371145,0.7077734231553038,0.5870635872880223,0.45229202810361735,0.5665228372994144,0.8500428300408724,0.34704348406237173,0.7085110027619119,0.5637550393006097,0.6314048542101789,0.9441770821645061,0.22166233298437288,0.747143428810867,0.4801399877259601,0.5933876220572836,0.9200963027149579,0.1432136465921645
img_0115,1,0,images/sub-04/ses-1/image_22.png,0.0,face_person,face_person,0.98292476,0.98292476,0.006183822,0.00049302744,0.00052266114,0.0035128335,0.0010741118,0.00083541416,0.0026266484,0.0018267529,0.63269204,0.9912305,0.981737,0.5143589,0.6227278,0.46225068,0.38029715,0.26524654,0.05887846,0.24542357,elderly person,0.70921797,False,0.6176658868789673,0.3001156449317932,0.8399019644367642,62.60795211791992,0.358312040567398,1.5097990036010742,4.634886224875568,0.0400166666666666,-2.42363906090776,0.0497115664184093,0.4822559435798487,0.5274400863267465,1.3333333333333333,0.3688633892666353,0.29163609789091616,0.3683623425663226,0.5555164247544445,0.6823337159588607,0.4054675303631702,0.29884289009441123,0.34128385155238805,0.7828068836000562,0.7231865459736145,0.5251361101287813,0.3988085923867414,0.4872889613488785,0.9072141849367491,0.5100332302517606,0.47185452503130754,0.3903470843900416,0.4176991544043691,0.8299111832839927,0.6301982123059676
img_0116,3,0,images/sub-04/ses-1/image_23.png,0.0,face_person,face_person,0.9584354,0.9584354,0.008090339,0.0009110063,0.0023334376,0.015486613,0.00055580353,0.0037347372,0.0047222944,0.005730391,0.49130765,0.9876715,0.86112404,0.54206795,0.90222955,0.16460404,0.6911942,0.05117017,0.038210645,0.031043673,actor,0.31600022,False,0.4774662852287292,0.3207444250583648,0.9954066418755342,19.383344650268555,0.2376492023468017,1.9423071146011353,4.732428829108313,0.024825,-3.2825046267146982,0.0131404073908925,0.5070827701685618,0.506840778237631,1.3333333333333333,0.32752088701575555,0.09586559305274844,0.24476026102403017,0.5262085032917548,0.7262893113603679,0.5336623590606797,0.0701269252278599,0.2686485192384082,0.8302710234181482,0.554752328432324,0.5653280806718577,0.13010667005279564,0.3540357615294237,0.915315684848937,0.44824798632491836,0.49298189009283866,0.12622471676937508,0.29685999856609835,0.836832544498252,0.5979598769052064
img_0117,1,0,images/sub-04/ses-1/image_24.png,0.0,landmark_place,landmark_place,0.8958449,0.013580805,0.0036328782,0.8958449,0.01702057,0.024564002,0.008008756,0.0038424085,0.028006619,0.0054990537,0.7233385,0.12053846,0.88816965,0.16948478,0.08656779,0.7403182,0.8123376,0.1725454,0.08098666,0.1990725,famous monument,0.88161284,False,0.5686543583869934,0.2376327216625213,0.9966204640458736,54.16020965576172,0.2970684766769409,1.6520596742630005,5.07017950821018,0.0638583333333333,-2.364504349866051,0.0811497196555137,0.4882534740704883,0.6533184433058975,1.3333333333333333,0.25530528157104015,0.20188245369373892,0.2511596066254535,0.47501447347926884,0.8265791180240278,0.7347197958422897,0.5713551722379748,0.6091932297475161,0.9047125464329907,0.42323888637870044,0.9184850764299857,0.6760677185920082,0.7925791876656729,0.9865015792319098,0.18336150126124545,0.7786560567677447,0.45889072541092657,0.6007867523491004,0.9304198939562173,0.4471180188590217
img_0118,1,0,images/sub-04/ses-1/image_25.png,0.0,face_person,face_person,0.87856644,0.87856644,0.02348886,0.0036510858,0.0008749396,0.020353677,0.0021684181,0.012146204,0.051643007,0.007107299,0.7495068,0.6953769,0.7890147,0.45393357,0.889391,0.17150411,0.74855983,0.5747002,0.08625971,0.73521894,actor,0.38238138,False,0.5270872116088867,0.2325284332036972,0.8773566647190326,27.959484100341797,0.2531317472457886,1.974598050117493,4.407649648815679,0.024625,-2.8306103404719605,0.0215460788458585,0.6247241105848946,0.5790209414662058,1.3333333333333333,0.3276395365507403,0.05742362145842439,0.23032558781227755,0.526292614583128,0.7315618346691138,0.4155026963750589,0.138231564612729,0.40204762871188365,0.7865224041676601,0.6327870043806314,0.7071647237447706,0.06373788253647172,0.538654377653623,0.9439057125553085,0.3305156830959538,0.45552588361805113,0.20387026390162388,0.38505435617397027,0.8245618922091184,0.6331726117225291
img_0119,1,0,images/sub-04/ses-1/image_26.png,0.0,face_person,face_person,0.94727576,0.94727576,0.012678596,0.0016419179,0.0035833109,0.013158482,0.0031949994,0.002208747,0.013564296,0.0026938173,0.8227787,0.9904896,0.97131693,0.18648335,0.18244685,0.3731764,0.6042484,0.58002174,0.055788565,0.1597236,actor,0.61356974,False,0.300262302160263,0.2326413094997406,0.992694709899982,47.61733627319336,0.2994490563869476,2.48667311668396,5.231817053247697,0.0162833333333333,-3.1386573850704655,0.0195528212934732,0.5142335593086896,0.4583811033797831,1.3333333333333333,0.34315518864938965,0.04990743770736694,0.22286937081772368,0.5372917435277227,0.7426090295945572,0.3567309376048242,0.07707338750126769,0.21889719184955309,0.7647621584232096,0.793542673992323,0.4644339418376615,0.034749343333658866,0.3435958520161765,0.8949784422141311,0.6009847721805295,0.3769166538767421,0.17805595273129726,0.25074045305552517,0.7988093730364857,0.7891032464522596
img_0120,4,0,images/sub-04/ses-1/image_27.png,0.0,face_person,face_person,0.56941247,0.56941247,0.13596582,0.0050162985,0.0012269755,0.07381709,0.0034680015,0.041229457,0.05721348,0.11265042,0.7014472,0.5167036,0.9250278,0.9077856,0.5384192,0.528801,0.80810153,0.45124194,0.17829041,0.28254285,fictional movie character,0.5011164,False,0.6111858487129211,0.3669278919696808,0.9466052607814543,34.46527862548828,0.1652098000049591,3.04626202583313,4.76000115884065,0.0558,-2.9084188552352934,0.0332767143845558,0.4425696919304688,0.5336273260403103,1.3333333333333333,0.30537138248356854,0.30786255157378817,0.3281524730317023,0.5105066007961696,0.6997046700043585,0.4653467799837808,0.37587857609471986,0.41191326894130864,0.8049771778706731,0.5955047297111151,0.681176581940077,0.6496557356774033,0.6648541036526887,0.9386672799603454,0.30775840200300686,0.4718153521355699,0.3514280919054231,0.3985322761613146,0.8298983501758215,0.6065812369998318
img_0121,1,0,images/sub-04/ses-1/image_28.png,0.0,face_person,face_person,0.86285776,0.86285776,0.019954631,0.001434142,0.0004270186,0.019635411,0.0041988567,0.0072834934,0.07381661,0.010392111,0.72569114,0.9513756,0.97925603,0.20991027,0.42847112,0.60753995,0.1346074,0.3055014,0.043101408,0.26095995,actor,0.54105496,False,0.4017868041992187,0.2729550302028656,0.9717558259368358,38.06979751586914,0.2919900417327881,2.6035473346710205,5.4601841685857675,0.0204833333333333,-2.36847597680281,0.0254779364913702,0.4482424742881397,0.5193496546721079,1.3333333333333333,0.42292767690192024,0.2827677597784509,0.3048047659499159,0.593842888071441,0.6822646201655439,0.4664397666945086,0.22447095252680815,0.2548706894990922,0.8053818562386258,0.6588834011517449,0.5796611854785134,0.3128118250285389,0.38314756676677364,0.9182048103574274,0.484793342647515,0.4187186581400031,0.244566208015907,0.24871695066589358,0.8125037816929085,0.7344364139593793
img_0122,4,1,images/sub-04/ses-1/image_29.png,0.25,face_person,face_person,0.94346166,0.94346166,0.019202922,0.0007879221,0.0009142672,0.0070512085,0.00058326457,0.0025327597,0.00942732,0.016038798,0.8680357,0.9866834,0.98502016,0.7022661,0.3195177,0.6617615,0.3305273,0.6797627,0.4256677,0.12115001,fictional movie character,0.3167026,False,0.4452443420886993,0.4063936173915863,0.9981572527429056,44.59255599975586,0.4021874666213989,2.488269805908203,4.6356063215586545,0.0528333333333333,-2.4725237922264003,0.0317861475050449,0.5259567141846003,0.5142530210464029,1.3333333333333333,0.28055283665713115,0.29126617322799087,0.3261440873939347,0.4929126006196583,0.7426887577907708,0.43502079927416615,0.3359924536876263,0.36237541637629256,0.7937489824501048,0.6817140228199741,0.5638551965562779,0.40857586088870934,0.49266521258057966,0.9150187954361563,0.46069960894553297,0.40950111891617014,0.30151632076631374,0.3387569428050107,0.8094840999536598,0.710371158602791
img_0123,4,0,images/sub-04/ses-1/image_31.png,0.0,landmark_place,landmark_place,0.85789376,0.013055529,0.0034797466,0.85789376,0.072597675,0.028653348,0.008693525,0.0025180257,0.010678441,0.0024298942,0.5298564,0.42695704,0.9646621,0.061247345,0.03487434,0.43266863,0.7002118,0.37338212,0.06345549,0.38032866,bridge,0.89291674,False,0.4809984564781189,0.2817897200584411,0.9299734347398751,59.37676239013672,0.3357821106910705,3.1511483192443848,5.61286307865119,0.021925,-2.66741490709324,0.0299051478505134,0.5799382736793982,0.5157581045824261,1.3333333333333333,0.20968472156630735,0.023255131711261146,0.15169319950549234,0.4426738139422867,0.8755138062625281,0.7580568744986267,0.0845064822237861,0.37386928254098495,0.913353100623393,0.39422628936135773,0.9272088782024491,0.07930796170022847,0.4326422458682794,0.9882600369123518,0.34858128335822486,0.8034213033194246,0.5300138824431206,0.670630378528586,0.9385330314177586,0.3014677367058271
img_0124,1,0,images/sub-04/ses-1/image_32.png,0.0,landmark_place,landmark_place,0.98878914,0.001176779,0.0005540738,0.98878914,0.0035577123,0.0035817747,0.0005310952,0.00026138016,0.0010291889,0.0005189814,0.52490747,0.43508047,0.9553118,0.0716338,0.18088788,0.95389926,0.3981806,0.0838722,0.03081443,0.77507794,famous monument,0.8618257,False,0.5724862813949585,0.1832608580589294,0.8821171197269837,40.41831970214844,0.2498165071010589,2.139274835586548,4.813812197569478,0.03615,-2.4388925706747755,0.0932451710104942,0.4603788900318644,0.7268561333094496,1.3333333333333333,0.3292462933824509,0.31096615467113564,0.3271119266857735,0.5274316531141692,0.752405207711877,0.7322931091136742,0.3841574607639977,0.4715959346331305,0.9038140655866732,0.48206187806338724,0.8085633450595968,0.5989477468263917,0.664513671881141,0.964344643779086,0.43249242469172416,0.7646126902075918,0.5998304103477201,0.6919530564359279,0.9258192628626576,0.3775563076110704
img_0125,1,0,images/sub-04/ses-1/image_33.png,0.0,landmark_place,landmark_place,0.4715452,0.20128758,0.031282037,0.4715452,0.07871718,0.12571676,0.033960417,0.0051615294,0.038139414,0.014189923,0.05275289,0.7826622,0.93405366,0.03299974,0.5079554,0.8077715,0.85373396,0.5624136,0.21852307,0.27530968,famous monument,0.9166422,False,0.5024554133415222,0.1632969230413437,0.6012724173033891,79.62297058105469,0.4764781892299652,2.0636138916015625,5.273814002574729,0.02915,-2.3116948830995874,0.0824236273765564,0.4582578538938645,0.635651647882294,1.3333333333333333,0.2685857687958557,0.1294635168183954,0.23341605964808795,0.4844290820631714,0.7757470365196312,0.742689399649971,0.43876600486381023,0.5522696899901961,0.9076632925220954,0.345059731313259,0.8338280111519523,0.5239112724152686,0.5700585981978528,0.9694372452953341,0.29475165185106955,0.7395480751686939,0.48482902953533114,0.6347072977328595,0.9176080517686419,0.3360726269062057
img_0126,4,2,images/sub-04/ses-1/image_34.png,0.5,face_person,face_person,0.9583279,0.9583279,0.0065805004,0.00068542594,0.00036765335,0.007866099,0.0013243393,0.002403376,0.016537886,0.005906896,0.83737755,0.99141896,0.9766936,0.33925018,0.40491638,0.5750027,0.17091383,0.22286065,0.060018707,0.40509704,actor,0.5126988,False,0.2877133190631866,0.2275191396474838,0.9917639780188384,52.62718963623047,0.2801783978939056,2.2737996578216553,5.446645804701458,0.019025,-2.8769081189883083,0.0194224379956722,0.5156352477110571,0.5184397645880033,1.3333333333333333,0.36115026635482894,0.19731896139002958,0.24914044690084905,0.5500485505759655,0.7492491330373119,0.416945841443251,0.1635673561762524,0.19416781571862088,0.7870567286797361,0.7152121150683575,0.5036950853781282,0.3040509092165631,0.3454408859034653,0.9028923152252738,0.5619468107786125,0.4059050892179672,0.25090036988738906,0.2665961287181333,0.8083060344255646,0.7354041302809933
img_0127,3,0,images/sub-04/ses-1/image_35.png,0.0,vehicle,scene_with_people,0.6557828,0.034699973,0.008526948,0.034322076,0.0029378443,0.02712641,0.23221585,0.00202692,0.6557828,0.002361142,0.76867723,0.14032081,0.57676876,0.025957933,0.15450104,0.2568378,0.7007812,0.5043043,0.07003268,0.25713208,airplane or spacecraft,0.8682841,True,0.677518367767334,0.2978190183639526,0.928270167183057,24.875333786010746,0.1441937386989593,2.670778274536133,4.94442714407702,0.0732583333333333,-2.860994466090799,0.0470810383558273,0.4926594521537978,0.6476808529973361,1.3333333333333333,0.28611699393241063,0.28866920167984245,0.31944028519950596,0.4968570615388441,0.6616288810060869,0.6306089961864106,0.505130777735542,0.6441806368920799,0.8661655192116345,0.28779065195676246,0.9817257092803576,0.8072290514378889,0.8426755096316036,0.999249000534254,0.04699668202009849,0.7483111877211165,0.6504006424304727,0.7055101488998532,0.9204788625469797,0.23220741832466768
img_0128,2,0,images/sub-04/ses-1/image_36.png,0.0,landmark_place,landmark_place,0.93021613,0.008098514,0.003043687,0.93021613,0.009374787,0.029187463,0.004142767,0.001927977,0.0096668415,0.004341806,0.32553017,0.4901298,0.92837983,0.03434812,0.04205882,0.57553494,0.72984225,0.41069117,0.046888,0.6687227,bridge,0.9511386,False,0.409117728471756,0.2434916943311691,0.9999999892347377,90.14253997802734,0.5150772333145142,1.72279691696167,5.6661758997636085,0.0525833333333333,-2.515376114005352,0.0583551228046417,0.5200483155632576,0.5132053498063445,1.3333333333333333,0.23142089654934161,0.05794164389909218,0.15272721518219312,0.4580827049048186,0.8517901324650066,0.7598424880175352,0.24987232931729308,0.43091867889629454,0.9140142240913494,0.4290849318347716,0.9817985732076695,0.08914033817441691,0.42321705328238757,0.9992636877240767,0.3691915928760159,0.7730675258595989,0.5926583350857549,0.6805773366983724,0.9285890815970009,0.3891584440300025
img_0129,1,0,images/sub-04/ses-1/image_37.png,0.0,landmark_place,landmark_place,0.9708038,0.0017941474,0.0007854991,0.9708038,0.017489605,0.0020534173,0.000532893,0.000504053,0.0048416676,0.001194925,0.80999714,0.034070782,0.74500984,0.056012742,0.0892947,0.5318762,0.92125326,0.4533493,0.06251902,0.6882066,skyline or city at night,0.86313075,False,0.2989265918731689,0.2109383791685104,0.943202106074261,39.29731369018555,0.4616901874542236,2.781388521194458,5.213141567303325,0.0400916666666666,-2.263143478502179,0.0759970992803573,0.5166108549604387,0.4690517155409793,1.3333333333333333,0.30062780067829564,0.1615995363931082,0.23004717461439625,0.5071438502263773,0.8059033475693326,0.6905941293915032,0.31252369635499544,0.3949721744829338,0.8883750168831168,0.6410154737091152,0.8482976089181942,0.6090138164945089,0.6382268046229844,0.9723538837046647,0.3992947195303601,0.7530575439496004,0.6216889081318739,0.6428901234194584,0.9220337770293684,0.4191909777867491
img_0130,1,0,images/sub-04/ses-1/image_38.png,0.0,landmark_place,landmark_place,0.68206877,0.01901365,0.012110317,0.68206877,0.01721371,0.12936299,0.07805631,0.030350769,0.018797906,0.013025598,0.2805509,0.3336308,0.98970735,0.3575088,0.13346153,0.74362427,0.36951277,0.20251988,0.0891281,0.6423273,temple or church,0.49648896,False,0.4570211768150329,0.2472259998321533,0.9784810837772168,45.5524787902832,0.2693557143211365,1.8865976333618164,5.430655657333248,0.0248666666666666,-2.8007094377048296,0.0272201485931873,0.5666418245367213,0.5817501209239228,1.3333333333333333,0.28465330121925514,0.32613214918289757,0.3433010900078105,0.49581944192834365,0.717308932764964,0.6208911599909689,0.5585288007592581,0.6263605956394087,0.8625674900196917,0.49169601774458843,0.9517261508220013,0.7041928487594273,0.7930109551293554,0.9932019862442838,0.14869870669890217,0.7717617136460911,0.6494277980217678,0.6802206591410181,0.9281612952648504,0.3262033113329029
img_0131,1,0,images/sub-04/ses-1/image_39.png,0.0,landmark_place,landmark_place,0.71554446,0.019198788,0.009088328,0.71554446,0.12887987,0.022541113,0.015032586,0.013478025,0.035484545,0.040752277,0.68845457,0.2772092,0.70903563,0.08329061,0.19977105,0.71775436,0.9429426,0.47165385,0.02959389,0.47950223,temple or church,0.20962225,False,0.3998180329799652,0.2202577143907547,0.9575295195606944,65.398681640625,0.4534437358379364,2.8221638202667236,5.692452924924443,0.0623083333333333,-2.4481126692890345,0.1014517024159431,0.5019956925222335,0.5914209339320388,1.3333333333333333,0.2866963625357758,0.23633480869729173,0.2823654434959289,0.4972677790474831,0.7878810552539222,0.7646268427817343,0.603590291248411,0.6183224366111014,0.9157856316104713,0.39157113611029915,0.896671780813382,0.8470122437805543,0.8586961044426775,0.9821046708411398,0.11291896728842524,0.7382371190584649,0.46007086361386873,0.5643965392091095,0.917178580287058,0.5837370193743942
img_0132,1,0,images/sub-04/ses-1/image_41.png,0.0,landmark_place,landmark_place,0.6375851,0.008451649,0.005971186,0.6375851,0.26804948,0.013420186,0.013119389,0.007454785,0.044739377,0.0012089416,0.3391343,0.45112482,0.8138495,0.0584206,0.3226489,0.7901011,0.6510404,0.7041959,0.13740379,0.23586485,temple or church,0.49822724,False,0.3293178081512451,0.2511990666389465,0.9825116847066402,47.31120681762695,0.5353116393089294,3.6479477882385254,5.557004034768605,0.0728833333333333,-2.006012453313064,0.1022860035300254,0.5584554630658416,0.6405728532445181,1.3333333333333333,0.29490100113013973,0.20519399373627445,0.24490514755345044,0.5030840913281034,0.7881821974581535,0.6972218868255564,0.2907003614003226,0.4896164578725668,0.8908289443053576,0.40750289281472213,0.916904129838077,0.4475572988640294,0.6921310397618454,0.9861829076539192,0.17079260894841336,0.7674883832980619,0.45910691385365177,0.5976681488320088,0.9267613448763174,0.417082445975583
img_0133,1,0,images/sub-04/ses-1/image_42.png,0.0,landmark_place,landmark_place,0.8841056,0.005138076,0.0029298218,0.8841056,0.08857558,0.0048253033,0.0032265438,0.0011327228,0.008636985,0.0014293281,0.39103433,0.31647775,0.66742593,0.023732562,0.1501091,0.5309871,0.9377346,0.33027285,0.037093937,0.6183543,famous monument,0.48216304,False,0.3980582058429718,0.2366488128900528,0.8672430399408649,44.84647750854492,0.362333595752716,3.09609317779541,5.239625919691617,0.0453333333333333,-1.912415171264289,0.0958401411771774,0.5371970885222521,0.5681088741109247,1.3333333333333333,0.2890659122057966,0.12965227733361717,0.19931546183545704,0.4989475655105638,0.8049112323064966,0.6936277944475095,0.385224410555809,0.42929104198405116,0.8894982314764239,0.5751543494703518,0.7667729930775631,0.2955689915410349,0.5406796983278404,0.9559209579448752,0.39455256049427023,0.7901142279882936,0.531654516071696,0.5976212939034488,0.9341736106000712,0.4122395982791293
img_0134,4,0,images/sub-04/ses-1/image_43.png,0.0,face_person,face_person,0.86654466,0.86654466,0.01599232,0.0030026678,0.0039241654,0.04401427,0.010622139,0.00981593,0.041648276,0.0044355732,0.6268445,0.982702,0.9522247,0.7688627,0.46320283,0.41993457,0.30888483,0.37923914,0.06171409,0.0558693,actor,0.46113893,False,0.2629360556602478,0.2504011690616607,0.9837427730642688,41.06278991699219,0.3356775641441345,2.2847299575805664,5.2985853900147895,0.0136166666666666,-2.957660678607604,0.0157892704010009,0.5280053849261517,0.4914826726695771,1.3333333333333333,0.34371230334995284,0.3083693138196174,0.34632361831446407,0.5376866851253729,0.7239784648170334,0.40697255796414966,0.22772321282026042,0.26857066708944954,0.7833641201220658,0.7379253794787533,0.4857510419760763,0.47508226505253504,0.49465735964676066,0.8992753324279209,0.5842788870083927,0.4172734950076945,0.2443096429718975,0.25911441276704467,0.8120303437595406,0.7492038993821801
img_0135,1,0,images/sub-04/ses-1/image_44.png,0.0,face_person,face_person,0.9355743,0.9355743,0.0107242325,0.0014663369,0.0012775818,0.012210859,0.004745452,0.0019139929,0.027854715,0.004232479,0.6411113,0.98436815,0.92159706,0.30247357,0.3155279,0.31564322,0.060516693,0.23336971,0.015249221,0.09139841,politician,0.2668165,False,0.285944402217865,0.1651434451341629,0.9999999873929488,37.22322845458984,0.415964275598526,2.0957248210906982,5.073915516780725,0.00765,-3.0136014348047677,0.0198520626872777,0.5030722610870079,0.5680697431720941,1.3333333333333333,0.34173306527537495,0.21759943538447668,0.2686663951099048,0.5362835926445721,0.7450044274724734,0.4228151591083361,0.1582394692413529,0.1920165088153014,0.7892298437509357,0.7395014187111555,0.4914442366539924,0.2068861488218502,0.2778184021015805,0.9004229103037995,0.5829682061794238,0.3855466278444587,0.09450275741207159,0.1871343323797636,0.801636567384965,0.8008235224871328
img_0136,1,0,images/sub-04/ses-1/image_45.png,0.0,face_person,face_person,0.9485252,0.9485252,0.018612513,0.00070917397,0.00040623156,0.012300712,0.0021816075,0.0016749536,0.010204498,0.0053849365,0.8937707,0.99130476,0.89186865,0.6976548,0.40434387,0.9467577,0.39669153,0.4146317,0.10421011,0.033427045,athlete,0.6761913,False,0.4589938521385193,0.2627628445625305,0.9644521418614952,53.903907775878906,0.4226458668708801,1.9020898342132568,5.082324151612137,0.0245666666666666,-3.0145521192875315,0.019113989546895,0.4787929457125584,0.58731888800393,1.3333333333333333,0.3737174282235346,0.30111951825646444,0.3406100172202785,0.5589574789911317,0.6862075245283529,0.5379761974120956,0.4986309130858717,0.5680680405861658,0.8318682222189471,0.4741982997364309,0.7511548713754814,0.682202836513998,0.7062551551217591,0.9527728114397828,0.25119269905829417,0.5430837679266552,0.5035621598255811,0.5196607454254115,0.8532460060440052,0.5228205774720551
img_0137,1,0,images/sub-04/ses-1/image_46.png,0.0,face_person,face_person,0.8358553,0.8358553,0.07278854,0.0013091182,0.0010533123,0.0306243,0.009897488,0.007573008,0.03182954,0.009069342,0.77937204,0.6940059,0.923486,0.41277468,0.51321536,0.26719895,0.6553425,0.66838753,0.06414186,0.838907,musician,0.46337825,False,0.3328502476215362,0.2961119711399078,0.9999999865778242,32.036598205566406,0.232571393251419,1.7819262742996216,4.556929809724313,0.042375,-2.835849873772313,0.0280119962990283,0.4970950767328128,0.5053593829963615,1.3333333333333333,0.36136265676648627,0.30182199283707,0.3336459417524861,0.550199115277311,0.6992674871644786,0.48398418116495956,0.4738825694923231,0.49897243626858234,0.8118776763111887,0.5186236199252501,0.6899017700613799,0.43007642388261047,0.6194741327787165,0.9404260170872746,0.31433843640016595,0.525458234812848,0.4408685523176139,0.4719347215741796,0.8474718510124025,0.5360319922688912
img_0138,5,1,images/sub-04/ses-1/image_47.png,0.2,animal,animal,0.5558838,0.32720447,0.5558838,0.0034500498,0.00705435,0.06976771,0.011034602,0.007920383,0.005578194,0.012106386,0.53144735,0.9840352,0.9792454,0.2637312,0.79199994,0.73104584,0.69288516,0.67618906,0.034529008,0.030544493,bird,0.5142627,False,0.4477654099464416,0.1706915944814682,0.93272412246322,30.553302764892575,0.269957035779953,1.5428342819213867,5.325178361856983,0.047775,-2.677976473593549,0.0977908000349998,0.5858384974472242,0.5329106160735467,1.3333333333333333,0.1902352412136934,0.22065097100019304,0.2309432608559482,0.42888597306111675,0.8545400204335958,0.7727908163297549,0.7191493201790886,0.736827297649348,0.9188083431027483,0.345730816788908,0.9953757264005676,0.820464685030498,0.8652669225542698,1.00200043598284,0.047792791718079,0.7805593673960098,0.6144389307102617,0.6821555917975082,0.9310434217990314,0.33519869024089566
img_0139,5,0,images/sub-04/ses-1/image_48.png,0.0,animal,animal,0.9219739,0.052739576,0.9219739,0.0019768279,0.002102124,0.010992913,0.0042946027,0.0018540495,0.0012210191,0.002844944,0.8669645,0.9340754,0.98364925,0.26328442,0.9020579,0.24786152,0.2543787,0.32844064,0.05710158,0.49455807,wild mammal,0.32258043,False,0.6147149205207825,0.230130061507225,0.8246721584414587,33.39765930175781,0.1774536073207855,2.518401622772217,5.535958413858803,0.0270916666666666,-2.8790168216690777,0.03805373609066,0.5083799624925729,0.5192622016485278,1.3333333333333333,0.2372472399661375,0.17135001843121922,0.19274242084973134,0.462213030985178,0.8336824881282634,0.7060795862741702,0.4701552271534313,0.5802971079816029,0.8941085078366423,0.4790615353952825,0.9111556568852852,0.6458423510999989,0.7248392449375298,0.9850241873301087,0.10369212698301006,0.8315232092157364,0.3913663236621788,0.6900467552706919,0.9477392642324528,0.28417768054098286
img_0140,3,0,images/sub-04/ses-1/image_49.png,0.0,animal,animal,0.7930165,0.08945384,0.7930165,0.003351249,0.020478051,0.04214674,0.011550971,0.016181685,0.009738142,0.014082884,0.39835203,0.7863436,0.7962671,0.0635476,0.8476257,0.7616532,0.9997422,0.14193033,0.005260672,0.24288507,bird,0.74005824,False,0.4556450843811035,0.1499043405055999,0.6961914089850951,67.256103515625,0.5460630059242249,3.5775325298309326,5.287985936068001,0.059625,-1.8365338710901675,0.3077146112918854,0.4801983531609791,0.4800935730140673,1.3333333333333333,0.25776734030629744,0.15332394081768908,0.2221216851378634,0.47675984011459205,0.8150866317586022,0.9038908408166386,0.08087798453518891,0.7533719657836244,0.9673481317636737,0.16527556106475155,0.9569853428702244,0.21264708776932695,0.7323486440228666,0.9942620821624769,0.10701499840634897,0.8372771361727885,0.5104951383563683,0.7236755662962538,0.9496242606224066,0.22742712546591215
img_0141,4,0,images/sub-04/ses-1/image_51.png,0.0,animal,animal,0.7079343,0.17846814,0.7079343,0.0049397317,0.003339395,0.03191413,0.0029159621,0.026482483,0.017048843,0.026956992,0.6243056,0.69705176,0.8920254,0.3361761,0.76278114,0.49575195,0.1414124,0.41495627,0.1000758,0.602534,wild mammal,0.1832081,False,0.4889035820960998,0.3250262141227722,0.9999999894988272,49.90917205810547,0.292826235294342,2.6897313594818115,5.500246091536292,0.0495083333333333,-3.395458869750773,0.0157294981181621,0.5355873847942872,0.4680703367699613,1.3333333333333333,0.20654176795314416,0.19883793391922255,0.21378706700064543,0.4404457572780699,0.8362498480645105,0.82451176385994,0.771561995205615,0.8219262999793898,0.9379580257384611,0.2487464339801534,0.891628364166065,0.44053340094050963,0.7334366555798899,0.9810880687941819,0.2055844735579798,0.8217676632493076,0.709268640770354,0.7480632988172985,0.9445433305568945,0.25981473227010377
img_0142,4,0,images/sub-04/ses-1/image_52.png,0.0,animal,animal,0.47123092,0.09115299,0.47123092,0.036600567,0.20327587,0.09363,0.05828308,0.007746311,0.018809656,0.019270632,0.62374806,0.49343386,0.9881121,0.036645234,0.7733201,0.5144808,0.78201544,0.17405215,0.08354947,0.19807386,desert,0.7129073,False,0.6528903245925903,0.141061931848526,0.598518924325538,64.65086364746094,0.4208413660526275,0.7330862283706665,4.570778883391871,0.0224583333333333,-2.6685062966079176,0.0629904717206955,0.5445152850355404,0.5151654352503937,1.3333333333333333,0.2306872554973428,0.19844826887746725,0.21309849850962248,0.45756262283036414,0.8103486160327185,0.857294474998596,0.7346461542898233,0.8120668311711634,0.9500958256864828,0.20236568138772218,0.9374497591769622,0.6870090868480327,0.7082686145204697,0.9903242924140027,0.10669224371521041,0.7780690433265943,0.7179675193955632,0.7341968672164036,0.9302275873409818,0.32901659552100343
img_0143,3,0,images/sub-04/ses-1/image_53.png,0.0,animal,object,0.43544662,0.05877491,0.17617978,0.0074647283,0.040512033,0.43544662,0.009830071,0.07217369,0.11099678,0.08862137,0.6147532,0.44404107,0.9210526,0.7851764,0.6904303,0.62639874,0.95161015,0.4100944,0.16555224,0.356437,marine animal,0.75427526,True,0.2270538806915283,0.1707685738801956,0.8453874095491438,88.17914581298828,0.8969302177429199,1.2664320468902588,4.717314401802787,0.0187416666666666,-3.043138597680925,0.0278610214591026,0.5058796643787421,0.4687948843638151,1.3333333333333333,0.24653777030758706,0.20889712073933953,0.2178080833770651,0.46879913774624465,0.7838029867339117,0.8541111567787052,0.7173196106239064,0.8306306397473768,0.9489172020040029,0.14675414830445044,0.9520952953526273,0.7209054671733759,0.81052847838848,0.9932763947478241,0.08504049054680363,0.7947579967417215,0.6639604552777459,0.7026970804280864,0.9356949172487878,0.1752660042537179
img_0144,4,0,images/sub-04/ses-1/image_54.png,0.0,animal,animal,0.9515042,0.032190472,0.9515042,0.0008415468,0.00095647376,0.0071142875,0.00066632044,0.0029349853,0.0013817346,0.002410048,0.43926713,0.90779227,0.9115715,0.14599375,0.8744056,0.22149535,0.4530241,0.18204264,0.014707121,0.0878827,wild mammal,0.32982758,False,0.4005782902240753,0.2040269523859024,0.7756749373040662,27.87529945373535,0.3032984137535095,2.538624048233032,5.185924075545563,0.0204583333333333,-2.710282295884088,0.0682927370071411,0.5379767041658553,0.6114656672727607,1.3333333333333333,0.23950925155546166,0.1657565403920357,0.1971581182340457,0.4638165831263932,0.8332240230740079,0.7155633989362868,0.5278890649467576,0.6642753791853265,0.89761988980717,0.4290054599530557,0.8664491270485098,0.6702805474534507,0.7638961602725833,0.9760126872057575,0.14812404465392298,0.8392945537699247,0.6326143207112362,0.686045646155581,0.9502851701049243,0.3187783750015156
img_0145,4,0,images/sub-04/ses-1/image_55.png,0.0,animal,animal,0.8379189,0.0503241,0.8379189,0.0033296018,0.06272464,0.01669972,0.003346276,0.0038463785,0.00849208,0.013318293,0.70414984,0.6216953,0.8961513,0.39698508,0.8702503,0.47956747,0.84872925,0.25848937,0.020323692,0.505933,marine animal,0.97019875,False,0.4145740866661072,0.2038848996162414,0.908774982625694,111.9880828857422,0.662479043006897,2.500813245773315,5.237956868563601,0.0313583333333333,-1.9926641906711204,0.0825309678912162,0.4849962351801115,0.5827093710146175,1.3333333333333333,0.22961633189571895,0.15052181424580025,0.20019212262445407,0.4568034393484723,0.832604163002813,0.8665993705702674,0.821788015423213,0.8512505957403409,0.9535409635980026,0.1564290526084102,0.8980043020857752,0.833567598202833,0.8506782581262147,0.982373267300219,0.09550008091152243,0.7624018764520831,0.6431047160302854,0.7043641782469496,0.9250949964652737,0.2835027678906667
img_0146,1,1,images/sub-04/ses-1/image_56.png,1.0,face_person,face_person,0.945669,0.945669,0.005034182,0.0017570477,0.00054281607,0.028966071,0.011881055,0.0016186002,0.0028680784,0.0016631491,0.47365627,0.9944283,0.9293211,0.18972243,0.06885476,0.92755336,0.15530075,0.12812382,0.112023145,0.35804433,scientist,0.53977376,False,0.3108315765857696,0.2747167348861694,0.9928305857737046,45.04660415649414,0.4467793405056,2.5874903202056885,5.346343285606092,0.04485,-2.5617953151805852,0.0571309439837932,0.4213027834568571,0.6479109243183281,1.3333333333333333,0.38523238438404495,0.2875594048680248,0.3316232745849567,0.5671204931393952,0.6527278886171819,0.4332894802559425,0.3952521723749587,0.4307640676650008,0.7931079615229302,0.605793993380065,0.719977194157303,0.5871666372303095,0.6668306642676995,0.9464883236221333,0.2838825872098414,0.5246227769955307,0.4039099482323667,0.4607831017472418,0.8471981535912575,0.5417634342175455
img_0147,1,1,images/sub-04/ses-1/image_57.png,1.0,face_person,face_person,0.534826,0.534826,0.031901743,0.0017869838,0.0005521539,0.07539661,0.004113543,0.017081212,0.2772773,0.057064526,0.55381775,0.9976023,0.99729013,0.8118491,0.32783553,0.26296267,0.67029136,0.66756856,0.72589046,0.061787017,fictional movie character,0.45036024,False,0.2717304229736328,0.2297810167074203,0.9916348775235772,32.08980941772461,0.4133963882923126,3.2615222930908203,5.2446142712979125,0.0177416666666666,-3.162165937357049,0.0156445503234863,0.500676790890667,0.4642672199265465,1.3333333333333333,0.25538189618695517,0.22523663735593646,0.2506430051661944,0.47506878599118463,0.7747695050613164,0.5737537830419119,0.538980316373395,0.582968487225247,0.8451148745522821,0.4236617794766423,0.6334884164831239,0.4592143275526672,0.5273705150679336,0.9290547712168927,0.3834480609524566,0.47474727785624626,0.44795387925026553,0.4515997775221937,0.8308588540960725,0.6065253236674824
img_0148,1,0,images/sub-04/ses-1/image_58.png,0.0,face_person,face_person,0.95187396,0.95187396,0.02202962,0.0017678682,0.0011125375,0.013427861,0.0011322516,0.0009492761,0.0060316334,0.0016751285,0.45171762,0.9738975,0.9117675,0.38776046,0.14345068,0.7538721,0.6838242,0.39575797,0.06854345,0.73375267,politician,0.77377415,False,0.4834346771240234,0.2234433442354202,0.8707076799458724,39.07333755493164,0.3112758696079254,2.4444162845611572,5.620780107420078,0.023675,-2.6304049449723497,0.0322549529373645,0.5668337486085587,0.5395009464149103,1.3333333333333333,0.3100800810408275,0.1359349771201177,0.23221457305699245,0.5138446224444524,0.7359431701463748,0.40494297761779263,0.1582394692413529,0.1846028042459156,0.7826126679276962,0.7413866498503685,0.5498143185307476,0.2068861488218502,0.3332613571439922,0.9121885741119999,0.5215635769803785,0.37475983469395235,0.09450275741207159,0.1636481211195121,0.7981027953542024,0.8142770985639407
img_0149,1,0,images/sub-04/ses-1/image_59.png,0.0,face_person,face_person,0.9220662,0.9220662,0.010698265,0.0021396286,0.0017811476,0.0128375515,0.0016615489,0.0018107189,0.038949516,0.008055445,0.9076276,0.9812479,0.9680436,0.4702538,0.587902,0.5549534,0.082569666,0.28348723,0.0672624,0.19947208,actor,0.6340008,False,0.6326521039009094,0.2991979420185089,0.999999989809294,38.952171325683594,0.1790360510349273,2.149465322494507,5.600995314573538,0.0293166666666666,-3.1881342671749824,0.0202556625008583,0.5187416231806714,0.5733076884647982,1.3333333333333333,0.3822880604124316,0.2833565355730645,0.3160148950202955,0.56503324609283,0.7135295215651755,0.38624936886330374,0.21803033435118369,0.24420155492529325,0.7756913586311927,0.7544610806263755,0.48243287952616154,0.3814435288572088,0.44201976855778885,0.8986064900588262,0.5526824374131328,0.39877009799987706,0.15267759264652903,0.19455818705522251,0.8059685990029672,0.7704310463635734
img_0150,4,0,images/sub-04/ses-1/image_61.png,0.0,face_person,face_person,0.9002453,0.9002453,0.022993937,0.0023110355,0.002389914,0.023729002,0.005272767,0.0038688753,0.03281777,0.006371475,0.80310017,0.9937816,0.96517664,0.55976015,0.27170435,0.29075935,0.46572727,0.30192414,0.08035083,0.119068414,actor,0.36892545,False,0.4179170429706573,0.3037563860416412,0.9861344660027884,56.64875030517578,0.4890483021736145,1.5502480268478394,5.517406226276748,0.0294583333333333,-3.3154769011416656,0.0130468346178531,0.5348937014755473,0.4737073316738155,1.3333333333333333,0.3455813395138223,0.24695940286408635,0.2694510759513246,0.5390116548809335,0.7343692920780271,0.40435758816047196,0.18836481692056495,0.2514409701180215,0.7823959274606073,0.7838085509705663,0.44264996962085557,0.34153470623635707,0.3688756484561154,0.8905874445442755,0.6441986101973516,0.40140807717514126,0.246035725763459,0.27537156912525784,0.8068328055282258,0.7625442160872314
img_0151,1,0,images/sub-04/ses-1/image_62.png,0.0,face_person,face_person,0.9113371,0.9113371,0.011462219,0.0011070489,0.0023384476,0.024918452,0.0029807428,0.0037788944,0.027194966,0.014882126,0.4165004,0.9612039,0.86356115,0.45445183,0.3935575,0.4525113,0.3070373,0.50692564,0.06526925,0.021670701,elderly person,0.41741833,False,0.2417647838592529,0.1873766928911209,0.9999999859465424,36.847450256347656,0.3442786931991577,2.0203497409820557,5.140211892223976,0.008825,-3.1920286335055303,0.017782675102353,0.4221304539335875,0.5408063233773382,1.3333333333333333,0.3426035954387525,0.2813507392381488,0.31075875111999496,0.5369007161438792,0.7246241641839818,0.37703113731265026,0.266740381381674,0.32275117919449037,0.7722783080764922,0.7308182797734999,0.552041544324056,0.34153470623635707,0.43625308686679,0.9126375162595262,0.4983638433388502,0.497882817248931,0.33736769593396154,0.359517043656495,0.8384380966829797,0.6053295293416175
img_0152,1,0,images/sub-04/ses-1/image_63.png,0.0,face_person,face_person,0.89785624,0.89785624,0.03134899,0.001252241,0.0031286252,0.021955362,0.005141787,0.007625582,0.022851178,0.008840078,0.8080007,0.984118,0.9548538,0.51940566,0.46978772,0.14734945,0.33971423,0.36388656,0.18613492,0.1756684,actor,0.73577976,False,0.2959297001361847,0.2525849342346191,0.9977221858173,35.298065185546875,0.4886644780635834,2.846173048019409,4.614779199042613,0.0148166666666666,-3.1560110114709037,0.0171718895435333,0.4867496395959996,0.6221061366166035,1.3333333333333333,0.35081759609552154,0.2877112449522643,0.30548829226397156,0.5427236652407242,0.7354422377329941,0.39334654859499407,0.2658199201631757,0.28035715200031935,0.7783190896755856,0.7775325195479846,0.4339267916341124,0.34209392575151776,0.4079934204002368,0.88882911260039,0.6424927546558858,0.4164881424535575,0.24607695707076715,0.31175094960933974,0.8117730609089868,0.7333337829604134
img_0153,2,0,images/sub-04/ses-1/image_64.png,0.0,face_person,face_person,0.91562855,0.91562855,0.012075984,0.0004378387,0.00095921394,0.007602178,0.0014659669,0.0016497406,0.053268123,0.0069123236,0.76079166,0.964497,0.9533251,0.51156604,0.37125945,0.2821332,0.11114752,0.87274784,0.06420452,0.01813161,actor,0.66317034,False,0.1245450228452682,0.1771885007619857,0.9999999864713626,22.44210433959961,0.1916348040103912,2.643829822540283,4.111649269745408,0.0072666666666666,-2.935736558539387,0.0395444296300411,0.486677852994217,0.5433241985055592,1.3333333333333333,0.3521395316238244,0.29457983253491715,0.31366892325681767,0.5436607924229913,0.7366922575845771,0.4313808164397047,0.25943606097799465,0.2772709100129842,0.7924012786780751,0.718926144651441,0.460468543731691,0.4089868996287951,0.4344365395677693,0.8941791364828314,0.6132700717538851,0.43420760050583573,0.3132024629824599,0.3448592203702085,0.8175779859123437,0.702044579036933
img_0154,1,1,images/sub-04/ses-1/image_65.png,1.0,face_person,face_person,0.75781643,0.75781643,0.08308594,0.0047857496,0.0074184383,0.044823468,0.014516787,0.008585701,0.05800732,0.02096011,0.84565187,0.5286018,0.90619653,0.57078284,0.5334397,0.46788496,0.029684622,0.25960523,0.037514444,0.22994934,musician,0.5811189,False,0.5570306777954102,0.374410331249237,0.9610858909458692,26.89959716796875,0.200209379196167,2.183160305023194,4.609080920758181,0.0504916666666666,-2.974905942057719,0.0249245408922433,0.5262793204345845,0.548595858018798,1.3333333333333333,0.36219348324482814,0.3468970116861808,0.3681676538316368,0.5507880926214642,0.6920811768014424,0.4297597969189242,0.43996574677927935,0.46962650720477656,0.7918010961436944,0.5901091018823932,0.6888296089360568,0.43007642388261047,0.5916773006169426,0.9402099014516069,0.3175613485200078,0.44679458400408145,0.3743214064655035,0.4169860157326791,0.821701503404258,0.6255786634111811
img_0155,1,0,images/sub-04/ses-1/image_66.png,0.0,face_person,face_person,0.84457403,0.84457403,0.027728902,0.0041608685,0.0026771235,0.04329502,0.0035482903,0.0044724233,0.03472747,0.034815874,0.5397604,0.92941797,0.7755454,0.5562513,0.6140989,0.44404814,0.14102821,0.59176934,0.019799478,0.021936709,actor,0.6505235,False,0.1355459541082382,0.1568240672349929,0.9880935289673604,23.959932327270508,0.2615586817264557,2.9243946075439453,4.352816743150368,0.0063416666666666,-3.0064733625426965,0.0169146507978439,0.48739784840174,0.412029938071885,1.3333333333333333,0.43265226878320195,0.33468747385319364,0.3572240189836468,0.6007367033848876,0.6368693943975583,0.4571763325029101,0.3334915567454184,0.3973384397803192,0.8019520694045315,0.6267653603235255,0.5085362496263799,0.401863420763485,0.48285592418460643,0.9038681492339611,0.5297142101155954,0.5203464688361883,0.43250050453082656,0.46388859578065905,0.8457972276666054,0.5488078218383284
img_0156,2,0,images/sub-04/ses-1/image_67.png,0.0,animal,animal,0.61887074,0.12874524,0.61887074,0.0023669193,0.012767872,0.12411526,0.006744912,0.06881556,0.013988464,0.023585113,0.31167802,0.9068298,0.9054096,0.7810966,0.8388007,0.60120904,0.982312,0.28164014,0.033370826,0.22853391,marine animal,0.70709836,False,0.4363143444061279,0.2511938810348511,0.9739648258982514,87.18862915039062,0.4800022542476654,2.0394561290740967,5.855684197308761,0.0434083333333333,-2.8664298297615947,0.0272290334105491,0.538998176804504,0.4738461913800923,1.3333333333333333,0.21398030718692929,0.15252357689402618,0.21476284977530957,0.44571897761529006,0.8359356493739056,0.8677027906415459,0.5597678645532,0.7553215868081682,0.9539495049180649,0.17061159089182426,0.9808843190884986,0.6427178933002866,0.7642348907583467,0.9990794014209646,0.12116200513661038,0.7924529306183042,0.6922572320412207,0.7432862788500356,0.9349397736132012,0.2379229423915366
img_0157,1,0,images/sub-04/ses-1/image_68.png,0.0,face_person,food,0.43890592,0.23144294,0.039793734,0.0018471129,0.002961654,0.061487198,0.0015143827,0.43890592,0.2072454,0.014801692,0.8343049,0.97453284,0.9770294,0.8842846,0.8157964,0.31887898,0.81593966,0.32954803,0.06533468,0.1903466,fictional movie character,0.49465245,True,0.5476876497268677,0.2451856136322021,0.9662751831079543,42.680625915527344,0.3407113552093506,1.740885615348816,5.506561951117697,0.0513333333333333,-3.0222623981068586,0.0381847098469734,0.5148879654143734,0.5821137279503736,1.3333333333333333,0.3366099194861334,0.2988139536973333,0.3371694149382239,0.5326517671318869,0.7062096910482523,0.5165538651431947,0.4792777388940568,0.4898657827988326,0.8239366029455989,0.5223336563324297,0.6901529946276689,0.4413222546890998,0.6173577662340163,0.9404766564506657,0.33230756452465715,0.5051502104059172,0.45408456135379016,0.4916650776596499,0.8408189072089989,0.5332198155836759
img_0158,1,0,images/sub-04/ses-1/image_69.png,0.0,face_person,face_person,0.92562824,0.92562824,0.039013572,0.0019874477,0.0009946658,0.010994025,0.0024341755,0.0016315123,0.012952694,0.004363647,0.86444616,0.9927651,0.8991326,0.6322407,0.20666285,0.2683388,0.9650715,0.8854083,0.053877562,0.24190749,musician,0.6802455,False,0.1739208102226257,0.1982778012752533,0.9622032463338884,59.05232620239258,0.6434083580970764,2.7134463787078857,4.586058802638304,0.0330916666666666,-2.9065641588673405,0.0400517098605632,0.5775680575307676,0.5216450393311425,1.3333333333333333,0.3312978301321481,0.2889747823219736,0.3236363757935851,0.5288859985133199,0.7234801933571995,0.4207817180903751,0.37739574972062473,0.4363001657175837,0.7884769621427697,0.6137064251695232,0.5046707616123016,0.45532873236433946,0.5168059735520399,0.9030889823908462,0.5240062537629282,0.5010216539556116,0.4812036794803992,0.5001085975726741,0.8394663849989265,0.5347525147795098
img_0159,1,0,images/sub-05/ses-1/image_6.png,0.0,animal,animal,0.9313466,0.034804646,0.9313466,0.0014312153,0.0026307816,0.016030723,0.0041564736,0.0028539873,0.0017625717,0.0049830233,0.6884263,0.7759064,0.954119,0.083351634,0.9479496,0.41581175,0.9820884,0.17525034,0.02604943,0.06722927,big cat,0.8163493,False,0.5643923282623291,0.160501092672348,0.8898258198732281,58.536102294921875,0.4700539708137512,3.2383792400360107,5.121106420771756,0.0889166666666666,-1.441967398686987,0.3038219213485718,0.5100925189555798,0.5358552671510625,1.3333333333333333,0.21878495090547012,0.15919638484413057,0.17621885290961087,0.4491250153027211,0.8648733318650836,0.8213861873938875,0.5556676570691844,0.7624274056856277,0.9368007809423631,0.2373128132607059,0.8719231686544537,0.4526468683933351,0.7520489732490259,0.9771160903728733,0.18270518826069743,0.8590066301962125,0.6735335847231677,0.7639031011122674,0.9567428803225531,0.26856061166922707
img_0160,1,0,images/sub-05/ses-1/image_16.png,0.0,face_person,face_person,0.5545615,0.5545615,0.058654267,0.00722535,0.0036646477,0.14871061,0.008141596,0.0061431145,0.056758225,0.15614074,0.27682224,0.29726467,0.68301785,0.4627988,0.17944628,0.57086456,0.94500613,0.22718018,0.029112743,0.057296388,superhero,0.8720942,False,0.3563958704471588,0.2392604500055313,0.9669473107074787,21.72393226623535,0.2653256356716156,3.766878843307495,5.543114469042621,0.0280333333333333,-2.193966169226224,0.0381039157509803,0.4757341337260564,0.4739319589425122,1.3333333333333333,0.2632447392131475,0.20016610762902365,0.27365898886628254,0.48064279756132855,0.7121940280085954,0.48779116113693544,0.4706248763193539,0.5033458278764636,0.8132872107792358,0.37936439224025076,0.7727046008734249,0.5637550393006097,0.6211803844728749,0.9571165927790963,0.15977336912428808,0.5516519648040723,0.5228105329154659,0.580864398637878,0.8560529621112087,0.42893043841887535
img_0161,1,0,images/sub-05/ses-1/image_19.png,0.0,face_person,face_person,0.68508726,0.68508726,0.025396537,0.0023602957,0.030451555,0.14259711,0.0042074975,0.024526825,0.01614718,0.069225736,0.41570103,0.8596016,0.90326273,0.5445124,0.6948077,0.6245673,0.68540275,0.1744913,0.089971565,0.033848025,politician,0.08949705,False,0.5682271718978882,0.1998787820339203,0.8073742188247943,45.18446731567383,0.3282673954963684,1.2836765050888062,5.336001117478004,0.00775,-3.070874630235906,0.009724729694426,0.437637354433503,0.5258313611415129,1.3333333333333333,0.27161441478691883,0.09908173940098342,0.23800555858279165,0.4865761054413339,0.6595838288823677,0.6876491264727946,0.3383253983030796,0.4833894446003001,0.8872846294492515,0.3431562097367257,0.8155020185148539,0.2154403223616228,0.5374008998112461,0.965743272948766,0.17915660025905905,0.6446973030177611,0.3813871108195487,0.5231455086690887,0.886534775304869,0.36253626148051243
img_0162,1,0,images/sub-05/ses-1/image_22.png,0.0,cartoon_art,face_person,0.4201754,0.4201754,0.067932285,0.053630937,0.0018001492,0.021289056,0.009756101,0.0071538133,0.050664917,0.3675973,0.75604534,0.5745277,0.86191565,0.33829737,0.20689778,0.33581907,0.91003954,0.44302142,0.06828404,0.38729647,superhero,0.42690653,True,0.336945116519928,0.2717855274677276,0.990091340847324,65.44950866699219,0.5857390761375427,2.2664690017700195,5.313924606069959,0.0242,-2.904208499031421,0.0346593558788299,0.4460806156336068,0.5604607426505549,1.3333333333333333,0.29419642537992063,0.2202864949826474,0.27349625453546295,0.5025846138018852,0.7920082244999889,0.5604807392512955,0.531353279258493,0.6000556746430038,0.8402005296236266,0.5244252599229712,0.938472091192992,0.6537755789771016,0.7072931272965974,0.990530363990643,0.342904463739191,0.7015839204186483,0.6647685046528773,0.7248408724898117,0.9051709292285695,0.27212543191545
img_0163,1,0,images/sub-05/ses-1/image_23.png,0.0,face_person,face_person,0.9610169,0.9610169,0.010192799,0.0004900285,0.0016659389,0.017836621,0.00080365094,0.0023320548,0.0023238938,0.003338011,0.63665456,0.993779,0.9209716,0.6492816,0.90684605,0.1247841,0.56788045,0.09243993,0.044281535,0.016455058,actor,0.21510778,False,0.3784273564815521,0.2444570511579513,0.9965853553951612,20.922283172607425,0.272748202085495,1.7958167791366575,4.6204492129068795,0.0180083333333333,-3.1760167125901337,0.0140518900007009,0.4925396276113941,0.5384590418906537,1.3333333333333333,0.29190024765651645,0.09586559305274844,0.23195634279952274,0.5009568411050722,0.7774446473601166,0.5686369727726447,0.0701269252278599,0.2551607328862473,0.8432203753707571,0.5463189955697266,0.5314579891017265,0.13010667005279564,0.33911027777138386,0.9084884867749555,0.494470658584709,0.4611776248854397,0.12622471676937508,0.23735540286176784,0.8264134123909869,0.6597244314596106
img_0164,1,0,images/sub-05/ses-1/image_24.png,0.0,scene_with_people,scene_with_people,0.6237653,0.10182261,0.0193882,0.0043034116,0.003013781,0.010129683,0.22611414,0.00570005,0.6237653,0.005762875,0.8607329,0.6816014,0.8240212,0.18610111,0.4879236,0.120785356,0.34743762,0.8787338,0.12813255,0.8887858,actor,0.26629254,False,0.3960357010364532,0.3295931220054626,0.9904147765387934,28.82643699645996,0.2544046342372894,2.7883081436157227,5.5539698177238375,0.0786333333333333,-2.456883958672702,0.0580253303050994,0.4133447604519034,0.456433650263981,1.3333333333333333,0.3836894621593111,0.39772358770531857,0.40833994764352594,0.566026707303426,0.6644647482876211,0.40095184242515813,0.4076172000625876,0.4363833190484425,0.7811349499827465,0.655795345116579,0.7694902880919895,0.6909304393479825,0.7465031260974473,0.9564686833990715,0.33743819411047726,0.6396389283845382,0.5168391536421177,0.5820120866149774,0.8848776430552198,0.5163945160251959
img_0165,1,0,images/sub-05/ses-1/image_25.png,0.0,face_person,face_person,0.8260564,0.8260564,0.019461734,0.0026703912,0.0008539847,0.022645656,0.002075059,0.015634691,0.09666178,0.013940332,0.7190547,0.75592214,0.694895,0.58093446,0.90775543,0.14975442,0.67065805,0.47451082,0.054783035,0.62374,actor,0.49806032,False,0.5953787565231323,0.168632224202156,0.8348007798862885,25.21438217163086,0.246349349617958,1.792639970779419,4.197912599801137,0.0183166666666666,-2.584293873253179,0.0444406159222126,0.6244101995225236,0.6126364529555376,1.3333333333333333,0.36058616097789253,0.05742362145842439,0.250042676530439,0.5496486532503607,0.7107963815476827,0.4372560247480607,0.138231564612729,0.3796115669888486,0.7945765747601521,0.6461893048231502,0.6806086104115439,0.06373788253647172,0.4906929398447577,0.9385527938770217,0.3718436796175415,0.4982161417945039,0.20387026390162388,0.39439289410017614,0.8385472943787063,0.5888159733910174
img_0166,3,0,images/sub-05/ses-1/image_26.png,0.0,face_person,face_person,0.96622765,0.96622765,0.007087034,0.0013125682,0.0017045026,0.009075042,0.001811871,0.0013310859,0.009796675,0.001653454,0.7758268,0.9963218,0.9782364,0.22019732,0.19604279,0.46080586,0.37323976,0.54383343,0.031442985,0.065949656,actor,0.5260365,False,0.3185762166976928,0.2410298138856887,0.9906050056799232,47.47111511230469,0.2828579246997833,2.165862798690796,5.257925396840282,0.012125,-3.2155420661538847,0.0166610497981309,0.512436883107986,0.4577250879498731,1.3333333333333333,0.30792781079783793,0.04990743770736694,0.21155480417720315,0.5123188665319236,0.7872122297265614,0.3721559357932446,0.07707338750126769,0.21754869791106263,0.7704732645430714,0.8000584841298807,0.4422303540558239,0.034749343333658866,0.3217359187447316,0.8905028625887924,0.6311009105792409,0.3999877331205851,0.17805595273129726,0.23549094297455947,0.806367498367514,0.7588443252715431
img_0167,3,0,images/sub-05/ses-1/image_32.png,0.0,animal,scene_with_people,0.40853405,0.038858745,0.17474407,0.02217621,0.20105901,0.038069446,0.010473741,0.046798985,0.40853405,0.05928574,0.34722707,0.3198699,0.14727637,0.6432037,0.6337056,0.47105592,0.999252,0.3812799,0.024308646,0.2517842,marine animal,0.77605945,True,0.3100761473178863,0.2553097307682037,0.9892107400893524,133.88609313964844,0.7324321866035461,3.5439510345458984,5.478425164841312,0.1329833333333333,-2.560271386273096,0.1271586418151855,0.4663506552892308,0.5736194081157431,1.3333333333333333,0.22716920205581415,0.15252357689402618,0.21426200751681052,0.45506865588709133,0.7931552825102323,0.8161578300552719,0.5351210984128489,0.6665031340786075,0.9348649814545029,0.17701271583823097,0.8990932234897638,0.5807993531438157,0.7280062272483001,0.9825927613070962,0.1252440210249977,0.8214289038081835,0.5570336350523961,0.6962842014094546,0.9444323523800163,0.17085348642896636
img_0168,1,1,images/sub-05/ses-1/image_33.png,1.0,cartoon_art,cartoon_art,0.41323146,0.40635338,0.034209687,0.008746616,0.001050749,0.074355304,0.01394869,0.004264736,0.043839477,0.41323146,0.73135024,0.5574054,0.9127804,0.3248768,0.086467996,0.5478832,0.25450134,0.58602417,0.060699888,0.08216745,fictional movie character,0.5784923,False,0.321973443031311,0.2034311443567276,0.9750699766697118,36.488712310791016,0.3649027645587921,2.7905421257019043,5.537323401826957,0.0234333333333333,-2.5041099240524263,0.0507047995924949,0.4300166533403155,0.5446807228067544,1.3333333333333333,0.24268265172351944,0.12322832050905586,0.2270098214151683,0.466066223516584,0.8118670949439937,0.4087523361718477,0.4706248763193539,0.5091454319852331,0.7840230830658417,0.5612264497371282,0.7497591605581818,0.6153135229416351,0.7101151064542497,0.9524914778572038,0.3576267657739207,0.5989448877600483,0.5512459906127891,0.5840964531930614,0.8715462051968053,0.24701619762014215
img_0169,3,1,images/sub-05/ses-1/image_35.png,0.3333333333333333,landscape_nature,landscape_nature,0.25611505,0.1703811,0.1053617,0.021505544,0.25611505,0.23253536,0.01157275,0.05721701,0.12006663,0.025244882,0.13711219,0.40870902,0.9316298,0.14043453,0.88460714,0.60880303,0.99601966,0.09155946,0.0651035,0.57123274,flowers,0.97334,False,0.3172574639320373,0.2511293590068817,0.9915227203784572,78.0213623046875,0.7220587134361267,3.3512654304504395,5.643397758190961,0.0366916666666666,-2.581439870785121,0.0412948466837406,0.4846303786629307,0.498913447641259,1.3333333333333333,0.21311911027428432,0.07793633471838746,0.18799344527128145,0.4451084705074584,0.7916450344810804,0.8286326640173727,0.32047558272090726,0.6489287288814574,0.9394837891661758,0.23596910569763785,0.9110691191391771,0.44480220200150367,0.6745611717018337,0.9850067439071308,0.1992967299750582,0.8275204102001461,0.7054613005913105,0.7575730529480174,0.9464279403747785,0.16382920788048816
img_0170,1,0,images/sub-05/ses-1/image_37.png,0.0,object,object,0.8084001,0.036587924,0.0136986375,0.0018655276,0.027057912,0.8084001,0.0014381914,0.033251025,0.036867432,0.040833127,0.37637687,0.7548892,0.6335157,0.28600368,0.52906954,0.46982765,0.923778,0.03968795,0.010137098,0.028761001,flowers,0.19799633,False,0.7174508571624756,0.3411743342876434,0.8964113054354628,24.64570999145508,0.0569111183285713,2.5519070625305176,4.419396031028478,0.1715833333333333,-2.015113652900297,0.0939530208706855,0.4216006258484481,0.5149921300108091,1.3333333333333333,0.3627718725005751,0.09611579299515272,0.265800194568912,0.5511981158653265,0.7275017925528148,0.7516533473259941,0.313657909097675,0.6291032023661116,0.9109821944633019,0.404824795102623,0.9915200113016205,0.07912927788852986,0.6678846942718801,1.0012232390673004,0.2360158512904087,0.8192788402360749,0.3312486430655096,0.694251081357377,0.9437279878474379,0.3041995653193645
img_0171,1,0,images/sub-05/ses-1/image_42.png,0.0,face_person,face_person,0.65084994,0.65084994,0.038506947,0.0017801203,0.0054519237,0.010185573,0.003984675,0.0034630157,0.022932582,0.26284528,0.7514519,0.8387012,0.91916925,0.31119782,0.20262218,0.19004929,0.5958513,0.7080321,0.095947534,0.06191009,fictional movie character,0.8134009,False,0.3767032027244568,0.2306014150381088,0.9749424075606432,65.78062438964844,0.5437069535255432,2.680424213409424,5.779026691735279,0.0433,-2.806814750212246,0.0818331688642501,0.491049768107182,0.5306602418182691,1.3333333333333333,0.2610889356006699,0.26854902725734286,0.2886268737739853,0.4791145368242289,0.7593323360660852,0.47543110744757877,0.444718206690656,0.49126965823756763,0.8087109004675691,0.5443214793256289,0.5652627180440384,0.5403215829492545,0.5930693330685468,0.9153025096968759,0.41869689494561824,0.5998773363926003,0.4825990081106173,0.5211051120093594,0.8718516769762176,0.4207294866185548
img_0172,1,0,images/sub-05/ses-1/image_44.png,0.0,object,object,0.85708946,0.05311463,0.03719616,0.0068841022,0.0010777784,0.85708946,0.00915991,0.013511545,0.021348309,0.00061805727,0.09316301,0.52069914,0.9750022,0.41267622,0.038816705,0.76252633,0.7255055,0.02056164,0.09383454,0.87487805,couple,0.17841884,False,0.2504707872867584,0.2690098285675049,0.9943042921516768,17.043807983398438,0.2941973507404327,2.7726986408233643,4.961512429416405,0.04025,-1.606676821457265,0.0593598410487175,0.4856167676224833,0.463373375922084,1.3333333333333333,0.3236170238980919,0.3306679736446364,0.3524521389141639,0.5234410338009322,0.7252704516806897,0.8254604235748317,0.763870410308748,0.8005918391081874,0.9383092670311476,0.17305249545443863,0.9431517823309659,0.8446184040674378,0.869612908532264,0.9914736498467751,0.03159944724956816,0.8025268079626615,0.6775941153687348,0.7113703978136454,0.93823999319692,0.24875882486001405
img_0173,1,1,images/sub-05/ses-1/image_45.png,1.0,object,object,0.4031473,0.3555951,0.025186805,0.003263301,0.0060296105,0.4031473,0.010204612,0.032465465,0.030558577,0.13354923,0.44316688,0.916016,0.96382016,0.64491814,0.5944782,0.6403583,0.91681063,0.029996715,0.026263442,0.10225514,painting or artwork,0.21555763,False,0.6147562861442566,0.2476895451545715,0.9938783379650332,42.34461212158203,0.2630476057529449,1.566391944885254,5.473422993951609,0.0239333333333333,-3.201946923678894,0.0256178732961416,0.4997518858814789,0.5069393823322147,1.3333333333333333,0.27521918999852957,0.1965454724080521,0.25215995895031185,0.4891315499122908,0.7801909228167514,0.8030660267923666,0.5779406382261157,0.7213686469888202,0.9300177408375843,0.26177085697426583,0.8501799560663188,0.6299502233944976,0.682750895052525,0.9727333086258411,0.0725807344263596,0.7715100100106498,0.6259210290408328,0.7384860057360874,0.928078836719984,0.26740962040419425
img_0174,1,0,images/sub-05/ses-1/image_46.png,0.0,vehicle,vehicle,0.95930785,0.0030997517,0.010399164,0.0014834439,0.012583733,0.010727673,0.95930785,0.0003609626,0.0008817003,0.0011556312,0.7210183,0.5062715,0.934838,0.09019827,0.41035792,0.8188415,0.5609137,0.1739351,0.048678335,0.6896066,truck or off-road vehicle,0.90005434,False,0.5008754134178162,0.2754692733287811,0.9367341222812684,16.0633602142334,0.0987174212932586,3.191523313522339,5.802585009327817,0.0341833333333333,-2.4309243823738234,0.041056215763092,0.4723186062759918,0.5802423097262858,1.3333333333333333,0.30721978986141485,0.12479475491366365,0.256946213983974,0.5118169466947374,0.7981456555575585,0.748085487094764,0.22138249110041053,0.43587268239621135,0.9096611940876463,0.5015619201060889,0.9488629916998739,0.1395488468824826,0.48975414578133447,0.9926248589458936,0.3387607853968425,0.7929474626061872,0.4920543237325704,0.5265335575033521,0.9351017831449234,0.5653527566182446
img_0175,1,0,images/sub-05/ses-1/image_57.png,0.0,face_person,face_person,0.8646919,0.8646919,0.0077760792,0.002168473,0.0013023717,0.013027799,0.0074727363,0.0037334596,0.06213414,0.037693158,0.34513542,0.9831443,0.8469677,0.83349675,0.41217333,0.22193341,0.7578857,0.46217814,0.09748751,0.055423174,fictional movie character,0.526782,False,0.3982656002044678,0.1696700602769851,0.934416586001902,57.726783752441406,0.4258805215358734,1.632168889045715,4.915881356179578,0.0209583333333333,-2.819852697187243,0.0255666431039571,0.4737828390528329,0.5257581612451275,1.3333333333333333,0.2612523254519703,0.27440321694762126,0.3062582365250578,0.47923036476566916,0.7873527796269993,0.39777599407658415,0.30157632665396095,0.30907999501603767,0.7799590920203829,0.7018183132768985,0.6636765326423657,0.5334423584590408,0.603963659605007,0.935139793103319,0.35077305249074464,0.5214308372959191,0.4899444927989123,0.49931753441100496,0.846152468643286,0.4825753839013144
img_0176,3,0,images/sub-05/ses-1/image_59.png,0.0,vehicle,vehicle,0.8439943,0.004562522,0.0022321665,0.021293845,0.0038719624,0.019493986,0.8439943,0.0020854115,0.100944266,0.0015215,0.34396768,0.72542346,0.7513882,0.5874245,0.06723693,0.8613914,0.6659433,0.53056663,0.057762694,0.4704757,car,0.504234,False,0.4663090705871582,0.2618085443973541,0.9104083434356623,35.90402603149414,0.2836934626102447,3.5369036197662354,5.865656727288316,0.1891083333333333,-1.675055237832506,0.2175148725509643,0.5055963919213289,0.5125757822523929,1.3333333333333333,0.2785561850240619,0.25586479426142117,0.3207384495531157,0.49149716357389756,0.7222453771279277,0.6820201016546042,0.6220718401316623,0.6417277922401552,0.8852004828130365,0.3856696840378366,0.9244171454095154,0.803104275289891,0.8191176133373649,0.9876973070269741,0.10045440165652118,0.8064224865094173,0.6794557545730856,0.701601026666691,0.9395162242043461,0.19294723765889615
img_0177,1,0,images/sub-05/ses-1/image_63.png,0.0,cartoon_art,face_person,0.8276583,0.8276583,0.05293545,0.0044410443,0.0033557308,0.027661107,0.0063471766,0.015207363,0.032150485,0.03024334,0.57106125,0.90891665,0.98135823,0.8234213,0.54591084,0.07491954,0.63088304,0.707499,0.08129041,0.06903056,fictional movie character,0.6267328,True,0.2118974179029464,0.1602744609117508,0.9999999842910656,20.81337547302246,0.425434410572052,3.2667529582977295,5.079444703827993,0.0114,-2.4701182547100107,0.0372351594269275,0.4881218786887611,0.4557544941642966,1.3333333333333333,0.19890060353349315,0.03777174384048043,0.1962408679913,0.4350288948604142,0.8615292950838404,0.6462055265995783,0.23671683897439644,0.5338822546013049,0.8719401351437212,0.3839885640869808,0.7544326613394245,0.11962491059552927,0.5780830216897869,0.9534335159224505,0.2887504505353312,0.7509963714491812,0.4681768581526561,0.6236643570249953,0.9213585333651089,0.2947758188821426
img_0178,1,0,images/sub-05/ses-1/image_65.png,0.0,face_person,face_person,0.49925962,0.49925962,0.03446659,0.0069722193,0.006904147,0.009218649,0.009289163,0.007947866,0.32717648,0.09876524,0.4264051,0.9054824,0.6489523,0.18939659,0.32936767,0.157356,0.7971491,0.62372386,0.027339283,0.026767477,fictional movie character,0.52449596,False,0.400387704372406,0.3007402420043945,0.981900099229057,26.445934295654297,0.3355836868286133,3.709106922149658,5.598872777597627,0.0244416666666666,-3.217141838654384,0.0135237546637654,0.5502068989616032,0.5437447843066819,1.3333333333333333,0.33231231949876516,0.2848993614564369,0.31186237653351123,0.5296051754634987,0.7137700802888323,0.4030599872804669,0.33746688285401283,0.3546106061505386,0.7819154906893084,0.6672740423876259,0.5614128274880773,0.46891031885768564,0.5415280533451954,0.914526486835105,0.4439849795941555,0.4290768023057865,0.3776212229968062,0.4043235055364699,0.8158971275773557,0.6509187957662308
img_0179,1,0,images/sub-05/ses-1/image_66.png,0.0,cartoon_art,face_person,0.46767083,0.46767083,0.04862708,0.0035686134,0.00055988366,0.04005825,0.0080406135,0.0020032316,0.07718279,0.35228866,0.83700943,0.6003385,0.8583403,0.5774158,0.12863626,0.41817242,0.86069465,0.40143847,0.031537745,0.05952894,fictional movie character,0.54202384,True,0.3039361536502838,0.2309317886829376,0.9721513257848992,63.17725372314453,0.6053590774536133,3.589175224304199,5.510644089921795,0.060775,-2.3842715498610167,0.0855206772685051,0.5162620395899807,0.5197924959960172,1.3333333333333333,0.24120322950029283,0.12322832050905586,0.22982686797990812,0.4650174531720755,0.8132816042833519,0.5428812388621889,0.45229202810361735,0.5356762332828013,0.8336843139877506,0.5727202145297453,0.7418432950182394,0.6102370348508096,0.6240578096136031,0.9508958759717973,0.4229395689720523,0.6251151271242397,0.612432298346289,0.6347735365383637,0.8801196207257019,0.4143228748997693
img_0180,3,0,images/sub-06/ses-1/image_1.png,0.0,object,object,0.9243261,0.014112135,0.0034416532,0.0042705624,0.0020374442,0.9243261,0.006491691,0.01131928,0.01765052,0.016350456,0.14972381,0.6230947,0.98606783,0.89305484,0.15739647,0.9785175,0.14827468,0.53855,0.19862248,0.2260236,watch or jewelry,0.284093,False,0.7458206415176392,0.1320919096469879,0.6502203386200184,13.204839706420898,0.1774527728557586,0.1205328702926635,4.565197674616888,0.0099333333333333,-2.4228805108952423,0.0495092831552028,0.4475757001748773,0.5316436860043241,1.3333333333333333,0.2074979183063923,0.22339673873361565,0.25598414816867665,0.44112357738894437,0.7984213982784061,0.6971614171693914,0.6414118722206044,0.6952405099868946,0.8908065554130432,0.359196154003535,0.9809219707043516,0.7209054671733759,0.8328665521923073,0.999086990861303,0.09271394463860823,0.7454498147744502,0.5686436878443886,0.6542743170901717,0.9195414718371157,0.4866294190314552
img_0181,3,0,images/sub-06/ses-1/image_2.png,0.0,object,object,0.983955,0.0025433514,0.0025737241,0.0005505904,8.327367e-05,0.983955,0.0019781135,0.006047517,0.0008004949,0.0014678995,0.53129584,0.6375973,0.9995915,0.3709928,0.18522677,0.51642877,0.22112952,0.07125736,0.0738387,0.42582065,kitchen or household item,0.8111666,False,0.9848849773406982,0.0625783875584602,0.2221951452191177,3.2001099586486816,0.0041626142337918,4.13232421875,0.8145172851949326,0.0116916666666666,-1.709800077480247,0.1977276653051376,0.5182660937284077,0.5044429928061434,1.3333333333333333,0.26221083362331843,0.21241497259309006,0.285654813004334,0.4799098563464337,0.7965269023525134,0.8071217688999681,0.7026454086118177,0.762625125462377,0.9315193794950656,0.29957372052962516,0.9975316725911909,0.8820775800829019,0.8880397516920204,1.002435010293032,0.06076976027594072,0.795472892234281,0.1915457588476548,0.5301228165806064,0.9359291182445124,0.5277643370708577
img_0182,3,0,images/sub-06/ses-1/image_3.png,0.0,object,object,0.93411267,0.019408345,0.0024473676,0.0004055317,0.0002651291,0.93411267,0.00042755224,0.04074013,0.0005337084,0.0016596398,0.29278165,0.8768113,0.9995197,0.88988066,0.29146233,0.92870885,0.024952129,0.052269768,0.023460636,0.09638769,kitchen or household item,0.71890444,False,0.7298592329025269,0.1404629200696945,0.3666709336101881,3.500706195831299,0.0174796096980571,1.694228172302246,4.8391990511477765,0.003525,-2.2545046009901473,0.0340763591229915,0.5147306240191772,0.6404606629318725,1.3333333333333333,0.2553512753294537,0.22877837154133007,0.2987431011088557,0.47504707870115837,0.8009979284511055,0.8108553357056496,0.8100648298760015,0.8395133242338055,0.932901732735719,0.22689863488118084,0.9414749892477968,0.7217070029999615,0.8151964210261566,0.9911356584810249,0.14319255961842503,0.8224703283789292,0.6954674685559592,0.7644488489305166,0.9447735248646376,0.2725727423838674
img_0183,3,0,images/sub-06/ses-1/image_4.png,0.0,object,food,0.62695515,0.0069101662,0.0055171945,0.0004950051,0.00025521585,0.35501394,0.0014730566,0.62695515,0.0009072642,0.0024730298,0.5117762,0.7550078,0.9977429,0.4031996,0.34860745,0.5089884,0.20231357,0.13828304,0.045637585,0.18642664,kitchen or household item,0.633733,True,0.9660386443138124,0.1207355856895446,0.5968193855409126,3.050490617752075,0.0081019289791584,3.771285057067871,1.6135000944479736,0.0412083333333333,-1.995501742270748,0.1386625319719314,0.5100267513263903,0.5012941132346536,1.3333333333333333,0.20813084398155324,0.21241497259309006,0.24827049109844399,0.4415722617928725,0.8383305973401818,0.7557439050724132,0.6942454428622598,0.726654570482271,0.9124967236122752,0.33602863145727013,0.8242942721691,0.7217070029999615,0.8011250947880839,0.9675155284825292,0.17837288907369986,0.7844064845277819,0.1915457588476548,0.5549373568559183,0.932303744003197,0.5003382330660266
img_0184,3,0,images/sub-06/ses-1/image_5.png,0.0,object,object,0.9378255,0.019910248,0.0052040326,0.0054515023,0.0014185657,0.9378255,0.008095677,0.003128457,0.0033294437,0.015636558,0.27543566,0.98434204,0.9787264,0.3156622,0.045079853,0.9850927,0.015984142,0.07651448,0.07340734,0.15202264,watch or jewelry,0.99800175,False,0.7097700238227844,0.3450023829936981,0.9540229783062965,3.089569330215454,0.0023888887371867,3.1812920570373535,4.633146868436319,0.1226083333333333,-2.3363418930583517,0.0574389100074768,0.5326222295393632,0.5072590639264726,1.3333333333333333,0.369919368543872,0.35819336109753974,0.38063783347388574,0.5562650141246686,0.7017226943008641,0.8140815530991402,0.7706008445967868,0.8051313216491781,0.9340962398387278,0.2407684948660851,0.9497748542723266,0.47482026563467183,0.7149656939202046,0.9928086631846715,0.26335869922873617,0.8057956038050835,0.5939969343905824,0.6831867464918637,0.9393108563497637,0.272590469330769
img_0185,3,0,images/sub-06/ses-1/image_6.png,0.0,object,object,0.95109993,0.012053439,0.004083321,0.0022329348,0.00061038113,0.95109993,0.00506744,0.015086456,0.0012310193,0.008535081,0.34761018,0.62149787,0.9733927,0.37144116,0.3530691,0.9896792,0.66792613,0.04182728,0.19589554,0.19730334,clothing or bag,0.9972638,False,0.6710325479507446,0.3694937825202942,0.7451056798090997,86.1983871459961,0.353095531463623,0.39827960729599,3.2142692438398015,0.0562666666666666,-2.8154466258147224,0.0261142216622829,0.4929861446491679,0.5237366059743788,1.3333333333333333,0.2900560197202847,0.3173912625299049,0.3250768016369869,0.49964945803506866,0.7655374367529474,0.8227921070151565,0.7293227512066114,0.8109130251373795,0.9373213227314113,0.18901586266172482,0.9239378071370867,0.8628452205425352,0.8792125125864505,0.9876006867588083,-0.03481213742132952,0.8070532950983409,0.5998304103477201,0.7099950049236357,0.9397228781854877,0.25010025004657055
img_0186,3,1,images/sub-06/ses-1/image_7.png,0.3333333333333333,object,object,0.94108754,0.00925366,0.012195556,0.0023693265,0.00042503918,0.94108754,0.013907827,0.013761587,0.0040283315,0.0029710815,0.36464983,0.92819613,0.990189,0.32188323,0.24201311,0.9871788,0.05479439,0.12798624,0.023958584,0.30066854,phone or computer,0.9868217,False,0.5789607167243958,0.3867167532444,0.9008218084271806,3.7953131198883057,0.0644976124167442,3.2534401416778564,4.590129055540853,0.0700083333333333,-2.222778228957584,0.0265660099685192,0.5032891700560072,0.4543750367323538,1.3333333333333333,0.26413661828624113,0.2966507667348891,0.310249842175178,0.48127505541717436,0.7769512459640474,0.8101718285893811,0.7554439158189589,0.767818568252944,0.9326486642019655,0.26555614177727865,0.9294527683811385,0.590304075346346,0.7956982763686439,0.9887123381018673,0.016492443125356596,0.7972588844721307,0.5939969343905824,0.6958597673815999,0.9365142123803887,0.2768559918637601
img_0187,3,1,images/sub-06/ses-1/image_8.png,0.3333333333333333,object,object,0.9622597,0.005631356,0.006201893,0.001842861,0.0009666916,0.9622597,0.011694097,0.0027990453,0.0044846507,0.0041196584,0.083628364,0.617455,0.9287521,0.10906546,0.09956986,0.9885245,0.06307276,0.036901284,0.038361143,0.65418226,phone or computer,0.97384745,False,0.6627009510993958,0.386185884475708,0.9999999900000002,2.293304443359375,0.0148009145632386,2.143738269805908,3.756772741096432,0.0787833333333333,-2.186910868436742,0.0233269855380058,0.5222279708798686,0.4531560331237489,1.3333333333333333,0.28681119965135005,0.23921709080902098,0.2995135232807841,0.49734918769429937,0.8080297555080833,0.8668250904857686,0.7626767324895274,0.8386305846806632,0.9536245364046277,0.18058832490313342,1.0083862808007271,0.7666765688305732,0.8453307953607897,1.0046229748607842,0.06685923437020563,0.8393824402829073,0.7414515187203691,0.7779274537960039,0.9503139618780795,0.2626863853155548
img_0188,3,0,images/sub-06/ses-1/image_9.png,0.0,object,object,0.71615136,0.030175343,0.01654441,0.0062818974,0.001005862,0.71615136,0.019521277,0.04690116,0.15517162,0.008247152,0.50937784,0.3700635,0.9511566,0.91219646,0.35091084,0.47478622,0.9978217,0.03935338,0.05722761,0.4261784,toy or ball,0.97548735,False,0.7801074385643005,0.2312145084142685,0.6564681200159905,123.6831283569336,0.3687578737735748,3.2680294513702393,4.377579606128978,0.0166333333333333,-3.2559109986219466,0.0084558902308344,0.495991698390768,0.5448924204463462,1.3333333333333333,0.19160166152662728,0.2222421336382857,0.2590494700575724,0.4298546357456702,0.8328872579204645,0.810274874719926,0.6913291204572507,0.7488823267668907,0.9326868170354116,0.21244834352273162,0.9903489451574508,0.6246113878851083,0.8110793655281648,1.000987187136132,0.11684309272185128,0.8205889311099303,0.7096386001961916,0.7432454353511174,0.944157175876094,0.24283294163292418
img_0189,3,0,images/sub-06/ses-1/image_11.png,0.0,face_person,face_person,0.70228845,0.70228845,0.106430866,0.0016526157,0.0014222165,0.082061954,0.018539343,0.024215398,0.05329494,0.010094269,0.15896247,0.95723933,0.7015721,0.89071804,0.7304976,0.37219495,0.59303635,0.20609927,0.82760245,0.9694547,child,0.8595057,False,0.3896287381649017,0.1884669512510299,0.8751723413108088,81.01138305664062,0.566135585308075,1.964559555053711,5.228928013958852,0.015225,-2.592170390339676,0.0505222678184509,0.5852867232730319,0.5373338446062207,1.3333333333333333,0.24004850453330784,0.21786117989572562,0.2488340114899125,0.46419886245306136,0.7166777800409424,0.454531004110992,0.3167667190371055,0.41564473103936156,0.8009726364747131,0.596027984770917,0.7224671153659105,0.49969567224003986,0.5391041375507181,0.9469902173133437,0.3033491354582211,0.49891426004723716,0.48043552785718535,0.49858654800750024,0.8387759991217426,0.582876586104335
img_0190,3,0,images/sub-06/ses-1/image_12.png,0.0,face_person,face_person,0.73754996,0.73754996,0.04165633,0.002059252,0.0020481,0.06420371,0.010387531,0.012115171,0.0940134,0.035966553,0.14516339,0.95107794,0.9595554,0.49494806,0.34544373,0.6051608,0.43779156,0.83604616,0.92125714,0.0100313965,child,0.7098954,False,0.4744316041469574,0.2028716951608657,0.8927425727604128,36.07026290893555,0.3249523043632507,2.7149436473846436,5.187366770593217,0.013625,-3.0989035762046697,0.014799783937633,0.5231727540760707,0.5633774857801148,1.3333333333333333,0.20635579365915735,0.12835374999494953,0.21632968108919046,0.44031391910414486,0.7708749555549235,0.6563690281007175,0.5167948449079918,0.5304075894529104,0.875703171930718,0.4000892308777807,0.6967896635190125,0.39275301935592233,0.49886546989337227,0.9418144105272619,0.3302502414371161,0.5506713988459773,0.41472925522703663,0.45102660287986174,0.8557317270130025,0.5513677766931647
img_0191,3,0,images/sub-06/ses-1/image_13.png,0.0,face_person,face_person,0.82954615,0.82954615,0.035973508,0.0009993383,0.00055640657,0.038786992,0.005758314,0.012418628,0.007324636,0.06863612,0.23542167,0.9697174,0.9243451,0.85936964,0.5699873,0.19597276,0.007505606,0.64495265,0.9348284,0.02307924,child,0.8011239,False,0.3531509339809418,0.2632739245891571,0.9999999866492152,0.0,0.0,-0.0,5.095109952479645,0.0175916666666666,-3.093503111964542,0.0145655125379562,0.4475178116577105,0.5110069804884455,1.3333333333333333,0.3793399018640904,0.25051950158356173,0.30639907614840023,0.5629432806942674,0.5910071354692545,0.5693315886289989,0.3449475543501477,0.3805295436232002,0.8434775569159166,0.5412951795167806,0.6391146421760355,0.39275301935592233,0.46224305562631257,0.9301888501471165,0.39447534920774585,0.5968844526841962,0.3028751690335897,0.3974006974026406,0.8708712031141052,0.4660655972425898
img_0192,3,0,images/sub-06/ses-1/image_14.png,0.0,face_person,face_person,0.5183576,0.5183576,0.040525157,0.005431164,0.0026822034,0.13654499,0.012636726,0.014567271,0.1667419,0.102512956,0.25108847,0.9682083,0.98664165,0.7642111,0.24803686,0.5520766,0.47235352,0.6101795,0.8870346,0.24107003,child,0.524792,False,0.8561308979988098,0.2312220782041549,0.7512556729911648,35.04183578491211,0.1323387622833252,1.8168617486953735,3.426281882444669,0.030275,-2.6882674729863383,0.0384650863707065,0.5024224068064809,0.4815831955149878,1.3333333333333333,0.20989732926107751,0.12835374999494953,0.23719833558298936,0.4428245326767952,0.7484137448517212,0.46422172265098227,0.22945262838193015,0.2949872560491408,0.8045606253537747,0.6027836149222635,0.7021839416008497,0.4490786290682349,0.5183581109160889,0.9429017357520725,0.3102367641005622,0.4732882909168653,0.29233875141767274,0.3437401166367806,0.8303808874596782,0.5957100629994982
img_0193,3,2,images/sub-06/ses-1/image_15.png,0.6666666666666666,face_person,face_person,0.77621955,0.77621955,0.054185104,0.0020592555,0.0013504903,0.060685135,0.009786456,0.006308062,0.080623545,0.008782366,0.2935666,0.97029537,0.95295346,0.22038306,0.21714647,0.48164237,0.598375,0.7744229,0.64812845,0.93923086,elderly person,0.93777347,False,0.4094685614109039,0.2764030992984772,0.9205590414817986,55.997352600097656,0.3635500371456146,3.585123300552368,5.765102854006505,0.0555833333333333,-2.5949446248168235,0.0546332374215126,0.5240277931987963,0.4914897768913893,1.3333333333333333,0.3357154552267899,0.22921017841660718,0.3524097300586454,0.5320176766236504,0.6417667869273788,0.4892980440691468,0.49836743083183166,0.5350326359057526,0.813845134237699,0.4583957379048679,0.740331965939776,0.5295525646965524,0.6698302494941937,0.9505912372036301,0.2446818450823098,0.5652272463140888,0.42595215806185793,0.5479734546260285,0.8605002477354421,0.4527642859333214
img_0194,3,2,images/sub-06/ses-1/image_16.png,0.6666666666666666,face_person,face_person,0.84956616,0.84956616,0.069737166,0.002845519,0.0022323106,0.04101717,0.0017695884,0.0030904552,0.008525732,0.021215882,0.20671569,0.9599832,0.7651015,0.94964314,0.50386995,0.11488923,0.3972262,0.46220374,0.048178297,0.027114684,elderly person,0.22838287,False,0.3456000387668609,0.3175809979438782,0.996825900867354,22.360620498657227,0.4269746840000152,3.819623470306397,5.10605907319246,0.0251833333333333,-2.993869017454005,0.0073124188929796,0.5292276086683976,0.4529877962478778,1.3333333333333333,0.29337984793731997,0.2468899721918848,0.2923232584518246,0.5020057376755511,0.718132776837532,0.44983209068453534,0.30146692644577,0.36911638496976645,0.7992328636138847,0.6377772509305946,0.623522561096556,0.45609019106050164,0.5237315294029645,0.9270459526531794,0.4232158076945921,0.5369642520987279,0.42666956210448626,0.45636138662301234,0.8512412421097377,0.5615079680499099
img_0195,3,1,images/sub-06/ses-1/image_17.png,0.3333333333333333,face_person,face_person,0.4981535,0.4981535,0.007708733,0.0020151052,0.00536842,0.2724787,0.0036059609,0.025416499,0.16595846,0.019294627,0.06763611,0.98015255,0.96667236,0.76806897,0.6639852,0.44975418,0.38137388,0.516777,0.08595831,0.0042870473,elderly person,0.17684992,False,0.7541053295135498,0.2966276705265045,0.8722191629786542,34.51490783691406,0.1414336562156677,1.7946569919586182,4.3903692125734874,0.0190833333333333,-2.8021687645302302,0.0133747281506657,0.3051523521566308,0.4481619232272295,1.3333333333333333,0.24008879008570516,0.24653589604955373,0.27047375147958436,0.46422742109710713,0.7216877074716114,0.46753643987261584,0.22121571892806646,0.24915245033243502,0.8057878995212551,0.6786121691013224,0.6000792611374458,0.4850498258101372,0.5135507045957024,0.9223204841082479,0.4394450337284779,0.4559397987815854,0.25842770619806354,0.30539084466922123,0.824697491530214,0.6748978147991322
img_0196,3,0,images/sub-06/ses-1/image_18.png,0.0,face_person,face_person,0.4707424,0.4707424,0.02168099,0.0035701534,0.010383601,0.1381734,0.019701796,0.03370112,0.28723374,0.014812755,0.13317436,0.95965445,0.95474815,0.7039285,0.6246858,0.35063672,0.31415325,0.32563236,0.018561915,0.9430959,couple,0.508519,False,0.649186372756958,0.2791015803813934,0.7501186090937269,35.67379379272461,0.196772500872612,3.66829252243042,5.318844485466995,0.0222166666666666,-2.80953594387496,0.0185227170586586,0.5453827617272046,0.5645400997704384,1.3333333333333333,0.28983350587599066,0.22921017841660718,0.306804118991684,0.49949171677806053,0.6595631703215938,0.4078006923791645,0.2508994353417735,0.3228950666571454,0.7836707369182486,0.7164863393885167,0.6871577938395653,0.5295525646965524,0.6109353354720707,0.9398729134991775,0.2999869360732479,0.41603045472432687,0.2879417065539098,0.31172585287671245,0.8116231216199126,0.7150238777840255
img_0197,3,0,images/sub-06/ses-1/image_19.png,0.0,face_person,face_person,0.719867,0.719867,0.049701046,0.0014161115,0.0024169087,0.02852453,0.009307182,0.014890547,0.088608965,0.08526774,0.13258803,0.97048336,0.9253581,0.3660664,0.3841718,0.44212082,0.0019612422,0.9650764,0.87221056,0.09095413,child,0.8037484,False,0.5356612205505371,0.3635726571083069,0.983193265871103,1.5530248880386353,0.0223955884575843,1.7170661687850952,4.841450837483043,0.0839083333333333,-2.908038680545439,0.0525911673903465,0.4033028122666333,0.5388343926931206,1.3333333333333333,0.2639235466614024,0.286355975331974,0.29874512734902126,0.4811240078001528,0.7156445964444295,0.49396962183985693,0.3052635674472497,0.39677640779146006,0.815574786071029,0.5847715881839437,0.5266971643514329,0.5012284277702855,0.5178744069743145,0.9075288468076862,0.4656035644483892,0.4708543376349217,0.30048806011050877,0.38220556309279363,0.8295835201687781,0.603550417904903
img_0198,3,2,images/sub-06/ses-1/image_21.png,0.6666666666666666,landscape_nature,landscape_nature,0.39431933,0.039553184,0.034659233,0.28469115,0.39431933,0.09426156,0.02553195,0.032102153,0.044136297,0.05074517,0.04852549,0.11493774,0.9103895,0.026572056,0.6115882,0.36236477,0.7468905,0.51300806,0.13299282,0.42253438,bridge,0.27989513,False,0.4435896575450897,0.2819074690341949,0.9257836871321034,37.68581771850586,0.3385213017463684,1.8275226354599,5.577169786364138,0.0722583333333333,-2.4112339906949423,0.1060955375432968,0.5585302481544052,0.4272313112347203,1.3333333333333333,0.2447804486521038,0.2041286807709275,0.25955633019393387,0.4675533630045261,0.8033435274262839,0.7216888402456776,0.6706008171702327,0.6958037628384364,0.89988783466665,0.3911313874330066,0.9234171855484662,0.7127275729202627,0.8305784859165417,0.9874957450080678,0.08353267445942063,0.7991349636988951,0.7555490103599598,0.778267933903052,0.9371288191691287,0.2862836177889772
img_0199,3,0,images/sub-06/ses-1/image_22.png,0.0,landscape_nature,landscape_nature,0.55384237,0.02777392,0.018388383,0.08591091,0.55384237,0.22934364,0.035044894,0.019498244,0.019148339,0.011049304,0.12116768,0.20567702,0.967155,0.014699688,0.64915913,0.45851064,0.9844395,0.27721146,0.27876076,0.67778486,forest or field,0.6859496,False,0.4509385526180267,0.1920882165431976,0.7073648974397363,129.77655029296875,0.7129004597663879,2.8094851970672607,5.498577765664818,0.013775,-2.5826608382028384,0.0356645472347736,0.5135443943491564,0.5959557894544099,1.3333333333333333,0.1881927489814308,0.2041286807709275,0.22209708250826637,0.4274380393688585,0.8662472060414101,0.7021265395005925,0.6044454520937832,0.635581605359999,0.892644892130183,0.4388848174751563,0.8738451847093748,0.7127275729202627,0.786531214954064,0.9775035113599454,0.15135093520522433,0.7676459025661324,0.5835041244048951,0.609528776006347,0.9268129484600744,0.48779334382380624
img_0200,3,0,images/sub-06/ses-1/image_23.png,0.0,landscape_nature,landscape_nature,0.43122584,0.03973796,0.07402338,0.22074403,0.43122584,0.0756696,0.05876475,0.03673436,0.0218849,0.041215148,0.26646125,0.09219843,0.8439185,0.029916735,0.60866904,0.2006531,0.98925203,0.71764964,0.21550773,0.7731719,bridge,0.26381212,False,0.2777865529060364,0.1969374418258667,0.9919268336432036,102.10999298095705,0.809564471244812,1.8980501890182495,5.342447546186391,0.0198416666666666,-2.6726708227356264,0.0269869193434715,0.3976877043446151,0.5318628734429547,1.3333333333333333,0.20370629166116927,0.22960240662773312,0.2536527626773556,0.43843567293507996,0.8273512246147104,0.7800780580542319,0.599566560392869,0.7196904442771389,0.9215064446066317,0.3104931961563523,0.9496824016855834,0.6569605232572322,0.8066467892467364,0.992790027506618,0.15879219780093484,0.7751841528975342,0.6141192751442894,0.6751948242815236,0.9292824922633454,0.3668803775226138
img_0201,3,0,images/sub-06/ses-1/image_24.png,0.0,landscape_nature,landscape_nature,0.6915321,0.0030347179,0.0026960468,0.26904705,0.6915321,0.006022803,0.013498836,0.0009199539,0.01165823,0.0015902354,0.13318053,0.30407232,0.4182281,0.021103272,0.57311904,0.6613131,0.8245196,0.24188821,0.05656838,0.06447297,desert,0.52018726,False,0.6030092239379883,0.3070983588695526,0.8074451934822909,79.9719009399414,0.4794771373271942,1.700090408325195,5.203665609705185,0.0353333333333333,-2.5144668454555092,0.0367733091115951,0.5270226956959024,0.6242840599103455,1.3333333333333333,0.2562619396161713,0.10262006212812014,0.15604225339348457,0.4756926534956406,0.8475465156851756,0.7256837434229608,0.297193950607443,0.40702022071764354,0.9013669477080483,0.5163998828100589,0.8483694249651401,0.27089427345136463,0.34171317844195237,0.972368359673127,0.41559427037482477,0.7746395827343232,0.48482902953533114,0.5217580476726421,0.9291040901391279,0.40481509218186534
img_0202,3,0,images/sub-06/ses-1/image_25.png,0.0,landscape_nature,landscape_nature,0.42058626,0.030654037,0.035338618,0.26808792,0.42058626,0.12978926,0.01745642,0.034164783,0.05111875,0.012804025,0.515214,0.15612021,0.80935454,0.08569851,0.39319384,0.90403014,0.91630745,0.53953767,0.12654273,0.5281955,beach or island,0.31071663,False,0.4572339653968811,0.2323414981365203,0.9430222097068944,85.060791015625,0.4552713632583618,2.17093563079834,5.717930319898614,0.0450333333333333,-2.69428296805468,0.0502592585980892,0.5599480749132882,0.6304223829779343,1.3333333333333333,0.3082549249652995,0.28810548760834187,0.31056942360531,0.512550759518737,0.7554490634875937,0.7588304494941995,0.6973133138319205,0.7239689122384908,0.9136395167926156,0.27551206395010774,0.8743778652875123,0.6680225839106243,0.7556493276999542,0.9776108838425257,0.1319855075017768,0.7508067150205004,0.5380474844553047,0.6063467164425053,0.9212964015921363,0.43740618728123865
img_0203,3,0,images/sub-06/ses-1/image_26.png,0.0,landscape_nature,landscape_nature,0.9509679,0.004246025,0.0031253928,0.016179794,0.9509679,0.0042896885,0.013393809,0.0017183686,0.0049727294,0.0011062018,0.15534706,0.15169665,0.7776388,0.0059574125,0.6194209,0.23388025,0.9804693,0.4434333,0.1306953,0.4983096,mountain or canyon,0.288331,False,0.3901592791080475,0.2159278690814972,0.838497711364825,64.09475708007812,0.5466048717498779,3.230625629425049,5.472586182514791,0.0217833333333333,-2.5951739167774774,0.0394732952117919,0.5260901941647923,0.509683885415808,1.3333333333333333,0.24188811004801558,0.22969922640713225,0.261025187339437,0.4655029686636677,0.832649273642805,0.7084938942816602,0.2907003614003226,0.4709332393414966,0.8950024054610296,0.5733858618175508,0.8901446287983437,0.7495467924629247,0.7904323688917997,0.9807889920933163,0.15508685285900675,0.750750907009673,0.45910691385365177,0.5516794663827277,0.9212781187915856,0.49238070967253517
img_0204,3,1,images/sub-06/ses-1/image_27.png,0.3333333333333333,landscape_nature,landscape_nature,0.6746779,0.052993733,0.01802055,0.052821476,0.6746779,0.100381814,0.008513246,0.039489385,0.045971204,0.007130702,0.14782481,0.43475232,0.95699155,0.103083126,0.4777897,0.72452325,0.99021894,0.28025225,0.06898731,0.698397,beach or island,0.9956273,False,0.413790613412857,0.1664444357156753,0.6839618088868795,72.73960876464844,0.6317648887634277,2.356663465499878,5.2167301402965744,0.0271666666666666,-2.2564734576549266,0.0818084329366684,0.478949532572408,0.5110074244711722,1.3333333333333333,0.32143418859433126,0.27732966403753323,0.3014849684918067,0.5218936101529783,0.7474149396921499,0.7762736417491165,0.4825799022822195,0.5641511736584246,0.9200978593363294,0.42554882632014845,0.8617168434815354,0.6292347244352787,0.7551193892732347,0.9750588002879415,0.24821704833437835,0.7820559179293677,0.5113463228358724,0.6069713679890019,0.931533694333566,0.40757418378499677
img_0205,3,0,images/sub-06/ses-1/image_28.png,0.0,landscape_nature,landscape_nature,0.51532143,0.04362684,0.04308043,0.18993627,0.51532143,0.07823865,0.03987527,0.025992658,0.051358137,0.012570379,0.32096675,0.38582563,0.96507436,0.011409649,0.33458138,0.4906508,0.9803288,0.23121525,0.055830173,0.8163575,bridge,0.43865135,False,0.3697742223739624,0.1936202496290207,0.9622137352975342,76.0814437866211,0.6817950010299683,2.511812686920166,5.481965021936809,0.0224833333333333,-2.421539298098132,0.0515705235302448,0.4831797703024025,0.4642876697151365,1.3333333333333333,0.33959836886555217,0.2974166981944004,0.3096776120907115,0.5347702949165799,0.7427695514876561,0.736994913791585,0.41672200679412985,0.5428114996713729,0.9055549089334536,0.47305490244951026,0.8569079104391113,0.6292347244352787,0.7281904692885591,0.9740894631269489,0.1790243941836992,0.7787713670315539,0.5113463228358724,0.5861020566812497,0.9304576697974172,0.4498595162744938
img_0206,3,0,images/sub-06/ses-1/image_29.png,0.0,landscape_nature,landscape_nature,0.812291,0.019922938,0.006914834,0.018180326,0.812291,0.069928125,0.03616093,0.010273559,0.019848332,0.0064798486,0.23405665,0.20455502,0.9681106,0.06527715,0.39608136,0.6407619,0.85356796,0.40637416,0.13380866,0.07884481,desert,0.9853258,False,0.5379819869995117,0.2029976397752761,0.6045209397501774,59.53924560546875,0.4974473714828491,1.3360365629196167,5.0435262859616365,0.0168916666666666,-2.737676942734204,0.0289910268038511,0.4615922716249933,0.4059112817945487,1.3333333333333333,0.2317198690271658,0.1935045985372047,0.22281779466695567,0.45829464809699405,0.8197314802072994,0.6421713882828906,0.7212411301786527,0.7329309978382581,0.8704464952905832,0.26749872259283075,0.8550754889230612,0.691264204144177,0.7410812070049049,0.9737201017209073,0.29934435976471596,0.7495997699950441,0.7348614056409694,0.7434877641284173,0.9209010043212223,0.24416694284515855
img_0207,3,1,images/sub-06/ses-1/image_31.png,0.3333333333333333,animal,animal,0.67455375,0.0394709,0.67455375,0.007357707,0.06748712,0.025181998,0.0135719525,0.017644431,0.13664064,0.018091476,0.5025954,0.5684738,0.5939065,0.21464737,0.88081056,0.39438227,0.6756033,0.45637378,0.047279514,0.2028543,marine animal,0.18666974,False,0.519137978553772,0.2904265522956848,0.990443377880974,19.621665954589844,0.2269312441349029,3.47217059135437,5.553381222676634,0.2350833333333333,-1.6012764022259307,0.1710959523916244,0.5519733947952289,0.5765135581312939,1.3333333333333333,0.21483452259027602,0.08524036846311678,0.15240503958879797,0.4463245354937558,0.8651253573387947,0.8450656860397989,0.09955812141784626,0.6414288398104263,0.9455681161459062,0.2780962013596417,0.8462166450981465,0.35277477239732924,0.6530877039148713,0.9719344235991363,0.25713903281476097,0.8224011221513954,0.33596802541027904,0.6322144549568958,0.9447508527851972,0.220941845633954
img_0208,3,0,images/sub-06/ses-1/image_32.png,0.0,animal,animal,0.90322185,0.04402545,0.90322185,0.0034303197,0.0017255181,0.0295026,0.0012546816,0.010032912,0.0023918503,0.004414753,0.54789406,0.80180645,0.89661527,0.13946159,0.7282337,0.52557856,0.5202559,0.37838462,0.045039065,0.5956065,marine animal,0.273198,False,0.4169202446937561,0.1938104629516601,0.9275414253322944,38.444122314453125,0.4600517153739929,1.4176450967788696,5.637648042023859,0.0695,-1.479507232520282,0.1817147582769394,0.4901194794646893,0.5532519461142192,1.3333333333333333,0.2812167661492021,0.1657565403920357,0.23139345686315355,0.4933832637955905,0.8077989840696305,0.873456513857184,0.8199918919312462,0.8505013134952419,0.9560798211403054,0.17212021930978183,0.9961215588238483,0.879733841341219,0.8881811171285419,1.0021507735062327,0.006160902833237423,0.8289651547873552,0.674138413793656,0.7894870562158285,0.9469012411920501,0.2382794359682201
img_0209,3,1,images/sub-06/ses-1/image_33.png,0.3333333333333333,animal,animal,0.91483045,0.05729731,0.91483045,0.00070103584,0.0051419274,0.008452805,0.0032668435,0.0059037893,0.0012001621,0.00320568,0.2923758,0.8822043,0.7686433,0.17070392,0.9214245,0.37872246,0.7026648,0.7168884,0.03981361,0.14316218,wild mammal,0.31530216,False,0.6017523407936096,0.2704820930957794,0.8893134023805238,25.760513305664062,0.1830071061849594,1.903550624847412,5.716361418321049,0.0509,-2.5452647857348127,0.0399683341383934,0.4750452104445851,0.4330623932885243,1.3333333333333333,0.24351714188338636,0.17919495631555005,0.20651060502483465,0.46665779806420943,0.8413585920726789,0.7916541823993193,0.5278890649467576,0.7255438758556774,0.9257925050511081,0.3146599474444156,0.9321658837521551,0.5590042245831128,0.749528389954824,0.9892592210648834,0.09904429232864269,0.8080196314689282,0.6073784829810582,0.6771042266382941,0.940039451646297,0.33284869759600083
img_0210,3,0,images/sub-06/ses-1/image_34.png,0.0,animal,animal,0.87030274,0.094206445,0.87030274,0.0038841763,0.0047221826,0.0146546755,0.0025347958,0.003293642,0.0028730836,0.0035282285,0.6518416,0.92618555,0.84203863,0.18822981,0.8457995,0.24544334,0.84560627,0.56519705,0.20838933,0.35853595,baby,0.18216269,False,0.4449772238731384,0.254283457994461,0.9193611128085316,58.71596908569336,0.4930891990661621,3.050126075744629,5.681873386888444,0.02065,-2.8956100213691265,0.0192674212157726,0.4913229655404227,0.5146726023445239,1.3333333333333333,0.2043644924389083,0.049063155009652304,0.1406833335320135,0.43890227499471307,0.8798972423491409,0.6898714702943358,0.324181292326566,0.5615040187132573,0.8881074523270633,0.5243697461557333,0.82329744173745,0.2469274185757605,0.6120626105773741,0.9673145972630504,0.2908022679212394,0.7421036753387276,0.6726742235513619,0.7037418762737807,0.918445270789779,0.40505488787384647
img_0211,3,1,images/sub-06/ses-1/image_35.png,0.3333333333333333,animal,animal,0.6300523,0.14356795,0.6300523,0.0066362163,0.010690304,0.12025745,0.017101672,0.02723011,0.02428418,0.02017985,0.5555096,0.3455067,0.9319155,0.10609218,0.71238774,0.2790968,0.99880457,0.19031838,0.0034476959,0.51863474,bird,0.67218965,False,0.4546234309673309,0.1399782001972198,0.7142841112293163,27.760631561279297,0.271801233291626,3.242521047592163,5.204499682024958,0.0200333333333333,-1.2856339705982165,0.3589477837085724,0.5031560140110035,0.5110026910029605,1.3333333333333333,0.21644225822705,0.15332394081768908,0.23231635407014622,0.44746426790495336,0.8297151500180995,0.9275784800028799,0.08087798453518891,0.7580859251916149,0.9761184810025593,0.13323243959341596,0.9889547837227767,0.21264708776932695,0.7203214187089404,1.0007061658627787,0.1075059285668192,0.8451800145521687,0.5104951383563683,0.7720336671144361,0.9522132572027537,0.19484794352977633
img_0212,3,0,images/sub-06/ses-1/image_36.png,0.0,animal,animal,0.6727878,0.09363345,0.6727878,0.005140591,0.028892215,0.08296509,0.010195556,0.05481587,0.010959055,0.04061033,0.28831813,0.8851497,0.6474278,0.14564547,0.9289809,0.5760996,0.9535025,0.16539685,0.07643743,0.4547502,bird,0.82787377,False,0.6234943270683289,0.1718324422836303,0.7244953519773369,38.0123291015625,0.2037049382925033,3.7576918601989746,4.870851727748087,0.0398583333333333,-2.8784593709456403,0.0603011697530746,0.440063484598547,0.5776451322698358,1.3333333333333333,0.2815363566649133,0.23984062783675264,0.24919467537627119,0.49360982322534736,0.7834561669299241,0.787085834557343,0.7232278534735272,0.7722145611318192,0.9241010741025099,0.24595315584250357,0.8972231780094212,0.810668913297625,0.843218255156135,0.9822158160344441,0.15758443408135825,0.7918341160898914,0.7809330466850953,0.7887427574860413,0.9347370489069587,0.3118826554691603
img_0213,3,1,images/sub-06/ses-1/image_37.png,0.3333333333333333,animal,animal,0.7275507,0.07286738,0.7275507,0.012087229,0.015916055,0.09357285,0.014649949,0.0153033715,0.0070120897,0.041040353,0.3436768,0.1637124,0.92623067,0.93942344,0.40770593,0.5254435,0.41495022,0.87987465,0.08287083,0.67125136,marine animal,0.87319666,False,0.4634856581687927,0.2408071458339691,0.9761830113777524,68.55977630615234,0.6221584677696228,1.4746520519256592,5.505333789248184,0.0254666666666666,-3.050337147726881,0.0273731425404548,0.5159918151722974,0.5068941462267322,1.3333333333333333,0.24914375893826346,0.18084995872034382,0.20568887872646124,0.4706465370559682,0.8017021787452652,0.7197983045159813,0.5311768923098097,0.6593292971159126,0.8991878637464723,0.3209611923806725,0.9648057719270888,0.49058516657475637,0.6831384244321987,0.9958384469055183,0.17745636620492275,0.7069171971519249,0.5082123548003679,0.6204789891466206,0.9069181198800825,0.31210944318810907
img_0214,3,1,images/sub-06/ses-1/image_38.png,0.3333333333333333,animal,animal,0.83861375,0.07519504,0.83861375,0.0015031485,0.0009222361,0.052748017,0.002318298,0.023050454,0.00270223,0.0029469032,0.41148728,0.8174923,0.87938505,0.64477223,0.77085054,0.67829823,0.3180076,0.37797153,0.053530548,0.2737643,cat,0.5848384,False,0.2363382130861282,0.2269425094127655,0.991169615816028,22.464893341064453,0.3280113041400909,2.3189144134521484,5.246524574219298,0.03245,-2.722893901957755,0.0270630102604627,0.5552110496194613,0.5179814539311117,1.3333333333333333,0.2439643469428815,0.010937814673788182,0.22102329138313728,0.4669748241281342,0.7977082085751453,0.696105862559931,0.03476421339789737,0.6288588817888534,0.8904157362818969,0.3032505708389345,0.8172726289463509,0.010305398826540912,0.6646996138741686,0.9661001750877124,0.13912064224445883,0.7964504463846009,0.022298843541346813,0.5904380036320772,0.9362493666692997,0.29936438981644214
img_0215,3,2,images/sub-06/ses-1/image_39.png,0.6666666666666666,animal,animal,0.82012945,0.066123195,0.82012945,0.001450432,0.004678659,0.08319945,0.003244047,0.010299832,0.006744958,0.004130052,0.37933567,0.38633782,0.83498794,0.052264567,0.81710035,0.3587974,0.4127252,0.55586195,0.064140834,0.27214542,dog,0.4192285,False,0.6156497597694397,0.2354266196489334,0.8438760872471346,61.675811767578125,0.5193616151809692,1.1934764385223389,5.580624815875543,0.0218,-2.449962990082656,0.0329106450080871,0.4580727708735697,0.5745817698604955,1.3333333333333333,0.23613612274667584,0.19543830397345519,0.23276890724938548,0.4614253540321426,0.8252263467290244,0.7881310972941226,0.7390094941581006,0.7493167803104279,0.9244880826674355,0.3306026624767729,0.9695293445428061,0.8200853520587104,0.8545493920665846,0.9967905779559337,-0.05641260969813678,0.7998811242567974,0.714594343414475,0.7722518507053258,0.9373732626541552,0.3324932642160061
img_0216,3,0,images/sub-06/ses-1/image_41.png,0.0,vehicle,vehicle,0.9797651,0.0013844713,0.0043097553,0.001717526,0.0005138803,0.0077541946,0.9797651,0.00056315266,0.0033478476,0.0006438892,0.20776577,0.45820335,0.64676094,0.061580695,0.38052467,0.70981497,0.97067004,0.4493936,0.041681822,0.71088827,car,0.9407414,False,0.5225456953048706,0.2685435116291046,0.9639155451218736,27.865440368652344,0.2137032300233841,3.3902041912078857,5.443370141147893,0.0388333333333333,-2.2263521453521817,0.0542421042919158,0.5168209085888098,0.6026855383629366,1.3333333333333333,0.31568965345443234,0.3132789719699228,0.34692222043352894,0.5178212783986456,0.7359562737764018,0.7592776058852232,0.4616548621378769,0.5151682308632152,0.9138050764620635,0.4976106317037542,0.8788612303105173,0.4749040160783169,0.635258904823622,0.9785145962221231,0.3149621966518649,0.7855804718680198,0.43487478322046125,0.5282483839161346,0.93268834427962,0.5541723555331446
img_0217,3,0,images/sub-06/ses-1/image_42.png,0.0,vehicle,vehicle,0.992597,0.000848905,0.0011412855,0.001021778,0.00039749223,0.0026347667,0.992597,0.00018355426,0.00027261593,0.000902671,0.6654849,0.61655444,0.96561396,0.24066615,0.21281232,0.8094793,0.45250612,0.28468627,0.18148068,0.4625693,car,0.816838,False,0.515618085861206,0.2782480120658874,0.9372548853713976,13.78593635559082,0.0520780123770237,3.830805778503418,5.792134384965827,0.0560416666666666,-2.5964982756022956,0.0367402955889701,0.4971261953329607,0.5242445714911197,1.3333333333333333,0.34137744475291143,0.15035948147095501,0.22883540238280667,0.5360314913498893,0.7896483863290318,0.656066038056522,0.2861441449608839,0.3354080613014667,0.8755909898562354,0.7186851513732064,0.9196434489245776,0.3366360757927588,0.5302906101487531,0.9867350725027404,0.41048485524535194,0.7666136008676141,0.3879693498497164,0.5341873192014132,0.9264747646441213,0.5296003181941229
img_0218,3,0,images/sub-06/ses-1/image_43.png,0.0,vehicle,vehicle,0.84407735,0.0039823237,0.0023596243,0.0014045365,0.0011034852,0.030767392,0.84407735,0.0010456538,0.114852585,0.00040713052,0.15209864,0.8051898,0.81578976,0.6954698,0.11993036,0.8575173,0.96809095,0.22927997,0.08803525,0.31308287,car,0.8944447,False,0.4491333961486816,0.2663226127624511,0.9999999892884204,50.99882125854492,0.2639040648937225,2.9709367752075195,5.856468105889338,0.1072083333333333,-2.6287430420409805,0.0668866708874702,0.4965763033370747,0.4280172924404393,1.3333333333333333,0.2982355794687812,0.25586479426142117,0.28613440089474745,0.5054479917874184,0.7583943430755973,0.7048606847125257,0.3064750650210797,0.3603350610363182,0.8936572094907245,0.6540616538471232,0.9497398861387552,0.7483682541060064,0.8077282531424309,0.992801614654151,0.08736991364531088,0.7871401942396697,0.3833894641461192,0.5732474948748593,0.9331993120172771,0.45023574371121283
img_0219,3,0,images/sub-06/ses-1/image_44.png,0.0,vehicle,vehicle,0.9590632,0.0047689206,0.0070105745,0.00020372568,0.00047598945,0.00483979,0.9590632,0.0034564352,0.019475993,0.00070549984,0.54551744,0.81903154,0.6922009,0.36938834,0.3485966,0.9848492,0.8548454,0.3963547,0.43035588,0.053098504,truck or off-road vehicle,0.8818994,False,0.2426276206970214,0.1686427146196365,0.959705822384005,20.161901473999023,0.2528519928455353,3.090547561645508,5.228048230832756,0.0243583333333333,-2.445639129285321,0.079029381275177,0.5250787542202959,0.5879030431247556,1.3333333333333333,0.41276915296195493,0.16435535916865762,0.31060187266672995,0.586641455995495,0.6939280589921223,0.7409234847042613,0.39814837571151274,0.460134357674926,0.9070094624515563,0.5665601521512433,0.9312041405025476,0.5694212961561169,0.6459984708754212,0.9890653623725385,0.36670341897477393,0.8091329379357357,0.6338653380330106,0.6737932444633344,0.9404041727639804,0.41617818297494386
img_0220,3,1,images/sub-06/ses-1/image_45.png,0.3333333333333333,vehicle,vehicle,0.9480103,0.0059980033,0.008356122,0.0005861024,0.004303825,0.0062657674,0.9480103,0.009284823,0.015939917,0.0012550838,0.5276298,0.55175394,0.73648316,0.20984544,0.34925348,0.96088636,0.8294205,0.65565133,0.28690034,0.09729051,car,0.4854116,False,0.4923189580440521,0.2843482792377472,0.9145277520505994,35.47429656982422,0.323278933763504,1.7085222005844116,5.888191659007905,0.0758416666666666,-2.0913477885831813,0.1160043329000473,0.4971391390951767,0.5257101097516584,1.3333333333333333,0.3875926706760072,0.16435535916865762,0.29632276392703655,0.5687937127441138,0.6983818387609545,0.607619899416235,0.39814837571151274,0.4776377535628515,0.8576538053267794,0.6249917892657622,0.9001171679352041,0.6058601161047275,0.6705883878460498,0.9827991579013097,0.2863742183915591,0.7536766962058371,0.6338653380330106,0.6745243905775521,0.9222366123758279,0.40718047251262174
img_0221,3,0,images/sub-06/ses-1/image_46.png,0.0,vehicle,vehicle,0.98723155,0.0027713964,0.002436237,0.00066453917,0.00024495475,0.0038610834,0.98723155,0.00035726468,0.0010775102,0.0013555357,0.377516,0.2587479,0.81369245,0.29575202,0.3200832,0.7456217,0.12405083,0.57430476,0.35346305,0.6877738,car,0.5027266,False,0.3645861148834228,0.3758974969387054,0.9999999899910512,27.377931594848633,0.3818854689598083,3.0629868507385254,5.022970110049912,0.09885,-2.3736295632514177,0.089871160686016,0.4396456989822029,0.4914008299416328,1.3333333333333333,0.2197478347104903,0.2707882022725856,0.28854789816076515,0.44980760879365145,0.8046063029177931,0.716817009357047,0.4307123696645997,0.469323474528065,0.8980840391093917,0.5962994156965937,0.9053805126379656,0.6324420674694614,0.6678503771856605,0.983860090870534,0.27554441602840263,0.8064525893433285,0.5795738908982688,0.685701936752513,0.9395260859446276,0.3160608520655687
img_0222,3,0,images/sub-06/ses-1/image_47.png,0.0,vehicle,vehicle,0.9416516,0.008849144,0.006251723,0.000778581,0.0016458211,0.036251158,0.9416516,0.0017843869,0.0023421124,0.00044553846,0.20934208,0.852393,0.8279252,0.82645124,0.06127257,0.95717335,0.26802814,0.1154311,0.3187286,0.4560194,car,0.8893398,False,0.4029344022274017,0.2973784804344177,0.98037570938591,14.899421691894531,0.1009216457605362,4.298547744750977,5.481557769019989,0.1166083333333333,-2.3972851755132454,0.0802291706204414,0.4766914060680151,0.4968565364949187,1.3333333333333333,0.32812136922883894,0.2571133269737933,0.27784441138692084,0.5266341883515026,0.7861994277254908,0.7058442223605427,0.4833705397168193,0.5326533349325254,0.8940213643393731,0.5675818144841029,0.929610362969385,0.43011135480144214,0.649933824834719,0.9887441044603114,0.3214654572395311,0.8201932247185583,0.5645136480836866,0.6896520977599694,0.944027541780148,0.28076042000358736
img_0223,3,0,images/sub-06/ses-1/image_48.png,0.0,vehicle,vehicle,0.99170107,0.00056982733,0.0009340316,0.00060303777,2.7087868e-05,0.002752381,0.99170107,0.00020311231,0.002667633,0.0005418003,0.17647442,0.78436685,0.9091844,0.1529161,0.12779649,0.9403998,0.3070645,0.15853684,0.095668785,0.44311652,car,0.9169885,False,0.5032528042793274,0.2125886976718902,0.9292013961622608,38.00442886352539,0.1770280748605728,3.2469546794891357,5.580953055585123,0.0637666666666666,-2.4498405351460613,0.0833562389016151,0.5237686078502709,0.4635681105184799,1.3333333333333333,0.3629535560600591,0.3132789719699228,0.35580803758733104,0.5513269123145619,0.7099752340372093,0.7473754583820467,0.5859119615899533,0.647762058541262,0.9093983059318785,0.4329212600396899,0.9589274544362355,0.4749040160783169,0.6691733727017668,0.9946535538039242,0.15699993045423186,0.8226228927277978,0.5987650598231203,0.6298929552207577,0.9448235052083228,0.4342912087923004
img_0224,3,2,images/sub-06/ses-1/image_49.png,0.6666666666666666,vehicle,vehicle,0.92092526,0.004295638,0.0020205071,0.0003342899,0.0001901128,0.06946958,0.92092526,0.0009089491,0.0013960665,0.0004595492,0.08971142,0.6545058,0.94585925,0.96943843,0.055782832,0.9451886,0.15444848,0.07246075,0.06238679,0.22886227,car,0.851328,False,0.4028360545635223,0.3108505606651306,0.9543828255615732,10.039752960205078,0.0815315768122673,3.984647035598755,5.5998736580330055,0.0947416666666666,-2.5111100489370264,0.0617955513298511,0.5411120020949605,0.4384875070982941,1.3333333333333333,0.3114954352730308,0.23407001559773744,0.27850824553764914,0.5148479746466867,0.7870673159048309,0.7914967254574392,0.6018125319764476,0.6670396855112092,0.925734206612859,0.3207896054582547,0.9977156165967689,0.6951707330709684,0.8192275352905749,1.0024720879064186,0.0273657772344768,0.777421781904551,0.5645136480836866,0.6490173869158644,0.930015543383348,0.37824306727962687
img_0225,3,0,images/sub-06/ses-1/image_51.png,0.0,food,food,0.9980274,0.00045221896,0.00025509833,1.8892712e-05,3.107411e-05,0.00086087233,0.00014154449,0.9980274,0.0001723486,4.0457453e-05,0.41225603,0.8625881,0.80433625,0.78173345,0.3583057,0.73114145,0.97689986,0.17703032,0.044715073,0.6597311,cooked meal,0.80051774,False,0.3628351986408233,0.2743368446826935,0.9368110948562138,80.31520080566406,0.5132404565811157,2.835940361022949,5.696091229724246,0.0814666666666666,-2.5840114180932843,0.0537855513393878,0.4590299574124532,0.5460797036681423,1.3333333333333333,0.3322159358154735,0.2623337489795209,0.2660723389964962,0.5295368485537473,0.8269802164037123,0.7552410523811961,0.5345520288005937,0.6148032296223478,0.9123105423857287,0.5569267755269678,0.8942501243977913,0.811105656226813,0.8296273500623601,0.9816165372917477,0.10844555386986898,0.8102230274669476,0.6233465785997964,0.680187096790639,0.9407612879735403,0.468623477446345
img_0226,3,0,images/sub-06/ses-1/image_52.png,0.0,food,food,0.9529803,0.008604787,0.007213579,0.001153375,0.00055131875,0.026036523,0.0016409061,0.9529803,0.0006194188,0.001199796,0.7495544,0.7508453,0.9900097,0.31937838,0.42039087,0.8749678,0.9441782,0.23734936,0.01177762,0.6783674,fast food,0.62215346,False,0.7111703157424927,0.2144329994916916,0.6709377241342743,67.52346801757812,0.3409419655799866,2.1609554290771484,5.510033779010858,0.0111666666666666,-2.520583483454975,0.0365977771580219,0.5058900740693953,0.4957306422345219,1.3333333333333333,0.3465526207588495,0.19799305645283372,0.2643970245312604,0.5397002013620994,0.8211221308899516,0.7943823509540713,0.3338355192286617,0.502779920765481,0.9268026095541191,0.5840585713339128,0.9441145107205411,0.48233275974857703,0.738364915595532,0.9916677071138913,0.3162574509135101,0.8211196847181612,0.5899709707896083,0.7075625261753252,0.9443310516730824,0.42366303001499506
img_0227,3,0,images/sub-06/ses-1/image_53.png,0.0,food,food,0.8795305,0.0308694,0.009914708,0.0008815864,0.008643046,0.056386083,0.0035522918,0.8795305,0.0038460826,0.0063764118,0.23346834,0.68076384,0.84526885,0.54542905,0.7875006,0.77710366,0.98007846,0.284764,0.038708966,0.6797653,fruit or vegetable,0.9655325,False,0.5246825218200684,0.2933270931243896,0.9999999892529792,94.03915405273438,0.5342853665351868,3.3913450241088867,5.762874121047522,0.045975,-2.989043557970683,0.0247886814177036,0.4958543356305162,0.5537907071570484,1.3333333333333333,0.22996658512008405,0.08633071670522918,0.19609130486490495,0.4570517357367619,0.8469617940606167,0.7884457055940771,0.3961630452141047,0.5587004647892373,0.9246045664015198,0.46183759250329,0.9206313150425565,0.6509547300843672,0.8017382122787401,0.9869341967845289,0.0899762694103016,0.7947884338062772,0.6680340277834581,0.7030807736464078,0.9357048884836046,0.30999336218358275
img_0228,3,0,images/sub-06/ses-1/image_54.png,0.0,food,food,0.9287442,0.017141538,0.006116493,0.00070403324,0.0003750392,0.041838128,0.0019269247,0.9287442,0.0022778288,0.0008757942,0.45723847,0.87668926,0.94746375,0.2770529,0.20313726,0.86825454,0.98999536,0.66616476,0.047974825,0.47592926,fast food,0.55978817,False,0.4160181879997253,0.1761246025562286,0.835003718220367,77.4230728149414,0.6179531812667847,1.6169441938400269,5.466570847478597,0.0075583333333333,-2.751538059202039,0.0258769635111093,0.493143515835012,0.5315719343884159,1.3333333333333333,0.30371417700611447,0.19799305645283372,0.2541409488323599,0.50933179894973,0.8301002861429252,0.708093006849066,0.3338355192286617,0.4951729531499131,0.8948539768750617,0.6023596675568091,1.0298366792706029,0.5773193901464301,0.6959771149614864,1.0089467340338718,0.2996026343053485,0.7805831129601555,0.5379551452834386,0.6448016203724397,0.9310512008867791,0.4856590643587981
img_0229,3,0,images/sub-06/ses-1/image_55.png,0.0,food,food,0.9597841,0.0027304399,0.001755911,0.0004775044,0.0006229506,0.031444572,0.0007241351,0.9597841,0.0020609929,0.00039941218,0.1431222,0.66211796,0.83486336,0.697388,0.58210456,0.8394709,0.98080796,0.07727019,0.07242563,0.3213281,fruit or vegetable,0.9425396,False,0.6473312377929688,0.307383269071579,0.8244056234059132,59.98115539550781,0.3302972018718719,3.0964295864105225,5.281707811449347,0.0792916666666666,-2.4759603248979793,0.0481650941073894,0.5538552046439276,0.5905816078366698,1.3333333333333333,0.28266884010267024,0.14755453038595367,0.22138674700541264,0.49441264680506625,0.8350717701583814,0.7981743177273819,0.5726162007375887,0.6718897189889279,0.9282065853848346,0.3679207908498294,0.9565562424590368,0.637799613342073,0.7739566402818666,0.9941755883455136,0.1527202022255345,0.773267982471472,0.6749402777619783,0.7059844334244384,0.9286547515286047,0.4078733221685323
img_0230,3,0,images/sub-06/ses-1/image_56.png,0.0,food,food,0.99262154,0.001083852,0.0010466294,0.0001346862,0.0004688554,0.0034926496,0.00032712473,0.99262154,0.00025945355,0.00056531356,0.2801226,0.5325282,0.8435876,0.94040996,0.5873233,0.76180893,0.989786,0.19633608,0.06686859,0.79069835,dessert or baked goods,0.7663952,False,0.7154838442802429,0.2446014285087585,0.8245153955040287,68.07898712158203,0.2496078461408615,2.97987699508667,5.34623948767473,0.0335666666666666,-2.6322589968939987,0.0221896339207887,0.474488221909229,0.4995962713459992,1.3333333333333333,0.2995281794420396,0.20005104480540192,0.24442014514637728,0.5063643228374609,0.8244206390273761,0.7974021050745543,0.5160215271120246,0.5938038673318583,0.927920673623061,0.5107025416991893,0.9519831011167308,0.7854577006423109,0.8295159772587681,0.9932537797433848,0.2139548045102814,0.7782412900528575,0.6693203959746763,0.7086532595204843,0.9302840156654305,0.3928887491914617
img_0231,3,0,images/sub-06/ses-1/image_57.png,0.0,food,food,0.97411555,0.0041481312,0.0021288134,0.00045575586,0.0002020999,0.01538868,0.0004228597,0.97411555,0.0014354959,0.0017025392,0.2788037,0.73797554,0.9603768,0.8272929,0.2980043,0.94909775,0.7710758,0.13316886,0.020186143,0.6236442,dessert or baked goods,0.9295655,False,0.7457090616226196,0.2438887655735016,0.7493517380247333,66.93205261230469,0.2835274636745453,1.964993238449097,5.159264258441575,0.0385583333333333,-2.646069799417577,0.0277994126081466,0.493859817300435,0.5041052548349648,1.3333333333333333,0.33032387197831103,0.20005104480540192,0.2819814857286672,0.528195554357149,0.7887564875051928,0.7030318031803897,0.5462188757756661,0.577983541515485,0.8929800660393549,0.5177794910397922,0.9345722596815395,0.7854577006423109,0.808153247855541,0.9897442745249941,0.20278741321745705,0.7731151400816698,0.6771962662079687,0.7335855915272791,0.9286046800982304,0.3756887947074881
img_0232,3,0,images/sub-06/ses-1/image_58.png,0.0,food,food,0.95343214,0.009425623,0.004451916,0.00046001506,0.0050206077,0.021566251,0.002201917,0.95343214,0.0023308662,0.0011107067,0.18844585,0.5192652,0.8555891,0.6983367,0.79374033,0.673516,0.9913901,0.053723082,0.06068935,0.5827466,fruit or vegetable,0.9721016,False,0.4558461904525757,0.2721202671527862,0.9441810473244476,107.44600677490234,0.6899880170822144,2.9617767333984375,5.923206798191233,0.064225,-2.045626004501489,0.0885330885648727,0.4580849189152459,0.4371085117738991,1.3333333333333333,0.24285488574630254,0.08633071670522918,0.1926222636720478,0.4661883211385976,0.8571138488417254,0.7919211878447705,0.3961630452141047,0.5300028778782028,0.9258913638266442,0.5552194364527149,0.9041922753046872,0.637799613342073,0.7549415187051217,0.9836205777408928,0.21749574074482386,0.8172128682004217,0.6680340277834581,0.6869780424789123,0.9430511718471619,0.4381470599812214
img_0233,3,0,images/sub-06/ses-1/image_59.png,0.0,food,food,0.92718995,0.007106116,0.0066066333,0.0014601168,0.0014262851,0.032584738,0.0013750765,0.92718995,0.018173363,0.0040778047,0.4427532,0.106238425,0.06381314,0.50723934,0.2546407,0.8142868,0.976144,0.2267572,0.04134176,0.38340905,dessert or baked goods,0.2555993,False,0.3299991488456726,0.2476423382759094,0.98356362872948,80.48613739013672,0.7333250045776367,3.090970516204834,5.719484468704241,0.0991666666666666,-2.705675364298573,0.0798362791538238,0.522301141734744,0.4889379932566264,1.3333333333333333,0.25999885904252595,0.21566955605787008,0.2464281849880094,0.47834177570879055,0.8352927564025941,0.6516516043949516,0.4925783637073623,0.5229601771092598,0.8739565456383266,0.6800281145251643,0.9268360654154874,0.48233275974857703,0.7158617033598267,0.9881848889979792,0.30452935344994875,0.7866454335224833,0.5562181697525965,0.6772677886452201,0.9330372275534409,0.41216948713221035
img_0234,8,1,images/sub-09/ses-1/image_14.png,0.125,face_person,face_person,0.8203537,0.8203537,0.03507361,0.014901522,0.0036736904,0.06699641,0.017901858,0.0051820185,0.03037899,0.005538274,0.37799078,0.99484575,0.88361865,0.633958,0.2294782,0.8927077,0.2630311,0.32354912,0.06975902,0.027137537,politician,0.9478767,False,0.247515395283699,0.2018789649009704,0.9717635193796932,36.2920036315918,0.3813082873821258,2.7351582050323486,5.299738582729644,0.0138583333333333,-3.5806992572595235,0.0207526832818985,0.5425301054686574,0.5607630065752475,1.3333333333333333,0.3913694921095444,0.2147958310824548,0.2643409588655158,0.5714711217040505,0.6517415858997303,0.44290913430539947,0.18220658906554021,0.22547478910970384,0.7966696387718809,0.6836190887024379,0.5232047761314276,0.30134940234809005,0.3544761347687544,0.9068248857309987,0.5413566178225316,0.3801700348244774,0.22738596799527966,0.23718383262878223,0.7998751862432576,0.7785799345492941
img_0235,6,0,images/sub-09/ses-1/image_31.png,0.0,landmark_place,landmark_place,0.9375624,0.005777184,0.0035774463,0.9375624,0.019869726,0.021356909,0.0050617787,0.0011861807,0.0028403974,0.002767945,0.6708657,0.33984387,0.98288214,0.085822344,0.0571099,0.62611794,0.9281083,0.22648074,0.13261895,0.27239558,famous monument,0.926315,False,0.5632816553115845,0.2134686708450317,0.8964137503750662,89.93836212158203,0.4964511394500732,2.0682437419891357,5.590433651977982,0.048,-2.185301215277994,0.109930083155632,0.5084258851322294,0.677200398369696,1.3333333333333333,0.19036766895597446,0.18299481125967076,0.1976983791843825,0.4289798517975004,0.891269024179552,0.674947368555711,0.42810313425459967,0.528539266810435,0.8825818031352933,0.5012742336524921,0.8852556195291396,0.42980868069000044,0.690626983447644,0.9798035139585062,0.22002865769987376,0.7917994085283596,0.6352215224883015,0.6734302495216415,0.9347256786499708,0.41528757679794565
img_0236,8,1,images/sub-09/ses-1/image_32.png,0.125,landmark_place,landmark_place,0.95138264,0.0033268146,0.001947128,0.95138264,0.020492325,0.008232375,0.0015933759,0.00077482284,0.008774105,0.003476405,0.31047872,0.3860245,0.44060555,0.0942193,0.10364739,0.6321587,0.9378063,0.33898684,0.010880408,0.33948323,skyline or city at night,0.7690128,False,0.407920628786087,0.1736637204885482,0.7895477953540939,67.3609619140625,0.3909037709236145,1.7973995208740234,5.2973060707035176,0.0220166666666666,-1.9409893338777413,0.1472345888614654,0.4195737982868586,0.6160814198282428,1.3333333333333333,0.26510028086100756,0.12965227733361717,0.20411597994951994,0.4819582009821524,0.8051382171675141,0.6841590494131966,0.26081759292439854,0.3777642271123874,0.885992428295619,0.6288167303371928,0.8140294936086546,0.2955689915410349,0.4845394116585336,0.9654464559418596,0.413703421267795,0.760445031312687,0.46007086361386873,0.5567598462322193,0.9244539306243283,0.49062296581016807
img_0237,9,0,images/sub-09/ses-1/image_33.png,0.0,landmark_place,landmark_place,0.71921784,0.0063670864,0.00533954,0.71921784,0.22997975,0.0131895,0.0038085224,0.00148255,0.017920945,0.0026942412,0.5232505,0.2968059,0.77404374,0.018540591,0.15830696,0.75695604,0.6981024,0.2286819,0.048346683,0.7181637,skyline or city at night,0.26294494,False,0.4757275283336639,0.2294930666685104,0.9129409169887028,42.28322219848633,0.3378962278366089,3.235975503921509,5.697204350716807,0.1053083333333333,-1.9477023608063275,0.13980033993721,0.5162353589815948,0.6568887492180612,1.3333333333333333,0.3008833077453721,0.1615995363931082,0.22979139778366303,0.5073249805558768,0.7744956892850181,0.7013158719978105,0.26081759292439854,0.3657350761877545,0.8923447424588669,0.6017044633620875,0.8035718522426195,0.43308629343691507,0.5631702972669276,0.9633385080243067,0.3458819597519526,0.7892635641088317,0.5427695319039333,0.5876851495920672,0.9338949316467547,0.5022422313657354
img_0238,8,0,images/sub-09/ses-1/image_35.png,0.0,landmark_place,landscape_nature,0.35094884,0.040651314,0.06512786,0.2737956,0.35094884,0.108727165,0.036167275,0.04740724,0.040212598,0.036962084,0.5262957,0.21203373,0.8816471,0.15037233,0.251592,0.674076,0.95659727,0.562108,0.066456325,0.7795333,casino or theme park,0.3514563,True,0.5886687636375427,0.2301219552755355,0.8012837155356746,54.20269012451172,0.3092560172080993,3.649723529815674,5.601912930803145,0.0261,-2.5446620798253696,0.0351851768791675,0.544688292029154,0.5867309528391151,1.3333333333333333,0.3051821353190337,0.20384724276953758,0.25554122597428314,0.5103724424667686,0.7563685415999676,0.6342514233207317,0.5045595843367616,0.570754854353584,0.8675141279857732,0.5198255484443901,0.917869899276407,0.47546800057647276,0.6617445056048069,0.9863775779055666,0.2519566499410335,0.7760432997220991,0.5228795843877494,0.6162490960961258,0.9295639502441002,0.33814488962405054
img_0239,7,0,images/sub-09/ses-1/image_37.png,0.0,landmark_place,landmark_place,0.9654575,0.0038905279,0.0012770346,0.9654575,0.004467196,0.015604005,0.0015621923,0.0006709314,0.0055464874,0.0015240321,0.41926754,0.33189577,0.9311296,0.0635207,0.033553302,0.7663548,0.45612207,0.32472372,0.03433768,0.27923846,bridge,0.9450665,False,0.4994365572929382,0.1671136617660522,0.702452552681428,72.36824035644531,0.3426384329795837,0.8887142539024353,5.332810487818094,0.0493333333333333,-2.5106514746750705,0.0991323292255401,0.5211346807723504,0.5853981920949747,1.3333333333333333,0.23036560680441565,0.05794164389909218,0.14402192606943057,0.45733460434774553,0.867110291551058,0.7402904187446273,0.3151075567598607,0.39056448365239826,0.9067750697578147,0.5254384017792705,0.955134443086957,0.08914033817441691,0.41999184421015706,0.993888996090085,0.3671151781641135,0.7984872913860572,0.5926583350857549,0.6565804172873686,0.9369166406029623,0.39534302368029195
img_0240,6,0,images/sub-09/ses-1/image_38.png,0.0,landmark_place,landmark_place,0.81795627,0.011110356,0.0046617785,0.81795627,0.114025734,0.025826441,0.006781308,0.0023082495,0.014235673,0.003094251,0.44187477,0.30020836,0.9503085,0.040349685,0.051473096,0.56297916,0.68384355,0.20764649,0.046737533,0.38915017,bridge,0.88135034,False,0.4931123554706573,0.2050257921218872,0.8087774481998093,55.32830047607422,0.3644173145294189,3.366175651550293,5.603337458308612,0.02065,-2.617286650494236,0.0498798787593841,0.5836868560562847,0.5621092334160004,1.3333333333333333,0.22123094989686742,0.023255131711261146,0.16209991357467574,0.45085899709953314,0.8650475793716215,0.7680004497195586,0.0845064822237861,0.3736540966899905,0.9170347096974355,0.39475549115006214,0.913654189052677,0.07930796170022847,0.4226117799398601,0.9855278167332263,0.32797689519021944,0.7799047735850095,0.5228795843877494,0.5666282601063243,0.9308289757381355,0.42931760584444123
img_0241,5,0,images/sub-09/ses-1/image_41.png,0.0,landscape_nature,landscape_nature,0.6161926,0.0043779886,0.0035550597,0.15620819,0.6161926,0.008454148,0.20261048,0.0011514587,0.004935909,0.0025141395,0.29984623,0.4737585,0.7802383,0.030151272,0.259193,0.42248604,0.9723531,0.3513332,0.04071477,0.25861987,mountain or canyon,0.5482226,False,0.4150047600269317,0.1286215931177139,0.8075207468045692,90.69872283935548,0.5689327120780945,2.436462163925171,4.880216998200057,0.0049,-1.9614850028379835,0.0757506191730499,0.5305184457405546,0.6281000935461727,1.3333333333333333,0.2678265519730141,0.14356057339250194,0.18592130979232632,0.4838908691876669,0.8283872810738573,0.7033467503375117,0.4836530154310088,0.5101964551298476,0.8930966752353174,0.5514439365316728,0.836660211366646,0.2804303461416777,0.46772565454128434,0.9700081322033561,0.3683456315778209,0.7703225727849938,0.49318910452527664,0.5614938395031146,0.9276898302379124,0.509501585921996
img_0242,6,0,images/sub-09/ses-1/image_43.png,0.0,landmark_place,landmark_place,0.6067011,0.0050565214,0.0056656282,0.6067011,0.25140092,0.033443965,0.012997155,0.0050517395,0.07757556,0.0021075178,0.22478381,0.12624346,0.7604923,0.063051686,0.5232828,0.5466252,0.77268517,0.24250612,0.0654201,0.20739807,famous monument,0.707368,False,0.5550767183303833,0.1529262810945511,0.7281779908679908,92.34589385986328,0.5114560127258301,1.903164625167847,5.196563011526784,0.0190416666666666,-2.227036905099176,0.0867156088352203,0.4807075721809958,0.6065610209202389,1.3333333333333333,0.22190820864262562,0.1294635168183954,0.1947947503766721,0.4513391094548558,0.8289912764619247,0.6263989806558585,0.5240967940832506,0.5971771579428499,0.8646067608138998,0.42130870676169035,0.8657396799712916,0.5247771950703555,0.6136523288925879,0.9758696838805628,0.17563668665089538,0.7770708806285485,0.5171302079048267,0.603306687301405,0.9299005875204338,0.37426702224006425
img_0243,7,1,images/sub-09/ses-1/image_44.png,0.14285714285714285,landmark_place,landmark_place,0.7664772,0.0074648084,0.008715801,0.7664772,0.07130518,0.08230627,0.012973135,0.0026986233,0.047304105,0.0007548448,0.17427984,0.17508224,0.972329,0.04445265,0.5368517,0.48425815,0.57083654,0.2832037,0.042715017,0.14105132,famous monument,0.9150059,False,0.4607244431972503,0.2723309397697449,0.8456032464057677,40.06971740722656,0.4245371222496032,2.7742855548858643,5.199258883420283,0.0309416666666666,-2.636373959722795,0.0347286164760589,0.4899482980240431,0.5724523648149031,1.3333333333333333,0.2602125217857043,0.24919279695662466,0.27314100711840605,0.4784932423727717,0.7842294290406172,0.7767018938759496,0.7072119510069454,0.7384887082838667,0.920256419701298,0.23293428286963522,0.9243876549345232,0.673126357430001,0.7602635620695833,0.9876913626286942,0.14000088987697126,0.7545640062666967,0.5035032266954828,0.586334985282344,0.9225272966813425,0.46463610082669454
img_0244,6,0,images/sub-09/ses-1/image_45.png,0.0,landscape_nature,landscape_nature,0.93556064,0.0076163826,0.0037143147,0.03774392,0.93556064,0.0036698866,0.006741784,0.00233497,0.0019957775,0.0006223069,0.51742136,0.2193068,0.79608047,0.029022468,0.5723162,0.15036015,0.93055016,0.5486338,0.048277665,0.4003839,mountain or canyon,0.86263376,False,0.37856125831604,0.2095869034528732,0.8684992833563648,60.13411712646485,0.4480978548526764,3.1349713802337646,5.54347417310445,0.0253416666666666,-2.131492520072147,0.0674303025007247,0.5039849973685626,0.430715684226216,1.3333333333333333,0.2473467564069013,0.14525617251791545,0.18032556275447084,0.46937263232862925,0.8533044307010664,0.7276678492066906,0.37753788640795927,0.45660499592304016,0.902101562944011,0.5990551709480025,0.8399579986057172,0.325736098663994,0.4277357344335259,0.9706728675389655,0.4026313094976755,0.7642572996505187,0.5832451660011196,0.6110811077026869,0.9257028363035257,0.5377792877767728
img_0245,6,1,images/sub-09/ses-1/image_46.png,0.16666666666666666,landscape_nature,landscape_nature,0.9284302,0.0037829794,0.0018118974,0.051455956,0.9284302,0.0022057046,0.0031176698,0.0009651811,0.007855571,0.00037485233,0.39286533,0.17478548,0.69384015,0.024447642,0.68305415,0.18742937,0.9640498,0.370668,0.03933349,0.11438938,mountain or canyon,0.79918104,False,0.3801024556159973,0.1978684663772583,0.8994974336877372,56.99481964111328,0.5353757739067078,1.5922083854675293,5.564209474736736,0.15695,-1.4492677294130334,0.3216343224048614,0.4848436746194223,0.5403914684776823,1.3333333333333333,0.29786160178577425,0.15178719706031563,0.20675167558817126,0.5051828770032225,0.8153422039186198,0.7556584199493294,0.39160882301968314,0.5073161827913986,0.9124650727424574,0.5020145554654418,0.8447512393964907,0.27089427345136463,0.43966556166097126,0.9716390416110708,0.37249259571285637,0.7919992974185585,0.6047155405641567,0.6602049897375184,0.9347911625949756,0.3362306819424655
img_0246,6,0,images/sub-09/ses-1/image_47.png,0.0,landscape_nature,landmark_place,0.6615607,0.03199835,0.008085607,0.6615607,0.21106228,0.03235085,0.010471558,0.008829178,0.0321459,0.0034955111,0.762022,0.2696237,0.91251254,0.032914095,0.31808203,0.36116034,0.8142232,0.6337327,0.075052634,0.42996827,waterfall or lake,0.97664076,True,0.4993525445461273,0.275636613368988,0.9397772646394216,28.462377548217773,0.2869340479373932,2.15878963470459,5.839351833085092,0.0192916666666666,-2.294312243839261,0.0338723696768283,0.4714188556637059,0.5313270377822646,1.3333333333333333,0.27042038629180387,0.2745480978754872,0.2823767841491119,0.4857296522405411,0.7609997356787607,0.7547081299128943,0.562907950473165,0.6479172111944924,0.9121132278231625,0.3880760406540931,0.9332497871241374,0.6680225839106243,0.762807686756083,0.9894777035864983,0.11084351044995289,0.7811198644213656,0.5770265690137393,0.6427890839565121,0.9312270415907424,0.4272712212162414
img_0247,6,1,images/sub-09/ses-1/image_48.png,0.16666666666666666,landmark_place,landmark_place,0.8776505,0.0074724774,0.007632164,0.8776505,0.013303992,0.034411576,0.011055134,0.007146695,0.040440314,0.0008872546,0.47683752,0.17990479,0.97956055,0.0876248,0.24812438,0.836215,0.6306379,0.14549886,0.11071767,0.37507585,temple or church,0.46907693,False,0.5182704329490662,0.2575900256633758,0.8037632492847184,39.41363906860352,0.2657538652420044,2.263124465942383,5.204243769736264,0.0266416666666666,-2.5864544597022907,0.0232210364192724,0.569487872205626,0.4631751191822743,1.3333333333333333,0.29733970106736973,0.11847222217995645,0.22473870559120387,0.5048128987862899,0.7856773776651157,0.6690671758325869,0.3219531436477088,0.5066531773299989,0.8804046615734737,0.5528786022300272,0.8692908393392078,0.27987329187447885,0.6010948902784568,0.9765854914639829,0.2689559179305316,0.782635368977541,0.4887705341268247,0.5928921924787403,0.9317235234958263,0.4697461484203151
img_0248,6,0,images/sub-09/ses-1/image_49.png,0.0,landmark_place,landmark_place,0.48290485,0.1337688,0.0055103037,0.48290485,0.3028138,0.007122421,0.00608109,0.0006841049,0.038907338,0.022207286,0.35504603,0.44671014,0.28542563,0.021676283,0.5093411,0.32021856,0.7249498,0.20159514,0.01979907,0.041599996,famous monument,0.9761185,False,0.4164104163646698,0.1771343648433685,0.8286449675686873,47.452293395996094,0.3368212878704071,2.10196590423584,5.3913032488015995,0.0490833333333333,-1.9714657365056507,0.2473508715629577,0.5151392169265241,0.5809498815818234,1.3333333333333333,0.2836705083827371,0.27099024469121424,0.2779739116124268,0.4951227348182618,0.7500689235538337,0.5788668569709012,0.5083423420690021,0.5340432155841573,0.8470079903536878,0.5041515423973457,0.7647919076222143,0.5524209735369437,0.6582217541081988,0.9555216303322778,0.23382023604923988,0.7494223892119714,0.6540870632590732,0.6789629458287356,0.9208428940709121,0.39644480194673454
img_0249,6,0,images/sub-09/ses-1/image_52.png,0.0,landmark_place,landmark_place,0.8948346,0.01690079,0.008770876,0.8948346,0.007923312,0.03523133,0.011403303,0.0053983876,0.017753243,0.0017841662,0.593457,0.3494308,0.9439281,0.20937681,0.09296596,0.7866635,0.8753768,0.62251765,0.06488478,0.43323714,stadium or arena,0.5636161,False,0.3015323579311371,0.1695557087659835,0.9711401741328488,97.26978302001952,0.6174805164337158,1.770251989364624,4.87444339653144,0.031825,-2.34263821631482,0.1153815314173698,0.5437831901217429,0.6169990587403882,1.3333333333333333,0.2907435455450893,0.23839074153313755,0.2778469845872835,0.5001368487777645,0.8155810897717233,0.7197219700052622,0.38735230452895253,0.4827887887404641,0.8991596008912032,0.5189429854547112,0.9742314253925988,0.6912234161093409,0.7544870965996295,0.9977383769087338,0.22438399337979928,0.7710093041491441,0.5884433997410011,0.6253116820072687,0.9279148046166203,0.48166362831871967
img_0250,6,0,images/sub-09/ses-1/image_53.png,0.0,landscape_nature,object,0.31346828,0.287827,0.02542176,0.14209875,0.0903307,0.31346828,0.05510652,0.010696342,0.06760103,0.007449611,0.3056803,0.3991834,0.9823698,0.1737072,0.12720427,0.79805183,0.30314118,0.456732,0.44487467,0.40951315,space or planet,0.9254954,True,0.0948337018489837,0.2068511843681335,0.999999986745335,12.442285537719728,0.0343525186181068,2.9450597763061523,1.5649715064389331,0.0151083333333333,-2.816865083939328,0.02791004255414,0.5003834265940511,0.6795159064309676,1.3333333333333333,0.2381558650214407,0.13117241243238387,0.2486573624936744,0.4628571601575791,0.759197627641596,0.744297974438525,0.6892401016810639,0.7210410575617555,0.908258867393933,0.1676890935170008,0.83728157150509,0.6800053479269843,0.7457096454004288,0.9701333798346373,0.11256215607014573,0.7890498608835151,0.6639604552777459,0.7637691172067582,0.9338249221017518,0.15660483656459875
img_0251,6,0,images/sub-09/ses-1/image_56.png,0.0,landmark_place,landmark_place,0.97006625,0.0026823608,0.001608087,0.97006625,0.0077192816,0.008180633,0.0014645822,0.00056982145,0.0064488645,0.0012601598,0.48369935,0.22883569,0.8836435,0.087401524,0.07356642,0.92808545,0.57423013,0.4623654,0.038422894,0.65820557,famous monument,0.37893143,False,0.4777204990386963,0.2082802206277847,0.7773559076873031,36.77439498901367,0.2114274352788925,2.33970046043396,5.306786251732887,0.0473,-2.831119491619557,0.0531843863427639,0.462584131638237,0.5346317233254406,1.3333333333333333,0.2687826661078381,0.2003523225575431,0.239239653919963,0.48456866362310635,0.8139437851903683,0.6314001064681813,0.5369175805691369,0.5553478596519694,0.8664584278211863,0.5476096631993146,0.8802797156303579,0.5989477468263917,0.7238878618517235,0.9788005204636779,0.34060855497806347,0.7796482693856026,0.6494277980217678,0.7037235447192529,0.9307449445202386,0.32607682580313213
img_0252,6,0,images/sub-09/ses-1/image_57.png,0.0,face_person,face_person,0.89288396,0.89288396,0.00817674,0.0013508932,0.0016051099,0.016402064,0.0028173134,0.0012558993,0.002587389,0.07292062,0.19202833,0.9887044,0.9822302,0.49880219,0.58142245,0.50499326,0.844927,0.13553615,0.28324553,0.33751094,painting or artwork,0.6520712,False,0.2745940685272217,0.2081780582666397,0.9077451489669468,77.07890319824219,0.7157305479049683,2.142487049102783,5.275561543794266,0.0029416666666666,-3.063687781402095,0.0201385002583265,0.5442827701250803,0.4630009190456308,1.3333333333333333,0.2148668006396025,0.2761954838664419,0.3080998239924466,0.4463474175759503,0.749921931057675,0.49552524878263093,0.3704590262340761,0.3972602547087344,0.8161507570011108,0.5959674416055268,0.6639220619212252,0.45304313800368545,0.5155243939230727,0.935189284466998,0.334601659694929,0.5857833733669917,0.3065933534213223,0.4286753951700762,0.8672344703933547,0.4612452090895341
img_0253,6,0,images/sub-09/ses-1/image_58.png,0.0,scene_with_people,scene_with_people,0.24646391,0.10850478,0.03314528,0.16271885,0.030054756,0.16686954,0.11405197,0.015361977,0.24646391,0.12282897,0.40360954,0.09533991,0.8952676,0.059703443,0.082853876,0.77012086,0.40544778,0.8729079,0.0916328,0.21034938,famous monument,0.3561654,False,0.6927015781402588,0.2831282019615173,0.999999989520275,12.189926147460938,0.1025787368416786,2.9309897422790527,5.209883856471054,0.0756333333333333,-2.3577557873740913,0.0670709386467933,0.4541615615269368,0.6886655181634161,1.3333333333333333,0.32667168766227195,0.29618594354315797,0.32825463326576704,0.5256065013179254,0.6713989595819061,0.6397118584504973,0.5348442210973612,0.5614688950778994,0.8695358542839404,0.3393289909452426,0.9094361942252953,0.6548848238675345,0.7163689537056953,0.984677595053077,0.22990564724032003,0.7457680516188847,0.7368160257414935,0.7416842084919819,0.9196457267759401,0.16449830985291916
img_0254,6,0,images/sub-10/ses-1/image_64.png,0.0,face_person,face_person,0.93326443,0.93326443,0.016491381,0.0014349477,0.0038366274,0.026348783,0.0011526588,0.0029122012,0.005894602,0.008664429,0.85862136,0.9629215,0.91431344,0.80539554,0.8611363,0.17081492,0.012247042,0.42854118,0.03986205,0.009934973,athlete,0.11940731,False,0.6836853623390198,0.3397575616836548,0.8819188043187853,0.0,0.0,-0.0,4.304836786059882,0.0288916666666666,-2.867490705723061,0.0169428829103708,0.3089220836507109,0.5046573692572587,1.3333333333333333,0.2901061814984911,0.16672223586089352,0.2502369680806325,0.4996850179885322,0.7640683794259238,0.49963738534158164,0.22121571892806646,0.2687630462835343,0.8176732757061803,0.6321005163310267,0.5827613046478625,0.38058928289568195,0.4369801589301775,0.918829701718535,0.38997951112305784,0.3854299228747241,0.30048806011050877,0.3148252457331468,0.8015983346357,0.7608933403817075
img_0255,2,0,images/sub-13/ses-1/image_1.png,0.0,face_person,face_person,0.52139556,0.52139556,0.21798603,0.06315493,0.015546959,0.030111304,0.03016695,0.020121485,0.04868084,0.052835893,0.9072776,0.684121,0.7754617,0.6508076,0.32658175,0.5356911,0.64789003,0.21842894,0.023487216,0.3896431,athlete,0.7773264,False,0.1858280897140503,0.175505444407463,0.9754773443753588,44.67221450805664,0.3351806104183197,2.762744665145874,4.910524835642157,0.0328416666666666,-2.0897068325597576,0.0851263478398323,0.5414591765968084,0.5587989200116258,1.3333333333333333,0.4071710194452115,0.22268864140926947,0.3177707514627956,0.5826729091366054,0.6321441233131707,0.7306421964788773,0.2156678112028957,0.5191292450851586,0.9032028151257802,0.25671332392254764,0.8877694531208304,0.17881034649321437,0.45050267840492086,0.9803102276713984,0.11400282051721447,0.6539559740056562,0.3723651685322691,0.48836711827275414,0.8895679318809292,0.2849746722064361
img_0256,2,0,images/sub-13/ses-1/image_18.png,0.0,object,object,0.98281,0.0035702004,0.003456742,0.001942673,0.0013942067,0.98281,0.0012713636,0.0031601277,0.0010721567,0.0013225739,0.100183725,0.82348734,0.99058795,0.12504679,0.076954454,0.9683375,0.21943909,0.03733298,0.038268864,0.75697327,phone or computer,0.70573896,False,0.6871575117111206,0.3578400909900665,0.8765730027395021,38.33885955810547,0.1526152789592743,3.5611605644226074,4.021409280849305,0.0731,-2.6592959957480815,0.0405111499130725,0.6138453502060586,0.5514197275639175,1.3333333333333333,0.2921742278466304,0.1629087128251132,0.25291432444581974,0.5011510671305185,0.7883421373793794,0.8100239607399102,0.2835673277326458,0.6064513919680286,0.9325939161255169,0.3341536076929006,0.8797282812625389,0.6800053479269843,0.742256965605997,0.9786893677776539,0.11718934783112683,0.7962149537079699,0.7516340423460799,0.7689002630617816,0.9361722188624846,0.27580236595297447
img_0257,1,0,images/sub-13/ses-1/image_31.png,0.0,face_person,face_person,0.8663591,0.8663591,0.03880061,0.009123901,0.00096815603,0.041352693,0.008023285,0.003223542,0.0101979375,0.021950731,0.65495855,0.9757923,0.900074,0.8116002,0.1511068,0.71152455,0.4272931,0.052513983,0.016011227,0.9532784,athlete,0.85872203,False,0.1814141124486923,0.3205941915512085,0.9920318624541667,37.04497528076172,0.3473745584487915,2.2467424869537354,3.0183072716314445,0.0484916666666666,-2.61859683496618,0.0400346107780933,0.4711434631645874,0.6107818110580024,1.3333333333333333,0.43590673633376575,0.28532613738351964,0.36000931614602144,0.6030438128770995,0.6234915666514085,0.47660855273498226,0.3283815390275685,0.4027207263643774,0.8091468496264964,0.5704604553585126,0.691560756520708,0.40114365121477835,0.5802566568713325,0.9407604191699037,0.3318507530610077,0.5468944276359721,0.4091788624746022,0.48465823700920724,0.8544943847337277,0.4871909137780407
img_0258,2,0,images/sub-13/ses-1/image_41.png,0.0,animal,animal,0.57281655,0.031427875,0.57281655,0.012701256,0.08795206,0.03602976,0.057885915,0.0093621565,0.10273012,0.089094274,0.551845,0.04227043,0.42675126,0.29976216,0.8689053,0.12524225,0.02623658,0.7272133,0.047470786,0.13210003,horse,0.9500839,False,0.6205107569694519,0.2510219216346741,0.983480005870965,40.08546447753906,0.1842917948961258,0.7952969670295715,5.184186033732691,0.0239916666666666,-2.831880033532205,0.0193363782018423,0.4417509272482355,0.5487166021815837,1.3333333333333333,0.19686019498998186,0.21370829114997814,0.23106478792088075,0.4335824383062818,0.8334769082210892,0.7136488132182581,0.5019455617494879,0.6449939792846697,0.8969110143779694,0.451776289936546,0.8813621663752701,0.6691865717723171,0.7448763778623271,0.9790187101790951,0.0994669427245475,0.7148496681057508,0.6578525669869151,0.6823452506462863,0.9095168110388311,0.34994630864772525
img_0259,3,0,images/sub-13/ses-1/image_42.png,0.0,animal,face_person,0.5313954,0.5313954,0.38346657,0.002232144,0.01905068,0.03941964,0.009824084,0.0070550665,0.0026257676,0.004930692,0.32958636,0.8989688,0.9599783,0.10156611,0.5322832,0.79501545,0.8059618,0.85868317,0.07722926,0.08540143,horse,0.94672275,True,0.4618971049785614,0.1704089194536209,0.8266649837107705,48.299415588378906,0.3413448333740234,1.8084022998809817,5.481466391208988,0.014325,-2.0690461631042956,0.2417107075452804,0.5202762840982325,0.4893750752843038,1.3333333333333333,0.21328591048284862,0.2180076955198741,0.23548047638279018,0.4452267160694445,0.8409389749951036,0.8025077063422006,0.6898321991723674,0.731378338692924,0.9298110226713432,0.32458208444814435,0.8348411629597317,0.4242487074401723,0.6510793116231898,0.9696414664163905,0.11513174544062418,0.8202579282874762,0.677021423876757,0.7403920734013156,0.9440487387808638,0.23400026482536831
img_0260,3,1,images/sub-13/ses-1/image_43.png,0.3333333333333333,animal,vehicle,0.7967211,0.004600653,0.045880187,0.0012380611,0.0013382549,0.04532604,0.7967211,0.011781411,0.086563244,0.0065510175,0.4262222,0.37314248,0.44183713,0.19909073,0.5554287,0.48109287,0.22685887,0.7494008,0.12865144,0.3811062,horse,0.9036747,True,0.556846559047699,0.3202561736106872,0.9625796244091412,19.945981979370117,0.1301886290311813,3.9931771755218506,5.640606966116822,0.0985583333333333,-2.6128240347928746,0.0605333782732486,0.482999062527809,0.5778514615710256,1.3333333333333333,0.36903926073875437,0.28160539697944287,0.31904488779006845,0.5556411009837909,0.6306744758970042,0.5382711333726944,0.47857485272026856,0.5623605703402152,0.8319774222686953,0.42542620628859673,0.9256383132277479,0.6531393371149135,0.7306188186447118,0.9879434579580804,0.11237654209299541,0.7654708640305623,0.6664907969641894,0.6973489175252819,0.9261004020864131,0.16267596382091531
img_0261,2,0,images/sub-13/ses-1/image_45.png,0.0,animal,animal,0.6740446,0.034983296,0.6740446,0.020593842,0.006708694,0.05425744,0.016446423,0.0310696,0.1544248,0.007471182,0.68514895,0.106222674,0.6648944,0.29112726,0.62919366,0.1511998,0.29870304,0.34989446,0.03898643,0.6454203,horse,0.77172166,False,0.5369542241096497,0.2740265130996704,0.8251884997574578,36.833839416503906,0.325935423374176,2.0237998962402344,5.561006298411032,0.044975,-2.520202875967143,0.0369538366794586,0.510663233271241,0.4968552194953148,1.3333333333333333,0.21599597776369917,0.18572960771233693,0.22508073094581307,0.4471478972921914,0.8120141631735955,0.7076699451449298,0.5774760675708266,0.6452962692161652,0.8946973382642786,0.3890797874534487,1.0569329301693637,0.6531393371149135,0.8024987395616252,1.0144085283005067,0.04477120560456202,0.8315796570035641,0.7087184737400232,0.7617670867056912,0.9477577566250517,0.2613928391291157
img_0262,2,0,images/sub-13/ses-1/image_46.png,0.0,animal,animal,0.5404971,0.06581946,0.5404971,0.011185418,0.011056349,0.06385369,0.07436716,0.06765191,0.1582092,0.007359695,0.27515823,0.16403306,0.7240517,0.1843464,0.69231504,0.45689908,0.43707484,0.55471075,0.22460836,0.23441519,horse,0.85506165,False,0.5918739438056946,0.2673333883285522,0.8781429671622399,46.48854064941406,0.2716131210327148,3.273223400115967,5.6319711920044035,0.106675,-2.423680554641437,0.0970823466777801,0.4324924143314764,0.5149535873989625,1.3333333333333333,0.4112417968193709,0.2798534124276494,0.3406447227786241,0.5855587050386041,0.6169706252824413,0.6626314759323444,0.36395110141849163,0.5736867526302156,0.8780218434598575,0.3935838013224046,0.868079030767675,0.7479599011343181,0.8291521202529808,0.9763412270772607,0.13171475231237156,0.7525756924575498,0.6999758866858725,0.7451459926353472,0.9218759216499399,0.24721470755242977
img_0263,2,0,images/sub-13/ses-1/image_47.png,0.0,face_person,cartoon_art,0.6611914,0.14491545,0.08618591,0.006478903,0.0012886157,0.037394967,0.006112087,0.0066813654,0.049751353,0.6611914,0.8041077,0.40247697,0.71185523,0.4695996,0.2544033,0.2569077,0.16677873,0.27145985,0.027493896,0.13359989,fictional movie character,0.27477455,True,0.1969555765390396,0.146504670381546,0.9672308571914242,8.328579902648926,0.1119235455989837,3.9598546028137207,4.953169127127207,0.05985,-2.084900156537446,0.2130304723978042,0.5039699573715444,0.4847581042036678,1.3333333333333333,0.25783950657150023,0.21337045769332197,0.2719475435131537,0.4768109991668423,0.7091076002493286,0.5661279046070793,0.4602010880301701,0.5662022991249299,0.8422913927945215,0.3160387042203192,0.7152194935134804,0.6548848238675345,0.6939479107692726,0.9455293133813479,0.21684273079064115,0.794347958060407,0.6333404388671934,0.6750057258646965,0.9355605878699497,0.09226955426469348
img_0264,2,0,images/sub-13/ses-1/image_48.png,0.0,face_person,face_person,0.8991468,0.8991468,0.019207641,0.0036596805,0.0012546749,0.054732617,0.0031328532,0.0037757289,0.011574343,0.0035155625,0.41433868,0.94846416,0.74536794,0.46544915,0.23593155,0.9027654,0.5445119,0.10887469,0.044709697,0.12567104,tv host,0.82269645,False,0.2516747415065765,0.1776059716939926,0.9092499840334264,70.0751953125,0.7916543483734131,1.9062761068344116,4.568208013443767,0.0142916666666666,-2.6855318608884375,0.0238200444728136,0.4915805748855536,0.5394887623614537,1.3333333333333333,0.3552992836145218,0.2795005188312524,0.31454299769434974,0.5459007575470897,0.7050577120017547,0.49500924028384286,0.32258010975109674,0.33214727217034545,0.81595970483635,0.6011593004314548,0.5554409368367588,0.35836554695971656,0.4292080353893695,0.9133227321812892,0.5119693322358099,0.48728914032062076,0.32360567957718156,0.35019669947120624,0.8349675898595093,0.603799908189557
img_0265,2,0,images/sub-13/ses-1/image_49.png,0.0,vehicle,vehicle,0.9880305,0.0018570117,0.0031306802,0.0007733193,0.00069738564,0.002736556,0.9880305,0.00035633513,0.00063066307,0.001787602,0.6987954,0.78298414,0.93062335,0.2717689,0.22286822,0.69512796,0.5166745,0.43425137,0.09706392,0.094678834,truck or off-road vehicle,0.98860687,False,0.2870541214942932,0.1972321420907974,0.9999999858427734,46.456268310546875,0.2847481966018677,3.057465076446533,5.325786854062343,0.0405166666666666,-2.4679225320031635,0.061889711767435,0.4932931163490833,0.5376475441426911,1.3333333333333333,0.33720804954025585,0.24342364266776062,0.26360561240765784,0.5330757847335383,0.7937948776719642,0.6554771401931967,0.35747341320972326,0.4240062773856373,0.8753729504017003,0.6957710152189911,0.8894440761781136,0.3351528001020341,0.4996606116209934,0.9806477816247927,0.47789024123077173,0.7671837577619423,0.559066269298368,0.6156955178768193,0.9266615490255602,0.5024460548416514
img_0266,1,0,images/sub-13/ses-1/image_51.png,0.0,scene_with_people,scene_with_people,0.5970014,0.17656079,0.056169447,0.007596562,0.007316391,0.035654813,0.0022873625,0.014777516,0.5970014,0.102635786,0.609949,0.15009668,0.6162062,0.107700765,0.7517208,0.041809548,0.5693313,0.43617257,0.18881603,0.18329133,fictional movie character,0.2664836,False,0.449031800031662,0.2407243102788925,0.8921614845707493,17.300880432128906,0.1248236000537872,2.860650539398194,5.725941530927026,0.0164916666666666,-2.612458991325634,0.0244379360228776,0.4763384077478074,0.5057342214788327,1.3333333333333333,0.2878161577409858,0.21337045769332197,0.2796238503439448,0.49806160787113374,0.7265684377571022,0.5570454473786159,0.5178547197591936,0.5811463412961292,0.8389286126873702,0.46029158965817485,0.8416311990110696,0.7244619463414604,0.7506872031319398,0.971010134728254,0.24805184434563424,0.6904349384194336,0.6159822575203258,0.6954436513453807,0.9015185035066159,0.29714591817960184
img_0267,2,0,images/sub-13/ses-1/image_52.png,0.0,animal,animal,0.8715123,0.044947226,0.8715123,0.004101742,0.020902444,0.03131831,0.010415138,0.0028875053,0.0031764132,0.010739029,0.4891703,0.40075666,0.96833885,0.073842876,0.90260106,0.345229,0.46788874,0.12336891,0.027732858,0.19060245,horse,0.2060508,False,0.606360673904419,0.1877229511737823,0.9089041492471528,51.884559631347656,0.2999259829521179,1.2860233783721924,4.799502674849294,0.0990416666666666,-2.102586954878166,0.1915039420127868,0.460627982270056,0.5903031640034418,1.3333333333333333,0.20506280244731911,0.08524036846311678,0.1496751198419763,0.4393973107029759,0.8720291795194209,0.9009466522403289,0.09955812141784626,0.6726550507392935,0.9662580458401103,0.19197714946305344,0.8444662547314448,0.35277477239732924,0.7018980891705731,0.9715815972208693,0.2051618943763782,0.7934205564489296,0.33596802541027904,0.6490342835734038,0.9352567695033418,0.27681187983526234
img_0268,2,0,images/sub-13/ses-1/image_53.png,0.0,vehicle,vehicle,0.88172555,0.0018407825,0.008389821,0.0021470252,0.00043933242,0.1009577,0.88172555,0.00079020206,0.0021213235,0.001588186,0.38695616,0.9821686,0.98787224,0.21324368,0.025734434,0.94846,0.85022664,0.08805363,0.023205837,0.26088896,truck or off-road vehicle,0.9677311,False,0.4727218747138977,0.229604572057724,0.9244685359482988,67.3299331665039,0.3778427541255951,1.9744067192077637,5.467469787568529,0.0883583333333333,-2.5475487405903623,0.074932686984539,0.5326855730217569,0.5566309515104837,1.3333333333333333,0.28035446178293466,0.21288518833451398,0.2772734012952129,0.49277197160794944,0.803238442705996,0.7094261070846675,0.5165614331832731,0.6155064254584907,0.8953475572840143,0.4379943424077831,0.9486475000021855,0.6449644547399074,0.7894208952024803,0.9925814222607473,0.16963507244396428,0.7908323234137953,0.4951246641931947,0.5970795173104249,0.9344088598993439,0.40082231622961917
img_0269,2,1,images/sub-13/ses-1/image_54.png,0.5,vehicle,vehicle,0.99497604,0.0007288057,0.0018883169,0.00034084378,0.0004259251,0.0012099666,0.99497604,9.2500966e-05,0.00018305397,0.00015468059,0.77805537,0.54191834,0.8236794,0.13250577,0.14368498,0.112140074,0.16650696,0.28099114,0.11086855,0.45350528,truck or off-road vehicle,0.9661596,False,0.4083187580108642,0.2570520937442779,0.976653687742384,24.573549270629883,0.1527808904647827,3.7134509086608887,5.827804656703791,0.09875,-2.3124160596069605,0.0833827704191207,0.5489136231266388,0.4263917225523256,1.3333333333333333,0.3589705213233615,0.24087625330093465,0.27394747587290424,0.5485033176386056,0.7573475543218793,0.7028770848040149,0.32208050715908665,0.3987091242010051,0.8929227815550794,0.6288830591797957,0.9496936252759177,0.3351528001020341,0.5031308964129992,0.9927922898469532,0.34584160576667256,0.7902675180805889,0.5308834186453326,0.5746193576768995,0.934223828698554,0.5080870476828194
img_0270,2,0,images/sub-13/ses-1/image_55.png,0.0,vehicle,vehicle,0.97032565,0.0015113993,0.0044600954,0.0024269568,0.0003562977,0.016469518,0.97032565,0.0014107983,0.0014204349,0.0016188216,0.6929384,0.8031642,0.9503838,0.24835931,0.15657257,0.96970356,0.587694,0.25022542,0.023950337,0.28146768,truck or off-road vehicle,0.885905,False,0.7475423812866211,0.3639531135559082,0.9646592315570214,30.238052368164062,0.1400003135204315,2.800999641418457,2.913485800272703,0.0744583333333333,-2.326500007585101,0.0355865098536014,0.5224348287248355,0.5459826335601009,1.3333333333333333,0.23813657119002296,0.21288518833451398,0.2817135993644067,0.46284348265706204,0.8150291788785458,0.7528981894067214,0.7316411398461385,0.7479498127847943,0.9114430972873191,0.32829571485505404,0.9224563223522317,0.556342782937034,0.6924575682858138,0.9873020637081781,0.20939350844128202,0.8203108228940925,0.4951246641931947,0.5427707058295368,0.9440660671451727,0.45865188349457936
img_0271,2,0,images/sub-13/ses-1/image_56.png,0.0,vehicle,vehicle,0.9710023,0.0028650505,0.0014926103,0.0003637664,0.0002211153,0.021391435,0.9710023,0.000462712,0.0009993254,0.0012016656,0.1754859,0.73576444,0.5834755,0.51875854,0.072372474,0.9726557,0.9971003,0.15598683,0.2310407,0.3022756,car,0.5606971,False,0.4652407765388489,0.2844530940055847,0.9929732389505248,105.50871276855467,0.4846567809581756,3.259280204772949,5.943224269473641,0.1286583333333333,-2.1298980925066178,0.10887111723423,0.5203785699087932,0.5150694070881922,1.3333333333333333,0.29513937992113437,0.07732830082636644,0.24516500313712966,0.5032530793308722,0.8100986540297359,0.6570482251767374,0.28688442660213376,0.46761110925984717,0.875954644671918,0.5058230719417047,0.9012071303566561,0.2158199025444264,0.5992225548480077,0.9830188617461912,0.34224909939137355,0.8062962962129928,0.40070470515052714,0.6204846275415907,0.9394748840457063,0.33644129756580393
img_0272,2,0,images/sub-13/ses-1/image_57.png,0.0,vehicle,vehicle,0.9530069,0.003648299,0.019110836,0.0014666424,0.003334192,0.016410684,0.9530069,0.00054801593,0.00087253586,0.0016018848,0.7746343,0.33855402,0.8979508,0.07559011,0.3813109,0.6596202,0.8924094,0.10757435,0.06480822,0.89444226,truck or off-road vehicle,0.9179177,False,0.3505163788795471,0.2650991678237915,0.9444827877671254,58.759735107421875,0.2852357923984527,2.8246374130249023,5.664079628606808,0.091575,-2.799626177202123,0.0695545896887779,0.5589843087751154,0.4137365782154159,1.3333333333333333,0.3046032169566609,0.12479475491366365,0.24191092550159105,0.5099620441363829,0.8106967869385591,0.7343087516440936,0.22138249110041053,0.38473648300977364,0.9045603573042029,0.5289068666230237,0.9286030625004301,0.1395488468824826,0.4989588511230916,0.9885410627942641,0.3294241679078761,0.8233953979657678,0.5118335881816685,0.5704830462124105,0.9450765792559537,0.4021895294633514
img_0273,2,0,images/sub-13/ses-1/image_58.png,0.0,animal,animal,0.38553837,0.064923115,0.38553837,0.010829976,0.022437556,0.056041036,0.00978739,0.10387535,0.33710542,0.0094617605,0.63126755,0.59318864,0.8515,0.09388614,0.57027435,0.29810885,0.6960528,0.1621573,0.012420812,0.25503114,farm animal,0.9483498,False,0.349850058555603,0.297540009021759,0.9938415545468304,57.33475112915039,0.5786360502243042,2.8079042434692383,5.615521188108177,0.0576666666666666,-2.959021021926904,0.0266761109232902,0.5051068909267175,0.4580293355653773,1.3333333333333333,0.22676179881979408,0.09143029426415505,0.20817669017714935,0.4547798455491861,0.8164471272504271,0.8207043125896301,0.3413797843963374,0.5889761848880607,0.9365483167721893,0.3257956699509471,0.8802503323298455,0.5018040173714793,0.7042607856873075,0.9787945976685696,0.20720114917726673,0.7387190197332948,0.7074508768134649,0.7235159837688545,0.9173364517788498,0.3897047893062072
img_0274,2,0,images/sub-13/ses-1/image_59.png,0.0,landmark_place,landmark_place,0.8139203,0.023629606,0.006455246,0.8139203,0.018306028,0.027674854,0.0044889012,0.0056088744,0.087258086,0.012658105,0.59839517,0.18393292,0.6345977,0.006419681,0.26152536,0.9884899,0.82362586,0.26082277,0.028179115,0.7327039,logo or sign,0.75420266,False,0.4445212185382843,0.2325984835624694,0.8280542551344856,50.62455368041992,0.3079828917980194,1.9091129302978516,5.23897611764355,0.0370083333333333,-2.4727690382804774,0.0461779609322547,0.4737176259271686,0.5873778730920304,1.3333333333333333,0.2932769929792549,0.3052377145240498,0.31360758065004213,0.5019328232444233,0.6947235623244259,0.654872848534524,0.5755397014738737,0.5972825970608155,0.8751492113938979,0.488881750134992,0.7754092521323604,0.6414607556776852,0.7443711491010975,0.9576617696301116,0.12852774502221662,0.7783676587077794,0.6395149302115452,0.6648501053946911,0.9303254142546217,0.4448429192866813
img_0275,2,0,images/sub-13/ses-1/image_62.png,0.0,vehicle,vehicle,0.9734441,0.0013588914,0.002393172,0.0015597875,0.00067553006,0.018444749,0.9734441,0.0009181698,0.00087430084,0.00033123503,0.38948664,0.7290954,0.9815964,0.59960514,0.2263705,0.9195969,0.27495894,0.09491976,0.027496548,0.4082855,car,0.9682521,False,0.413855105638504,0.1807863563299179,0.8326807238340006,14.852469444274902,0.1037284359335899,2.4159295558929443,5.232279725029242,0.0479416666666666,-2.6797581722985835,0.0695564374327659,0.5311077212432724,0.5629420207963252,1.3333333333333333,0.32823891687559437,0.25739999388883805,0.2936243061259197,0.5267175185084031,0.75846849109759,0.6896353516177047,0.32189592555602353,0.3832083225023971,0.8880200293787658,0.5951257532493412,0.9724826117580758,0.7861534193572798,0.8447139848588586,0.997385868352545,0.002204184208225466,0.7961726293267367,0.3879693498497164,0.5133144208356796,0.9361583533222322,0.504590957059619
img_0276,2,0,images/sub-13/ses-1/image_64.png,0.0,landmark_place,vehicle,0.2816834,0.028814541,0.075467214,0.19947538,0.16409618,0.11018283,0.2816834,0.016116822,0.1148306,0.009333058,0.6054765,0.102092244,0.5815556,0.096166305,0.08215162,0.8696095,0.60663956,0.08748964,0.012467388,0.40534344,casino or theme park,0.686108,True,0.479496031999588,0.1505390405654907,0.782728311091604,61.304569244384766,0.3752422630786896,1.5325158834457395,5.182643850721161,0.0540333333333333,-1.9303402039810351,0.22321817278862,0.5753595795007039,0.680901407588824,1.3333333333333333,0.27685257978825273,0.28649274578383155,0.3268830742311071,0.4902894686900336,0.728028109967805,0.6221856350908805,0.4945470163040331,0.5558710255733482,0.8630467694708016,0.493908183956712,0.8750617599601918,0.443607317194709,0.6503482340842117,0.9777487365667339,0.30502242744153,0.7939608456776909,0.6161360029638991,0.6728953967164283,0.9354337691860539,0.3866758398821757
img_0277,1,0,images/sub-14/ses-1/image_31.png,0.0,vehicle,object,0.288446,0.03340674,0.025239633,0.17712304,0.010580026,0.288446,0.27123415,0.022472326,0.13062973,0.040868383,0.6226225,0.20889258,0.65029943,0.51691365,0.10071905,0.61362875,0.09200241,0.58532757,0.049042735,0.2851176,airplane or spacecraft,0.28043884,True,0.125695526599884,0.2310458570718765,0.9999999886786984,10.317696571350098,0.0510085597634315,3.700389862060547,2.8878652517702745,0.05975,-2.2555189844751844,0.1004977077245712,0.5282034477465379,0.5080503369460587,1.3333333333333333,0.2419036821771946,0.11017083652570969,0.23488845821456392,0.4655140078295174,0.7224590684449477,0.6777427743782507,0.5364626653225185,0.6549730483282914,0.8836168022390591,0.3491200645584954,0.8390000900676516,0.40268788134347877,0.6136136862436828,0.970479781809847,0.1425033083491639,0.7989521800950279,0.5343764708516103,0.7069615166437574,0.9370689389454128,0.22846889863416264
img_0278,1,0,images/sub-14/ses-1/image_36.png,0.0,vehicle,landmark_place,0.40382496,0.012037775,0.011282654,0.40382496,0.06326923,0.20084457,0.096832246,0.01411022,0.15426421,0.043534134,0.73632985,0.2599878,0.6398292,0.22137007,0.11332347,0.2585961,0.14829901,0.18707377,0.030246345,0.48355407,airplane or spacecraft,0.3430393,True,0.4019607007503509,0.295274406671524,0.9999999894963176,22.10745620727539,0.1441449671983719,2.806731939315796,5.482609096926816,0.0421166666666666,-2.591705287931803,0.0490575842559337,0.4702989797169284,0.5457419654829572,1.3333333333333333,0.2578908248081777,0.11017083652570969,0.2530679254317082,0.47684737893991497,0.7110201088827673,0.7112919960643369,0.5364626653225185,0.6257609724028339,0.8960384027441307,0.30001244980512864,0.8202579321705414,0.40268788134347877,0.6663561756808735,0.9667019229861569,0.1194668196979987,0.7864708408614729,0.5343764708516103,0.6886147489031396,0.9329800306967246,0.24291240803064323
img_0279,1,0,images/sub-14/ses-1/image_38.png,0.0,vehicle,vehicle,0.93821245,0.0034514472,0.012156164,0.001230459,0.00021602592,0.038904324,0.93821245,0.0023064902,0.0024166554,0.0011059741,0.5245203,0.4750878,0.99856395,0.039254576,0.2352686,0.9078861,0.27443376,0.03779464,0.07135157,0.37917718,truck or off-road vehicle,0.6168329,False,0.5985785126686096,0.1807515621185302,0.8168164728905952,25.466411590576172,0.1257314831018448,3.1436636447906494,5.125198029954589,0.0423916666666666,-1.9412965913394185,0.0741726905107498,0.580148912844167,0.5666419836501695,1.3333333333333333,0.2906151305357976,0.2467154849778267,0.289306504949455,0.5000458146893069,0.757774819169472,0.6796962984885115,0.585283701288595,0.6601805447128484,0.8843400946093484,0.4376344153412512,1.0143113806415134,0.7494074703252229,0.8071195763992194,1.005817297885787,0.00612144449535139,0.8299749930358162,0.7034900867121152,0.7769306583272323,0.9472320659430408,0.22709213661460265
img_0280,1,0,images/sub-14/ses-1/image_44.png,0.0,face_person,face_person,0.8609987,0.8609987,0.017420754,0.003726999,0.008248767,0.06616781,0.016016183,0.0022192446,0.020535044,0.004666446,0.6139773,0.9899446,0.9742886,0.6061447,0.19420955,0.41177088,0.51574045,0.39500746,0.14587513,0.028909808,scientist,0.17872848,False,0.5804995894432068,0.3017986416816711,0.9826911541122584,27.94068717956543,0.1390999853610992,2.8533248901367188,5.377130044166006,0.0284333333333333,-3.2799803987895704,0.0150140784680843,0.5599594435392119,0.5448077931437881,1.3333333333333333,0.34003505747403817,0.31610636159596783,0.35978643960004364,0.5350798658120107,0.6991281950147941,0.36229990957359204,0.2151578325070993,0.24436196789275777,0.7668240704898212,0.7944431772784342,0.3752022590951116,0.3958124192866067,0.42599075677764253,0.8769920021333107,0.696289468762392,0.36357533794399144,0.18368956785326773,0.22468917151848533,0.7944387349386828,0.808099647458419
img_0281,1,0,images/sub-14/ses-1/image_51.png,0.0,cartoon_art,face_person,0.8225312,0.8225312,0.0429439,0.0034475522,0.0020870576,0.04989177,0.0047062626,0.01503335,0.038147483,0.021211265,0.5486107,0.9529849,0.97949666,0.86567366,0.5720417,0.33404058,0.5097544,0.6968318,0.055387534,0.038925517,fictional movie character,0.60925907,True,0.194325178861618,0.2261491864919662,0.9999999885408236,17.714109420776367,0.265995591878891,4.587978839874268,4.886461557800652,0.024175,-2.608943617322778,0.0270814765244722,0.4889752822039804,0.4805990484351113,1.3333333333333333,0.18675941021428832,0.03777174384048043,0.19294872463574225,0.4264219378333995,0.8600070036769717,0.57743911957299,0.23671683897439644,0.526423595604598,0.8464793705320733,0.47362855319333985,0.7544162378686816,0.11962491059552927,0.5707397047077502,0.9534302054416507,0.2916488917967214,0.7583711491033931,0.4681768581526561,0.678581701601958,0.9237745232375322,0.28318747212402895
img_0282,1,0,images/sub-15/ses-1/image_14.png,0.0,scene_with_people,scene_with_people,0.64189595,0.17274976,0.042851154,0.0031605,0.0023859937,0.040504623,0.0045842873,0.055512555,0.64189595,0.036355298,0.7352509,0.8014619,0.8258807,0.8588035,0.39931834,0.64903706,0.7988775,0.36712492,0.10411952,0.10776513,tv host,0.2730359,False,0.3885960876941681,0.2115653604269027,0.9019857982746112,73.48358917236328,0.4657745957374573,3.409221887588501,5.673172322725619,0.0326833333333333,-3.008184139076777,0.036741018295288,0.466244709041918,0.5241270991659335,1.3333333333333333,0.25435212073803204,0.2988139536973333,0.3283317548191736,0.47433877265531776,0.746765134884978,0.5298285128350123,0.4812360459997941,0.49845540445111736,0.8288515417187302,0.5515292554386285,0.7246207353841287,0.4413222546890998,0.6506248879558518,0.947424322736709,0.2071026143368697,0.6217085063260499,0.5345206811058802,0.5804889871350633,0.8790036058797611,0.49881578515238206
img_0283,1,0,images/sub-15/ses-1/image_35.png,0.0,face_person,face_person,0.80526674,0.80526674,0.064256184,0.00267693,0.004686595,0.05327137,0.028497363,0.016655594,0.013028192,0.011661102,0.68330973,0.9542549,0.87014294,0.7663363,0.81374514,0.67758197,0.21035032,0.33224773,0.116742566,0.9732573,athlete,0.14604601,False,0.3543512225151062,0.2681611180305481,0.903527511665175,37.77950668334961,0.4830804169178009,3.1668825149536133,5.527672447618032,0.0633916666666666,-2.7763234726538686,0.0538302846252918,0.4373773110779479,0.3928031270383071,1.3333333333333333,0.31046219482604176,0.27103026402386876,0.36104137481921744,0.5141155049551168,0.6977969005433874,0.4686904176616836,0.38782626202466386,0.4565263282365322,0.8062151598381011,0.5552172793084366,0.7422316650029305,0.5364342415298837,0.6021165814357625,0.9509741597522231,0.2565228248352036,0.541497171275765,0.46588574512300995,0.49607249958066946,0.8527262342461419,0.5263959289820698
img_0284,1,1,images/sub-15/ses-1/image_38.png,1.0,face_person,face_person,0.9497087,0.9497087,0.023483263,0.0009314163,0.0006440274,0.013244518,0.001063644,0.0036429544,0.005655042,0.0016264851,0.8065403,0.9926577,0.96671003,0.23815577,0.56541264,0.32825893,0.29270148,0.048212245,0.35151842,0.40375325,child,0.30776265,False,0.6249789595603943,0.2285240739583969,0.7600839725770243,32.659488677978516,0.2566171884536743,1.984461545944214,4.816417037911187,0.0538916666666666,-2.482019211290178,0.079837866127491,0.474995428700098,0.526050222067348,1.3333333333333333,0.31917880178436275,0.31540908398186895,0.3305673149657598,0.52029475435336,0.7477361463753859,0.4159423327205264,0.36384848030655925,0.40421960860714085,0.7866851795399777,0.6638200675999988,0.6002366086335255,0.4670309098448533,0.49609815174554883,0.9223522006602966,0.4151345995565987,0.4798416893715012,0.34226656381547094,0.408337049552402,0.8325277920903975,0.6371896064256717
img_0285,4,0,images/sub-15/ses-1/image_46.png,0.0,vehicle,vehicle,0.97581255,0.0030646236,0.0062072035,0.0029995588,0.004557957,0.005560452,0.97581255,0.0004064412,0.0003451304,0.0010460241,0.7079094,0.577601,0.96831113,0.035969477,0.3000769,0.72340107,0.8432515,0.23653242,0.072243124,0.8123559,car,0.79187274,False,0.4661263227462768,0.2747083306312561,0.8886028038801845,56.83332824707031,0.2978775799274444,2.259074449539185,5.693274666177377,0.0968333333333333,-2.6665323097496194,0.0707409158349037,0.5139263703888556,0.5000835691803642,1.3333333333333333,0.26940973545179236,0.15035948147095501,0.2214577646090757,0.48501319644244956,0.8224956215148621,0.6888900994888565,0.23065678477218876,0.2958220341727501,0.8877440997519407,0.6887721847901143,0.8906314198837321,0.3686551542616954,0.589178236235922,0.9808871146258082,0.34808006415373816,0.7905474875282132,0.3833894641461192,0.5347284299566331,0.9343155471722169,0.45171845500806146
img_0286,2,0,images/sub-15/ses-1/image_47.png,0.0,vehicle,vehicle,0.9185199,0.008495105,0.015243069,0.0016595873,0.0012509936,0.044045664,0.9185199,0.003681864,0.0015386778,0.0055652047,0.339757,0.8199156,0.9323851,0.6977622,0.1830613,0.5332508,0.023088232,0.08047327,0.06429821,0.21161626,car,0.9062933,False,0.3805892467498779,0.2829113900661468,0.9844357869843336,1.256587028503418,0.0022739216219633,2.7213003635406494,5.626875051838862,0.0614666666666666,-2.764707721889827,0.0372728072106838,0.5304246164506892,0.5045151487442358,1.3333333333333333,0.2770606448997961,0.24127167239576675,0.28756246916363376,0.4904369671629425,0.7800940332343352,0.7252556426378567,0.3351145965260137,0.368015087148209,0.9012084433773598,0.5539983895813214,0.8674959178214975,0.6116305572618228,0.7255444887337781,0.9762236889367213,0.04655793590481551,0.7613239673547144,0.5237009928068466,0.6218260070480077,0.9247418715868377,0.38487599449859866
img_0287,1,0,images/sub-15/ses-1/image_48.png,0.0,animal,animal,0.85949653,0.07938221,0.85949653,0.0060870224,0.00631955,0.021250578,0.0052432995,0.005326174,0.0086621195,0.008232505,0.69183135,0.9172115,0.9368501,0.114821754,0.76823807,0.5506168,0.52386236,0.4771592,0.012190227,0.34086987,wild mammal,0.6189946,False,0.3508219122886657,0.200248435139656,0.9834696871457111,37.66008758544922,0.3357080221176147,3.0513195991516113,5.541269073686393,0.0362583333333333,-2.698766884881796,0.0859880670905113,0.4756827468266904,0.5207829433767708,1.3333333333333333,0.20807274655027808,0.1982946275563896,0.2133554709980381,0.4415310762124093,0.8419997384600559,0.8625241765596641,0.8706707151686885,0.8788410553841548,0.9520321228727533,0.2135166791044084,0.9643945919337348,0.44053340094050963,0.7460885597146995,0.9957555653091437,0.1381766174550775,0.7862837181084252,0.6674960224003528,0.7513218493316393,0.9329187289602575,0.3164905111758062
img_0288,1,0,images/sub-15/ses-1/image_51.png,0.0,animal,animal,0.80448455,0.028234607,0.80448455,0.013153749,0.04307243,0.044972025,0.021753315,0.012721068,0.019835351,0.011772877,0.76951426,0.27103534,0.95840013,0.071925074,0.68640536,0.75760424,0.26705292,0.5511638,0.013149333,0.86240375,marine animal,0.9688511,False,0.548072874546051,0.2705618739128113,0.9938829988749076,22.664440155029297,0.2212688326835632,1.2519816160202026,4.9880667298764365,0.045675,-2.4395468533903877,0.049625676125288,0.4676958529686058,0.6692901196924969,1.3333333333333333,0.22837819044413943,0.1897041372247552,0.21989706597147834,0.45592571423637374,0.834059740000923,0.7975444145408406,0.7475329251226908,0.8049988697013181,0.927973363707941,0.2483986045445212,0.9897850965632466,0.8455916341756092,0.8624703267829021,1.0008735321131332,0.1230663721821258,0.7678256062862718,0.710524165008863,0.73997193529617,0.9268718197085719,0.24097754925350506
img_0289,1,0,images/sub-15/ses-1/image_52.png,0.0,scene_with_people,scene_with_people,0.5186672,0.2114919,0.084037304,0.018366948,0.007900957,0.026002327,0.08625068,0.025888013,0.5186672,0.021394724,0.8559841,0.24180745,0.37744114,0.34685752,0.37412858,0.32145998,0.12105541,0.46785265,0.010749897,0.08956045,couple,0.5407745,False,0.3528012633323669,0.2579241991043091,0.944213604084069,22.026836395263672,0.1906260848045349,3.764928817749023,5.4341893401454655,0.0800833333333333,-2.808912549999781,0.048251636326313,0.5466749926345496,0.4002580407145374,1.3333333333333333,0.37336500535923056,0.2956307249706325,0.367720021836201,0.5587076445334589,0.6694008939691609,0.49945612023400654,0.43996574677927935,0.486481454040326,0.8176061622937479,0.5026740614346654,0.7017428467743536,0.5352735282797353,0.5783891305583952,0.9428128242194991,0.24424540089419966,0.537189134574174,0.4488539825032849,0.48637154021307233,0.8513149139963541,0.5227711854814964
img_0290,1,0,images/sub-15/ses-1/image_53.png,0.0,face_person,face_person,0.42501453,0.42501453,0.15437019,0.0041995514,0.00293006,0.28415346,0.008030351,0.06883613,0.035300776,0.017164957,0.8990402,0.7637726,0.97826695,0.77368593,0.34274894,0.3101877,0.33029857,0.1889633,0.31408176,0.45791358,tv host,0.638606,False,0.7966954708099365,0.2944611608982086,0.9783237678388688,48.47629165649414,0.1765068620443344,2.217566967010498,3.6569931626624905,0.0290416666666666,-2.929930188804033,0.0329708456993103,0.3884739103322707,0.6708250411302704,1.3333333333333333,0.3264879332101588,0.279690518932701,0.3551220683540583,0.5254762368018044,0.7176720171852068,0.41603392943702955,0.2798211592372447,0.3291551270396003,0.7867190932274732,0.6525308822824423,0.586066025763667,0.572430147374863,0.6231519897395673,0.9194958347164381,0.42443574306474563,0.49309058028991526,0.38699523247410006,0.41778008697956237,0.8368681515941783,0.5876467256755527
img_0291,1,0,images/sub-15/ses-1/image_56.png,0.0,face_person,face_person,0.4758172,0.4758172,0.033157177,0.002903903,0.0015985813,0.08584928,0.005265555,0.044561896,0.33648527,0.014361173,0.64495796,0.8316817,0.8335136,0.7613369,0.6539134,0.5975859,0.7229184,0.6153886,0.02403757,0.30968875,couple,0.45472705,False,0.770949125289917,0.2471650093793869,0.9161788481690436,41.50193786621094,0.1614599376916885,3.091666460037231,4.779732998642569,0.0311,-2.6125041183298365,0.0461186952888965,0.5691071488107,0.6865237641188408,1.3333333333333333,0.3557084798055946,0.3676125619330953,0.384107060546692,0.5461908389204431,0.6708367381440745,0.34564194480507915,0.3277311335516109,0.37068051679684844,0.7606564584504684,0.7155329409936382,0.7042117696547426,0.6687833663472507,0.6894365533383001,0.9433104852753866,0.3177365309410589,0.4993930924268444,0.44374477555217906,0.4855147284923447,0.8389328654347301,0.5665505450276885
img_0292,2,1,images/sub-15/ses-1/image_57.png,0.5,vehicle,vehicle,0.97446775,0.0016880193,0.0012816178,0.00033412344,0.00015312145,0.019224517,0.97446775,0.00092095864,0.0013409406,0.0005890347,0.116569206,0.60916185,0.77989763,0.72449505,0.05218451,0.98162377,0.98596513,0.046963923,0.1532081,0.31702924,car,0.51543885,False,0.4039143919944763,0.2400588989257812,0.9233313332213472,89.69633483886719,0.3845305144786834,2.5671398639678955,5.661053662603645,0.089525,-2.326665468541736,0.098507635295391,0.4629657612464896,0.484872234681649,1.3333333333333333,0.28118128608494153,0.07732830082636644,0.21600004768932587,0.4933581117878448,0.8196091579139403,0.7323882061264291,0.28688442660213376,0.49221451247981796,0.9038492752589786,0.41957919906572727,0.9443944550073063,0.2158199025444264,0.586386381309482,0.9917241355144897,0.27433530833632025,0.8025780191952891,0.40070470515052714,0.6183788014476572,0.9382567700850084,0.29153873957816573
img_0293,2,0,images/sub-15/ses-1/image_58.png,0.0,scene_with_people,scene_with_people,0.513802,0.008781246,0.002147525,0.0010427088,0.0011464438,0.008147654,0.4558367,0.0013843372,0.513802,0.0077113817,0.8868612,0.39761534,0.90768176,0.68358827,0.19703011,0.5676291,0.7678592,0.7047725,0.10486985,0.36032373,car,0.5949957,False,0.4394319653511047,0.2562915086746216,0.9345062865097152,71.98981475830078,0.3499669730663299,3.0154662132263184,5.745015562875609,0.0586666666666666,-2.543870544911657,0.0474060773849487,0.4458392021869949,0.4698512556899883,1.3333333333333333,0.34607601134343724,0.2956307249706325,0.3874736552550614,0.5393623303926426,0.7110463729385419,0.5491866967186407,0.5372413972239843,0.6197458552440558,0.836018909980089,0.48701187557278514,0.8640873619256697,0.778797692797061,0.7901868354710428,0.9755366259508161,0.1664701420468939,0.7060025008774362,0.5345206811058802,0.5964585049371878,0.9066184638037744,0.4469298099984981
img_0294,2,0,images/sub-15/ses-1/image_59.png,0.0,vehicle,vehicle,0.9602118,0.002250804,0.014752051,0.00034233168,0.0012177919,0.018742621,0.9602118,0.00084127905,0.00065150147,0.0009898273,0.4216439,0.55951476,0.98707294,0.1701546,0.29656985,0.7635909,0.85428405,0.13064112,0.08741825,0.6177545,car,0.8416419,False,0.4509496390819549,0.2167790085077285,0.968573771835176,77.86591339111328,0.3492580950260162,2.6288468837738037,5.441829732027058,0.023225,-2.5957680775225755,0.0306888576596975,0.5162439186025523,0.5230876226520838,1.3333333333333333,0.30439493477919044,0.23444506027528234,0.2669091320190479,0.509814391784275,0.7962918259396956,0.7022224353532506,0.2889946521469956,0.3569919556551721,0.8926803975729902,0.6046735693343289,0.8879678621922711,0.6352328031375122,0.7002715024966564,0.9803502210096978,0.27471048341788695,0.7806552039166124,0.5020790854046517,0.5415053697400128,0.9310748180083872,0.47943664208396514
img_0295,1,0,images/sub-17/ses-1/image_37.png,0.0,object,object,0.84796935,0.018449582,0.0072866143,0.0011521778,0.0039425017,0.84796935,0.0023353605,0.046860736,0.054261617,0.017742045,0.58940065,0.7222149,0.5759277,0.3768739,0.24325071,0.58750963,0.18531372,0.02707838,0.008942221,0.016648447,clothing or bag,0.24786541,False,0.7372502684593201,0.3776370584964752,0.9465648758544314,7.636051654815674,0.0056702280417084,2.516945123672486,3.3881854647879823,0.2304666666666666,-2.0086588715627225,0.1039030402898788,0.4849379356405133,0.5589513269268225,1.3333333333333333,0.32380947092533485,0.09611579299515272,0.26708586224088177,0.5235774605301594,0.7773795571222089,0.7569066397299972,0.313657909097675,0.6707819654495968,0.912927226159996,0.39544181188840233,0.9748363465874035,0.07912927788852986,0.6535594801449752,0.9978603109403416,0.2520735145764284,0.8295092050211744,0.3312486430655096,0.710456349419331,0.9470794729865025,0.26236884759818235
img_0296,1,0,images/sub-17/ses-1/image_38.png,0.0,landscape_nature,landscape_nature,0.49988678,0.039163493,0.022878485,0.047294818,0.49988678,0.118860625,0.01646226,0.08912953,0.15789902,0.0084250355,0.03500096,0.112293236,0.67570275,0.020302473,0.6005028,0.46769074,0.99913675,0.18766215,0.2982338,0.54605085,flowers,0.807892,False,0.4746050834655761,0.2023082077503204,0.8792639399335547,98.73450469970705,0.5690140128135681,3.8297665119171143,5.6111937404452785,0.0476916666666666,-2.061092346105171,0.0980533808469772,0.5032485374923177,0.5854006690760588,1.3333333333333333,0.2590801420092873,0.1635195892296084,0.22474070722055747,0.47769049227913263,0.8144225114151088,0.6684487934166397,0.6320612003872086,0.6851968461751506,0.8801757054622971,0.37822295048780863,0.9341445428603481,0.44480220200150367,0.6990648114643813,0.9896580595984182,0.22964072005510533,0.7957175851528456,0.6266763461186635,0.716867684253861,0.9360092800664446,0.34006129204037117
img_0297,1,0,images/sub-17/ses-1/image_39.png,0.0,landmark_place,landmark_place,0.9046187,0.005222809,0.0034313549,0.9046187,0.011913769,0.03002196,0.008202962,0.005740807,0.030375618,0.00047200953,0.24049401,0.50674254,0.93043166,0.0227285,0.14218697,0.89324087,0.9510778,0.3515036,0.21067399,0.40246046,temple or church,0.81129557,False,0.5030357241630554,0.2398445308208465,0.9422929432984524,64.69336700439453,0.4296675324440002,3.2682154178619385,5.868593980589294,0.0620333333333333,-2.144868362370591,0.0971735119819641,0.5173297203843472,0.5408509700965768,1.3333333333333333,0.3477653086048722,0.11847222217995645,0.242807564852718,0.5405598822767744,0.747308752024926,0.6921385130632243,0.3219531436477088,0.5144684632387502,0.8889468249916973,0.5493118108543444,0.849209514627065,0.27987329187447885,0.5624132754827272,0.9725376966384549,0.3285285353401891,0.7592624302114535,0.4887705341268247,0.5466864663459983,0.9240665084649548,0.5255309076970291
img_0298,1,0,images/sub-17/ses-1/image_41.png,0.0,face_person,face_person,0.65903515,0.65903515,0.020235904,0.0015310497,0.014409194,0.22829227,0.0034822396,0.01775701,0.010850004,0.04440724,0.4527386,0.9393211,0.788982,0.62281156,0.5488681,0.8249897,0.8181473,0.16857445,0.05767141,0.018675704,clothing or bag,0.11096073,False,0.5347056984901428,0.2297538071870803,0.8518006139600591,28.285276412963867,0.2314243167638778,1.8380756378173828,5.682127483948828,0.0099666666666666,-2.59850528306178,0.0343441888689994,0.4998175347097773,0.5005210615995358,1.3333333333333333,0.2817170811125381,0.09908173940098342,0.23865607933608435,0.4937379397550443,0.6441335778480293,0.6348208438497736,0.3383253983030796,0.4994757660045973,0.8677249559566074,0.40084262381022784,0.7747527854195824,0.2154403223616228,0.4863808593759963,0.9575294455627901,0.20584283644332396,0.7138811647383445,0.3813871108195487,0.6301310379477887,0.9091995276661284,0.26886832030008273
img_0299,1,1,images/sub-18/ses-1/image_11.png,1.0,scene_with_people,scene_with_people,0.8669696,0.025813783,0.010720857,0.004692904,0.013546204,0.0114870025,0.032995492,0.002041928,0.8669696,0.031732243,0.76439565,0.40382072,0.41216502,0.044641804,0.2998947,0.27586484,0.6700237,0.21930124,0.089121915,0.30677238,fictional movie character,0.3443385,False,0.410292774438858,0.2304881364107132,0.8847178097628793,42.800907135009766,0.2855599820613861,2.7971463203430176,5.230651836203958,0.0792833333333333,-2.4260594643068045,0.0890466421842575,0.505546250646318,0.5685627490137981,1.3333333333333333,0.32934602266965984,0.30601337799203654,0.3454803638799732,0.5275023517404718,0.7181623465824598,0.6556364519398519,0.4985892921866032,0.5934403928773901,0.8754319355814829,0.4033505889042539,0.9069745610045921,0.5727357834503903,0.6980015631626553,0.9841814033746921,0.3002089300997291,0.6992473956415733,0.612327784795669,0.6580083620002027,0.9044054796838156,0.4512002562777495
img_0300,1,0,images/sub-18/ses-1/image_14.png,0.0,scene_with_people,scene_with_people,0.7103499,0.015947655,0.03067039,0.0700653,0.006465841,0.10212599,0.031762067,0.013668933,0.7103499,0.01894398,0.76394874,0.152092,0.7679041,0.9317668,0.08341579,0.9991398,0.7937268,0.38986224,0.042606506,0.17069449,stadium or arena,0.9461779,False,0.6211379766464233,0.3423318266868591,0.9898697429416652,28.639379501342773,0.1833995431661605,3.496309280395508,5.563263120297987,0.0868,-2.165564783343267,0.0623023211956024,0.4999931552465642,0.4478371621172521,1.3333333333333333,0.3741003551052924,0.28777065893790554,0.381247620911068,0.5592289379102944,0.6014931535464682,0.6958778300184226,0.6967435096536516,0.7201839925426607,0.8903313072254115,0.2890315319206365,0.9149430000854565,0.7266962430038999,0.8081715361117634,0.9857876025145106,0.08066640737352358,0.82433866616427,0.7248065385380114,0.7629011206364197,0.9453855955438221,0.16633355778325432
img_0301,1,0,images/sub-18/ses-1/image_32.png,0.0,vehicle,vehicle,0.96961516,0.0027597707,0.0022420522,0.0014230734,0.00037335616,0.0036333213,0.96961516,0.00057620875,0.017818667,0.0015583978,0.60050786,0.37606084,0.70323634,0.29345033,0.2206532,0.8622862,0.78846043,0.74747956,0.23057781,0.6256915,car,0.59266007,False,0.5950976014137268,0.2633318603038788,0.8809068654550374,12.684362411499023,0.0675398036837577,4.008452892303467,4.950245246209974,0.0932333333333333,-1.987739207819688,0.1040693148970604,0.4853713682626443,0.533758832273618,1.3333333333333333,0.2809404053062119,0.2646604374709909,0.3013348963554531,0.4931873501125587,0.7930760936594369,0.6364556813108739,0.44810898299546453,0.5268824663291859,0.8683302545838759,0.537133757152745,0.9089365551578137,0.6058601161047275,0.7083271825832521,0.984576882751425,0.24204808598246014,0.7813036592803276,0.7340434208499201,0.747145326300215,0.9312872531033705,0.35736265571465936
img_0302,1,0,images/sub-18/ses-1/image_33.png,0.0,object,object,0.9515617,0.01260101,0.0026708245,0.0047952174,0.0019158138,0.9515617,0.0044493647,0.0061475704,0.0065694666,0.00928908,0.4287243,0.9510249,0.5696446,0.46548378,0.13268127,0.9865702,0.7347111,0.029276593,0.06542546,0.14386553,watch or jewelry,0.98682016,False,0.3883488476276397,0.2874733507633209,0.9234104844863668,45.66130065917969,0.3829987347126007,3.048349142074585,5.6604376134054775,0.066275,-2.5206575475951296,0.0423445664346218,0.575849714985137,0.4740215358558108,1.3333333333333333,0.30686665416556314,0.19495049324981428,0.28537098260457994,0.5115666069069597,0.7501224350298719,0.7344197683847615,0.5195944901566971,0.662883438647978,0.9046014612563261,0.40289732671065465,0.9624080506598088,0.47482026563467183,0.7365246762081847,0.9953551379665971,0.19122072978119484,0.8330701931906388,0.7620615639043599,0.8219768281700368,0.9482460588493765,0.1849592523581844
img_0303,1,0,images/sub-18/ses-1/image_35.png,0.0,object,object,0.7546709,0.0481566,0.040796146,0.0126452185,0.0050375243,0.7546709,0.06831456,0.03581795,0.022864407,0.0116967885,0.7175256,0.31861556,0.9230012,0.10064185,0.5043973,0.9652857,0.4832116,0.6755444,0.12164274,0.19252066,athlete,0.89458716,False,0.6698926687240601,0.25666144490242,0.763470516569753,26.270553588867188,0.1144049167633056,2.916677474975586,5.31150031302835,0.0359916666666666,-2.946216112217343,0.0280137378722429,0.5383496646867669,0.456503439698354,1.3333333333333333,0.2866291545665409,0.28777065893790554,0.35508875683522206,0.4972201349578231,0.6773730122348508,0.7315035810556436,0.7176228035937007,0.7772006306716178,0.9035217427955166,0.2574518156491398,0.9267857212948863,0.7266962430038999,0.8001361139790971,0.988174741128066,0.03206456325498408,0.7784132359994393,0.6720967821100925,0.7372107986635665,0.9303403454539372,0.281822154180569
img_0304,1,0,images/sub-18/ses-1/image_38.png,0.0,landscape_nature,scene_with_people,0.3288977,0.12651171,0.039738122,0.07629497,0.25606912,0.059148,0.041580506,0.04884862,0.3288977,0.02291127,0.26024953,0.108999126,0.8235206,0.065456614,0.5356578,0.6762776,0.4618695,0.85962576,0.029794643,0.121137835,forest or field,0.24903078,True,0.1418195217847824,0.1583310961723327,0.951854451061921,75.66817474365234,0.8057739734649658,1.9633550643920896,4.362416905090312,0.0318833333333333,-2.173823458420721,0.0971517711877822,0.4414328748186978,0.6215428197777292,1.3333333333333333,0.2794835749971033,0.34053508372447483,0.3482219948416526,0.492154595297073,0.7444391769779432,0.7676361063463,0.6050917323931988,0.637491538956714,0.9168998115507175,0.4228581839335582,0.9278732603044453,0.7500935253898905,0.795993148991687,0.9883939564855464,0.1372314418410298,0.7928888618770666,0.5230921926046617,0.6186435988760527,0.9350825854450457,0.35896832079022
img_0305,1,0,images/sub-18/ses-1/image_42.png,0.0,face_person,face_person,0.96415085,0.96415085,0.008340552,0.0006746617,0.0011486742,0.00957103,0.0014113473,0.0023044767,0.009891058,0.0025073325,0.7349771,0.99708265,0.98972625,0.10196887,0.7682089,0.22418015,0.7256885,0.229099,0.058366273,0.95084506,tv host,0.22949155,False,0.4782112240791321,0.2425680756568908,0.8920576004552799,44.24088287353515,0.2934444546699524,2.417431592941284,5.710295921534673,0.0187833333333333,-3.0382189043134393,0.0192737616598606,0.4870774194633828,0.5604340043964217,1.3333333333333333,0.3422791987981879,0.24496510163181784,0.2770103292182847,0.5366707496264504,0.7405647538283178,0.37595648838197304,0.1265752304119856,0.24810216503478727,0.7718804192722462,0.7589045303106718,0.5088580831058467,0.40367377267534765,0.4830728987827227,0.9039330212437285,0.5239800581930767,0.38403886602602855,0.23827017435828035,0.2720505660034886,0.801142622014114,0.7739822601509663
img_0306,1,0,images/sub-18/ses-1/image_48.png,0.0,face_person,face_person,0.9465537,0.9465537,0.0074290386,0.0005431643,0.0013262038,0.018678276,0.0016742737,0.0032295007,0.017681167,0.0028846648,0.6659077,0.99518675,0.9953375,0.16270742,0.5781268,0.5817533,0.5488265,0.25428104,0.11914185,0.2950224,actor,0.75178313,False,0.3803655505180359,0.3149718642234802,0.999999988084335,49.1650505065918,0.2882550656795501,2.4114925861358643,4.9567218406866385,0.0112666666666666,-3.0773788204943533,0.0092224590480327,0.5124461792090791,0.5339274097107323,1.3333333333333333,0.36809632258748326,0.27121465010314083,0.2966903380515936,0.5549726470737223,0.7297524234636058,0.4008580490729098,0.18328108024585876,0.1907671479284518,0.7811002229907891,0.7693077673737587,0.4789776751665752,0.3809636258748976,0.39716078365999263,0.8979100241369631,0.5913460979522775,0.42108701799854487,0.2692831574840375,0.27453981658447024,0.8132796604652296,0.7467209692450757
img_0307,1,0,images/sub-18/ses-1/image_49.png,0.0,scene_with_people,scene_with_people,0.8566639,0.034244075,0.016948296,0.004727713,0.0022997346,0.0032651671,0.009118834,0.0040566972,0.8566639,0.06867563,0.897166,0.31540105,0.51269066,0.30726177,0.51265305,0.009217413,0.7518955,0.20032199,0.22915898,0.23726995,fictional movie character,0.43965474,False,0.4785188138484955,0.2269332855939865,0.9033658405364954,40.45462417602539,0.3708107769489288,1.6804404258728027,5.629531461311545,0.0350666666666666,-2.9792662346341117,0.0264887046068906,0.5393653973351672,0.5299728484402855,1.3333333333333333,0.30482994084723813,0.23044737931903603,0.2695605426617684,0.51012276991777,0.7107141929273578,0.49780354088720014,0.5219293631181064,0.561739997052061,0.8169942947326748,0.49191395263135235,0.805493496339128,0.6337920971098961,0.7142586953658697,0.9637258540356807,0.20089788771547495,0.7294139526260566,0.7355867669354345,0.754248703468417,0.9142880957541136,0.3510799818992195
img_0308,1,0,images/sub-18/ses-1/image_51.png,0.0,vehicle,vehicle,0.929188,0.00043996604,0.00068847433,0.00022988627,0.0001421826,0.06756856,0.929188,0.0004142735,0.0008255722,0.00050310907,0.20158717,0.76070064,0.67766035,0.37968424,0.046541285,0.9947472,0.34823135,0.18403888,0.06282658,0.53715235,truck or off-road vehicle,0.8623429,False,0.4000181555747986,0.2757195830345154,0.9982088537111984,21.67200088500977,0.2018365859985351,3.6536171436309814,5.878156212874254,0.1263583333333333,-2.33556162818997,0.0911543220281601,0.5684231938177331,0.5062451904905636,1.3333333333333333,0.30030577259933666,0.18512244917878018,0.25894613917761566,0.5069155627949673,0.7907033449007009,0.6987675364369573,0.4271911509403895,0.5471268502124028,0.8914012211281493,0.38130250264383264,0.9160449104130588,0.7073960296480888,0.7955451262489232,0.9860097147001456,0.15737603071365988,0.7766427274701366,0.618661762596631,0.7080497884578444,0.9297603238076724,0.24453757716072658
img_0309,1,1,images/sub-18/ses-1/image_52.png,1.0,cartoon_art,scene_with_people,0.4151484,0.027855942,0.015073974,0.08980251,0.005778795,0.04141453,0.087921575,0.0029888868,0.4151484,0.31401542,0.642849,0.8310432,0.042033315,0.2391237,0.05175759,0.81407213,0.94760895,0.5107115,0.026723787,0.041194,fictional movie character,0.32648313,True,0.3447390496730804,0.3129970729351043,0.993032280526538,27.866859436035156,0.2743699550628662,4.161326885223389,5.5365100355117685,0.079525,-2.1814046221675687,0.0772259011864662,0.4723820599805282,0.4966482625878749,1.3333333333333333,0.2992915705967081,0.257339944111574,0.2921178661207325,0.5061965895586606,0.7523335068359054,0.5658114481611372,0.4602010880301701,0.49390137120457867,0.8421742247843205,0.4906185596803204,0.7779583241439558,0.34194262274932397,0.5843708454305966,0.9581755863551703,0.36256295066131045,0.7732533245454343,0.5789010164587098,0.6274225932718807,0.9286499495667669,0.24640219165216298
img_0310,1,0,images/sub-18/ses-1/image_53.png,0.0,scene_with_people,scene_with_people,0.88402176,0.025352862,0.0068190894,0.003568961,7.594986e-05,0.029536095,0.037047338,0.008076367,0.88402176,0.0055015143,0.06946095,0.6455914,0.71852887,0.9593944,0.017486963,0.9894776,0.9597473,0.8084066,0.16718918,0.33908257,couple,0.22302479,False,0.3552248477935791,0.2255388796329498,0.9999999891579872,62.92792510986328,0.4243127703666687,2.517218589782715,5.570568511642158,0.0644333333333333,-2.4237429451029473,0.0804675593972206,0.453169929158768,0.4716843653207003,1.3333333333333333,0.34240538055547987,0.2990497758064299,0.3715756408714114,0.5367602005505939,0.6552756183478707,0.6041298061109343,0.5361421104350766,0.5505087832287565,0.8563615981581746,0.45246029940277277,0.8150255332372555,0.5946811097480307,0.6842093416000088,0.9656472277590813,0.23589388509884562,0.7998608349116179,0.7076406141118963,0.7406550340547071,0.937366615829699,0.1741242085762843
img_0311,1,0,images/sub-18/ses-1/image_56.png,0.0,cartoon_art,cartoon_art,0.33769062,0.20786627,0.04963761,0.007846175,0.003711491,0.17814504,0.039933886,0.011027061,0.16414182,0.33769062,0.07250127,0.1042208,0.87498033,0.72893,0.05171931,0.9189374,0.043898005,0.6207694,0.13082926,0.21023029,musician,0.13419162,False,0.1757911294698715,0.1490315794944763,0.9096580947773322,8.469644546508789,0.2140436619520187,2.277794122695923,4.596002625262388,0.0360166666666666,-2.302446877517004,0.0917793288826942,0.4895862038998523,0.4582094844039656,1.3333333333333333,0.22368152721901713,0.2903892967478646,0.29981664845961553,0.45259622449955766,0.7697649878471264,0.6247918883600985,0.4985892921866032,0.5362897124475737,0.864011734835071,0.4064224870843276,0.812864780999935,0.49951126818546365,0.5890319148905141,0.9652116846935289,0.28958139072786915,0.7327231879999273,0.6647663545369683,0.7043530282324382,0.9153722069671709,0.27401336989465974
img_0312,1,0,images/sub-18/ses-1/image_69.png,0.0,face_person,vehicle,0.450319,0.32205996,0.04953393,0.0059059947,0.031704012,0.04388555,0.450319,0.009126366,0.054546278,0.03291895,0.75327814,0.9062337,0.7171981,0.06622761,0.7567419,0.21859443,0.979123,0.5016527,0.13004915,0.5316435,car,0.18114877,True,0.603230357170105,0.2117420136928558,0.8114623027166799,57.4105224609375,0.3766175806522369,1.6740585565567017,5.602471511534613,0.0448666666666666,-2.5519567910538803,0.0632806196808815,0.5252275005948001,0.5306035755127824,1.3333333333333333,0.26992902503160054,0.2637700975182583,0.3229649821656372,0.48538132360923425,0.7222363854940709,0.5239993822633114,0.44693066431161144,0.49255087745662945,0.8266933059202647,0.4227030138296846,0.7108355627752595,0.7172593926914101,0.7286653606320213,0.9446456439814447,0.20077349504719497,0.5544068134120554,0.4976509932344033,0.5351027937613495,0.8569554552640899,0.4423078837419131
img_0313,1,0,images/sub-20/ses-1/image_15.png,0.0,cartoon_art,face_person,0.6869318,0.6869318,0.07872869,0.005563107,0.0022414094,0.031942964,0.006000646,0.024620365,0.030932141,0.13303882,0.7917849,0.84169716,0.9310186,0.82499075,0.25112364,0.48831576,0.5068927,0.40761614,0.059969664,0.17584302,cartoon character,0.5025233,True,0.4487867057323456,0.161248967051506,0.8702691836014576,65.79106140136719,0.4506581127643585,3.01910662651062,4.740868844255358,0.044375,-2.494725640691706,0.0956860557198524,0.5369247023732084,0.4881957369127934,1.3333333333333333,0.2584433510941979,0.16457330527621727,0.24824657555592253,0.4772390677858993,0.7827801012974183,0.7317521549817483,0.4557566975612074,0.5990436381170773,0.9036137773003687,0.4505344354655175,0.954830113130272,0.40683422056978025,0.6432212320239257,0.9938276522673252,0.42372957586877213,0.762966843130013,0.5573846898135792,0.646895084222108,0.9252800805228728,0.3246979780685887
img_0314,1,0,images/sub-20/ses-1/image_18.png,0.0,cartoon_art,cartoon_art,0.49946305,0.025828151,0.054602012,0.03021276,0.07631981,0.21242265,0.044023912,0.0034993088,0.053628296,0.49946305,0.5662298,0.608281,0.64858896,0.058403816,0.43021467,0.47402814,0.92538536,0.29786748,0.09201803,0.46580747,scientist,0.10811437,False,0.5451096892356873,0.2429342567920684,0.8672232291096644,51.446327209472656,0.2454177886247635,2.06729507446289,5.815869739472403,0.0666083333333333,-2.321662000743685,0.0786779373884201,0.5132533048691544,0.5981134919595248,1.3333333333333333,0.3367325203658257,0.25533089891225114,0.2814592451967224,0.5327386795527043,0.7201000303431524,0.5411345493374797,0.4645207404211755,0.5157947974312841,0.8330376021300111,0.5068869019807449,0.7399873119252947,0.34194262274932397,0.5634614562440772,0.950521765256116,0.42720541116650323,0.7210382305913663,0.6552743032339259,0.6947910457981517,0.9115441947771823,0.3713289319811989
img_0315,1,0,images/sub-20/ses-1/image_19.png,0.0,cartoon_art,cartoon_art,0.6713432,0.027766516,0.11810806,0.0026171824,0.021859381,0.013852859,0.010412701,0.0077472483,0.12629282,0.6713432,0.51512116,0.23445694,0.27505326,0.28634304,0.805386,0.5479361,0.018716577,0.88656324,0.08208909,0.34990013,fictional movie character,0.2745592,False,0.3909189701080322,0.1686782538890838,0.7027903147252185,10.60461711883545,0.1073298156261444,1.8988019227981567,5.169764137569206,0.009125,-2.4665665732747906,0.0596910864114761,0.5311841073500453,0.512930347916204,1.3333333333333333,0.29956596107803335,0.2673650719639028,0.3057068421729066,0.5063911064417459,0.7531473359675964,0.7212759572346754,0.6593102909206637,0.7083065753318453,0.8997349647173561,0.35558309221148116,0.8550711297775767,0.6299224780614121,0.7066798106248935,0.9737192230474737,0.29869207740154624,0.8167436022554371,0.7281454783710054,0.7521716576029785,0.9428974395146479,0.20638193499750665
img_0316,1,0,images/sub-20/ses-1/image_22.png,0.0,cartoon_art,face_person,0.33437157,0.33437157,0.3061853,0.006293398,0.005419198,0.010391467,0.004495493,0.013262932,0.03864354,0.28093714,0.9192996,0.83111817,0.7940071,0.6270716,0.5982091,0.34258872,0.9021302,0.32445398,0.028020866,0.3895651,fictional movie character,0.51897013,True,0.2811966836452484,0.1511905938386917,0.982005243831104,92.2115478515625,0.7709217667579651,2.585838794708252,4.824411625419069,0.0252916666666666,-2.6296149132666193,0.0626310184597969,0.5819324462189135,0.5674738198234276,1.3333333333333333,0.2786884003910607,0.2518942022552747,0.2755764741841879,0.49159089175630527,0.7560463747397886,0.6095514607456962,0.5351210984128489,0.6083489273149263,0.8583689659767076,0.5081513377958575,0.9122572069175614,0.5807993531438157,0.6727029203273098,0.9852462268909756,0.21516205703078464,0.710020225116318,0.6598508134923523,0.6820951074579756,0.9079346771903276,0.4028554883806081
img_0317,1,0,images/sub-20/ses-1/image_24.png,0.0,cartoon_art,face_person,0.41375995,0.41375995,0.013919881,0.009299153,0.00055183866,0.19402303,0.008780063,0.0044125444,0.02115314,0.3341004,0.4013587,0.8883398,0.85100776,0.694033,0.14912458,0.47846314,0.7364421,0.1658898,0.10963556,0.9301731,cartoon character,0.6359203,True,0.6769104599952698,0.1879445016384124,0.6836956662487539,46.15189743041992,0.2369972020387649,2.715684413909912,4.602132822201399,0.09575,-2.37184105038975,0.1356682926416397,0.5173013090921491,0.5260538658046646,1.3333333333333333,0.2323869708293098,0.31452068660310073,0.31712072448531226,0.45876756014054243,0.7702899610265319,0.7993189381757109,0.5303693740575739,0.717170878005003,0.9286303811459437,0.3290109756763541,0.8652728516075546,0.40683422056978025,0.6404235263147081,0.9757755852360644,0.39250834097023024,0.8124066400980506,0.5573846898135792,0.6877311637916483,0.9414766432356786,0.2810904044469222
img_0318,1,0,images/sub-20/ses-1/image_25.png,0.0,cartoon_art,cartoon_art,0.41890332,0.19549637,0.21436337,0.004869611,0.0013743623,0.07617891,0.005595627,0.027704442,0.055513952,0.41890332,0.85321546,0.6151253,0.91382307,0.78021604,0.49790862,0.2541165,0.59366816,0.114925705,0.15315938,0.58330905,cartoon character,0.9161889,False,0.6682532429695129,0.2120865434408188,0.9447417124618304,83.46651458740234,0.3634915649890899,2.782912492752075,5.106127956237259,0.0887083333333333,-1.6702159936485494,0.2045049518346786,0.4964579931894637,0.5396862473195964,1.3333333333333333,0.24989199658488004,0.16457330527621727,0.2745917608084575,0.47117696673459275,0.7846798748116223,0.7042178367744188,0.4557566975612074,0.6580275975348525,0.8934191950191109,0.3861364880715686,0.8980909912195645,0.4817972793133367,0.7084996053653307,0.9823907412384283,0.31600749881519574,0.795610955228168,0.5606434645477758,0.6962929616260707,0.9359743479193076,0.296108673588829
img_0319,1,1,images/sub-20/ses-1/image_37.png,1.0,face_person,face_person,0.69440293,0.69440293,0.08697938,0.0047807693,0.106565915,0.017294707,0.0014642421,0.004225497,0.016548997,0.067737415,0.5075893,0.95246327,0.64983475,0.18944345,0.868213,0.10746308,0.97929513,0.66696763,0.12058234,0.24924336,fictional movie character,0.14597538,False,0.4478912055492401,0.1690317094326019,0.7978983274895085,39.446388244628906,0.3486695289611816,1.7144222259521484,5.274840847454592,0.0183333333333333,-2.5399202127624165,0.0525871999561786,0.5356327908419999,0.6132405421251756,1.3333333333333333,0.3534386924001407,0.25533089891225114,0.301024181738364,0.5445817744614907,0.6221220103264224,0.4985420288122535,0.44693066431161144,0.4920376455504972,0.8172677199128076,0.46960260285714744,0.6751101541167956,0.6019862734087094,0.6741443957270524,0.9374444694384046,0.20588398990486484,0.5653139684153136,0.5342248328716588,0.58060520007352,0.860528658045298,0.3698553396406249
img_0320,1,0,images/sub-20/ses-1/image_41.png,0.0,vehicle,landmark_place,0.7504705,0.019215414,0.012058645,0.7504705,0.02550231,0.043224044,0.015756952,0.007452178,0.11461805,0.011701847,0.64994454,0.17712705,0.8426177,0.17443718,0.115021,0.3879258,0.9888868,0.43494684,0.02618308,0.75218755,boat or ship,0.8986126,True,0.3552412390708923,0.1675618141889572,0.9719027846651864,80.970947265625,0.5830637216567993,1.9144099950790403,4.57498713470892,0.0474583333333333,-2.30250964329677,0.1269938349723816,0.5045896328898126,0.620573831382845,1.3333333333333333,0.30622440960290065,0.3073420531070067,0.32654407078228925,0.5111113162937275,0.6511852573129561,0.7005347779657235,0.5687062109888473,0.5982467905705853,0.8920555423661111,0.255548952324132,1.0368346434466535,0.7385771876343766,0.7953886343416955,1.0103573144406475,-0.05485227087656655,0.7840431527278577,0.5667992868080072,0.6236114889014664,0.9321847158792174,0.16332933023091
img_0321,2,1,images/sub-20/ses-1/image_42.png,0.5,landmark_place,landmark_place,0.8291702,0.010162411,0.01292736,0.8291702,0.02447153,0.046009008,0.036218353,0.016779415,0.015758114,0.008503638,0.4367154,0.2997033,0.8135328,0.30031416,0.059172433,0.8534201,0.96412617,0.39717415,0.03246076,0.5997315,casino or theme park,0.8563767,False,0.3728782832622528,0.2476679533720016,0.8471680888641946,98.71597290039062,0.6167711019515991,2.5422985553741455,5.421915161444689,0.1907166666666666,-1.5209244430535684,0.2108803540468216,0.3777698142561555,0.6191652871667936,1.3333333333333333,0.27651608240742853,0.20384724276953758,0.25657430903824896,0.4900509238929686,0.7777370500385142,0.70886705791778,0.4945470163040331,0.611166120836048,0.8951405693103811,0.4474845969840411,0.9171214892711944,0.443607317194709,0.6281603914498015,0.9862267208187011,0.39001295809786074,0.7536703611224106,0.6694419808844196,0.7074700310719803,0.922234536991577,0.40057681286091357
img_0322,2,0,images/sub-20/ses-1/image_44.png,0.0,face_person,face_person,0.85125464,0.85125464,0.017924782,0.0016529113,0.001344474,0.049636263,0.004100823,0.014879509,0.048388973,0.010817549,0.4856721,0.99722457,0.94495934,0.5859487,0.4450207,0.83950925,0.1322057,0.1240902,0.024916423,0.043102514,scientist,0.34963223,False,0.4921182692050934,0.1907244771718979,0.8376888453597541,51.60081481933594,0.2189710289239883,3.0024099349975586,5.234760454271253,0.0149666666666666,-2.567010022035269,0.0380306281149387,0.5990682893234838,0.493247140811736,1.3333333333333333,0.3371236601183649,0.17522095905677937,0.316852666344226,0.5330159606199893,0.7020418869367336,0.42238994224849524,0.27079848938671147,0.29710067964461306,0.789072407193677,0.7172114596387411,0.560501716478289,0.4302513337896874,0.45252738728270653,0.9143428340888957,0.5440995673804917,0.3966534652424909,0.25174272904221484,0.2651651555344029,0.8052751864629211,0.7768536723842006
img_0323,1,0,images/sub-20/ses-1/image_45.png,0.0,animal,animal,0.45500317,0.07478286,0.45500317,0.07329491,0.14125349,0.05140001,0.0040525626,0.02352667,0.087827146,0.08885921,0.35792863,0.33847505,0.46612027,0.17404118,0.39770946,0.16978166,0.3695901,0.20892851,0.03731907,0.22475722,farm animal,0.1973251,False,0.3391744792461395,0.2308192551136016,0.997072059811719,29.873044967651367,0.325527936220169,3.5100443363189697,5.721745865216038,0.0969583333333333,-2.000429398636255,0.1471210569143295,0.4939143226710051,0.545982744752327,1.3333333333333333,0.3738338411487463,0.27215615913549973,0.33475996557072457,0.5590400047378472,0.5832754556200419,0.49986148013784293,0.5159591997451554,0.5577583345411106,0.8177562468123499,0.3539946191886992,0.9125593329548422,0.6873204946235483,0.7492990373707494,0.9853071264694591,-0.006814496167454357,0.7571513622625259,0.6788309293807469,0.7237021614962286,0.923374918965752,0.22077910116452293
img_0324,1,0,images/sub-20/ses-1/image_57.png,0.0,landmark_place,scene_with_people,0.42719045,0.057372775,0.03348868,0.18589738,0.030998025,0.18352006,0.0352689,0.018162457,0.42719045,0.028101284,0.6276901,0.45438844,0.84910226,0.9926872,0.056740757,0.6849119,0.8479825,0.21767837,0.025250144,0.19485928,casino or theme park,0.99718153,True,0.2922565340995788,0.206573948264122,0.9922316512924492,47.973907470703125,0.5588130950927734,2.834764242172241,5.540172620565416,0.135825,-1.821065790071944,0.2338190078735351,0.5173174280272969,0.4954225322247752,1.3333333333333333,0.2704925091590209,0.27143968366851823,0.297681106450747,0.4857807805277268,0.7327751648916502,0.7801390980424723,0.7032585067226463,0.7612830342538324,0.9215290446644168,0.21013914690295038,0.9520780374455262,0.8421883330105515,0.8576359349292406,0.9932729160695963,0.07243099471908726,0.8162938522290233,0.6337147832263874,0.7078731917962338,0.9427501006306996,0.22230061873575246
img_0325,1,1,images/sub-20/ses-1/image_64.png,1.0,landmark_place,landmark_place,0.7487006,0.020910358,0.011548787,0.7487006,0.015562691,0.044076823,0.04252853,0.03884746,0.057326492,0.020498212,0.55981797,0.23949973,0.5710767,0.112200856,0.11650538,0.98902684,0.97717196,0.6914306,0.06609997,0.8380677,casino or theme park,0.46144903,False,0.2046341598033905,0.2810045778751373,0.9924566977090876,46.17008972167969,0.4402889907360077,3.708036184310913,4.5273291516258665,0.0826916666666666,-2.515279551059926,0.0588362663984298,0.6339975982172764,0.54570152084997,1.3333333333333333,0.25347085845431994,0.1679921107476836,0.2355405948774732,0.47371404109837595,0.79148344497394,0.6358525218620212,0.5269742905404797,0.6570237694949675,0.8681069347767992,0.39400590475005554,0.908872056679971,0.6414607556776852,0.7898745523185212,0.9845638817861693,0.16099623677992078,0.7950157229490763,0.7000871670229206,0.7576023812545865,0.9357793487985946,0.1982482750871672
img_0326,2,1,images/sub-20/ses-1/image_65.png,0.5,face_person,face_person,0.90339375,0.90339375,0.021349736,0.0013052467,0.0007231227,0.019206088,0.0026250142,0.0060872044,0.03875121,0.0065585785,0.72311175,0.9252921,0.96488756,0.5768842,0.92259496,0.22328408,0.9133476,0.09181712,0.120982975,0.6894731,actor,0.12524833,False,0.2380518615245819,0.2403473556041717,0.9839670538065118,32.857948303222656,0.2547363042831421,2.4159538745880127,5.085932470803079,0.040975,-3.410264417275332,0.016565216705203,0.5838071345935237,0.4781226211150073,1.3333333333333333,0.33147104929605553,0.21288441593004837,0.2661511983146211,0.5290087945071575,0.7246552714008161,0.49947125272397175,0.29311992934254016,0.36020952744762946,0.817611765098688,0.5815396873939029,0.578268268650983,0.31623861681393994,0.4023011035088951,0.917924039959673,0.4428622604093144,0.4213506855759156,0.3584355621053261,0.37409405650723626,0.8133660384180956,0.6894654879365449
img_0327,2,0,images/sub-20/ses-1/image_66.png,0.0,landmark_place,landmark_place,0.9210771,0.009810959,0.0043487228,0.9210771,0.018072324,0.016557168,0.0075986497,0.0031532058,0.015046776,0.004335199,0.5381865,0.20952527,0.7962891,0.23319913,0.07188879,0.8557005,0.87357336,0.36200038,0.05509607,0.37727445,casino or theme park,0.672615,False,0.1171117722988128,0.1994362324476242,0.9832185985435408,39.202762603759766,0.5840891003608704,3.3181557655334473,3.7162225713102623,0.0588166666666666,-2.445287163257261,0.1105876788496971,0.4089656019340853,0.6455643573227058,1.3333333333333333,0.23101080974771848,0.09957426748223397,0.1923439159030727,0.45779199217287214,0.8488922125160809,0.6646430407146533,0.42810313425459967,0.4651586514344913,0.8787666253910063,0.6622282845684829,0.8573824740280036,0.32624943920979654,0.5995514817351884,0.9741851209616305,0.3509442810728796,0.7844560771447953,0.5704418257702617,0.6034717892439249,0.9323199906300201,0.4056893465220707
img_0328,2,1,images/sub-20/ses-1/image_68.png,0.5,food,food,0.9299476,0.024642458,0.009921894,0.0024236997,0.00046382836,0.026282394,0.001490856,0.9299476,0.0021232099,0.002704137,0.6146497,0.47345084,0.9718417,0.7790978,0.13322699,0.44559738,0.44966638,0.31404683,0.059847195,0.8622672,cooked meal,0.38344446,False,0.447498619556427,0.2634012103080749,0.9124149166137036,80.78623962402344,0.67548006772995,2.399068832397461,5.853360150930339,0.1056916666666666,-2.6377182950277747,0.0762775763869285,0.4783061109773055,0.4708684450591548,1.3333333333333333,0.24545009302083343,0.24036406495650686,0.2667552445271505,0.4680280774871561,0.8285873893272514,0.9047946164289657,0.7307818035189275,0.7750715493905859,0.9676827547158127,0.2647033668528135,1.0063280710157312,0.7807953866755876,0.8103681069987434,1.0042081012885982,0.27376375816227466,0.8381144032416834,0.719134833543609,0.7536990003011721,0.9498985507574872,0.3453021018908924
img_0329,1,0,images/sub-21/ses-1/image_5.png,0.0,object,object,0.77069414,0.06560396,0.051983885,0.011091487,0.0036628617,0.77069414,0.032017853,0.0436143,0.014130489,0.007201046,0.793635,0.74359703,0.9952732,0.44089612,0.23746194,0.96309525,0.62915003,0.151333,0.27569,0.14303099,toy or ball,0.90251315,False,0.5180439949035645,0.2531751990318298,0.9445008214255464,49.69436264038086,0.4407047629356384,2.534118175506592,5.78071670743523,0.0375583333333333,-2.9791643074902523,0.0406891368329525,0.494434945379437,0.6177856864831366,1.3333333333333333,0.31218861847410573,0.2805789680943771,0.3508008360353074,0.5153393759337469,0.6733820719188395,0.842144375871931,0.8168545330176211,0.8476461835107948,0.94448650095387,0.13802028054029525,1.0388561341529738,0.6246113878851083,0.8161620715857965,1.0107647865441165,0.09691157005315815,0.7954992879517656,0.6371945734882338,0.6746922602206018,0.9359377655270621,0.30541660729058945
img_0330,1,0,images/sub-21/ses-1/image_15.png,0.0,face_person,face_person,0.596733,0.596733,0.221804,0.018026372,0.013138763,0.039049305,0.021528825,0.013041466,0.01437174,0.06230654,0.77311033,0.8797405,0.93632877,0.41824758,0.26566532,0.37495697,0.9530903,0.41995966,0.1537992,0.43565482,athlete,0.5585941,False,0.2122670412063598,0.1669663339853286,0.912196763120998,75.8993911743164,0.5760154724121094,3.294309139251709,4.898886789705674,0.049375,-2.398866173914467,0.1263233125209808,0.4903519720760863,0.5705114565208076,1.3333333333333333,0.3644529123560778,0.2678779416342004,0.35416971381793344,0.5523898140301291,0.6493947834682944,0.5390093696754814,0.508722835115563,0.5266994443468622,0.8322507542856752,0.41920868946410317,0.6762158079926612,0.3793544300221352,0.5177758102831598,0.9376673362114741,0.36176770035887074,0.5395912311117704,0.38106234998602084,0.46548422021315083,0.8521018449628901,0.4624574552070786
img_0331,1,0,images/sub-21/ses-1/image_18.png,0.0,face_person,face_person,0.8446269,0.8446269,0.06841428,0.003763191,0.006756602,0.040286932,0.00469795,0.010449949,0.015630513,0.0053736353,0.8140049,0.94595915,0.98721874,0.08430402,0.2796663,0.7584285,0.94370466,0.8498519,0.08540649,0.2457038,athlete,0.67656064,False,0.3363366425037384,0.2547649443149566,0.9676904213183158,55.17195892333984,0.4720059335231781,2.846780300140381,5.3465439515448345,0.0200916666666666,-2.8533662654437513,0.0267817229032516,0.4865764194323569,0.564700901323666,1.3333333333333333,0.38580218387719545,0.2678779416342004,0.37717431808264584,0.5675244270545075,0.6695473818873583,0.37910779240643167,0.22772321282026042,0.3158415818648754,0.7730471896977453,0.7145892131813676,0.5630362466547209,0.3793544300221352,0.48364235629446145,0.914853719614645,0.4795976305069909,0.41145532662128215,0.3181751246969664,0.3552481814163374,0.8101243017665868,0.6789536427555999
img_0332,1,0,images/sub-21/ses-1/image_19.png,0.0,cartoon_art,face_person,0.33936018,0.33936018,0.0596225,0.0061981473,0.03741485,0.2806941,0.0270437,0.02398065,0.055061817,0.17062408,0.20084958,0.2762445,0.65444976,0.70372885,0.6677273,0.65033764,0.99809414,0.22223724,0.4227094,0.51603675,painting or artwork,0.22095335,True,0.6345841884613037,0.1323447376489639,0.4600294249237164,102.99559020996094,0.4437776505947113,3.875379085540771,5.066825556230103,0.000475,-2.50042430787995,0.0449067130684852,0.4871290152450667,0.4688177608900433,1.3333333333333333,0.16675621691455345,0.2222421336382857,0.24244678075848736,0.41224156687582975,0.8007326449304336,0.7624365756910796,0.7385956982852326,0.7604092785835622,0.9149746851433943,0.31414332043132515,0.8836487200678981,0.7419970008693271,0.7640020386596219,0.9794796110577964,0.17066384058471756,0.828287876447368,0.6744233221517826,0.7383844152346978,0.9466793636403537,0.16539276089154148
img_0333,1,0,images/sub-21/ses-1/image_22.png,0.0,face_person,face_person,0.5957114,0.5957114,0.066726275,0.0044816253,0.0010321499,0.1871224,0.015768522,0.039872892,0.084095456,0.005189266,0.33790216,0.9325907,0.94227386,0.6955449,0.43125525,0.73533624,0.6265849,0.6522726,0.019515354,0.83846956,athlete,0.9958127,False,0.4892677068710327,0.2333829700946808,0.9500820776833696,95.3287124633789,0.5627065896987915,1.3379520177841189,5.35477398200032,0.041725,-2.849778333668199,0.0510031133890152,0.4965024347644569,0.4967058608446731,1.3333333333333333,0.3567512710483447,0.3332988319823762,0.3933164959327449,0.5469300792223252,0.6528346109226926,0.6211013691156031,0.5902405269702671,0.6059057412758716,0.8626453199554549,0.33241374222119613,0.7792360355216339,0.6444195315909376,0.6782494144848604,0.9584331347777579,0.2394958771888905,0.5774323728770128,0.46528612718805673,0.5412219250074835,0.8644986682370865,0.3873816822169023
img_0334,1,0,images/sub-21/ses-1/image_24.png,0.0,face_person,face_person,0.62979627,0.62979627,0.13095814,0.0082312245,0.0052676927,0.02707298,0.020792363,0.061861075,0.07552853,0.040491715,0.9207711,0.58353806,0.3750884,0.38951978,0.58017135,0.27986383,0.5183457,0.6564514,0.04839866,0.21937114,fictional movie character,0.18619342,False,0.5413618087768555,0.250014066696167,0.7954107666532879,36.98508071899414,0.2277699410915374,3.204249382019043,5.721186338965675,0.0385916666666666,-2.517419465297267,0.0510559119284153,0.5266015799030659,0.5760042527365725,1.3333333333333333,0.308580645342853,0.3355638076006331,0.36307923844197165,0.5127816644404132,0.6953797681193414,0.461708522539925,0.5132632975991808,0.5277995523026935,0.8036301129245756,0.5103771052866755,0.611745000728794,0.49951126818546365,0.6163772705407559,0.9246719485176284,0.3585476076664885,0.5062861432312951,0.48010371428366294,0.5173825366505433,0.8411910407607538,0.5482748720342974
img_0335,1,0,images/sub-21/ses-1/image_25.png,0.0,landscape_nature,landscape_nature,0.679173,0.009725316,0.007802656,0.04163546,0.679173,0.02236395,0.21019539,0.013970972,0.0126566775,0.0024766289,0.22593388,0.13925709,0.9445067,0.0052872086,0.4648987,0.9704149,0.82857853,0.07369118,0.071395956,0.41041884,mountain or canyon,0.5110585,False,0.5662734508514404,0.2322164624929428,0.9130442804277786,63.62592697143555,0.3266725242137909,1.871792554855347,5.571764079518308,0.0309833333333333,-2.353340175584695,0.0734066590666771,0.4609854970222213,0.6606792979263979,1.3333333333333333,0.3273935186510114,0.28562670210970453,0.31686177085707634,0.5261182111752276,0.7429744647326266,0.6920207201622813,0.41225147691544695,0.48745080497598836,0.8889032121659952,0.5712891136414493,0.849996674344063,0.7338163378543263,0.7667921515923232,0.9726963645089765,0.1868362703756285,0.7879940841576354,0.5800846240200472,0.6071545188253179,0.9334790478263683,0.4990519167194749
img_0336,1,0,images/sub-21/ses-1/image_36.png,0.0,food,food,0.955192,0.0159983,0.0051833475,0.0004763268,0.00023380462,0.019912902,0.0013167318,0.955192,0.00033039917,0.0013562613,0.3533724,0.928667,0.9947137,0.2802542,0.21986017,0.54134536,0.8531559,0.17171887,0.039030045,0.61238486,cooked meal,0.73207927,False,0.5696136355400085,0.2980359494686126,0.8876519714526636,68.62532043457031,0.4062612652778625,2.6355066299438477,5.752887673110316,0.0138166666666666,-3.112702834350149,0.0103523340076208,0.5211789454073111,0.5425333640804831,1.3333333333333333,0.2699681771068587,0.24036406495650686,0.2594774202310604,0.4854090787252598,0.8267549482665196,0.8497094691670684,0.49791088171159303,0.6084197861120014,0.9472874770115284,0.446534238466911,0.9013245221882143,0.7620077690074797,0.8122241200953162,0.9830425244305586,0.025242932793632496,0.8013366481407429,0.5379551452834386,0.6532518077593958,0.9378500947876196,0.4412203047547532
img_0337,1,0,images/sub-21/ses-1/image_37.png,0.0,landmark_place,object,0.33285597,0.18297678,0.07250352,0.14983375,0.026107665,0.33285597,0.016159005,0.017747872,0.05499463,0.14682084,0.34737405,0.73386115,0.95924497,0.072680265,0.1743441,0.7331527,0.48961934,0.48738793,0.023907257,0.025561884,famous monument,0.42778906,True,0.4292705357074737,0.1989384293556213,0.8667358517322223,111.0416259765625,0.6410383582115173,0.542569637298584,4.408567734709099,0.059725,-2.561687264254376,0.0667983964085578,0.4417896492046734,0.5682432552873338,1.3333333333333333,0.2560021257275198,0.32092493380654374,0.3282498995892304,0.4755084700372398,0.7149941079152285,0.6145512111301843,0.5738985643014143,0.6103992802606796,0.8602201237317902,0.34062845819075493,0.8735427916116859,0.7448691841155182,0.7680588582549808,0.977442557950066,0.07377607070589806,0.644632914409127,0.6587190170315571,0.6794165831155737,0.8865136814856852,0.2687323539655814
img_0338,1,0,images/sub-21/ses-1/image_41.png,0.0,landmark_place,landmark_place,0.88362545,0.014921838,0.0073205736,0.88362545,0.0037069009,0.023818033,0.02108117,0.012692415,0.025921382,0.0069122594,0.34764698,0.111649364,0.922841,0.23300342,0.079394564,0.960975,0.7538349,0.106715135,0.15528075,0.49662024,temple or church,0.977793,False,0.427153617143631,0.1664535403251648,0.7848947401427304,49.7052001953125,0.2220522314310073,1.8614715337753296,5.366412473587242,0.0520333333333333,-2.1234056906476573,0.1410910487174987,0.5156929367286268,0.5554538173143644,1.3333333333333333,0.3969572508753083,0.27793228606064946,0.32551693577409,0.5754323138463568,0.6868941302489489,0.7465267215673911,0.39467423834202064,0.489530761388728,0.9090840610965064,0.47542860780230134,0.9748657471710254,0.7738181427095834,0.8408803999701192,0.9978662372192082,0.10215260749188583,0.803684188365266,0.578792577969494,0.6210658291778011,0.9386191530119465,0.4636734442006507
img_0339,1,0,images/sub-21/ses-1/image_45.png,0.0,landscape_nature,landscape_nature,0.5536643,0.02596565,0.029560473,0.14826655,0.5536643,0.0871722,0.016298646,0.03388291,0.098166384,0.0070228213,0.54372275,0.18632253,0.7828857,0.019157767,0.18598442,0.7843475,0.8545746,0.13876262,0.12238854,0.4835941,beach or island,0.7054939,False,0.5641987919807434,0.1739874929189682,0.6472983762789337,63.24160385131836,0.3592312633991241,2.1077282428741455,5.21935009137969,0.0402083333333333,-1.762079095305174,0.1376238316297531,0.4099095336407387,0.5873645248225912,1.3333333333333333,0.35203869144075195,0.24161576031941723,0.27508559379036013,0.543589306276656,0.6703124494501953,0.7623874499200318,0.5890345947860469,0.6683375197353648,0.914956496324942,0.31025686798895813,0.9601903194990801,0.7040002421745747,0.7589743052373079,0.994908109653202,0.08076570272636512,0.7816005128810071,0.6685314769653032,0.6848913522915557,0.9313845028546801,0.40610783967068975
img_0340,1,1,images/sub-21/ses-1/image_49.png,1.0,food,food,0.98440003,0.0041362904,0.0011768613,0.00041427786,0.00042616017,0.006117999,0.0013480794,0.98440003,0.0017350107,0.00024534808,0.5924534,0.87895274,0.81802773,0.78958625,0.31753165,0.70358366,0.8118136,0.19837184,0.048177682,0.37317774,cooked meal,0.5421762,False,0.6335333585739136,0.2207174003124237,0.803277953384771,64.5274658203125,0.3990318775177002,1.7991209030151367,5.610909754690109,0.06505,-2.322965048401513,0.0663348138332367,0.4844070955070251,0.4950172166781109,1.3333333333333333,0.31224395361951696,0.08782577114078993,0.23594643759860853,0.5153786033149536,0.8115488422094335,0.7832222818839786,0.49065315466405846,0.5957456982756787,0.9226705935897908,0.47676004965667723,1.0158409282177348,0.15405997174425556,0.6384814989672238,1.0061256089585464,0.33947761693875855,0.8104665451230293,0.5021972894295732,0.686427047490825,0.9408410647774572,0.43491646991481897
img_0341,1,0,images/sub-21/ses-1/image_57.png,0.0,landmark_place,landmark_place,0.94665253,0.007813334,0.0017708858,0.94665253,0.005430742,0.012035766,0.0020359808,0.0034370169,0.019805884,0.0010178132,0.446589,0.36088353,0.97730166,0.119703054,0.050962027,0.8856946,0.96979034,0.48303065,0.14304079,0.62404877,temple or church,0.5167119,False,0.5342996716499329,0.2675619423389435,0.8770709592180136,38.28941345214844,0.2580063939094543,3.6938235759735103,5.87281956256226,0.06725,-1.901242032944226,0.1019281297922134,0.4902597980066723,0.5580353696160538,1.3333333333333333,0.44475055945794817,0.27793228606064946,0.34300482003446464,0.6093132464972656,0.6873948679738957,0.6843277253398382,0.28264843400577766,0.43718900099793156,0.8860548805633696,0.5857010411536437,0.8711653031706091,0.4876080914204396,0.6146312443723135,0.9769633273441425,0.36508179916902733,0.7784651467153719,0.5621615814954533,0.6055362792516397,0.9303573514939621,0.4974986672893633
img_0342,1,0,images/sub-21/ses-1/image_64.png,0.0,face_person,face_person,0.50338984,0.50338984,0.22884834,0.018194424,0.005334337,0.1375194,0.011447219,0.017539442,0.05316924,0.02455773,0.52233446,0.696386,0.6811476,0.73063874,0.1855318,0.7628142,0.478209,0.60746855,0.058352333,0.326904,athlete,0.818568,False,0.4412853717803955,0.2414875924587249,0.9528138504041188,38.721282958984375,0.2429646700620651,3.3435020446777344,5.8198699812135795,0.05605,-2.5715328363609045,0.0544517114758491,0.463644556339308,0.5084917571590925,1.3333333333333333,0.34743383991551147,0.3547040725599684,0.37584068830343176,0.5403249023460445,0.666608517553276,0.6467616433655109,0.5454736137712686,0.5930020461364087,0.8721460373957978,0.2869240400197631,0.8893980643134995,0.5871666372303095,0.6731033473718303,0.9806385070081942,0.09969112860736162,0.5934853966975915,0.5272520648107067,0.5482591399905994,0.8697576665134803,0.3423529874681912
