subject,session,task,stim_index,stim_name,stim_num,is_null,height,width,sha1,dhash,path,image_uid,dup_kind
1,1,screening,0,image_1,1,False,300,400,e99ec556399a7c061db8e1a5566cc6f055324b71,1100110011100100111101101111011011110010110100101111011010010110,images/sub-01/ses-1/image_1.png,img_0000,unique
1,1,screening,1,image_2,2,False,300,400,08764350c7b28119caa7fd7c0b2831a1093b0c64,0110111101110001001100011001000001100010001110010001001110010011,images/sub-01/ses-1/image_2.png,img_0001,unique
1,1,screening,2,image_3,3,False,300,400,3a189bc508c82a6f527925a342a24861e3a3c5ae,1100011011010010101100000011100110111001000110100001001001010010,images/sub-01/ses-1/image_3.png,img_0002,unique
1,1,screening,3,image_4,4,False,300,400,4ef9dc36f6b102da9aa2939a235601730c02f38d,1011001000110010001000000011000001110000111100001101000001110011,images/sub-01/ses-1/image_4.png,img_0003,unique
1,1,screening,4,image_5,5,False,300,400,e5e3f6743aa72e57adf1c8dd7ea293c99d82043b,0001111000111011011100110111001100100110001111000001110000111110,images/sub-01/ses-1/image_5.png,img_0004,unique
1,1,screening,5,image_6,6,False,300,400,d1ac4a70f845690df3df1da3c843126a40912eab,1000010110000101100001010010001100110011000000110000011100001011,images/sub-01/ses-1/image_6.png,img_0005,unique
1,1,screening,6,image_7,7,False,300,400,fb36b1698b927dcd89f0dc05b1afa1319b8e1272,1100110011001101100001001000110010001101010011001100111100110011,images/sub-01/ses-1/image_7.png,img_0006,unique
1,1,screening,7,image_8,8,False,300,400,a83f981626e6f4c93295800681041eba7b05b712,1000110000100110011001100010011000000110000001010000110101101110,images/sub-01/ses-1/image_8.png,img_0007,unique
1,1,screening,8,image_9,9,False,300,400,3adf7e0eea827d97174b1a04c6f8f8ab7c012dc1,0101001001011000110101001001010000010101000100001001100110011001,images/sub-01/ses-1/image_9.png,img_0008,unique
1,1,screening,9,image_11,11,False,300,400,aaf9067a8394e96d07d90ce4e7c4b5694aec83f3,1110110011100100111110001110000011011011111101110111010011110100,images/sub-01/ses-1/image_11.png,img_0009,unique
1,1,screening,10,image_12,12,False,300,400,977b575e9116890964c35896ff98e1434f31529b,1110100011001100100101001000010010110000111000101011000100110011,images/sub-01/ses-1/image_12.png,img_0010,unique
1,1,screening,11,image_13,13,False,300,400,3da81b34dbea49871669a4d93be870966a810c6c,1010001110100101011001010110011101110011111000101010011010101110,images/sub-01/ses-1/image_13.png,img_0011,unique
1,1,screening,12,image_14,14,False,300,400,8a74e1c2a1ba1b2705cd3c66b1db934417fc439c,0111001111011010110110001001101010010101110101001001011011010100,images/sub-01/ses-1/image_14.png,img_0012,unique
1,1,screening,13,image_15,15,False,300,400,1ddcae863a6008712418ce6783adf15a4218cc65,1100001111001011110010011100100111001001100110010011001100110011,images/sub-01/ses-1/image_15.png,img_0013,unique
1,1,screening,14,image_16,16,False,300,400,177e77125ecdcbecb700c9ba517db158cf95663d,0000111100010111000101110000111100001111001001110010001100101111,images/sub-01/ses-1/image_16.png,img_0014,unique
1,1,screening,15,image_17,17,False,300,400,ec1bb43639d79a61548b8f68c798951c59b0aef8,0011101100111100011011000110110000110110001100110011001100100101,images/sub-01/ses-1/image_17.png,img_0015,unique
1,1,screening,16,image_18,18,False,300,400,b1b570a61e471fc0dbb7f0e5234226a68668bbdc,1100100011100000111000101100001011100010111000101100000010000100,images/sub-01/ses-1/image_18.png,img_0016,unique
1,1,screening,17,image_19,19,False,300,400,83a355332d355b8b62d3c365a8b8cd685b16b6c1,1001010110010110100101110010110101101101011011010010100100010011,images/sub-01/ses-1/image_19.png,img_0017,unique
1,1,screening,18,image_21,21,False,300,400,81f3165939715b1888f2a9a544af5ef3315cd461,0110110110001101100011011000110110010001100000110110010011011101,images/sub-01/ses-1/image_21.png,img_0018,unique
1,1,screening,19,image_22,22,False,300,400,88cb613fa077fcbaad16a7d3347d61ce670ebbd6,1101011101110011011100100011001000011010000111110110111110100101,images/sub-01/ses-1/image_22.png,img_0019,unique
1,1,screening,20,image_23,23,False,300,400,ed39db5d7dbc5bab66cf6df390feb51df90f6b55,0000011110100110001001100110011001100110011100111111000110111100,images/sub-01/ses-1/image_23.png,img_0020,unique
1,1,screening,21,image_24,24,False,300,400,daf08478b754491656cb8c5c3d165ebdf123ca1a,1001001110110011111100011110100011110100111100101011001110110010,images/sub-01/ses-1/image_24.png,img_0021,unique
1,1,screening,22,image_25,25,False,300,400,ccf6b962471ace42cf29406a4ed2f1f6e6d5a196,1010100111001111101010011000110010001101010011110101101000011111,images/sub-01/ses-1/image_25.png,img_0022,unique
1,1,screening,23,image_26,26,False,300,400,9a061944efcea107df9d14a276874d4613f2b137,0011001100110011001100110111100100110011001100110011001100110011,images/sub-01/ses-1/image_26.png,img_0023,unique
1,1,screening,24,image_27,27,False,300,400,1625fa780f9afe6ff3dd003f3478d98c57014d08,0001101100001101001001110111100101001101000011010000011100100001,images/sub-01/ses-1/image_27.png,img_0024,unique
1,1,screening,25,image_28,28,False,300,400,3f5196dce93a7738d2106e3c35717c9e0f2955b0,1000100111100010111001001110000111100100101101010011001000000100,images/sub-01/ses-1/image_28.png,img_0025,unique
1,1,screening,26,image_29,29,False,300,400,6cc5c665d98ad0f62c014b2bfbe1a069676a3141,1111110011111111110110111101101101110110000011101100110010110000,images/sub-01/ses-1/image_29.png,img_0026,unique
1,1,screening,27,image_31,31,False,300,400,0ac15f10c6fd57b139da89fad74c5e07013bc317,1000111010010110100101101001011010011110100101000001011000110011,images/sub-01/ses-1/image_31.png,img_0027,unique
1,1,screening,28,image_32,32,False,300,400,99a864d18d96819ff4074fb8b4fd1a8cdeb47cee,1110000011001100100111001011110010010000100110011001101111110011,images/sub-01/ses-1/image_32.png,img_0028,unique
1,1,screening,29,image_33,33,False,300,400,e47cf4ba77addd254d62362392bbcf45f94f156c,0001101000001010000011110000101100011011000011010100011101001011,images/sub-01/ses-1/image_33.png,img_0029,unique
1,1,screening,30,image_34,34,False,300,400,c41b3ed3a5e31e40e7d5def75a460dbd8566e7b4,0100000011000011010001110000111100000111110011011100100011011000,images/sub-01/ses-1/image_34.png,img_0030,unique
1,1,screening,31,image_35,35,False,300,400,41ecdbf8ea93acea3e80e18114fd2401d1ecb0c3,0110011011100100111100011101110111001011110100111100100100001111,images/sub-01/ses-1/image_35.png,img_0031,unique
1,1,screening,32,image_36,36,False,300,400,07baf2b09a6deaaacad6b289c1d3dda500d19b16,1111000010100000100100011000011110101111111100011011001000101101,images/sub-01/ses-1/image_36.png,img_0032,unique
1,1,screening,33,image_37,37,False,300,400,e04d879cb3f6eb1add0cec827d8c06db2fc2fcfe,1011110101100101011001010111100101101000101111011001110010011000,images/sub-01/ses-1/image_37.png,img_0033,unique
1,1,screening,34,image_38,38,False,300,400,9ea64723f68b2bd9abcedfd44d41222f7f2d89de,0001100100111001011111010111110001101000011100010011000000111101,images/sub-01/ses-1/image_38.png,img_0034,unique
1,1,screening,35,image_39,39,False,300,400,2fa9dab25c87055ec50547be3cf62a59a2528f52,1110101110011001011100111100101100001100110011000111110011011100,images/sub-01/ses-1/image_39.png,img_0035,unique
1,1,screening,36,image_41,41,False,300,400,b347b7a6c2de95bc75c369d4803be4b3a8a0b569,0100010000100000101001100010110000110001110011101110000010000000,images/sub-01/ses-1/image_41.png,img_0036,unique
1,1,screening,37,image_42,42,False,300,400,38d3ee48fff0659bbbc94bcd554c5d1543c12a04,0111101001100101011001110100101101000011000100010000100101100100,images/sub-01/ses-1/image_42.png,img_0037,unique
1,1,screening,38,image_43,43,False,300,400,3102391eab89a65201b6fae641f315ddeb2ea855,0100110100000110100101101000011000000110010011010000111000100011,images/sub-01/ses-1/image_43.png,img_0038,unique
1,1,screening,39,image_44,44,False,300,400,13608b4c7f1242c01ad98c31f65fe62a0e49ae17,0011001000110000001100000011001000110000001100100111000001110000,images/sub-01/ses-1/image_44.png,img_0039,unique
1,1,screening,40,image_45,45,False,300,400,1f34b7cc8b410761af8d77b2c5816d9be410a5ac,1110110011001100100011101001110010010110101101100011010000111100,images/sub-01/ses-1/image_45.png,img_0040,unique
1,1,screening,41,image_46,46,False,300,400,9b529de846e1b19ca280aba182f8445c948943d3,0101110110101011010000111010010100010111010110011001100111000111,images/sub-01/ses-1/image_46.png,img_0041,unique
1,1,screening,42,image_47,47,False,300,400,16b6e13a938069effecef0a3a138a3ff281cc434,0011001000111001100110001101000010001110000011000010000000000000,images/sub-01/ses-1/image_47.png,img_0042,unique
1,1,screening,43,image_48,48,False,300,400,2899dfa5d4a0bbc32d9c2631f012bfe939598380,1101100010011001101011001010110110010101100100111110001010001100,images/sub-01/ses-1/image_48.png,img_0043,unique
1,1,screening,44,image_49,49,False,300,400,86e949fb508a72829ce38d7a802f6afd25a7c66a,1110000010110100100101001111011011100110010110101100110111100001,images/sub-01/ses-1/image_49.png,img_0044,unique
1,1,screening,45,image_51,51,False,300,400,d2bb3b48d61b1ca28609e9372ff8731b1acba542,0111101110100100110101101111001101100010110010001001011110100100,images/sub-01/ses-1/image_51.png,img_0045,unique
1,1,screening,46,image_52,52,False,300,400,ecd840e616c040750d015f315300bf603f12260a,0110011101100001011010010011100010111000001110011111100111111011,images/sub-01/ses-1/image_52.png,img_0046,unique
1,1,screening,47,image_53,53,False,300,400,1653308f79af285a6eac687b135eae66563f078c,1001010010110100100001001000110010000110100001101000011010010110,images/sub-01/ses-1/image_53.png,img_0047,unique
1,1,screening,48,image_54,54,False,300,400,3cc77d84e5de4d578478a327c4366c65e38e1bdb,0011001010100000011000001100100011001100111001000011010010001100,images/sub-01/ses-1/image_54.png,img_0048,unique
1,1,screening,49,image_55,55,False,300,400,85e288c47c98eefc6a94c9b7f0088c67799437af,1101100011011001111100101100011011100100111000000110000000101000,images/sub-01/ses-1/image_55.png,img_0049,unique
1,1,screening,50,image_56,56,False,300,400,977afa6e841c238378e0f9d8d02bb8b8db911aa1,0110000110000000100101010001000000110101011101001001000000111000,images/sub-01/ses-1/image_56.png,img_0050,unique
1,1,screening,51,image_57,57,False,300,400,ab3dac77fae0efc6cde2959c35486e4420594ef2,1000001100001011000011010110110101101101111000011101001100111000,images/sub-01/ses-1/image_57.png,img_0051,unique
1,1,screening,52,image_58,58,False,300,400,5a7f12924e3dba0ae34bb28c8e5e5194004367cc,1110010011001100110010001110000011100000111100111111010010001000,images/sub-01/ses-1/image_58.png,img_0052,unique
1,1,screening,53,image_59,59,False,300,400,0244a9c164552f1cf6617005819fb4ec1851bb0c,1011011100111010101111101011111100111111001011110010111110110110,images/sub-01/ses-1/image_59.png,img_0053,unique
1,1,screening,54,image_61,61,False,300,400,b5086103c2eb2665707e6eb9694b63f28f782ec2,1100110010010110101100101111001011110000011101000100111010010011,images/sub-01/ses-1/image_61.png,img_0054,unique
1,1,screening,55,image_62,62,False,300,400,88f3c24ae78c1b3386ef605565d6b34f5405a63a,1110100011001100110110101001100010010000001100000011000010010100,images/sub-01/ses-1/image_62.png,img_0055,unique
1,1,screening,56,image_63,63,False,300,400,8cafd7df5cd403b3ce14e62c20ea252d3d28b265,1011000000111000001100010111001001110010101101111011011110110110,images/sub-01/ses-1/image_63.png,img_0056,unique
1,1,screening,57,image_64,64,False,300,400,6423b76a7bbcf6981ccb099fcfdaef21dce38be5,0010110000101100001011000110110001101111001011110110111101101110,images/sub-01/ses-1/image_64.png,img_0057,unique
1,1,screening,58,image_65,65,False,300,400,71b5adf17d737ef0f455240735e98740e745eb21,0100110010011110100111001011110000011111000110110001111100001111,images/sub-01/ses-1/image_65.png,img_0058,unique
1,1,screening,59,image_66,66,False,300,400,8109d4ba9d4319de565cec8063719e729e9d5946,1101001100111000111001001101010011011011110010011001110110001101,images/sub-01/ses-1/image_66.png,img_0059,unique
1,1,screening,60,image_67,67,False,300,400,3f4bd27e6ceb77d8e0a79c62ae666cbb3ffe785d,1011010000111000011011001110110001101100111010011001110000011110,images/sub-01/ses-1/image_67.png,img_0060,unique
1,1,screening,61,image_68,68,False,300,400,741d861c23a9733fcb5e924e0aa5e43c0970dfb9,1100100111001001110010011010110111111000110110001011100001111000,images/sub-01/ses-1/image_68.png,img_0061,unique
1,1,screening,62,image_69,69,False,300,400,0f7d5961af22d02435023896f152ad23667a76e4,0101110111011010110100110101101010010110101001111110001111011010,images/sub-01/ses-1/image_69.png,img_0062,unique
1,2,sternberg,0,image_22,22,False,300,400,88cb613fa077fcbaad16a7d3347d61ce670ebbd6,1101011101110011011100100011001000011010000111110110111110100101,images/sub-01/ses-2/image_22.png,img_0019,exact
1,2,sternberg,1,image_62,62,False,300,400,88f3c24ae78c1b3386ef605565d6b34f5405a63a,1110100011001100110110101001100010010000001100000011000010010100,images/sub-01/ses-2/image_62.png,img_0055,exact
1,2,sternberg,2,image_53,53,False,300,400,1653308f79af285a6eac687b135eae66563f078c,1001010010110100100001001000110010000110100001101000011010010110,images/sub-01/ses-2/image_53.png,img_0047,exact
1,2,sternberg,3,image_44,44,False,300,400,13608b4c7f1242c01ad98c31f65fe62a0e49ae17,0011001000110000001100000011001000110000001100100111000001110000,images/sub-01/ses-2/image_44.png,img_0039,exact
1,2,sternberg,4,image_61,61,False,300,400,b5086103c2eb2665707e6eb9694b63f28f782ec2,1100110010010110101100101111001011110000011101000100111010010011,images/sub-01/ses-2/image_61.png,img_0054,exact
1,2,sternberg,5,image_999,999,True,300,400,bfc604369a8e2c010f0b4ca0e0f3fea35743be61,0000000000100001000000000010010101100101000000000000000100000000,images/sub-01/ses-2/image_999.png,img_null,unique
2,1,screening,0,image_1,1,False,300,400,e99ec556399a7c061db8e1a5566cc6f055324b71,1100110011100100111101101111011011110010110100101111011010010110,images/sub-02/ses-1/image_1.png,img_0000,exact
2,1,screening,1,image_2,2,False,300,400,f4a4ca3f36198cb693a95a8b23e1bbda9ff100bf,0100101101100001010000010110101101101000110000100100001101101001,images/sub-02/ses-1/image_2.png,img_0064,unique
2,1,screening,2,image_3,3,False,300,400,a47230c9501ec7311f1c8c186dd1883a505052cb,1000011111000111011000111100001110000011000001101110110010001100,images/sub-02/ses-1/image_3.png,img_0065,unique
2,1,screening,3,image_4,4,False,300,400,4ef9dc36f6b102da9aa2939a235601730c02f38d,1011001000110010001000000011000001110000111100001101000001110011,images/sub-02/ses-1/image_4.png,img_0003,exact
2,1,screening,4,image_5,5,False,300,400,e5e3f6743aa72e57adf1c8dd7ea293c99d82043b,0001111000111011011100110111001100100110001111000001110000111110,images/sub-02/ses-1/image_5.png,img_0004,exact
2,1,screening,5,image_6,6,False,300,400,d1ac4a70f845690df3df1da3c843126a40912eab,1000010110000101100001010010001100110011000000110000011100001011,images/sub-02/ses-1/image_6.png,img_0005,exact
2,1,screening,6,image_7,7,False,300,400,fb36b1698b927dcd89f0dc05b1afa1319b8e1272,1100110011001101100001001000110010001101010011001100111100110011,images/sub-02/ses-1/image_7.png,img_0006,exact
2,1,screening,7,image_8,8,False,300,400,a83f981626e6f4c93295800681041eba7b05b712,1000110000100110011001100010011000000110000001010000110101101110,images/sub-02/ses-1/image_8.png,img_0007,exact
2,1,screening,8,image_9,9,False,300,400,a8e8db5d310e96bd1a45423c853d83d32462c4d3,0100111111001111110011000100110000001111001000110111011010010110,images/sub-02/ses-1/image_9.png,img_0066,unique
2,1,screening,9,image_11,11,False,300,400,ec43a5bd536b593646aa46d17e1c1bcf16d7bc4e,1001111011111000110010001110100010001000101100101110001000100110,images/sub-02/ses-1/image_11.png,img_0067,unique
2,1,screening,10,image_12,12,False,300,400,977b575e9116890964c35896ff98e1434f31529b,1110100011001100100101001000010010110000111000101011000100110011,images/sub-02/ses-1/image_12.png,img_0010,exact
2,1,screening,11,image_13,13,False,300,400,3da81b34dbea49871669a4d93be870966a810c6c,1010001110100101011001010110011101110011111000101010011010101110,images/sub-02/ses-1/image_13.png,img_0011,exact
2,1,screening,12,image_14,14,False,300,400,9d151258ba730ffdede8703da2e7af1f898dd54a,0001111001111000011111001101100010011000100110001001100001010110,images/sub-02/ses-1/image_14.png,img_0068,unique
2,1,screening,13,image_15,15,False,300,400,94010608dd4a23891da6058cbb23d4f5e7055389,1000110111000110010001101100110000110110001100110011011100110111,images/sub-02/ses-1/image_15.png,img_0069,unique
2,1,screening,14,image_16,16,False,300,400,0ad6941ddb0dba8b32a2957ed11744f3be2cbd71,0010100001111000010110001011100000011001001010000011101000110010,images/sub-02/ses-1/image_16.png,img_0070,unique
2,1,screening,15,image_17,17,False,300,400,ec1bb43639d79a61548b8f68c798951c59b0aef8,0011101100111100011011000110110000110110001100110011001100100101,images/sub-02/ses-1/image_17.png,img_0015,exact
2,1,screening,16,image_18,18,False,300,400,b1b570a61e471fc0dbb7f0e5234226a68668bbdc,1100100011100000111000101100001011100010111000101100000010000100,images/sub-02/ses-1/image_18.png,img_0016,exact
2,1,screening,17,image_19,19,False,300,400,83a355332d355b8b62d3c365a8b8cd685b16b6c1,1001010110010110100101110010110101101101011011010010100100010011,images/sub-02/ses-1/image_19.png,img_0017,exact
2,1,screening,18,image_21,21,False,300,400,81f3165939715b1888f2a9a544af5ef3315cd461,0110110110001101100011011000110110010001100000110110010011011101,images/sub-02/ses-1/image_21.png,img_0018,exact
2,1,screening,19,image_22,22,False,300,400,88cb613fa077fcbaad16a7d3347d61ce670ebbd6,1101011101110011011100100011001000011010000111110110111110100101,images/sub-02/ses-1/image_22.png,img_0019,exact
2,1,screening,20,image_23,23,False,300,400,ed39db5d7dbc5bab66cf6df390feb51df90f6b55,0000011110100110001001100110011001100110011100111111000110111100,images/sub-02/ses-1/image_23.png,img_0020,exact
2,1,screening,21,image_24,24,False,300,400,daf08478b754491656cb8c5c3d165ebdf123ca1a,1001001110110011111100011110100011110100111100101011001110110010,images/sub-02/ses-1/image_24.png,img_0021,exact
2,1,screening,22,image_25,25,False,300,400,ccf6b962471ace42cf29406a4ed2f1f6e6d5a196,1010100111001111101010011000110010001101010011110101101000011111,images/sub-02/ses-1/image_25.png,img_0022,exact
2,1,screening,23,image_26,26,False,300,400,9a061944efcea107df9d14a276874d4613f2b137,0011001100110011001100110111100100110011001100110011001100110011,images/sub-02/ses-1/image_26.png,img_0023,exact
2,1,screening,24,image_27,27,False,300,400,1625fa780f9afe6ff3dd003f3478d98c57014d08,0001101100001101001001110111100101001101000011010000011100100001,images/sub-02/ses-1/image_27.png,img_0024,exact
2,1,screening,25,image_28,28,False,300,400,c47960f480da8180aad826e06dfca1f71f8234a3,0010000100101001011000010110001101100011011100110110001110001010,images/sub-02/ses-1/image_28.png,img_0071,unique
2,1,screening,26,image_29,29,False,300,400,6cc5c665d98ad0f62c014b2bfbe1a069676a3141,1111110011111111110110111101101101110110000011101100110010110000,images/sub-02/ses-1/image_29.png,img_0026,exact
2,1,screening,27,image_31,31,False,300,400,0ac15f10c6fd57b139da89fad74c5e07013bc317,1000111010010110100101101001011010011110100101000001011000110011,images/sub-02/ses-1/image_31.png,img_0027,exact
2,1,screening,28,image_32,32,False,300,400,3a189bc508c82a6f527925a342a24861e3a3c5ae,1100011011010010101100000011100110111001000110100001001001010010,images/sub-02/ses-1/image_32.png,img_0002,exact
2,1,screening,29,image_33,33,False,300,400,e47cf4ba77addd254d62362392bbcf45f94f156c,0001101000001010000011110000101100011011000011010100011101001011,images/sub-02/ses-1/image_33.png,img_0029,exact
2,1,screening,30,image_34,34,False,300,400,c41b3ed3a5e31e40e7d5def75a460dbd8566e7b4,0100000011000011010001110000111100000111110011011100100011011000,images/sub-02/ses-1/image_34.png,img_0030,exact
2,1,screening,31,image_35,35,False,300,400,41ecdbf8ea93acea3e80e18114fd2401d1ecb0c3,0110011011100100111100011101110111001011110100111100100100001111,images/sub-02/ses-1/image_35.png,img_0031,exact
2,1,screening,32,image_36,36,False,300,400,6f41d8705736b9dbcd5e56c007b3185828aa1fbc,0101101001011000110000101000111001001110001111100000011111100010,images/sub-02/ses-1/image_36.png,img_0072,unique
2,1,screening,33,image_37,37,False,300,400,e04d879cb3f6eb1add0cec827d8c06db2fc2fcfe,1011110101100101011001010111100101101000101111011001110010011000,images/sub-02/ses-1/image_37.png,img_0033,exact
2,1,screening,34,image_38,38,False,300,400,a5d34d65a4ee42cf430a7d975ae26afc9ab9eab0,1110110100101111001111110100101111000111110010111101100101001001,images/sub-02/ses-1/image_38.png,img_0073,unique
2,1,screening,35,image_39,39,False,300,400,2fa9dab25c87055ec50547be3cf62a59a2528f52,1110101110011001011100111100101100001100110011000111110011011100,images/sub-02/ses-1/image_39.png,img_0035,exact
2,1,screening,36,image_41,41,False,300,400,b347b7a6c2de95bc75c369d4803be4b3a8a0b569,0100010000100000101001100010110000110001110011101110000010000000,images/sub-02/ses-1/image_41.png,img_0036,exact
2,1,screening,37,image_42,42,False,300,400,2e4e5b433c17818c7a12647f9da0c96376fa0a6d,1101100000111100100111010000100100110011100101101100010111001001,images/sub-02/ses-1/image_42.png,img_0074,unique
2,1,screening,38,image_43,43,False,300,400,f82c86a1e30ec62ca891c24d4662dcb9515e3001,0100100010100011110010111101010010001100010110001100100111001100,images/sub-02/ses-1/image_43.png,img_0075,unique
2,1,screening,39,image_44,44,False,300,400,13608b4c7f1242c01ad98c31f65fe62a0e49ae17,0011001000110000001100000011001000110000001100100111000001110000,images/sub-02/ses-1/image_44.png,img_0039,exact
2,1,screening,40,image_45,45,False,300,400,31f7d44ad6bc182e3585c6ae7e9086cb01cba730,0110011101001011010110010101100101001001011010010110100100010011,images/sub-02/ses-1/image_45.png,img_0076,unique
2,1,screening,41,image_46,46,False,300,400,9b529de846e1b19ca280aba182f8445c948943d3,0101110110101011010000111010010100010111010110011001100111000111,images/sub-02/ses-1/image_46.png,img_0041,exact
2,1,screening,42,image_47,47,False,300,400,bbc4e64b741b1d4cf6db5099fee2b0afeed08036,0000111100010111001010110010110001000110110110101011010010010110,images/sub-02/ses-1/image_47.png,img_0077,unique
2,1,screening,43,image_48,48,False,300,400,2899dfa5d4a0bbc32d9c2631f012bfe939598380,1101100010011001101011001010110110010101100100111110001010001100,images/sub-02/ses-1/image_48.png,img_0043,exact
2,1,screening,44,image_49,49,False,300,400,9844ce22305aa82c69b89526ca66ab8b91e94f5a,1001100110010001000110011001000100110001001100110011001100110101,images/sub-02/ses-1/image_49.png,img_0078,unique
2,1,screening,45,image_51,51,False,300,400,d2bb3b48d61b1ca28609e9372ff8731b1acba542,0111101110100100110101101111001101100010110010001001011110100100,images/sub-02/ses-1/image_51.png,img_0045,exact
2,1,screening,46,image_52,52,False,300,400,4f8da4042e50eeb7d000fc0b81c314c3091e98dd,1000110101100110011001101100111011101011010011010100110011001100,images/sub-02/ses-1/image_52.png,img_0079,unique
2,1,screening,47,image_53,53,False,300,400,66231316cfb4b1d23b1e23bfed348608e3e675b9,0010001100100011001000010000001100000110000001100000011100100011,images/sub-02/ses-1/image_53.png,img_0080,unique
2,1,screening,48,image_54,54,False,300,400,b210852434996e673ea0a49050ea52407e3bb911,0011001010101110001001011110011011100100101001001010110010001100,images/sub-02/ses-1/image_54.png,img_0081,unique
2,1,screening,49,image_55,55,False,300,400,de0a8214c56b34d4442a4809c7953f8b785d6412,1011010011001100110011001110000010010101100110011001101100010011,images/sub-02/ses-1/image_55.png,img_0082,unique
2,1,screening,50,image_56,56,False,300,400,da2652eb611075e4d0d06c3968b4d39627257a4c,1100100111010001011100010111000100110000001110000110100010110100,images/sub-02/ses-1/image_56.png,img_0083,unique
2,1,screening,51,image_57,57,False,300,400,ab3dac77fae0efc6cde2959c35486e4420594ef2,1000001100001011000011010110110101101101111000011101001100111000,images/sub-02/ses-1/image_57.png,img_0051,exact
2,1,screening,52,image_58,58,False,300,400,304520277a09fe12795ae13e4e5f461c1934714f,1100100011001100101010001101100110001101100101100010011110000110,images/sub-02/ses-1/image_58.png,img_0084,unique
2,1,screening,53,image_59,59,False,300,400,4bc9c3a884f81759e421fd521f94dffd1c6df7ea,1010010110001011100010100001110001011100000110010001101111000011,images/sub-02/ses-1/image_59.png,img_0085,unique
2,1,screening,54,image_61,61,False,300,400,b5086103c2eb2665707e6eb9694b63f28f782ec2,1100110010010110101100101111001011110000011101000100111010010011,images/sub-02/ses-1/image_61.png,img_0054,exact
2,1,screening,55,image_62,62,False,300,400,88f3c24ae78c1b3386ef605565d6b34f5405a63a,1110100011001100110110101001100010010000001100000011000010010100,images/sub-02/ses-1/image_62.png,img_0055,exact
2,1,screening,56,image_63,63,False,300,400,8cafd7df5cd403b3ce14e62c20ea252d3d28b265,1011000000111000001100010111001001110010101101111011011110110110,images/sub-02/ses-1/image_63.png,img_0056,exact
2,1,screening,57,image_64,64,False,300,400,6423b76a7bbcf6981ccb099fcfdaef21dce38be5,0010110000101100001011000110110001101111001011110110111101101110,images/sub-02/ses-1/image_64.png,img_0057,exact
2,1,screening,58,image_65,65,False,300,400,71b5adf17d737ef0f455240735e98740e745eb21,0100110010011110100111001011110000011111000110110001111100001111,images/sub-02/ses-1/image_65.png,img_0058,exact
2,1,screening,59,image_66,66,False,300,400,8109d4ba9d4319de565cec8063719e729e9d5946,1101001100111000111001001101010011011011110010011001110110001101,images/sub-02/ses-1/image_66.png,img_0059,exact
2,1,screening,60,image_67,67,False,300,400,3f4bd27e6ceb77d8e0a79c62ae666cbb3ffe785d,1011010000111000011011001110110001101100111010011001110000011110,images/sub-02/ses-1/image_67.png,img_0060,exact
2,1,screening,61,image_68,68,False,300,400,741d861c23a9733fcb5e924e0aa5e43c0970dfb9,1100100111001001110010011010110111111000110110001011100001111000,images/sub-02/ses-1/image_68.png,img_0061,exact
2,1,screening,62,image_69,69,False,300,400,0f7d5961af22d02435023896f152ad23667a76e4,0101110111011010110100110101101010010110101001111110001111011010,images/sub-02/ses-1/image_69.png,img_0062,exact
2,2,sternberg,0,image_28,28,False,300,400,c47960f480da8180aad826e06dfca1f71f8234a3,0010000100101001011000010110001101100011011100110110001110001010,images/sub-02/ses-2/image_28.png,img_0071,exact
2,2,sternberg,1,image_26,26,False,300,400,9a061944efcea107df9d14a276874d4613f2b137,0011001100110011001100110111100100110011001100110011001100110011,images/sub-02/ses-2/image_26.png,img_0023,exact
2,2,sternberg,2,image_34,34,False,300,400,c41b3ed3a5e31e40e7d5def75a460dbd8566e7b4,0100000011000011010001110000111100000111110011011100100011011000,images/sub-02/ses-2/image_34.png,img_0030,exact
2,2,sternberg,3,image_15,15,False,300,400,94010608dd4a23891da6058cbb23d4f5e7055389,1000110111000110010001101100110000110110001100110011011100110111,images/sub-02/ses-2/image_15.png,img_0069,exact
2,2,sternberg,4,image_59,59,False,300,400,4bc9c3a884f81759e421fd521f94dffd1c6df7ea,1010010110001011100010100001110001011100000110010001101111000011,images/sub-02/ses-2/image_59.png,img_0085,exact
2,2,sternberg,5,image_999,999,True,300,400,bfc604369a8e2c010f0b4ca0e0f3fea35743be61,0000000000100001000000000010010101100101000000000000000100000000,images/sub-02/ses-2/image_999.png,img_null,exact
3,1,screening,0,image_1,1,False,300,400,e43b786272d2b06f47d92f9de820e2900b286f9a,0110010010100100101000011010011010110110000100110111011110101110,images/sub-03/ses-1/image_1.png,img_0086,unique
3,1,screening,1,image_2,2,False,300,400,34bcb6bb0274d5e8ea93e4fbd282fe6faf4ca22f,1100111000001110100110000001100000010100110011000010110001100100,images/sub-03/ses-1/image_2.png,img_0087,unique
3,1,screening,2,image_3,3,False,300,400,a47230c9501ec7311f1c8c186dd1883a505052cb,1000011111000111011000111100001110000011000001101110110010001100,images/sub-03/ses-1/image_3.png,img_0065,exact
3,1,screening,3,image_4,4,False,300,400,4ef9dc36f6b102da9aa2939a235601730c02f38d,1011001000110010001000000011000001110000111100001101000001110011,images/sub-03/ses-1/image_4.png,img_0003,exact
3,1,screening,4,image_5,5,False,300,400,e5e3f6743aa72e57adf1c8dd7ea293c99d82043b,0001111000111011011100110111001100100110001111000001110000111110,images/sub-03/ses-1/image_5.png,img_0004,exact
3,1,screening,5,image_6,6,False,300,400,d1ac4a70f845690df3df1da3c843126a40912eab,1000010110000101100001010010001100110011000000110000011100001011,images/sub-03/ses-1/image_6.png,img_0005,exact
3,1,screening,6,image_7,7,False,300,400,fb36b1698b927dcd89f0dc05b1afa1319b8e1272,1100110011001101100001001000110010001101010011001100111100110011,images/sub-03/ses-1/image_7.png,img_0006,exact
3,1,screening,7,image_8,8,False,300,400,fca4aa1328d06d3bc384c1f7bb88908e383193c2,0101001001110010110101001001001000110111110001111110010011110100,images/sub-03/ses-1/image_8.png,img_0088,unique
3,1,screening,8,image_9,9,False,300,400,3adf7e0eea827d97174b1a04c6f8f8ab7c012dc1,0101001001011000110101001001010000010101000100001001100110011001,images/sub-03/ses-1/image_9.png,img_0008,exact
3,1,screening,9,image_11,11,False,300,400,5f843c0c526481726113bfc01debadcf0bffc10b,1100011111100111011001000111011011101100110001001110000101100100,images/sub-03/ses-1/image_11.png,img_0089,unique
3,1,screening,10,image_12,12,False,300,400,977b575e9116890964c35896ff98e1434f31529b,1110100011001100100101001000010010110000111000101011000100110011,images/sub-03/ses-1/image_12.png,img_0010,exact
3,1,screening,11,image_13,13,False,300,400,3da81b34dbea49871669a4d93be870966a810c6c,1010001110100101011001010110011101110011111000101010011010101110,images/sub-03/ses-1/image_13.png,img_0011,exact
3,1,screening,12,image_14,14,False,300,400,9d151258ba730ffdede8703da2e7af1f898dd54a,0001111001111000011111001101100010011000100110001001100001010110,images/sub-03/ses-1/image_14.png,img_0068,exact
3,1,screening,13,image_15,15,False,300,400,94010608dd4a23891da6058cbb23d4f5e7055389,1000110111000110010001101100110000110110001100110011011100110111,images/sub-03/ses-1/image_15.png,img_0069,exact
3,1,screening,14,image_16,16,False,300,400,0ad6941ddb0dba8b32a2957ed11744f3be2cbd71,0010100001111000010110001011100000011001001010000011101000110010,images/sub-03/ses-1/image_16.png,img_0070,exact
3,1,screening,15,image_17,17,False,300,400,ec1bb43639d79a61548b8f68c798951c59b0aef8,0011101100111100011011000110110000110110001100110011001100100101,images/sub-03/ses-1/image_17.png,img_0015,exact
3,1,screening,16,image_18,18,False,300,400,b1b570a61e471fc0dbb7f0e5234226a68668bbdc,1100100011100000111000101100001011100010111000101100000010000100,images/sub-03/ses-1/image_18.png,img_0016,exact
3,1,screening,17,image_19,19,False,300,400,83a355332d355b8b62d3c365a8b8cd685b16b6c1,1001010110010110100101110010110101101101011011010010100100010011,images/sub-03/ses-1/image_19.png,img_0017,exact
3,1,screening,18,image_21,21,False,300,400,81f3165939715b1888f2a9a544af5ef3315cd461,0110110110001101100011011000110110010001100000110110010011011101,images/sub-03/ses-1/image_21.png,img_0018,exact
3,1,screening,19,image_22,22,False,300,400,88cb613fa077fcbaad16a7d3347d61ce670ebbd6,1101011101110011011100100011001000011010000111110110111110100101,images/sub-03/ses-1/image_22.png,img_0019,exact
3,1,screening,20,image_23,23,False,300,400,ed39db5d7dbc5bab66cf6df390feb51df90f6b55,0000011110100110001001100110011001100110011100111111000110111100,images/sub-03/ses-1/image_23.png,img_0020,exact
3,1,screening,21,image_24,24,False,300,400,daf08478b754491656cb8c5c3d165ebdf123ca1a,1001001110110011111100011110100011110100111100101011001110110010,images/sub-03/ses-1/image_24.png,img_0021,exact
3,1,screening,22,image_25,25,False,300,400,ccf6b962471ace42cf29406a4ed2f1f6e6d5a196,1010100111001111101010011000110010001101010011110101101000011111,images/sub-03/ses-1/image_25.png,img_0022,exact
3,1,screening,23,image_26,26,False,300,400,9a061944efcea107df9d14a276874d4613f2b137,0011001100110011001100110111100100110011001100110011001100110011,images/sub-03/ses-1/image_26.png,img_0023,exact
3,1,screening,24,image_27,27,False,300,400,1625fa780f9afe6ff3dd003f3478d98c57014d08,0001101100001101001001110111100101001101000011010000011100100001,images/sub-03/ses-1/image_27.png,img_0024,exact
3,1,screening,25,image_28,28,False,300,400,3f5196dce93a7738d2106e3c35717c9e0f2955b0,1000100111100010111001001110000111100100101101010011001000000100,images/sub-03/ses-1/image_28.png,img_0025,exact
3,1,screening,26,image_29,29,False,300,400,fe8cf3944a7c486fc51c86958b2e8e4034d71fa5,0110011001101111101011010011101101101011001110011001001101010011,images/sub-03/ses-1/image_29.png,img_0090,unique
3,1,screening,27,image_31,31,False,300,400,0ac15f10c6fd57b139da89fad74c5e07013bc317,1000111010010110100101101001011010011110100101000001011000110011,images/sub-03/ses-1/image_31.png,img_0027,exact
3,1,screening,28,image_32,32,False,300,400,99a864d18d96819ff4074fb8b4fd1a8cdeb47cee,1110000011001100100111001011110010010000100110011001101111110011,images/sub-03/ses-1/image_32.png,img_0028,exact
3,1,screening,29,image_33,33,False,300,400,e47cf4ba77addd254d62362392bbcf45f94f156c,0001101000001010000011110000101100011011000011010100011101001011,images/sub-03/ses-1/image_33.png,img_0029,exact
3,1,screening,30,image_34,34,False,300,400,c41b3ed3a5e31e40e7d5def75a460dbd8566e7b4,0100000011000011010001110000111100000111110011011100100011011000,images/sub-03/ses-1/image_34.png,img_0030,exact
3,1,screening,31,image_35,35,False,300,400,41ecdbf8ea93acea3e80e18114fd2401d1ecb0c3,0110011011100100111100011101110111001011110100111100100100001111,images/sub-03/ses-1/image_35.png,img_0031,exact
3,1,screening,32,image_36,36,False,300,400,07baf2b09a6deaaacad6b289c1d3dda500d19b16,1111000010100000100100011000011110101111111100011011001000101101,images/sub-03/ses-1/image_36.png,img_0032,exact
3,1,screening,33,image_37,37,False,300,400,e04d879cb3f6eb1add0cec827d8c06db2fc2fcfe,1011110101100101011001010111100101101000101111011001110010011000,images/sub-03/ses-1/image_37.png,img_0033,exact
3,1,screening,34,image_38,38,False,300,400,a5d34d65a4ee42cf430a7d975ae26afc9ab9eab0,1110110100101111001111110100101111000111110010111101100101001001,images/sub-03/ses-1/image_38.png,img_0073,exact
3,1,screening,35,image_39,39,False,300,400,2fa9dab25c87055ec50547be3cf62a59a2528f52,1110101110011001011100111100101100001100110011000111110011011100,images/sub-03/ses-1/image_39.png,img_0035,exact
3,1,screening,36,image_41,41,False,300,400,b347b7a6c2de95bc75c369d4803be4b3a8a0b569,0100010000100000101001100010110000110001110011101110000010000000,images/sub-03/ses-1/image_41.png,img_0036,exact
3,1,screening,37,image_42,42,False,300,400,38d3ee48fff0659bbbc94bcd554c5d1543c12a04,0111101001100101011001110100101101000011000100010000100101100100,images/sub-03/ses-1/image_42.png,img_0037,exact
3,1,screening,38,image_43,43,False,300,400,f82c86a1e30ec62ca891c24d4662dcb9515e3001,0100100010100011110010111101010010001100010110001100100111001100,images/sub-03/ses-1/image_43.png,img_0075,exact
3,1,screening,39,image_44,44,False,300,400,13608b4c7f1242c01ad98c31f65fe62a0e49ae17,0011001000110000001100000011001000110000001100100111000001110000,images/sub-03/ses-1/image_44.png,img_0039,exact
3,1,screening,40,image_45,45,False,300,400,1f34b7cc8b410761af8d77b2c5816d9be410a5ac,1110110011001100100011101001110010010110101101100011010000111100,images/sub-03/ses-1/image_45.png,img_0040,exact
3,1,screening,41,image_46,46,False,300,400,9b529de846e1b19ca280aba182f8445c948943d3,0101110110101011010000111010010100010111010110011001100111000111,images/sub-03/ses-1/image_46.png,img_0041,exact
3,1,screening,42,image_47,47,False,300,400,45b4f884f92661f2a57bfe8b622f6a52745bb62f,0110000101000001010100110011100101100101010011010110010011100110,images/sub-03/ses-1/image_47.png,img_0091,unique
3,1,screening,43,image_48,48,False,300,400,2899dfa5d4a0bbc32d9c2631f012bfe939598380,1101100010011001101011001010110110010101100100111110001010001100,images/sub-03/ses-1/image_48.png,img_0043,exact
3,1,screening,44,image_49,49,False,300,400,86e949fb508a72829ce38d7a802f6afd25a7c66a,1110000010110100100101001111011011100110010110101100110111100001,images/sub-03/ses-1/image_49.png,img_0044,exact
3,1,screening,45,image_51,51,False,300,400,d2bb3b48d61b1ca28609e9372ff8731b1acba542,0111101110100100110101101111001101100010110010001001011110100100,images/sub-03/ses-1/image_51.png,img_0045,exact
3,1,screening,46,image_52,52,False,300,400,8f87cf5529d9bf74abe04e11221d346ada21a3c5,1100101110011011100110010011011000110100001101000011110010111100,images/sub-03/ses-1/image_52.png,img_0092,unique
3,1,screening,47,image_53,53,False,300,400,a83f981626e6f4c93295800681041eba7b05b712,1000110000100110011001100010011000000110000001010000110101101110,images/sub-03/ses-1/image_53.png,img_0007,exact
3,1,screening,48,image_54,54,False,300,400,b210852434996e673ea0a49050ea52407e3bb911,0011001010101110001001011110011011100100101001001010110010001100,images/sub-03/ses-1/image_54.png,img_0081,exact
3,1,screening,49,image_55,55,False,300,400,0fb75014d6b4fff1423244c9bf4da081ba70204e,0011000010110000110100001100100011101110111010110110100100101100,images/sub-03/ses-1/image_55.png,img_0093,unique
3,1,screening,50,image_56,56,False,300,400,da2652eb611075e4d0d06c3968b4d39627257a4c,1100100111010001011100010111000100110000001110000110100010110100,images/sub-03/ses-1/image_56.png,img_0083,exact
3,1,screening,51,image_57,57,False,300,400,ab3dac77fae0efc6cde2959c35486e4420594ef2,1000001100001011000011010110110101101101111000011101001100111000,images/sub-03/ses-1/image_57.png,img_0051,exact
3,1,screening,52,image_58,58,False,300,400,a093e8fe40c29826643aabd97869b6aab8cd7284,0000100010010000001100101110001000001010011010011001000000001000,images/sub-03/ses-1/image_58.png,img_0094,unique
3,1,screening,53,image_59,59,False,300,400,0244a9c164552f1cf6617005819fb4ec1851bb0c,1011011100111010101111101011111100111111001011110010111110110110,images/sub-03/ses-1/image_59.png,img_0053,exact
3,1,screening,54,image_61,61,False,300,400,b5086103c2eb2665707e6eb9694b63f28f782ec2,1100110010010110101100101111001011110000011101000100111010010011,images/sub-03/ses-1/image_61.png,img_0054,exact
3,1,screening,55,image_62,62,False,300,400,88f3c24ae78c1b3386ef605565d6b34f5405a63a,1110100011001100110110101001100010010000001100000011000010010100,images/sub-03/ses-1/image_62.png,img_0055,exact
3,1,screening,56,image_63,63,False,300,400,c966f693835ee368025f0b163d9a6bebbc9c0945,1100110010011100000110000001100001001100011011101110001011110001,images/sub-03/ses-1/image_63.png,img_0095,unique
3,1,screening,57,image_64,64,False,300,400,6423b76a7bbcf6981ccb099fcfdaef21dce38be5,0010110000101100001011000110110001101111001011110110111101101110,images/sub-03/ses-1/image_64.png,img_0057,exact
3,1,screening,58,image_65,65,False,300,400,71b5adf17d737ef0f455240735e98740e745eb21,0100110010011110100111001011110000011111000110110001111100001111,images/sub-03/ses-1/image_65.png,img_0058,exact
3,1,screening,59,image_66,66,False,300,400,8109d4ba9d4319de565cec8063719e729e9d5946,1101001100111000111001001101010011011011110010011001110110001101,images/sub-03/ses-1/image_66.png,img_0059,exact
3,1,screening,60,image_67,67,False,300,400,3f4bd27e6ceb77d8e0a79c62ae666cbb3ffe785d,1011010000111000011011001110110001101100111010011001110000011110,images/sub-03/ses-1/image_67.png,img_0060,exact
3,1,screening,61,image_68,68,False,300,400,741d861c23a9733fcb5e924e0aa5e43c0970dfb9,1100100111001001110010011010110111111000110110001011100001111000,images/sub-03/ses-1/image_68.png,img_0061,exact
3,1,screening,62,image_69,69,False,300,400,f7a22c6b6d85d140d8a086fe31a3d5aea7eb0501,1100100110110001100100110001011010011100010100111011001011011000,images/sub-03/ses-1/image_69.png,img_0096,unique
3,2,sternberg,0,image_2,2,False,300,400,34bcb6bb0274d5e8ea93e4fbd282fe6faf4ca22f,1100111000001110100110000001100000010100110011000010110001100100,images/sub-03/ses-2/image_2.png,img_0087,exact
3,2,sternberg,1,image_23,23,False,300,400,ed39db5d7dbc5bab66cf6df390feb51df90f6b55,0000011110100110001001100110011001100110011100111111000110111100,images/sub-03/ses-2/image_23.png,img_0020,exact
3,2,sternberg,2,image_21,21,False,300,400,81f3165939715b1888f2a9a544af5ef3315cd461,0110110110001101100011011000110110010001100000110110010011011101,images/sub-03/ses-2/image_21.png,img_0018,exact
3,2,sternberg,3,image_44,44,False,300,400,13608b4c7f1242c01ad98c31f65fe62a0e49ae17,0011001000110000001100000011001000110000001100100111000001110000,images/sub-03/ses-2/image_44.png,img_0039,exact
3,2,sternberg,4,image_66,66,False,300,400,8109d4ba9d4319de565cec8063719e729e9d5946,1101001100111000111001001101010011011011110010011001110110001101,images/sub-03/ses-2/image_66.png,img_0059,exact
3,2,sternberg,5,image_999,999,True,300,400,bfc604369a8e2c010f0b4ca0e0f3fea35743be61,0000000000100001000000000010010101100101000000000000000100000000,images/sub-03/ses-2/image_999.png,img_null,exact
4,1,screening,0,image_1,1,False,300,400,063be9073373c320ce1d876cbb55bf4b59423c6d,0010011100101110101011110000111100001101100110110001011101000110,images/sub-04/ses-1/image_1.png,img_0097,unique
4,1,screening,1,image_2,2,False,300,400,f8671d2234080702cb10437b84df43b5876614a2,0010011000000110100100111001001101011011011010110110101110000101,images/sub-04/ses-1/image_2.png,img_0098,unique
4,1,screening,2,image_3,3,False,300,400,43f08de09c1d4344ee0b4705299de79b8aae0064,1000000101000001001100011001110010001100111000111100000111000000,images/sub-04/ses-1/image_3.png,img_0099,unique
4,1,screening,3,image_4,4,False,300,400,024581793c46c729835818e76112b6cb2169c493,0100000001000100000011010001000100110000000010010101101010110100,images/sub-04/ses-1/image_4.png,img_0100,unique
4,1,screening,4,image_5,5,False,300,400,40930c0a0fad0019c96e85023ccd292d33fae80b,0011110000011001000010110000111001001111000011010101010000010100,images/sub-04/ses-1/image_5.png,img_0101,unique
4,1,screening,5,image_6,6,False,300,400,59a119078a582bb4bfe2aaeee553ee8b1f3df61b,1010000011000100110101101101000011001110010001001010010000100111,images/sub-04/ses-1/image_6.png,img_0102,unique
4,1,screening,6,image_7,7,False,300,400,5f938061f73c60f9a05a1e73d1cd834d733081fb,1110110101100111001001010100101100000011000101111000110001110001,images/sub-04/ses-1/image_7.png,img_0103,unique
4,1,screening,7,image_8,8,False,300,400,57389bb23217de0d98503f0896e838b0fb7cc0c0,1100100011000100000011010001101100110110000011101001111010101110,images/sub-04/ses-1/image_8.png,img_0104,unique
4,1,screening,8,image_9,9,False,300,400,fe057f2bfd88bc4e25699f6a5b25deb442cb00dc,1111001010110110111010001100011011010110111001010111101000101010,images/sub-04/ses-1/image_9.png,img_0105,unique
4,1,screening,9,image_11,11,False,300,400,37a9c0110da29c2c2392a7fff4831b58933b6a77,1001011010001100110010000100110001110000101100100101100000000000,images/sub-04/ses-1/image_11.png,img_0106,unique
4,1,screening,10,image_12,12,False,300,400,5ef28556c88aa6ab2e122fa502aa5af71cb68e9c,0001100000000010110000111100011111000110100001111000111000001110,images/sub-04/ses-1/image_12.png,img_0107,unique
4,1,screening,11,image_13,13,False,300,400,2337af7abcfe29ae7049075fa75fb088f9e4cf4c,1100100111001000110100101001001011110000110111101001111000101110,images/sub-04/ses-1/image_13.png,img_0108,unique
4,1,screening,12,image_14,14,False,300,400,84ea92922242cb0c0ac246ca72a2a12d93cace61,1111000011101000111100011011000100110011011100110110011011000111,images/sub-04/ses-1/image_14.png,img_0109,unique
4,1,screening,13,image_15,15,False,300,400,fea7d69eabbba99726b97ae13d336b085650c03a,0100110001000100001011000000110110001100001001100010001100110111,images/sub-04/ses-1/image_15.png,img_0110,unique
4,1,screening,14,image_16,16,False,300,400,3102391eab89a65201b6fae641f315ddeb2ea855,0100110100000110100101101000011000000110010011010000111000100011,images/sub-04/ses-1/image_16.png,img_0038,exact
4,1,screening,15,image_17,17,False,300,400,d1781a4a6862c27fc23c3c38cc6fb399ba35684f,0010100000010110000111100110100110100110101001101011001001110001,images/sub-04/ses-1/image_17.png,img_0111,unique
4,1,screening,16,image_18,18,False,300,400,10267c85e50f5e8974763b856fa0ef609dacb16b,0100111010011110100001101101101011011100100011011011011000111101,images/sub-04/ses-1/image_18.png,img_0112,unique
4,1,screening,17,image_19,19,False,300,400,b7a5cffbc0db014950e208c6e9a4e0450698ef91,1110000011110000111100011110000011101000111010001110101010110000,images/sub-04/ses-1/image_19.png,img_0113,unique
4,1,screening,18,image_21,21,False,300,400,56162d4cc7e94e05da4bb9fffe25bd312481697c,0101110001111001011100100111010000110110101101111100011111001100,images/sub-04/ses-1/image_21.png,img_0114,unique
4,1,screening,19,image_22,22,False,300,400,a18b72d9f1d057328bd9357e9d420d8eaf76c854,0011001101100011011100110011001000100011000001110001001101000001,images/sub-04/ses-1/image_22.png,img_0115,unique
4,1,screening,20,image_23,23,False,300,400,97eb4948915079618d1bb0cfa63b2d51696e3f78,1001011010110010101100101011001110110010001100111110100110010100,images/sub-04/ses-1/image_23.png,img_0116,unique
4,1,screening,21,image_24,24,False,300,400,c8cd62147a152641fed4f67d7b18f4103a8fefcc,1110110011010010110110000011000110101001101011010111001001110001,images/sub-04/ses-1/image_24.png,img_0117,unique
4,1,screening,22,image_25,25,False,300,400,af2e55f2cb8c80a5a15afd5c1d04ee474cb12ab9,1001001110101001100010011000001110000011011100110011011101001101,images/sub-04/ses-1/image_25.png,img_0118,unique
4,1,screening,23,image_26,26,False,300,400,6b568d3bc6f7edc2bf976e905bda58e23fd3d135,0110011110011011100110011111100101111001111110001011000010110111,images/sub-04/ses-1/image_26.png,img_0119,unique
4,1,screening,24,image_27,27,False,300,400,7909cc70959c3d372c2536d055143f5d72c8d96e,0100111001001010110011101100110110010110001100110011001101101011,images/sub-04/ses-1/image_27.png,img_0120,unique
4,1,screening,25,image_28,28,False,300,400,d3d09eb532023240119b461f78b0e16818932d39,1011001111110011101100001111011011111100111111001110010001100110,images/sub-04/ses-1/image_28.png,img_0121,unique
4,1,screening,26,image_29,29,False,300,400,acf7962a87b7bf11935700e6a525c1f9ccf9a7d5,1000011110011011100110110011011010011110000100110011000101110001,images/sub-04/ses-1/image_29.png,img_0122,unique
4,1,screening,27,image_31,31,False,300,400,c6f8b1dbf997f8b9384ce0d750ed28221f639045,0001001000010010000100100011001000010010001010110011101001101110,images/sub-04/ses-1/image_31.png,img_0123,unique
4,1,screening,28,image_32,32,False,300,400,037dd105d0f8fa7ace95e52a7aa0a27240bb201c,0000111100000111000101110001001110010010101110111101101111011011,images/sub-04/ses-1/image_32.png,img_0124,unique
4,1,screening,29,image_33,33,False,300,400,21e24929feb5fcf01bad0a3261f49a487bd2f22c,0110100010101000101100001110010011010000110100001100000111000001,images/sub-04/ses-1/image_33.png,img_0125,unique
4,1,screening,30,image_34,34,False,300,400,24c7a0a6bca743dcf1a1035bb27b03b384fe02d2,1001100110010001101100001011000011110001111101011111100111111011,images/sub-04/ses-1/image_34.png,img_0126,unique
4,1,screening,31,image_35,35,False,300,400,06d3c6ac173ec3e190c6b58067f6c11b0aa5917a,0110001010010110000011010000110110010011100110001001100001010011,images/sub-04/ses-1/image_35.png,img_0127,unique
4,1,screening,32,image_36,36,False,300,400,53d533e39d0e8e0c48609b1fdb026aa75eb976f5,1011000111101000100001001100010010000011100101100011011011100010,images/sub-04/ses-1/image_36.png,img_0128,unique
4,1,screening,33,image_37,37,False,300,400,c20f0ffc8d7734b297a23df71bb70e412dc5fb78,1001110011000100000100100001011111000001101100010000011110110001,images/sub-04/ses-1/image_37.png,img_0129,unique
4,1,screening,34,image_38,38,False,300,400,18b18813692771ebf9d57db6c4827dc060edc671,1110010011101100110110000111011001100100101110000101110011000100,images/sub-04/ses-1/image_38.png,img_0130,unique
4,1,screening,35,image_39,39,False,300,400,aeb299cbbe9da73ec5a581bc65f23520e0580ee7,0000111110001001100010100110100000101001111110001101111011100011,images/sub-04/ses-1/image_39.png,img_0131,unique
4,1,screening,36,image_41,41,False,300,400,3c2c4f6398406a1bfc217cbc0df8b6e6ae1f8718,0100110011001110001011010110010101101101110111011010010110010101,images/sub-04/ses-1/image_41.png,img_0132,unique
4,1,screening,37,image_42,42,False,300,400,55927bfa9acf28938efb95630448bb18188a52df,1100100000001111011010011100110011111100100100010110110011100100,images/sub-04/ses-1/image_42.png,img_0133,unique
4,1,screening,38,image_43,43,False,300,400,38bae1208f9e33334834262e4459e9ebbcbbdab4,1000100000111001011110010111100111111001111110010011100110111001,images/sub-04/ses-1/image_43.png,img_0134,unique
4,1,screening,39,image_44,44,False,300,400,6c0cbad728ea6e3542a0b9450c04f5dd1649d2e4,1100110011010000111100101111000011111000110100000011100011101000,images/sub-04/ses-1/image_44.png,img_0135,unique
4,1,screening,40,image_45,45,False,300,400,ab42dcc76eae86b31c6b6bd516fbed7753343105,1000011010010110110101100001011000110011001100110111101101001001,images/sub-04/ses-1/image_45.png,img_0136,unique
4,1,screening,41,image_46,46,False,300,400,3fa635257571f4fd77f38fbf982611af01d60f28,1100011011001010000110110001101110011011100100110001001110010010,images/sub-04/ses-1/image_46.png,img_0137,unique
4,1,screening,42,image_47,47,False,300,400,887352cfe5777d4af43cb0124deb64ed0e6acec3,1000100010011010011001100011010110100110101011101001110011011100,images/sub-04/ses-1/image_47.png,img_0138,unique
4,1,screening,43,image_48,48,False,300,400,090d4fa1ba3907e3fd0280f695cda206623b5459,0110010011011000000110010000100111001011110010111100100011010000,images/sub-04/ses-1/image_48.png,img_0139,unique
4,1,screening,44,image_49,49,False,300,400,43c3c4eaeabff130c3d0b4dd6a2caca9956581c3,0101100100011001010110110011001111000110001001101010110100001100,images/sub-04/ses-1/image_49.png,img_0140,unique
4,1,screening,45,image_51,51,False,300,400,751db7881cf1e2e72625b4d9a6ad153805f02ac8,0011111000011101100110011001111010001011010001100011001001110001,images/sub-04/ses-1/image_51.png,img_0141,unique
4,1,screening,46,image_52,52,False,300,400,36aca39f4482e32b736e17acf4f304955ba1f721,1011001000110010101001111000010110001001101011010010110111101101,images/sub-04/ses-1/image_52.png,img_0142,unique
4,1,screening,47,image_53,53,False,300,400,454251205a811a35aed0eccc39bf935c582e30ae,0110011111100100110011001110011010011110011010100110010101100100,images/sub-04/ses-1/image_53.png,img_0143,unique
4,1,screening,48,image_54,54,False,300,400,e1c0c39efa713bf02738a87bdf42c103ecf9b895,0101100011011000101100101011001010110000101100101101011111011110,images/sub-04/ses-1/image_54.png,img_0144,unique
4,1,screening,49,image_55,55,False,300,400,bfecb530f5825582db6640588ebc53a1a374b9b5,1101010010110000101100001001001000100000001000101100101101000111,images/sub-04/ses-1/image_55.png,img_0145,unique
4,1,screening,50,image_56,56,False,300,400,298fcd5a5c8918ba3807c42b23787af80746ca41,0101001111110011101100001011000110110010110100111100010011100100,images/sub-04/ses-1/image_56.png,img_0146,unique
4,1,screening,51,image_57,57,False,300,400,a51a95c9168dd9bbf7bc65abff77da39b57fbe6a,0101100100110001101100101011001000010000100101100110010001100111,images/sub-04/ses-1/image_57.png,img_0147,unique
4,1,screening,52,image_58,58,False,300,400,b46595fe127b448d7335f6d8923376fa8d892c2b,0110011101110110011100101110111011101110111110110011100100110010,images/sub-04/ses-1/image_58.png,img_0148,unique
4,1,screening,53,image_59,59,False,300,400,2de5c1628c36d61db69982462472f11d27b3f3b1,0100110101001110100100101001111001001110110011101001101100110001,images/sub-04/ses-1/image_59.png,img_0149,unique
4,1,screening,54,image_61,61,False,300,400,4ec67e9b22aad8d59dd417e9f666b3ec2e78063a,1100101111001001110110011101100111011001110010000011100000101000,images/sub-04/ses-1/image_61.png,img_0150,unique
4,1,screening,55,image_62,62,False,300,400,10cf2e8d93b8111a1576c7729f0e53b39eb6f977,0011000000100010001000100110000101100000011000010110000001101000,images/sub-04/ses-1/image_62.png,img_0151,unique
4,1,screening,56,image_63,63,False,300,400,5e1ab7f6340bbd2692721459875ce769669c28f5,0000100010010001101100100011001000110010101100010100010011000110,images/sub-04/ses-1/image_63.png,img_0152,unique
4,1,screening,57,image_64,64,False,300,400,29174eaf04049660b38ec1dc650f781177f7ed3f,1001101110110001001100110111001101110011011100111101001001110110,images/sub-04/ses-1/image_64.png,img_0153,unique
4,1,screening,58,image_65,65,False,300,400,062858c0c5492d5f654335941ced8961450f2310,0010011001001011000010110100001000100111101001111100011111100001,images/sub-04/ses-1/image_65.png,img_0154,unique
4,1,screening,59,image_66,66,False,300,400,d51df05b85916e5272b34c7016240a3b8021a491,1111000111110000011000010110010101100001001001000001011000100010,images/sub-04/ses-1/image_66.png,img_0155,unique
4,1,screening,60,image_67,67,False,300,400,4d5588f1b4eaeb2ec766e86e3888542ae575b54b,1100110010010100001010000010010000000010000001010000110101010000,images/sub-04/ses-1/image_67.png,img_0156,unique
4,1,screening,61,image_68,68,False,300,400,59f76fa749b2163011de28da61281c8fe18096cd,1010010111001100100111001001010110011100101101101001011000011110,images/sub-04/ses-1/image_68.png,img_0157,unique
4,1,screening,62,image_69,69,False,300,400,66c800ac0348b34a4479d9ed6e7ad1c96a7fb2f7,1011100101111101011101000111000000100000101101000011001011010011,images/sub-04/ses-1/image_69.png,img_0158,unique
4,2,sternberg,0,image_15,15,False,300,400,fea7d69eabbba99726b97ae13d336b085650c03a,0100110001000100001011000000110110001100001001100010001100110111,images/sub-04/ses-2/image_15.png,img_0110,exact
4,2,sternberg,1,image_65,65,False,300,400,062858c0c5492d5f654335941ced8961450f2310,0010011001001011000010110100001000100111101001111100011111100001,images/sub-04/ses-2/image_65.png,img_0154,exact
4,2,sternberg,2,image_29,29,False,300,400,acf7962a87b7bf11935700e6a525c1f9ccf9a7d5,1000011110011011100110110011011010011110000100110011000101110001,images/sub-04/ses-2/image_29.png,img_0122,exact
4,2,sternberg,3,image_57,57,False,300,400,a51a95c9168dd9bbf7bc65abff77da39b57fbe6a,0101100100110001101100101011001000010000100101100110010001100111,images/sub-04/ses-2/image_57.png,img_0147,exact
4,2,sternberg,4,image_56,56,False,300,400,298fcd5a5c8918ba3807c42b23787af80746ca41,0101001111110011101100001011000110110010110100111100010011100100,images/sub-04/ses-2/image_56.png,img_0146,exact
4,2,sternberg,5,image_999,999,True,300,400,bfc604369a8e2c010f0b4ca0e0f3fea35743be61,0000000000100001000000000010010101100101000000000000000100000000,images/sub-04/ses-2/image_999.png,img_null,exact
5,1,screening,0,image_1,1,False,300,400,063be9073373c320ce1d876cbb55bf4b59423c6d,0010011100101110101011110000111100001101100110110001011101000110,images/sub-05/ses-1/image_1.png,img_0097,exact
5,1,screening,1,image_2,2,False,300,400,f8671d2234080702cb10437b84df43b5876614a2,0010011000000110100100111001001101011011011010110110101110000101,images/sub-05/ses-1/image_2.png,img_0098,exact
5,1,screening,2,image_3,3,False,300,400,43f08de09c1d4344ee0b4705299de79b8aae0064,1000000101000001001100011001110010001100111000111100000111000000,images/sub-05/ses-1/image_3.png,img_0099,exact
5,1,screening,3,image_4,4,False,300,400,024581793c46c729835818e76112b6cb2169c493,0100000001000100000011010001000100110000000010010101101010110100,images/sub-05/ses-1/image_4.png,img_0100,exact
5,1,screening,4,image_5,5,False,300,400,a47230c9501ec7311f1c8c186dd1883a505052cb,1000011111000111011000111100001110000011000001101110110010001100,images/sub-05/ses-1/image_5.png,img_0065,exact
5,1,screening,5,image_6,6,False,300,400,bc26dda3231eedbf2f5ab4c0a517b9a273344a8a,1000000010110000001101111001001110110011101100101001000011110000,images/sub-05/ses-1/image_6.png,img_0159,unique
5,1,screening,6,image_7,7,False,300,400,5f938061f73c60f9a05a1e73d1cd834d733081fb,1110110101100111001001010100101100000011000101111000110001110001,images/sub-05/ses-1/image_7.png,img_0103,exact
5,1,screening,7,image_8,8,False,300,400,57389bb23217de0d98503f0896e838b0fb7cc0c0,1100100011000100000011010001101100110110000011101001111010101110,images/sub-05/ses-1/image_8.png,img_0104,exact
5,1,screening,8,image_9,9,False,300,400,fe057f2bfd88bc4e25699f6a5b25deb442cb00dc,1111001010110110111010001100011011010110111001010111101000101010,images/sub-05/ses-1/image_9.png,img_0105,exact
5,1,screening,9,image_11,11,False,300,400,37a9c0110da29c2c2392a7fff4831b58933b6a77,1001011010001100110010000100110001110000101100100101100000000000,images/sub-05/ses-1/image_11.png,img_0106,exact
5,1,screening,10,image_12,12,False,300,400,5ef28556c88aa6ab2e122fa502aa5af71cb68e9c,0001100000000010110000111100011111000110100001111000111000001110,images/sub-05/ses-1/image_12.png,img_0107,exact
5,1,screening,11,image_13,13,False,300,400,3da81b34dbea49871669a4d93be870966a810c6c,1010001110100101011001010110011101110011111000101010011010101110,images/sub-05/ses-1/image_13.png,img_0011,exact
5,1,screening,12,image_14,14,False,300,400,fb36b1698b927dcd89f0dc05b1afa1319b8e1272,1100110011001101100001001000110010001101010011001100111100110011,images/sub-05/ses-1/image_14.png,img_0006,exact
5,1,screening,13,image_15,15,False,300,400,fea7d69eabbba99726b97ae13d336b085650c03a,0100110001000100001011000000110110001100001001100010001100110111,images/sub-05/ses-1/image_15.png,img_0110,exact
5,1,screening,14,image_16,16,False,300,400,6954cf083464d777afb874920a8e31aea3657c43,1100110011001011010010111100101110000011100011111000111110001111,images/sub-05/ses-1/image_16.png,img_0160,unique
5,1,screening,15,image_17,17,False,300,400,d1781a4a6862c27fc23c3c38cc6fb399ba35684f,0010100000010110000111100110100110100110101001101011001001110001,images/sub-05/ses-1/image_17.png,img_0111,exact
5,1,screening,16,image_18,18,False,300,400,bbc4e64b741b1d4cf6db5099fee2b0afeed08036,0000111100010111001010110010110001000110110110101011010010010110,images/sub-05/ses-1/image_18.png,img_0077,exact
5,1,screening,17,image_19,19,False,300,400,657007429462256f7af36197fa8c66c8b688e073,1110000000110000000011001100110101001000011110010011100110110000,images/sub-05/ses-1/image_19.png,img_0161,unique
5,1,screening,18,image_21,21,False,300,400,56162d4cc7e94e05da4bb9fffe25bd312481697c,0101110001111001011100100111010000110110101101111100011111001100,images/sub-05/ses-1/image_21.png,img_0114,exact
5,1,screening,19,image_22,22,False,300,400,09d2424584c4d22552b806d65e2c6882f46f5af1,1010011011110110001101101001111110011111101101111011001110011011,images/sub-05/ses-1/image_22.png,img_0162,unique
5,1,screening,20,image_23,23,False,300,400,e5e3a3767da69e6622018bac8f3d94dd5b8b1e0c,0100011010010110101100101011001010110011101100110011001000110011,images/sub-05/ses-1/image_23.png,img_0163,unique
5,1,screening,21,image_24,24,False,300,400,94fb82279749e81d99eb552b18a777ed418ed0ae,0011010000010110001101110001001100000001001001010000010100100101,images/sub-05/ses-1/image_24.png,img_0164,unique
5,1,screening,22,image_25,25,False,300,400,3e78dbcade173c462fa834ba8167910ca8032cc9,1001001110101001100010011000100110000011100000110110000101110011,images/sub-05/ses-1/image_25.png,img_0165,unique
5,1,screening,23,image_26,26,False,300,400,566e2993324d06249da58f6b93a0b937161225d3,0110011100001111100110011001100111111001011110011111100011110000,images/sub-05/ses-1/image_26.png,img_0166,unique
5,1,screening,24,image_27,27,False,300,400,7909cc70959c3d372c2536d055143f5d72c8d96e,0100111001001010110011101100110110010110001100110011001101101011,images/sub-05/ses-1/image_27.png,img_0120,exact
5,1,screening,25,image_28,28,False,300,400,ab3dac77fae0efc6cde2959c35486e4420594ef2,1000001100001011000011010110110101101101111000011101001100111000,images/sub-05/ses-1/image_28.png,img_0051,exact
5,1,screening,26,image_29,29,False,300,400,acf7962a87b7bf11935700e6a525c1f9ccf9a7d5,1000011110011011100110110011011010011110000100110011000101110001,images/sub-05/ses-1/image_29.png,img_0122,exact
5,1,screening,27,image_31,31,False,300,400,c6f8b1dbf997f8b9384ce0d750ed28221f639045,0001001000010010000100100011001000010010001010110011101001101110,images/sub-05/ses-1/image_31.png,img_0123,exact
5,1,screening,28,image_32,32,False,300,400,76ccd06b3bef34f0e33dd50b31143a4f35d934c8,1010100010011100101010001010100110100000101100101100110011011001,images/sub-05/ses-1/image_32.png,img_0167,unique
5,1,screening,29,image_33,33,False,300,400,80246b44a4c10f872285ee4fae8e75a44a8cda63,1101111111011111110100111101101110011111100011101000110000001001,images/sub-05/ses-1/image_33.png,img_0168,unique
5,1,screening,30,image_34,34,False,300,400,24c7a0a6bca743dcf1a1035bb27b03b384fe02d2,1001100110010001101100001011000011110001111101011111100111111011,images/sub-05/ses-1/image_34.png,img_0126,exact
5,1,screening,31,image_35,35,False,300,400,f2bcf64dcf5824fc4670f0c85707d4dbe3de9d89,0101011010110110100001101001011010001110011001001000010111010111,images/sub-05/ses-1/image_35.png,img_0169,unique
5,1,screening,32,image_36,36,False,300,400,53d533e39d0e8e0c48609b1fdb026aa75eb976f5,1011000111101000100001001100010010000011100101100011011011100010,images/sub-05/ses-1/image_36.png,img_0128,exact
5,1,screening,33,image_37,37,False,300,400,862046e076ec71eb86e3084d5c9447324a42207e,0000000100000101001110010111010101010101010101010101010101010101,images/sub-05/ses-1/image_37.png,img_0170,unique
5,1,screening,34,image_38,38,False,300,400,decce72537d3a14d429038891da39da24d9eeca8,0111101110100100110101101111001101100010110010011001011110100100,images/sub-05/ses-1/image_38.png,img_0045,near
5,1,screening,35,image_39,39,False,300,400,977b575e9116890964c35896ff98e1434f31529b,1110100011001100100101001000010010110000111000101011000100110011,images/sub-05/ses-1/image_39.png,img_0010,exact
5,1,screening,36,image_41,41,False,300,400,1625fa780f9afe6ff3dd003f3478d98c57014d08,0001101100001101001001110111100101001101000011010000011100100001,images/sub-05/ses-1/image_41.png,img_0024,exact
5,1,screening,37,image_42,42,False,300,400,bf1d5b6cd2e826e267131ae78d913ce46a1d878d,1110010100000111000000110110001101100011011001110110011111011111,images/sub-05/ses-1/image_42.png,img_0171,unique
5,1,screening,38,image_43,43,False,300,400,38bae1208f9e33334834262e4459e9ebbcbbdab4,1000100000111001011110010111100111111001111110010011100110111001,images/sub-05/ses-1/image_43.png,img_0134,exact
5,1,screening,39,image_44,44,False,300,400,f3c909ff37187d4221da717e907eb7a4735cddea,0000110000011001000110011010000110100101101000010001100100000011,images/sub-05/ses-1/image_44.png,img_0172,unique
5,1,screening,40,image_45,45,False,300,400,98508fa9c22d95b403b603f7347c243a75d093e1,1010000101001001100100010010010101011010000111000000110100001101,images/sub-05/ses-1/image_45.png,img_0173,unique
5,1,screening,41,image_46,46,False,300,400,200cacb24e0025551a504ee5b130aa904bf72701,1111111111111111000111110011111101100011000010110001001111100011,images/sub-05/ses-1/image_46.png,img_0174,unique
5,1,screening,42,image_47,47,False,300,400,887352cfe5777d4af43cb0124deb64ed0e6acec3,1000100010011010011001100011010110100110101011101001110011011100,images/sub-05/ses-1/image_47.png,img_0138,exact
5,1,screening,43,image_48,48,False,300,400,090d4fa1ba3907e3fd0280f695cda206623b5459,0110010011011000000110010000100111001011110010111100100011010000,images/sub-05/ses-1/image_48.png,img_0139,exact
5,1,screening,44,image_49,49,False,300,400,43c3c4eaeabff130c3d0b4dd6a2caca9956581c3,0101100100011001010110110011001111000110001001101010110100001100,images/sub-05/ses-1/image_49.png,img_0140,exact
5,1,screening,45,image_51,51,False,300,400,751db7881cf1e2e72625b4d9a6ad153805f02ac8,0011111000011101100110011001111010001011010001100011001001110001,images/sub-05/ses-1/image_51.png,img_0141,exact
5,1,screening,46,image_52,52,False,300,400,36aca39f4482e32b736e17acf4f304955ba1f721,1011001000110010101001111000010110001001101011010010110111101101,images/sub-05/ses-1/image_52.png,img_0142,exact
5,1,screening,47,image_53,53,False,300,400,b5086103c2eb2665707e6eb9694b63f28f782ec2,1100110010010110101100101111001011110000011101000100111010010011,images/sub-05/ses-1/image_53.png,img_0054,exact
5,1,screening,48,image_54,54,False,300,400,e1c0c39efa713bf02738a87bdf42c103ecf9b895,0101100011011000101100101011001010110000101100101101011111011110,images/sub-05/ses-1/image_54.png,img_0144,exact
5,1,screening,49,image_55,55,False,300,400,bfecb530f5825582db6640588ebc53a1a374b9b5,1101010010110000101100001001001000100000001000101100101101000111,images/sub-05/ses-1/image_55.png,img_0145,exact
5,1,screening,50,image_56,56,False,300,400,88cb613fa077fcbaad16a7d3347d61ce670ebbd6,1101011101110011011100100011001000011010000111110110111110100101,images/sub-05/ses-1/image_56.png,img_0019,exact
5,1,screening,51,image_57,57,False,300,400,2efb390fa5e4c0ca52fb50c7fda55b68ee017432,0011000011100100111001101000011010000100010001001000110100011111,images/sub-05/ses-1/image_57.png,img_0175,unique
5,1,screening,52,image_58,58,False,300,400,6cc5c665d98ad0f62c014b2bfbe1a069676a3141,1111110011111111110110111101101101110110000011101100110010110000,images/sub-05/ses-1/image_58.png,img_0026,exact
5,1,screening,53,image_59,59,False,300,400,9806731c5857bda1b7bf99f4ae433010ba45623d,1110010011101100111010011111111100100111001000110010001000010100,images/sub-05/ses-1/image_59.png,img_0176,unique
5,1,screening,54,image_61,61,False,300,400,4ec67e9b22aad8d59dd417e9f666b3ec2e78063a,1100101111001001110110011101100111011001110010000011100000101000,images/sub-05/ses-1/image_61.png,img_0150,exact
5,1,screening,55,image_62,62,False,300,400,97f9756d66a546478348a5b4b1558aa0f1e324e6,1100100110011001100110010011011000110100011101000011110010111100,images/sub-05/ses-1/image_62.png,img_0092,near
5,1,screening,56,image_63,63,False,300,400,7f21cdf9f07dc25a4bfc35e5e7dad40d4f050d48,0111000001100000100111001110101011100000110101001001010010011110,images/sub-05/ses-1/image_63.png,img_0177,unique
5,1,screening,57,image_64,64,False,300,400,29174eaf04049660b38ec1dc650f781177f7ed3f,1001101110110001001100110111001101110011011100111101001001110110,images/sub-05/ses-1/image_64.png,img_0153,exact
5,1,screening,58,image_65,65,False,300,400,45cbb7ae813a284434ac860ba715c654585bf3fe,0100101101001110110001000100110011001110100001111001000100111001,images/sub-05/ses-1/image_65.png,img_0178,unique
5,1,screening,59,image_66,66,False,300,400,38c5adf9fe9ea8b9f8cc3e216e781fe623f6044d,0110010010110010101100100011011010110110110101101100111011000111,images/sub-05/ses-1/image_66.png,img_0179,unique
5,1,screening,60,image_67,67,False,300,400,3f4bd27e6ceb77d8e0a79c62ae666cbb3ffe785d,1011010000111000011011001110110001101100111010011001110000011110,images/sub-05/ses-1/image_67.png,img_0060,exact
5,1,screening,61,image_68,68,False,300,400,741d861c23a9733fcb5e924e0aa5e43c0970dfb9,1100100111001001110010011010110111111000110110001011100001111000,images/sub-05/ses-1/image_68.png,img_0061,exact
5,1,screening,62,image_69,69,False,300,400,3cc77d84e5de4d578478a327c4366c65e38e1bdb,0011001010100000011000001100100011001100111001000011010010001100,images/sub-05/ses-1/image_69.png,img_0048,exact
5,2,sternberg,0,image_33,33,False,300,400,80246b44a4c10f872285ee4fae8e75a44a8cda63,1101111111011111110100111101101110011111100011101000110000001001,images/sub-05/ses-2/image_33.png,img_0168,exact
5,2,sternberg,1,image_53,53,False,300,400,b5086103c2eb2665707e6eb9694b63f28f782ec2,1100110010010110101100101111001011110000011101000100111010010011,images/sub-05/ses-2/image_53.png,img_0054,exact
5,2,sternberg,2,image_47,47,False,300,400,887352cfe5777d4af43cb0124deb64ed0e6acec3,1000100010011010011001100011010110100110101011101001110011011100,images/sub-05/ses-2/image_47.png,img_0138,exact
5,2,sternberg,3,image_5,5,False,300,400,a47230c9501ec7311f1c8c186dd1883a505052cb,1000011111000111011000111100001110000011000001101110110010001100,images/sub-05/ses-2/image_5.png,img_0065,exact
5,2,sternberg,4,image_45,45,False,300,400,98508fa9c22d95b403b603f7347c243a75d093e1,1010000101001001100100010010010101011010000111000000110100001101,images/sub-05/ses-2/image_45.png,img_0173,exact
5,2,sternberg,5,image_999,999,True,300,400,bfc604369a8e2c010f0b4ca0e0f3fea35743be61,0000000000100001000000000010010101100101000000000000000100000000,images/sub-05/ses-2/image_999.png,img_null,exact
6,1,screening,0,image_1,1,False,300,400,6e0a66f09d31b4e52c6e0218c9e971df8416dcda,1100010011010010100100101000001110110010101100101010011000000000,images/sub-06/ses-1/image_1.png,img_0180,unique
6,1,screening,1,image_2,2,False,300,400,a25d5624253ea5924d98c93adea6dd77e77507d5,0000000000000000001110000001111000000111000000110000001000000000,images/sub-06/ses-1/image_2.png,img_0181,unique
6,1,screening,2,image_3,3,False,300,400,9b5af52d0ea01328dc94e9ae49122190e252ae5d,0000111101001111110111111100111111101111111111111010111111110010,images/sub-06/ses-1/image_3.png,img_0182,unique
6,1,screening,3,image_4,4,False,300,400,81b9ff358429ee8932563dd2e53d7b786612bc17,0000001000000101001000010000001100010110011110011100000000000000,images/sub-06/ses-1/image_4.png,img_0183,unique
6,1,screening,4,image_5,5,False,300,400,b07b74999d9abdb7a4f1196b06f9af92e9c2bf3e,0010110010001101000011110100101101001011010001110100011100000110,images/sub-06/ses-1/image_5.png,img_0184,unique
6,1,screening,5,image_6,6,False,300,400,5b2927b17db506be099f12ce74e8f71587cb28d8,0100110100010100000010110101100101001001010010110100101100001011,images/sub-06/ses-1/image_6.png,img_0185,unique
6,1,screening,6,image_7,7,False,300,400,362da11eb3ff34cfd16d922f6442ec5bbd912cc6,0000111000101110011101110111011100110111000001010001111110011110,images/sub-06/ses-1/image_7.png,img_0186,unique
6,1,screening,7,image_8,8,False,300,400,70d00faf1cfe8b259112ca2377ce2e1b28074048,0000000000000001001001010010001101110011000000110000001101100000,images/sub-06/ses-1/image_8.png,img_0187,unique
6,1,screening,8,image_9,9,False,300,400,e803233c05afa668f9ff09b8594e2f58e823692f,1000000100010110000101110001011101001001010110010001101100010011,images/sub-06/ses-1/image_9.png,img_0188,unique
6,1,screening,9,image_11,11,False,300,400,a08faddf51c571bc19448ff8f6748b0510ebcafa,1111011111001111111011111101001111100111110100011101100111010110,images/sub-06/ses-1/image_11.png,img_0189,unique
6,1,screening,10,image_12,12,False,300,400,8a72d51514c07ae915766f7a42899c8cfa6a1375,0110010001101100011010010000101001101010011010010110011001100100,images/sub-06/ses-1/image_12.png,img_0190,unique
6,1,screening,11,image_13,13,False,300,400,0aed28f7b1597fb35efca31a5a7fed1a45fd7645,1101100011011000110100001101000011000100110101001100010011100100,images/sub-06/ses-1/image_13.png,img_0191,unique
6,1,screening,12,image_14,14,False,300,400,cee8c37a159ff66f3a11af2a61a5b3ce3ced2274,0000111110010110100101101001011000000110000011100000011100001111,images/sub-06/ses-1/image_14.png,img_0192,unique
6,1,screening,13,image_15,15,False,300,400,84ad1443d0206cb5a57e9ac4492674cc28778542,1111100111011101111101110111011001110110111010111111100100111001,images/sub-06/ses-1/image_15.png,img_0193,unique
6,1,screening,14,image_16,16,False,300,400,593c24db6b8b8ffef62eaa864fd7c45fe7af6137,1111000011001010111000100111001010001100110011000000110000110111,images/sub-06/ses-1/image_16.png,img_0194,unique
6,1,screening,15,image_17,17,False,300,400,41211f372903c62ca4ac88674cae0b1745fc6544,0011101001101101111011011110110111011000110111001111110001111100,images/sub-06/ses-1/image_17.png,img_0195,unique
6,1,screening,16,image_18,18,False,300,400,92d85ebd9ebe1032ab3886f737963f62f20e74a8,1001100010001110000011100000111100010111001100111001001010010000,images/sub-06/ses-1/image_18.png,img_0196,unique
6,1,screening,17,image_19,19,False,300,400,a2c6a4fda888cb49fc6002b98f1a8f9c4bb16c01,0000110000101100000011000100111001001110000011000001110011100111,images/sub-06/ses-1/image_19.png,img_0197,unique
6,1,screening,18,image_21,21,False,300,400,d899c2d6ee170f9a0ea2f9c29aa5453942dc8816,1000000011010011110100111101010110011100111100001111000011110010,images/sub-06/ses-1/image_21.png,img_0198,unique
6,1,screening,19,image_22,22,False,300,400,6e8fb1befa7110b297d3534781067676bb32877b,1111001011110110111001001101100011001000111011001110110011110000,images/sub-06/ses-1/image_22.png,img_0199,unique
6,1,screening,20,image_23,23,False,300,400,071f1df8c2f0d2fcc0b855adafab716a86b6d5aa,0000000011000000100000001000000011000000110000001000000010000000,images/sub-06/ses-1/image_23.png,img_0200,unique
6,1,screening,21,image_24,24,False,300,400,06db19ac8347b97e30b2d9979a3e37ba747595ca,1001000010100010101100011011000101111000101110001101100111111101,images/sub-06/ses-1/image_24.png,img_0201,unique
6,1,screening,22,image_25,25,False,300,400,eb2e33ab83b794ffaec9446eae48eaca231fc11e,0001111100111110001000111101000110011001100111011110000100110111,images/sub-06/ses-1/image_25.png,img_0202,unique
6,1,screening,23,image_26,26,False,300,400,7d646599943a72a0a4b7a271cf4f1123cd4e8ea3,0101101101000011011001101100000111100001101100011101111111110110,images/sub-06/ses-1/image_26.png,img_0203,unique
6,1,screening,24,image_27,27,False,300,400,bf54600c58a970c857d1c7fa9f3c2cea2643a68c,0110001000111001010000001101110010011110100110001110100000110110,images/sub-06/ses-1/image_27.png,img_0204,unique
6,1,screening,25,image_28,28,False,300,400,70d2e1e9c4844a120b6b3f9c0ff7993445464a54,0101101111001000101101001100110001101000111000011011010100101110,images/sub-06/ses-1/image_28.png,img_0205,unique
6,1,screening,26,image_29,29,False,300,400,5102946f6bce7ca9ed1e213af5767af26f2de191,0001000001010011011001110110010011001100100001101001011000100111,images/sub-06/ses-1/image_29.png,img_0206,unique
6,1,screening,27,image_31,31,False,300,400,87c639577b2b86752c6615b3ba2f67226e9d67ae,1110001001011011010110010010100100101001011011010010001100010010,images/sub-06/ses-1/image_31.png,img_0207,unique
6,1,screening,28,image_32,32,False,300,400,7d21f97764a30f1b5da4c37fe607703d1de7e66b,1001001010110010110110001100010110110100001001101110011101100111,images/sub-06/ses-1/image_32.png,img_0208,unique
6,1,screening,29,image_33,33,False,300,400,56c13b2ac1e817666aa02ef79cb5503ac9aa927c,0011101100011111001011011110011101010011011001100001111010011010,images/sub-06/ses-1/image_33.png,img_0209,unique
6,1,screening,30,image_34,34,False,300,400,2b779391fd37c9a556496a8237ea577818616ce9,0101101101010111000111111001101110011101100011001100100011001101,images/sub-06/ses-1/image_34.png,img_0210,unique
6,1,screening,31,image_35,35,False,300,400,22e1805003a38557d5df7ba99c8e453d782d0b21,1000100011001110100011101000111101001101011100010000111100001111,images/sub-06/ses-1/image_35.png,img_0211,unique
6,1,screening,32,image_36,36,False,300,400,34979a47a5e0d3b21d1eccfc5a764a5a1b9c0c6a,1001111110011111100111111001011010010101101111010001110101010110,images/sub-06/ses-1/image_36.png,img_0212,unique
6,1,screening,33,image_37,37,False,300,400,ad96308863c3c58cdace789141a56348d4eda129,1101100011001100111001101110011011101110111001101110010011111000,images/sub-06/ses-1/image_37.png,img_0213,unique
6,1,screening,34,image_38,38,False,300,400,5a97feba0be3cd67797a5fe218e4c5bdd812c2c6,1010101110000011000011010010110101101101111000010101000110111000,images/sub-06/ses-1/image_38.png,img_0214,unique
6,1,screening,35,image_39,39,False,300,400,c16c1711b7ed36427e738c100bba13e12b07e3bb,1110100111011011000000110010011100001100000011000011001001110010,images/sub-06/ses-1/image_39.png,img_0215,unique
6,1,screening,36,image_41,41,False,300,400,72d7112a5e729412105664ef0ea6ed0272a9557f,1110000011000000000011000111110001101001000010010001001100110000,images/sub-06/ses-1/image_41.png,img_0216,unique
6,1,screening,37,image_42,42,False,300,400,f3ac85c71076ff921269c283c762a99b3b9cc2e4,1110000110010000001010000011001100010011010010010101101111110000,images/sub-06/ses-1/image_42.png,img_0217,unique
6,1,screening,38,image_43,43,False,300,400,0ed36222b0a64294a86be987ab40e52dcaa259ad,1000000000001000100101100111110011110000001001100010001110101110,images/sub-06/ses-1/image_43.png,img_0218,unique
6,1,screening,39,image_44,44,False,300,400,ef272c847f3b9798add93321537dfb7c37ff6ae3,1011100011110000111100101110100011101100101011101001110011110100,images/sub-06/ses-1/image_44.png,img_0219,unique
6,1,screening,40,image_45,45,False,300,400,f07b3a5e404593640ebb6c4b32bdfc6b130ad83a,0000010010000001010011111100111010010110100001000100010000110000,images/sub-06/ses-1/image_45.png,img_0220,unique
6,1,screening,41,image_46,46,False,300,400,cadf6577dfc491ce872e37011544924dd973a61b,1101001011110000101100000001100001101100111111111111111111111110,images/sub-06/ses-1/image_46.png,img_0221,unique
6,1,screening,42,image_47,47,False,300,400,6b0c92f62b8bf4c7f6d44e299e279fcecfc1dafc,1011011010001111100001000011111010001100100001001000110011001001,images/sub-06/ses-1/image_47.png,img_0222,unique
6,1,screening,43,image_48,48,False,300,400,f505b1abf63b0f7cdd014e752826a7efdac0fcde,1001001001011011100111011001010110010011100010111000111001001000,images/sub-06/ses-1/image_48.png,img_0223,unique
6,1,screening,44,image_49,49,False,300,400,63bfec9c004a9c6b82368dd2a5294215a774a7f0,0011001000110011101110011001111011010110001001010110000101110000,images/sub-06/ses-1/image_49.png,img_0224,unique
6,1,screening,45,image_51,51,False,300,400,ec6ac93d191b2a0de492fa75ef93c35f7a5cf4cd,1001111111001111010000111101100110100100101101001110001111001111,images/sub-06/ses-1/image_51.png,img_0225,unique
6,1,screening,46,image_52,52,False,300,400,1709a8ad49723ed141a13fbebe862b218c98bf89,1011111000100011000100110000001100010111100100111000011100000011,images/sub-06/ses-1/image_52.png,img_0226,unique
6,1,screening,47,image_53,53,False,300,400,02b8d36f48072d3f9686d3e6b17c8e4a9049eb3b,1000111110000111111010011000010010101110001010100001101000101100,images/sub-06/ses-1/image_53.png,img_0227,unique
6,1,screening,48,image_54,54,False,300,400,58ae55a2b1f0a223e736c5bdcc3da7a0011a0042,1011100011011000110010010111001110010010001100001101000011111100,images/sub-06/ses-1/image_54.png,img_0228,unique
6,1,screening,49,image_55,55,False,300,400,4073829418d051d61e35e59eaffdcfd517f69738,0000000100100111010000111000101100011001010110010101001100110011,images/sub-06/ses-1/image_55.png,img_0229,unique
6,1,screening,50,image_56,56,False,300,400,a66d49ef3cb4fb09ecafdd5519fe5b5d78ef5cb3,1110101111011011100110110011100100111001001110110011001110111101,images/sub-06/ses-1/image_56.png,img_0230,unique
6,1,screening,51,image_57,57,False,300,400,b2ced4f7ad8ef95081635a0f19236ad8f2ffce4a,0001101000010110000000110000101100010111000001110000111101001110,images/sub-06/ses-1/image_57.png,img_0231,unique
6,1,screening,52,image_58,58,False,300,400,4b65b1807dc2edfdfe63dae78a1312789ddeceb6,0010011100110111101000110100011111001111101110100111000000100000,images/sub-06/ses-1/image_58.png,img_0232,unique
6,1,screening,53,image_59,59,False,300,400,29abf3d1178066b10101e10ac962104be5692c74,1011100100111011110110110001001000111100011000101111001110100000,images/sub-06/ses-1/image_59.png,img_0233,unique
6,2,sternberg,0,image_15,15,False,300,400,84ad1443d0206cb5a57e9ac4492674cc28778542,1111100111011101111101110111011001110110111010111111100100111001,images/sub-06/ses-2/image_15.png,img_0193,exact
6,2,sternberg,1,image_16,16,False,300,400,593c24db6b8b8ffef62eaa864fd7c45fe7af6137,1111000011001010111000100111001010001100110011000000110000110111,images/sub-06/ses-2/image_16.png,img_0194,exact
6,2,sternberg,2,image_21,21,False,300,400,d899c2d6ee170f9a0ea2f9c29aa5453942dc8816,1000000011010011110100111101010110011100111100001111000011110010,images/sub-06/ses-2/image_21.png,img_0198,exact
6,2,sternberg,3,image_39,39,False,300,400,c16c1711b7ed36427e738c100bba13e12b07e3bb,1110100111011011000000110010011100001100000011000011001001110010,images/sub-06/ses-2/image_39.png,img_0215,exact
6,2,sternberg,4,image_49,49,False,300,400,63bfec9c004a9c6b82368dd2a5294215a774a7f0,0011001000110011101110011001111011010110001001010110000101110000,images/sub-06/ses-2/image_49.png,img_0224,exact
6,2,sternberg,5,image_999,999,True,300,400,bfc604369a8e2c010f0b4ca0e0f3fea35743be61,0000000000100001000000000010010101100101000000000000000100000000,images/sub-06/ses-2/image_999.png,img_null,exact
7,1,screening,0,image_1,1,False,300,400,6e0a66f09d31b4e52c6e0218c9e971df8416dcda,1100010011010010100100101000001110110010101100101010011000000000,images/sub-07/ses-1/image_1.png,img_0180,exact
7,1,screening,1,image_2,2,False,300,400,a25d5624253ea5924d98c93adea6dd77e77507d5,0000000000000000001110000001111000000111000000110000001000000000,images/sub-07/ses-1/image_2.png,img_0181,exact
7,1,screening,2,image_3,3,False,300,400,9b5af52d0ea01328dc94e9ae49122190e252ae5d,0000111101001111110111111100111111101111111111111010111111110010,images/sub-07/ses-1/image_3.png,img_0182,exact
7,1,screening,3,image_4,4,False,300,400,81b9ff358429ee8932563dd2e53d7b786612bc17,0000001000000101001000010000001100010110011110011100000000000000,images/sub-07/ses-1/image_4.png,img_0183,exact
7,1,screening,4,image_5,5,False,300,400,b07b74999d9abdb7a4f1196b06f9af92e9c2bf3e,0010110010001101000011110100101101001011010001110100011100000110,images/sub-07/ses-1/image_5.png,img_0184,exact
7,1,screening,5,image_6,6,False,300,400,5b2927b17db506be099f12ce74e8f71587cb28d8,0100110100010100000010110101100101001001010010110100101100001011,images/sub-07/ses-1/image_6.png,img_0185,exact
7,1,screening,6,image_7,7,False,300,400,362da11eb3ff34cfd16d922f6442ec5bbd912cc6,0000111000101110011101110111011100110111000001010001111110011110,images/sub-07/ses-1/image_7.png,img_0186,exact
7,1,screening,7,image_8,8,False,300,400,70d00faf1cfe8b259112ca2377ce2e1b28074048,0000000000000001001001010010001101110011000000110000001101100000,images/sub-07/ses-1/image_8.png,img_0187,exact
7,1,screening,8,image_9,9,False,300,400,e803233c05afa668f9ff09b8594e2f58e823692f,1000000100010110000101110001011101001001010110010001101100010011,images/sub-07/ses-1/image_9.png,img_0188,exact
7,1,screening,9,image_11,11,False,300,400,a08faddf51c571bc19448ff8f6748b0510ebcafa,1111011111001111111011111101001111100111110100011101100111010110,images/sub-07/ses-1/image_11.png,img_0189,exact
7,1,screening,10,image_12,12,False,300,400,8a72d51514c07ae915766f7a42899c8cfa6a1375,0110010001101100011010010000101001101010011010010110011001100100,images/sub-07/ses-1/image_12.png,img_0190,exact
7,1,screening,11,image_13,13,False,300,400,0aed28f7b1597fb35efca31a5a7fed1a45fd7645,1101100011011000110100001101000011000100110101001100010011100100,images/sub-07/ses-1/image_13.png,img_0191,exact
7,1,screening,12,image_14,14,False,300,400,cee8c37a159ff66f3a11af2a61a5b3ce3ced2274,0000111110010110100101101001011000000110000011100000011100001111,images/sub-07/ses-1/image_14.png,img_0192,exact
7,1,screening,13,image_15,15,False,300,400,84ad1443d0206cb5a57e9ac4492674cc28778542,1111100111011101111101110111011001110110111010111111100100111001,images/sub-07/ses-1/image_15.png,img_0193,exact
7,1,screening,14,image_16,16,False,300,400,593c24db6b8b8ffef62eaa864fd7c45fe7af6137,1111000011001010111000100111001010001100110011000000110000110111,images/sub-07/ses-1/image_16.png,img_0194,exact
7,1,screening,15,image_17,17,False,300,400,41211f372903c62ca4ac88674cae0b1745fc6544,0011101001101101111011011110110111011000110111001111110001111100,images/sub-07/ses-1/image_17.png,img_0195,exact
7,1,screening,16,image_18,18,False,300,400,92d85ebd9ebe1032ab3886f737963f62f20e74a8,1001100010001110000011100000111100010111001100111001001010010000,images/sub-07/ses-1/image_18.png,img_0196,exact
7,1,screening,17,image_19,19,False,300,400,a2c6a4fda888cb49fc6002b98f1a8f9c4bb16c01,0000110000101100000011000100111001001110000011000001110011100111,images/sub-07/ses-1/image_19.png,img_0197,exact
7,1,screening,18,image_21,21,False,300,400,d899c2d6ee170f9a0ea2f9c29aa5453942dc8816,1000000011010011110100111101010110011100111100001111000011110010,images/sub-07/ses-1/image_21.png,img_0198,exact
7,1,screening,19,image_22,22,False,300,400,6e8fb1befa7110b297d3534781067676bb32877b,1111001011110110111001001101100011001000111011001110110011110000,images/sub-07/ses-1/image_22.png,img_0199,exact
7,1,screening,20,image_23,23,False,300,400,071f1df8c2f0d2fcc0b855adafab716a86b6d5aa,0000000011000000100000001000000011000000110000001000000010000000,images/sub-07/ses-1/image_23.png,img_0200,exact
7,1,screening,21,image_24,24,False,300,400,06db19ac8347b97e30b2d9979a3e37ba747595ca,1001000010100010101100011011000101111000101110001101100111111101,images/sub-07/ses-1/image_24.png,img_0201,exact
7,1,screening,22,image_25,25,False,300,400,eb2e33ab83b794ffaec9446eae48eaca231fc11e,0001111100111110001000111101000110011001100111011110000100110111,images/sub-07/ses-1/image_25.png,img_0202,exact
7,1,screening,23,image_26,26,False,300,400,7d646599943a72a0a4b7a271cf4f1123cd4e8ea3,0101101101000011011001101100000111100001101100011101111111110110,images/sub-07/ses-1/image_26.png,img_0203,exact
7,1,screening,24,image_27,27,False,300,400,bf54600c58a970c857d1c7fa9f3c2cea2643a68c,0110001000111001010000001101110010011110100110001110100000110110,images/sub-07/ses-1/image_27.png,img_0204,exact
7,1,screening,25,image_28,28,False,300,400,70d2e1e9c4844a120b6b3f9c0ff7993445464a54,0101101111001000101101001100110001101000111000011011010100101110,images/sub-07/ses-1/image_28.png,img_0205,exact
7,1,screening,26,image_29,29,False,300,400,5102946f6bce7ca9ed1e213af5767af26f2de191,0001000001010011011001110110010011001100100001101001011000100111,images/sub-07/ses-1/image_29.png,img_0206,exact
7,1,screening,27,image_31,31,False,300,400,87c639577b2b86752c6615b3ba2f67226e9d67ae,1110001001011011010110010010100100101001011011010010001100010010,images/sub-07/ses-1/image_31.png,img_0207,exact
7,1,screening,28,image_32,32,False,300,400,7d21f97764a30f1b5da4c37fe607703d1de7e66b,1001001010110010110110001100010110110100001001101110011101100111,images/sub-07/ses-1/image_32.png,img_0208,exact
7,1,screening,29,image_33,33,False,300,400,56c13b2ac1e817666aa02ef79cb5503ac9aa927c,0011101100011111001011011110011101010011011001100001111010011010,images/sub-07/ses-1/image_33.png,img_0209,exact
7,1,screening,30,image_34,34,False,300,400,2b779391fd37c9a556496a8237ea577818616ce9,0101101101010111000111111001101110011101100011001100100011001101,images/sub-07/ses-1/image_34.png,img_0210,exact
7,1,screening,31,image_35,35,False,300,400,22e1805003a38557d5df7ba99c8e453d782d0b21,1000100011001110100011101000111101001101011100010000111100001111,images/sub-07/ses-1/image_35.png,img_0211,exact
7,1,screening,32,image_36,36,False,300,400,34979a47a5e0d3b21d1eccfc5a764a5a1b9c0c6a,1001111110011111100111111001011010010101101111010001110101010110,images/sub-07/ses-1/image_36.png,img_0212,exact
7,1,screening,33,image_37,37,False,300,400,ad96308863c3c58cdace789141a56348d4eda129,1101100011001100111001101110011011101110111001101110010011111000,images/sub-07/ses-1/image_37.png,img_0213,exact
7,1,screening,34,image_38,38,False,300,400,5a97feba0be3cd67797a5fe218e4c5bdd812c2c6,1010101110000011000011010010110101101101111000010101000110111000,images/sub-07/ses-1/image_38.png,img_0214,exact
7,1,screening,35,image_39,39,False,300,400,c16c1711b7ed36427e738c100bba13e12b07e3bb,1110100111011011000000110010011100001100000011000011001001110010,images/sub-07/ses-1/image_39.png,img_0215,exact
7,1,screening,36,image_41,41,False,300,400,72d7112a5e729412105664ef0ea6ed0272a9557f,1110000011000000000011000111110001101001000010010001001100110000,images/sub-07/ses-1/image_41.png,img_0216,exact
7,1,screening,37,image_42,42,False,300,400,f3ac85c71076ff921269c283c762a99b3b9cc2e4,1110000110010000001010000011001100010011010010010101101111110000,images/sub-07/ses-1/image_42.png,img_0217,exact
7,1,screening,38,image_43,43,False,300,400,0ed36222b0a64294a86be987ab40e52dcaa259ad,1000000000001000100101100111110011110000001001100010001110101110,images/sub-07/ses-1/image_43.png,img_0218,exact
7,1,screening,39,image_44,44,False,300,400,ef272c847f3b9798add93321537dfb7c37ff6ae3,1011100011110000111100101110100011101100101011101001110011110100,images/sub-07/ses-1/image_44.png,img_0219,exact
7,1,screening,40,image_45,45,False,300,400,f07b3a5e404593640ebb6c4b32bdfc6b130ad83a,0000010010000001010011111100111010010110100001000100010000110000,images/sub-07/ses-1/image_45.png,img_0220,exact
7,1,screening,41,image_46,46,False,300,400,cadf6577dfc491ce872e37011544924dd973a61b,1101001011110000101100000001100001101100111111111111111111111110,images/sub-07/ses-1/image_46.png,img_0221,exact
7,1,screening,42,image_47,47,False,300,400,6b0c92f62b8bf4c7f6d44e299e279fcecfc1dafc,1011011010001111100001000011111010001100100001001000110011001001,images/sub-07/ses-1/image_47.png,img_0222,exact
7,1,screening,43,image_48,48,False,300,400,f505b1abf63b0f7cdd014e752826a7efdac0fcde,1001001001011011100111011001010110010011100010111000111001001000,images/sub-07/ses-1/image_48.png,img_0223,exact
7,1,screening,44,image_49,49,False,300,400,63bfec9c004a9c6b82368dd2a5294215a774a7f0,0011001000110011101110011001111011010110001001010110000101110000,images/sub-07/ses-1/image_49.png,img_0224,exact
7,1,screening,45,image_51,51,False,300,400,ec6ac93d191b2a0de492fa75ef93c35f7a5cf4cd,1001111111001111010000111101100110100100101101001110001111001111,images/sub-07/ses-1/image_51.png,img_0225,exact
7,1,screening,46,image_52,52,False,300,400,1709a8ad49723ed141a13fbebe862b218c98bf89,1011111000100011000100110000001100010111100100111000011100000011,images/sub-07/ses-1/image_52.png,img_0226,exact
7,1,screening,47,image_53,53,False,300,400,02b8d36f48072d3f9686d3e6b17c8e4a9049eb3b,1000111110000111111010011000010010101110001010100001101000101100,images/sub-07/ses-1/image_53.png,img_0227,exact
7,1,screening,48,image_54,54,False,300,400,58ae55a2b1f0a223e736c5bdcc3da7a0011a0042,1011100011011000110010010111001110010010001100001101000011111100,images/sub-07/ses-1/image_54.png,img_0228,exact
7,1,screening,49,image_55,55,False,300,400,4073829418d051d61e35e59eaffdcfd517f69738,0000000100100111010000111000101100011001010110010101001100110011,images/sub-07/ses-1/image_55.png,img_0229,exact
7,1,screening,50,image_56,56,False,300,400,a66d49ef3cb4fb09ecafdd5519fe5b5d78ef5cb3,1110101111011011100110110011100100111001001110110011001110111101,images/sub-07/ses-1/image_56.png,img_0230,exact
7,1,screening,51,image_57,57,False,300,400,b2ced4f7ad8ef95081635a0f19236ad8f2ffce4a,0001101000010110000000110000101100010111000001110000111101001110,images/sub-07/ses-1/image_57.png,img_0231,exact
7,1,screening,52,image_58,58,False,300,400,4b65b1807dc2edfdfe63dae78a1312789ddeceb6,0010011100110111101000110100011111001111101110100111000000100000,images/sub-07/ses-1/image_58.png,img_0232,exact
7,1,screening,53,image_59,59,False,300,400,29abf3d1178066b10101e10ac962104be5692c74,1011100100111011110110110001001000111100011000101111001110100000,images/sub-07/ses-1/image_59.png,img_0233,exact
7,2,sternberg,0,image_7,7,False,300,400,362da11eb3ff34cfd16d922f6442ec5bbd912cc6,0000111000101110011101110111011100110111000001010001111110011110,images/sub-07/ses-2/image_7.png,img_0186,exact
7,2,sternberg,1,image_17,17,False,300,400,41211f372903c62ca4ac88674cae0b1745fc6544,0011101001101101111011011110110111011000110111001111110001111100,images/sub-07/ses-2/image_17.png,img_0195,exact
7,2,sternberg,2,image_27,27,False,300,400,bf54600c58a970c857d1c7fa9f3c2cea2643a68c,0110001000111001010000001101110010011110100110001110100000110110,images/sub-07/ses-2/image_27.png,img_0204,exact
7,2,sternberg,3,image_31,31,False,300,400,87c639577b2b86752c6615b3ba2f67226e9d67ae,1110001001011011010110010010100100101001011011010010001100010010,images/sub-07/ses-2/image_31.png,img_0207,exact
7,2,sternberg,4,image_38,38,False,300,400,5a97feba0be3cd67797a5fe218e4c5bdd812c2c6,1010101110000011000011010010110101101101111000010101000110111000,images/sub-07/ses-2/image_38.png,img_0214,exact
7,2,sternberg,5,image_999,999,True,300,400,bfc604369a8e2c010f0b4ca0e0f3fea35743be61,0000000000100001000000000010010101100101000000000000000100000000,images/sub-07/ses-2/image_999.png,img_null,exact
8,1,screening,0,image_1,1,False,300,400,6e0a66f09d31b4e52c6e0218c9e971df8416dcda,1100010011010010100100101000001110110010101100101010011000000000,images/sub-08/ses-1/image_1.png,img_0180,exact
8,1,screening,1,image_2,2,False,300,400,a25d5624253ea5924d98c93adea6dd77e77507d5,0000000000000000001110000001111000000111000000110000001000000000,images/sub-08/ses-1/image_2.png,img_0181,exact
8,1,screening,2,image_3,3,False,300,400,9b5af52d0ea01328dc94e9ae49122190e252ae5d,0000111101001111110111111100111111101111111111111010111111110010,images/sub-08/ses-1/image_3.png,img_0182,exact
8,1,screening,3,image_4,4,False,300,400,81b9ff358429ee8932563dd2e53d7b786612bc17,0000001000000101001000010000001100010110011110011100000000000000,images/sub-08/ses-1/image_4.png,img_0183,exact
8,1,screening,4,image_5,5,False,300,400,b07b74999d9abdb7a4f1196b06f9af92e9c2bf3e,0010110010001101000011110100101101001011010001110100011100000110,images/sub-08/ses-1/image_5.png,img_0184,exact
8,1,screening,5,image_6,6,False,300,400,5b2927b17db506be099f12ce74e8f71587cb28d8,0100110100010100000010110101100101001001010010110100101100001011,images/sub-08/ses-1/image_6.png,img_0185,exact
8,1,screening,6,image_7,7,False,300,400,362da11eb3ff34cfd16d922f6442ec5bbd912cc6,0000111000101110011101110111011100110111000001010001111110011110,images/sub-08/ses-1/image_7.png,img_0186,exact
8,1,screening,7,image_8,8,False,300,400,70d00faf1cfe8b259112ca2377ce2e1b28074048,0000000000000001001001010010001101110011000000110000001101100000,images/sub-08/ses-1/image_8.png,img_0187,exact
8,1,screening,8,image_9,9,False,300,400,e803233c05afa668f9ff09b8594e2f58e823692f,1000000100010110000101110001011101001001010110010001101100010011,images/sub-08/ses-1/image_9.png,img_0188,exact
8,1,screening,9,image_11,11,False,300,400,a08faddf51c571bc19448ff8f6748b0510ebcafa,1111011111001111111011111101001111100111110100011101100111010110,images/sub-08/ses-1/image_11.png,img_0189,exact
8,1,screening,10,image_12,12,False,300,400,8a72d51514c07ae915766f7a42899c8cfa6a1375,0110010001101100011010010000101001101010011010010110011001100100,images/sub-08/ses-1/image_12.png,img_0190,exact
8,1,screening,11,image_13,13,False,300,400,0aed28f7b1597fb35efca31a5a7fed1a45fd7645,1101100011011000110100001101000011000100110101001100010011100100,images/sub-08/ses-1/image_13.png,img_0191,exact
8,1,screening,12,image_14,14,False,300,400,cee8c37a159ff66f3a11af2a61a5b3ce3ced2274,0000111110010110100101101001011000000110000011100000011100001111,images/sub-08/ses-1/image_14.png,img_0192,exact
8,1,screening,13,image_15,15,False,300,400,84ad1443d0206cb5a57e9ac4492674cc28778542,1111100111011101111101110111011001110110111010111111100100111001,images/sub-08/ses-1/image_15.png,img_0193,exact
8,1,screening,14,image_16,16,False,300,400,593c24db6b8b8ffef62eaa864fd7c45fe7af6137,1111000011001010111000100111001010001100110011000000110000110111,images/sub-08/ses-1/image_16.png,img_0194,exact
8,1,screening,15,image_17,17,False,300,400,41211f372903c62ca4ac88674cae0b1745fc6544,0011101001101101111011011110110111011000110111001111110001111100,images/sub-08/ses-1/image_17.png,img_0195,exact
8,1,screening,16,image_18,18,False,300,400,92d85ebd9ebe1032ab3886f737963f62f20e74a8,1001100010001110000011100000111100010111001100111001001010010000,images/sub-08/ses-1/image_18.png,img_0196,exact
8,1,screening,17,image_19,19,False,300,400,a2c6a4fda888cb49fc6002b98f1a8f9c4bb16c01,0000110000101100000011000100111001001110000011000001110011100111,images/sub-08/ses-1/image_19.png,img_0197,exact
8,1,screening,18,image_21,21,False,300,400,d899c2d6ee170f9a0ea2f9c29aa5453942dc8816,1000000011010011110100111101010110011100111100001111000011110010,images/sub-08/ses-1/image_21.png,img_0198,exact
8,1,screening,19,image_22,22,False,300,400,6e8fb1befa7110b297d3534781067676bb32877b,1111001011110110111001001101100011001000111011001110110011110000,images/sub-08/ses-1/image_22.png,img_0199,exact
8,1,screening,20,image_23,23,False,300,400,071f1df8c2f0d2fcc0b855adafab716a86b6d5aa,0000000011000000100000001000000011000000110000001000000010000000,images/sub-08/ses-1/image_23.png,img_0200,exact
8,1,screening,21,image_24,24,False,300,400,06db19ac8347b97e30b2d9979a3e37ba747595ca,1001000010100010101100011011000101111000101110001101100111111101,images/sub-08/ses-1/image_24.png,img_0201,exact
8,1,screening,22,image_25,25,False,300,400,eb2e33ab83b794ffaec9446eae48eaca231fc11e,0001111100111110001000111101000110011001100111011110000100110111,images/sub-08/ses-1/image_25.png,img_0202,exact
8,1,screening,23,image_26,26,False,300,400,7d646599943a72a0a4b7a271cf4f1123cd4e8ea3,0101101101000011011001101100000111100001101100011101111111110110,images/sub-08/ses-1/image_26.png,img_0203,exact
8,1,screening,24,image_27,27,False,300,400,bf54600c58a970c857d1c7fa9f3c2cea2643a68c,0110001000111001010000001101110010011110100110001110100000110110,images/sub-08/ses-1/image_27.png,img_0204,exact
8,1,screening,25,image_28,28,False,300,400,70d2e1e9c4844a120b6b3f9c0ff7993445464a54,0101101111001000101101001100110001101000111000011011010100101110,images/sub-08/ses-1/image_28.png,img_0205,exact
8,1,screening,26,image_29,29,False,300,400,5102946f6bce7ca9ed1e213af5767af26f2de191,0001000001010011011001110110010011001100100001101001011000100111,images/sub-08/ses-1/image_29.png,img_0206,exact
8,1,screening,27,image_31,31,False,300,400,87c639577b2b86752c6615b3ba2f67226e9d67ae,1110001001011011010110010010100100101001011011010010001100010010,images/sub-08/ses-1/image_31.png,img_0207,exact
8,1,screening,28,image_32,32,False,300,400,7d21f97764a30f1b5da4c37fe607703d1de7e66b,1001001010110010110110001100010110110100001001101110011101100111,images/sub-08/ses-1/image_32.png,img_0208,exact
8,1,screening,29,image_33,33,False,300,400,56c13b2ac1e817666aa02ef79cb5503ac9aa927c,0011101100011111001011011110011101010011011001100001111010011010,images/sub-08/ses-1/image_33.png,img_0209,exact
8,1,screening,30,image_34,34,False,300,400,2b779391fd37c9a556496a8237ea577818616ce9,0101101101010111000111111001101110011101100011001100100011001101,images/sub-08/ses-1/image_34.png,img_0210,exact
8,1,screening,31,image_35,35,False,300,400,22e1805003a38557d5df7ba99c8e453d782d0b21,1000100011001110100011101000111101001101011100010000111100001111,images/sub-08/ses-1/image_35.png,img_0211,exact
8,1,screening,32,image_36,36,False,300,400,34979a47a5e0d3b21d1eccfc5a764a5a1b9c0c6a,1001111110011111100111111001011010010101101111010001110101010110,images/sub-08/ses-1/image_36.png,img_0212,exact
8,1,screening,33,image_37,37,False,300,400,ad96308863c3c58cdace789141a56348d4eda129,1101100011001100111001101110011011101110111001101110010011111000,images/sub-08/ses-1/image_37.png,img_0213,exact
8,1,screening,34,image_38,38,False,300,400,5a97feba0be3cd67797a5fe218e4c5bdd812c2c6,1010101110000011000011010010110101101101111000010101000110111000,images/sub-08/ses-1/image_38.png,img_0214,exact
8,1,screening,35,image_39,39,False,300,400,c16c1711b7ed36427e738c100bba13e12b07e3bb,1110100111011011000000110010011100001100000011000011001001110010,images/sub-08/ses-1/image_39.png,img_0215,exact
8,1,screening,36,image_41,41,False,300,400,72d7112a5e729412105664ef0ea6ed0272a9557f,1110000011000000000011000111110001101001000010010001001100110000,images/sub-08/ses-1/image_41.png,img_0216,exact
8,1,screening,37,image_42,42,False,300,400,f3ac85c71076ff921269c283c762a99b3b9cc2e4,1110000110010000001010000011001100010011010010010101101111110000,images/sub-08/ses-1/image_42.png,img_0217,exact
8,1,screening,38,image_43,43,False,300,400,0ed36222b0a64294a86be987ab40e52dcaa259ad,1000000000001000100101100111110011110000001001100010001110101110,images/sub-08/ses-1/image_43.png,img_0218,exact
8,1,screening,39,image_44,44,False,300,400,ef272c847f3b9798add93321537dfb7c37ff6ae3,1011100011110000111100101110100011101100101011101001110011110100,images/sub-08/ses-1/image_44.png,img_0219,exact
8,1,screening,40,image_45,45,False,300,400,f07b3a5e404593640ebb6c4b32bdfc6b130ad83a,0000010010000001010011111100111010010110100001000100010000110000,images/sub-08/ses-1/image_45.png,img_0220,exact
8,1,screening,41,image_46,46,False,300,400,cadf6577dfc491ce872e37011544924dd973a61b,1101001011110000101100000001100001101100111111111111111111111110,images/sub-08/ses-1/image_46.png,img_0221,exact
8,1,screening,42,image_47,47,False,300,400,6b0c92f62b8bf4c7f6d44e299e279fcecfc1dafc,1011011010001111100001000011111010001100100001001000110011001001,images/sub-08/ses-1/image_47.png,img_0222,exact
8,1,screening,43,image_48,48,False,300,400,f505b1abf63b0f7cdd014e752826a7efdac0fcde,1001001001011011100111011001010110010011100010111000111001001000,images/sub-08/ses-1/image_48.png,img_0223,exact
8,1,screening,44,image_49,49,False,300,400,63bfec9c004a9c6b82368dd2a5294215a774a7f0,0011001000110011101110011001111011010110001001010110000101110000,images/sub-08/ses-1/image_49.png,img_0224,exact
8,1,screening,45,image_51,51,False,300,400,ec6ac93d191b2a0de492fa75ef93c35f7a5cf4cd,1001111111001111010000111101100110100100101101001110001111001111,images/sub-08/ses-1/image_51.png,img_0225,exact
8,1,screening,46,image_52,52,False,300,400,1709a8ad49723ed141a13fbebe862b218c98bf89,1011111000100011000100110000001100010111100100111000011100000011,images/sub-08/ses-1/image_52.png,img_0226,exact
8,1,screening,47,image_53,53,False,300,400,02b8d36f48072d3f9686d3e6b17c8e4a9049eb3b,1000111110000111111010011000010010101110001010100001101000101100,images/sub-08/ses-1/image_53.png,img_0227,exact
8,1,screening,48,image_54,54,False,300,400,58ae55a2b1f0a223e736c5bdcc3da7a0011a0042,1011100011011000110010010111001110010010001100001101000011111100,images/sub-08/ses-1/image_54.png,img_0228,exact
8,1,screening,49,image_55,55,False,300,400,4073829418d051d61e35e59eaffdcfd517f69738,0000000100100111010000111000101100011001010110010101001100110011,images/sub-08/ses-1/image_55.png,img_0229,exact
8,1,screening,50,image_56,56,False,300,400,a66d49ef3cb4fb09ecafdd5519fe5b5d78ef5cb3,1110101111011011100110110011100100111001001110110011001110111101,images/sub-08/ses-1/image_56.png,img_0230,exact
8,1,screening,51,image_57,57,False,300,400,b2ced4f7ad8ef95081635a0f19236ad8f2ffce4a,0001101000010110000000110000101100010111000001110000111101001110,images/sub-08/ses-1/image_57.png,img_0231,exact
8,1,screening,52,image_58,58,False,300,400,4b65b1807dc2edfdfe63dae78a1312789ddeceb6,0010011100110111101000110100011111001111101110100111000000100000,images/sub-08/ses-1/image_58.png,img_0232,exact
8,1,screening,53,image_59,59,False,300,400,29abf3d1178066b10101e10ac962104be5692c74,1011100100111011110110110001001000111100011000101111001110100000,images/sub-08/ses-1/image_59.png,img_0233,exact
8,2,sternberg,0,image_8,8,False,300,400,70d00faf1cfe8b259112ca2377ce2e1b28074048,0000000000000001001001010010001101110011000000110000001101100000,images/sub-08/ses-2/image_8.png,img_0187,exact
8,2,sternberg,1,image_33,33,False,300,400,56c13b2ac1e817666aa02ef79cb5503ac9aa927c,0011101100011111001011011110011101010011011001100001111010011010,images/sub-08/ses-2/image_33.png,img_0209,exact
8,2,sternberg,2,image_35,35,False,300,400,22e1805003a38557d5df7ba99c8e453d782d0b21,1000100011001110100011101000111101001101011100010000111100001111,images/sub-08/ses-2/image_35.png,img_0211,exact
8,2,sternberg,3,image_37,37,False,300,400,ad96308863c3c58cdace789141a56348d4eda129,1101100011001100111001101110011011101110111001101110010011111000,images/sub-08/ses-2/image_37.png,img_0213,exact
8,2,sternberg,4,image_45,45,False,300,400,f07b3a5e404593640ebb6c4b32bdfc6b130ad83a,0000010010000001010011111100111010010110100001000100010000110000,images/sub-08/ses-2/image_45.png,img_0220,exact
8,2,sternberg,5,image_999,999,True,300,400,bfc604369a8e2c010f0b4ca0e0f3fea35743be61,0000000000100001000000000010010101100101000000000000000100000000,images/sub-08/ses-2/image_999.png,img_null,exact
9,1,screening,0,image_1,1,False,300,400,e99ec556399a7c061db8e1a5566cc6f055324b71,1100110011100100111101101111011011110010110100101111011010010110,images/sub-09/ses-1/image_1.png,img_0000,exact
9,1,screening,1,image_2,2,False,300,400,08764350c7b28119caa7fd7c0b2831a1093b0c64,0110111101110001001100011001000001100010001110010001001110010011,images/sub-09/ses-1/image_2.png,img_0001,exact
9,1,screening,2,image_3,3,False,300,400,3a189bc508c82a6f527925a342a24861e3a3c5ae,1100011011010010101100000011100110111001000110100001001001010010,images/sub-09/ses-1/image_3.png,img_0002,exact
9,1,screening,3,image_4,4,False,300,400,4ef9dc36f6b102da9aa2939a235601730c02f38d,1011001000110010001000000011000001110000111100001101000001110011,images/sub-09/ses-1/image_4.png,img_0003,exact
9,1,screening,4,image_5,5,False,300,400,e5e3f6743aa72e57adf1c8dd7ea293c99d82043b,0001111000111011011100110111001100100110001111000001110000111110,images/sub-09/ses-1/image_5.png,img_0004,exact
9,1,screening,5,image_6,6,False,300,400,d1ac4a70f845690df3df1da3c843126a40912eab,1000010110000101100001010010001100110011000000110000011100001011,images/sub-09/ses-1/image_6.png,img_0005,exact
9,1,screening,6,image_7,7,False,300,400,fb36b1698b927dcd89f0dc05b1afa1319b8e1272,1100110011001101100001001000110010001101010011001100111100110011,images/sub-09/ses-1/image_7.png,img_0006,exact
9,1,screening,7,image_8,8,False,300,400,a83f981626e6f4c93295800681041eba7b05b712,1000110000100110011001100010011000000110000001010000110101101110,images/sub-09/ses-1/image_8.png,img_0007,exact
9,1,screening,8,image_9,9,False,300,400,3adf7e0eea827d97174b1a04c6f8f8ab7c012dc1,0101001001011000110101001001010000010101000100001001100110011001,images/sub-09/ses-1/image_9.png,img_0008,exact
9,1,screening,9,image_11,11,False,300,400,aaf9067a8394e96d07d90ce4e7c4b5694aec83f3,1110110011100100111110001110000011011011111101110111010011110100,images/sub-09/ses-1/image_11.png,img_0009,exact
9,1,screening,10,image_12,12,False,300,400,977b575e9116890964c35896ff98e1434f31529b,1110100011001100100101001000010010110000111000101011000100110011,images/sub-09/ses-1/image_12.png,img_0010,exact
9,1,screening,11,image_13,13,False,300,400,3da81b34dbea49871669a4d93be870966a810c6c,1010001110100101011001010110011101110011111000101010011010101110,images/sub-09/ses-1/image_13.png,img_0011,exact
9,1,screening,12,image_14,14,False,300,400,98a1e24446f8fa3139b7e7696f0883229100514e,0110001011100110100111101010110011101100110111001001100101011000,images/sub-09/ses-1/image_14.png,img_0234,unique
9,1,screening,13,image_15,15,False,300,400,1ddcae863a6008712418ce6783adf15a4218cc65,1100001111001011110010011100100111001001100110010011001100110011,images/sub-09/ses-1/image_15.png,img_0013,exact
9,1,screening,14,image_16,16,False,300,400,177e77125ecdcbecb700c9ba517db158cf95663d,0000111100010111000101110000111100001111001001110010001100101111,images/sub-09/ses-1/image_16.png,img_0014,exact
9,1,screening,15,image_17,17,False,300,400,ec1bb43639d79a61548b8f68c798951c59b0aef8,0011101100111100011011000110110000110110001100110011001100100101,images/sub-09/ses-1/image_17.png,img_0015,exact
9,1,screening,16,image_18,18,False,300,400,b1b570a61e471fc0dbb7f0e5234226a68668bbdc,1100100011100000111000101100001011100010111000101100000010000100,images/sub-09/ses-1/image_18.png,img_0016,exact
9,1,screening,17,image_19,19,False,300,400,83a355332d355b8b62d3c365a8b8cd685b16b6c1,1001010110010110100101110010110101101101011011010010100100010011,images/sub-09/ses-1/image_19.png,img_0017,exact
9,1,screening,18,image_21,21,False,300,400,81f3165939715b1888f2a9a544af5ef3315cd461,0110110110001101100011011000110110010001100000110110010011011101,images/sub-09/ses-1/image_21.png,img_0018,exact
9,1,screening,19,image_22,22,False,300,400,88cb613fa077fcbaad16a7d3347d61ce670ebbd6,1101011101110011011100100011001000011010000111110110111110100101,images/sub-09/ses-1/image_22.png,img_0019,exact
9,1,screening,20,image_23,23,False,300,400,ed39db5d7dbc5bab66cf6df390feb51df90f6b55,0000011110100110001001100110011001100110011100111111000110111100,images/sub-09/ses-1/image_23.png,img_0020,exact
9,1,screening,21,image_24,24,False,300,400,daf08478b754491656cb8c5c3d165ebdf123ca1a,1001001110110011111100011110100011110100111100101011001110110010,images/sub-09/ses-1/image_24.png,img_0021,exact
9,1,screening,22,image_25,25,False,300,400,ccf6b962471ace42cf29406a4ed2f1f6e6d5a196,1010100111001111101010011000110010001101010011110101101000011111,images/sub-09/ses-1/image_25.png,img_0022,exact
9,1,screening,23,image_26,26,False,300,400,24dd5349e4cee37a217a311d226c0d47e0eff059,0011001100110011001100110011001100110011001100110011001100110011,images/sub-09/ses-1/image_26.png,img_0023,near
9,1,screening,24,image_27,27,False,300,400,1625fa780f9afe6ff3dd003f3478d98c57014d08,0001101100001101001001110111100101001101000011010000011100100001,images/sub-09/ses-1/image_27.png,img_0024,exact
9,1,screening,25,image_28,28,False,300,400,ab3dac77fae0efc6cde2959c35486e4420594ef2,1000001100001011000011010110110101101101111000011101001100111000,images/sub-09/ses-1/image_28.png,img_0051,exact
9,1,screening,26,image_29,29,False,300,400,6cc5c665d98ad0f62c014b2bfbe1a069676a3141,1111110011111111110110111101101101110110000011101100110010110000,images/sub-09/ses-1/image_29.png,img_0026,exact
9,1,screening,27,image_31,31,False,300,400,05235113cd85bcebc9c83a7fac1d5c3ce799b497,0011110000011100000011001100110011101100110011001100100011110000,images/sub-09/ses-1/image_31.png,img_0235,unique
9,1,screening,28,image_32,32,False,300,400,887d8247d447e415ac2fa96552fecb182f09a0a9,1011110011011100110100001101100001110100011001000110010011100100,images/sub-09/ses-1/image_32.png,img_0236,unique
9,1,screening,29,image_33,33,False,300,400,5e13f315718e42e440fb59f45697593c5cc914b0,1100011010100010100101001100010111001111001001010101101000011010,images/sub-09/ses-1/image_33.png,img_0237,unique
9,1,screening,30,image_34,34,False,300,400,c41b3ed3a5e31e40e7d5def75a460dbd8566e7b4,0100000011000011010001110000111100000111110011011100100011011000,images/sub-09/ses-1/image_34.png,img_0030,exact
9,1,screening,31,image_35,35,False,300,400,70eb9c148f9e919f348d44669c502ed174852539,1111110011111010010110111011001111110000111100001101100111111000,images/sub-09/ses-1/image_35.png,img_0238,unique
9,1,screening,32,image_36,36,False,300,400,07baf2b09a6deaaacad6b289c1d3dda500d19b16,1111000010100000100100011000011110101111111100011011001000101101,images/sub-09/ses-1/image_36.png,img_0032,exact
9,1,screening,33,image_37,37,False,300,400,7d067f61b41f39644868b2043dcac96539c984d8,1111111111011111001110000010001100111110010100110111101100111100,images/sub-09/ses-1/image_37.png,img_0239,unique
9,1,screening,34,image_38,38,False,300,400,d1aff4328ce866552c87a5bb0d095cdd6f7dec0f,0110101101110011011100110010101100110010011110110000010000100100,images/sub-09/ses-1/image_38.png,img_0240,unique
9,1,screening,35,image_39,39,False,300,400,2fa9dab25c87055ec50547be3cf62a59a2528f52,1110101110011001011100111100101100001100110011000111110011011100,images/sub-09/ses-1/image_39.png,img_0035,exact
9,1,screening,36,image_41,41,False,300,400,9d03055361d6fff2e8fd0b1cc0c006a054a965b9,1100000000111001001110011100010010110001100010011000111000000111,images/sub-09/ses-1/image_41.png,img_0241,unique
9,1,screening,37,image_42,42,False,300,400,2899dfa5d4a0bbc32d9c2631f012bfe939598380,1101100010011001101011001010110110010101100100111110001010001100,images/sub-09/ses-1/image_42.png,img_0043,exact
9,1,screening,38,image_43,43,False,300,400,4c2c0a1bbf44a1fd125e4e48d1704c3cc9b11c97,1111100111110011111001111010001100101011011010100111110010111111,images/sub-09/ses-1/image_43.png,img_0242,unique
9,1,screening,39,image_44,44,False,300,400,8f37e695bd6492aabd3a091e78aebe614360e8f4,1111000011011010001101010011010110101110111010001110000011110000,images/sub-09/ses-1/image_44.png,img_0243,unique
9,1,screening,40,image_45,45,False,300,400,ab1e059e5bea26d003afff54f387523b02e500e9,0000011111000111111000100000000000001100111101010111000100101001,images/sub-09/ses-1/image_45.png,img_0244,unique
9,1,screening,41,image_46,46,False,300,400,50fd42a7592c7100e23ad48ad3915d48cbd57498,0001000000000100110000101100000000110000110011001100100111001000,images/sub-09/ses-1/image_46.png,img_0245,unique
9,1,screening,42,image_47,47,False,300,400,3bae560abeb18318799772db7c7c6d4a5cb54ddb,0000001000011000001100001111001011110000111100001111000000110000,images/sub-09/ses-1/image_47.png,img_0246,unique
9,1,screening,43,image_48,48,False,300,400,24aa093cf1c24558a01d8a77ab7bcae67c2f8572,1110010011001000110011000000111000101110110011001000010011000100,images/sub-09/ses-1/image_48.png,img_0247,unique
9,1,screening,44,image_49,49,False,300,400,4526449c843dd9072d7b8c496443676ffec780ba,1101100000111110000110001101110010011100110100100011010001100001,images/sub-09/ses-1/image_49.png,img_0248,unique
9,1,screening,45,image_51,51,False,300,400,10267c85e50f5e8974763b856fa0ef609dacb16b,0100111010011110100001101101101011011100100011011011011000111101,images/sub-09/ses-1/image_51.png,img_0112,exact
9,1,screening,46,image_52,52,False,300,400,c4f0bcfd0ddab9289676c3038f6b8795a11bf9bd,1101010011101100111011001111110010001110101011101010100000101100,images/sub-09/ses-1/image_52.png,img_0249,unique
9,1,screening,47,image_53,53,False,300,400,0af66f5171052e31e296d10452539e1fd37bcec8,0000000000110000101001000110010000001000000000011111111111110000,images/sub-09/ses-1/image_53.png,img_0250,unique
9,1,screening,48,image_54,54,False,300,400,3cc77d84e5de4d578478a327c4366c65e38e1bdb,0011001010100000011000001100100011001100111001000011010010001100,images/sub-09/ses-1/image_54.png,img_0048,exact
9,1,screening,49,image_55,55,False,300,400,85e288c47c98eefc6a94c9b7f0088c67799437af,1101100011011001111100101100011011100100111000000110000000101000,images/sub-09/ses-1/image_55.png,img_0049,exact
9,1,screening,50,image_56,56,False,300,400,aaaad92588c426f93b696880e328bc66d4071cf4,1111000001000000111110001101010001100101101001101100011100100110,images/sub-09/ses-1/image_56.png,img_0251,unique
9,1,screening,51,image_57,57,False,300,400,0d6ece310c694eadea17fa5f422dc44f9c50de10,0011101100111011001100010011000100111001001110110011001101110011,images/sub-09/ses-1/image_57.png,img_0252,unique
9,1,screening,52,image_58,58,False,300,400,d9062b4982ed50fb7e6dc820ff0820105f9d8e74,1111000111110000101001001110110011011000000011000010110111101101,images/sub-09/ses-1/image_58.png,img_0253,unique
9,1,screening,53,image_59,59,False,300,400,b7a5cffbc0db014950e208c6e9a4e0450698ef91,1110000011110000111100011110000011101000111010001110101010110000,images/sub-09/ses-1/image_59.png,img_0113,exact
9,2,sternberg,0,image_5,5,False,300,400,e5e3f6743aa72e57adf1c8dd7ea293c99d82043b,0001111000111011011100110111001100100110001111000001110000111110,images/sub-09/ses-2/image_5.png,img_0004,exact
9,2,sternberg,1,image_17,17,False,300,400,ec1bb43639d79a61548b8f68c798951c59b0aef8,0011101100111100011011000110110000110110001100110011001100100101,images/sub-09/ses-2/image_17.png,img_0015,exact
9,2,sternberg,2,image_24,24,False,300,400,daf08478b754491656cb8c5c3d165ebdf123ca1a,1001001110110011111100011110100011110100111100101011001110110010,images/sub-09/ses-2/image_24.png,img_0021,exact
9,2,sternberg,3,image_34,34,False,300,400,c41b3ed3a5e31e40e7d5def75a460dbd8566e7b4,0100000011000011010001110000111100000111110011011100100011011000,images/sub-09/ses-2/image_34.png,img_0030,exact
9,2,sternberg,4,image_46,46,False,300,400,50fd42a7592c7100e23ad48ad3915d48cbd57498,0001000000000100110000101100000000110000110011001100100111001000,images/sub-09/ses-2/image_46.png,img_0245,exact
9,2,sternberg,5,image_999,999,True,300,400,bfc604369a8e2c010f0b4ca0e0f3fea35743be61,0000000000100001000000000010010101100101000000000000000100000000,images/sub-09/ses-2/image_999.png,img_null,exact
10,1,screening,0,image_1,1,False,300,400,e99ec556399a7c061db8e1a5566cc6f055324b71,1100110011100100111101101111011011110010110100101111011010010110,images/sub-10/ses-1/image_1.png,img_0000,exact
10,1,screening,1,image_2,2,False,300,400,08764350c7b28119caa7fd7c0b2831a1093b0c64,0110111101110001001100011001000001100010001110010001001110010011,images/sub-10/ses-1/image_2.png,img_0001,exact
10,1,screening,2,image_3,3,False,300,400,3a189bc508c82a6f527925a342a24861e3a3c5ae,1100011011010010101100000011100110111001000110100001001001010010,images/sub-10/ses-1/image_3.png,img_0002,exact
10,1,screening,3,image_4,4,False,300,400,4ef9dc36f6b102da9aa2939a235601730c02f38d,1011001000110010001000000011000001110000111100001101000001110011,images/sub-10/ses-1/image_4.png,img_0003,exact
10,1,screening,4,image_5,5,False,300,400,e5e3f6743aa72e57adf1c8dd7ea293c99d82043b,0001111000111011011100110111001100100110001111000001110000111110,images/sub-10/ses-1/image_5.png,img_0004,exact
10,1,screening,5,image_6,6,False,300,400,d1ac4a70f845690df3df1da3c843126a40912eab,1000010110000101100001010010001100110011000000110000011100001011,images/sub-10/ses-1/image_6.png,img_0005,exact
10,1,screening,6,image_7,7,False,300,400,fb36b1698b927dcd89f0dc05b1afa1319b8e1272,1100110011001101100001001000110010001101010011001100111100110011,images/sub-10/ses-1/image_7.png,img_0006,exact
10,1,screening,7,image_8,8,False,300,400,a83f981626e6f4c93295800681041eba7b05b712,1000110000100110011001100010011000000110000001010000110101101110,images/sub-10/ses-1/image_8.png,img_0007,exact
10,1,screening,8,image_9,9,False,300,400,3adf7e0eea827d97174b1a04c6f8f8ab7c012dc1,0101001001011000110101001001010000010101000100001001100110011001,images/sub-10/ses-1/image_9.png,img_0008,exact
10,1,screening,9,image_11,11,False,300,400,aaf9067a8394e96d07d90ce4e7c4b5694aec83f3,1110110011100100111110001110000011011011111101110111010011110100,images/sub-10/ses-1/image_11.png,img_0009,exact
10,1,screening,10,image_12,12,False,300,400,977b575e9116890964c35896ff98e1434f31529b,1110100011001100100101001000010010110000111000101011000100110011,images/sub-10/ses-1/image_12.png,img_0010,exact
10,1,screening,11,image_13,13,False,300,400,3da81b34dbea49871669a4d93be870966a810c6c,1010001110100101011001010110011101110011111000101010011010101110,images/sub-10/ses-1/image_13.png,img_0011,exact
10,1,screening,12,image_14,14,False,300,400,98a1e24446f8fa3139b7e7696f0883229100514e,0110001011100110100111101010110011101100110111001001100101011000,images/sub-10/ses-1/image_14.png,img_0234,exact
10,1,screening,13,image_15,15,False,300,400,1ddcae863a6008712418ce6783adf15a4218cc65,1100001111001011110010011100100111001001100110010011001100110011,images/sub-10/ses-1/image_15.png,img_0013,exact
10,1,screening,14,image_16,16,False,300,400,177e77125ecdcbecb700c9ba517db158cf95663d,0000111100010111000101110000111100001111001001110010001100101111,images/sub-10/ses-1/image_16.png,img_0014,exact
10,1,screening,15,image_17,17,False,300,400,ec1bb43639d79a61548b8f68c798951c59b0aef8,0011101100111100011011000110110000110110001100110011001100100101,images/sub-10/ses-1/image_17.png,img_0015,exact
10,1,screening,16,image_18,18,False,300,400,b1b570a61e471fc0dbb7f0e5234226a68668bbdc,1100100011100000111000101100001011100010111000101100000010000100,images/sub-10/ses-1/image_18.png,img_0016,exact
10,1,screening,17,image_19,19,False,300,400,83a355332d355b8b62d3c365a8b8cd685b16b6c1,1001010110010110100101110010110101101101011011010010100100010011,images/sub-10/ses-1/image_19.png,img_0017,exact
10,1,screening,18,image_21,21,False,300,400,81f3165939715b1888f2a9a544af5ef3315cd461,0110110110001101100011011000110110010001100000110110010011011101,images/sub-10/ses-1/image_21.png,img_0018,exact
10,1,screening,19,image_22,22,False,300,400,88cb613fa077fcbaad16a7d3347d61ce670ebbd6,1101011101110011011100100011001000011010000111110110111110100101,images/sub-10/ses-1/image_22.png,img_0019,exact
10,1,screening,20,image_23,23,False,300,400,ed39db5d7dbc5bab66cf6df390feb51df90f6b55,0000011110100110001001100110011001100110011100111111000110111100,images/sub-10/ses-1/image_23.png,img_0020,exact
10,1,screening,21,image_24,24,False,300,400,daf08478b754491656cb8c5c3d165ebdf123ca1a,1001001110110011111100011110100011110100111100101011001110110010,images/sub-10/ses-1/image_24.png,img_0021,exact
10,1,screening,22,image_25,25,False,300,400,ccf6b962471ace42cf29406a4ed2f1f6e6d5a196,1010100111001111101010011000110010001101010011110101101000011111,images/sub-10/ses-1/image_25.png,img_0022,exact
10,1,screening,23,image_26,26,False,300,400,24dd5349e4cee37a217a311d226c0d47e0eff059,0011001100110011001100110011001100110011001100110011001100110011,images/sub-10/ses-1/image_26.png,img_0023,exact
10,1,screening,24,image_27,27,False,300,400,1625fa780f9afe6ff3dd003f3478d98c57014d08,0001101100001101001001110111100101001101000011010000011100100001,images/sub-10/ses-1/image_27.png,img_0024,exact
10,1,screening,25,image_28,28,False,300,400,ab3dac77fae0efc6cde2959c35486e4420594ef2,1000001100001011000011010110110101101101111000011101001100111000,images/sub-10/ses-1/image_28.png,img_0051,exact
10,1,screening,26,image_29,29,False,300,400,6cc5c665d98ad0f62c014b2bfbe1a069676a3141,1111110011111111110110111101101101110110000011101100110010110000,images/sub-10/ses-1/image_29.png,img_0026,exact
10,1,screening,27,image_31,31,False,300,400,05235113cd85bcebc9c83a7fac1d5c3ce799b497,0011110000011100000011001100110011101100110011001100100011110000,images/sub-10/ses-1/image_31.png,img_0235,exact
10,1,screening,28,image_32,32,False,300,400,887d8247d447e415ac2fa96552fecb182f09a0a9,1011110011011100110100001101100001110100011001000110010011100100,images/sub-10/ses-1/image_32.png,img_0236,exact
10,1,screening,29,image_33,33,False,300,400,5e13f315718e42e440fb59f45697593c5cc914b0,1100011010100010100101001100010111001111001001010101101000011010,images/sub-10/ses-1/image_33.png,img_0237,exact
10,1,screening,30,image_34,34,False,300,400,c41b3ed3a5e31e40e7d5def75a460dbd8566e7b4,0100000011000011010001110000111100000111110011011100100011011000,images/sub-10/ses-1/image_34.png,img_0030,exact
10,1,screening,31,image_35,35,False,300,400,70eb9c148f9e919f348d44669c502ed174852539,1111110011111010010110111011001111110000111100001101100111111000,images/sub-10/ses-1/image_35.png,img_0238,exact
10,1,screening,32,image_36,36,False,300,400,07baf2b09a6deaaacad6b289c1d3dda500d19b16,1111000010100000100100011000011110101111111100011011001000101101,images/sub-10/ses-1/image_36.png,img_0032,exact
10,1,screening,33,image_37,37,False,300,400,7d067f61b41f39644868b2043dcac96539c984d8,1111111111011111001110000010001100111110010100110111101100111100,images/sub-10/ses-1/image_37.png,img_0239,exact
10,1,screening,34,image_38,38,False,300,400,d1aff4328ce866552c87a5bb0d095cdd6f7dec0f,0110101101110011011100110010101100110010011110110000010000100100,images/sub-10/ses-1/image_38.png,img_0240,exact
10,1,screening,35,image_39,39,False,300,400,2fa9dab25c87055ec50547be3cf62a59a2528f52,1110101110011001011100111100101100001100110011000111110011011100,images/sub-10/ses-1/image_39.png,img_0035,exact
10,1,screening,36,image_41,41,False,300,400,9d03055361d6fff2e8fd0b1cc0c006a054a965b9,1100000000111001001110011100010010110001100010011000111000000111,images/sub-10/ses-1/image_41.png,img_0241,exact
10,1,screening,37,image_42,42,False,300,400,2899dfa5d4a0bbc32d9c2631f012bfe939598380,1101100010011001101011001010110110010101100100111110001010001100,images/sub-10/ses-1/image_42.png,img_0043,exact
10,1,screening,38,image_43,43,False,300,400,4c2c0a1bbf44a1fd125e4e48d1704c3cc9b11c97,1111100111110011111001111010001100101011011010100111110010111111,images/sub-10/ses-1/image_43.png,img_0242,exact
10,1,screening,39,image_44,44,False,300,400,8f37e695bd6492aabd3a091e78aebe614360e8f4,1111000011011010001101010011010110101110111010001110000011110000,images/sub-10/ses-1/image_44.png,img_0243,exact
10,1,screening,40,image_45,45,False,300,400,ab1e059e5bea26d003afff54f387523b02e500e9,0000011111000111111000100000000000001100111101010111000100101001,images/sub-10/ses-1/image_45.png,img_0244,exact
10,1,screening,41,image_46,46,False,300,400,50fd42a7592c7100e23ad48ad3915d48cbd57498,0001000000000100110000101100000000110000110011001100100111001000,images/sub-10/ses-1/image_46.png,img_0245,exact
10,1,screening,42,image_47,47,False,300,400,3bae560abeb18318799772db7c7c6d4a5cb54ddb,0000001000011000001100001111001011110000111100001111000000110000,images/sub-10/ses-1/image_47.png,img_0246,exact
10,1,screening,43,image_48,48,False,300,400,24aa093cf1c24558a01d8a77ab7bcae67c2f8572,1110010011001000110011000000111000101110110011001000010011000100,images/sub-10/ses-1/image_48.png,img_0247,exact
10,1,screening,44,image_49,49,False,300,400,4526449c843dd9072d7b8c496443676ffec780ba,1101100000111110000110001101110010011100110100100011010001100001,images/sub-10/ses-1/image_49.png,img_0248,exact
10,1,screening,45,image_51,51,False,300,400,10267c85e50f5e8974763b856fa0ef609dacb16b,0100111010011110100001101101101011011100100011011011011000111101,images/sub-10/ses-1/image_51.png,img_0112,exact
10,1,screening,46,image_52,52,False,300,400,c4f0bcfd0ddab9289676c3038f6b8795a11bf9bd,1101010011101100111011001111110010001110101011101010100000101100,images/sub-10/ses-1/image_52.png,img_0249,exact
10,1,screening,47,image_53,53,False,300,400,0af66f5171052e31e296d10452539e1fd37bcec8,0000000000110000101001000110010000001000000000011111111111110000,images/sub-10/ses-1/image_53.png,img_0250,exact
10,1,screening,48,image_54,54,False,300,400,3cc77d84e5de4d578478a327c4366c65e38e1bdb,0011001010100000011000001100100011001100111001000011010010001100,images/sub-10/ses-1/image_54.png,img_0048,exact
10,1,screening,49,image_55,55,False,300,400,85e288c47c98eefc6a94c9b7f0088c67799437af,1101100011011001111100101100011011100100111000000110000000101000,images/sub-10/ses-1/image_55.png,img_0049,exact
10,1,screening,50,image_56,56,False,300,400,aaaad92588c426f93b696880e328bc66d4071cf4,1111000001000000111110001101010001100101101001101100011100100110,images/sub-10/ses-1/image_56.png,img_0251,exact
10,1,screening,51,image_57,57,False,300,400,0d6ece310c694eadea17fa5f422dc44f9c50de10,0011101100111011001100010011000100111001001110110011001101110011,images/sub-10/ses-1/image_57.png,img_0252,exact
10,1,screening,52,image_58,58,False,300,400,d9062b4982ed50fb7e6dc820ff0820105f9d8e74,1111000111110000101001001110110011011000000011000010110111101101,images/sub-10/ses-1/image_58.png,img_0253,exact
10,1,screening,53,image_59,59,False,300,400,b7a5cffbc0db014950e208c6e9a4e0450698ef91,1110000011110000111100011110000011101000111010001110101010110000,images/sub-10/ses-1/image_59.png,img_0113,exact
10,1,screening,54,image_61,61,False,300,400,b5086103c2eb2665707e6eb9694b63f28f782ec2,1100110010010110101100101111001011110000011101000100111010010011,images/sub-10/ses-1/image_61.png,img_0054,exact
10,1,screening,55,image_62,62,False,300,400,88f3c24ae78c1b3386ef605565d6b34f5405a63a,1110100011001100110110101001100010010000001100000011000010010100,images/sub-10/ses-1/image_62.png,img_0055,exact
10,1,screening,56,image_63,63,False,300,400,8cafd7df5cd403b3ce14e62c20ea252d3d28b265,1011000000111000001100010111001001110010101101111011011110110110,images/sub-10/ses-1/image_63.png,img_0056,exact
10,1,screening,57,image_64,64,False,300,400,166455db2e1773d3fb9a78153e9bef507543e7d6,0001101001001101011011010110110101101101011011010110110101101111,images/sub-10/ses-1/image_64.png,img_0254,unique
10,1,screening,58,image_65,65,False,300,400,71b5adf17d737ef0f455240735e98740e745eb21,0100110010011110100111001011110000011111000110110001111100001111,images/sub-10/ses-1/image_65.png,img_0058,exact
10,1,screening,59,image_66,66,False,300,400,8109d4ba9d4319de565cec8063719e729e9d5946,1101001100111000111001001101010011011011110010011001110110001101,images/sub-10/ses-1/image_66.png,img_0059,exact
10,1,screening,60,image_67,67,False,300,400,3f4bd27e6ceb77d8e0a79c62ae666cbb3ffe785d,1011010000111000011011001110110001101100111010011001110000011110,images/sub-10/ses-1/image_67.png,img_0060,exact
10,1,screening,61,image_68,68,False,300,400,741d861c23a9733fcb5e924e0aa5e43c0970dfb9,1100100111001001110010011010110111111000110110001011100001111000,images/sub-10/ses-1/image_68.png,img_0061,exact
10,1,screening,62,image_69,69,False,300,400,0f7d5961af22d02435023896f152ad23667a76e4,0101110111011010110100110101101010010110101001111110001111011010,images/sub-10/ses-1/image_69.png,img_0062,exact
10,2,sternberg,0,image_8,8,False,300,400,a83f981626e6f4c93295800681041eba7b05b712,1000110000100110011001100010011000000110000001010000110101101110,images/sub-10/ses-2/image_8.png,img_0007,exact
10,2,sternberg,1,image_36,36,False,300,400,07baf2b09a6deaaacad6b289c1d3dda500d19b16,1111000010100000100100011000011110101111111100011011001000101101,images/sub-10/ses-2/image_36.png,img_0032,exact
10,2,sternberg,2,image_42,42,False,300,400,2899dfa5d4a0bbc32d9c2631f012bfe939598380,1101100010011001101011001010110110010101100100111110001010001100,images/sub-10/ses-2/image_42.png,img_0043,exact
10,2,sternberg,3,image_44,44,False,300,400,8f37e695bd6492aabd3a091e78aebe614360e8f4,1111000011011010001101010011010110101110111010001110000011110000,images/sub-10/ses-2/image_44.png,img_0243,exact
10,2,sternberg,4,image_67,67,False,300,400,3f4bd27e6ceb77d8e0a79c62ae666cbb3ffe785d,1011010000111000011011001110110001101100111010011001110000011110,images/sub-10/ses-2/image_67.png,img_0060,exact
10,2,sternberg,5,image_999,999,True,300,400,bfc604369a8e2c010f0b4ca0e0f3fea35743be61,0000000000100001000000000010010101100101000000000000000100000000,images/sub-10/ses-2/image_999.png,img_null,exact
11,1,screening,0,image_1,1,False,300,400,e99ec556399a7c061db8e1a5566cc6f055324b71,1100110011100100111101101111011011110010110100101111011010010110,images/sub-11/ses-1/image_1.png,img_0000,exact
11,1,screening,1,image_2,2,False,300,400,08764350c7b28119caa7fd7c0b2831a1093b0c64,0110111101110001001100011001000001100010001110010001001110010011,images/sub-11/ses-1/image_2.png,img_0001,exact
11,1,screening,2,image_3,3,False,300,400,3a189bc508c82a6f527925a342a24861e3a3c5ae,1100011011010010101100000011100110111001000110100001001001010010,images/sub-11/ses-1/image_3.png,img_0002,exact
11,1,screening,3,image_4,4,False,300,400,4ef9dc36f6b102da9aa2939a235601730c02f38d,1011001000110010001000000011000001110000111100001101000001110011,images/sub-11/ses-1/image_4.png,img_0003,exact
11,1,screening,4,image_5,5,False,300,400,e5e3f6743aa72e57adf1c8dd7ea293c99d82043b,0001111000111011011100110111001100100110001111000001110000111110,images/sub-11/ses-1/image_5.png,img_0004,exact
11,1,screening,5,image_6,6,False,300,400,d1ac4a70f845690df3df1da3c843126a40912eab,1000010110000101100001010010001100110011000000110000011100001011,images/sub-11/ses-1/image_6.png,img_0005,exact
11,1,screening,6,image_7,7,False,300,400,fb36b1698b927dcd89f0dc05b1afa1319b8e1272,1100110011001101100001001000110010001101010011001100111100110011,images/sub-11/ses-1/image_7.png,img_0006,exact
11,1,screening,7,image_8,8,False,300,400,a83f981626e6f4c93295800681041eba7b05b712,1000110000100110011001100010011000000110000001010000110101101110,images/sub-11/ses-1/image_8.png,img_0007,exact
11,1,screening,8,image_9,9,False,300,400,3adf7e0eea827d97174b1a04c6f8f8ab7c012dc1,0101001001011000110101001001010000010101000100001001100110011001,images/sub-11/ses-1/image_9.png,img_0008,exact
11,1,screening,9,image_11,11,False,300,400,aaf9067a8394e96d07d90ce4e7c4b5694aec83f3,1110110011100100111110001110000011011011111101110111010011110100,images/sub-11/ses-1/image_11.png,img_0009,exact
11,1,screening,10,image_12,12,False,300,400,977b575e9116890964c35896ff98e1434f31529b,1110100011001100100101001000010010110000111000101011000100110011,images/sub-11/ses-1/image_12.png,img_0010,exact
11,1,screening,11,image_13,13,False,300,400,3da81b34dbea49871669a4d93be870966a810c6c,1010001110100101011001010110011101110011111000101010011010101110,images/sub-11/ses-1/image_13.png,img_0011,exact
11,1,screening,12,image_14,14,False,300,400,98a1e24446f8fa3139b7e7696f0883229100514e,0110001011100110100111101010110011101100110111001001100101011000,images/sub-11/ses-1/image_14.png,img_0234,exact
11,1,screening,13,image_15,15,False,300,400,1ddcae863a6008712418ce6783adf15a4218cc65,1100001111001011110010011100100111001001100110010011001100110011,images/sub-11/ses-1/image_15.png,img_0013,exact
11,1,screening,14,image_16,16,False,300,400,177e77125ecdcbecb700c9ba517db158cf95663d,0000111100010111000101110000111100001111001001110010001100101111,images/sub-11/ses-1/image_16.png,img_0014,exact
11,1,screening,15,image_17,17,False,300,400,ec1bb43639d79a61548b8f68c798951c59b0aef8,0011101100111100011011000110110000110110001100110011001100100101,images/sub-11/ses-1/image_17.png,img_0015,exact
11,1,screening,16,image_18,18,False,300,400,b1b570a61e471fc0dbb7f0e5234226a68668bbdc,1100100011100000111000101100001011100010111000101100000010000100,images/sub-11/ses-1/image_18.png,img_0016,exact
11,1,screening,17,image_19,19,False,300,400,83a355332d355b8b62d3c365a8b8cd685b16b6c1,1001010110010110100101110010110101101101011011010010100100010011,images/sub-11/ses-1/image_19.png,img_0017,exact
11,1,screening,18,image_21,21,False,300,400,81f3165939715b1888f2a9a544af5ef3315cd461,0110110110001101100011011000110110010001100000110110010011011101,images/sub-11/ses-1/image_21.png,img_0018,exact
11,1,screening,19,image_22,22,False,300,400,88cb613fa077fcbaad16a7d3347d61ce670ebbd6,1101011101110011011100100011001000011010000111110110111110100101,images/sub-11/ses-1/image_22.png,img_0019,exact
11,1,screening,20,image_23,23,False,300,400,ed39db5d7dbc5bab66cf6df390feb51df90f6b55,0000011110100110001001100110011001100110011100111111000110111100,images/sub-11/ses-1/image_23.png,img_0020,exact
11,1,screening,21,image_24,24,False,300,400,daf08478b754491656cb8c5c3d165ebdf123ca1a,1001001110110011111100011110100011110100111100101011001110110010,images/sub-11/ses-1/image_24.png,img_0021,exact
11,1,screening,22,image_25,25,False,300,400,ccf6b962471ace42cf29406a4ed2f1f6e6d5a196,1010100111001111101010011000110010001101010011110101101000011111,images/sub-11/ses-1/image_25.png,img_0022,exact
11,1,screening,23,image_26,26,False,300,400,24dd5349e4cee37a217a311d226c0d47e0eff059,0011001100110011001100110011001100110011001100110011001100110011,images/sub-11/ses-1/image_26.png,img_0023,exact
11,1,screening,24,image_27,27,False,300,400,1625fa780f9afe6ff3dd003f3478d98c57014d08,0001101100001101001001110111100101001101000011010000011100100001,images/sub-11/ses-1/image_27.png,img_0024,exact
11,1,screening,25,image_28,28,False,300,400,ab3dac77fae0efc6cde2959c35486e4420594ef2,1000001100001011000011010110110101101101111000011101001100111000,images/sub-11/ses-1/image_28.png,img_0051,exact
11,1,screening,26,image_29,29,False,300,400,6cc5c665d98ad0f62c014b2bfbe1a069676a3141,1111110011111111110110111101101101110110000011101100110010110000,images/sub-11/ses-1/image_29.png,img_0026,exact
11,1,screening,27,image_31,31,False,300,400,05235113cd85bcebc9c83a7fac1d5c3ce799b497,0011110000011100000011001100110011101100110011001100100011110000,images/sub-11/ses-1/image_31.png,img_0235,exact
11,1,screening,28,image_32,32,False,300,400,887d8247d447e415ac2fa96552fecb182f09a0a9,1011110011011100110100001101100001110100011001000110010011100100,images/sub-11/ses-1/image_32.png,img_0236,exact
11,1,screening,29,image_33,33,False,300,400,5e13f315718e42e440fb59f45697593c5cc914b0,1100011010100010100101001100010111001111001001010101101000011010,images/sub-11/ses-1/image_33.png,img_0237,exact
11,1,screening,30,image_34,34,False,300,400,c41b3ed3a5e31e40e7d5def75a460dbd8566e7b4,0100000011000011010001110000111100000111110011011100100011011000,images/sub-11/ses-1/image_34.png,img_0030,exact
11,1,screening,31,image_35,35,False,300,400,70eb9c148f9e919f348d44669c502ed174852539,1111110011111010010110111011001111110000111100001101100111111000,images/sub-11/ses-1/image_35.png,img_0238,exact
11,1,screening,32,image_36,36,False,300,400,07baf2b09a6deaaacad6b289c1d3dda500d19b16,1111000010100000100100011000011110101111111100011011001000101101,images/sub-11/ses-1/image_36.png,img_0032,exact
11,1,screening,33,image_37,37,False,300,400,7d067f61b41f39644868b2043dcac96539c984d8,1111111111011111001110000010001100111110010100110111101100111100,images/sub-11/ses-1/image_37.png,img_0239,exact
11,1,screening,34,image_38,38,False,300,400,d1aff4328ce866552c87a5bb0d095cdd6f7dec0f,0110101101110011011100110010101100110010011110110000010000100100,images/sub-11/ses-1/image_38.png,img_0240,exact
11,1,screening,35,image_39,39,False,300,400,2fa9dab25c87055ec50547be3cf62a59a2528f52,1110101110011001011100111100101100001100110011000111110011011100,images/sub-11/ses-1/image_39.png,img_0035,exact
11,1,screening,36,image_41,41,False,300,400,9d03055361d6fff2e8fd0b1cc0c006a054a965b9,1100000000111001001110011100010010110001100010011000111000000111,images/sub-11/ses-1/image_41.png,img_0241,exact
11,1,screening,37,image_42,42,False,300,400,2899dfa5d4a0bbc32d9c2631f012bfe939598380,1101100010011001101011001010110110010101100100111110001010001100,images/sub-11/ses-1/image_42.png,img_0043,exact
11,1,screening,38,image_43,43,False,300,400,4c2c0a1bbf44a1fd125e4e48d1704c3cc9b11c97,1111100111110011111001111010001100101011011010100111110010111111,images/sub-11/ses-1/image_43.png,img_0242,exact
11,1,screening,39,image_44,44,False,300,400,8f37e695bd6492aabd3a091e78aebe614360e8f4,1111000011011010001101010011010110101110111010001110000011110000,images/sub-11/ses-1/image_44.png,img_0243,exact
11,1,screening,40,image_45,45,False,300,400,ab1e059e5bea26d003afff54f387523b02e500e9,0000011111000111111000100000000000001100111101010111000100101001,images/sub-11/ses-1/image_45.png,img_0244,exact
11,1,screening,41,image_46,46,False,300,400,50fd42a7592c7100e23ad48ad3915d48cbd57498,0001000000000100110000101100000000110000110011001100100111001000,images/sub-11/ses-1/image_46.png,img_0245,exact
11,1,screening,42,image_47,47,False,300,400,3bae560abeb18318799772db7c7c6d4a5cb54ddb,0000001000011000001100001111001011110000111100001111000000110000,images/sub-11/ses-1/image_47.png,img_0246,exact
11,1,screening,43,image_48,48,False,300,400,24aa093cf1c24558a01d8a77ab7bcae67c2f8572,1110010011001000110011000000111000101110110011001000010011000100,images/sub-11/ses-1/image_48.png,img_0247,exact
11,1,screening,44,image_49,49,False,300,400,4526449c843dd9072d7b8c496443676ffec780ba,1101100000111110000110001101110010011100110100100011010001100001,images/sub-11/ses-1/image_49.png,img_0248,exact
11,1,screening,45,image_51,51,False,300,400,10267c85e50f5e8974763b856fa0ef609dacb16b,0100111010011110100001101101101011011100100011011011011000111101,images/sub-11/ses-1/image_51.png,img_0112,exact
11,1,screening,46,image_52,52,False,300,400,c4f0bcfd0ddab9289676c3038f6b8795a11bf9bd,1101010011101100111011001111110010001110101011101010100000101100,images/sub-11/ses-1/image_52.png,img_0249,exact
11,1,screening,47,image_53,53,False,300,400,0af66f5171052e31e296d10452539e1fd37bcec8,0000000000110000101001000110010000001000000000011111111111110000,images/sub-11/ses-1/image_53.png,img_0250,exact
11,1,screening,48,image_54,54,False,300,400,3cc77d84e5de4d578478a327c4366c65e38e1bdb,0011001010100000011000001100100011001100111001000011010010001100,images/sub-11/ses-1/image_54.png,img_0048,exact
11,1,screening,49,image_55,55,False,300,400,85e288c47c98eefc6a94c9b7f0088c67799437af,1101100011011001111100101100011011100100111000000110000000101000,images/sub-11/ses-1/image_55.png,img_0049,exact
11,1,screening,50,image_56,56,False,300,400,aaaad92588c426f93b696880e328bc66d4071cf4,1111000001000000111110001101010001100101101001101100011100100110,images/sub-11/ses-1/image_56.png,img_0251,exact
11,1,screening,51,image_57,57,False,300,400,0d6ece310c694eadea17fa5f422dc44f9c50de10,0011101100111011001100010011000100111001001110110011001101110011,images/sub-11/ses-1/image_57.png,img_0252,exact
11,1,screening,52,image_58,58,False,300,400,d9062b4982ed50fb7e6dc820ff0820105f9d8e74,1111000111110000101001001110110011011000000011000010110111101101,images/sub-11/ses-1/image_58.png,img_0253,exact
11,1,screening,53,image_59,59,False,300,400,b7a5cffbc0db014950e208c6e9a4e0450698ef91,1110000011110000111100011110000011101000111010001110101010110000,images/sub-11/ses-1/image_59.png,img_0113,exact
11,1,screening,54,image_61,61,False,300,400,b5086103c2eb2665707e6eb9694b63f28f782ec2,1100110010010110101100101111001011110000011101000100111010010011,images/sub-11/ses-1/image_61.png,img_0054,exact
11,1,screening,55,image_62,62,False,300,400,88f3c24ae78c1b3386ef605565d6b34f5405a63a,1110100011001100110110101001100010010000001100000011000010010100,images/sub-11/ses-1/image_62.png,img_0055,exact
11,1,screening,56,image_63,63,False,300,400,8cafd7df5cd403b3ce14e62c20ea252d3d28b265,1011000000111000001100010111001001110010101101111011011110110110,images/sub-11/ses-1/image_63.png,img_0056,exact
11,1,screening,57,image_64,64,False,300,400,166455db2e1773d3fb9a78153e9bef507543e7d6,0001101001001101011011010110110101101101011011010110110101101111,images/sub-11/ses-1/image_64.png,img_0254,exact
11,1,screening,58,image_65,65,False,300,400,71b5adf17d737ef0f455240735e98740e745eb21,0100110010011110100111001011110000011111000110110001111100001111,images/sub-11/ses-1/image_65.png,img_0058,exact
11,1,screening,59,image_66,66,False,300,400,8109d4ba9d4319de565cec8063719e729e9d5946,1101001100111000111001001101010011011011110010011001110110001101,images/sub-11/ses-1/image_66.png,img_0059,exact
11,1,screening,60,image_67,67,False,300,400,3f4bd27e6ceb77d8e0a79c62ae666cbb3ffe785d,1011010000111000011011001110110001101100111010011001110000011110,images/sub-11/ses-1/image_67.png,img_0060,exact
11,1,screening,61,image_68,68,False,300,400,741d861c23a9733fcb5e924e0aa5e43c0970dfb9,1100100111001001110010011010110111111000110110001011100001111000,images/sub-11/ses-1/image_68.png,img_0061,exact
11,1,screening,62,image_69,69,False,300,400,0f7d5961af22d02435023896f152ad23667a76e4,0101110111011010110100110101101010010110101001111110001111011010,images/sub-11/ses-1/image_69.png,img_0062,exact
11,2,sternberg,0,image_25,25,False,300,400,ccf6b962471ace42cf29406a4ed2f1f6e6d5a196,1010100111001111101010011000110010001101010011110101101000011111,images/sub-11/ses-2/image_25.png,img_0022,exact
11,2,sternberg,1,image_32,32,False,300,400,887d8247d447e415ac2fa96552fecb182f09a0a9,1011110011011100110100001101100001110100011001000110010011100100,images/sub-11/ses-2/image_32.png,img_0236,exact
11,2,sternberg,2,image_54,54,False,300,400,3cc77d84e5de4d578478a327c4366c65e38e1bdb,0011001010100000011000001100100011001100111001000011010010001100,images/sub-11/ses-2/image_54.png,img_0048,exact
11,2,sternberg,3,image_59,59,False,300,400,b7a5cffbc0db014950e208c6e9a4e0450698ef91,1110000011110000111100011110000011101000111010001110101010110000,images/sub-11/ses-2/image_59.png,img_0113,exact
11,2,sternberg,4,image_63,63,False,300,400,8cafd7df5cd403b3ce14e62c20ea252d3d28b265,1011000000111000001100010111001001110010101101111011011110110110,images/sub-11/ses-2/image_63.png,img_0056,exact
11,2,sternberg,5,image_999,999,True,300,400,bfc604369a8e2c010f0b4ca0e0f3fea35743be61,0000000000100001000000000010010101100101000000000000000100000000,images/sub-11/ses-2/image_999.png,img_null,exact
12,1,screening,0,image_1,1,False,300,400,e99ec556399a7c061db8e1a5566cc6f055324b71,1100110011100100111101101111011011110010110100101111011010010110,images/sub-12/ses-1/image_1.png,img_0000,exact
12,1,screening,1,image_2,2,False,300,400,08764350c7b28119caa7fd7c0b2831a1093b0c64,0110111101110001001100011001000001100010001110010001001110010011,images/sub-12/ses-1/image_2.png,img_0001,exact
12,1,screening,2,image_3,3,False,300,400,3a189bc508c82a6f527925a342a24861e3a3c5ae,1100011011010010101100000011100110111001000110100001001001010010,images/sub-12/ses-1/image_3.png,img_0002,exact
12,1,screening,3,image_4,4,False,300,400,4ef9dc36f6b102da9aa2939a235601730c02f38d,1011001000110010001000000011000001110000111100001101000001110011,images/sub-12/ses-1/image_4.png,img_0003,exact
12,1,screening,4,image_5,5,False,300,400,e5e3f6743aa72e57adf1c8dd7ea293c99d82043b,0001111000111011011100110111001100100110001111000001110000111110,images/sub-12/ses-1/image_5.png,img_0004,exact
12,1,screening,5,image_6,6,False,300,400,d1ac4a70f845690df3df1da3c843126a40912eab,1000010110000101100001010010001100110011000000110000011100001011,images/sub-12/ses-1/image_6.png,img_0005,exact
12,1,screening,6,image_7,7,False,300,400,fb36b1698b927dcd89f0dc05b1afa1319b8e1272,1100110011001101100001001000110010001101010011001100111100110011,images/sub-12/ses-1/image_7.png,img_0006,exact
12,1,screening,7,image_8,8,False,300,400,a83f981626e6f4c93295800681041eba7b05b712,1000110000100110011001100010011000000110000001010000110101101110,images/sub-12/ses-1/image_8.png,img_0007,exact
12,1,screening,8,image_9,9,False,300,400,3adf7e0eea827d97174b1a04c6f8f8ab7c012dc1,0101001001011000110101001001010000010101000100001001100110011001,images/sub-12/ses-1/image_9.png,img_0008,exact
12,1,screening,9,image_11,11,False,300,400,aaf9067a8394e96d07d90ce4e7c4b5694aec83f3,1110110011100100111110001110000011011011111101110111010011110100,images/sub-12/ses-1/image_11.png,img_0009,exact
12,1,screening,10,image_12,12,False,300,400,977b575e9116890964c35896ff98e1434f31529b,1110100011001100100101001000010010110000111000101011000100110011,images/sub-12/ses-1/image_12.png,img_0010,exact
12,1,screening,11,image_13,13,False,300,400,3da81b34dbea49871669a4d93be870966a810c6c,1010001110100101011001010110011101110011111000101010011010101110,images/sub-12/ses-1/image_13.png,img_0011,exact
12,1,screening,12,image_14,14,False,300,400,98a1e24446f8fa3139b7e7696f0883229100514e,0110001011100110100111101010110011101100110111001001100101011000,images/sub-12/ses-1/image_14.png,img_0234,exact
12,1,screening,13,image_15,15,False,300,400,1ddcae863a6008712418ce6783adf15a4218cc65,1100001111001011110010011100100111001001100110010011001100110011,images/sub-12/ses-1/image_15.png,img_0013,exact
12,1,screening,14,image_16,16,False,300,400,177e77125ecdcbecb700c9ba517db158cf95663d,0000111100010111000101110000111100001111001001110010001100101111,images/sub-12/ses-1/image_16.png,img_0014,exact
12,1,screening,15,image_17,17,False,300,400,ec1bb43639d79a61548b8f68c798951c59b0aef8,0011101100111100011011000110110000110110001100110011001100100101,images/sub-12/ses-1/image_17.png,img_0015,exact
12,1,screening,16,image_18,18,False,300,400,b1b570a61e471fc0dbb7f0e5234226a68668bbdc,1100100011100000111000101100001011100010111000101100000010000100,images/sub-12/ses-1/image_18.png,img_0016,exact
12,1,screening,17,image_19,19,False,300,400,83a355332d355b8b62d3c365a8b8cd685b16b6c1,1001010110010110100101110010110101101101011011010010100100010011,images/sub-12/ses-1/image_19.png,img_0017,exact
12,1,screening,18,image_21,21,False,300,400,81f3165939715b1888f2a9a544af5ef3315cd461,0110110110001101100011011000110110010001100000110110010011011101,images/sub-12/ses-1/image_21.png,img_0018,exact
12,1,screening,19,image_22,22,False,300,400,88cb613fa077fcbaad16a7d3347d61ce670ebbd6,1101011101110011011100100011001000011010000111110110111110100101,images/sub-12/ses-1/image_22.png,img_0019,exact
12,1,screening,20,image_23,23,False,300,400,ed39db5d7dbc5bab66cf6df390feb51df90f6b55,0000011110100110001001100110011001100110011100111111000110111100,images/sub-12/ses-1/image_23.png,img_0020,exact
12,1,screening,21,image_24,24,False,300,400,daf08478b754491656cb8c5c3d165ebdf123ca1a,1001001110110011111100011110100011110100111100101011001110110010,images/sub-12/ses-1/image_24.png,img_0021,exact
12,1,screening,22,image_25,25,False,300,400,ccf6b962471ace42cf29406a4ed2f1f6e6d5a196,1010100111001111101010011000110010001101010011110101101000011111,images/sub-12/ses-1/image_25.png,img_0022,exact
12,1,screening,23,image_26,26,False,300,400,24dd5349e4cee37a217a311d226c0d47e0eff059,0011001100110011001100110011001100110011001100110011001100110011,images/sub-12/ses-1/image_26.png,img_0023,exact
12,1,screening,24,image_27,27,False,300,400,1625fa780f9afe6ff3dd003f3478d98c57014d08,0001101100001101001001110111100101001101000011010000011100100001,images/sub-12/ses-1/image_27.png,img_0024,exact
12,1,screening,25,image_28,28,False,300,400,ab3dac77fae0efc6cde2959c35486e4420594ef2,1000001100001011000011010110110101101101111000011101001100111000,images/sub-12/ses-1/image_28.png,img_0051,exact
12,1,screening,26,image_29,29,False,300,400,6cc5c665d98ad0f62c014b2bfbe1a069676a3141,1111110011111111110110111101101101110110000011101100110010110000,images/sub-12/ses-1/image_29.png,img_0026,exact
12,1,screening,27,image_31,31,False,300,400,05235113cd85bcebc9c83a7fac1d5c3ce799b497,0011110000011100000011001100110011101100110011001100100011110000,images/sub-12/ses-1/image_31.png,img_0235,exact
12,1,screening,28,image_32,32,False,300,400,887d8247d447e415ac2fa96552fecb182f09a0a9,1011110011011100110100001101100001110100011001000110010011100100,images/sub-12/ses-1/image_32.png,img_0236,exact
12,1,screening,29,image_33,33,False,300,400,5e13f315718e42e440fb59f45697593c5cc914b0,1100011010100010100101001100010111001111001001010101101000011010,images/sub-12/ses-1/image_33.png,img_0237,exact
12,1,screening,30,image_34,34,False,300,400,c41b3ed3a5e31e40e7d5def75a460dbd8566e7b4,0100000011000011010001110000111100000111110011011100100011011000,images/sub-12/ses-1/image_34.png,img_0030,exact
12,1,screening,31,image_35,35,False,300,400,70eb9c148f9e919f348d44669c502ed174852539,1111110011111010010110111011001111110000111100001101100111111000,images/sub-12/ses-1/image_35.png,img_0238,exact
12,1,screening,32,image_36,36,False,300,400,07baf2b09a6deaaacad6b289c1d3dda500d19b16,1111000010100000100100011000011110101111111100011011001000101101,images/sub-12/ses-1/image_36.png,img_0032,exact
12,1,screening,33,image_37,37,False,300,400,7d067f61b41f39644868b2043dcac96539c984d8,1111111111011111001110000010001100111110010100110111101100111100,images/sub-12/ses-1/image_37.png,img_0239,exact
12,1,screening,34,image_38,38,False,300,400,d1aff4328ce866552c87a5bb0d095cdd6f7dec0f,0110101101110011011100110010101100110010011110110000010000100100,images/sub-12/ses-1/image_38.png,img_0240,exact
12,1,screening,35,image_39,39,False,300,400,2fa9dab25c87055ec50547be3cf62a59a2528f52,1110101110011001011100111100101100001100110011000111110011011100,images/sub-12/ses-1/image_39.png,img_0035,exact
12,1,screening,36,image_41,41,False,300,400,9d03055361d6fff2e8fd0b1cc0c006a054a965b9,1100000000111001001110011100010010110001100010011000111000000111,images/sub-12/ses-1/image_41.png,img_0241,exact
12,1,screening,37,image_42,42,False,300,400,2899dfa5d4a0bbc32d9c2631f012bfe939598380,1101100010011001101011001010110110010101100100111110001010001100,images/sub-12/ses-1/image_42.png,img_0043,exact
12,1,screening,38,image_43,43,False,300,400,4c2c0a1bbf44a1fd125e4e48d1704c3cc9b11c97,1111100111110011111001111010001100101011011010100111110010111111,images/sub-12/ses-1/image_43.png,img_0242,exact
12,1,screening,39,image_44,44,False,300,400,8f37e695bd6492aabd3a091e78aebe614360e8f4,1111000011011010001101010011010110101110111010001110000011110000,images/sub-12/ses-1/image_44.png,img_0243,exact
12,1,screening,40,image_45,45,False,300,400,ab1e059e5bea26d003afff54f387523b02e500e9,0000011111000111111000100000000000001100111101010111000100101001,images/sub-12/ses-1/image_45.png,img_0244,exact
12,1,screening,41,image_46,46,False,300,400,50fd42a7592c7100e23ad48ad3915d48cbd57498,0001000000000100110000101100000000110000110011001100100111001000,images/sub-12/ses-1/image_46.png,img_0245,exact
12,1,screening,42,image_47,47,False,300,400,3bae560abeb18318799772db7c7c6d4a5cb54ddb,0000001000011000001100001111001011110000111100001111000000110000,images/sub-12/ses-1/image_47.png,img_0246,exact
12,1,screening,43,image_48,48,False,300,400,24aa093cf1c24558a01d8a77ab7bcae67c2f8572,1110010011001000110011000000111000101110110011001000010011000100,images/sub-12/ses-1/image_48.png,img_0247,exact
12,1,screening,44,image_49,49,False,300,400,4526449c843dd9072d7b8c496443676ffec780ba,1101100000111110000110001101110010011100110100100011010001100001,images/sub-12/ses-1/image_49.png,img_0248,exact
12,1,screening,45,image_51,51,False,300,400,10267c85e50f5e8974763b856fa0ef609dacb16b,0100111010011110100001101101101011011100100011011011011000111101,images/sub-12/ses-1/image_51.png,img_0112,exact
12,1,screening,46,image_52,52,False,300,400,c4f0bcfd0ddab9289676c3038f6b8795a11bf9bd,1101010011101100111011001111110010001110101011101010100000101100,images/sub-12/ses-1/image_52.png,img_0249,exact
12,1,screening,47,image_53,53,False,300,400,0af66f5171052e31e296d10452539e1fd37bcec8,0000000000110000101001000110010000001000000000011111111111110000,images/sub-12/ses-1/image_53.png,img_0250,exact
12,1,screening,48,image_54,54,False,300,400,3cc77d84e5de4d578478a327c4366c65e38e1bdb,0011001010100000011000001100100011001100111001000011010010001100,images/sub-12/ses-1/image_54.png,img_0048,exact
12,1,screening,49,image_55,55,False,300,400,85e288c47c98eefc6a94c9b7f0088c67799437af,1101100011011001111100101100011011100100111000000110000000101000,images/sub-12/ses-1/image_55.png,img_0049,exact
12,1,screening,50,image_56,56,False,300,400,aaaad92588c426f93b696880e328bc66d4071cf4,1111000001000000111110001101010001100101101001101100011100100110,images/sub-12/ses-1/image_56.png,img_0251,exact
12,1,screening,51,image_57,57,False,300,400,0d6ece310c694eadea17fa5f422dc44f9c50de10,0011101100111011001100010011000100111001001110110011001101110011,images/sub-12/ses-1/image_57.png,img_0252,exact
12,1,screening,52,image_58,58,False,300,400,d9062b4982ed50fb7e6dc820ff0820105f9d8e74,1111000111110000101001001110110011011000000011000010110111101101,images/sub-12/ses-1/image_58.png,img_0253,exact
12,1,screening,53,image_59,59,False,300,400,b7a5cffbc0db014950e208c6e9a4e0450698ef91,1110000011110000111100011110000011101000111010001110101010110000,images/sub-12/ses-1/image_59.png,img_0113,exact
12,1,screening,54,image_61,61,False,300,400,b5086103c2eb2665707e6eb9694b63f28f782ec2,1100110010010110101100101111001011110000011101000100111010010011,images/sub-12/ses-1/image_61.png,img_0054,exact
12,1,screening,55,image_62,62,False,300,400,88f3c24ae78c1b3386ef605565d6b34f5405a63a,1110100011001100110110101001100010010000001100000011000010010100,images/sub-12/ses-1/image_62.png,img_0055,exact
12,1,screening,56,image_63,63,False,300,400,8cafd7df5cd403b3ce14e62c20ea252d3d28b265,1011000000111000001100010111001001110010101101111011011110110110,images/sub-12/ses-1/image_63.png,img_0056,exact
12,1,screening,57,image_64,64,False,300,400,166455db2e1773d3fb9a78153e9bef507543e7d6,0001101001001101011011010110110101101101011011010110110101101111,images/sub-12/ses-1/image_64.png,img_0254,exact
12,1,screening,58,image_65,65,False,300,400,71b5adf17d737ef0f455240735e98740e745eb21,0100110010011110100111001011110000011111000110110001111100001111,images/sub-12/ses-1/image_65.png,img_0058,exact
12,1,screening,59,image_66,66,False,300,400,8109d4ba9d4319de565cec8063719e729e9d5946,1101001100111000111001001101010011011011110010011001110110001101,images/sub-12/ses-1/image_66.png,img_0059,exact
12,1,screening,60,image_67,67,False,300,400,3f4bd27e6ceb77d8e0a79c62ae666cbb3ffe785d,1011010000111000011011001110110001101100111010011001110000011110,images/sub-12/ses-1/image_67.png,img_0060,exact
12,1,screening,61,image_68,68,False,300,400,741d861c23a9733fcb5e924e0aa5e43c0970dfb9,1100100111001001110010011010110111111000110110001011100001111000,images/sub-12/ses-1/image_68.png,img_0061,exact
12,1,screening,62,image_69,69,False,300,400,0f7d5961af22d02435023896f152ad23667a76e4,0101110111011010110100110101101010010110101001111110001111011010,images/sub-12/ses-1/image_69.png,img_0062,exact
12,2,sternberg,0,image_4,4,False,300,400,4ef9dc36f6b102da9aa2939a235601730c02f38d,1011001000110010001000000011000001110000111100001101000001110011,images/sub-12/ses-2/image_4.png,img_0003,exact
12,2,sternberg,1,image_14,14,False,300,400,98a1e24446f8fa3139b7e7696f0883229100514e,0110001011100110100111101010110011101100110111001001100101011000,images/sub-12/ses-2/image_14.png,img_0234,exact
12,2,sternberg,2,image_19,19,False,300,400,83a355332d355b8b62d3c365a8b8cd685b16b6c1,1001010110010110100101110010110101101101011011010010100100010011,images/sub-12/ses-2/image_19.png,img_0017,exact
12,2,sternberg,3,image_21,21,False,300,400,81f3165939715b1888f2a9a544af5ef3315cd461,0110110110001101100011011000110110010001100000110110010011011101,images/sub-12/ses-2/image_21.png,img_0018,exact
12,2,sternberg,4,image_66,66,False,300,400,8109d4ba9d4319de565cec8063719e729e9d5946,1101001100111000111001001101010011011011110010011001110110001101,images/sub-12/ses-2/image_66.png,img_0059,exact
12,2,sternberg,5,image_999,999,True,300,400,bfc604369a8e2c010f0b4ca0e0f3fea35743be61,0000000000100001000000000010010101100101000000000000000100000000,images/sub-12/ses-2/image_999.png,img_null,exact
13,1,screening,0,image_1,1,False,300,400,880f8eaea954110a6753cf13578f4d7b86e930ed,0111000100110011101110001111000011110000101100100110010111110100,images/sub-13/ses-1/image_1.png,img_0255,unique
13,1,screening,1,image_2,2,False,300,400,08764350c7b28119caa7fd7c0b2831a1093b0c64,0110111101110001001100011001000001100010001110010001001110010011,images/sub-13/ses-1/image_2.png,img_0001,exact
13,1,screening,2,image_3,3,False,300,400,3a189bc508c82a6f527925a342a24861e3a3c5ae,1100011011010010101100000011100110111001000110100001001001010010,images/sub-13/ses-1/image_3.png,img_0002,exact
13,1,screening,3,image_4,4,False,300,400,4ef9dc36f6b102da9aa2939a235601730c02f38d,1011001000110010001000000011000001110000111100001101000001110011,images/sub-13/ses-1/image_4.png,img_0003,exact
13,1,screening,4,image_5,5,False,300,400,e5e3f6743aa72e57adf1c8dd7ea293c99d82043b,0001111000111011011100110111001100100110001111000001110000111110,images/sub-13/ses-1/image_5.png,img_0004,exact
13,1,screening,5,image_6,6,False,300,400,d1ac4a70f845690df3df1da3c843126a40912eab,1000010110000101100001010010001100110011000000110000011100001011,images/sub-13/ses-1/image_6.png,img_0005,exact
13,1,screening,6,image_7,7,False,300,400,fb36b1698b927dcd89f0dc05b1afa1319b8e1272,1100110011001101100001001000110010001101010011001100111100110011,images/sub-13/ses-1/image_7.png,img_0006,exact
13,1,screening,7,image_8,8,False,300,400,a83f981626e6f4c93295800681041eba7b05b712,1000110000100110011001100010011000000110000001010000110101101110,images/sub-13/ses-1/image_8.png,img_0007,exact
13,1,screening,8,image_9,9,False,300,400,3adf7e0eea827d97174b1a04c6f8f8ab7c012dc1,0101001001011000110101001001010000010101000100001001100110011001,images/sub-13/ses-1/image_9.png,img_0008,exact
13,1,screening,9,image_11,11,False,300,400,aaf9067a8394e96d07d90ce4e7c4b5694aec83f3,1110110011100100111110001110000011011011111101110111010011110100,images/sub-13/ses-1/image_11.png,img_0009,exact
13,1,screening,10,image_12,12,False,300,400,977b575e9116890964c35896ff98e1434f31529b,1110100011001100100101001000010010110000111000101011000100110011,images/sub-13/ses-1/image_12.png,img_0010,exact
13,1,screening,11,image_13,13,False,300,400,3da81b34dbea49871669a4d93be870966a810c6c,1010001110100101011001010110011101110011111000101010011010101110,images/sub-13/ses-1/image_13.png,img_0011,exact
13,1,screening,12,image_14,14,False,300,400,98a1e24446f8fa3139b7e7696f0883229100514e,0110001011100110100111101010110011101100110111001001100101011000,images/sub-13/ses-1/image_14.png,img_0234,exact
13,1,screening,13,image_15,15,False,300,400,1ddcae863a6008712418ce6783adf15a4218cc65,1100001111001011110010011100100111001001100110010011001100110011,images/sub-13/ses-1/image_15.png,img_0013,exact
13,1,screening,14,image_16,16,False,300,400,177e77125ecdcbecb700c9ba517db158cf95663d,0000111100010111000101110000111100001111001001110010001100101111,images/sub-13/ses-1/image_16.png,img_0014,exact
13,1,screening,15,image_17,17,False,300,400,ec1bb43639d79a61548b8f68c798951c59b0aef8,0011101100111100011011000110110000110110001100110011001100100101,images/sub-13/ses-1/image_17.png,img_0015,exact
13,1,screening,16,image_18,18,False,300,400,a06f99d05ff008653fe9350df48256a3ac2e6dc5,0010000101001001010010010100100101001101000011010000011100001110,images/sub-13/ses-1/image_18.png,img_0256,unique
13,1,screening,17,image_19,19,False,300,400,83a355332d355b8b62d3c365a8b8cd685b16b6c1,1001010110010110100101110010110101101101011011010010100100010011,images/sub-13/ses-1/image_19.png,img_0017,exact
13,1,screening,18,image_21,21,False,300,400,81f3165939715b1888f2a9a544af5ef3315cd461,0110110110001101100011011000110110010001100000110110010011011101,images/sub-13/ses-1/image_21.png,img_0018,exact
13,1,screening,19,image_22,22,False,300,400,88cb613fa077fcbaad16a7d3347d61ce670ebbd6,1101011101110011011100100011001000011010000111110110111110100101,images/sub-13/ses-1/image_22.png,img_0019,exact
13,1,screening,20,image_23,23,False,300,400,ed39db5d7dbc5bab66cf6df390feb51df90f6b55,0000011110100110001001100110011001100110011100111111000110111100,images/sub-13/ses-1/image_23.png,img_0020,exact
13,1,screening,21,image_24,24,False,300,400,daf08478b754491656cb8c5c3d165ebdf123ca1a,1001001110110011111100011110100011110100111100101011001110110010,images/sub-13/ses-1/image_24.png,img_0021,exact
13,1,screening,22,image_25,25,False,300,400,ccf6b962471ace42cf29406a4ed2f1f6e6d5a196,1010100111001111101010011000110010001101010011110101101000011111,images/sub-13/ses-1/image_25.png,img_0022,exact
13,1,screening,23,image_26,26,False,300,400,24dd5349e4cee37a217a311d226c0d47e0eff059,0011001100110011001100110011001100110011001100110011001100110011,images/sub-13/ses-1/image_26.png,img_0023,exact
13,1,screening,24,image_27,27,False,300,400,1625fa780f9afe6ff3dd003f3478d98c57014d08,0001101100001101001001110111100101001101000011010000011100100001,images/sub-13/ses-1/image_27.png,img_0024,exact
13,1,screening,25,image_28,28,False,300,400,ab3dac77fae0efc6cde2959c35486e4420594ef2,1000001100001011000011010110110101101101111000011101001100111000,images/sub-13/ses-1/image_28.png,img_0051,exact
13,1,screening,26,image_29,29,False,300,400,6cc5c665d98ad0f62c014b2bfbe1a069676a3141,1111110011111111110110111101101101110110000011101100110010110000,images/sub-13/ses-1/image_29.png,img_0026,exact
13,1,screening,27,image_31,31,False,300,400,0794259a72af125650e79bad8860cf429f4db2b2,0011000010110010101101000110101001101001011100010110100001110000,images/sub-13/ses-1/image_31.png,img_0257,unique
13,1,screening,28,image_32,32,False,300,400,887d8247d447e415ac2fa96552fecb182f09a0a9,1011110011011100110100001101100001110100011001000110010011100100,images/sub-13/ses-1/image_32.png,img_0236,exact
13,1,screening,29,image_33,33,False,300,400,5e13f315718e42e440fb59f45697593c5cc914b0,1100011010100010100101001100010111001111001001010101101000011010,images/sub-13/ses-1/image_33.png,img_0237,exact
13,1,screening,30,image_34,34,False,300,400,c41b3ed3a5e31e40e7d5def75a460dbd8566e7b4,0100000011000011010001110000111100000111110011011100100011011000,images/sub-13/ses-1/image_34.png,img_0030,exact
13,1,screening,31,image_35,35,False,300,400,70eb9c148f9e919f348d44669c502ed174852539,1111110011111010010110111011001111110000111100001101100111111000,images/sub-13/ses-1/image_35.png,img_0238,exact
13,1,screening,32,image_36,36,False,300,400,07baf2b09a6deaaacad6b289c1d3dda500d19b16,1111000010100000100100011000011110101111111100011011001000101101,images/sub-13/ses-1/image_36.png,img_0032,exact
13,1,screening,33,image_37,37,False,300,400,7d067f61b41f39644868b2043dcac96539c984d8,1111111111011111001110000010001100111110010100110111101100111100,images/sub-13/ses-1/image_37.png,img_0239,exact
13,1,screening,34,image_38,38,False,300,400,d1aff4328ce866552c87a5bb0d095cdd6f7dec0f,0110101101110011011100110010101100110010011110110000010000100100,images/sub-13/ses-1/image_38.png,img_0240,exact
13,1,screening,35,image_39,39,False,300,400,2fa9dab25c87055ec50547be3cf62a59a2528f52,1110101110011001011100111100101100001100110011000111110011011100,images/sub-13/ses-1/image_39.png,img_0035,exact
13,1,screening,36,image_41,41,False,300,400,8bc32de07cbb9c14dcf2f9ec3a2e74d0df380839,1011011000110110101101100011011000110110001101110011011110100101,images/sub-13/ses-1/image_41.png,img_0258,unique
13,1,screening,37,image_42,42,False,300,400,1c9936caf00c6d5415f322f409482fcab7b6fb7f,1111000001011000100011011010010001110110001110110001101101010001,images/sub-13/ses-1/image_42.png,img_0259,unique
13,1,screening,38,image_43,43,False,300,400,ad3168dea0b49a8d56051ebdc9a1b53bc601881e,1100001010000110100011100110011001100110010101000010000100011000,images/sub-13/ses-1/image_43.png,img_0260,unique
13,1,screening,39,image_44,44,False,300,400,8f37e695bd6492aabd3a091e78aebe614360e8f4,1111000011011010001101010011010110101110111010001110000011110000,images/sub-13/ses-1/image_44.png,img_0243,exact
13,1,screening,40,image_45,45,False,300,400,86b5e0079b5b64e52e6234a04c9b2ccb72c41797,0011101100100111001111100011110000011011000011111110011111010000,images/sub-13/ses-1/image_45.png,img_0261,unique
13,1,screening,41,image_46,46,False,300,400,ea1e44f44c66f7ad275db0cab0071fc11a44b25d,0110110101001110010001110001110000111100111101001111001010010010,images/sub-13/ses-1/image_46.png,img_0262,unique
13,1,screening,42,image_47,47,False,300,400,4cf82f185f78ba2f7b4302d0c3a66da61f766082,1100011010111010100100110010011110100111001000101010011010010111,images/sub-13/ses-1/image_47.png,img_0263,unique
13,1,screening,43,image_48,48,False,300,400,883e9f1362eebea322907f86172846662d76c596,1111000010110010111100101111001010110000001101100111001000110011,images/sub-13/ses-1/image_48.png,img_0264,unique
13,1,screening,44,image_49,49,False,300,400,b44d9239b264423fb0433b489ecdd6faf98661e1,1111000011110000111001101000101011001010010011100101100011110001,images/sub-13/ses-1/image_49.png,img_0265,unique
13,1,screening,45,image_51,51,False,300,400,d9469c99940fd6021b9ff10418a6f0f40bf373c0,1110010011110100111111001110110011001100110011011100100011001000,images/sub-13/ses-1/image_51.png,img_0266,unique
13,1,screening,46,image_52,52,False,300,400,761a45e4d2b5e5655388babe2054002cd94a66df,1001011011110110101101100001011000111100001110000100111010001110,images/sub-13/ses-1/image_52.png,img_0267,unique
13,1,screening,47,image_53,53,False,300,400,cf2d71fd43ef14df28c49547ab7343688e1929ba,1100010100100111001011110100100100001001011001010001001100001011,images/sub-13/ses-1/image_53.png,img_0268,unique
13,1,screening,48,image_54,54,False,300,400,f48bced4e8e9c03e6090a702f36e9ae55f1113a1,1101101101101001101100000001000110011111100011010001100100011111,images/sub-13/ses-1/image_54.png,img_0269,unique
13,1,screening,49,image_55,55,False,300,400,fc38c865beeaefb36a0fd9e6813a3642d3481619,0010001001001101000011100001011101101101000001010000000101100000,images/sub-13/ses-1/image_55.png,img_0270,unique
13,1,screening,50,image_56,56,False,300,400,95684a0d7f0ce4613a3ac2962a1e2de56547b3a9,1110001111010101100110100110000101100010011100010011001100010111,images/sub-13/ses-1/image_56.png,img_0271,unique
13,1,screening,51,image_57,57,False,300,400,ba3d56af3b1b542505e027ac21f4c8aefa18c184,1111101101101011101100001011100111001101010000110100110101001101,images/sub-13/ses-1/image_57.png,img_0272,unique
13,1,screening,52,image_58,58,False,300,400,0b13b939e9960663cad01daff972fe8ed1fd77ee,0010010100010100100100101001101010011010001001100011011010111010,images/sub-13/ses-1/image_58.png,img_0273,unique
13,1,screening,53,image_59,59,False,300,400,723ad89e06d15c78f4c970151d42817f43bffd81,1110000011100000111100101110010010000000001110010100001001000111,images/sub-13/ses-1/image_59.png,img_0274,unique
13,1,screening,54,image_61,61,False,300,400,b5086103c2eb2665707e6eb9694b63f28f782ec2,1100110010010110101100101111001011110000011101000100111010010011,images/sub-13/ses-1/image_61.png,img_0054,exact
13,1,screening,55,image_62,62,False,300,400,bec60f76d5843fab779c8de7b8351090415292b6,0000110000111000010111000110010001100110000100111000001111111110,images/sub-13/ses-1/image_62.png,img_0275,unique
13,1,screening,56,image_63,63,False,300,400,8cafd7df5cd403b3ce14e62c20ea252d3d28b265,1011000000111000001100010111001001110010101101111011011110110110,images/sub-13/ses-1/image_63.png,img_0056,exact
13,1,screening,57,image_64,64,False,300,400,430c4bc4b094457b27598be39f5cee91892360c0,1100000011110001111000011100101011010010001101111000111011010001,images/sub-13/ses-1/image_64.png,img_0276,unique
13,1,screening,58,image_65,65,False,300,400,71b5adf17d737ef0f455240735e98740e745eb21,0100110010011110100111001011110000011111000110110001111100001111,images/sub-13/ses-1/image_65.png,img_0058,exact
13,1,screening,59,image_66,66,False,300,400,8109d4ba9d4319de565cec8063719e729e9d5946,1101001100111000111001001101010011011011110010011001110110001101,images/sub-13/ses-1/image_66.png,img_0059,exact
13,1,screening,60,image_67,67,False,300,400,3f4bd27e6ceb77d8e0a79c62ae666cbb3ffe785d,1011010000111000011011001110110001101100111010011001110000011110,images/sub-13/ses-1/image_67.png,img_0060,exact
13,1,screening,61,image_68,68,False,300,400,741d861c23a9733fcb5e924e0aa5e43c0970dfb9,1100100111001001110010011010110111111000110110001011100001111000,images/sub-13/ses-1/image_68.png,img_0061,exact
13,1,screening,62,image_69,69,False,300,400,0f7d5961af22d02435023896f152ad23667a76e4,0101110111011010110100110101101010010110101001111110001111011010,images/sub-13/ses-1/image_69.png,img_0062,exact
13,2,sternberg,0,image_23,23,False,300,400,ed39db5d7dbc5bab66cf6df390feb51df90f6b55,0000011110100110001001100110011001100110011100111111000110111100,images/sub-13/ses-2/image_23.png,img_0020,exact
13,2,sternberg,1,image_5,5,False,300,400,e5e3f6743aa72e57adf1c8dd7ea293c99d82043b,0001111000111011011100110111001100100110001111000001110000111110,images/sub-13/ses-2/image_5.png,img_0004,exact
13,2,sternberg,2,image_43,43,False,300,400,ad3168dea0b49a8d56051ebdc9a1b53bc601881e,1100001010000110100011100110011001100110010101000010000100011000,images/sub-13/ses-2/image_43.png,img_0260,exact
13,2,sternberg,3,image_54,54,False,300,400,f48bced4e8e9c03e6090a702f36e9ae55f1113a1,1101101101101001101100000001000110011111100011010001100100011111,images/sub-13/ses-2/image_54.png,img_0269,exact
13,2,sternberg,4,image_63,63,False,300,400,8cafd7df5cd403b3ce14e62c20ea252d3d28b265,1011000000111000001100010111001001110010101101111011011110110110,images/sub-13/ses-2/image_63.png,img_0056,exact
13,2,sternberg,5,image_999,999,True,300,400,bfc604369a8e2c010f0b4ca0e0f3fea35743be61,0000000000100001000000000010010101100101000000000000000100000000,images/sub-13/ses-2/image_999.png,img_null,exact
14,1,screening,0,image_1,1,False,300,400,880f8eaea954110a6753cf13578f4d7b86e930ed,0111000100110011101110001111000011110000101100100110010111110100,images/sub-14/ses-1/image_1.png,img_0255,exact
14,1,screening,1,image_2,2,False,300,400,08764350c7b28119caa7fd7c0b2831a1093b0c64,0110111101110001001100011001000001100010001110010001001110010011,images/sub-14/ses-1/image_2.png,img_0001,exact
14,1,screening,2,image_3,3,False,300,400,3a189bc508c82a6f527925a342a24861e3a3c5ae,1100011011010010101100000011100110111001000110100001001001010010,images/sub-14/ses-1/image_3.png,img_0002,exact
14,1,screening,3,image_4,4,False,300,400,4ef9dc36f6b102da9aa2939a235601730c02f38d,1011001000110010001000000011000001110000111100001101000001110011,images/sub-14/ses-1/image_4.png,img_0003,exact
14,1,screening,4,image_5,5,False,300,400,e5e3f6743aa72e57adf1c8dd7ea293c99d82043b,0001111000111011011100110111001100100110001111000001110000111110,images/sub-14/ses-1/image_5.png,img_0004,exact
14,1,screening,5,image_6,6,False,300,400,d1ac4a70f845690df3df1da3c843126a40912eab,1000010110000101100001010010001100110011000000110000011100001011,images/sub-14/ses-1/image_6.png,img_0005,exact
14,1,screening,6,image_7,7,False,300,400,fb36b1698b927dcd89f0dc05b1afa1319b8e1272,1100110011001101100001001000110010001101010011001100111100110011,images/sub-14/ses-1/image_7.png,img_0006,exact
14,1,screening,7,image_8,8,False,300,400,a83f981626e6f4c93295800681041eba7b05b712,1000110000100110011001100010011000000110000001010000110101101110,images/sub-14/ses-1/image_8.png,img_0007,exact
14,1,screening,8,image_9,9,False,300,400,3adf7e0eea827d97174b1a04c6f8f8ab7c012dc1,0101001001011000110101001001010000010101000100001001100110011001,images/sub-14/ses-1/image_9.png,img_0008,exact
14,1,screening,9,image_11,11,False,300,400,aaf9067a8394e96d07d90ce4e7c4b5694aec83f3,1110110011100100111110001110000011011011111101110111010011110100,images/sub-14/ses-1/image_11.png,img_0009,exact
14,1,screening,10,image_12,12,False,300,400,977b575e9116890964c35896ff98e1434f31529b,1110100011001100100101001000010010110000111000101011000100110011,images/sub-14/ses-1/image_12.png,img_0010,exact
14,1,screening,11,image_13,13,False,300,400,3da81b34dbea49871669a4d93be870966a810c6c,1010001110100101011001010110011101110011111000101010011010101110,images/sub-14/ses-1/image_13.png,img_0011,exact
14,1,screening,12,image_14,14,False,300,400,98a1e24446f8fa3139b7e7696f0883229100514e,0110001011100110100111101010110011101100110111001001100101011000,images/sub-14/ses-1/image_14.png,img_0234,exact
14,1,screening,13,image_15,15,False,300,400,1ddcae863a6008712418ce6783adf15a4218cc65,1100001111001011110010011100100111001001100110010011001100110011,images/sub-14/ses-1/image_15.png,img_0013,exact
14,1,screening,14,image_16,16,False,300,400,177e77125ecdcbecb700c9ba517db158cf95663d,0000111100010111000101110000111100001111001001110010001100101111,images/sub-14/ses-1/image_16.png,img_0014,exact
14,1,screening,15,image_17,17,False,300,400,ec1bb43639d79a61548b8f68c798951c59b0aef8,0011101100111100011011000110110000110110001100110011001100100101,images/sub-14/ses-1/image_17.png,img_0015,exact
14,1,screening,16,image_18,18,False,300,400,a06f99d05ff008653fe9350df48256a3ac2e6dc5,0010000101001001010010010100100101001101000011010000011100001110,images/sub-14/ses-1/image_18.png,img_0256,exact
14,1,screening,17,image_19,19,False,300,400,83a355332d355b8b62d3c365a8b8cd685b16b6c1,1001010110010110100101110010110101101101011011010010100100010011,images/sub-14/ses-1/image_19.png,img_0017,exact
14,1,screening,18,image_21,21,False,300,400,81f3165939715b1888f2a9a544af5ef3315cd461,0110110110001101100011011000110110010001100000110110010011011101,images/sub-14/ses-1/image_21.png,img_0018,exact
14,1,screening,19,image_22,22,False,300,400,88cb613fa077fcbaad16a7d3347d61ce670ebbd6,1101011101110011011100100011001000011010000111110110111110100101,images/sub-14/ses-1/image_22.png,img_0019,exact
14,1,screening,20,image_23,23,False,300,400,ed39db5d7dbc5bab66cf6df390feb51df90f6b55,0000011110100110001001100110011001100110011100111111000110111100,images/sub-14/ses-1/image_23.png,img_0020,exact
14,1,screening,21,image_24,24,False,300,400,daf08478b754491656cb8c5c3d165ebdf123ca1a,1001001110110011111100011110100011110100111100101011001110110010,images/sub-14/ses-1/image_24.png,img_0021,exact
14,1,screening,22,image_25,25,False,300,400,ccf6b962471ace42cf29406a4ed2f1f6e6d5a196,1010100111001111101010011000110010001101010011110101101000011111,images/sub-14/ses-1/image_25.png,img_0022,exact
14,1,screening,23,image_26,26,False,300,400,24dd5349e4cee37a217a311d226c0d47e0eff059,0011001100110011001100110011001100110011001100110011001100110011,images/sub-14/ses-1/image_26.png,img_0023,exact
14,1,screening,24,image_27,27,False,300,400,1625fa780f9afe6ff3dd003f3478d98c57014d08,0001101100001101001001110111100101001101000011010000011100100001,images/sub-14/ses-1/image_27.png,img_0024,exact
14,1,screening,25,image_28,28,False,300,400,ab3dac77fae0efc6cde2959c35486e4420594ef2,1000001100001011000011010110110101101101111000011101001100111000,images/sub-14/ses-1/image_28.png,img_0051,exact
14,1,screening,26,image_29,29,False,300,400,6cc5c665d98ad0f62c014b2bfbe1a069676a3141,1111110011111111110110111101101101110110000011101100110010110000,images/sub-14/ses-1/image_29.png,img_0026,exact
14,1,screening,27,image_31,31,False,300,400,60f1507441a3b82bbb90e995c01760944abfaa2b,1001100001100010111100001111010010100010011001001000010100110010,images/sub-14/ses-1/image_31.png,img_0277,unique
14,1,screening,28,image_32,32,False,300,400,887d8247d447e415ac2fa96552fecb182f09a0a9,1011110011011100110100001101100001110100011001000110010011100100,images/sub-14/ses-1/image_32.png,img_0236,exact
14,1,screening,29,image_33,33,False,300,400,5e13f315718e42e440fb59f45697593c5cc914b0,1100011010100010100101001100010111001111001001010101101000011010,images/sub-14/ses-1/image_33.png,img_0237,exact
14,1,screening,30,image_34,34,False,300,400,c41b3ed3a5e31e40e7d5def75a460dbd8566e7b4,0100000011000011010001110000111100000111110011011100100011011000,images/sub-14/ses-1/image_34.png,img_0030,exact
14,1,screening,31,image_35,35,False,300,400,70eb9c148f9e919f348d44669c502ed174852539,1111110011111010010110111011001111110000111100001101100111111000,images/sub-14/ses-1/image_35.png,img_0238,exact
14,1,screening,32,image_36,36,False,300,400,30fb49b873f83a7fb78091e221b7cd44ad05f1c4,0000010000000001101100000011011001001010100100111100010111001001,images/sub-14/ses-1/image_36.png,img_0278,unique
14,1,screening,33,image_37,37,False,300,400,7d067f61b41f39644868b2043dcac96539c984d8,1111111111011111001110000010001100111110010100110111101100111100,images/sub-14/ses-1/image_37.png,img_0239,exact
14,1,screening,34,image_38,38,False,300,400,6c4c2db5fb58ba082e66f32a8b325bca058e9516,1001110010010111101001111010000110100010001111001100000100011011,images/sub-14/ses-1/image_38.png,img_0279,unique
14,1,screening,35,image_39,39,False,300,400,2fa9dab25c87055ec50547be3cf62a59a2528f52,1110101110011001011100111100101100001100110011000111110011011100,images/sub-14/ses-1/image_39.png,img_0035,exact
14,1,screening,36,image_41,41,False,300,400,8bc32de07cbb9c14dcf2f9ec3a2e74d0df380839,1011011000110110101101100011011000110110001101110011011110100101,images/sub-14/ses-1/image_41.png,img_0258,exact
14,1,screening,37,image_42,42,False,300,400,1c9936caf00c6d5415f322f409482fcab7b6fb7f,1111000001011000100011011010010001110110001110110001101101010001,images/sub-14/ses-1/image_42.png,img_0259,exact
14,1,screening,38,image_43,43,False,300,400,ad3168dea0b49a8d56051ebdc9a1b53bc601881e,1100001010000110100011100110011001100110010101000010000100011000,images/sub-14/ses-1/image_43.png,img_0260,exact
14,1,screening,39,image_44,44,False,300,400,d7b1d31cf962ceb85f9d12f170bc225f15c81c51,1100001011100011111010011010100111100001110000111000101100010011,images/sub-14/ses-1/image_44.png,img_0280,unique
14,1,screening,40,image_45,45,False,300,400,86b5e0079b5b64e52e6234a04c9b2ccb72c41797,0011101100100111001111100011110000011011000011111110011111010000,images/sub-14/ses-1/image_45.png,img_0261,exact
14,1,screening,41,image_46,46,False,300,400,ea1e44f44c66f7ad275db0cab0071fc11a44b25d,0110110101001110010001110001110000111100111101001111001010010010,images/sub-14/ses-1/image_46.png,img_0262,exact
14,1,screening,42,image_47,47,False,300,400,4cf82f185f78ba2f7b4302d0c3a66da61f766082,1100011010111010100100110010011110100111001000101010011010010111,images/sub-14/ses-1/image_47.png,img_0263,exact
14,1,screening,43,image_48,48,False,300,400,883e9f1362eebea322907f86172846662d76c596,1111000010110010111100101111001010110000001101100111001000110011,images/sub-14/ses-1/image_48.png,img_0264,exact
14,1,screening,44,image_49,49,False,300,400,b44d9239b264423fb0433b489ecdd6faf98661e1,1111000011110000111001101000101011001010010011100101100011110001,images/sub-14/ses-1/image_49.png,img_0265,exact
14,1,screening,45,image_51,51,False,300,400,9caad7fa43e977411fb10c1f49dcfb655989b591,1111000011110001111100001100110001100000011001000100110011001110,images/sub-14/ses-1/image_51.png,img_0281,unique
14,1,screening,46,image_52,52,False,300,400,761a45e4d2b5e5655388babe2054002cd94a66df,1001011011110110101101100001011000111100001110000100111010001110,images/sub-14/ses-1/image_52.png,img_0267,exact
14,1,screening,47,image_53,53,False,300,400,cf2d71fd43ef14df28c49547ab7343688e1929ba,1100010100100111001011110100100100001001011001010001001100001011,images/sub-14/ses-1/image_53.png,img_0268,exact
14,1,screening,48,image_54,54,False,300,400,f48bced4e8e9c03e6090a702f36e9ae55f1113a1,1101101101101001101100000001000110011111100011010001100100011111,images/sub-14/ses-1/image_54.png,img_0269,exact
14,1,screening,49,image_55,55,False,300,400,fc38c865beeaefb36a0fd9e6813a3642d3481619,0010001001001101000011100001011101101101000001010000000101100000,images/sub-14/ses-1/image_55.png,img_0270,exact
14,1,screening,50,image_56,56,False,300,400,95684a0d7f0ce4613a3ac2962a1e2de56547b3a9,1110001111010101100110100110000101100010011100010011001100010111,images/sub-14/ses-1/image_56.png,img_0271,exact
14,1,screening,51,image_57,57,False,300,400,ba3d56af3b1b542505e027ac21f4c8aefa18c184,1111101101101011101100001011100111001101010000110100110101001101,images/sub-14/ses-1/image_57.png,img_0272,exact
14,1,screening,52,image_58,58,False,300,400,0b13b939e9960663cad01daff972fe8ed1fd77ee,0010010100010100100100101001101010011010001001100011011010111010,images/sub-14/ses-1/image_58.png,img_0273,exact
14,1,screening,53,image_59,59,False,300,400,723ad89e06d15c78f4c970151d42817f43bffd81,1110000011100000111100101110010010000000001110010100001001000111,images/sub-14/ses-1/image_59.png,img_0274,exact
14,1,screening,54,image_61,61,False,300,400,b5086103c2eb2665707e6eb9694b63f28f782ec2,1100110010010110101100101111001011110000011101000100111010010011,images/sub-14/ses-1/image_61.png,img_0054,exact
14,1,screening,55,image_62,62,False,300,400,bec60f76d5843fab779c8de7b8351090415292b6,0000110000111000010111000110010001100110000100111000001111111110,images/sub-14/ses-1/image_62.png,img_0275,exact
14,1,screening,56,image_63,63,False,300,400,8cafd7df5cd403b3ce14e62c20ea252d3d28b265,1011000000111000001100010111001001110010101101111011011110110110,images/sub-14/ses-1/image_63.png,img_0056,exact
14,1,screening,57,image_64,64,False,300,400,430c4bc4b094457b27598be39f5cee91892360c0,1100000011110001111000011100101011010010001101111000111011010001,images/sub-14/ses-1/image_64.png,img_0276,exact
14,1,screening,58,image_65,65,False,300,400,71b5adf17d737ef0f455240735e98740e745eb21,0100110010011110100111001011110000011111000110110001111100001111,images/sub-14/ses-1/image_65.png,img_0058,exact
14,1,screening,59,image_66,66,False,300,400,8109d4ba9d4319de565cec8063719e729e9d5946,1101001100111000111001001101010011011011110010011001110110001101,images/sub-14/ses-1/image_66.png,img_0059,exact
14,1,screening,60,image_67,67,False,300,400,3f4bd27e6ceb77d8e0a79c62ae666cbb3ffe785d,1011010000111000011011001110110001101100111010011001110000011110,images/sub-14/ses-1/image_67.png,img_0060,exact
14,1,screening,61,image_68,68,False,300,400,741d861c23a9733fcb5e924e0aa5e43c0970dfb9,1100100111001001110010011010110111111000110110001011100001111000,images/sub-14/ses-1/image_68.png,img_0061,exact
14,1,screening,62,image_69,69,False,300,400,0f7d5961af22d02435023896f152ad23667a76e4,0101110111011010110100110101101010010110101001111110001111011010,images/sub-14/ses-1/image_69.png,img_0062,exact
14,2,sternberg,0,image_25,25,False,300,400,ccf6b962471ace42cf29406a4ed2f1f6e6d5a196,1010100111001111101010011000110010001101010011110101101000011111,images/sub-14/ses-2/image_25.png,img_0022,exact
14,2,sternberg,1,image_4,4,False,300,400,4ef9dc36f6b102da9aa2939a235601730c02f38d,1011001000110010001000000011000001110000111100001101000001110011,images/sub-14/ses-2/image_4.png,img_0003,exact
14,2,sternberg,2,image_3,3,False,300,400,3a189bc508c82a6f527925a342a24861e3a3c5ae,1100011011010010101100000011100110111001000110100001001001010010,images/sub-14/ses-2/image_3.png,img_0002,exact
14,2,sternberg,3,image_2,2,False,300,400,08764350c7b28119caa7fd7c0b2831a1093b0c64,0110111101110001001100011001000001100010001110010001001110010011,images/sub-14/ses-2/image_2.png,img_0001,exact
14,2,sternberg,4,image_7,7,False,300,400,fb36b1698b927dcd89f0dc05b1afa1319b8e1272,1100110011001101100001001000110010001101010011001100111100110011,images/sub-14/ses-2/image_7.png,img_0006,exact
14,2,sternberg,5,image_999,999,True,300,400,bfc604369a8e2c010f0b4ca0e0f3fea35743be61,0000000000100001000000000010010101100101000000000000000100000000,images/sub-14/ses-2/image_999.png,img_null,exact
15,1,screening,0,image_1,1,False,300,400,e99ec556399a7c061db8e1a5566cc6f055324b71,1100110011100100111101101111011011110010110100101111011010010110,images/sub-15/ses-1/image_1.png,img_0000,exact
15,1,screening,1,image_2,2,False,300,400,08764350c7b28119caa7fd7c0b2831a1093b0c64,0110111101110001001100011001000001100010001110010001001110010011,images/sub-15/ses-1/image_2.png,img_0001,exact
15,1,screening,2,image_3,3,False,300,400,3a189bc508c82a6f527925a342a24861e3a3c5ae,1100011011010010101100000011100110111001000110100001001001010010,images/sub-15/ses-1/image_3.png,img_0002,exact
15,1,screening,3,image_4,4,False,300,400,4ef9dc36f6b102da9aa2939a235601730c02f38d,1011001000110010001000000011000001110000111100001101000001110011,images/sub-15/ses-1/image_4.png,img_0003,exact
15,1,screening,4,image_5,5,False,300,400,e5e3f6743aa72e57adf1c8dd7ea293c99d82043b,0001111000111011011100110111001100100110001111000001110000111110,images/sub-15/ses-1/image_5.png,img_0004,exact
15,1,screening,5,image_6,6,False,300,400,d1ac4a70f845690df3df1da3c843126a40912eab,1000010110000101100001010010001100110011000000110000011100001011,images/sub-15/ses-1/image_6.png,img_0005,exact
15,1,screening,6,image_7,7,False,300,400,fb36b1698b927dcd89f0dc05b1afa1319b8e1272,1100110011001101100001001000110010001101010011001100111100110011,images/sub-15/ses-1/image_7.png,img_0006,exact
15,1,screening,7,image_8,8,False,300,400,a83f981626e6f4c93295800681041eba7b05b712,1000110000100110011001100010011000000110000001010000110101101110,images/sub-15/ses-1/image_8.png,img_0007,exact
15,1,screening,8,image_9,9,False,300,400,3adf7e0eea827d97174b1a04c6f8f8ab7c012dc1,0101001001011000110101001001010000010101000100001001100110011001,images/sub-15/ses-1/image_9.png,img_0008,exact
15,1,screening,9,image_11,11,False,300,400,aaf9067a8394e96d07d90ce4e7c4b5694aec83f3,1110110011100100111110001110000011011011111101110111010011110100,images/sub-15/ses-1/image_11.png,img_0009,exact
15,1,screening,10,image_12,12,False,300,400,977b575e9116890964c35896ff98e1434f31529b,1110100011001100100101001000010010110000111000101011000100110011,images/sub-15/ses-1/image_12.png,img_0010,exact
15,1,screening,11,image_13,13,False,300,400,3da81b34dbea49871669a4d93be870966a810c6c,1010001110100101011001010110011101110011111000101010011010101110,images/sub-15/ses-1/image_13.png,img_0011,exact
15,1,screening,12,image_14,14,False,300,400,e715714eb88607d4acf4d630f97c70180ecc251f,1001001111010011111100011100010111100101110010011100101111000011,images/sub-15/ses-1/image_14.png,img_0282,unique
15,1,screening,13,image_15,15,False,300,400,1ddcae863a6008712418ce6783adf15a4218cc65,1100001111001011110010011100100111001001100110010011001100110011,images/sub-15/ses-1/image_15.png,img_0013,exact
15,1,screening,14,image_16,16,False,300,400,177e77125ecdcbecb700c9ba517db158cf95663d,0000111100010111000101110000111100001111001001110010001100101111,images/sub-15/ses-1/image_16.png,img_0014,exact
15,1,screening,15,image_17,17,False,300,400,ec1bb43639d79a61548b8f68c798951c59b0aef8,0011101100111100011011000110110000110110001100110011001100100101,images/sub-15/ses-1/image_17.png,img_0015,exact
15,1,screening,16,image_18,18,False,300,400,b1b570a61e471fc0dbb7f0e5234226a68668bbdc,1100100011100000111000101100001011100010111000101100000010000100,images/sub-15/ses-1/image_18.png,img_0016,exact
15,1,screening,17,image_19,19,False,300,400,83a355332d355b8b62d3c365a8b8cd685b16b6c1,1001010110010110100101110010110101101101011011010010100100010011,images/sub-15/ses-1/image_19.png,img_0017,exact
15,1,screening,18,image_21,21,False,300,400,81f3165939715b1888f2a9a544af5ef3315cd461,0110110110001101100011011000110110010001100000110110010011011101,images/sub-15/ses-1/image_21.png,img_0018,exact
15,1,screening,19,image_22,22,False,300,400,88cb613fa077fcbaad16a7d3347d61ce670ebbd6,1101011101110011011100100011001000011010000111110110111110100101,images/sub-15/ses-1/image_22.png,img_0019,exact
15,1,screening,20,image_23,23,False,300,400,ed39db5d7dbc5bab66cf6df390feb51df90f6b55,0000011110100110001001100110011001100110011100111111000110111100,images/sub-15/ses-1/image_23.png,img_0020,exact
15,1,screening,21,image_24,24,False,300,400,daf08478b754491656cb8c5c3d165ebdf123ca1a,1001001110110011111100011110100011110100111100101011001110110010,images/sub-15/ses-1/image_24.png,img_0021,exact
15,1,screening,22,image_25,25,False,300,400,ccf6b962471ace42cf29406a4ed2f1f6e6d5a196,1010100111001111101010011000110010001101010011110101101000011111,images/sub-15/ses-1/image_25.png,img_0022,exact
15,1,screening,23,image_26,26,False,300,400,9a061944efcea107df9d14a276874d4613f2b137,0011001100110011001100110111100100110011001100110011001100110011,images/sub-15/ses-1/image_26.png,img_0023,exact
15,1,screening,24,image_27,27,False,300,400,1625fa780f9afe6ff3dd003f3478d98c57014d08,0001101100001101001001110111100101001101000011010000011100100001,images/sub-15/ses-1/image_27.png,img_0024,exact
15,1,screening,25,image_28,28,False,300,400,ab3dac77fae0efc6cde2959c35486e4420594ef2,1000001100001011000011010110110101101101111000011101001100111000,images/sub-15/ses-1/image_28.png,img_0051,exact
15,1,screening,26,image_29,29,False,300,400,6cc5c665d98ad0f62c014b2bfbe1a069676a3141,1111110011111111110110111101101101110110000011101100110010110000,images/sub-15/ses-1/image_29.png,img_0026,exact
15,1,screening,27,image_31,31,False,300,400,0ac15f10c6fd57b139da89fad74c5e07013bc317,1000111010010110100101101001011010011110100101000001011000110011,images/sub-15/ses-1/image_31.png,img_0027,exact
15,1,screening,28,image_32,32,False,300,400,887352cfe5777d4af43cb0124deb64ed0e6acec3,1000100010011010011001100011010110100110101011101001110011011100,images/sub-15/ses-1/image_32.png,img_0138,exact
15,1,screening,29,image_33,33,False,300,400,5e13f315718e42e440fb59f45697593c5cc914b0,1100011010100010100101001100010111001111001001010101101000011010,images/sub-15/ses-1/image_33.png,img_0237,exact
15,1,screening,30,image_34,34,False,300,400,c41b3ed3a5e31e40e7d5def75a460dbd8566e7b4,0100000011000011010001110000111100000111110011011100100011011000,images/sub-15/ses-1/image_34.png,img_0030,exact
15,1,screening,31,image_35,35,False,300,400,a4163bdd256346cf5a9bd66ae42a42a8fefa42f1,0101001001110000011100001011000110010001100100011010100111100000,images/sub-15/ses-1/image_35.png,img_0283,unique
15,1,screening,32,image_36,36,False,300,400,07baf2b09a6deaaacad6b289c1d3dda500d19b16,1111000010100000100100011000011110101111111100011011001000101101,images/sub-15/ses-1/image_36.png,img_0032,exact
15,1,screening,33,image_37,37,False,300,400,43f08de09c1d4344ee0b4705299de79b8aae0064,1000000101000001001100011001110010001100111000111100000111000000,images/sub-15/ses-1/image_37.png,img_0099,exact
15,1,screening,34,image_38,38,False,300,400,be2d1e891a5c0ee4e3c6e12c3e65864796a1c72a,0000110110010110100100110001010000111100000111100001111000011110,images/sub-15/ses-1/image_38.png,img_0284,unique
15,1,screening,35,image_39,39,False,300,400,2fa9dab25c87055ec50547be3cf62a59a2528f52,1110101110011001011100111100101100001100110011000111110011011100,images/sub-15/ses-1/image_39.png,img_0035,exact
15,1,screening,36,image_41,41,False,300,400,4d5588f1b4eaeb2ec766e86e3888542ae575b54b,1100110010010100001010000010010000000010000001010000110101010000,images/sub-15/ses-1/image_41.png,img_0156,exact
15,1,screening,37,image_42,42,False,300,400,1c9936caf00c6d5415f322f409482fcab7b6fb7f,1111000001011000100011011010010001110110001110110001101101010001,images/sub-15/ses-1/image_42.png,img_0259,exact
15,1,screening,38,image_43,43,False,300,400,ad3168dea0b49a8d56051ebdc9a1b53bc601881e,1100001010000110100011100110011001100110010101000010000100011000,images/sub-15/ses-1/image_43.png,img_0260,exact
15,1,screening,39,image_44,44,False,300,400,090d4fa1ba3907e3fd0280f695cda206623b5459,0110010011011000000110010000100111001011110010111100100011010000,images/sub-15/ses-1/image_44.png,img_0139,exact
15,1,screening,40,image_45,45,False,300,400,1f34b7cc8b410761af8d77b2c5816d9be410a5ac,1110110011001100100011101001110010010110101101100011010000111100,images/sub-15/ses-1/image_45.png,img_0040,exact
15,1,screening,41,image_46,46,False,300,400,85f31823d20ee56d70573c8bd1f0b384dc7f4621,0111110011000110100110111000010011100110111100100011001110010111,images/sub-15/ses-1/image_46.png,img_0285,unique
15,1,screening,42,image_47,47,False,300,400,4647909c5e71b608f9e3be3b79f70e3bc946eca5,0000000000111000100011101000100011100000111010000010100100000100,images/sub-15/ses-1/image_47.png,img_0286,unique
15,1,screening,43,image_48,48,False,300,400,5cbbb12d737774353227f25da0017b36073e0d76,0110101110100100000110010001101100010110100101101001010110010101,images/sub-15/ses-1/image_48.png,img_0287,unique
15,1,screening,44,image_49,49,False,300,400,86e949fb508a72829ce38d7a802f6afd25a7c66a,1110000010110100100101001111011011100110010110101100110111100001,images/sub-15/ses-1/image_49.png,img_0044,exact
15,1,screening,45,image_51,51,False,300,400,9495437a4ba15c91c5c038fc56ed9263f9846f61,0110000001101100001100100011011010011101110011011110110101100101,images/sub-15/ses-1/image_51.png,img_0288,unique
15,1,screening,46,image_52,52,False,300,400,22b5fb29fa7fdba70a8a4bde0b16d21f0f15aba6,1101011111010000110101111101001011011011110010110001011100010111,images/sub-15/ses-1/image_52.png,img_0289,unique
15,1,screening,47,image_53,53,False,300,400,26f6e671d349bf196bfd1b25276e05c474ba8028,1001011100011010001110100011101010011000001110110001111111000111,images/sub-15/ses-1/image_53.png,img_0290,unique
15,1,screening,48,image_54,54,False,300,400,3cc77d84e5de4d578478a327c4366c65e38e1bdb,0011001010100000011000001100100011001100111001000011010010001100,images/sub-15/ses-1/image_54.png,img_0048,exact
15,1,screening,49,image_55,55,False,300,400,85e288c47c98eefc6a94c9b7f0088c67799437af,1101100011011001111100101100011011100100111000000110000000101000,images/sub-15/ses-1/image_55.png,img_0049,exact
15,1,screening,50,image_56,56,False,300,400,1ad5ffd3c629228c28de71977c79f65b8b3098f2,0011001101001101010011110001111101001111010000010110000101100001,images/sub-15/ses-1/image_56.png,img_0291,unique
15,1,screening,51,image_57,57,False,300,400,be8acfe7e6f0fe6ab63bd9b6bec3bea8ae87e19b,0001111100110011001000111100011011010100010110000011100100110011,images/sub-15/ses-1/image_57.png,img_0292,unique
15,1,screening,52,image_58,58,False,300,400,7ae06ea2393308925778883b391ea8e388994c66,1101111111110011101101100011011001000110000101100001100110000001,images/sub-15/ses-1/image_58.png,img_0293,unique
15,1,screening,53,image_59,59,False,300,400,fe216976405e4ec1fd166ff480b76593d3691994,1110111111111001110001100100110100110011001101100001110011000000,images/sub-15/ses-1/image_59.png,img_0294,unique
15,1,screening,54,image_61,61,False,300,400,b5086103c2eb2665707e6eb9694b63f28f782ec2,1100110010010110101100101111001011110000011101000100111010010011,images/sub-15/ses-1/image_61.png,img_0054,exact
15,1,screening,55,image_62,62,False,300,400,88f3c24ae78c1b3386ef605565d6b34f5405a63a,1110100011001100110110101001100010010000001100000011000010010100,images/sub-15/ses-1/image_62.png,img_0055,exact
15,1,screening,56,image_63,63,False,300,400,8cafd7df5cd403b3ce14e62c20ea252d3d28b265,1011000000111000001100010111001001110010101101111011011110110110,images/sub-15/ses-1/image_63.png,img_0056,exact
15,1,screening,57,image_64,64,False,300,400,166455db2e1773d3fb9a78153e9bef507543e7d6,0001101001001101011011010110110101101101011011010110110101101111,images/sub-15/ses-1/image_64.png,img_0254,exact
15,1,screening,58,image_65,65,False,300,400,71b5adf17d737ef0f455240735e98740e745eb21,0100110010011110100111001011110000011111000110110001111100001111,images/sub-15/ses-1/image_65.png,img_0058,exact
15,1,screening,59,image_66,66,False,300,400,8109d4ba9d4319de565cec8063719e729e9d5946,1101001100111000111001001101010011011011110010011001110110001101,images/sub-15/ses-1/image_66.png,img_0059,exact
15,1,screening,60,image_67,67,False,300,400,3f4bd27e6ceb77d8e0a79c62ae666cbb3ffe785d,1011010000111000011011001110110001101100111010011001110000011110,images/sub-15/ses-1/image_67.png,img_0060,exact
15,1,screening,61,image_68,68,False,300,400,741d861c23a9733fcb5e924e0aa5e43c0970dfb9,1100100111001001110010011010110111111000110110001011100001111000,images/sub-15/ses-1/image_68.png,img_0061,exact
15,1,screening,62,image_69,69,False,300,400,0f7d5961af22d02435023896f152ad23667a76e4,0101110111011010110100110101101010010110101001111110001111011010,images/sub-15/ses-1/image_69.png,img_0062,exact
15,2,sternberg,0,image_38,38,False,300,400,be2d1e891a5c0ee4e3c6e12c3e65864796a1c72a,0000110110010110100100110001010000111100000111100001111000011110,images/sub-15/ses-2/image_38.png,img_0284,exact
15,2,sternberg,1,image_39,39,False,300,400,2fa9dab25c87055ec50547be3cf62a59a2528f52,1110101110011001011100111100101100001100110011000111110011011100,images/sub-15/ses-2/image_39.png,img_0035,exact
15,2,sternberg,2,image_29,29,False,300,400,6cc5c665d98ad0f62c014b2bfbe1a069676a3141,1111110011111111110110111101101101110110000011101100110010110000,images/sub-15/ses-2/image_29.png,img_0026,exact
15,2,sternberg,3,image_57,57,False,300,400,be8acfe7e6f0fe6ab63bd9b6bec3bea8ae87e19b,0001111100110011001000111100011011010100010110000011100100110011,images/sub-15/ses-2/image_57.png,img_0292,exact
15,2,sternberg,4,image_65,65,False,300,400,71b5adf17d737ef0f455240735e98740e745eb21,0100110010011110100111001011110000011111000110110001111100001111,images/sub-15/ses-2/image_65.png,img_0058,exact
15,2,sternberg,5,image_999,999,True,300,400,bfc604369a8e2c010f0b4ca0e0f3fea35743be61,0000000000100001000000000010010101100101000000000000000100000000,images/sub-15/ses-2/image_999.png,img_null,exact
16,1,screening,0,image_1,1,False,300,400,e99ec556399a7c061db8e1a5566cc6f055324b71,1100110011100100111101101111011011110010110100101111011010010110,images/sub-16/ses-1/image_1.png,img_0000,exact
16,1,screening,1,image_2,2,False,300,400,08764350c7b28119caa7fd7c0b2831a1093b0c64,0110111101110001001100011001000001100010001110010001001110010011,images/sub-16/ses-1/image_2.png,img_0001,exact
16,1,screening,2,image_3,3,False,300,400,3a189bc508c82a6f527925a342a24861e3a3c5ae,1100011011010010101100000011100110111001000110100001001001010010,images/sub-16/ses-1/image_3.png,img_0002,exact
16,1,screening,3,image_4,4,False,300,400,4ef9dc36f6b102da9aa2939a235601730c02f38d,1011001000110010001000000011000001110000111100001101000001110011,images/sub-16/ses-1/image_4.png,img_0003,exact
16,1,screening,4,image_5,5,False,300,400,e5e3f6743aa72e57adf1c8dd7ea293c99d82043b,0001111000111011011100110111001100100110001111000001110000111110,images/sub-16/ses-1/image_5.png,img_0004,exact
16,1,screening,5,image_6,6,False,300,400,d1ac4a70f845690df3df1da3c843126a40912eab,1000010110000101100001010010001100110011000000110000011100001011,images/sub-16/ses-1/image_6.png,img_0005,exact
16,1,screening,6,image_7,7,False,300,400,fb36b1698b927dcd89f0dc05b1afa1319b8e1272,1100110011001101100001001000110010001101010011001100111100110011,images/sub-16/ses-1/image_7.png,img_0006,exact
16,1,screening,7,image_8,8,False,300,400,a83f981626e6f4c93295800681041eba7b05b712,1000110000100110011001100010011000000110000001010000110101101110,images/sub-16/ses-1/image_8.png,img_0007,exact
16,1,screening,8,image_9,9,False,300,400,3adf7e0eea827d97174b1a04c6f8f8ab7c012dc1,0101001001011000110101001001010000010101000100001001100110011001,images/sub-16/ses-1/image_9.png,img_0008,exact
16,1,screening,9,image_11,11,False,300,400,aaf9067a8394e96d07d90ce4e7c4b5694aec83f3,1110110011100100111110001110000011011011111101110111010011110100,images/sub-16/ses-1/image_11.png,img_0009,exact
16,1,screening,10,image_12,12,False,300,400,977b575e9116890964c35896ff98e1434f31529b,1110100011001100100101001000010010110000111000101011000100110011,images/sub-16/ses-1/image_12.png,img_0010,exact
16,1,screening,11,image_13,13,False,300,400,3da81b34dbea49871669a4d93be870966a810c6c,1010001110100101011001010110011101110011111000101010011010101110,images/sub-16/ses-1/image_13.png,img_0011,exact
16,1,screening,12,image_14,14,False,300,400,98a1e24446f8fa3139b7e7696f0883229100514e,0110001011100110100111101010110011101100110111001001100101011000,images/sub-16/ses-1/image_14.png,img_0234,exact
16,1,screening,13,image_15,15,False,300,400,1ddcae863a6008712418ce6783adf15a4218cc65,1100001111001011110010011100100111001001100110010011001100110011,images/sub-16/ses-1/image_15.png,img_0013,exact
16,1,screening,14,image_16,16,False,300,400,177e77125ecdcbecb700c9ba517db158cf95663d,0000111100010111000101110000111100001111001001110010001100101111,images/sub-16/ses-1/image_16.png,img_0014,exact
16,1,screening,15,image_17,17,False,300,400,ec1bb43639d79a61548b8f68c798951c59b0aef8,0011101100111100011011000110110000110110001100110011001100100101,images/sub-16/ses-1/image_17.png,img_0015,exact
16,1,screening,16,image_18,18,False,300,400,b1b570a61e471fc0dbb7f0e5234226a68668bbdc,1100100011100000111000101100001011100010111000101100000010000100,images/sub-16/ses-1/image_18.png,img_0016,exact
16,1,screening,17,image_19,19,False,300,400,83a355332d355b8b62d3c365a8b8cd685b16b6c1,1001010110010110100101110010110101101101011011010010100100010011,images/sub-16/ses-1/image_19.png,img_0017,exact
16,1,screening,18,image_21,21,False,300,400,81f3165939715b1888f2a9a544af5ef3315cd461,0110110110001101100011011000110110010001100000110110010011011101,images/sub-16/ses-1/image_21.png,img_0018,exact
16,1,screening,19,image_22,22,False,300,400,88cb613fa077fcbaad16a7d3347d61ce670ebbd6,1101011101110011011100100011001000011010000111110110111110100101,images/sub-16/ses-1/image_22.png,img_0019,exact
16,1,screening,20,image_23,23,False,300,400,ed39db5d7dbc5bab66cf6df390feb51df90f6b55,0000011110100110001001100110011001100110011100111111000110111100,images/sub-16/ses-1/image_23.png,img_0020,exact
16,1,screening,21,image_24,24,False,300,400,daf08478b754491656cb8c5c3d165ebdf123ca1a,1001001110110011111100011110100011110100111100101011001110110010,images/sub-16/ses-1/image_24.png,img_0021,exact
16,1,screening,22,image_25,25,False,300,400,ccf6b962471ace42cf29406a4ed2f1f6e6d5a196,1010100111001111101010011000110010001101010011110101101000011111,images/sub-16/ses-1/image_25.png,img_0022,exact
16,1,screening,23,image_26,26,False,300,400,24dd5349e4cee37a217a311d226c0d47e0eff059,0011001100110011001100110011001100110011001100110011001100110011,images/sub-16/ses-1/image_26.png,img_0023,exact
16,1,screening,24,image_27,27,False,300,400,1625fa780f9afe6ff3dd003f3478d98c57014d08,0001101100001101001001110111100101001101000011010000011100100001,images/sub-16/ses-1/image_27.png,img_0024,exact
16,1,screening,25,image_28,28,False,300,400,ab3dac77fae0efc6cde2959c35486e4420594ef2,1000001100001011000011010110110101101101111000011101001100111000,images/sub-16/ses-1/image_28.png,img_0051,exact
16,1,screening,26,image_29,29,False,300,400,6cc5c665d98ad0f62c014b2bfbe1a069676a3141,1111110011111111110110111101101101110110000011101100110010110000,images/sub-16/ses-1/image_29.png,img_0026,exact
16,1,screening,27,image_31,31,False,300,400,05235113cd85bcebc9c83a7fac1d5c3ce799b497,0011110000011100000011001100110011101100110011001100100011110000,images/sub-16/ses-1/image_31.png,img_0235,exact
16,1,screening,28,image_32,32,False,300,400,887d8247d447e415ac2fa96552fecb182f09a0a9,1011110011011100110100001101100001110100011001000110010011100100,images/sub-16/ses-1/image_32.png,img_0236,exact
16,1,screening,29,image_33,33,False,300,400,5e13f315718e42e440fb59f45697593c5cc914b0,1100011010100010100101001100010111001111001001010101101000011010,images/sub-16/ses-1/image_33.png,img_0237,exact
16,1,screening,30,image_34,34,False,300,400,c41b3ed3a5e31e40e7d5def75a460dbd8566e7b4,0100000011000011010001110000111100000111110011011100100011011000,images/sub-16/ses-1/image_34.png,img_0030,exact
16,1,screening,31,image_35,35,False,300,400,70eb9c148f9e919f348d44669c502ed174852539,1111110011111010010110111011001111110000111100001101100111111000,images/sub-16/ses-1/image_35.png,img_0238,exact
16,1,screening,32,image_36,36,False,300,400,07baf2b09a6deaaacad6b289c1d3dda500d19b16,1111000010100000100100011000011110101111111100011011001000101101,images/sub-16/ses-1/image_36.png,img_0032,exact
16,1,screening,33,image_37,37,False,300,400,7d067f61b41f39644868b2043dcac96539c984d8,1111111111011111001110000010001100111110010100110111101100111100,images/sub-16/ses-1/image_37.png,img_0239,exact
16,1,screening,34,image_38,38,False,300,400,d1aff4328ce866552c87a5bb0d095cdd6f7dec0f,0110101101110011011100110010101100110010011110110000010000100100,images/sub-16/ses-1/image_38.png,img_0240,exact
16,1,screening,35,image_39,39,False,300,400,2fa9dab25c87055ec50547be3cf62a59a2528f52,1110101110011001011100111100101100001100110011000111110011011100,images/sub-16/ses-1/image_39.png,img_0035,exact
16,1,screening,36,image_41,41,False,300,400,9d03055361d6fff2e8fd0b1cc0c006a054a965b9,1100000000111001001110011100010010110001100010011000111000000111,images/sub-16/ses-1/image_41.png,img_0241,exact
16,1,screening,37,image_42,42,False,300,400,2899dfa5d4a0bbc32d9c2631f012bfe939598380,1101100010011001101011001010110110010101100100111110001010001100,images/sub-16/ses-1/image_42.png,img_0043,exact
16,1,screening,38,image_43,43,False,300,400,4c2c0a1bbf44a1fd125e4e48d1704c3cc9b11c97,1111100111110011111001111010001100101011011010100111110010111111,images/sub-16/ses-1/image_43.png,img_0242,exact
16,1,screening,39,image_44,44,False,300,400,8f37e695bd6492aabd3a091e78aebe614360e8f4,1111000011011010001101010011010110101110111010001110000011110000,images/sub-16/ses-1/image_44.png,img_0243,exact
16,1,screening,40,image_45,45,False,300,400,ab1e059e5bea26d003afff54f387523b02e500e9,0000011111000111111000100000000000001100111101010111000100101001,images/sub-16/ses-1/image_45.png,img_0244,exact
16,1,screening,41,image_46,46,False,300,400,50fd42a7592c7100e23ad48ad3915d48cbd57498,0001000000000100110000101100000000110000110011001100100111001000,images/sub-16/ses-1/image_46.png,img_0245,exact
16,1,screening,42,image_47,47,False,300,400,3bae560abeb18318799772db7c7c6d4a5cb54ddb,0000001000011000001100001111001011110000111100001111000000110000,images/sub-16/ses-1/image_47.png,img_0246,exact
16,1,screening,43,image_48,48,False,300,400,24aa093cf1c24558a01d8a77ab7bcae67c2f8572,1110010011001000110011000000111000101110110011001000010011000100,images/sub-16/ses-1/image_48.png,img_0247,exact
16,1,screening,44,image_49,49,False,300,400,4526449c843dd9072d7b8c496443676ffec780ba,1101100000111110000110001101110010011100110100100011010001100001,images/sub-16/ses-1/image_49.png,img_0248,exact
16,1,screening,45,image_51,51,False,300,400,10267c85e50f5e8974763b856fa0ef609dacb16b,0100111010011110100001101101101011011100100011011011011000111101,images/sub-16/ses-1/image_51.png,img_0112,exact
16,1,screening,46,image_52,52,False,300,400,c4f0bcfd0ddab9289676c3038f6b8795a11bf9bd,1101010011101100111011001111110010001110101011101010100000101100,images/sub-16/ses-1/image_52.png,img_0249,exact
16,1,screening,47,image_53,53,False,300,400,0af66f5171052e31e296d10452539e1fd37bcec8,0000000000110000101001000110010000001000000000011111111111110000,images/sub-16/ses-1/image_53.png,img_0250,exact
16,1,screening,48,image_54,54,False,300,400,3cc77d84e5de4d578478a327c4366c65e38e1bdb,0011001010100000011000001100100011001100111001000011010010001100,images/sub-16/ses-1/image_54.png,img_0048,exact
16,1,screening,49,image_55,55,False,300,400,85e288c47c98eefc6a94c9b7f0088c67799437af,1101100011011001111100101100011011100100111000000110000000101000,images/sub-16/ses-1/image_55.png,img_0049,exact
16,1,screening,50,image_56,56,False,300,400,aaaad92588c426f93b696880e328bc66d4071cf4,1111000001000000111110001101010001100101101001101100011100100110,images/sub-16/ses-1/image_56.png,img_0251,exact
16,1,screening,51,image_57,57,False,300,400,0d6ece310c694eadea17fa5f422dc44f9c50de10,0011101100111011001100010011000100111001001110110011001101110011,images/sub-16/ses-1/image_57.png,img_0252,exact
16,1,screening,52,image_58,58,False,300,400,d9062b4982ed50fb7e6dc820ff0820105f9d8e74,1111000111110000101001001110110011011000000011000010110111101101,images/sub-16/ses-1/image_58.png,img_0253,exact
16,1,screening,53,image_59,59,False,300,400,b7a5cffbc0db014950e208c6e9a4e0450698ef91,1110000011110000111100011110000011101000111010001110101010110000,images/sub-16/ses-1/image_59.png,img_0113,exact
16,2,sternberg,0,image_5,5,False,300,400,e5e3f6743aa72e57adf1c8dd7ea293c99d82043b,0001111000111011011100110111001100100110001111000001110000111110,images/sub-16/ses-2/image_5.png,img_0004,exact
16,2,sternberg,1,image_23,23,False,300,400,ed39db5d7dbc5bab66cf6df390feb51df90f6b55,0000011110100110001001100110011001100110011100111111000110111100,images/sub-16/ses-2/image_23.png,img_0020,exact
16,2,sternberg,2,image_24,24,False,300,400,daf08478b754491656cb8c5c3d165ebdf123ca1a,1001001110110011111100011110100011110100111100101011001110110010,images/sub-16/ses-2/image_24.png,img_0021,exact
16,2,sternberg,3,image_29,29,False,300,400,6cc5c665d98ad0f62c014b2bfbe1a069676a3141,1111110011111111110110111101101101110110000011101100110010110000,images/sub-16/ses-2/image_29.png,img_0026,exact
16,2,sternberg,4,image_42,42,False,300,400,2899dfa5d4a0bbc32d9c2631f012bfe939598380,1101100010011001101011001010110110010101100100111110001010001100,images/sub-16/ses-2/image_42.png,img_0043,exact
16,2,sternberg,5,image_999,999,True,300,400,bfc604369a8e2c010f0b4ca0e0f3fea35743be61,0000000000100001000000000010010101100101000000000000000100000000,images/sub-16/ses-2/image_999.png,img_null,exact
17,1,screening,0,image_1,1,False,300,400,e99ec556399a7c061db8e1a5566cc6f055324b71,1100110011100100111101101111011011110010110100101111011010010110,images/sub-17/ses-1/image_1.png,img_0000,exact
17,1,screening,1,image_2,2,False,300,400,08764350c7b28119caa7fd7c0b2831a1093b0c64,0110111101110001001100011001000001100010001110010001001110010011,images/sub-17/ses-1/image_2.png,img_0001,exact
17,1,screening,2,image_3,3,False,300,400,3a189bc508c82a6f527925a342a24861e3a3c5ae,1100011011010010101100000011100110111001000110100001001001010010,images/sub-17/ses-1/image_3.png,img_0002,exact
17,1,screening,3,image_4,4,False,300,400,4ef9dc36f6b102da9aa2939a235601730c02f38d,1011001000110010001000000011000001110000111100001101000001110011,images/sub-17/ses-1/image_4.png,img_0003,exact
17,1,screening,4,image_5,5,False,300,400,e5e3f6743aa72e57adf1c8dd7ea293c99d82043b,0001111000111011011100110111001100100110001111000001110000111110,images/sub-17/ses-1/image_5.png,img_0004,exact
17,1,screening,5,image_6,6,False,300,400,d1ac4a70f845690df3df1da3c843126a40912eab,1000010110000101100001010010001100110011000000110000011100001011,images/sub-17/ses-1/image_6.png,img_0005,exact
17,1,screening,6,image_7,7,False,300,400,fb36b1698b927dcd89f0dc05b1afa1319b8e1272,1100110011001101100001001000110010001101010011001100111100110011,images/sub-17/ses-1/image_7.png,img_0006,exact
17,1,screening,7,image_8,8,False,300,400,a83f981626e6f4c93295800681041eba7b05b712,1000110000100110011001100010011000000110000001010000110101101110,images/sub-17/ses-1/image_8.png,img_0007,exact
17,1,screening,8,image_9,9,False,300,400,3adf7e0eea827d97174b1a04c6f8f8ab7c012dc1,0101001001011000110101001001010000010101000100001001100110011001,images/sub-17/ses-1/image_9.png,img_0008,exact
17,1,screening,9,image_11,11,False,300,400,aaf9067a8394e96d07d90ce4e7c4b5694aec83f3,1110110011100100111110001110000011011011111101110111010011110100,images/sub-17/ses-1/image_11.png,img_0009,exact
17,1,screening,10,image_12,12,False,300,400,977b575e9116890964c35896ff98e1434f31529b,1110100011001100100101001000010010110000111000101011000100110011,images/sub-17/ses-1/image_12.png,img_0010,exact
17,1,screening,11,image_13,13,False,300,400,3da81b34dbea49871669a4d93be870966a810c6c,1010001110100101011001010110011101110011111000101010011010101110,images/sub-17/ses-1/image_13.png,img_0011,exact
17,1,screening,12,image_14,14,False,300,400,98a1e24446f8fa3139b7e7696f0883229100514e,0110001011100110100111101010110011101100110111001001100101011000,images/sub-17/ses-1/image_14.png,img_0234,exact
17,1,screening,13,image_15,15,False,300,400,1ddcae863a6008712418ce6783adf15a4218cc65,1100001111001011110010011100100111001001100110010011001100110011,images/sub-17/ses-1/image_15.png,img_0013,exact
17,1,screening,14,image_16,16,False,300,400,177e77125ecdcbecb700c9ba517db158cf95663d,0000111100010111000101110000111100001111001001110010001100101111,images/sub-17/ses-1/image_16.png,img_0014,exact
17,1,screening,15,image_17,17,False,300,400,ec1bb43639d79a61548b8f68c798951c59b0aef8,0011101100111100011011000110110000110110001100110011001100100101,images/sub-17/ses-1/image_17.png,img_0015,exact
17,1,screening,16,image_18,18,False,300,400,b1b570a61e471fc0dbb7f0e5234226a68668bbdc,1100100011100000111000101100001011100010111000101100000010000100,images/sub-17/ses-1/image_18.png,img_0016,exact
17,1,screening,17,image_19,19,False,300,400,83a355332d355b8b62d3c365a8b8cd685b16b6c1,1001010110010110100101110010110101101101011011010010100100010011,images/sub-17/ses-1/image_19.png,img_0017,exact
17,1,screening,18,image_21,21,False,300,400,81f3165939715b1888f2a9a544af5ef3315cd461,0110110110001101100011011000110110010001100000110110010011011101,images/sub-17/ses-1/image_21.png,img_0018,exact
17,1,screening,19,image_22,22,False,300,400,88cb613fa077fcbaad16a7d3347d61ce670ebbd6,1101011101110011011100100011001000011010000111110110111110100101,images/sub-17/ses-1/image_22.png,img_0019,exact
17,1,screening,20,image_23,23,False,300,400,ed39db5d7dbc5bab66cf6df390feb51df90f6b55,0000011110100110001001100110011001100110011100111111000110111100,images/sub-17/ses-1/image_23.png,img_0020,exact
17,1,screening,21,image_24,24,False,300,400,daf08478b754491656cb8c5c3d165ebdf123ca1a,1001001110110011111100011110100011110100111100101011001110110010,images/sub-17/ses-1/image_24.png,img_0021,exact
17,1,screening,22,image_25,25,False,300,400,ccf6b962471ace42cf29406a4ed2f1f6e6d5a196,1010100111001111101010011000110010001101010011110101101000011111,images/sub-17/ses-1/image_25.png,img_0022,exact
17,1,screening,23,image_26,26,False,300,400,24dd5349e4cee37a217a311d226c0d47e0eff059,0011001100110011001100110011001100110011001100110011001100110011,images/sub-17/ses-1/image_26.png,img_0023,exact
17,1,screening,24,image_27,27,False,300,400,1625fa780f9afe6ff3dd003f3478d98c57014d08,0001101100001101001001110111100101001101000011010000011100100001,images/sub-17/ses-1/image_27.png,img_0024,exact
17,1,screening,25,image_28,28,False,300,400,ab3dac77fae0efc6cde2959c35486e4420594ef2,1000001100001011000011010110110101101101111000011101001100111000,images/sub-17/ses-1/image_28.png,img_0051,exact
17,1,screening,26,image_29,29,False,300,400,6cc5c665d98ad0f62c014b2bfbe1a069676a3141,1111110011111111110110111101101101110110000011101100110010110000,images/sub-17/ses-1/image_29.png,img_0026,exact
17,1,screening,27,image_31,31,False,300,400,05235113cd85bcebc9c83a7fac1d5c3ce799b497,0011110000011100000011001100110011101100110011001100100011110000,images/sub-17/ses-1/image_31.png,img_0235,exact
17,1,screening,28,image_32,32,False,300,400,887d8247d447e415ac2fa96552fecb182f09a0a9,1011110011011100110100001101100001110100011001000110010011100100,images/sub-17/ses-1/image_32.png,img_0236,exact
17,1,screening,29,image_33,33,False,300,400,5e13f315718e42e440fb59f45697593c5cc914b0,1100011010100010100101001100010111001111001001010101101000011010,images/sub-17/ses-1/image_33.png,img_0237,exact
17,1,screening,30,image_34,34,False,300,400,c41b3ed3a5e31e40e7d5def75a460dbd8566e7b4,0100000011000011010001110000111100000111110011011100100011011000,images/sub-17/ses-1/image_34.png,img_0030,exact
17,1,screening,31,image_35,35,False,300,400,70eb9c148f9e919f348d44669c502ed174852539,1111110011111010010110111011001111110000111100001101100111111000,images/sub-17/ses-1/image_35.png,img_0238,exact
17,1,screening,32,image_36,36,False,300,400,f2bcf64dcf5824fc4670f0c85707d4dbe3de9d89,0101011010110110100001101001011010001110011001001000010111010111,images/sub-17/ses-1/image_36.png,img_0169,exact
17,1,screening,33,image_37,37,False,300,400,104d220ba95a348295bd2ae238142193795c28bd,1000010000000111010010110010010000100111000011110011001100110011,images/sub-17/ses-1/image_37.png,img_0295,unique
17,1,screening,34,image_38,38,False,300,400,3e268812a3a03d3659fb6def56c189a3617c82b1,1001110010110101011000101100011001001001110110011001000110110011,images/sub-17/ses-1/image_38.png,img_0296,unique
17,1,screening,35,image_39,39,False,300,400,79625e91b6354a11023e05d08f9772a971ae4a1a,1100110111101111001101001100010001000110110101101111010111111011,images/sub-17/ses-1/image_39.png,img_0297,unique
17,1,screening,36,image_41,41,False,300,400,beafab3845c99306ded8f5584e7f2e7f69060ba3,1001110110101111110001110001101100111101101111111001111111001101,images/sub-17/ses-1/image_41.png,img_0298,unique
17,1,screening,37,image_42,42,False,300,400,2899dfa5d4a0bbc32d9c2631f012bfe939598380,1101100010011001101011001010110110010101100100111110001010001100,images/sub-17/ses-1/image_42.png,img_0043,exact
17,1,screening,38,image_43,43,False,300,400,4c2c0a1bbf44a1fd125e4e48d1704c3cc9b11c97,1111100111110011111001111010001100101011011010100111110010111111,images/sub-17/ses-1/image_43.png,img_0242,exact
17,1,screening,39,image_44,44,False,300,400,8f37e695bd6492aabd3a091e78aebe614360e8f4,1111000011011010001101010011010110101110111010001110000011110000,images/sub-17/ses-1/image_44.png,img_0243,exact
17,1,screening,40,image_45,45,False,300,400,ab1e059e5bea26d003afff54f387523b02e500e9,0000011111000111111000100000000000001100111101010111000100101001,images/sub-17/ses-1/image_45.png,img_0244,exact
17,1,screening,41,image_46,46,False,300,400,50fd42a7592c7100e23ad48ad3915d48cbd57498,0001000000000100110000101100000000110000110011001100100111001000,images/sub-17/ses-1/image_46.png,img_0245,exact
17,1,screening,42,image_47,47,False,300,400,3bae560abeb18318799772db7c7c6d4a5cb54ddb,0000001000011000001100001111001011110000111100001111000000110000,images/sub-17/ses-1/image_47.png,img_0246,exact
17,1,screening,43,image_48,48,False,300,400,24aa093cf1c24558a01d8a77ab7bcae67c2f8572,1110010011001000110011000000111000101110110011001000010011000100,images/sub-17/ses-1/image_48.png,img_0247,exact
17,1,screening,44,image_49,49,False,300,400,4526449c843dd9072d7b8c496443676ffec780ba,1101100000111110000110001101110010011100110100100011010001100001,images/sub-17/ses-1/image_49.png,img_0248,exact
17,1,screening,45,image_51,51,False,300,400,10267c85e50f5e8974763b856fa0ef609dacb16b,0100111010011110100001101101101011011100100011011011011000111101,images/sub-17/ses-1/image_51.png,img_0112,exact
17,1,screening,46,image_52,52,False,300,400,c4f0bcfd0ddab9289676c3038f6b8795a11bf9bd,1101010011101100111011001111110010001110101011101010100000101100,images/sub-17/ses-1/image_52.png,img_0249,exact
17,1,screening,47,image_53,53,False,300,400,0af66f5171052e31e296d10452539e1fd37bcec8,0000000000110000101001000110010000001000000000011111111111110000,images/sub-17/ses-1/image_53.png,img_0250,exact
17,1,screening,48,image_54,54,False,300,400,3cc77d84e5de4d578478a327c4366c65e38e1bdb,0011001010100000011000001100100011001100111001000011010010001100,images/sub-17/ses-1/image_54.png,img_0048,exact
17,1,screening,49,image_55,55,False,300,400,85e288c47c98eefc6a94c9b7f0088c67799437af,1101100011011001111100101100011011100100111000000110000000101000,images/sub-17/ses-1/image_55.png,img_0049,exact
17,1,screening,50,image_56,56,False,300,400,aaaad92588c426f93b696880e328bc66d4071cf4,1111000001000000111110001101010001100101101001101100011100100110,images/sub-17/ses-1/image_56.png,img_0251,exact
17,1,screening,51,image_57,57,False,300,400,0d6ece310c694eadea17fa5f422dc44f9c50de10,0011101100111011001100010011000100111001001110110011001101110011,images/sub-17/ses-1/image_57.png,img_0252,exact
17,1,screening,52,image_58,58,False,300,400,d9062b4982ed50fb7e6dc820ff0820105f9d8e74,1111000111110000101001001110110011011000000011000010110111101101,images/sub-17/ses-1/image_58.png,img_0253,exact
17,1,screening,53,image_59,59,False,300,400,b7a5cffbc0db014950e208c6e9a4e0450698ef91,1110000011110000111100011110000011101000111010001110101010110000,images/sub-17/ses-1/image_59.png,img_0113,exact
17,1,screening,54,image_61,61,False,300,400,b5086103c2eb2665707e6eb9694b63f28f782ec2,1100110010010110101100101111001011110000011101000100111010010011,images/sub-17/ses-1/image_61.png,img_0054,exact
17,1,screening,55,image_62,62,False,300,400,88f3c24ae78c1b3386ef605565d6b34f5405a63a,1110100011001100110110101001100010010000001100000011000010010100,images/sub-17/ses-1/image_62.png,img_0055,exact
17,1,screening,56,image_63,63,False,300,400,8cafd7df5cd403b3ce14e62c20ea252d3d28b265,1011000000111000001100010111001001110010101101111011011110110110,images/sub-17/ses-1/image_63.png,img_0056,exact
17,1,screening,57,image_64,64,False,300,400,166455db2e1773d3fb9a78153e9bef507543e7d6,0001101001001101011011010110110101101101011011010110110101101111,images/sub-17/ses-1/image_64.png,img_0254,exact
17,1,screening,58,image_65,65,False,300,400,71b5adf17d737ef0f455240735e98740e745eb21,0100110010011110100111001011110000011111000110110001111100001111,images/sub-17/ses-1/image_65.png,img_0058,exact
17,1,screening,59,image_66,66,False,300,400,8109d4ba9d4319de565cec8063719e729e9d5946,1101001100111000111001001101010011011011110010011001110110001101,images/sub-17/ses-1/image_66.png,img_0059,exact
17,1,screening,60,image_67,67,False,300,400,3f4bd27e6ceb77d8e0a79c62ae666cbb3ffe785d,1011010000111000011011001110110001101100111010011001110000011110,images/sub-17/ses-1/image_67.png,img_0060,exact
17,1,screening,61,image_68,68,False,300,400,741d861c23a9733fcb5e924e0aa5e43c0970dfb9,1100100111001001110010011010110111111000110110001011100001111000,images/sub-17/ses-1/image_68.png,img_0061,exact
17,1,screening,62,image_69,69,False,300,400,0f7d5961af22d02435023896f152ad23667a76e4,0101110111011010110100110101101010010110101001111110001111011010,images/sub-17/ses-1/image_69.png,img_0062,exact
17,2,sternberg,0,image_48,48,False,300,400,24aa093cf1c24558a01d8a77ab7bcae67c2f8572,1110010011001000110011000000111000101110110011001000010011000100,images/sub-17/ses-2/image_48.png,img_0247,exact
17,2,sternberg,1,image_26,26,False,300,400,24dd5349e4cee37a217a311d226c0d47e0eff059,0011001100110011001100110011001100110011001100110011001100110011,images/sub-17/ses-2/image_26.png,img_0023,exact
17,2,sternberg,2,image_23,23,False,300,400,ed39db5d7dbc5bab66cf6df390feb51df90f6b55,0000011110100110001001100110011001100110011100111111000110111100,images/sub-17/ses-2/image_23.png,img_0020,exact
17,2,sternberg,3,image_63,63,False,300,400,8cafd7df5cd403b3ce14e62c20ea252d3d28b265,1011000000111000001100010111001001110010101101111011011110110110,images/sub-17/ses-2/image_63.png,img_0056,exact
17,2,sternberg,4,image_11,11,False,300,400,aaf9067a8394e96d07d90ce4e7c4b5694aec83f3,1110110011100100111110001110000011011011111101110111010011110100,images/sub-17/ses-2/image_11.png,img_0009,exact
17,2,sternberg,5,image_999,999,True,300,400,bfc604369a8e2c010f0b4ca0e0f3fea35743be61,0000000000100001000000000010010101100101000000000000000100000000,images/sub-17/ses-2/image_999.png,img_null,exact
18,1,screening,0,image_1,1,False,300,400,e99ec556399a7c061db8e1a5566cc6f055324b71,1100110011100100111101101111011011110010110100101111011010010110,images/sub-18/ses-1/image_1.png,img_0000,exact
18,1,screening,1,image_2,2,False,300,400,08764350c7b28119caa7fd7c0b2831a1093b0c64,0110111101110001001100011001000001100010001110010001001110010011,images/sub-18/ses-1/image_2.png,img_0001,exact
18,1,screening,2,image_3,3,False,300,400,3a189bc508c82a6f527925a342a24861e3a3c5ae,1100011011010010101100000011100110111001000110100001001001010010,images/sub-18/ses-1/image_3.png,img_0002,exact
18,1,screening,3,image_4,4,False,300,400,4ef9dc36f6b102da9aa2939a235601730c02f38d,1011001000110010001000000011000001110000111100001101000001110011,images/sub-18/ses-1/image_4.png,img_0003,exact
18,1,screening,4,image_5,5,False,300,400,e5e3f6743aa72e57adf1c8dd7ea293c99d82043b,0001111000111011011100110111001100100110001111000001110000111110,images/sub-18/ses-1/image_5.png,img_0004,exact
18,1,screening,5,image_6,6,False,300,400,d1ac4a70f845690df3df1da3c843126a40912eab,1000010110000101100001010010001100110011000000110000011100001011,images/sub-18/ses-1/image_6.png,img_0005,exact
18,1,screening,6,image_7,7,False,300,400,fb36b1698b927dcd89f0dc05b1afa1319b8e1272,1100110011001101100001001000110010001101010011001100111100110011,images/sub-18/ses-1/image_7.png,img_0006,exact
18,1,screening,7,image_8,8,False,300,400,a83f981626e6f4c93295800681041eba7b05b712,1000110000100110011001100010011000000110000001010000110101101110,images/sub-18/ses-1/image_8.png,img_0007,exact
18,1,screening,8,image_9,9,False,300,400,3adf7e0eea827d97174b1a04c6f8f8ab7c012dc1,0101001001011000110101001001010000010101000100001001100110011001,images/sub-18/ses-1/image_9.png,img_0008,exact
18,1,screening,9,image_11,11,False,300,400,4499e33dd5c15caa1c3e29dc335b3b020b44ecfc,0000110101101101010011010100010100101001010011010110010101100101,images/sub-18/ses-1/image_11.png,img_0299,unique
18,1,screening,10,image_12,12,False,300,400,977b575e9116890964c35896ff98e1434f31529b,1110100011001100100101001000010010110000111000101011000100110011,images/sub-18/ses-1/image_12.png,img_0010,exact
18,1,screening,11,image_13,13,False,300,400,3da81b34dbea49871669a4d93be870966a810c6c,1010001110100101011001010110011101110011111000101010011010101110,images/sub-18/ses-1/image_13.png,img_0011,exact
18,1,screening,12,image_14,14,False,300,400,214f6e6bcea8960f3cbb840189e4b7f35beec474,1111100001001010010010110100110111001101000010100011101111010101,images/sub-18/ses-1/image_14.png,img_0300,unique
18,1,screening,13,image_15,15,False,300,400,1ddcae863a6008712418ce6783adf15a4218cc65,1100001111001011110010011100100111001001100110010011001100110011,images/sub-18/ses-1/image_15.png,img_0013,exact
18,1,screening,14,image_16,16,False,300,400,177e77125ecdcbecb700c9ba517db158cf95663d,0000111100010111000101110000111100001111001001110010001100101111,images/sub-18/ses-1/image_16.png,img_0014,exact
18,1,screening,15,image_17,17,False,300,400,ec1bb43639d79a61548b8f68c798951c59b0aef8,0011101100111100011011000110110000110110001100110011001100100101,images/sub-18/ses-1/image_17.png,img_0015,exact
18,1,screening,16,image_18,18,False,300,400,b1b570a61e471fc0dbb7f0e5234226a68668bbdc,1100100011100000111000101100001011100010111000101100000010000100,images/sub-18/ses-1/image_18.png,img_0016,exact
18,1,screening,17,image_19,19,False,300,400,83a355332d355b8b62d3c365a8b8cd685b16b6c1,1001010110010110100101110010110101101101011011010010100100010011,images/sub-18/ses-1/image_19.png,img_0017,exact
18,1,screening,18,image_21,21,False,300,400,81f3165939715b1888f2a9a544af5ef3315cd461,0110110110001101100011011000110110010001100000110110010011011101,images/sub-18/ses-1/image_21.png,img_0018,exact
18,1,screening,19,image_22,22,False,300,400,88cb613fa077fcbaad16a7d3347d61ce670ebbd6,1101011101110011011100100011001000011010000111110110111110100101,images/sub-18/ses-1/image_22.png,img_0019,exact
18,1,screening,20,image_23,23,False,300,400,ed39db5d7dbc5bab66cf6df390feb51df90f6b55,0000011110100110001001100110011001100110011100111111000110111100,images/sub-18/ses-1/image_23.png,img_0020,exact
18,1,screening,21,image_24,24,False,300,400,daf08478b754491656cb8c5c3d165ebdf123ca1a,1001001110110011111100011110100011110100111100101011001110110010,images/sub-18/ses-1/image_24.png,img_0021,exact
18,1,screening,22,image_25,25,False,300,400,ccf6b962471ace42cf29406a4ed2f1f6e6d5a196,1010100111001111101010011000110010001101010011110101101000011111,images/sub-18/ses-1/image_25.png,img_0022,exact
18,1,screening,23,image_26,26,False,300,400,9a061944efcea107df9d14a276874d4613f2b137,0011001100110011001100110111100100110011001100110011001100110011,images/sub-18/ses-1/image_26.png,img_0023,exact
18,1,screening,24,image_27,27,False,300,400,1625fa780f9afe6ff3dd003f3478d98c57014d08,0001101100001101001001110111100101001101000011010000011100100001,images/sub-18/ses-1/image_27.png,img_0024,exact
18,1,screening,25,image_28,28,False,300,400,3f5196dce93a7738d2106e3c35717c9e0f2955b0,1000100111100010111001001110000111100100101101010011001000000100,images/sub-18/ses-1/image_28.png,img_0025,exact
18,1,screening,26,image_29,29,False,300,400,6cc5c665d98ad0f62c014b2bfbe1a069676a3141,1111110011111111110110111101101101110110000011101100110010110000,images/sub-18/ses-1/image_29.png,img_0026,exact
18,1,screening,27,image_31,31,False,300,400,0ac15f10c6fd57b139da89fad74c5e07013bc317,1000111010010110100101101001011010011110100101000001011000110011,images/sub-18/ses-1/image_31.png,img_0027,exact
18,1,screening,28,image_32,32,False,300,400,98822e0e5a83d5fa6d88b37b08a199a85faf637d,0011000011111100101111001001000000010110100100110110001110110011,images/sub-18/ses-1/image_32.png,img_0301,unique
18,1,screening,29,image_33,33,False,300,400,39bbb2023f1531398c7e12e0b0dd8fd2161daaf0,1001011010010110100101101011011010110110101100110001010001100010,images/sub-18/ses-1/image_33.png,img_0302,unique
18,1,screening,30,image_34,34,False,300,400,c41b3ed3a5e31e40e7d5def75a460dbd8566e7b4,0100000011000011010001110000111100000111110011011100100011011000,images/sub-18/ses-1/image_34.png,img_0030,exact
18,1,screening,31,image_35,35,False,300,400,b92f4d7a5efd328d358dca4a33afec3288dbf77e,0010011100100111110100100110010011001111000111110011011010000111,images/sub-18/ses-1/image_35.png,img_0303,unique
18,1,screening,32,image_36,36,False,300,400,07baf2b09a6deaaacad6b289c1d3dda500d19b16,1111000010100000100100011000011110101111111100011011001000101101,images/sub-18/ses-1/image_36.png,img_0032,exact
18,1,screening,33,image_37,37,False,300,400,6f41d8705736b9dbcd5e56c007b3185828aa1fbc,0101101001011000110000101000111001001110001111100000011111100010,images/sub-18/ses-1/image_37.png,img_0072,exact
18,1,screening,34,image_38,38,False,300,400,78d93826a2d920894b9745b580780344e3cb5432,1110110010111000101100001011000010011000100110000010111000110011,images/sub-18/ses-1/image_38.png,img_0304,unique
18,1,screening,35,image_39,39,False,300,400,2fa9dab25c87055ec50547be3cf62a59a2528f52,1110101110011001011100111100101100001100110011000111110011011100,images/sub-18/ses-1/image_39.png,img_0035,exact
18,1,screening,36,image_41,41,False,300,400,b347b7a6c2de95bc75c369d4803be4b3a8a0b569,0100010000100000101001100010110000110001110011101110000010000000,images/sub-18/ses-1/image_41.png,img_0036,exact
18,1,screening,37,image_42,42,False,300,400,0600df1d39d0a8e1eb4aaec80eba2000ec4acbe0,1001000000011101100100101001100010110000100100000101101010010010,images/sub-18/ses-1/image_42.png,img_0305,unique
18,1,screening,38,image_43,43,False,300,400,3102391eab89a65201b6fae641f315ddeb2ea855,0100110100000110100101101000011000000110010011010000111000100011,images/sub-18/ses-1/image_43.png,img_0038,exact
18,1,screening,39,image_44,44,False,300,400,13608b4c7f1242c01ad98c31f65fe62a0e49ae17,0011001000110000001100000011001000110000001100100111000001110000,images/sub-18/ses-1/image_44.png,img_0039,exact
18,1,screening,40,image_45,45,False,300,400,1f34b7cc8b410761af8d77b2c5816d9be410a5ac,1110110011001100100011101001110010010110101101100011010000111100,images/sub-18/ses-1/image_45.png,img_0040,exact
18,1,screening,41,image_46,46,False,300,400,85f31823d20ee56d70573c8bd1f0b384dc7f4621,0111110011000110100110111000010011100110111100100011001110010111,images/sub-18/ses-1/image_46.png,img_0285,exact
18,1,screening,42,image_47,47,False,300,400,4647909c5e71b608f9e3be3b79f70e3bc946eca5,0000000000111000100011101000100011100000111010000010100100000100,images/sub-18/ses-1/image_47.png,img_0286,exact
18,1,screening,43,image_48,48,False,300,400,cfa6f7d5a7f23ab6c1656f598f7dcb36d4c250cf,0010010000110001001100000011000111110001001001101100011110100110,images/sub-18/ses-1/image_48.png,img_0306,unique
18,1,screening,44,image_49,49,False,300,400,7b3a7762418dc5f179dae6c11d080494301d885d,1010011110010011100100011011101110011011101111010011111100101011,images/sub-18/ses-1/image_49.png,img_0307,unique
18,1,screening,45,image_51,51,False,300,400,cf1c170299ac25dd8d0d88b77ffd76173b246163,1000110011001110110011110011011110010110100101101100011010100110,images/sub-18/ses-1/image_51.png,img_0308,unique
18,1,screening,46,image_52,52,False,300,400,1df0333f0a8d1cd98276d87544513a8bbcb6e320,0011100011110011110100111101100001011001001011000010011010101011,images/sub-18/ses-1/image_52.png,img_0309,unique
18,1,screening,47,image_53,53,False,300,400,0acec3588846d2bd94004f2e16807b5290038efc,0111100111001101001001010010010110010001111100110010011110110011,images/sub-18/ses-1/image_53.png,img_0310,unique
18,1,screening,48,image_54,54,False,300,400,3cc77d84e5de4d578478a327c4366c65e38e1bdb,0011001010100000011000001100100011001100111001000011010010001100,images/sub-18/ses-1/image_54.png,img_0048,exact
18,1,screening,49,image_55,55,False,300,400,85e288c47c98eefc6a94c9b7f0088c67799437af,1101100011011001111100101100011011100100111000000110000000101000,images/sub-18/ses-1/image_55.png,img_0049,exact
18,1,screening,50,image_56,56,False,300,400,5a7853c5f45d9edd4004333f5132f4a6fb1c3a30,1110100011001000110011001000011011001100000010100001001000010010,images/sub-18/ses-1/image_56.png,img_0311,unique
18,1,screening,51,image_57,57,False,300,400,be8acfe7e6f0fe6ab63bd9b6bec3bea8ae87e19b,0001111100110011001000111100011011010100010110000011100100110011,images/sub-18/ses-1/image_57.png,img_0292,exact
18,1,screening,52,image_58,58,False,300,400,7ae06ea2393308925778883b391ea8e388994c66,1101111111110011101101100011011001000110000101100001100110000001,images/sub-18/ses-1/image_58.png,img_0293,exact
18,1,screening,53,image_59,59,False,300,400,fe216976405e4ec1fd166ff480b76593d3691994,1110111111111001110001100100110100110011001101100001110011000000,images/sub-18/ses-1/image_59.png,img_0294,exact
18,1,screening,54,image_61,61,False,300,400,b5086103c2eb2665707e6eb9694b63f28f782ec2,1100110010010110101100101111001011110000011101000100111010010011,images/sub-18/ses-1/image_61.png,img_0054,exact
18,1,screening,55,image_62,62,False,300,400,88f3c24ae78c1b3386ef605565d6b34f5405a63a,1110100011001100110110101001100010010000001100000011000010010100,images/sub-18/ses-1/image_62.png,img_0055,exact
18,1,screening,56,image_63,63,False,300,400,8cafd7df5cd403b3ce14e62c20ea252d3d28b265,1011000000111000001100010111001001110010101101111011011110110110,images/sub-18/ses-1/image_63.png,img_0056,exact
18,1,screening,57,image_64,64,False,300,400,166455db2e1773d3fb9a78153e9bef507543e7d6,0001101001001101011011010110110101101101011011010110110101101111,images/sub-18/ses-1/image_64.png,img_0254,exact
18,1,screening,58,image_65,65,False,300,400,71b5adf17d737ef0f455240735e98740e745eb21,0100110010011110100111001011110000011111000110110001111100001111,images/sub-18/ses-1/image_65.png,img_0058,exact
18,1,screening,59,image_66,66,False,300,400,8109d4ba9d4319de565cec8063719e729e9d5946,1101001100111000111001001101010011011011110010011001110110001101,images/sub-18/ses-1/image_66.png,img_0059,exact
18,1,screening,60,image_67,67,False,300,400,3f4bd27e6ceb77d8e0a79c62ae666cbb3ffe785d,1011010000111000011011001110110001101100111010011001110000011110,images/sub-18/ses-1/image_67.png,img_0060,exact
18,1,screening,61,image_68,68,False,300,400,741d861c23a9733fcb5e924e0aa5e43c0970dfb9,1100100111001001110010011010110111111000110110001011100001111000,images/sub-18/ses-1/image_68.png,img_0061,exact
18,1,screening,62,image_69,69,False,300,400,9d4123ad14f16f175b89884c5d67fd1032a11eec,0100100011011111100100111100110011010110010101111001000100110001,images/sub-18/ses-1/image_69.png,img_0312,unique
18,2,sternberg,0,image_18,18,False,300,400,b1b570a61e471fc0dbb7f0e5234226a68668bbdc,1100100011100000111000101100001011100010111000101100000010000100,images/sub-18/ses-2/image_18.png,img_0016,exact
18,2,sternberg,1,image_62,62,False,300,400,88f3c24ae78c1b3386ef605565d6b34f5405a63a,1110100011001100110110101001100010010000001100000011000010010100,images/sub-18/ses-2/image_62.png,img_0055,exact
18,2,sternberg,2,image_52,52,False,300,400,1df0333f0a8d1cd98276d87544513a8bbcb6e320,0011100011110011110100111101100001011001001011000010011010101011,images/sub-18/ses-2/image_52.png,img_0309,exact
18,2,sternberg,3,image_41,41,False,300,400,b347b7a6c2de95bc75c369d4803be4b3a8a0b569,0100010000100000101001100010110000110001110011101110000010000000,images/sub-18/ses-2/image_41.png,img_0036,exact
18,2,sternberg,4,image_11,11,False,300,400,4499e33dd5c15caa1c3e29dc335b3b020b44ecfc,0000110101101101010011010100010100101001010011010110010101100101,images/sub-18/ses-2/image_11.png,img_0299,exact
18,2,sternberg,5,image_999,999,True,300,400,bfc604369a8e2c010f0b4ca0e0f3fea35743be61,0000000000100001000000000010010101100101000000000000000100000000,images/sub-18/ses-2/image_999.png,img_null,exact
19,2,sternberg,0,image_15,15,False,300,400,84ad1443d0206cb5a57e9ac4492674cc28778542,1111100111011101111101110111011001110110111010111111100100111001,images/sub-19/ses-2/image_15.png,img_0193,exact
19,2,sternberg,1,image_16,16,False,300,400,593c24db6b8b8ffef62eaa864fd7c45fe7af6137,1111000011001010111000100111001010001100110011000000110000110111,images/sub-19/ses-2/image_16.png,img_0194,exact
19,2,sternberg,2,image_21,21,False,300,400,d899c2d6ee170f9a0ea2f9c29aa5453942dc8816,1000000011010011110100111101010110011100111100001111000011110010,images/sub-19/ses-2/image_21.png,img_0198,exact
19,2,sternberg,3,image_39,39,False,300,400,c16c1711b7ed36427e738c100bba13e12b07e3bb,1110100111011011000000110010011100001100000011000011001001110010,images/sub-19/ses-2/image_39.png,img_0215,exact
19,2,sternberg,4,image_49,49,False,300,400,63bfec9c004a9c6b82368dd2a5294215a774a7f0,0011001000110011101110011001111011010110001001010110000101110000,images/sub-19/ses-2/image_49.png,img_0224,exact
19,2,sternberg,5,image_999,999,True,300,400,bfc604369a8e2c010f0b4ca0e0f3fea35743be61,0000000000100001000000000010010101100101000000000000000100000000,images/sub-19/ses-2/image_999.png,img_null,exact
20,1,screening,0,image_1,1,False,300,400,063be9073373c320ce1d876cbb55bf4b59423c6d,0010011100101110101011110000111100001101100110110001011101000110,images/sub-20/ses-1/image_1.png,img_0097,exact
20,1,screening,1,image_2,2,False,300,400,f8671d2234080702cb10437b84df43b5876614a2,0010011000000110100100111001001101011011011010110110101110000101,images/sub-20/ses-1/image_2.png,img_0098,exact
20,1,screening,2,image_3,3,False,300,400,43f08de09c1d4344ee0b4705299de79b8aae0064,1000000101000001001100011001110010001100111000111100000111000000,images/sub-20/ses-1/image_3.png,img_0099,exact
20,1,screening,3,image_4,4,False,300,400,024581793c46c729835818e76112b6cb2169c493,0100000001000100000011010001000100110000000010010101101010110100,images/sub-20/ses-1/image_4.png,img_0100,exact
20,1,screening,4,image_5,5,False,300,400,40930c0a0fad0019c96e85023ccd292d33fae80b,0011110000011001000010110000111001001111000011010101010000010100,images/sub-20/ses-1/image_5.png,img_0101,exact
20,1,screening,5,image_6,6,False,300,400,59a119078a582bb4bfe2aaeee553ee8b1f3df61b,1010000011000100110101101101000011001110010001001010010000100111,images/sub-20/ses-1/image_6.png,img_0102,exact
20,1,screening,6,image_7,7,False,300,400,5f938061f73c60f9a05a1e73d1cd834d733081fb,1110110101100111001001010100101100000011000101111000110001110001,images/sub-20/ses-1/image_7.png,img_0103,exact
20,1,screening,7,image_8,8,False,300,400,57389bb23217de0d98503f0896e838b0fb7cc0c0,1100100011000100000011010001101100110110000011101001111010101110,images/sub-20/ses-1/image_8.png,img_0104,exact
20,1,screening,8,image_9,9,False,300,400,fe057f2bfd88bc4e25699f6a5b25deb442cb00dc,1111001010110110111010001100011011010110111001010111101000101010,images/sub-20/ses-1/image_9.png,img_0105,exact
20,1,screening,9,image_11,11,False,300,400,37a9c0110da29c2c2392a7fff4831b58933b6a77,1001011010001100110010000100110001110000101100100101100000000000,images/sub-20/ses-1/image_11.png,img_0106,exact
20,1,screening,10,image_12,12,False,300,400,5ef28556c88aa6ab2e122fa502aa5af71cb68e9c,0001100000000010110000111100011111000110100001111000111000001110,images/sub-20/ses-1/image_12.png,img_0107,exact
20,1,screening,11,image_13,13,False,300,400,3da81b34dbea49871669a4d93be870966a810c6c,1010001110100101011001010110011101110011111000101010011010101110,images/sub-20/ses-1/image_13.png,img_0011,exact
20,1,screening,12,image_14,14,False,300,400,fb36b1698b927dcd89f0dc05b1afa1319b8e1272,1100110011001101100001001000110010001101010011001100111100110011,images/sub-20/ses-1/image_14.png,img_0006,exact
20,1,screening,13,image_15,15,False,300,400,9e6b7455bf0dd6e43a9f4d2b6779ce15383f5fd3,0000100100010011001100100001001101100001011000001001000110010011,images/sub-20/ses-1/image_15.png,img_0313,unique
20,1,screening,14,image_16,16,False,300,400,3102391eab89a65201b6fae641f315ddeb2ea855,0100110100000110100101101000011000000110010011010000111000100011,images/sub-20/ses-1/image_16.png,img_0038,exact
20,1,screening,15,image_17,17,False,300,400,d1781a4a6862c27fc23c3c38cc6fb399ba35684f,0010100000010110000111100110100110100110101001101011001001110001,images/sub-20/ses-1/image_17.png,img_0111,exact
20,1,screening,16,image_18,18,False,300,400,095ad39f9661fbeb62d02f500367cc8a18c63b5c,1101011011100110111001101100011010000111100011010000011110010111,images/sub-20/ses-1/image_18.png,img_0314,unique
20,1,screening,17,image_19,19,False,300,400,25bdb15cd065685fa236a0a0eb256b39fc452f5d,0011110110101110100111100001101110010111100111101010101011010010,images/sub-20/ses-1/image_19.png,img_0315,unique
20,1,screening,18,image_21,21,False,300,400,56162d4cc7e94e05da4bb9fffe25bd312481697c,0101110001111001011100100111010000110110101101111100011111001100,images/sub-20/ses-1/image_21.png,img_0114,exact
20,1,screening,19,image_22,22,False,300,400,a469e3ba4cd9fd4a969576ff7b9d3935319622a6,1101110011101100011001000110110001001000010110000011010000001110,images/sub-20/ses-1/image_22.png,img_0316,unique
20,1,screening,20,image_23,23,False,300,400,97eb4948915079618d1bb0cfa63b2d51696e3f78,1001011010110010101100101011001110110010001100111110100110010100,images/sub-20/ses-1/image_23.png,img_0116,exact
20,1,screening,21,image_24,24,False,300,400,133b01debb0ca54cf924dbd4d828b86b1fda4092,1001001010010010101100101101001010010010101101101011010110110101,images/sub-20/ses-1/image_24.png,img_0317,unique
20,1,screening,22,image_25,25,False,300,400,7ba5f51252dd0bc6740b594d08fe88bc6551a916,1100001111001011100000111001001100011011111010111000111001001110,images/sub-20/ses-1/image_25.png,img_0318,unique
20,1,screening,23,image_26,26,False,300,400,566e2993324d06249da58f6b93a0b937161225d3,0110011100001111100110011001100111111001011110011111100011110000,images/sub-20/ses-1/image_26.png,img_0166,exact
20,1,screening,24,image_27,27,False,300,400,7909cc70959c3d372c2536d055143f5d72c8d96e,0100111001001010110011101100110110010110001100110011001101101011,images/sub-20/ses-1/image_27.png,img_0120,exact
20,1,screening,25,image_28,28,False,300,400,ab3dac77fae0efc6cde2959c35486e4420594ef2,1000001100001011000011010110110101101101111000011101001100111000,images/sub-20/ses-1/image_28.png,img_0051,exact
20,1,screening,26,image_29,29,False,300,400,acf7962a87b7bf11935700e6a525c1f9ccf9a7d5,1000011110011011100110110011011010011110000100110011000101110001,images/sub-20/ses-1/image_29.png,img_0122,exact
20,1,screening,27,image_31,31,False,300,400,c6f8b1dbf997f8b9384ce0d750ed28221f639045,0001001000010010000100100011001000010010001010110011101001101110,images/sub-20/ses-1/image_31.png,img_0123,exact
20,1,screening,28,image_32,32,False,300,400,76ccd06b3bef34f0e33dd50b31143a4f35d934c8,1010100010011100101010001010100110100000101100101100110011011001,images/sub-20/ses-1/image_32.png,img_0167,exact
20,1,screening,29,image_33,33,False,300,400,81f3165939715b1888f2a9a544af5ef3315cd461,0110110110001101100011011000110110010001100000110110010011011101,images/sub-20/ses-1/image_33.png,img_0018,exact
20,1,screening,30,image_34,34,False,300,400,24c7a0a6bca743dcf1a1035bb27b03b384fe02d2,1001100110010001101100001011000011110001111101011111100111111011,images/sub-20/ses-1/image_34.png,img_0126,exact
20,1,screening,31,image_35,35,False,300,400,06d3c6ac173ec3e190c6b58067f6c11b0aa5917a,0110001010010110000011010000110110010011100110001001100001010011,images/sub-20/ses-1/image_35.png,img_0127,exact
20,1,screening,32,image_36,36,False,300,400,f2bcf64dcf5824fc4670f0c85707d4dbe3de9d89,0101011010110110100001101001011010001110011001001000010111010111,images/sub-20/ses-1/image_36.png,img_0169,exact
20,1,screening,33,image_37,37,False,300,400,60b4d186b46edef1ed35e6f8b294c21d85e313f2,0000010000100100100001100010011011010110101001100101100000110001,images/sub-20/ses-1/image_37.png,img_0319,unique
20,1,screening,34,image_38,38,False,300,400,a47230c9501ec7311f1c8c186dd1883a505052cb,1000011111000111011000111100001110000011000001101110110010001100,images/sub-20/ses-1/image_38.png,img_0065,exact
20,1,screening,35,image_39,39,False,300,400,977b575e9116890964c35896ff98e1434f31529b,1110100011001100100101001000010010110000111000101011000100110011,images/sub-20/ses-1/image_39.png,img_0010,exact
20,1,screening,36,image_41,41,False,300,400,ab855804906fac4dc03ee6067b651336dcf6a986,0000010000000100000011111101010011000100001111011011011111110001,images/sub-20/ses-1/image_41.png,img_0320,unique
20,1,screening,37,image_42,42,False,300,400,fd22d4b7dcac8c1a44a5a874f38192c03356e320,1001001110001110110011111000101010000111100001101000011011110111,images/sub-20/ses-1/image_42.png,img_0321,unique
20,1,screening,38,image_43,43,False,300,400,38bae1208f9e33334834262e4459e9ebbcbbdab4,1000100000111001011110010111100111111001111110010011100110111001,images/sub-20/ses-1/image_43.png,img_0134,exact
20,1,screening,39,image_44,44,False,300,400,dff1889ea6b1cadfd89a810f2736ab0c5ad0a573,1100011010010011100100111010001010110000001001000110010011100101,images/sub-20/ses-1/image_44.png,img_0322,unique
20,1,screening,40,image_45,45,False,300,400,e577a0491d8461212e0fab5f60fe071af1015ca8,0011000000110000111100100111001101110011101000111110011011100110,images/sub-20/ses-1/image_45.png,img_0323,unique
20,1,screening,41,image_46,46,False,300,400,85f31823d20ee56d70573c8bd1f0b384dc7f4621,0111110011000110100110111000010011100110111100100011001110010111,images/sub-20/ses-1/image_46.png,img_0285,exact
20,1,screening,42,image_47,47,False,300,400,887352cfe5777d4af43cb0124deb64ed0e6acec3,1000100010011010011001100011010110100110101011101001110011011100,images/sub-20/ses-1/image_47.png,img_0138,exact
20,1,screening,43,image_48,48,False,300,400,090d4fa1ba3907e3fd0280f695cda206623b5459,0110010011011000000110010000100111001011110010111100100011010000,images/sub-20/ses-1/image_48.png,img_0139,exact
20,1,screening,44,image_49,49,False,300,400,43c3c4eaeabff130c3d0b4dd6a2caca9956581c3,0101100100011001010110110011001111000110001001101010110100001100,images/sub-20/ses-1/image_49.png,img_0140,exact
20,1,screening,45,image_51,51,False,300,400,751db7881cf1e2e72625b4d9a6ad153805f02ac8,0011111000011101100110011001111010001011010001100011001001110001,images/sub-20/ses-1/image_51.png,img_0141,exact
20,1,screening,46,image_52,52,False,300,400,36aca39f4482e32b736e17acf4f304955ba1f721,1011001000110010101001111000010110001001101011010010110111101101,images/sub-20/ses-1/image_52.png,img_0142,exact
20,1,screening,47,image_53,53,False,300,400,454251205a811a35aed0eccc39bf935c582e30ae,0110011111100100110011001110011010011110011010100110010101100100,images/sub-20/ses-1/image_53.png,img_0143,exact
20,1,screening,48,image_54,54,False,300,400,e1c0c39efa713bf02738a87bdf42c103ecf9b895,0101100011011000101100101011001010110000101100101101011111011110,images/sub-20/ses-1/image_54.png,img_0144,exact
20,1,screening,49,image_55,55,False,300,400,bfecb530f5825582db6640588ebc53a1a374b9b5,1101010010110000101100001001001000100000001000101100101101000111,images/sub-20/ses-1/image_55.png,img_0145,exact
20,1,screening,50,image_56,56,False,300,400,88cb613fa077fcbaad16a7d3347d61ce670ebbd6,1101011101110011011100100011001000011010000111110110111110100101,images/sub-20/ses-1/image_56.png,img_0019,exact
20,1,screening,51,image_57,57,False,300,400,52deae9c5d88321c3ec7a35f3b2fde3bca8d945f,0101001011010010110001101100110011111010100011000111110011001111,images/sub-20/ses-1/image_57.png,img_0324,unique
20,1,screening,52,image_58,58,False,300,400,6cc5c665d98ad0f62c014b2bfbe1a069676a3141,1111110011111111110110111101101101110110000011101100110010110000,images/sub-20/ses-1/image_58.png,img_0026,exact
20,1,screening,53,image_59,59,False,300,400,9806731c5857bda1b7bf99f4ae433010ba45623d,1110010011101100111010011111111100100111001000110010001000010100,images/sub-20/ses-1/image_59.png,img_0176,exact
20,1,screening,54,image_61,61,False,300,400,4ec67e9b22aad8d59dd417e9f666b3ec2e78063a,1100101111001001110110011101100111011001110010000011100000101000,images/sub-20/ses-1/image_61.png,img_0150,exact
20,1,screening,55,image_62,62,False,300,400,97f9756d66a546478348a5b4b1558aa0f1e324e6,1100100110011001100110010011011000110100011101000011110010111100,images/sub-20/ses-1/image_62.png,img_0092,exact
20,1,screening,56,image_63,63,False,300,400,8cafd7df5cd403b3ce14e62c20ea252d3d28b265,1011000000111000001100010111001001110010101101111011011110110110,images/sub-20/ses-1/image_63.png,img_0056,exact
20,1,screening,57,image_64,64,False,300,400,5c7acd9dbccbfda87377747a046dbed8f785e008,1111010011100100101111001011001010110100100111001010010100000100,images/sub-20/ses-1/image_64.png,img_0325,unique
20,1,screening,58,image_65,65,False,300,400,5aa093a3b28e3d7a50593f76eb5568ab2c249e31,1110110011110100111101101111001011110010101001010110010001101000,images/sub-20/ses-1/image_65.png,img_0326,unique
20,1,screening,59,image_66,66,False,300,400,bbafcf7f349fc1c82c840a52cced9a64f4b48a1b,0000100000110000100100110111010001100001010010010101001101010001,images/sub-20/ses-1/image_66.png,img_0327,unique
20,1,screening,60,image_67,67,False,300,400,3f4bd27e6ceb77d8e0a79c62ae666cbb3ffe785d,1011010000111000011011001110110001101100111010011001110000011110,images/sub-20/ses-1/image_67.png,img_0060,exact
20,1,screening,61,image_68,68,False,300,400,8e9ae3ab23389ddcee3df8e13aed86824cc1fddc,0111100111100100110011100100100010101010101001100101001010001110,images/sub-20/ses-1/image_68.png,img_0328,unique
20,1,screening,62,image_69,69,False,300,400,3cc77d84e5de4d578478a327c4366c65e38e1bdb,0011001010100000011000001100100011001100111001000011010010001100,images/sub-20/ses-1/image_69.png,img_0048,exact
20,2,sternberg,0,image_36,36,False,300,400,f2bcf64dcf5824fc4670f0c85707d4dbe3de9d89,0101011010110110100001101001011010001110011001001000010111010111,images/sub-20/ses-2/image_36.png,img_0169,exact
20,2,sternberg,1,image_68,68,False,300,400,8e9ae3ab23389ddcee3df8e13aed86824cc1fddc,0111100111100100110011100100100010101010101001100101001010001110,images/sub-20/ses-2/image_68.png,img_0328,exact
20,2,sternberg,2,image_64,64,False,300,400,5c7acd9dbccbfda87377747a046dbed8f785e008,1111010011100100101111001011001010110100100111001010010100000100,images/sub-20/ses-2/image_64.png,img_0325,exact
20,2,sternberg,3,image_37,37,False,300,400,60b4d186b46edef1ed35e6f8b294c21d85e313f2,0000010000100100100001100010011011010110101001100101100000110001,images/sub-20/ses-2/image_37.png,img_0319,exact
20,2,sternberg,4,image_34,34,False,300,400,24c7a0a6bca743dcf1a1035bb27b03b384fe02d2,1001100110010001101100001011000011110001111101011111100111111011,images/sub-20/ses-2/image_34.png,img_0126,exact
20,2,sternberg,5,image_999,999,True,300,400,bfc604369a8e2c010f0b4ca0e0f3fea35743be61,0000000000100001000000000010010101100101000000000000000100000000,images/sub-20/ses-2/image_999.png,img_null,exact
21,1,screening,0,image_1,1,False,300,400,063be9073373c320ce1d876cbb55bf4b59423c6d,0010011100101110101011110000111100001101100110110001011101000110,images/sub-21/ses-1/image_1.png,img_0097,exact
21,1,screening,1,image_2,2,False,300,400,f8671d2234080702cb10437b84df43b5876614a2,0010011000000110100100111001001101011011011010110110101110000101,images/sub-21/ses-1/image_2.png,img_0098,exact
21,1,screening,2,image_3,3,False,300,400,43f08de09c1d4344ee0b4705299de79b8aae0064,1000000101000001001100011001110010001100111000111100000111000000,images/sub-21/ses-1/image_3.png,img_0099,exact
21,1,screening,3,image_4,4,False,300,400,024581793c46c729835818e76112b6cb2169c493,0100000001000100000011010001000100110000000010010101101010110100,images/sub-21/ses-1/image_4.png,img_0100,exact
21,1,screening,4,image_5,5,False,300,400,dbb1d2260ca3312508fb6795f695ee9ce0972dea,1000001000111000011101000110010010010100001100010010011100001110,images/sub-21/ses-1/image_5.png,img_0329,unique
21,1,screening,5,image_6,6,False,300,400,59a119078a582bb4bfe2aaeee553ee8b1f3df61b,1010000011000100110101101101000011001110010001001010010000100111,images/sub-21/ses-1/image_6.png,img_0102,exact
21,1,screening,6,image_7,7,False,300,400,5f938061f73c60f9a05a1e73d1cd834d733081fb,1110110101100111001001010100101100000011000101111000110001110001,images/sub-21/ses-1/image_7.png,img_0103,exact
21,1,screening,7,image_8,8,False,300,400,57389bb23217de0d98503f0896e838b0fb7cc0c0,1100100011000100000011010001101100110110000011101001111010101110,images/sub-21/ses-1/image_8.png,img_0104,exact
21,1,screening,8,image_9,9,False,300,400,fe057f2bfd88bc4e25699f6a5b25deb442cb00dc,1111001010110110111010001100011011010110111001010111101000101010,images/sub-21/ses-1/image_9.png,img_0105,exact
21,1,screening,9,image_11,11,False,300,400,37a9c0110da29c2c2392a7fff4831b58933b6a77,1001011010001100110010000100110001110000101100100101100000000000,images/sub-21/ses-1/image_11.png,img_0106,exact
21,1,screening,10,image_12,12,False,300,400,5ef28556c88aa6ab2e122fa502aa5af71cb68e9c,0001100000000010110000111100011111000110100001111000111000001110,images/sub-21/ses-1/image_12.png,img_0107,exact
21,1,screening,11,image_13,13,False,300,400,3da81b34dbea49871669a4d93be870966a810c6c,1010001110100101011001010110011101110011111000101010011010101110,images/sub-21/ses-1/image_13.png,img_0011,exact
21,1,screening,12,image_14,14,False,300,400,fb36b1698b927dcd89f0dc05b1afa1319b8e1272,1100110011001101100001001000110010001101010011001100111100110011,images/sub-21/ses-1/image_14.png,img_0006,exact
21,1,screening,13,image_15,15,False,300,400,ecaf2a25a886e333607ca26ed598bacee017e62d,1101000111010011100100101011001111000110101101001011010010110110,images/sub-21/ses-1/image_15.png,img_0330,unique
21,1,screening,14,image_16,16,False,300,400,3102391eab89a65201b6fae641f315ddeb2ea855,0100110100000110100101101000011000000110010011010000111000100011,images/sub-21/ses-1/image_16.png,img_0038,exact
21,1,screening,15,image_17,17,False,300,400,d1781a4a6862c27fc23c3c38cc6fb399ba35684f,0010100000010110000111100110100110100110101001101011001001110001,images/sub-21/ses-1/image_17.png,img_0111,exact
21,1,screening,16,image_18,18,False,300,400,62cde3fc6decfb85b5fddaeba1593c3a9910ac1d,0100110101000110011001100011100100110000111010011110000011100000,images/sub-21/ses-1/image_18.png,img_0331,unique
21,1,screening,17,image_19,19,False,300,400,dd17e46d1a774ff8a014813a570a590661383bf6,0111100101111000011110001100011111100101001010110000100101000101,images/sub-21/ses-1/image_19.png,img_0332,unique
21,1,screening,18,image_21,21,False,300,400,56162d4cc7e94e05da4bb9fffe25bd312481697c,0101110001111001011100100111010000110110101101111100011111001100,images/sub-21/ses-1/image_21.png,img_0114,exact
21,1,screening,19,image_22,22,False,300,400,e758664c1bb01ff65faa272acfba21f44ddcfb98,1000110011010100111001001110011000110110100101011000010011010100,images/sub-21/ses-1/image_22.png,img_0333,unique
21,1,screening,20,image_23,23,False,300,400,97eb4948915079618d1bb0cfa63b2d51696e3f78,1001011010110010101100101011001110110010001100111110100110010100,images/sub-21/ses-1/image_23.png,img_0116,exact
21,1,screening,21,image_24,24,False,300,400,b47ea6f9f977fdeaf685a26fe3b2278c13978277,0001110000001100000011000101110000011110000111010001010101101011,images/sub-21/ses-1/image_24.png,img_0334,unique
21,1,screening,22,image_25,25,False,300,400,873e1f5d8841aad8e3db7a58baba4050d08b9052,1010000011110000111010001100110000110110001100111111000011111000,images/sub-21/ses-1/image_25.png,img_0335,unique
21,1,screening,23,image_26,26,False,300,400,566e2993324d06249da58f6b93a0b937161225d3,0110011100001111100110011001100111111001011110011111100011110000,images/sub-21/ses-1/image_26.png,img_0166,exact
21,1,screening,24,image_27,27,False,300,400,7909cc70959c3d372c2536d055143f5d72c8d96e,0100111001001010110011101100110110010110001100110011001101101011,images/sub-21/ses-1/image_27.png,img_0120,exact
21,1,screening,25,image_28,28,False,300,400,ab3dac77fae0efc6cde2959c35486e4420594ef2,1000001100001011000011010110110101101101111000011101001100111000,images/sub-21/ses-1/image_28.png,img_0051,exact
21,1,screening,26,image_29,29,False,300,400,acf7962a87b7bf11935700e6a525c1f9ccf9a7d5,1000011110011011100110110011011010011110000100110011000101110001,images/sub-21/ses-1/image_29.png,img_0122,exact
21,1,screening,27,image_31,31,False,300,400,c6f8b1dbf997f8b9384ce0d750ed28221f639045,0001001000010010000100100011001000010010001010110011101001101110,images/sub-21/ses-1/image_31.png,img_0123,exact
21,1,screening,28,image_32,32,False,300,400,76ccd06b3bef34f0e33dd50b31143a4f35d934c8,1010100010011100101010001010100110100000101100101100110011011001,images/sub-21/ses-1/image_32.png,img_0167,exact
21,1,screening,29,image_33,33,False,300,400,81f3165939715b1888f2a9a544af5ef3315cd461,0110110110001101100011011000110110010001100000110110010011011101,images/sub-21/ses-1/image_33.png,img_0018,exact
21,1,screening,30,image_34,34,False,300,400,24c7a0a6bca743dcf1a1035bb27b03b384fe02d2,1001100110010001101100001011000011110001111101011111100111111011,images/sub-21/ses-1/image_34.png,img_0126,exact
21,1,screening,31,image_35,35,False,300,400,06d3c6ac173ec3e190c6b58067f6c11b0aa5917a,0110001010010110000011010000110110010011100110001001100001010011,images/sub-21/ses-1/image_35.png,img_0127,exact
21,1,screening,32,image_36,36,False,300,400,fefbe055d86d6845d13eadff430f976c4472b309,1111000000011100111111111111100100111111000111111000111011100000,images/sub-21/ses-1/image_36.png,img_0336,unique
21,1,screening,33,image_37,37,False,300,400,94e1b8b5a4b66bc3220180c6ed4b3fc3722c775b,1010011010110100110101001110010011100001101001011011000110011001,images/sub-21/ses-1/image_37.png,img_0337,unique
21,1,screening,34,image_38,38,False,300,400,a47230c9501ec7311f1c8c186dd1883a505052cb,1000011111000111011000111100001110000011000001101110110010001100,images/sub-21/ses-1/image_38.png,img_0065,exact
21,1,screening,35,image_39,39,False,300,400,977b575e9116890964c35896ff98e1434f31529b,1110100011001100100101001000010010110000111000101011000100110011,images/sub-21/ses-1/image_39.png,img_0010,exact
21,1,screening,36,image_41,41,False,300,400,5a521fa522fdaf10e025bc0174c1bae4eadebe45,0110000001101000011010010110110001110011010101110101101101001011,images/sub-21/ses-1/image_41.png,img_0338,unique
21,1,screening,37,image_42,42,False,300,400,fd22d4b7dcac8c1a44a5a874f38192c03356e320,1001001110001110110011111000101010000111100001101000011011110111,images/sub-21/ses-1/image_42.png,img_0321,exact
21,1,screening,38,image_43,43,False,300,400,38bae1208f9e33334834262e4459e9ebbcbbdab4,1000100000111001011110010111100111111001111110010011100110111001,images/sub-21/ses-1/image_43.png,img_0134,exact
21,1,screening,39,image_44,44,False,300,400,dff1889ea6b1cadfd89a810f2736ab0c5ad0a573,1100011010010011100100111010001010110000001001000110010011100101,images/sub-21/ses-1/image_44.png,img_0322,exact
21,1,screening,40,image_45,45,False,300,400,ed853c73d0c6f1795b83c94ea5fd3ea4b4f082d3,1100000011000000110001000100000001100000011000101110000111010000,images/sub-21/ses-1/image_45.png,img_0339,unique
21,1,screening,41,image_46,46,False,300,400,85f31823d20ee56d70573c8bd1f0b384dc7f4621,0111110011000110100110111000010011100110111100100011001110010111,images/sub-21/ses-1/image_46.png,img_0285,exact
21,1,screening,42,image_47,47,False,300,400,887352cfe5777d4af43cb0124deb64ed0e6acec3,1000100010011010011001100011010110100110101011101001110011011100,images/sub-21/ses-1/image_47.png,img_0138,exact
21,1,screening,43,image_48,48,False,300,400,090d4fa1ba3907e3fd0280f695cda206623b5459,0110010011011000000110010000100111001011110010111100100011010000,images/sub-21/ses-1/image_48.png,img_0139,exact
21,1,screening,44,image_49,49,False,300,400,f1f8e253d3ff118cf48129c01c31ab6fac7c6e40,1001011010111010001011110010111100101111010010110001001010000110,images/sub-21/ses-1/image_49.png,img_0340,unique
21,1,screening,45,image_51,51,False,300,400,751db7881cf1e2e72625b4d9a6ad153805f02ac8,0011111000011101100110011001111010001011010001100011001001110001,images/sub-21/ses-1/image_51.png,img_0141,exact
21,1,screening,46,image_52,52,False,300,400,36aca39f4482e32b736e17acf4f304955ba1f721,1011001000110010101001111000010110001001101011010010110111101101,images/sub-21/ses-1/image_52.png,img_0142,exact
21,1,screening,47,image_53,53,False,300,400,454251205a811a35aed0eccc39bf935c582e30ae,0110011111100100110011001110011010011110011010100110010101100100,images/sub-21/ses-1/image_53.png,img_0143,exact
21,1,screening,48,image_54,54,False,300,400,e1c0c39efa713bf02738a87bdf42c103ecf9b895,0101100011011000101100101011001010110000101100101101011111011110,images/sub-21/ses-1/image_54.png,img_0144,exact
21,1,screening,49,image_55,55,False,300,400,bfecb530f5825582db6640588ebc53a1a374b9b5,1101010010110000101100001001001000100000001000101100101101000111,images/sub-21/ses-1/image_55.png,img_0145,exact
21,1,screening,50,image_56,56,False,300,400,88cb613fa077fcbaad16a7d3347d61ce670ebbd6,1101011101110011011100100011001000011010000111110110111110100101,images/sub-21/ses-1/image_56.png,img_0019,exact
21,1,screening,51,image_57,57,False,300,400,f49a4f3fde8c07dae5e3be0577fac0f651a08fa0,1000100101001111000010010011000001100100110111100101000111010100,images/sub-21/ses-1/image_57.png,img_0341,unique
21,1,screening,52,image_58,58,False,300,400,6cc5c665d98ad0f62c014b2bfbe1a069676a3141,1111110011111111110110111101101101110110000011101100110010110000,images/sub-21/ses-1/image_58.png,img_0026,exact
21,1,screening,53,image_59,59,False,300,400,9806731c5857bda1b7bf99f4ae433010ba45623d,1110010011101100111010011111111100100111001000110010001000010100,images/sub-21/ses-1/image_59.png,img_0176,exact
21,1,screening,54,image_61,61,False,300,400,4ec67e9b22aad8d59dd417e9f666b3ec2e78063a,1100101111001001110110011101100111011001110010000011100000101000,images/sub-21/ses-1/image_61.png,img_0150,exact
21,1,screening,55,image_62,62,False,300,400,97f9756d66a546478348a5b4b1558aa0f1e324e6,1100100110011001100110010011011000110100011101000011110010111100,images/sub-21/ses-1/image_62.png,img_0092,exact
21,1,screening,56,image_63,63,False,300,400,8cafd7df5cd403b3ce14e62c20ea252d3d28b265,1011000000111000001100010111001001110010101101111011011110110110,images/sub-21/ses-1/image_63.png,img_0056,exact
21,1,screening,57,image_64,64,False,300,400,1871f75aafa2bc7e3f02cd535468f70435902d29,0110010000100111011001110110000111001101110011011001001110110001,images/sub-21/ses-1/image_64.png,img_0342,unique
21,1,screening,58,image_65,65,False,300,400,5aa093a3b28e3d7a50593f76eb5568ab2c249e31,1110110011110100111101101111001011110010101001010110010001101000,images/sub-21/ses-1/image_65.png,img_0326,exact
21,1,screening,59,image_66,66,False,300,400,bbafcf7f349fc1c82c840a52cced9a64f4b48a1b,0000100000110000100100110111010001100001010010010101001101010001,images/sub-21/ses-1/image_66.png,img_0327,exact
21,1,screening,60,image_67,67,False,300,400,3f4bd27e6ceb77d8e0a79c62ae666cbb3ffe785d,1011010000111000011011001110110001101100111010011001110000011110,images/sub-21/ses-1/image_67.png,img_0060,exact
21,1,screening,61,image_68,68,False,300,400,8e9ae3ab23389ddcee3df8e13aed86824cc1fddc,0111100111100100110011100100100010101010101001100101001010001110,images/sub-21/ses-1/image_68.png,img_0328,exact
21,1,screening,62,image_69,69,False,300,400,3cc77d84e5de4d578478a327c4366c65e38e1bdb,0011001010100000011000001100100011001100111001000011010010001100,images/sub-21/ses-1/image_69.png,img_0048,exact
21,2,sternberg,0,image_16,16,False,300,400,3102391eab89a65201b6fae641f315ddeb2ea855,0100110100000110100101101000011000000110010011010000111000100011,images/sub-21/ses-2/image_16.png,img_0038,exact
21,2,sternberg,1,image_49,49,False,300,400,f1f8e253d3ff118cf48129c01c31ab6fac7c6e40,1001011010111010001011110010111100101111010010110001001010000110,images/sub-21/ses-2/image_49.png,img_0340,exact
21,2,sternberg,2,image_42,42,False,300,400,fd22d4b7dcac8c1a44a5a874f38192c03356e320,1001001110001110110011111000101010000111100001101000011011110111,images/sub-21/ses-2/image_42.png,img_0321,exact
21,2,sternberg,3,image_65,65,False,300,400,5aa093a3b28e3d7a50593f76eb5568ab2c249e31,1110110011110100111101101111001011110010101001010110010001101000,images/sub-21/ses-2/image_65.png,img_0326,exact
21,2,sternberg,4,image_34,34,False,300,400,24c7a0a6bca743dcf1a1035bb27b03b384fe02d2,1001100110010001101100001011000011110001111101011111100111111011,images/sub-21/ses-2/image_34.png,img_0126,exact
21,2,sternberg,5,image_999,999,True,300,400,bfc604369a8e2c010f0b4ca0e0f3fea35743be61,0000000000100001000000000010010101100101000000000000000100000000,images/sub-21/ses-2/image_999.png,img_null,exact
