image_uid,model,top1,top2,top3,top4,top5,p1,p2,p3,p4,p5,entropy
img_0000,resnet50,brassiere,maillot,bikini,maillot tank suit,dumbbell,0.24526171386241913,0.07869716733694077,0.0538768470287323,0.03835393488407135,0.021938946098089218,4.793370246887207
img_0001,resnet50,microphone,lipstick,pick,bow tie,bottlecap,0.15280762314796448,0.026972146704792976,0.020161787047982216,0.011875675991177559,0.011737320572137833,5.817503929138184
img_0002,resnet50,fur coat,brassiere,bikini,jersey,academic gown,0.09036529809236526,0.043188706040382385,0.030033031478524208,0.021589772775769234,0.02056090719997883,5.686014652252197
img_0003,resnet50,suit,Windsor tie,oboe,bassoon,bow tie,0.31695255637168884,0.11569293588399887,0.03225250914692879,0.023596439510583878,0.014452414587140083,4.4079132080078125
img_0004,resnet50,cowboy hat,sombrero,bow tie,hand-held computer,suit,0.14076180756092072,0.06495090574026108,0.04845632240176201,0.019578125327825546,0.01761840470135212,5.494716167449951
img_0005,resnet50,cowboy hat,revolver,sombrero,banjo,accordion,0.07616531848907471,0.06643257290124893,0.04729212075471878,0.028129318729043007,0.028019655495882034,5.838508605957031
img_0006,resnet50,bow tie,suit,bassoon,oboe,flute,0.6009564995765686,0.014811405912041664,0.01427183672785759,0.011831768788397312,0.006572521757334471,3.2061607837677
img_0007,resnet50,microphone,ping-pong ball,sax,bow tie,mask,0.11162811517715454,0.044057052582502365,0.03286856412887573,0.029463188722729683,0.023720622062683105,5.507993698120117
img_0008,resnet50,suit,Windsor tie,bow tie,tennis ball,torch,0.2242356240749359,0.09420844912528992,0.017156632617115974,0.014503879472613335,0.013893865048885345,5.098771095275879
img_0009,resnet50,suit,Windsor tie,oboe,bassoon,French horn,0.22582457959651947,0.16138955950737,0.0128150200471282,0.012715292163193226,0.008536643348634243,4.974551200866699
img_0010,resnet50,Windsor tie,suit,torch,bow tie,picket fence,0.2143917977809906,0.15084347128868103,0.009737732820212841,0.006627599708735943,0.006022723391652107,5.133090496063232
img_0011,resnet50,suit,Windsor tie,bow tie,flagpole,bolo tie,0.32581135630607605,0.03213392198085785,0.02802770771086216,0.019452180713415146,0.016126424074172974,4.715646743774414
img_0012,resnet50,German shepherd,malinois,bulletproof vest,limousine,briard,0.44169342517852783,0.022380592301487923,0.008233360014855862,0.007237587124109268,0.005062528420239687,4.387778282165527
img_0013,resnet50,suit,groom,bassoon,oboe,bow tie,0.0964154601097107,0.07597355544567108,0.042617302387952805,0.03941455855965614,0.0365951806306839,5.5005269050598145
img_0014,resnet50,bow tie,suit,oboe,bassoon,Windsor tie,0.3035798966884613,0.04407784715294838,0.014677973464131355,0.01097184419631958,0.007209578063338995,5.135620594024658
img_0015,resnet50,suit,sweatshirt,wig,pick,bow tie,0.05314245447516441,0.04320450872182846,0.02605176344513893,0.02219638042151928,0.021304400637745857,5.96652889251709
img_0016,resnet50,pick,microphone,safety pin,syringe,bassoon,0.1294516772031784,0.10565537959337234,0.08006501197814941,0.03363783285021782,0.018722273409366608,5.174347877502441
img_0017,resnet50,suit,bow tie,Windsor tie,jersey,comic book,0.2703772187232971,0.024807503446936607,0.023350054398179054,0.016460934653878212,0.008374645374715328,5.199054718017578
img_0018,resnet50,iPod,cellular telephone,hand-held computer,radio,modem,0.17915645241737366,0.05861976742744446,0.03137689828872681,0.010226457379758358,0.010087594389915466,5.738039016723633
img_0019,resnet50,revolver,book jacket,hair spray,fur coat,bow tie,0.07833219319581985,0.024456504732370377,0.01984420046210289,0.01853298954665661,0.017040077596902847,5.968061447143555
img_0020,resnet50,stage,microphone,sax,suit,bow tie,0.0837269201874733,0.05890924856066704,0.05512436106801033,0.03715359419584274,0.036577582359313965,5.43572998046875
img_0021,resnet50,basketball,maillot,parallel bars,barbell,brassiere,0.5582764744758606,0.017910752445459366,0.006022831425070763,0.004502090159803629,0.004415011964738369,3.6069507598876953
img_0022,resnet50,ballplayer,baseball,trombone,bow,soccer ball,0.14153091609477997,0.08001432567834854,0.021960314363241196,0.01548121776431799,0.012684856541454792,5.678450584411621
img_0023,resnet50,wig,lipstick,suit,feather boa,brassiere,0.13774913549423218,0.0162919070571661,0.015852462500333786,0.015821529552340508,0.01566777564585209,5.871021747589111
img_0024,resnet50,sports car,convertible,car wheel,racer,pickup,0.14029425382614136,0.12236682325601578,0.06057596951723099,0.023082032799720764,0.02276860550045967,5.4617767333984375
img_0025,resnet50,tench,sleeping bag,coho,king crab,barracouta,0.05653827264904976,0.04632579907774925,0.03510541096329689,0.028989944607019424,0.02279895357787609,5.925078868865967
img_0026,resnet50,modem,notebook,hard disc,iPod,laptop,0.18121673166751862,0.1461816430091858,0.060463353991508484,0.02856086753308773,0.02405066229403019,5.026318073272705
img_0027,resnet50,suit,oboe,wool,bassoon,stethoscope,0.17011679708957672,0.022314466536045074,0.020597239956259727,0.020436951890587807,0.020159441977739334,5.486455917358398
img_0028,resnet50,ice lolly,bath towel,nipple,bathtub,spatula,0.1942681223154068,0.05832987278699875,0.05331781506538391,0.03389086574316025,0.02508736401796341,5.133794784545898
img_0029,resnet50,jersey,bassoon,bow tie,oboe,microphone,0.14708320796489716,0.019444435834884644,0.01805354841053486,0.01805354841053486,0.017808401957154274,5.552518844604492
img_0030,resnet50,palace,dome,bell cote,obelisk,triumphal arch,0.3556118607521057,0.03807145729660988,0.0167299285531044,0.009912154637277126,0.008972392417490482,4.821503639221191
img_0031,resnet50,paintbrush,burrito,piggy bank,crayfish,tailed frog,0.10624748468399048,0.05754054710268974,0.05642761290073395,0.03878209367394447,0.024364199489355087,5.598957061767578
img_0032,resnet50,palace,fountain,carousel,restaurant,altar,0.1798737645149231,0.15935932099819183,0.031014125794172287,0.02673584781587124,0.022251546382904053,4.698488712310791
img_0033,resnet50,Windsor tie,bow tie,suit,military uniform,lab coat,0.10921259224414825,0.08406393229961395,0.0792798325419426,0.07805072516202927,0.07594543695449829,4.980588436126709
img_0034,resnet50,Dutch oven,potpie,French loaf,frying pan,dough,0.16300873458385468,0.14162445068359375,0.10565827786922455,0.03963613882660866,0.0068877278827130795,5.023412227630615
img_0035,resnet50,pedestal,fountain,pier,fireboat,trench coat,0.09957069158554077,0.024544240906834602,0.020071588456630707,0.018239730969071388,0.015971241518855095,5.975558757781982
img_0036,resnet50,crash helmet,motor scooter,moped,mountain bike,military uniform,0.27391576766967773,0.06765241920948029,0.0450662299990654,0.04317080229520798,0.025677962228655815,4.576322555541992
img_0037,resnet50,potter's wheel,mixing bowl,mortar,apron,Band Aid,0.4726144075393677,0.03191152960062027,0.025047646835446358,0.011854801326990128,0.0066499412059783936,3.978492259979248
img_0038,resnet50,suit,Windsor tie,notebook,cornet,academic gown,0.30669769644737244,0.1934318244457245,0.011149664409458637,0.010701606050133705,0.01059760618954897,4.210777282714844
img_0039,resnet50,suit,Windsor tie,groom,bassoon,oboe,0.16655977070331573,0.1646192967891693,0.02911383844912052,0.012546186335384846,0.011423432268202305,5.2338457107543945
img_0040,resnet50,sorrel,worm fence,cowboy hat,muzzle,sombrero,0.45941272377967834,0.018559182062745094,0.011682289652526379,0.005897215101867914,0.003990255296230316,4.294588088989258
img_0041,resnet50,spatula,bakery,tray,toaster,restaurant,0.20563022792339325,0.11400426179170609,0.07162126898765564,0.022317618131637573,0.012592618353664875,4.979593276977539
img_0042,resnet50,paddle,canoe,yawl,marimba,shovel,0.17211832106113434,0.039934661239385605,0.011067816987633705,0.010376964695751667,0.005958989262580872,5.889019012451172
img_0043,resnet50,cliff dwelling,cliff,megalith,valley,meerkat,0.1651565581560135,0.07801443338394165,0.0724339485168457,0.03699564188718796,0.010766346007585526,5.384537696838379
img_0044,resnet50,ox,oxcart,American Staffordshire terrier,rapeseed,bison,0.5267737507820129,0.04957515746355057,0.00823643896728754,0.005649770610034466,0.004683824256062508,3.6922240257263184
img_0045,resnet50,German short-haired pointer,Staffordshire bullterrier,American Staffordshire terrier,toy terrier,boxer,0.12770086526870728,0.10586772859096527,0.06808686256408691,0.033182885497808456,0.028272172436118126,5.170292377471924
img_0046,resnet50,strainer,eggnog,mixing bowl,dough,consomme,0.20855264365673065,0.1279846429824829,0.06562399864196777,0.021388377994298935,0.01766246184706688,4.8876752853393555
img_0047,resnet50,prison,sliding door,mortarboard,window screen,radiator,0.04689733684062958,0.03949151560664177,0.024568777531385422,0.02433001808822155,0.019626233726739883,6.122035503387451
img_0048,resnet50,gasmask,coho,ski mask,sturgeon,barracouta,0.1790134608745575,0.07148533314466476,0.0565495528280735,0.03363563120365143,0.026712117716670036,5.173275947570801
img_0049,resnet50,space shuttle,missile,mashed potato,projectile,cauliflower,0.36571618914604187,0.0035853551235049963,0.002695817034691572,0.002138823736459017,0.0015655610477551818,5.01620626449585
img_0050,resnet50,worm fence,geyser,alp,cowboy boot,bannister,0.08740045130252838,0.05754294991493225,0.04032868519425392,0.025835523381829262,0.022184785455465317,5.73349666595459
img_0051,resnet50,tabby,tiger cat,Egyptian cat,velvet,remote control,0.16881845891475677,0.10041309893131256,0.020162489265203476,0.014837879687547684,0.009864872321486473,5.534199237823486
img_0052,resnet50,golden retriever,tennis ball,soccer ball,Brittany spaniel,flat-coated retriever,0.46316292881965637,0.027277104556560516,0.011685998179018497,0.006776559632271528,0.006134080234915018,4.192702770233154
img_0053,resnet50,cowboy hat,bow tie,seat belt,neck brace,Band Aid,0.03187976032495499,0.028857270255684853,0.028243903070688248,0.019602227956056595,0.01845058985054493,6.135969161987305
img_0054,resnet50,jersey,sunscreen,neck brace,abaya,bassoon,0.08639849722385406,0.01992894895374775,0.016716431826353073,0.015430005267262459,0.014551881700754166,6.025347709655762
img_0055,resnet50,suit,pick,military uniform,Windsor tie,bow tie,0.2900157570838928,0.022495035082101822,0.021423030644655228,0.01861264929175377,0.01751914992928505,4.994140148162842
img_0056,resnet50,neck brace,Yorkshire terrier,Lhasa,wig,Sussex spaniel,0.05253949016332626,0.02590753510594368,0.020494546741247177,0.020058929920196533,0.017529914155602455,6.197250843048096
img_0057,resnet50,wig,bikini,stethoscope,brassiere,bow tie,0.09985239803791046,0.03229094296693802,0.0280001163482666,0.02756601572036743,0.019094420596957207,5.788900852203369
img_0058,resnet50,stethoscope,lipstick,face powder,academic gown,neck brace,0.08929182589054108,0.05787677690386772,0.053736764937639236,0.0241737961769104,0.0226648710668087,5.757509231567383
img_0059,resnet50,suit,groom,Windsor tie,bow tie,stage,0.0547800250351429,0.04401698708534241,0.03048967570066452,0.024213720113039017,0.0214521661400795,6.04462194442749
img_0060,resnet50,jackfruit,lemon,orange,hotdog,burrito,0.1107531189918518,0.10323326289653778,0.033124469220638275,0.023124607279896736,0.017489496618509293,5.60776424407959
img_0061,resnet50,basketball,punching bag,maraca,dumbbell,ballplayer,0.6659780144691467,0.006789105013012886,0.00584115507081151,0.004842487629503012,0.0044005317613482475,2.860178232192993
img_0062,resnet50,racket,torch,tennis ball,soccer ball,lab coat,0.058327898383140564,0.05764836072921753,0.03233779966831207,0.027231154963374138,0.02075687237083912,5.7729902267456055
img_0064,resnet50,suit,dial telephone,lab coat,Windsor tie,groom,0.23384396731853485,0.08469267189502716,0.050968948751688004,0.046046607196331024,0.04031975567340851,4.606278419494629
img_0065,resnet50,monitor,desk,desktop computer,screen,mouse,0.12034236639738083,0.10914578288793564,0.07157955318689346,0.04062579572200775,0.03906944394111633,5.2183756828308105
img_0066,resnet50,hotdog,French loaf,dough,cleaver,rubber eraser,0.10433924198150635,0.030842620879411697,0.016573479399085045,0.015508643351495266,0.014972890727221966,5.910565376281738
img_0067,resnet50,cucumber,plate,hotdog,burrito,guacamole,0.1482655107975006,0.09954075515270233,0.07254164665937424,0.04966272413730621,0.03521614521741867,5.035516262054443
img_0068,resnet50,cowboy hat,mortarboard,academic gown,military uniform,sombrero,0.2940145432949066,0.08691053092479706,0.05545991659164429,0.03234948217868805,0.018217436969280243,4.6319684982299805
img_0069,resnet50,comic book,suit,wig,mortarboard,academic gown,0.04393385350704193,0.04047376289963722,0.027119778096675873,0.022351734340190887,0.01597406528890133,6.1351094245910645
img_0070,resnet50,cardigan,military uniform,balance beam,jersey,racket,0.08488259464502335,0.05856722965836525,0.021927760913968086,0.019051168113946915,0.018002089112997055,5.949716567993164
img_0071,resnet50,necklace,safety pin,vase,hook,loudspeaker,0.39806362986564636,0.027407880872488022,0.01932155340909958,0.012870930135250092,0.011470022611320019,4.525734901428223
img_0072,resnet50,fire engine,tow truck,fireboat,ambulance,Norwich terrier,0.38919782638549805,0.003619563300162554,0.003036094829440117,0.0016881919000297785,0.0013832548866048455,4.865262508392334
img_0073,resnet50,pot,vase,greenhouse,grocery store,fig,0.0698072537779808,0.055873025208711624,0.031341925263404846,0.028592940419912338,0.02301998808979988,5.870577812194824
img_0074,resnet50,acoustic guitar,electric guitar,pick,banjo,violin,0.5130069255828857,0.011970878578722477,0.005599689669907093,0.00496105058118701,0.001886683632619679,3.9922990798950195
img_0075,resnet50,bow,overskirt,gown,wig,maillot tank suit,0.056726060807704926,0.03549826517701149,0.027917377650737762,0.022214243188500404,0.018237285315990448,5.973393440246582
img_0076,resnet50,sombrero,banjo,acoustic guitar,cello,cornet,0.2516201138496399,0.08936813473701477,0.050920430570840836,0.04954693838953972,0.03682015836238861,4.386765480041504
img_0077,resnet50,letter opener,hair slide,coil,corkscrew,hook,0.06967710703611374,0.04096105694770813,0.040168799459934235,0.026810502633452415,0.021796783432364464,5.969669818878174
img_0078,resnet50,suit,Windsor tie,West Highland white terrier,sax,oboe,0.27451765537261963,0.25587859749794006,0.010458733886480331,0.005341798532754183,0.004650108516216278,4.161488056182861
img_0079,resnet50,bow tie,suit,military uniform,oboe,bassoon,0.09624724090099335,0.07525079697370529,0.04172009229660034,0.040594760328531265,0.03653133288025856,5.221493244171143
img_0080,resnet50,hair slide,Band Aid,wig,bonnet,shower cap,0.2790834605693817,0.15655162930488586,0.04887780174612999,0.016212908551096916,0.015082606114447117,4.324153900146484
img_0081,resnet50,gazelle,impala,ox,ram,llama,0.12528090178966522,0.06324175000190735,0.0231294184923172,0.021307816728949547,0.01577289216220379,5.96377420425415
img_0082,resnet50,car mirror,sunglasses,seat belt,cellular telephone,sunglass,0.09165499359369278,0.056688010692596436,0.04626740515232086,0.025106066837906837,0.017221463844180107,5.980772018432617
img_0083,resnet50,stole,wig,microphone,oboe,sax,0.04850535839796066,0.036187201738357544,0.02885095216333866,0.026682769879698753,0.024533353745937347,5.828075885772705
img_0084,resnet50,assault rifle,rifle,bow,bulletproof vest,banjo,0.21027813851833344,0.04601189121603966,0.02879350446164608,0.01360108982771635,0.009421199560165405,5.479943752288818
img_0085,resnet50,groom,notebook,hair spray,Band Aid,lab coat,0.0473584346473217,0.028113801032304764,0.02339838072657585,0.016462817788124084,0.01598750427365303,6.011125564575195
img_0086,resnet50,coral reef,coral fungus,sea anemone,brain coral,cardoon,0.6215148568153381,0.057584505528211594,0.03372020646929741,0.01294961478561163,0.01260032132267952,2.7236905097961426
img_0087,resnet50,tiger,tiger cat,jaguar,Australian terrier,zebra,0.36042970418930054,0.10992485284805298,0.0010962405940517783,0.0009271928574889898,0.0008973507792688906,4.59901762008667
img_0088,resnet50,rocking chair,drum,accordion,cradle,drumstick,0.12092117965221405,0.04500878229737282,0.026253391057252884,0.02362549491226673,0.012596515007317066,5.872671127319336
img_0089,resnet50,lycaenid,sulphur butterfly,ringlet,cabbage butterfly,lacewing,0.34546804428100586,0.058414049446582794,0.0232355035841465,0.006241548340767622,0.001683174166828394,4.877164363861084
img_0090,resnet50,hair spray,drumstick,microphone,Band Aid,brassiere,0.08722981810569763,0.019012728706002235,0.01721015013754368,0.01454912219196558,0.012591215781867504,6.052383899688721
img_0091,resnet50,lab coat,sunscreen,bottlecap,beaker,Band Aid,0.23004615306854248,0.01433765608817339,0.011057663708925247,0.010571924038231373,0.01044875755906105,5.50478458404541
img_0092,resnet50,macaque,patas,guenon,langur,titi,0.333466112613678,0.08767210692167282,0.027372565120458603,0.02355058491230011,0.02199447527527809,4.607990264892578
img_0093,resnet50,hare,wood rabbit,Angora,fox squirrel,mink,0.2640744745731354,0.17798511683940887,0.00236644153483212,0.0014679229352623224,0.0012759764213114977,4.8260345458984375
img_0094,resnet50,analog clock,matchstick,rule,spotlight,letter opener,0.1362159252166748,0.04154351353645325,0.03933260217308998,0.031114650890231133,0.015312882140278816,5.530571937561035
img_0095,resnet50,coyote,red wolf,grey fox,timber wolf,dhole,0.5430908799171448,0.01880260370671749,0.012403514236211777,0.011096743866801262,0.006849871017038822,3.694308280944824
img_0096,resnet50,bald eagle,kite,vulture,black grouse,black swan,0.36361879110336304,0.003839433193206787,0.0027093044482171535,0.0023106117732822895,0.0014221370220184326,5.031048774719238
img_0097,resnet50,tusker,African elephant,Indian elephant,bull mastiff,rifle,0.3051389455795288,0.20326635241508484,0.03587864339351654,0.0009486927883699536,0.0009012795053422451,4.301970481872559
img_0098,resnet50,king penguin,killer whale,toucan,albatross,magpie,0.5109052658081055,0.003385774325579405,0.0021647762041538954,0.0012939098523929715,0.0012262462405487895,4.055614948272705
img_0099,resnet50,hammerhead,tiger shark,great white shark,killer whale,sea lion,0.2950798273086548,0.060419291257858276,0.0426766611635685,0.025088315829634666,0.01969204470515251,4.875876426696777
img_0100,resnet50,garter snake,thunder snake,night snake,king snake,sidewinder,0.3451095521450043,0.08490373939275742,0.02619941160082817,0.017520878463983536,0.007928187027573586,4.665040969848633
img_0101,resnet50,barn spider,wolf spider,harvestman,black widow,garden spider,0.4761359989643097,0.07652202248573303,0.05642379820346832,0.02083839662373066,0.017513448372483253,3.58870267868042
img_0102,resnet50,leopard,jaguar,cheetah,snow leopard,dalmatian,0.40335214138031006,0.03285150229930878,0.010459035634994507,0.002798565197736025,0.001998092047870159,4.659865856170654
img_0103,resnet50,stingray,electric ray,hammerhead,sandbar,tiger shark,0.3417932987213135,0.06128016114234924,0.0011994490632787347,0.0010704647284001112,0.0010199493262916803,4.961897373199463
img_0104,resnet50,snail,slug,conch,nematode,drumstick,0.4574151039123535,0.005201925523579121,0.001488921814598143,0.0009418063564226031,0.0009358469978906214,4.419943809509277
img_0105,resnet50,tree frog,tailed frog,meat loaf,bullfrog,European fire salamander,0.2695489525794983,0.0670960396528244,0.002451143693178892,0.002184354467317462,0.0014395464677363634,5.37556791305542
img_0106,resnet50,acorn,lycaenid,ringlet,bee,cabbage butterfly,0.10397384315729141,0.03551377356052399,0.019083553925156593,0.016612492501735687,0.015364044345915318,5.928241729736328
img_0107,resnet50,ladybug,leaf beetle,daisy,bee,fly,0.402776837348938,0.026722129434347153,0.0037678617518395185,0.0016205370193347335,0.0014100109692662954,4.707869052886963
img_0108,resnet50,bow tie,military uniform,suit,cowboy hat,revolver,0.12112770229578018,0.10773321241140366,0.05354054272174835,0.04561711102724075,0.02080361172556877,5.355928421020508
img_0109,resnet50,suit,Windsor tie,bow tie,wig,groom,0.24669195711612701,0.08263145387172699,0.019588395953178406,0.013306045904755592,0.009715916588902473,5.108936309814453
img_0110,resnet50,swimming trunks,maillot,maillot tank suit,bikini,sarong,0.23121421039104462,0.031413912773132324,0.027614600956439972,0.021973319351673126,0.014955264516174793,5.314352989196777
img_0111,resnet50,mountain bike,disk brake,crash helmet,malamute,unicycle,0.6045754551887512,0.02906022034585476,0.009144204668700695,0.0034911446273326874,0.001665283227339387,3.256462812423706
img_0112,resnet50,palace,dome,bell cote,mosque,seashore,0.19580194354057312,0.1324862241744995,0.04596521705389023,0.025986377149820328,0.023568620905280113,4.740385055541992
img_0113,resnet50,pedestal,binoculars,wing,sundial,parachute,0.24782094359397888,0.020144691690802574,0.014481366612017155,0.009991842322051525,0.007781655061990023,5.50190544128418
img_0114,resnet50,mask,breastplate,comic book,syringe,gasmask,0.14236438274383545,0.07328290492296219,0.04078808054327965,0.023884592577815056,0.018857400864362717,5.5411481857299805
img_0115,resnet50,lipstick,wig,hair slide,mask,hair spray,0.18930667638778687,0.11986152827739716,0.016412707045674324,0.015508918091654778,0.013633213005959988,5.219421863555908
img_0116,resnet50,wig,velvet,kimono,lipstick,maillot,0.23108124732971191,0.013850429095327854,0.011042525060474873,0.010681898333132267,0.010153001174330711,5.5445075035095215
img_0117,resnet50,mosque,dome,palace,monastery,obelisk,0.45485663414001465,0.00909634679555893,0.007750184740871191,0.002565742703154683,0.001828289357945323,4.390128135681152
img_0118,resnet50,oboe,cornet,French horn,sax,trombone,0.07712342590093613,0.02356730028986931,0.021249737590551376,0.01901097595691681,0.018679717555642128,5.975752353668213
img_0119,resnet50,ping-pong ball,trench coat,lab coat,cellular telephone,military uniform,0.02210947684943676,0.017627211287617683,0.01639830879867077,0.01577010005712509,0.014642041176557541,6.143661022186279
img_0120,resnet50,suit,Windsor tie,academic gown,kimono,wig,0.1364998072385788,0.03099733777344227,0.025547562167048454,0.013971595093607903,0.013944333419203758,5.879135608673096
img_0121,resnet50,bow tie,suit,Windsor tie,bassoon,oboe,0.3926345109939575,0.05590537190437317,0.03695119172334671,0.03553561493754387,0.03051418624818325,4.1527557373046875
img_0122,resnet50,hair spray,suit,wig,military uniform,microphone,0.04432922229170799,0.03927351534366608,0.03575894236564636,0.025456132367253304,0.025208745151758194,5.966785430908203
img_0123,resnet50,pier,suspension bridge,fireboat,promontory,container ship,0.18789881467819214,0.12322705239057541,0.0389268733561039,0.02374909073114395,0.022973494604229927,5.299507141113281
img_0124,resnet50,pier,airship,steel arch bridge,bow,sundial,0.04907308146357536,0.032308872789144516,0.024388017132878304,0.024103887379169464,0.019866080954670906,6.055939674377441
img_0125,resnet50,stupa,cliff dwelling,cliff,obelisk,triumphal arch,0.5403112173080444,0.04504987969994545,0.028412602841854095,0.020787104964256287,0.009260323829948902,3.4712038040161133
img_0126,resnet50,suit,Windsor tie,stage,bow tie,cornet,0.17957930266857147,0.10681363940238953,0.048712193965911865,0.026175808161497116,0.02597210742533207,4.9335432052612305
img_0127,resnet50,space shuttle,marimba,torch,airliner,missile,0.5266439318656921,0.00260375440120697,0.002088092966005206,0.0020437100902199745,0.0019105363171547651,3.924739360809326
img_0128,resnet50,pier,suspension bridge,fireboat,viaduct,steel arch bridge,0.534563422203064,0.036662809550762177,0.031237104907631874,0.0029454997275024652,0.002271664561703801,3.651203155517578
img_0129,resnet50,mosque,dome,palace,planetarium,monitor,0.2725410461425781,0.2641558349132538,0.06837291270494461,0.016821080818772316,0.009163343347609043,3.7577641010284424
img_0130,resnet50,space shuttle,dome,church,monastery,thatch,0.10594180971384048,0.031809501349925995,0.02462853118777275,0.022600412368774414,0.021189695224165916,6.068340301513672
img_0131,resnet50,castle,palace,monastery,valley,church,0.841178834438324,0.006876870058476925,0.003574648406356573,0.0029061685781925917,0.001861761324107647,1.4869341850280762
img_0132,resnet50,alp,valley,cliff,lakeside,stupa,0.19061239063739777,0.16431814432144165,0.043539974838495255,0.007093837019056082,0.006875582970678806,5.127463340759277
img_0133,resnet50,lakeside,seashore,promontory,cliff,valley,0.178981214761734,0.120632603764534,0.10813436657190323,0.036504559218883514,0.02222779020667076,4.891376495361328
img_0134,resnet50,ping-pong ball,stage,oboe,bassoon,flute,0.08569701761007309,0.037879567593336105,0.03342859819531441,0.027930639684200287,0.025233229622244835,5.682553291320801
img_0135,resnet50,suit,Windsor tie,bow tie,oboe,bassoon,0.1602601855993271,0.12727242708206177,0.07540641725063324,0.03479434549808502,0.026161756366491318,4.959343433380127
img_0136,resnet50,hand blower,punching bag,dumbbell,power drill,shower cap,0.21014408767223358,0.18329092860221863,0.060207292437553406,0.04319661855697632,0.023855436593294144,4.3149518966674805
img_0137,resnet50,sunglasses,sunglass,jersey,plunger,lens cap,0.1390714794397354,0.0646742433309555,0.01261135283857584,0.01047561876475811,0.008735627867281437,5.830987930297852
img_0138,resnet50,great grey owl,kite,bald eagle,tabby,ptarmigan,0.38195785880088806,0.056995172053575516,0.02734658308327198,0.021173113957047462,0.011738668195903301,4.405643939971924
img_0139,resnet50,hippopotamus,warthog,hog,Mexican hairless,water buffalo,0.09494838118553162,0.04906653240323067,0.04591403529047966,0.039272356778383255,0.03106699138879776,5.791089057922363
img_0140,resnet50,peacock,ear,European gallinule,wreck,lighter,0.4600581228733063,0.0012097755679860711,0.0012097755679860711,0.0009811422787606716,0.0009495637496002018,4.413461685180664
img_0141,resnet50,giant panda,limousine,indri,teddy,capuchin,0.4505723714828491,0.0036727783735841513,0.002096777316182852,0.0016297854017466307,0.001370407990179956,4.4663615226745605
img_0142,resnet50,Arabian camel,dowitcher,impala,llama,bustard,0.37886327505111694,0.0014795903116464615,0.0014008479192852974,0.0012905215844511986,0.0012698937207460403,4.943393707275391
img_0143,resnet50,jellyfish,corn,chambered nautilus,nematode,tick,0.7634512186050415,0.002531633712351322,0.0014312559505924582,0.0011796207400038838,0.0010803686454892159,2.165701389312744
img_0144,resnet50,grey fox,red fox,badger,kit fox,timber wolf,0.04814799875020981,0.03454450145363808,0.02669391967356205,0.024305090308189392,0.0212407223880291,6.183599472045898
img_0145,resnet50,loggerhead,leatherback turtle,terrapin,scuba diver,whiptail,0.20747755467891693,0.13929383456707,0.08854055404663086,0.013791958801448345,0.004157304298132658,4.986716270446777
img_0146,resnet50,racket,ballplayer,puck,football helmet,stethoscope,0.0895056426525116,0.046253886073827744,0.032290417701005936,0.023303382098674774,0.01928148791193962,5.860490322113037
img_0147,resnet50,ping-pong ball,pool table,laptop,Band Aid,mouse,0.057996638119220734,0.048838064074516296,0.029679695144295692,0.015886396169662476,0.013829324394464493,6.079553604125977
img_0148,resnet50,suit,Windsor tie,oboe,bassoon,groom,0.1544288843870163,0.12168703228235245,0.04028518497943878,0.03287980705499649,0.022247591987252235,5.215248107910156
img_0149,resnet50,suit,groom,Windsor tie,bow tie,notebook,0.208790585398674,0.11088784039020538,0.06912130862474442,0.027280593290925026,0.023981178179383278,4.8478007316589355
img_0150,resnet50,suit,Windsor tie,bow tie,oboe,lab coat,0.1116982251405716,0.018997671082615852,0.01692991331219673,0.012337899766862392,0.011124614626169205,6.0669355392456055
img_0151,resnet50,suit,Windsor tie,bolo tie,bow tie,oboe,0.14979156851768494,0.03368515521287918,0.0331629179418087,0.03139801695942879,0.023196710273623466,5.6885809898376465
img_0152,resnet50,oboe,drumstick,Band Aid,banjo,bow tie,0.026315366849303246,0.020414527505636215,0.017461471259593964,0.016990479081869125,0.014223828911781311,6.203036308288574
img_0153,resnet50,suit,bow tie,Windsor tie,bolo tie,groom,0.22992940247058868,0.19286511838436127,0.08262686431407928,0.039490241557359695,0.008828690275549889,4.29929256439209
img_0154,resnet50,sunglass,wig,sunglasses,bearskin,chain,0.283261775970459,0.16980533301830292,0.06807365268468857,0.012157350778579712,0.010138026438653469,4.252776622772217
img_0155,resnet50,jersey,drumstick,plunger,wig,microphone,0.023481739684939384,0.02020302787423134,0.013966921716928482,0.013966921716928482,0.013831190764904022,6.3243231773376465
img_0156,resnet50,anemone fish,coral reef,rock beauty,sea anemone,puffer,0.4875887334346771,0.024275612086057663,0.013777902349829674,0.01089921873062849,0.004687695298343897,4.078619956970215
img_0157,resnet50,flute,oboe,pajama,kimono,ocarina,0.10440315306186676,0.05311601981520653,0.047058191150426865,0.02558509260416031,0.014019474387168884,5.788163185119629
img_0158,resnet50,stage,microphone,mask,racket,ping-pong ball,0.15101216733455658,0.0747564435005188,0.05555427446961403,0.03278649225831032,0.026655230671167374,5.135567665100098
img_0159,resnet50,cheetah,leopard,jaguar,snow leopard,tiger cat,0.4140905439853668,0.012528897263109684,0.0040556383319199085,0.0016693139914423227,0.0015835646772757173,4.679900646209717
img_0160,resnet50,parachute,crash helmet,football helmet,snowmobile,cloak,0.11703547090291977,0.06000982224941254,0.051329124718904495,0.02069837413728237,0.02069837413728237,5.560911178588867
img_0161,resnet50,face powder,wig,lipstick,ski mask,brassiere,0.3984385132789612,0.07693969458341599,0.056070830672979355,0.01650988683104515,0.009858503937721252,4.118000507354736
img_0162,resnet50,punching bag,teddy,comic book,mask,soccer ball,0.0465339832007885,0.023216664791107178,0.02276761457324028,0.016527514904737473,0.01633496582508087,6.205445289611816
img_0163,resnet50,wig,lipstick,face powder,perfume,brassiere,0.211872398853302,0.02001754567027092,0.014056622050702572,0.014001820236444473,0.013811692595481873,5.524637222290039
img_0164,resnet50,prison,barbershop,bulletproof vest,whistle,crutch,0.11239537596702576,0.09689086675643921,0.053927890956401825,0.03454750403761864,0.01841985248029232,5.464677810668945
img_0165,resnet50,oboe,brassiere,French horn,hoopskirt,bassoon,0.0406264066696167,0.018098417669534683,0.018098417669534683,0.017405077815055847,0.015180978924036026,6.169105529785156
img_0166,resnet50,ping-pong ball,torch,lab coat,suit,ballplayer,0.06362006813287735,0.01669381558895111,0.015805386006832123,0.01543925516307354,0.014503838494420052,5.959164619445801
img_0167,resnet50,rock beauty,coral reef,balloon,goldfish,scuba diver,0.29682520031929016,0.15101242065429688,0.006926335860043764,0.0050575281493365765,0.0037621078081429005,4.738836288452148
img_0168,resnet50,shield,military uniform,comic book,bobsled,ski,0.23959258198738098,0.05537322536110878,0.026724493131041527,0.02041049487888813,0.012847620993852615,5.245269775390625
img_0169,resnet50,daisy,pot,vase,greenhouse,picket fence,0.2145625352859497,0.06938668340444565,0.05510421842336655,0.030431438237428665,0.022351255640387535,5.169842720031738
img_0170,resnet50,face powder,paintbrush,lipstick,drumstick,matchstick,0.13152115046977997,0.10609383136034012,0.05768221616744995,0.010504712350666523,0.005700169131159782,5.692689895629883
img_0171,resnet50,wool,sombrero,bearskin,wig,flute,0.049124982208013535,0.04687538370490074,0.041206106543540955,0.019087910652160645,0.01905066706240177,5.979480743408203
img_0172,resnet50,reflex camera,lens cap,ping-pong ball,tripod,Polaroid camera,0.4272807836532593,0.025114791467785835,0.007964701391756535,0.003316940739750862,0.003100799862295389,4.529515266418457
img_0173,resnet50,lipstick,pencil sharpener,face powder,rubber eraser,Band Aid,0.5125422477722168,0.013368467800319195,0.01300787553191185,0.012053838931024075,0.005660565569996834,3.9087576866149902
img_0174,resnet50,jeep,gar,pickup,limousine,barracouta,0.34519141912460327,0.02349057048559189,0.01399949099868536,0.009362171404063702,0.0069573745131492615,4.981468200683594
img_0175,resnet50,suit,Windsor tie,bow tie,military uniform,television,0.18328873813152313,0.15195170044898987,0.03443893417716026,0.013645455241203308,0.01098586618900299,5.06555700302124
img_0176,resnet50,street sign,traffic light,cab,minibus,obelisk,0.08986668288707733,0.08409281075000763,0.038802456110715866,0.03010156936943531,0.016112208366394043,5.6758198738098145
img_0177,resnet50,chimpanzee,orangutan,hippopotamus,warthog,gorilla,0.2806049585342407,0.05190670117735863,0.043880898505449295,0.02303345687687397,0.018946805968880653,4.923329830169678
img_0178,resnet50,suit,Windsor tie,banjo,bow tie,bolo tie,0.2025776356458664,0.03617857024073601,0.018990440294146538,0.015651648864150047,0.012650360353291035,5.54840087890625
img_0179,resnet50,comic book,piggy bank,punching bag,book jacket,breastplate,0.4943256974220276,0.0340358130633831,0.019621621817350388,0.009732397273182869,0.008005651645362377,3.8394241333007812
img_0180,resnet50,syringe,spotlight,oxygen mask,barbell,solar dish,0.05968550592660904,0.019953129813075066,0.017712054774165154,0.011752773076295853,0.011040708981454372,6.422004699707031
img_0181,resnet50,hook,safety pin,can opener,combination lock,trombone,0.35852140188217163,0.07087335735559464,0.05694834142923355,0.0492846854031086,0.03169652447104454,4.1231279373168945
img_0182,resnet50,goblet,red wine,wine bottle,corkscrew,beer glass,0.207265242934227,0.10922111570835114,0.059150975197553635,0.011693105101585388,0.005654416047036648,5.276259422302246
img_0183,resnet50,spatula,ladle,plate,chocolate sauce,wooden spoon,0.08708593249320984,0.038871243596076965,0.033313337713479996,0.007639267016202211,0.007433210499584675,6.24835205078125
img_0184,resnet50,stopwatch,digital watch,analog clock,magnetic compass,buckle,0.31160274147987366,0.04300259053707123,0.023062629625201225,0.007560816127806902,0.004405879881232977,5.138433456420898
img_0185,resnet50,mailbag,backpack,apron,purse,velvet,0.3970697820186615,0.05901915207505226,0.03916195407509804,0.021711932495236397,0.007159835658967495,4.375484466552734
img_0186,resnet50,dial telephone,pay-phone,radio,corkscrew,nematode,0.5087010264396667,0.002706164726987481,0.0017974205547943711,0.0017050907481461763,0.001253577065654099,4.071225166320801
img_0187,resnet50,space bar,computer keyboard,typewriter keyboard,desktop computer,mouse,0.26635703444480896,0.15967154502868652,0.08921843022108078,0.02010268159210682,0.014764999970793724,4.436212539672852
img_0188,resnet50,ping-pong ball,balloon,croquet ball,maraca,candle,0.36010074615478516,0.10520544648170471,0.06819159537553787,0.019084639847278595,0.008402854204177856,4.216756820678711
img_0189,resnet50,Band Aid,spatula,ice lolly,hand blower,hair slide,0.059018198400735855,0.04009000584483147,0.024221019819378853,0.023338666185736656,0.01765139028429985,5.95363712310791
img_0190,resnet50,Band Aid,ice lolly,ear,sunscreen,abacus,0.08028590679168701,0.05919911712408066,0.03181102126836777,0.026372265070676804,0.020299457013607025,5.767336845397949
img_0191,resnet50,Band Aid,seat belt,bow tie,ice lolly,bath towel,0.07115969806909561,0.04199635609984398,0.029090026393532753,0.023742588236927986,0.02278847247362137,5.701268196105957
img_0192,resnet50,cellular telephone,face powder,notebook,wool,wig,0.1588212549686432,0.10134804993867874,0.05510197952389717,0.05216950550675392,0.03599587827920914,4.463325500488281
img_0193,resnet50,soccer ball,tricycle,Band Aid,barrow,swing,0.06389597058296204,0.05660869553685188,0.028800170868635178,0.024730507284402847,0.023141587153077126,5.799691200256348
img_0194,resnet50,bow tie,suit,bolo tie,Windsor tie,oboe,0.04810182750225067,0.02883533015847206,0.021638887003064156,0.015314328484237194,0.010525373741984367,6.322943687438965
img_0195,resnet50,stethoscope,lab coat,face powder,brassiere,cellular telephone,0.05460219830274582,0.04670373350381851,0.04652165621519089,0.036515265703201294,0.032477349042892456,5.586150169372559
img_0196,resnet50,torch,maraca,cellular telephone,mortarboard,Band Aid,0.027941487729549408,0.01570439524948597,0.013995087705552578,0.013019402511417866,0.01187747623771429,6.37927770614624
img_0197,resnet50,French horn,hair spray,bikini,revolver,bubble,0.02494574710726738,0.020083658397197723,0.019126567989587784,0.017897699028253555,0.017654668539762497,6.028635501861572
img_0198,resnet50,picket fence,worm fence,barn,park bench,dogsled,0.15657249093055725,0.13763605058193207,0.03143903613090515,0.02829207107424736,0.01101460587233305,5.280403137207031
img_0199,resnet50,rapeseed,golf ball,lakeside,hay,stone wall,0.5758440494537354,0.01766281947493553,0.015226302668452263,0.014082027599215508,0.008675685152411461,3.3462140560150146
img_0200,resnet50,pier,boathouse,lakeside,seashore,sandbar,0.3349679708480835,0.06858661770820618,0.06519065797328949,0.0310354046523571,0.017787357792258263,4.304084300994873
img_0201,resnet50,cliff,cliff dwelling,stupa,megalith,monastery,0.3281630575656891,0.0955008938908577,0.024335790425539017,0.017290396615862846,0.008952637203037739,4.655806064605713
img_0202,resnet50,beacon,breakwater,picket fence,promontory,lifeboat,0.3388543725013733,0.011663097888231277,0.0027486702892929316,0.0025670514442026615,0.0023811000864952803,5.154017448425293
img_0203,resnet50,valley,alp,cliff,lakeside,dam,0.3096267879009247,0.2989305853843689,0.03077719360589981,0.02879977971315384,0.008817813359200954,3.495558261871338
img_0204,resnet50,coral reef,seashore,sandbar,promontory,lakeside,0.4891696572303772,0.06672114133834839,0.06122675910592079,0.056625500321388245,0.024164795875549316,3.3208985328674316
img_0205,resnet50,lakeside,dam,boathouse,valley,promontory,0.43701037764549255,0.14022359251976013,0.046060554683208466,0.030682945623993874,0.015129941515624523,3.4556355476379395
img_0206,resnet50,mailbag,stole,abaya,poncho,wool,0.1314316838979721,0.0743047371506691,0.06355620920658112,0.018067454919219017,0.017375299707055092,5.496787071228027
img_0207,resnet50,zebra,drumstick,tabby,nipple,carousel,0.3153243064880371,0.0015620271442458034,0.0013108706334605813,0.0012867719633504748,0.0012569640530273318,5.341309070587158
img_0208,resnet50,porcupine,beaver,quill,tick,baboon,0.46981143951416016,0.0013358107535168529,0.0011851976159960032,0.0011560479179024696,0.0011403501266613603,4.341485500335693
img_0209,resnet50,red fox,grey fox,kit fox,dhole,coyote,0.5101942420005798,0.04139138385653496,0.03391488641500473,0.009289939887821674,0.007493892684578896,3.7612171173095703
img_0210,resnet50,hartebeest,gazelle,impala,ox,zebra,0.09810691326856613,0.07434482872486115,0.05050111189484596,0.04875652864575386,0.027349933981895447,5.726417064666748
img_0211,resnet50,peacock,ear,American egret,sea urchin,wreck,0.5734875202178955,0.0011865763226523995,0.0008299832115881145,0.0008259404567070305,0.0007758992724120617,3.622978687286377
img_0212,resnet50,brambling,robin,partridge,water ouzel,goldfinch,0.46126532554626465,0.05175253748893738,0.005738826002925634,0.005380609072744846,0.005134212784469128,4.15441370010376
img_0213,resnet50,electric ray,stingray,killer whale,pitcher,hammerhead,0.3112580180168152,0.1978476345539093,0.05181363970041275,0.015557276085019112,0.005997864063829184,4.087183952331543
img_0214,resnet50,tabby,tiger cat,velvet,quilt,Egyptian cat,0.12574364244937897,0.11183871328830719,0.01932111196219921,0.016819290816783905,0.014842972159385681,5.650151252746582
img_0215,resnet50,magpie,jay,bulbul,Border collie,robin,0.3099992573261261,0.008967448025941849,0.00680876336991787,0.004611541051417589,0.003457259386777878,5.308191776275635
img_0216,resnet50,beach wagon,grille,passenger car,convertible,car wheel,0.3955226242542267,0.08999365568161011,0.029216665774583817,0.021085115149617195,0.017175590619444847,4.20824670791626
img_0217,resnet50,car wheel,sports car,beach wagon,grille,convertible,0.3627861440181732,0.13346156477928162,0.04118327796459198,0.031086768954992294,0.02587270364165306,3.948535919189453
img_0218,resnet50,sports car,racer,car wheel,convertible,beach wagon,0.31471702456474304,0.1104760691523552,0.05936501920223236,0.025632508099079132,0.023157041519880295,4.394951820373535
img_0219,resnet50,racer,sports car,car wheel,passenger car,beach wagon,0.4411550760269165,0.046316128224134445,0.04559806361794472,0.02670121192932129,0.008500947616994381,4.015354156494141
img_0220,resnet50,racer,sports car,car wheel,jeep,cab,0.1657252013683319,0.09045588225126266,0.049180012196302414,0.019109291955828667,0.01812768541276455,5.36854362487793
img_0221,resnet50,jeep,grille,pickup,cab,convertible,0.16729798913002014,0.15839456021785736,0.02481810562312603,0.02400759793817997,0.01777137629687786,5.117109298706055
img_0222,resnet50,grille,convertible,loudspeaker,minivan,sports car,0.19671085476875305,0.10325520485639572,0.05012638121843338,0.04858415201306343,0.045285411179065704,4.861311912536621
img_0223,resnet50,Model T,pickup,tow truck,car wheel,convertible,0.6609172224998474,0.011505755595862865,0.006951386574655771,0.006504763849079609,0.004038900136947632,2.885230541229248
img_0224,resnet50,cassette player,recreational vehicle,tape player,odometer,radio,0.28162291646003723,0.15983830392360687,0.06162315979599953,0.059031371027231216,0.04438549652695656,3.761866807937622
img_0225,resnet50,broccoli,plate,wok,meat loaf,hot pot,0.2610471546649933,0.07899531722068787,0.05471845716238022,0.01149203535169363,0.011313867755234241,4.960049629211426
img_0226,resnet50,bagel,French loaf,cheeseburger,meat loaf,burrito,0.14441880583763123,0.08932208269834518,0.08828144520521164,0.07610336691141129,0.03902192413806915,5.045543670654297
img_0227,resnet50,strawberry,Granny Smith,orange,lemon,ice cream,0.17698432505130768,0.0685005933046341,0.020327987149357796,0.014727743342518806,0.014414702542126179,5.673821926116943
img_0228,resnet50,burrito,meat loaf,cheeseburger,French loaf,butternut squash,0.16131722927093506,0.09336325526237488,0.03999848663806915,0.022003144025802612,0.010598543100059032,5.57182502746582
img_0229,resnet50,cucumber,zucchini,spaghetti squash,butternut squash,acorn squash,0.13908061385154724,0.1013568565249443,0.07532201707363129,0.0586608424782753,0.047319792211055756,4.700392246246338
img_0230,resnet50,ice cream,trifle,plate,chocolate sauce,strawberry,0.14167137444019318,0.10364899784326553,0.08865568786859512,0.05151079222559929,0.035264793783426285,5.215681552886963
img_0231,resnet50,trifle,confectionery,cup,Granny Smith,banana,0.11361554265022278,0.03332333266735077,0.03293510526418686,0.0158952996134758,0.012648110277950764,5.98224401473999
img_0232,resnet50,strawberry,trifle,banana,ice cream,tray,0.3881496787071228,0.037836186587810516,0.012307627126574516,0.009641517885029316,0.007732060272246599,4.622426509857178
img_0233,resnet50,French loaf,hamper,hotdog,bakery,plate,0.1110353171825409,0.04451320320367813,0.034938812255859375,0.030355365946888924,0.024438908323645592,5.598904132843018
img_0234,resnet50,suit,Windsor tie,bow tie,groom,torch,0.16025450825691223,0.12726792693138123,0.015319200232625008,0.013335572555661201,0.010487674735486507,5.403805255889893
img_0235,resnet50,bell cote,church,stupa,analog clock,palace,0.09585072100162506,0.08727307617664337,0.07671795040369034,0.04286709427833557,0.04220249876379967,5.220699310302734
img_0236,resnet50,lakeside,seashore,breakwater,castle,airship,0.10306914150714874,0.06865885108709335,0.035619743168354034,0.023223521187901497,0.021436339244246483,5.686561107635498
img_0237,resnet50,alp,airship,lakeside,seashore,airliner,0.09030814468860626,0.08254832774400711,0.060393646359443665,0.04216155782341957,0.03060600906610489,5.512906551361084
img_0238,resnet50,pier,paddlewheel,container ship,seashore,steel arch bridge,0.10598470270633698,0.05226168781518936,0.0278102345764637,0.026381678879261017,0.020869625732302666,5.956869125366211
img_0239,resnet50,pier,fireboat,suspension bridge,container ship,liner,0.4785190224647522,0.08282995223999023,0.00895471591502428,0.005378528032451868,0.004511517006903887,3.8632967472076416
img_0240,resnet50,pier,fireboat,promontory,suspension bridge,container ship,0.2225872427225113,0.060851965099573135,0.05806535482406616,0.05584090203046799,0.021528584882616997,5.177378177642822
img_0241,resnet50,suspension bridge,valley,cliff,worm fence,trailer truck,0.08009886741638184,0.048016417771577835,0.034182000905275345,0.025801928713917732,0.021224085241556168,5.912220478057861
img_0242,resnet50,thatch,hartebeest,Arabian camel,alp,tile roof,0.0752699002623558,0.030650312080979347,0.0301162451505661,0.02173432521522045,0.019031211733818054,6.0734405517578125
img_0243,resnet50,megalith,obelisk,brass,hook,castle,0.41866686940193176,0.0016326436307281256,0.0015270014991983771,0.0013917092001065612,0.0013383935438469052,4.679365158081055
img_0244,resnet50,volcano,cliff,valley,alp,wing,0.21433725953102112,0.12212569266557693,0.10324264317750931,0.045992955565452576,0.011927884072065353,4.737173080444336
img_0245,resnet50,cliff,cliff dwelling,coral fungus,valley,seashore,0.680255651473999,0.05806314945220947,0.011613359674811363,0.004005638882517815,0.0038823981303721666,2.4628515243530273
img_0246,resnet50,geyser,dam,promontory,valley,seashore,0.056851308792829514,0.05156189575791359,0.03509354963898659,0.03355196490883827,0.028980150818824768,6.166871070861816
img_0247,resnet50,bell cote,church,castle,vault,monastery,0.25595545768737793,0.07107625901699066,0.07052314281463623,0.024277128279209137,0.018505172803997993,4.815554618835449
img_0248,resnet50,cliff,pedestal,megalith,monastery,fountain,0.06577366590499878,0.04664051532745361,0.02747214585542679,0.02616295777261257,0.02580769546329975,5.767233848571777
img_0249,resnet50,monastery,palace,dome,church,castle,0.09550461918115616,0.0856097862124443,0.07674011588096619,0.055273834615945816,0.019979795441031456,5.545650482177734
img_0250,resnet50,matchstick,jellyfish,paper towel,toilet tissue,nail,0.19080904126167297,0.045498501509428024,0.02567233145236969,0.023102596402168274,0.02208775095641613,5.418959617614746
img_0251,resnet50,schooner,yawl,liner,fireboat,catamaran,0.18026691675186157,0.07086983323097229,0.041176848113536835,0.025417914614081383,0.0220834668725729,5.3034162521362305
img_0252,resnet50,book jacket,cloak,mask,bow tie,Band Aid,0.08746903389692307,0.026160575449466705,0.017056291922926903,0.014251066371798515,0.013519017025828362,6.056647777557373
img_0253,resnet50,flagpole,tank,half track,military uniform,pole,0.3923616111278534,0.08452333509922028,0.04200584813952446,0.015912512317299843,0.015574289485812187,4.174242973327637
img_0254,resnet50,hair spray,hand blower,perfume,brassiere,bikini,0.09757616370916367,0.07308116555213928,0.03631939738988876,0.03230314329266548,0.01742623746395111,5.545008659362793
img_0255,resnet50,basketball,maillot,knee pad,brassiere,pole,0.48004770278930664,0.003107586642727256,0.0022869196254760027,0.0016232533380389214,0.001581012038514018,4.253937721252441
img_0256,resnet50,notebook,screen,laptop,modem,space bar,0.3655215799808502,0.03719480335712433,0.03256886079907417,0.03071535937488079,0.0244884192943573,4.448184967041016
img_0257,resnet50,basketball,maillot,ballplayer,jersey,racket,0.14407365024089813,0.053209174424409866,0.045690350234508514,0.03202184662222862,0.02613546885550022,5.3431196212768555
img_0258,resnet50,Saluki,groenendael,giant schnauzer,whippet,Afghan hound,0.10978852957487106,0.01834750361740589,0.01703508011996746,0.013449563644826412,0.01212695986032486,6.224289894104004
img_0259,resnet50,redbone,black-and-tan coonhound,Walker hound,bloodhound,basset,0.09479694813489914,0.0690845400094986,0.06722110509872437,0.060966890305280685,0.04477890580892563,5.0300068855285645
img_0260,resnet50,horse cart,sorrel,moving van,jeep,tow truck,0.14516514539718628,0.0634179562330246,0.03571348264813423,0.02157687209546566,0.01398560032248497,5.552482604980469
img_0261,resnet50,ox,ibex,sorrel,oxcart,ram,0.07257719337940216,0.032841138541698456,0.02478979341685772,0.02039152756333351,0.02007538639008999,6.21567440032959
img_0262,resnet50,sorrel,barrel,cowboy hat,worm fence,picket fence,0.13285823166370392,0.04811806231737137,0.04793047159910202,0.042298488318920135,0.01858743466436863,5.708047389984131
img_0263,resnet50,breastplate,shield,throne,cuirass,shoe shop,0.12347527593374252,0.07879284769296646,0.053313907235860825,0.03810172900557518,0.03810172900557518,5.312563896179199
img_0264,resnet50,suit,Windsor tie,oboe,groom,notebook,0.4619733989238739,0.118644580245018,0.007083533797413111,0.00706971250474453,0.006693469360470772,3.7515196800231934
img_0265,resnet50,pickup,snowplow,jeep,car wheel,racer,0.16441333293914795,0.08139050006866455,0.06853767484426498,0.06095866858959198,0.051332347095012665,5.038460731506348
img_0266,resnet50,gown,jean,sarong,cloak,stole,0.048635151237249374,0.024937625974416733,0.024647094309329987,0.02279483713209629,0.02158171683549881,6.093052864074707
img_0267,resnet50,zebra,hartebeest,hyena,ostrich,prison,0.48935258388519287,0.0016053739236667752,0.0012588425306603312,0.0012106169015169144,0.0009282122482545674,4.212241172790527
img_0268,resnet50,crane,harvester,forklift,thresher,tractor,0.24560602009296417,0.07403293251991272,0.0625859722495079,0.05610170587897301,0.019050398841500282,4.838464260101318
img_0269,resnet50,pickup,tow truck,jeep,snowplow,limousine,0.268123060464859,0.05798567831516266,0.05321064963936806,0.03422144055366516,0.032910436391830444,4.894084453582764
img_0270,resnet50,trailer truck,tow truck,moving van,garbage truck,tractor,0.20015163719654083,0.015494444407522678,0.006115301046520472,0.004002687055617571,0.002157180104404688,5.961117744445801
img_0271,resnet50,moped,fire engine,motor scooter,beach wagon,oil filter,0.10757666826248169,0.04099130630493164,0.03911418095231056,0.031552135944366455,0.03022509627044201,5.456424713134766
img_0272,resnet50,jeep,pickup,car wheel,snowplow,golfcart,0.6335263848304749,0.013887499459087849,0.005622026976197958,0.004827595315873623,0.0036942234728485346,3.0859665870666504
img_0273,resnet50,ox,oxcart,plow,bison,water buffalo,0.4792456328868866,0.04371459782123566,0.005070224869996309,0.004707544110715389,0.00403444841504097,4.099737167358398
img_0274,resnet50,promontory,cliff,beacon,crane,steel arch bridge,0.17068074643611908,0.13035528361797333,0.040382180362939835,0.021279912441968918,0.017436135560274124,5.113113880157471
img_0275,resnet50,beach wagon,minivan,car wheel,sports car,grille,0.430801659822464,0.10434253513813019,0.0793796107172966,0.026797378435730934,0.010432695969939232,3.6400723457336426
img_0276,resnet50,steel arch bridge,tricycle,solar dish,crane,king crab,0.08062529563903809,0.027863357216119766,0.025769393891096115,0.024927817285060883,0.020665885880589485,6.0150957107543945
img_0277,resnet50,tank,half track,aircraft carrier,cassette,amphibian,0.17881204187870026,0.05265067145228386,0.0347999669611454,0.024676870554685593,0.013495425693690777,5.66063117980957
img_0278,resnet50,aircraft carrier,tank,snowmobile,warplane,space shuttle,0.3675224184989929,0.10529693961143494,0.019213486462831497,0.012308620847761631,0.011630830354988575,4.359625816345215
img_0279,resnet50,recreational vehicle,mobile home,minibus,passenger car,moving van,0.5131421089172363,0.04362843558192253,0.034378375858068466,0.011470421217381954,0.007761274930089712,3.6496217250823975
img_0280,resnet50,suit,bow tie,military uniform,microphone,sax,0.17116864025592804,0.07079842686653137,0.05428303778171539,0.02475569397211075,0.02236490696668625,5.12716007232666
img_0281,resnet50,chimpanzee,orangutan,mask,warthog,gorilla,0.09304682165384293,0.0777435302734375,0.038939494639635086,0.029107429087162018,0.02609173022210598,5.7476725578308105
img_0282,resnet50,cardigan,hair spray,toyshop,marimba,miniskirt,0.06532061100006104,0.03825029730796814,0.027658486738801003,0.017718691378831863,0.01632322371006012,6.02653169631958
img_0283,resnet50,wig,cellular telephone,syringe,burrito,crossword puzzle,0.02881312184035778,0.023288048803806305,0.0166432186961174,0.01566542312502861,0.01337320078164339,6.322549819946289
img_0284,resnet50,lab coat,seat belt,bow tie,oboe,suit,0.03554325923323631,0.02828226424753666,0.02215568721294403,0.022026250138878822,0.02151601016521454,6.08513069152832
img_0285,resnet50,sports car,convertible,car wheel,grille,pickup,0.4125675857067108,0.06037198007106781,0.0356297604739666,0.03181379660964012,0.030595028772950172,4.028707027435303
img_0286,resnet50,sports car,grille,car wheel,minivan,racer,0.4160786271095276,0.05289846286177635,0.051270946860313416,0.01700672134757042,0.013296687044203281,4.1954145431518555
img_0287,resnet50,brown bear,sloth bear,American black bear,wild boar,Arabian camel,0.31517720222473145,0.003169347532093525,0.002165532438084483,0.0014091389020904899,0.001300697447732091,5.340696811676025
img_0288,resnet50,grey whale,killer whale,great white shark,gar,seashore,0.6881777048110962,0.0037113321013748646,0.0025408142246305943,0.0024482542648911476,0.0010126419365406036,2.7518184185028076
img_0289,resnet50,jersey,hatchet,sunglasses,drumstick,sunglass,0.07633238285779953,0.0708722174167633,0.028026321902871132,0.02581905946135521,0.01952734775841236,5.827328681945801
img_0290,resnet50,pajama,Band Aid,tennis ball,wool,notebook,0.05283737927675247,0.027952317148447037,0.02590220794081688,0.022992949932813644,0.022504229098558426,6.07651424407959
img_0291,resnet50,notebook,stethoscope,drumstick,steel drum,pajama,0.041926540434360504,0.02538011223077774,0.020917925983667374,0.014546134509146214,0.013907154090702534,6.259532928466797
img_0292,resnet50,oil filter,radiator,electric fan,radio,screw,0.24656550586223602,0.08757288753986359,0.06767108291387558,0.05374175310134888,0.03429403528571129,4.212497234344482
img_0293,resnet50,bobsled,go-kart,racer,sports car,convertible,0.22913694381713867,0.07949753850698471,0.0511273629963398,0.04044507443904877,0.008346312679350376,5.161182403564453
img_0294,resnet50,sports car,racer,car wheel,convertible,grille,0.4124625027179718,0.14088255167007446,0.010165710002183914,0.0071524702943861485,0.0031987824477255344,4.028141975402832
img_0295,resnet50,paintbrush,face powder,drumstick,screwdriver,matchstick,0.36550477147102356,0.058057595044374466,0.013132727704942226,0.01076057180762291,0.006131188943982124,4.708916664123535
img_0296,resnet50,rapeseed,plow,confectionery,harvester,dishrag,0.06538545340299606,0.035549454391002655,0.03300655260682106,0.020735813304781914,0.017056815326213837,5.9892730712890625
img_0297,resnet50,bell cote,church,castle,stone wall,monastery,0.13709864020347595,0.08479461073875427,0.0728125348687172,0.037480682134628296,0.03193394094705582,5.353768825531006
img_0298,resnet50,lipstick,face powder,loupe,mask,Band Aid,0.1691637933254242,0.1257118582725525,0.015220820903778076,0.011444485746324062,0.010793178342282772,5.328979015350342
img_0299,resnet50,bulletproof vest,assault rifle,oxygen mask,military uniform,rifle,0.3259667158126831,0.11805731803178787,0.047699470072984695,0.03985439985990524,0.025332996621727943,4.232304573059082
img_0300,resnet50,puck,unicycle,stage,maze,balance beam,0.3129718601703644,0.015551547519862652,0.009827413596212864,0.00870660599321127,0.006173908244818449,5.211310863494873
img_0301,resnet50,racer,sports car,car wheel,pickup,dam,0.3174852728843689,0.0632534846663475,0.018697693943977356,0.009094747714698315,0.008627568371593952,4.968929290771484
img_0302,resnet50,cellular telephone,iPod,digital watch,tray,remote control,0.28944534063339233,0.07289792597293854,0.04688294604420662,0.00783492624759674,0.007520072627812624,4.956390380859375
img_0303,resnet50,puck,shovel,broom,rule,park bench,0.2109859436750412,0.028331635519862175,0.023718245327472687,0.015253948047757149,0.0111382519826293,5.67612361907959
img_0304,resnet50,volcano,valley,fire screen,geyser,lakeside,0.16986533999443054,0.04082214832305908,0.04018925875425339,0.038498952984809875,0.032546255737543106,5.4336628913879395
img_0305,resnet50,academic gown,military uniform,notebook,bulletproof vest,mortarboard,0.03715734928846359,0.02956661768257618,0.027775267139077187,0.0268681850284338,0.01671545021235943,6.009812355041504
img_0306,resnet50,bow tie,suit,military uniform,Windsor tie,oboe,0.1645984947681427,0.13806545734405518,0.04697440564632416,0.04227238893508911,0.03396682068705559,4.820865631103516
img_0307,resnet50,volcano,cannon,fountain,sea lion,torch,0.22134698927402496,0.04532206803560257,0.029607057571411133,0.018204787746071815,0.014742688275873661,5.211501121520996
img_0308,resnet50,disk brake,oil filter,screwdriver,moped,electric fan,0.35890132188796997,0.05130226910114288,0.03173011541366577,0.019320612773299217,0.01695076748728752,4.433295249938965
img_0309,resnet50,toyshop,shoe shop,reel,cannon,umbrella,0.08174929767847061,0.078311026096344,0.026128645986318588,0.026026777923107147,0.02342156693339348,5.645502090454102
img_0310,resnet50,oxygen mask,gasmask,crash helmet,drilling platform,rifle,0.6522378921508789,0.06114339455962181,0.014466210268437862,0.007713016588240862,0.00717529421672225,2.598580837249756
img_0311,resnet50,bulletproof vest,assault rifle,rifle,comic book,gasmask,0.23519624769687653,0.18678374588489532,0.11919165402650833,0.030136369168758392,0.02701406739652157,3.869955062866211
img_0312,resnet50,maillot tank suit,maillot,bikini,pole,hay,0.2200634628534317,0.08996175974607468,0.07755188643932343,0.024787072092294693,0.024498293176293373,4.726719856262207
img_0313,resnet50,envelope,comic book,pencil box,bib,Band Aid,0.08671880513429642,0.06295109540224075,0.04481372982263565,0.04446498304605484,0.033827174454927444,5.506803512573242
img_0314,resnet50,mountain bike,bow,alp,ski,projectile,0.04476822912693024,0.03653876483440399,0.02834547869861126,0.0279060211032629,0.022118637338280678,6.009522914886475
img_0315,resnet50,king crab,rock crab,fiddler crab,scuba diver,Dungeness crab,0.1473645269870758,0.057483792304992676,0.038743842393159866,0.030173733830451965,0.02085995301604271,5.512326240539551
img_0316,resnet50,rock beauty,coral reef,scuba diver,anemone fish,puffer,0.2273946851491928,0.10012052208185196,0.02304905466735363,0.02199356071650982,0.006866724696010351,5.207486152648926
img_0317,resnet50,street sign,barbershop,puck,parking meter,tobacco shop,0.33091145753860474,0.039676420390605927,0.03302164748311043,0.024732070043683052,0.0150300869718194,4.566269397735596
img_0318,resnet50,comic book,laptop,television,pencil box,iron,0.18794819712638855,0.029048850759863853,0.02676105499267578,0.026141135022044182,0.0224910955876112,5.292520523071289
img_0319,resnet50,fur coat,sarong,stole,maillot tank suit,maillot,0.09856686741113663,0.0268941018730402,0.01621679961681366,0.012828544713556767,0.012679086066782475,6.139817714691162
img_0320,resnet50,liner,planetarium,dock,mosque,container ship,0.24339628219604492,0.008762420155107975,0.005472683813422918,0.005408924538642168,0.0053354776464402676,5.7120890617370605
img_0321,resnet50,radio telescope,steel arch bridge,solar dish,paddlewheel,drilling platform,0.23809628188610077,0.03948023170232773,0.037819746881723404,0.021931182593107224,0.00961852353066206,5.418657302856445
img_0322,resnet50,lab coat,Windsor tie,bow tie,suit,oboe,0.055433109402656555,0.02787351794540882,0.02712167613208294,0.02412251941859722,0.018315637484192848,6.05728816986084
img_0323,resnet50,cuirass,thatch,fountain,mask,prison,0.0771140307188034,0.023289894685149193,0.018387876451015472,0.018387876451015472,0.01693970523774624,6.02638053894043
img_0324,resnet50,slot,loudspeaker,stage,scoreboard,spotlight,0.5138622522354126,0.0018824614817276597,0.0018352663610130548,0.0016259558033198118,0.001480449573136866,4.02696418762207
img_0325,resnet50,street sign,restaurant,toyshop,traffic light,tobacco shop,0.08657445013523102,0.02676718309521675,0.022496245801448822,0.022147472947835922,0.021215980872511864,6.069477081298828
img_0326,resnet50,brassiere,bikini,maillot,gown,maillot tank suit,0.13779783248901367,0.07882213592529297,0.07669604569673538,0.029110534116625786,0.02032242715358734,5.363290786743164
img_0327,resnet50,palace,bell cote,fountain,mosque,obelisk,0.42157551646232605,0.03354033827781677,0.019373783841729164,0.01625075750052929,0.009703771211206913,4.320419788360596
img_0328,resnet50,pizza,trifle,French loaf,hognose snake,Dutch oven,0.7119706869125366,0.0013637308729812503,0.0012587839737534523,0.0010569014120846987,0.0010364589979872108,2.5798845291137695
img_0329,resnet50,soccer ball,golf ball,whistle,Tibetan terrier,croquet ball,0.5255063772201538,0.0010425880318507552,0.0010314482497051358,0.0010284308809787035,0.000987102510407567,3.9603490829467773
img_0330,resnet50,maillot,ping-pong ball,rugby ball,horizontal bar,mountain bike,0.13730782270431519,0.08761975914239883,0.02656639739871025,0.023307792842388153,0.020892972126603127,5.530642509460449
img_0331,resnet50,ballplayer,ping-pong ball,racket,rugby ball,tennis ball,0.07885567098855972,0.07763312757015228,0.03996210917830467,0.03338959068059921,0.031122522428631783,5.542834281921387
img_0332,resnet50,handkerchief,wool,volcano,velvet,coral reef,0.0733201876282692,0.06996261328458786,0.06521232426166534,0.05643656104803085,0.025239991024136543,5.5333662033081055
img_0333,resnet50,barbell,horizontal bar,volleyball,ballplayer,tennis ball,0.6525557637214661,0.010203119367361069,0.006549142766743898,0.004527606535702944,0.003602679120376706,2.9493768215179443
img_0334,resnet50,assault rifle,rifle,military uniform,revolver,bulletproof vest,0.17605046927928925,0.13340997695922852,0.1154567152261734,0.0090080127120018,0.005337070673704147,4.966557025909424
img_0335,resnet50,alp,valley,volcano,mountain bike,cliff,0.17480534315109253,0.1404600441455841,0.0687226802110672,0.036073122173547745,0.030614860355854034,4.996886730194092
img_0336,resnet50,meat loaf,plate,mashed potato,French loaf,zucchini,0.3375263214111328,0.03861631080508232,0.0383157953619957,0.02892228029668331,0.01123798731714487,4.757040977478027
img_0337,resnet50,pedestal,fountain,brass,flagpole,sundial,0.24363292753696442,0.05674862861633301,0.008484498597681522,0.00651800911873579,0.006479929201304913,5.385598182678223
img_0338,resnet50,triumphal arch,monastery,palace,vault,bell cote,0.11399099230766296,0.09450184553861618,0.07417535781860352,0.028263980522751808,0.021376481279730797,5.607540130615234
img_0339,resnet50,seashore,sandbar,promontory,lakeside,bikini,0.6999292969703674,0.05251692980527878,0.01402474194765091,0.00600844994187355,0.00449134036898613,2.336221218109131
img_0340,resnet50,burrito,plate,potpie,guacamole,corn,0.5586411952972412,0.007663317024707794,0.005329000297933817,0.004469973035156727,0.002827448071911931,3.681596040725708
img_0341,resnet50,palace,dome,church,fountain,jigsaw puzzle,0.38249003887176514,0.13691480457782745,0.034617483615875244,0.0069239321164786816,0.005487989634275436,4.087276458740234
img_0342,resnet50,football helmet,rugby ball,ballplayer,basketball,puck,0.20123063027858734,0.013455306179821491,0.008370923809707165,0.00789453275501728,0.006647862959653139,5.919252872467041
img_0000,convnext_tiny,maillot,brassiere,maillot tank suit,bikini,sarong,0.15485942363739014,0.1500948965549469,0.12838296592235565,0.07756463438272476,0.043340183794498444,4.215144634246826
img_0001,convnext_tiny,microphone,face powder,hand blower,lipstick,hair spray,0.8828171491622925,0.018322285264730453,0.00973089225590229,0.0043860566802322865,0.003855591407045722,0.9494650959968567
img_0002,convnext_tiny,fur coat,brassiere,hair spray,wig,maillot,0.24866215884685516,0.0417182594537735,0.034585654735565186,0.02768200822174549,0.02233017608523369,4.705480575561523
img_0003,convnext_tiny,suit,Windsor tie,bolo tie,neck brace,bow tie,0.27176886796951294,0.23154997825622559,0.058089397847652435,0.030254334211349487,0.02265945076942444,3.7766661643981934
img_0004,convnext_tiny,cowboy hat,sombrero,harmonica,pencil sharpener,lighter,0.629972517490387,0.164338156580925,0.012044942937791348,0.008709602989256382,0.004518482368439436,2.1431679725646973
img_0005,convnext_tiny,cowboy hat,sombrero,accordion,banjo,flute,0.4844580888748169,0.12490609288215637,0.06505405157804489,0.03335639834403992,0.016642127186059952,2.9967947006225586
img_0006,convnext_tiny,bow tie,suit,bassoon,oboe,cornet,0.7418172955513,0.029792577028274536,0.017175396904349327,0.010832387022674084,0.0076663256622850895,2.065337896347046
img_0007,convnext_tiny,hammer,microphone,Band Aid,suit,bassoon,0.14639374613761902,0.07928259670734406,0.043613310903310776,0.04129225015640259,0.037744175642728806,4.540841102600098
img_0008,convnext_tiny,Windsor tie,suit,oboe,bassoon,ping-pong ball,0.33717358112335205,0.21099784970283508,0.04220221936702728,0.029577210545539856,0.017592504620552063,3.4493627548217773
img_0009,convnext_tiny,Windsor tie,suit,oboe,bolo tie,sax,0.45296841859817505,0.2224906086921692,0.027523526921868324,0.008728587999939919,0.008041152730584145,3.011113166809082
img_0010,convnext_tiny,Windsor tie,suit,bolo tie,notebook,bow tie,0.4669947624206543,0.24417388439178467,0.028598356992006302,0.009087182581424713,0.008842071518301964,2.7900352478027344
img_0011,convnext_tiny,Windsor tie,suit,flagpole,bow tie,parachute,0.18490052223205566,0.1663924604654312,0.14288005232810974,0.049960073083639145,0.01465324405580759,4.268125057220459
img_0012,convnext_tiny,German shepherd,malinois,bulletproof vest,Leonberg,dingo,0.7459025979042053,0.04291091859340668,0.01106356829404831,0.007968788966536522,0.005339553114026785,2.0134506225585938
img_0013,convnext_tiny,suit,Windsor tie,bow tie,oboe,bassoon,0.4705328643321991,0.09265341609716415,0.08113003522157669,0.03832311928272247,0.024840107187628746,3.0414907932281494
img_0014,convnext_tiny,bow tie,suit,oboe,bassoon,bolo tie,0.3026867210865021,0.11178803443908691,0.011874783784151077,0.009430492296814919,0.0076519763097167015,4.8256120681762695
img_0015,convnext_tiny,ping-pong ball,bow tie,pick,shower cap,Band Aid,0.06856416910886765,0.05574227496981621,0.05445100739598274,0.04621196910738945,0.04273908585309982,5.19790506362915
img_0016,convnext_tiny,microphone,syringe,pick,safety pin,lipstick,0.5862644910812378,0.05804804712533951,0.03733251988887787,0.02918838895857334,0.02506386861205101,2.5433168411254883
img_0017,convnext_tiny,suit,Windsor tie,gown,bow tie,overskirt,0.29262736439704895,0.18673327565193176,0.036199893802404404,0.034542180597782135,0.027432061731815338,3.871198892593384
img_0018,convnext_tiny,iPod,cellular telephone,hand-held computer,stopwatch,stage,0.6832794547080994,0.08892928063869476,0.00789292249828577,0.003999938722699881,0.0029783130157738924,2.2919020652770996
img_0019,convnext_tiny,plunger,revolver,nipple,barbershop,microphone,0.10246932506561279,0.049744863063097,0.0437285415828228,0.030646922066807747,0.02377479523420334,5.228063106536865
img_0020,convnext_tiny,bow tie,Windsor tie,suit,stage,microphone,0.17265790700912476,0.10309874266386032,0.06787844002246857,0.0660475343465805,0.04927446320652962,4.2425923347473145
img_0021,convnext_tiny,basketball,maillot,jersey,whistle,maillot tank suit,0.7004333734512329,0.1246035099029541,0.008479375392198563,0.00681336922571063,0.003439385909587145,1.9331974983215332
img_0022,convnext_tiny,ballplayer,baseball,rugby ball,whistle,flute,0.6280574798583984,0.18710952997207642,0.02066764049232006,0.0051045469008386135,0.0037859755102545023,2.0051517486572266
img_0023,convnext_tiny,wig,brassiere,neck brace,hair spray,feather boa,0.3554784655570984,0.03398123383522034,0.02353811264038086,0.020772311836481094,0.012452260591089725,4.418752670288086
img_0024,convnext_tiny,sports car,convertible,car wheel,racer,pickup,0.1903483122587204,0.18739722669124603,0.18377265334129333,0.07425086200237274,0.06277021020650864,3.4455552101135254
img_0025,convnext_tiny,cuirass,tench,bulletproof vest,breastplate,coho,0.8117193579673767,0.008774159476161003,0.008774159476161003,0.007475676480680704,0.005058296024799347,1.6036683320999146
img_0026,convnext_tiny,notebook,hard disc,modem,iPod,laptop,0.49394285678863525,0.09244728088378906,0.0632903128862381,0.06279779225587845,0.05105424299836159,2.872850179672241
img_0027,convnext_tiny,suit,Windsor tie,mask,bow tie,wool,0.2766321003437042,0.09979891031980515,0.05279616266489029,0.05117179453372955,0.03067566640675068,4.146916389465332
img_0028,convnext_tiny,ice lolly,nipple,lipstick,bathtub,maraca,0.6672425270080566,0.1035311296582222,0.020070426166057587,0.014741308055818081,0.00580670265480876,2.1537070274353027
img_0029,convnext_tiny,jersey,hammer,oboe,bow tie,bassoon,0.5393030643463135,0.027379894629120827,0.01634928025305271,0.009743552654981613,0.009351999498903751,3.2838194370269775
img_0030,convnext_tiny,palace,dome,triumphal arch,bell cote,pedestal,0.8350959420204163,0.009097643196582794,0.008546445518732071,0.00812328141182661,0.004076671786606312,1.4244325160980225
img_0031,convnext_tiny,paintbrush,piggy bank,jigsaw puzzle,meat loaf,screwdriver,0.295666366815567,0.10583570599555969,0.04144585505127907,0.02218437008559704,0.020357519388198853,4.277488708496094
img_0032,convnext_tiny,fountain,palace,pier,obelisk,candle,0.8462286591529846,0.009400751441717148,0.0073499674908816814,0.005398397333920002,0.0046537090092897415,1.3044147491455078
img_0033,convnext_tiny,Windsor tie,lab coat,suit,bow tie,military uniform,0.2031051367521286,0.19917672872543335,0.10333152115345001,0.05487895756959915,0.011570854112505913,4.1685791015625
img_0034,convnext_tiny,Dutch oven,potpie,frying pan,French loaf,dough,0.6245109438896179,0.1283726841211319,0.06135375425219536,0.04401916265487671,0.0026435561012476683,2.0871694087982178
img_0035,convnext_tiny,pedestal,fireboat,schooner,sarong,pier,0.6843350529670715,0.020107721909880638,0.014653770253062248,0.01303333230316639,0.011866984888911247,2.271031379699707
img_0036,convnext_tiny,crash helmet,moped,motor scooter,stretcher,military uniform,0.41665250062942505,0.09517240524291992,0.07617504149675369,0.04323401302099228,0.017743201926350594,3.4674675464630127
img_0037,convnext_tiny,potter's wheel,mortar,quill,Band Aid,waffle iron,0.6633296012878418,0.03163623809814453,0.021743247285485268,0.013820848427712917,0.010721724480390549,2.4850261211395264
img_0038,convnext_tiny,suit,Windsor tie,lab coat,hand-held computer,notebook,0.4400998651981354,0.32961955666542053,0.009953648783266544,0.008887607604265213,0.008513806387782097,2.4350321292877197
img_0039,convnext_tiny,Windsor tie,suit,oboe,bassoon,cornet,0.6303721070289612,0.1778046190738678,0.007454443722963333,0.004076727665960789,0.003137969644740224,2.1424014568328857
img_0040,convnext_tiny,sorrel,worm fence,muzzle,bath towel,cowboy hat,0.49871835112571716,0.046207182109355927,0.005749718751758337,0.0045484015718102455,0.0038003318477422,3.905963659286499
img_0041,convnext_tiny,mixing bowl,bakery,spatula,plate,eggnog,0.21872243285179138,0.21449194848537445,0.10955177992582321,0.037127796560525894,0.031757090240716934,3.7695231437683105
img_0042,convnext_tiny,paddle,canoe,yawl,schooner,gondola,0.4772685170173645,0.12547942996025085,0.033904511481523514,0.010219822637736797,0.006235063076019287,3.4843244552612305
img_0043,convnext_tiny,valley,unicycle,jeep,cliff dwelling,Arabian camel,0.0836314782500267,0.05112289637327194,0.04897273704409599,0.04188860207796097,0.03379017114639282,5.539691925048828
img_0044,convnext_tiny,ox,oxcart,Great Dane,rapeseed,American Staffordshire terrier,0.8882544040679932,0.029806513339281082,0.0025690984912216663,0.0022017627488821745,0.0015102950856089592,0.9540286064147949
img_0045,convnext_tiny,German short-haired pointer,Staffordshire bullterrier,boxer,Norfolk terrier,toy terrier,0.3659422993659973,0.06408998370170593,0.049524903297424316,0.04781404882669449,0.035532381385564804,3.648146629333496
img_0046,convnext_tiny,strainer,eggnog,mixing bowl,caldron,consomme,0.4770047962665558,0.16040194034576416,0.066865473985672,0.050275932997465134,0.025879833847284317,2.596863031387329
img_0047,convnext_tiny,window screen,shower curtain,suit,mortarboard,prison,0.05389393866062164,0.04296799376606941,0.04116081818938255,0.023868625983595848,0.021312283352017403,5.792611122131348
img_0048,convnext_tiny,ballplayer,gasmask,oxygen mask,ski mask,assault rifle,0.2112700641155243,0.20718373358249664,0.10097328573465347,0.06393230706453323,0.01875128410756588,3.814955711364746
img_0049,convnext_tiny,space shuttle,missile,projectile,cauliflower,matchstick,0.7541410326957703,0.0030342198442667723,0.0018118155421689153,0.001092501450330019,0.0010861188638955355,2.230438232421875
img_0050,convnext_tiny,worm fence,alp,mountain bike,valley,cowboy boot,0.21199902892112732,0.12511557340621948,0.0680241659283638,0.03815809637308121,0.02602156065404415,4.323153495788574
img_0051,convnext_tiny,tabby,tiger cat,Egyptian cat,space heater,quilt,0.3511739671230316,0.23576705157756805,0.18650707602500916,0.02399122156202793,0.022188251838088036,2.6203389167785645
img_0052,convnext_tiny,golden retriever,tennis ball,soccer ball,Tibetan terrier,Rhodesian ridgeback,0.8127801418304443,0.01972152478992939,0.0039910501800477505,0.003808286739513278,0.0034204002004116774,1.6196484565734863
img_0053,convnext_tiny,lighter,cowboy hat,matchstick,Band Aid,candle,0.10814948379993439,0.051486872136592865,0.03947635367512703,0.03871281445026398,0.03826179355382919,5.285487174987793
img_0054,convnext_tiny,jersey,neck brace,sweatshirt,hair spray,abaya,0.44355252385139465,0.062176212668418884,0.029369963333010674,0.01816512830555439,0.015782136470079422,3.6891067028045654
img_0055,convnext_tiny,suit,bow tie,Windsor tie,oboe,Band Aid,0.31185010075569153,0.07436079531908035,0.044576648622751236,0.041712626814842224,0.03753730282187462,4.109872817993164
img_0056,convnext_tiny,Brabancon griffon,affenpinscher,Yorkshire terrier,sweatshirt,jersey,0.2480737566947937,0.11313364654779434,0.05261203274130821,0.01875939778983593,0.018360663205385208,4.571938514709473
img_0057,convnext_tiny,wig,brassiere,neck brace,stethoscope,stole,0.6400125026702881,0.023403696715831757,0.018441669642925262,0.012924748472869396,0.012824167497456074,2.549875259399414
img_0058,convnext_tiny,face powder,brassiere,wig,lipstick,neck brace,0.3357052505016327,0.13670100271701813,0.09693551808595657,0.06089811772108078,0.029679372906684875,3.396280527114868
img_0059,convnext_tiny,Windsor tie,suit,bow tie,microphone,groom,0.28699028491973877,0.13037121295928955,0.08158422261476517,0.0388399101793766,0.030485795810818672,3.984421968460083
img_0060,convnext_tiny,ping-pong ball,stethoscope,lemon,pick,puck,0.36209923028945923,0.06672048568725586,0.023148229345679283,0.020994532853364944,0.011414529755711555,4.290395736694336
img_0061,convnext_tiny,basketball,tennis ball,parallel bars,whistle,volleyball,0.951736569404602,0.0005233153351582587,0.00047185347648337483,0.00031524442601948977,0.0002984674065373838,0.518598198890686
img_0062,convnext_tiny,torch,lab coat,cellular telephone,Windsor tie,hand-held computer,0.324907124042511,0.1209355890750885,0.06372857838869095,0.027302462607622147,0.018764689564704895,3.9817118644714355
img_0064,convnext_tiny,dial telephone,Windsor tie,suit,handkerchief,coffee mug,0.43507635593414307,0.1468753218650818,0.06992313265800476,0.01635071262717247,0.01628696732223034,3.159982919692993
img_0065,convnext_tiny,monitor,desktop computer,screen,notebook,desk,0.22079919278621674,0.18376539647579193,0.08545884490013123,0.0754171684384346,0.05203627794981003,3.5613455772399902
img_0066,convnext_tiny,rubber eraser,dumbbell,hotdog,sunscreen,Band Aid,0.15706217288970947,0.14300674200057983,0.0805334746837616,0.06471046805381775,0.03924887999892235,4.310276985168457
img_0067,convnext_tiny,plate,burrito,cucumber,guacamole,hotdog,0.3979920446872711,0.17050689458847046,0.09677314758300781,0.08640868961811066,0.03940654918551445,2.7195122241973877
img_0068,convnext_tiny,cowboy hat,mortarboard,sombrero,military uniform,academic gown,0.6625422835350037,0.03841423615813255,0.02877093479037285,0.022494522854685783,0.01595100574195385,2.3996622562408447
img_0069,convnext_tiny,Windsor tie,suit,wig,bow tie,bolo tie,0.07290442287921906,0.07177414000034332,0.06383724510669708,0.028773702681064606,0.023030180484056473,5.282855987548828
img_0070,convnext_tiny,cardigan,Windsor tie,suit,wool,barbell,0.15936179459095,0.0801321417093277,0.05839736759662628,0.03697490692138672,0.02890879288315773,4.836662292480469
img_0071,convnext_tiny,necklace,vase,loudspeaker,safety pin,hook,0.7948036193847656,0.0708189308643341,0.005418471526354551,0.0038422716315835714,0.00302763725630939,1.4609944820404053
img_0072,convnext_tiny,fire engine,tow truck,fireboat,dalmatian,stretcher,0.8579434156417847,0.0012823300203308463,0.0010925588430836797,0.0006086947396397591,0.0005602085147984326,1.3763327598571777
img_0073,convnext_tiny,pot,greenhouse,bee,daisy,sulphur butterfly,0.11249414086341858,0.10526646673679352,0.07731601595878601,0.056786999106407166,0.05397527664899826,4.721811294555664
img_0074,convnext_tiny,acoustic guitar,electric guitar,pick,face powder,toilet seat,0.7875722050666809,0.00846340786665678,0.0033337948843836784,0.0017809701384976506,0.0017295501893386245,1.9235129356384277
img_0075,convnext_tiny,bow,wool,overskirt,velvet,cloak,0.49792757630348206,0.1081058531999588,0.04087238386273384,0.03537210077047348,0.034017015248537064,3.1179685592651367
img_0076,convnext_tiny,sombrero,cowboy hat,acoustic guitar,maraca,banjo,0.752487301826477,0.02044861949980259,0.019060209393501282,0.014556994661688805,0.01330617070198059,1.8505277633666992
img_0077,convnext_tiny,hair slide,hook,whistle,corkscrew,buckle,0.4587728679180145,0.14778266847133636,0.024124857038259506,0.021457092836499214,0.016841866075992584,3.1985974311828613
img_0078,convnext_tiny,Windsor tie,suit,bolo tie,television,notebook,0.41087111830711365,0.3583681583404541,0.006865320261567831,0.003957852255553007,0.0035826119128614664,2.5754833221435547
img_0079,convnext_tiny,suit,bow tie,Windsor tie,lab coat,oboe,0.26315200328826904,0.2580621838569641,0.1030518040060997,0.041312672197818756,0.01826091669499874,3.28377628326416
img_0080,convnext_tiny,hair slide,wig,face powder,shower cap,neck brace,0.40715306997299194,0.06317495554685593,0.042579662054777145,0.02937908098101616,0.029150454327464104,3.60101318359375
img_0081,convnext_tiny,ox,gazelle,bighorn,impala,water buffalo,0.4109612703323364,0.21320389211177826,0.03974807634949684,0.03763272240757942,0.030238743871450424,2.970202922821045
img_0082,convnext_tiny,seat belt,car mirror,sunglass,sunglasses,minivan,0.3051600456237793,0.2640939950942993,0.09091262519359589,0.049816008657217026,0.015614190138876438,3.225940227508545
img_0083,convnext_tiny,banjo,oboe,stage,acoustic guitar,wig,0.09897062927484512,0.06775625795125961,0.052975162863731384,0.04861273989081383,0.035985078662633896,4.901655197143555
img_0084,convnext_tiny,assault rifle,rifle,prairie chicken,black grouse,revolver,0.12052810937166214,0.10309315472841263,0.020339934155344963,0.013709031976759434,0.012753289192914963,5.550899982452393
img_0085,convnext_tiny,Band Aid,paintbrush,groom,harmonica,ice lolly,0.08931687474250793,0.0671570673584938,0.055675163865089417,0.047807879745960236,0.046700410544872284,5.001255989074707
img_0086,convnext_tiny,coral reef,brain coral,sea anemone,coral fungus,velvet,0.31746554374694824,0.28235968947410583,0.037915851920843124,0.0313107967376709,0.025957563892006874,3.3266451358795166
img_0087,convnext_tiny,tiger,tiger cat,lynx,jaguar,tabby,0.7478644251823425,0.1264539211988449,0.0009431220241822302,0.0008004173287190497,0.0006539198802784085,1.59739089012146
img_0088,convnext_tiny,rocking chair,drum,cradle,drumstick,electric guitar,0.3392687439918518,0.1376134753227234,0.030705716460943222,0.026782000437378883,0.014363398775458336,3.926821231842041
img_0089,convnext_tiny,lycaenid,ringlet,sulphur butterfly,cabbage butterfly,lacewing,0.6428835391998291,0.009314651601016521,0.007017348427325487,0.005015072878450155,0.001013910979963839,3.059157609939575
img_0090,convnext_tiny,microphone,bow tie,hair spray,wig,bassoon,0.12727245688438416,0.11498108506202698,0.06035454943776131,0.04830717667937279,0.02709786966443062,4.744876384735107
img_0091,convnext_tiny,lab coat,beaker,notebook,laptop,printer,0.3812098503112793,0.04903668537735939,0.026350177824497223,0.023163290694355965,0.017621701583266258,4.0462775230407715
img_0092,convnext_tiny,macaque,patas,guenon,titi,langur,0.5308665633201599,0.1412161886692047,0.050549257546663284,0.03276478871703148,0.012387627735733986,2.783276319503784
img_0093,convnext_tiny,hare,wood rabbit,mink,fox squirrel,Angora,0.3671957850456238,0.28709161281585693,0.001625756616704166,0.0015407392056658864,0.0015006453031674027,3.4641387462615967
img_0094,convnext_tiny,analog clock,matchstick,magnetic compass,lighter,rule,0.22063304483890533,0.10022708028554916,0.07928615063428879,0.04277166724205017,0.03672773391008377,4.287955284118652
img_0095,convnext_tiny,coyote,red wolf,dhole,grey fox,timber wolf,0.7455962896347046,0.022339843213558197,0.009440828114748001,0.009008500725030899,0.005379221402108669,2.151810646057129
img_0096,convnext_tiny,bald eagle,kite,vulture,black grouse,magpie,0.7809836864471436,0.0025596003979444504,0.0010341720189899206,0.0008432426839135587,0.0005915597430430353,2.0219109058380127
img_0097,convnext_tiny,African elephant,tusker,Indian elephant,zebra,lion,0.43153658509254456,0.3048122525215149,0.053592801094055176,0.0011956385569646955,0.0009284401894547045,2.6443228721618652
img_0098,convnext_tiny,king penguin,killer whale,American coot,bulbul,ashcan,0.7662258148193359,0.0010008523240685463,0.0009112863335758448,0.0006752294139005244,0.0006287686992436647,2.147024393081665
img_0099,convnext_tiny,hammerhead,tiger shark,dugong,great white shark,killer whale,0.3269819915294647,0.24875478446483612,0.048601534217596054,0.03250231593847275,0.019256984815001488,3.5271425247192383
img_0100,convnext_tiny,garter snake,thunder snake,night snake,sidewinder,ringneck snake,0.5039470195770264,0.0917755663394928,0.051885202527046204,0.040725160390138626,0.025987805798649788,3.0558764934539795
img_0101,convnext_tiny,barn spider,harvestman,wolf spider,garden spider,black widow,0.5108740925788879,0.22937126457691193,0.048835959285497665,0.01124267652630806,0.007416455540806055,2.523775339126587
img_0102,convnext_tiny,leopard,jaguar,cheetah,snow leopard,patas,0.7093862295150757,0.06598319858312607,0.006833397783339024,0.0013654313515871763,0.0007864018552936614,2.2795636653900146
img_0103,convnext_tiny,stingray,electric ray,tiger shark,sandbar,hammerhead,0.4828506112098694,0.07639805972576141,0.0025288236793130636,0.0016763543244451284,0.001378931337967515,3.929748058319092
img_0104,convnext_tiny,snail,slug,conch,ear,violin,0.7858784198760986,0.0026834802702069283,0.001963276183232665,0.000538041815161705,0.0005056903464719653,1.9825177192687988
img_0105,convnext_tiny,tree frog,tailed frog,bullfrog,banded gecko,flatworm,0.5654004812240601,0.1607293337583542,0.002301654079928994,0.0014431541785597801,0.0011675611604005098,2.840423345565796
img_0106,convnext_tiny,mousetrap,umbrella,bow,marmoset,nematode,0.10551659017801285,0.08713528513908386,0.05243894085288048,0.023088552057743073,0.01914108172059059,5.226885795593262
img_0107,convnext_tiny,ladybug,leaf beetle,daisy,ground beetle,dung beetle,0.7365488409996033,0.0445801205933094,0.0026357376482337713,0.0024424244184046984,0.002159646013751626,2.179474115371704
img_0108,convnext_tiny,bow tie,suit,cowboy hat,military uniform,sax,0.48784205317497253,0.08411451429128647,0.06892096996307373,0.05803726986050606,0.012478112243115902,3.130784511566162
img_0109,convnext_tiny,Windsor tie,suit,hand-held computer,notebook,Band Aid,0.4190698266029358,0.23692059516906738,0.03633294999599457,0.016504986211657524,0.012313470244407654,2.9705581665039062
img_0110,convnext_tiny,sarong,swimming trunks,maillot tank suit,maillot,bikini,0.3478246331214905,0.13727839291095734,0.12745867669582367,0.10944787412881851,0.06586688756942749,2.822133779525757
img_0111,convnext_tiny,mountain bike,disk brake,unicycle,bicycle-built-for-two,crash helmet,0.90309739112854,0.012534522451460361,0.004522004630416632,0.0014424993423745036,0.000843047397211194,0.9103251695632935
img_0112,convnext_tiny,palace,dome,monastery,airship,sundial,0.34669092297554016,0.19753853976726532,0.047103151679039,0.027798891067504883,0.023684952408075333,3.3754570484161377
img_0113,convnext_tiny,pedestal,lakeside,seashore,alp,binoculars,0.5436508059501648,0.04978342726826668,0.047134000808000565,0.020834043622016907,0.01972527615725994,3.0028529167175293
img_0114,convnext_tiny,comic book,stage,syringe,mask,microphone,0.45224761962890625,0.09442667663097382,0.06489844620227814,0.03683385252952576,0.026221340522170067,3.0964245796203613
img_0115,convnext_tiny,wig,lipstick,mask,face powder,necklace,0.349886417388916,0.2969447374343872,0.04847489669919014,0.016237055882811546,0.015433103777468204,2.945692539215088
img_0116,convnext_tiny,lab coat,wig,necklace,lipstick,brassiere,0.273161917924881,0.10781073570251465,0.04709902033209801,0.04494220018386841,0.03799324855208397,3.976245164871216
img_0117,convnext_tiny,mosque,palace,dome,planetarium,gondola,0.7888631820678711,0.008411310613155365,0.006615020334720612,0.0014788962434977293,0.0012924381298944354,1.9119833707809448
img_0118,convnext_tiny,perfume,hair slide,brassiere,lipstick,wig,0.4805009663105011,0.0297723226249218,0.013764528557658195,0.01270526833832264,0.012194695882499218,3.662846565246582
img_0119,convnext_tiny,suit,cellular telephone,trench coat,military uniform,sweatshirt,0.06352893263101578,0.04814184084534645,0.04684330150485039,0.034004587680101395,0.02874680794775486,5.36306095123291
img_0120,convnext_tiny,academic gown,kimono,mortarboard,suit,stole,0.15392960608005524,0.11350058019161224,0.10579416900873184,0.0656890943646431,0.055315762758255005,4.40277624130249
img_0121,convnext_tiny,bow tie,suit,Windsor tie,oboe,bolo tie,0.7203835248947144,0.028594696894288063,0.014661903493106365,0.010315936990082264,0.007741385139524937,2.2622928619384766
img_0122,convnext_tiny,safety pin,oboe,suit,bassoon,hand blower,0.5700411796569824,0.057780198752880096,0.054705191403627396,0.0290537066757679,0.025143887847661972,2.6651010513305664
img_0123,convnext_tiny,pier,suspension bridge,promontory,fireboat,container ship,0.3663272559642792,0.3001577854156494,0.01956690289080143,0.013875012286007404,0.007722607813775539,3.236370325088501
img_0124,convnext_tiny,steel arch bridge,pier,lakeside,seashore,sundial,0.5628339052200317,0.04206577688455582,0.04125215485692024,0.028686368837952614,0.028241626918315887,2.782808303833008
img_0125,convnext_tiny,stupa,cliff,cliff dwelling,obelisk,megalith,0.3508230447769165,0.07155298441648483,0.027586130425333977,0.02152610383927822,0.015444223769009113,4.48110818862915
img_0126,convnext_tiny,Windsor tie,suit,bow tie,oboe,bassoon,0.33273735642433167,0.32757872343063354,0.028623512014746666,0.02851191908121109,0.02127118594944477,2.8651716709136963
img_0127,convnext_tiny,space shuttle,parallel bars,marimba,hog,steel drum,0.7815669178962708,0.004557478707283735,0.003353916807100177,0.0030837440863251686,0.002022368833422661,1.9741475582122803
img_0128,convnext_tiny,pier,suspension bridge,fireboat,container ship,promontory,0.8551890254020691,0.03328905627131462,0.00420750305056572,0.0018453162629157305,0.0018238177290186286,1.230985164642334
img_0129,convnext_tiny,planetarium,dome,mosque,palace,lakeside,0.4033294916152954,0.04507589340209961,0.04472510889172554,0.04267699643969536,0.03402506932616234,3.9444117546081543
img_0130,convnext_tiny,mobile home,beacon,planetarium,recreational vehicle,dome,0.34877175092697144,0.1874147206544876,0.06426475942134857,0.04068991169333458,0.032695263624191284,3.2940967082977295
img_0131,convnext_tiny,castle,monastery,palace,valley,alp,0.8450548648834229,0.012243883684277534,0.009424454532563686,0.004776081070303917,0.00371235772036016,1.3883616924285889
img_0132,convnext_tiny,valley,alp,cliff,maze,lakeside,0.4171932339668274,0.2570253014564514,0.08182994276285172,0.025349734351038933,0.014614103361964226,2.7208914756774902
img_0133,convnext_tiny,lakeside,seashore,promontory,valley,cliff,0.31092604994773865,0.09299296140670776,0.06341569125652313,0.05842127278447151,0.05796663463115692,4.044126987457275
img_0134,convnext_tiny,ping-pong ball,pick,harmonica,oboe,Band Aid,0.44106021523475647,0.04086504876613617,0.03245344012975693,0.031088488176465034,0.027542876079678535,3.4710755348205566
img_0135,convnext_tiny,Windsor tie,suit,bow tie,oboe,bassoon,0.29434362053871155,0.20229922235012054,0.12222231179475784,0.05661706253886223,0.020345767959952354,3.420586109161377
img_0136,convnext_tiny,punching bag,hand blower,shower cap,dial telephone,brassiere,0.39093974232673645,0.12349611520767212,0.057655803859233856,0.05374111980199814,0.021544400602579117,3.433663845062256
img_0137,convnext_tiny,syringe,sunglasses,sunglass,lipstick,hair spray,0.1457861214876175,0.059830501675605774,0.04587363451719284,0.0412818044424057,0.04064179211854935,4.675839424133301
img_0138,convnext_tiny,great grey owl,ruffed grouse,kite,prairie chicken,quail,0.41766899824142456,0.03621150180697441,0.029210640117526054,0.014716747216880322,0.010851448401808739,4.255084037780762
img_0139,convnext_tiny,hippopotamus,triceratops,hog,Indian elephant,Mexican hairless,0.2423022836446762,0.09525831043720245,0.06222837418317795,0.0593787282705307,0.05755183473229408,4.255539417266846
img_0140,convnext_tiny,peacock,European gallinule,hummingbird,indigo bunting,croquet ball,0.6167851090431213,0.0010184386046603322,0.0009488257928751409,0.0009000864811241627,0.0008878642693161964,3.2979955673217773
img_0141,convnext_tiny,giant panda,lesser panda,soccer ball,earthstar,teddy,0.792317807674408,0.0014795818133279681,0.0014090720796957612,0.0008364797104150057,0.000817102612927556,1.9290361404418945
img_0142,convnext_tiny,Arabian camel,muzzle,bottlecap,plane,llama,0.8258421421051025,0.000510549230966717,0.00046350047341547906,0.0004507781704887748,0.0004224342992529273,1.6569315195083618
img_0143,convnext_tiny,jellyfish,nematode,lampshade,electric ray,carbonara,0.8932614922523499,0.0008721784106455743,0.00044027529656887054,0.0003931215906050056,0.00030646254890598357,1.0689477920532227
img_0144,convnext_tiny,fox squirrel,polecat,grey fox,weasel,mink,0.18761225044727325,0.1068982407450676,0.07639672607183456,0.04875077307224274,0.04089222103357315,4.395603656768799
img_0145,convnext_tiny,leatherback turtle,loggerhead,terrapin,scuba diver,mud turtle,0.4077335298061371,0.27805009484291077,0.06036790460348129,0.004424584563821554,0.0017326921224594116,2.9680771827697754
img_0146,convnext_tiny,lab coat,stethoscope,accordion,Windsor tie,bow tie,0.3925509750843048,0.1020038053393364,0.059964947402477264,0.05312599614262581,0.018868807703256607,3.5823769569396973
img_0147,convnext_tiny,ping-pong ball,notebook,Band Aid,tub,laptop,0.9066873788833618,0.009206906892359257,0.004504650365561247,0.0036054765805602074,0.0031447524670511484,0.8334019184112549
img_0148,convnext_tiny,Windsor tie,suit,oboe,bow tie,bassoon,0.30850034952163696,0.2819921374320984,0.05277818813920021,0.03341706469655037,0.022788459435105324,3.250196933746338
img_0149,convnext_tiny,suit,Windsor tie,groom,notebook,hand-held computer,0.35933980345726013,0.13065361976623535,0.11175397038459778,0.028588896617293358,0.015302534215152264,3.5880630016326904
img_0150,convnext_tiny,suit,notebook,Windsor tie,stethoscope,bow tie,0.23488709330558777,0.05869685485959053,0.05407407879829407,0.0488518625497818,0.04129839688539505,4.575447082519531
img_0151,convnext_tiny,Windsor tie,suit,cornet,French horn,oboe,0.23018503189086914,0.1401607096195221,0.08304248005151749,0.04479805380105972,0.04393158107995987,3.930982828140259
img_0152,convnext_tiny,microphone,oboe,pick,Band Aid,banjo,0.06191576272249222,0.04840877279639244,0.04442238807678223,0.04140621796250343,0.0375538095831871,5.1708478927612305
img_0153,convnext_tiny,Windsor tie,bow tie,suit,bolo tie,groom,0.2661153972148895,0.16330976784229279,0.14244131743907928,0.015919165685772896,0.012016416527330875,3.879352569580078
img_0154,convnext_tiny,sunglass,sunglasses,wig,bulletproof vest,jersey,0.27641621232032776,0.2753385603427887,0.22826369106769562,0.013761952519416809,0.007001514546573162,2.721545457839966
img_0155,convnext_tiny,drumstick,mask,microphone,cloak,jersey,0.08134118467569351,0.07976790517568588,0.05858786031603813,0.05723067373037338,0.03430774807929993,4.928173065185547
img_0156,convnext_tiny,anemone fish,coral reef,sea anemone,rock beauty,scuba diver,0.6682231426239014,0.04322162643074989,0.02482009120285511,0.013028277084231377,0.002001857152208686,2.6050193309783936
img_0157,convnext_tiny,steel drum,pajama,oboe,flute,military uniform,0.3052474558353424,0.16726180911064148,0.05201809108257294,0.05121162533760071,0.032047417014837265,3.5735225677490234
img_0158,convnext_tiny,microphone,stage,mask,wig,electric guitar,0.187277689576149,0.16398581862449646,0.11270569264888763,0.031666167080402374,0.02928641438484192,4.09255838394165
img_0159,convnext_tiny,cheetah,leopard,gazelle,lynx,jaguar,0.8642064332962036,0.004588395822793245,0.001460821833461523,0.0014353676233440638,0.0010666747111827135,1.3075652122497559
img_0160,convnext_tiny,cloak,rugby ball,ballplayer,football helmet,parachute,0.22659258544445038,0.10537533462047577,0.09632085263729095,0.055312417447566986,0.05298604816198349,4.038904190063477
img_0161,convnext_tiny,face powder,lipstick,wig,ski mask,mask,0.707251250743866,0.10188920795917511,0.03974482789635658,0.00842917151749134,0.0065903388895094395,1.746694803237915
img_0162,convnext_tiny,ski mask,comic book,mask,punching bag,volleyball,0.1251104474067688,0.10092252492904663,0.09443832188844681,0.03393711894750595,0.025368133559823036,5.202463150024414
img_0163,convnext_tiny,wig,brassiere,lipstick,maillot,suit,0.19686241447925568,0.07769707590341568,0.055095475167036057,0.03420955687761307,0.03407618775963783,4.486247539520264
img_0164,convnext_tiny,trailer truck,prison,sunscreen,holster,bulletproof vest,0.13357552886009216,0.1220979169011116,0.07262375205755234,0.036517515778541565,0.03351035714149475,4.677797794342041
img_0165,convnext_tiny,perfume,brassiere,maillot,hair slide,hand blower,0.11656032502651215,0.06879046559333801,0.03582770377397537,0.03392098844051361,0.02981846034526825,5.1392903327941895
img_0166,convnext_tiny,suit,bow tie,torch,Windsor tie,cellular telephone,0.1001708060503006,0.06725149601697922,0.048629023134708405,0.048629023134708405,0.041757404804229736,5.104095935821533
img_0167,convnext_tiny,coral reef,rock beauty,scuba diver,goldfish,brain coral,0.7724882364273071,0.10828568786382675,0.003990800119936466,0.003952017519623041,0.0017743691569194198,1.468323826789856
img_0168,convnext_tiny,shield,military uniform,cuirass,comic book,academic gown,0.5752406716346741,0.03508990630507469,0.034545887261629105,0.031209608539938927,0.02337491512298584,2.8745603561401367
img_0169,convnext_tiny,pot,ant,bee,picket fence,ladybug,0.19317080080509186,0.09789419174194336,0.08844003826379776,0.04128940775990486,0.02417816035449505,4.518421649932861
img_0170,convnext_tiny,paintbrush,face powder,lipstick,ballpoint,microphone,0.7598434686660767,0.0614047646522522,0.02900555729866028,0.002495184075087309,0.002084804233163595,1.7608827352523804
img_0171,convnext_tiny,sombrero,chain,cowboy hat,cloak,wig,0.2709100842475891,0.09217251092195511,0.06587272882461548,0.06561591476202011,0.05904792994260788,3.8313732147216797
img_0172,convnext_tiny,reflex camera,lens cap,ping-pong ball,tripod,sunglass,0.9077557325363159,0.020133428275585175,0.001627030549570918,0.0009965281933546066,0.000567804672755301,0.8406983613967896
img_0173,convnext_tiny,lipstick,rubber eraser,ballpoint,face powder,pencil sharpener,0.3970763385295868,0.1124388799071312,0.0743175595998764,0.05008973553776741,0.025285277515649796,3.5943875312805176
img_0174,convnext_tiny,jeep,limousine,pickup,car wheel,sandbar,0.6998952031135559,0.010002986527979374,0.009771267883479595,0.0078514339402318,0.0023254170082509518,2.576198101043701
img_0175,convnext_tiny,suit,Windsor tie,bow tie,neck brace,military uniform,0.33475685119628906,0.3047995865345001,0.03125910460948944,0.029365211725234985,0.018592894077301025,3.0600414276123047
img_0176,convnext_tiny,street sign,cab,traffic light,scoreboard,library,0.12118416279554367,0.056797873228788376,0.03888438269495964,0.03873278573155403,0.02935147099196911,5.526416778564453
img_0177,convnext_tiny,chimpanzee,orangutan,patas,mask,guenon,0.48515060544013977,0.05193974822759628,0.0447748601436615,0.028349677100777626,0.023048123344779015,3.43818736076355
img_0178,convnext_tiny,suit,trench coat,Windsor tie,bow tie,banjo,0.3142869174480438,0.07320582866668701,0.03681020438671112,0.012524041347205639,0.011880705133080482,4.543814659118652
img_0179,convnext_tiny,comic book,piggy bank,cuirass,perfume,beaker,0.43885958194732666,0.2189551591873169,0.02883307822048664,0.02134338952600956,0.013304279185831547,2.8504161834716797
img_0180,convnext_tiny,spotlight,syringe,solar dish,perfume,balloon,0.5628669857978821,0.05034910887479782,0.04620293527841568,0.02758903242647648,0.02612077072262764,2.7091169357299805
img_0181,convnext_tiny,hook,safety pin,combination lock,can opener,trombone,0.3399244546890259,0.3307555615901947,0.03843759000301361,0.030052388086915016,0.01528941746801138,2.8800559043884277
img_0182,convnext_tiny,goblet,red wine,wine bottle,beer glass,corkscrew,0.6975810527801514,0.08138420432806015,0.017125822603702545,0.012049521319568157,0.0028564278036355972,2.1960010528564453
img_0183,convnext_tiny,ladle,letter opener,strainer,spatula,bow,0.13458923995494843,0.0746181458234787,0.0679405927658081,0.03737408295273781,0.022492118179798126,5.3040289878845215
img_0184,convnext_tiny,stopwatch,digital watch,analog clock,magnetic compass,barometer,0.5497959852218628,0.1914946287870407,0.03250592201948166,0.028352169319987297,0.0035005027893930674,2.5138261318206787
img_0185,convnext_tiny,mailbag,purse,velvet,backpack,shopping basket,0.7569458484649658,0.10446195304393768,0.02590126171708107,0.015587654896080494,0.0031730153132230043,1.4578746557235718
img_0186,convnext_tiny,dial telephone,pay-phone,radio,oxygen mask,whistle,0.8697674870491028,0.0020017207134515047,0.000548845564480871,0.0004934254684485495,0.0004639832186512649,1.2725703716278076
img_0187,convnext_tiny,space bar,computer keyboard,typewriter keyboard,mouse,notebook,0.36734631657600403,0.25644904375076294,0.09287969022989273,0.018289094790816307,0.010920918546617031,3.112639904022217
img_0188,convnext_tiny,croquet ball,ping-pong ball,puck,pool table,saltshaker,0.6887611746788025,0.06431551277637482,0.04267633706331253,0.009559647180140018,0.005279338452965021,2.1942138671875
img_0189,convnext_tiny,spatula,bottlecap,laptop,hand blower,notebook,0.11535792797803879,0.08639909327030182,0.07218915224075317,0.07024196535348892,0.04065293073654175,4.731243133544922
img_0190,convnext_tiny,Band Aid,harmonica,ice lolly,cellular telephone,ear,0.20253875851631165,0.06757749617099762,0.06575470417737961,0.04944075271487236,0.031921349465847015,4.6424360275268555
img_0191,convnext_tiny,Band Aid,seat belt,lens cap,bow tie,cellular telephone,0.08184754848480225,0.036036986857652664,0.03143202140927315,0.027362000197172165,0.0263137798756361,5.475634574890137
img_0192,convnext_tiny,face powder,cellular telephone,Band Aid,sunscreen,notebook,0.20502620935440063,0.1084640771150589,0.05348428338766098,0.052041634917259216,0.024013269692659378,4.43496561050415
img_0193,convnext_tiny,tricycle,polecat,soccer ball,croquet ball,unicycle,0.04379470273852348,0.03790115565061569,0.032166291028261185,0.02838665433228016,0.025100110098719597,5.7367167472839355
img_0194,convnext_tiny,jersey,beer glass,Band Aid,pick,coffee mug,0.16365808248519897,0.06795686483383179,0.01883411779999733,0.017115198075771332,0.01708180271089077,5.301479339599609
img_0195,convnext_tiny,face powder,neck brace,stethoscope,brassiere,cellular telephone,0.30731379985809326,0.03891824558377266,0.03786848857998848,0.030907362699508667,0.02836218662559986,4.2165727615356445
img_0196,convnext_tiny,Band Aid,cellular telephone,Indian cobra,pajama,cleaver,0.04567074030637741,0.028524253517389297,0.020108554512262344,0.019952069967985153,0.017166197299957275,6.0030012130737305
img_0197,convnext_tiny,sweatshirt,sunglass,bow tie,sunglasses,hand blower,0.07620953768491745,0.03817116469144821,0.035440728068351746,0.026961883530020714,0.025131236761808395,5.346144199371338
img_0198,convnext_tiny,park bench,worm fence,lakeside,standard poodle,picket fence,0.5057622790336609,0.17547085881233215,0.0681806281208992,0.03869669511914253,0.033489201217889786,2.3491220474243164
img_0199,convnext_tiny,rapeseed,golf ball,lakeside,hay,maze,0.2879767119884491,0.2165287435054779,0.06681596487760544,0.024388937279582024,0.01756669208407402,3.6861488819122314
img_0200,convnext_tiny,pier,boathouse,dock,lakeside,steel arch bridge,0.45048654079437256,0.14454768598079681,0.06265678256750107,0.0327608585357666,0.014537543058395386,3.192491054534912
img_0201,convnext_tiny,cliff,valley,cliff dwelling,stupa,megalith,0.6605032086372375,0.07857830822467804,0.04879038408398628,0.007366246078163385,0.007308921776711941,2.264080286026001
img_0202,convnext_tiny,beacon,promontory,breakwater,castle,picket fence,0.8140795826911926,0.004916924051940441,0.0038069323636591434,0.0023545625153928995,0.0017773171421140432,1.7190687656402588
img_0203,convnext_tiny,alp,valley,lakeside,cliff,promontory,0.4223082661628723,0.24062401056289673,0.051231805235147476,0.048316191881895065,0.023001955822110176,2.855700969696045
img_0204,convnext_tiny,coral reef,lakeside,promontory,volcano,sandbar,0.7925890684127808,0.04055457562208176,0.018786104395985603,0.015574225224554539,0.013012752868235111,1.4824109077453613
img_0205,convnext_tiny,dam,lakeside,valley,viaduct,steel arch bridge,0.5513962507247925,0.15674827992916107,0.08068710565567017,0.027559848502278328,0.012373767793178558,2.327755928039551
img_0206,convnext_tiny,velvet,wool,stole,envelope,Arabian camel,0.07930899411439896,0.07538212835788727,0.05472156032919884,0.04379858821630478,0.03926079720258713,5.13335657119751
img_0207,convnext_tiny,zebra,hartebeest,ostrich,gazelle,hyena,0.7484415769577026,0.001568350475281477,0.0008394774631597102,0.0007034676382318139,0.0006791659980081022,2.2872910499572754
img_0208,convnext_tiny,porcupine,quill,bagel,miniature poodle,Indian cobra,0.6687218546867371,0.0022923715878278017,0.0016097378684207797,0.0013397426810115576,0.0011765598319470882,2.8976964950561523
img_0209,convnext_tiny,red fox,grey fox,kit fox,dhole,coyote,0.8310607671737671,0.014581216499209404,0.014411340467631817,0.0011488007148727775,0.0011069508036598563,1.502173900604248
img_0210,convnext_tiny,gazelle,impala,hartebeest,ibex,zebra,0.47237062454223633,0.2498960793018341,0.030315833166241646,0.01622689701616764,0.01244159322232008,2.6075868606567383
img_0211,convnext_tiny,peacock,sea urchin,African crocodile,strainer,malinois,0.7558204531669617,0.0007351042004302144,0.0007322382880374789,0.0007028126274235547,0.0006634630844928324,2.226929187774658
img_0212,convnext_tiny,brambling,partridge,water ouzel,house finch,indigo bunting,0.6238230466842651,0.031919289380311966,0.020210033282637596,0.01315092109143734,0.012997707352042198,2.8269314765930176
img_0213,convnext_tiny,electric ray,stingray,killer whale,hammerhead,tiger shark,0.6973344683647156,0.17088915407657623,0.008709833025932312,0.0026981804985553026,0.001282020122744143,1.6608697175979614
img_0214,convnext_tiny,tabby,tiger cat,Egyptian cat,quilt,space heater,0.3250410556793213,0.2642565071582794,0.1470808982849121,0.04263610765337944,0.019673330709338188,2.7292912006378174
img_0215,convnext_tiny,magpie,jay,European gallinule,water ouzel,bulbul,0.7207279205322266,0.006942650768905878,0.004438950680196285,0.0037894269917160273,0.003680019173771143,2.4438858032226562
img_0216,convnext_tiny,beach wagon,grille,passenger car,convertible,limousine,0.5617564916610718,0.09610520303249359,0.015445511788129807,0.013006425462663174,0.005919985938817263,3.1362600326538086
img_0217,convnext_tiny,car wheel,sports car,grille,beach wagon,convertible,0.31736233830451965,0.2395576536655426,0.10025334358215332,0.08881953358650208,0.04905080795288086,2.923417568206787
img_0218,convnext_tiny,car wheel,sports car,minivan,beach wagon,racer,0.3024950325489044,0.18929655849933624,0.18062803149223328,0.08941736072301865,0.0328948087990284,2.8289904594421387
img_0219,convnext_tiny,racer,sports car,car wheel,jeep,passenger car,0.6066559553146362,0.07217224687337875,0.07050038129091263,0.041770089417696,0.020758625119924545,2.4522345066070557
img_0220,convnext_tiny,racer,sports car,car wheel,passenger car,harvester,0.5839149951934814,0.05918646976351738,0.050427500158548355,0.02419537864625454,0.012650846503674984,2.873002529144287
img_0221,convnext_tiny,jeep,grille,car wheel,pickup,beach wagon,0.41626474261283875,0.3021757900714874,0.01010036375373602,0.007051190361380577,0.006982665974646807,2.851593494415283
img_0222,convnext_tiny,convertible,sports car,grille,racer,beach wagon,0.38232195377349854,0.1885252296924591,0.1300784945487976,0.03982697054743767,0.030896348878741264,2.8794164657592773
img_0223,convnext_tiny,Model T,car wheel,pickup,cab,convertible,0.6915621161460876,0.01369564514607191,0.01301752682775259,0.008981823921203613,0.008355644531548023,2.5528244972229004
img_0224,convnext_tiny,cassette player,tape player,CD player,radio,odometer,0.3166235685348511,0.08291947096586227,0.07943198084831238,0.07912230491638184,0.06533896923065186,3.5064711570739746
img_0225,convnext_tiny,plate,wok,broccoli,frying pan,spaghetti squash,0.25832599401474,0.25432100892066956,0.08192341774702072,0.07258012145757675,0.04419436678290367,3.2490086555480957
img_0226,convnext_tiny,French loaf,bagel,cheeseburger,meat loaf,hotdog,0.6843598484992981,0.08837674558162689,0.04584924876689911,0.017199669033288956,0.009099062532186508,2.0192432403564453
img_0227,convnext_tiny,strawberry,ice cream,lemon,Granny Smith,fig,0.738838791847229,0.024696024134755135,0.01671016588807106,0.013322505168616772,0.011262582615017891,1.992932677268982
img_0228,convnext_tiny,burrito,meat loaf,butternut squash,French loaf,spaghetti squash,0.5204220414161682,0.14910341799259186,0.03088965453207493,0.027153749018907547,0.021733587607741356,2.7310922145843506
img_0229,convnext_tiny,shopping basket,cucumber,head cabbage,hamper,bell pepper,0.14444491267204285,0.13945500552654266,0.10403977334499359,0.0791492834687233,0.04405321180820465,4.518801689147949
img_0230,convnext_tiny,ice cream,trifle,plate,strawberry,chocolate sauce,0.3719271123409271,0.1395229548215866,0.11387531459331512,0.07857160270214081,0.06488420069217682,3.101912021636963
img_0231,convnext_tiny,ice cream,confectionery,trifle,cup,tennis ball,0.10747671872377396,0.07532450556755066,0.07187514752149582,0.05017693713307381,0.0448029600083828,4.60040283203125
img_0232,convnext_tiny,strawberry,trifle,plate,guacamole,pineapple,0.7914568185806274,0.0380430743098259,0.027294572442770004,0.009469670243561268,0.00917831901460886,1.5283228158950806
img_0233,convnext_tiny,French loaf,hamper,hotdog,bakery,grocery store,0.5659498572349548,0.1482146829366684,0.04364136606454849,0.028620706871151924,0.02496342360973358,2.217545509338379
img_0234,convnext_tiny,Windsor tie,suit,bolo tie,bow tie,oboe,0.5800939202308655,0.19891498982906342,0.02599024586379528,0.009561276994645596,0.008082914166152477,2.197267532348633
img_0235,convnext_tiny,rugby ball,triumphal arch,bell cote,palace,unicycle,0.5151958465576172,0.03972763940691948,0.03130462393164635,0.028061283752322197,0.024860920384526253,3.3516647815704346
img_0236,convnext_tiny,lakeside,seashore,balloon,crane,airship,0.3144245445728302,0.10049612075090408,0.05571644753217697,0.04710158333182335,0.03224620595574379,3.961805820465088
img_0237,convnext_tiny,alp,lakeside,seashore,airship,balloon,0.17088745534420013,0.09437301754951477,0.08935058116912842,0.054832685738801956,0.05273207649588585,4.614070892333984
img_0238,convnext_tiny,paddlewheel,steel arch bridge,pier,seashore,sandbar,0.4171418845653534,0.12771901488304138,0.11904720962047577,0.015194392763078213,0.006676946301013231,3.4024863243103027
img_0239,convnext_tiny,pier,fireboat,suspension bridge,container ship,promontory,0.855235755443573,0.014262406155467033,0.012635791674256325,0.0022522371727973223,0.0017816664185374975,1.2904994487762451
img_0240,convnext_tiny,pier,promontory,suspension bridge,fireboat,container ship,0.3541504740715027,0.10633525997400284,0.09130934625864029,0.029413113370537758,0.019979802891612053,4.067939758300781
img_0241,convnext_tiny,valley,trailer truck,unicycle,balloon,church,0.3083527386188507,0.12265424430370331,0.03639842942357063,0.03340107575058937,0.02769046649336815,3.9612061977386475
img_0242,convnext_tiny,Arabian camel,horse cart,valley,sandbar,jeep,0.8424592018127441,0.02666095830500126,0.010318944230675697,0.004234886262565851,0.003463170723989606,1.2564098834991455
img_0243,convnext_tiny,megalith,stone wall,brass,partridge,street sign,0.8435683250427246,0.001143536064773798,0.0006020129658281803,0.0005497472593560815,0.0004734492104034871,1.5026968717575073
img_0244,convnext_tiny,volcano,valley,cliff,alp,viaduct,0.20664802193641663,0.15296906232833862,0.14884299039840698,0.09424150735139847,0.009932981804013252,4.089044570922852
img_0245,convnext_tiny,cliff,cliff dwelling,valley,coral fungus,monastery,0.691494345664978,0.0757863000035286,0.030145706608891487,0.0035584450233727694,0.003503276500850916,2.1838605403900146
img_0246,convnext_tiny,promontory,seashore,cliff,valley,dam,0.34673064947128296,0.1798814982175827,0.16061609983444214,0.024535248056054115,0.02359531633555889,3.0988636016845703
img_0247,convnext_tiny,stupa,alp,bell cote,thatch,castle,0.17367513477802277,0.1703159511089325,0.10783734172582626,0.09818702191114426,0.04822784289717674,3.726750612258911
img_0248,convnext_tiny,mask,totem pole,monastery,cliff,castle,0.09683365374803543,0.0844598114490509,0.06947474926710129,0.054959047585725784,0.039277464151382446,5.135249614715576
img_0249,convnext_tiny,palace,monastery,dome,castle,triumphal arch,0.55130934715271,0.08099013566970825,0.07549110054969788,0.027234472334384918,0.022933727130293846,2.776472330093384
img_0250,convnext_tiny,jellyfish,tick,nail,pick,matchstick,0.17471633851528168,0.10271043330430984,0.07573392987251282,0.046114731580019,0.034269560128450394,4.794451713562012
img_0251,convnext_tiny,planetarium,liner,schooner,dam,lakeside,0.6636406779289246,0.060298267751932144,0.034356918185949326,0.018826037645339966,0.014604572206735611,2.0234298706054688
img_0252,convnext_tiny,book jacket,jigsaw puzzle,mask,brassiere,wig,0.5758956670761108,0.01692146249115467,0.015050259418785572,0.012235774658620358,0.011382742784917355,3.100419521331787
img_0253,convnext_tiny,flagpole,tank,half track,military uniform,cannon,0.2081107497215271,0.17593272030353546,0.13755281269550323,0.033186160027980804,0.014812808483839035,4.184502124786377
img_0254,convnext_tiny,hair spray,perfume,brassiere,hand blower,bikini,0.24794359505176544,0.06939145922660828,0.06171803921461105,0.05383143201470375,0.021920450031757355,4.397034168243408
img_0255,convnext_tiny,basketball,maillot,whistle,jersey,barrow,0.8539278507232666,0.0028151145670562983,0.0017999112606048584,0.0006898734718561172,0.0006461802986450493,1.4040879011154175
img_0256,convnext_tiny,notebook,space bar,desktop computer,laptop,screen,0.6164600849151611,0.04772235080599785,0.03819648548960686,0.030932458117604256,0.023077020421624184,2.6080822944641113
img_0257,convnext_tiny,basketball,jersey,ballplayer,maillot,bib,0.6648075580596924,0.07488127052783966,0.04023792967200279,0.02365465834736824,0.0074724010191857815,2.208479642868042
img_0258,convnext_tiny,Saluki,giant schnauzer,Gordon setter,whippet,sorrel,0.4196387231349945,0.1357056051492691,0.0489577017724514,0.031857382506132126,0.028334544971585274,3.422438621520996
img_0259,convnext_tiny,German shepherd,boxer,Rhodesian ridgeback,redbone,Rottweiler,0.12331373244524002,0.10671913623809814,0.07899773865938187,0.07567520439624786,0.05779598280787468,4.506779193878174
img_0260,convnext_tiny,horse cart,moving van,sorrel,trailer truck,recreational vehicle,0.3813873827457428,0.047364741563797,0.04115120321512222,0.03865797817707062,0.021940777078270912,3.953187942504883
img_0261,convnext_tiny,sorrel,kelpie,timber wolf,ox,red wolf,0.21188652515411377,0.11793261021375656,0.05253710225224495,0.03624951094388962,0.025906357914209366,4.542702674865723
img_0262,convnext_tiny,sorrel,worm fence,horse cart,Bouvier des Flandres,groenendael,0.5206551551818848,0.16319268941879272,0.012007802724838257,0.010596849024295807,0.008923441171646118,2.962930917739868
img_0263,convnext_tiny,cello,shoe shop,crutch,pole,throne,0.18581989407539368,0.05645092576742172,0.036877088248729706,0.03191445767879486,0.02951604686677456,5.103187561035156
img_0264,convnext_tiny,suit,Windsor tie,oboe,bassoon,sax,0.46570515632629395,0.1896376758813858,0.02753416821360588,0.00849643349647522,0.008397446945309639,3.134065628051758
img_0265,convnext_tiny,pickup,jeep,car wheel,grille,racer,0.4273113012313843,0.18814261257648468,0.1360444277524948,0.02053963765501976,0.01833983138203621,2.7927193641662598
img_0266,convnext_tiny,cloak,gown,sarong,stole,bath towel,0.17246809601783752,0.15399667620658875,0.061016831547021866,0.047150153666734695,0.03848283365368843,4.5108866691589355
img_0267,convnext_tiny,zebra,hartebeest,ostrich,gazelle,hyena,0.6605132222175598,0.0029879265930503607,0.0012626990210264921,0.0011374163441359997,0.0011186893098056316,2.966691493988037
img_0268,convnext_tiny,crane,harvester,thresher,amphibian,trailer truck,0.6380793452262878,0.09900608658790588,0.06392314285039902,0.026131726801395416,0.008417708799242973,2.2052857875823975
img_0269,convnext_tiny,pickup,jeep,tow truck,limousine,snowplow,0.6482779383659363,0.087052121758461,0.029158808290958405,0.023521462455391884,0.02297658659517765,2.2369093894958496
img_0270,convnext_tiny,trailer truck,tow truck,moving van,forklift,garbage truck,0.7764495611190796,0.03242567181587219,0.0037829831708222628,0.001783468178473413,0.0011314292205497622,1.9191179275512695
img_0271,convnext_tiny,grille,harvester,beach wagon,Model T,oil filter,0.2401437759399414,0.1650482416152954,0.06488678604364395,0.05173226073384285,0.04994514584541321,3.5466203689575195
img_0272,convnext_tiny,jeep,pickup,forklift,car wheel,crane,0.822672963142395,0.006686287000775337,0.0057526929304003716,0.0029844578821212053,0.0026440832298249006,1.614593267440796
img_0273,convnext_tiny,ox,oxcart,worm fence,water buffalo,sorrel,0.9436225295066833,0.0039018273819237947,0.0034032342955470085,0.002032164018601179,0.0007865354418754578,0.5690290331840515
img_0274,convnext_tiny,promontory,cliff,monastery,street sign,beacon,0.08514546602964401,0.08448286354541779,0.06278233230113983,0.04149658605456352,0.03120114840567112,5.047179698944092
img_0275,convnext_tiny,beach wagon,car wheel,minivan,grille,racer,0.8020855188369751,0.05331820249557495,0.035241179168224335,0.008569014258682728,0.004882477223873138,1.3552913665771484
img_0276,convnext_tiny,steel arch bridge,pier,crane,bicycle-built-for-two,beacon,0.7036163806915283,0.01713956519961357,0.008033152669668198,0.005993097089231014,0.004208442755043507,2.4479002952575684
img_0277,convnext_tiny,space shuttle,airship,aircraft carrier,cassette,wreck,0.27219468355178833,0.16638927161693573,0.11570557206869125,0.03420250490307808,0.019336342811584473,3.790605068206787
img_0278,convnext_tiny,aircraft carrier,space shuttle,snowmobile,warplane,alp,0.6715907454490662,0.055777352303266525,0.021588250994682312,0.018903302028775215,0.013300133869051933,2.381298542022705
img_0279,convnext_tiny,recreational vehicle,minibus,mobile home,passenger car,amphibian,0.705653727054596,0.05999618396162987,0.049544669687747955,0.029933204874396324,0.0064231320284307,1.9011597633361816
img_0280,convnext_tiny,suit,bow tie,cellular telephone,Band Aid,sunglasses,0.1604316532611847,0.09806989878416061,0.06209399551153183,0.02944592386484146,0.021543098613619804,4.698491096496582
img_0281,convnext_tiny,chimpanzee,orangutan,Mexican hairless,mask,hog,0.19052907824516296,0.15550529956817627,0.1160140186548233,0.06113509461283684,0.026191366836428642,4.254376411437988
img_0282,convnext_tiny,marimba,potter's wheel,crossword puzzle,library,restaurant,0.04424498230218887,0.03555184230208397,0.033659808337688446,0.02856670878827572,0.02631688304245472,5.597212314605713
img_0283,convnext_tiny,oboe,bassoon,cellular telephone,library,laptop,0.32989221811294556,0.07927990704774857,0.051387298852205276,0.04903410002589226,0.048842936754226685,3.7386865615844727
img_0284,convnext_tiny,stethoscope,sunglass,sunglasses,suit,bow tie,0.08032498508691788,0.06607352942228317,0.05607587471604347,0.05066033452749252,0.040548019111156464,5.053995132446289
img_0285,convnext_tiny,sports car,pickup,beach wagon,car wheel,grille,0.3115006983280182,0.13715189695358276,0.10892073065042496,0.09878680855035782,0.08994641155004501,3.0843703746795654
img_0286,convnext_tiny,sports car,grille,car wheel,racer,convertible,0.8082796335220337,0.043173227459192276,0.015274092555046082,0.008635188452899456,0.0031396986450999975,1.507382869720459
img_0287,convnext_tiny,brown bear,American black bear,sloth bear,ice bear,lesser panda,0.7335330843925476,0.009251871146261692,0.004725393373519182,0.001436947612091899,0.0008630829397588968,2.3696627616882324
img_0288,convnext_tiny,grey whale,great white shark,gar,killer whale,sturgeon,0.7929567694664001,0.004845800809562206,0.0030621830374002457,0.002588709117844701,0.0017345859669148922,1.8973777294158936
img_0289,convnext_tiny,jersey,crutch,sunglass,sunglasses,plunger,0.6490190625190735,0.046648912131786346,0.030355026945471764,0.026167668402194977,0.012409109622240067,2.4028139114379883
img_0290,convnext_tiny,stethoscope,bolo tie,maraca,nipple,ping-pong ball,0.18382126092910767,0.15061774849891663,0.07059311866760254,0.053704410791397095,0.024018099531531334,4.279636859893799
img_0291,convnext_tiny,stethoscope,notebook,hand-held computer,binder,pajama,0.408372163772583,0.2077629268169403,0.10007590055465698,0.045818086713552475,0.011999142356216908,2.7584033012390137
img_0292,convnext_tiny,electric fan,oil filter,radio,harvester,joystick,0.3526111841201782,0.07478256523609161,0.06032466143369675,0.06008947640657425,0.058468662202358246,3.4626917839050293
img_0293,convnext_tiny,bobsled,racer,go-kart,barbershop,sports car,0.5485569834709167,0.07280320674180984,0.030467672273516655,0.00561398034915328,0.005202233325690031,3.202296257019043
img_0294,convnext_tiny,sports car,racer,convertible,grille,car wheel,0.5447151064872742,0.22442558407783508,0.012128709815442562,0.010787498205900192,0.0075603630393743515,2.491030216217041
img_0295,convnext_tiny,paintbrush,face powder,microphone,lipstick,spatula,0.6668757796287537,0.23778188228607178,0.00395765108987689,0.0035268892534077168,0.002806394826620817,1.4435756206512451
img_0296,convnext_tiny,rapeseed,maze,harvester,greenhouse,head cabbage,0.41599977016448975,0.20513196289539337,0.022394374012947083,0.017305031418800354,0.016838256269693375,3.292890787124634
img_0297,convnext_tiny,bell cote,castle,church,monastery,megalith,0.48988914489746094,0.15415045619010925,0.07140713930130005,0.020861994475126266,0.01784421131014824,2.842630386352539
img_0298,convnext_tiny,face powder,lipstick,loupe,bubble,Band Aid,0.5949204564094543,0.23756921291351318,0.0314067080616951,0.00556531036272645,0.005228125024586916,1.8515706062316895
img_0299,convnext_tiny,bulletproof vest,assault rifle,military uniform,projectile,oxygen mask,0.5100902915000916,0.175595223903656,0.11560887843370438,0.024807605892419815,0.013330524787306786,2.3366541862487793
img_0300,convnext_tiny,puck,maze,scoreboard,stage,theater curtain,0.6165770292282104,0.020529020577669144,0.01989740878343582,0.0174227524548769,0.0030573320109397173,3.0714330673217773
img_0301,convnext_tiny,racer,car wheel,sports car,dam,passenger car,0.7827844619750977,0.034393150359392166,0.0339924581348896,0.003339516930282116,0.00245280540548265,1.6922154426574707
img_0302,convnext_tiny,cellular telephone,digital watch,joystick,iPod,pencil box,0.4093984067440033,0.09242592006921768,0.029656723141670227,0.024205109104514122,0.024016743525862694,3.7563636302948
img_0303,convnext_tiny,puck,paintbrush,broom,shovel,snowplow,0.6104595065116882,0.12067707628011703,0.027673132717609406,0.018945297226309776,0.013225948438048363,2.335968255996704
img_0304,convnext_tiny,volcano,fountain,torch,mountain tent,church,0.36474093794822693,0.04784359782934189,0.03514012321829796,0.02936067245900631,0.025709062814712524,4.14168119430542
img_0305,convnext_tiny,military uniform,cellular telephone,sunglass,flute,suit,0.06293095648288727,0.06123350188136101,0.03861948475241661,0.03103162907063961,0.028365205973386765,5.289178371429443
img_0306,convnext_tiny,bow tie,suit,Windsor tie,oboe,bassoon,0.28738290071487427,0.22034411132335663,0.15382498502731323,0.027151722460985184,0.014877916313707829,3.3239569664001465
img_0307,convnext_tiny,soccer ball,volcano,caldron,stage,comic book,0.21056132018566132,0.06943575292825699,0.061516668647527695,0.058929357677698135,0.027727734297513962,4.671945095062256
img_0308,convnext_tiny,disk brake,electric fan,radiator,oil filter,screw,0.5621363520622253,0.09176623821258545,0.036502089351415634,0.029675986617803574,0.022053321823477745,2.6827266216278076
img_0309,convnext_tiny,toyshop,comic book,motor scooter,wine bottle,crash helmet,0.36754050850868225,0.04746338352560997,0.0362495593726635,0.02924134023487568,0.026624545454978943,4.130491256713867
img_0310,convnext_tiny,oxygen mask,gasmask,crash helmet,football helmet,stretcher,0.9668468832969666,0.005637884605675936,0.005214190576225519,0.000498439883813262,0.0003844129096250981,0.3198416829109192
img_0311,convnext_tiny,rifle,assault rifle,bulletproof vest,mortar,tank,0.43224719166755676,0.17670229077339172,0.06349930167198181,0.0547398179769516,0.02515980415046215,2.9182474613189697
img_0312,convnext_tiny,maillot,maillot tank suit,bikini,revolver,cowboy boot,0.22537976503372192,0.08130890876054764,0.051080960780382156,0.04301448166370392,0.04120535030961037,4.6074371337890625
img_0313,convnext_tiny,envelope,pick,comic book,tray,packet,0.13924117386341095,0.06350071728229523,0.05305683612823486,0.0473744198679924,0.026574643328785896,4.895730972290039
img_0314,convnext_tiny,alp,bow,parachute,oxygen mask,ski mask,0.14523930847644806,0.0863882377743721,0.07927430421113968,0.07050802558660507,0.03278927505016327,4.553991794586182
img_0315,convnext_tiny,scuba diver,hammerhead,tiger shark,comic book,king penguin,0.1353043019771576,0.07327686995267868,0.06027591601014137,0.037867333739995956,0.019115416333079338,5.166635513305664
img_0316,convnext_tiny,rock beauty,coral reef,scuba diver,anemone fish,mask,0.30336377024650574,0.230786994099617,0.05481671169400215,0.05230647325515747,0.028661582618951797,3.533872127532959
img_0317,convnext_tiny,book jacket,street sign,comic book,doormat,bottlecap,0.23882658779621124,0.22435681521892548,0.08515623956918716,0.056284837424755096,0.009098955430090427,3.9313042163848877
img_0318,convnext_tiny,comic book,television,printer,iron,laptop,0.3510197401046753,0.046768855303525925,0.03907683864235878,0.03421682491898537,0.02426336146891117,4.213902473449707
img_0319,convnext_tiny,fur coat,stole,poncho,prairie chicken,wool,0.42144638299942017,0.044074442237615585,0.030889347195625305,0.019481664523482323,0.018229981884360313,3.967341661453247
img_0320,convnext_tiny,liner,dock,planetarium,schooner,container ship,0.6224626302719116,0.008243829011917114,0.006663029082119465,0.002538898726925254,0.0023642040323466063,3.1915993690490723
img_0321,convnext_tiny,radio telescope,solar dish,crane,steel arch bridge,fire engine,0.4212586283683777,0.15316690504550934,0.03185568004846573,0.021055318415164948,0.012696086429059505,3.5889828205108643
img_0322,convnext_tiny,beer glass,bassoon,pick,oboe,lab coat,0.0365111418068409,0.03190784156322479,0.028657924383878708,0.013120554387569427,0.011830303817987442,6.031824111938477
img_0323,convnext_tiny,cuirass,thatch,overskirt,bow,breastplate,0.4552367627620697,0.1011810377240181,0.037222426384687424,0.027878306806087494,0.02450660429894924,3.421750545501709
img_0324,convnext_tiny,slot,screen,lumbermill,library,stage,0.7163863182067871,0.001954086357727647,0.0012865368044003844,0.0012827730970457196,0.0011991841020062566,2.521291732788086
img_0325,convnext_tiny,restaurant,cinema,street sign,barbershop,binoculars,0.25811201333999634,0.1627892106771469,0.12978686392307281,0.09096045792102814,0.03281526267528534,3.3931703567504883
img_0326,convnext_tiny,brassiere,maillot,bikini,hair spray,syringe,0.4830464720726013,0.12405660003423691,0.07465857267379761,0.029351146891713142,0.010882370173931122,2.9928858280181885
img_0327,convnext_tiny,palace,fountain,bell cote,stupa,pier,0.37861284613609314,0.14037629961967468,0.05716199055314064,0.038227129727602005,0.022297685965895653,3.4344980716705322
img_0328,convnext_tiny,pizza,French loaf,frying pan,dough,zucchini,0.8600673079490662,0.001628207042813301,0.001051249448210001,0.000843878136947751,0.0007203988498076797,1.354608178138733
img_0329,convnext_tiny,soccer ball,golf ball,malinois,rugby ball,croquet ball,0.6313462257385254,0.007124071475118399,0.002160025527700782,0.0021203162614256144,0.001962888054549694,3.140106439590454
img_0330,convnext_tiny,ping-pong ball,maillot,jersey,tennis ball,bobsled,0.36139047145843506,0.18458017706871033,0.10936015099287033,0.03084644488990307,0.0107859056442976,3.3506009578704834
img_0331,convnext_tiny,ping-pong ball,panpipe,tennis ball,racket,flute,0.3579432964324951,0.2518445551395416,0.07329095155000687,0.028146015480160713,0.020193777978420258,2.901766061782837
img_0332,convnext_tiny,paper towel,velvet,wreck,volcano,geyser,0.2878606915473938,0.11813779175281525,0.0771745964884758,0.028060182929039,0.016050787642598152,4.214515686035156
img_0333,convnext_tiny,barbell,horizontal bar,paddle,parallel bars,maillot,0.9444942474365234,0.003528263419866562,0.0008680222672410309,0.0007750566583126783,0.000595418328884989,0.572925329208374
img_0334,convnext_tiny,microphone,trench coat,muzzle,revolver,assault rifle,0.09726503491401672,0.05717916041612625,0.051455676555633545,0.04299283027648926,0.03401012718677521,5.131293296813965
img_0335,convnext_tiny,alp,valley,marmot,cliff,volcano,0.4693832993507385,0.2182835042476654,0.03734390437602997,0.02497376687824726,0.02497376687824726,2.640378475189209
img_0336,convnext_tiny,meat loaf,plate,French loaf,mashed potato,potpie,0.5462839603424072,0.09794331341981888,0.048108141869306564,0.04098865017294884,0.008881746791303158,2.8503785133361816
img_0337,convnext_tiny,pedestal,flagpole,dome,panpipe,palace,0.6546646356582642,0.013324332423508167,0.012371223419904709,0.011804703623056412,0.008305646479129791,2.739588737487793
img_0338,convnext_tiny,monastery,palace,bell cote,triumphal arch,church,0.24492737650871277,0.23832087218761444,0.07587496191263199,0.05551130697131157,0.011433053761720657,3.880850076675415
img_0339,convnext_tiny,seashore,sandbar,promontory,lakeside,pinwheel,0.8736632466316223,0.014857077039778233,0.010535243898630142,0.0033738494385033846,0.002046343171969056,1.1159937381744385
img_0340,convnext_tiny,burrito,potpie,guacamole,velvet,plate,0.8345894813537598,0.003652089275419712,0.0033578970469534397,0.0013356792042031884,0.0013124056858941913,1.5511143207550049
img_0341,convnext_tiny,palace,dome,church,library,castle,0.5790043473243713,0.08810219913721085,0.013723676092922688,0.006767225917428732,0.00531165674328804,3.0537447929382324
img_0342,convnext_tiny,football helmet,ballplayer,baseball,ski,maillot,0.8267009258270264,0.005883374251425266,0.003112454665824771,0.0014249855885282159,0.0014111374039202929,1.6096340417861938
