subject,session,task,presentation,raw_index,stim_index,stim_name,onset
1,1,screening,0,30,27,image_31,72.30362625
1,1,screening,1,25,23,image_26,73.80718825
1,1,screening,2,38,35,image_39,75.31581225
1,1,screening,3,16,15,image_17,76.74171824999999
1,1,screening,4,55,50,image_56,78.24456124999999
1,1,screening,5,43,39,image_44,79.72274825
1,1,screening,6,0,0,image_1,83.67840325
1,1,screening,7,40,36,image_41,85.12055825
1,1,screening,8,53,48,image_54,86.58971425
1,1,screening,9,46,42,image_47,88.10062024999999
1,1,screening,10,66,60,image_67,89.60958825
1,1,screening,11,18,17,image_19,91.04071225
1,1,screening,12,68,62,image_69,92.55408725
1,1,screening,13,11,10,image_12,94.06346124999999
1,1,screening,14,48,44,image_49,95.52339825
1,1,screening,15,17,16,image_18,97.01717925
1,1,screening,16,51,46,image_52,98.44336525
1,1,screening,17,1,1,image_2,99.89780225
1,1,screening,18,54,49,image_55,101.40255225
1,1,screening,19,13,12,image_14,102.89652025
1,1,screening,20,35,32,image_36,104.40498824999999
1,1,screening,21,44,40,image_45,105.88305025
1,1,screening,22,22,20,image_23,107.29817424999999
1,1,screening,23,27,25,image_28,108.79467425
1,1,screening,24,32,29,image_33,110.30245425
1,1,screening,25,60,54,image_61,111.78245425
1,1,screening,26,2,2,image_3,113.27354725
1,1,screening,27,4,4,image_5,114.76370324999999
1,1,screening,28,33,30,image_34,116.21673324999999
1,1,screening,29,31,28,image_32,117.69438925
1,1,screening,30,37,34,image_38,119.12326325
1,1,screening,31,42,38,image_43,120.60557525
1,1,screening,32,6,6,image_7,124.27385525
1,1,screening,33,3,3,image_4,125.71438624999999
1,1,screening,34,58,53,image_59,127.13416624999999
1,1,screening,35,56,51,image_57,128.55851024999998
1,1,screening,36,26,24,image_27,130.05322825
1,1,screening,37,45,41,image_46,131.53444625
1,1,screening,38,64,58,image_65,132.97760225
1,1,screening,39,8,8,image_9,134.48750725
1,1,screening,40,61,55,image_62,135.90353825
1,1,screening,41,62,56,image_63,137.36163125
1,1,screening,42,20,18,image_21,141.98597325
1,1,screening,43,14,13,image_15,143.47500424999998
1,1,screening,44,24,22,image_25,144.96650325
1,1,screening,45,12,11,image_13,146.39887725
1,1,screening,46,63,57,image_64,147.85975224999999
1,1,screening,47,57,52,image_58,149.32212625
1,1,screening,48,15,14,image_16,150.80221925
1,1,screening,49,67,61,image_68,152.28743824999998
1,1,screening,50,41,37,image_42,153.77734325
1,1,screening,51,47,43,image_48,155.21893624999998
1,1,screening,52,52,47,image_53,156.69937324999998
1,1,screening,53,34,31,image_35,158.18146625
1,1,screening,54,23,21,image_24,159.61202824999998
1,1,screening,55,36,33,image_37,161.03662225
1,1,screening,56,21,19,image_22,162.49799625
1,1,screening,57,5,5,image_6,164.01055825
1,1,screening,58,28,26,image_29,165.45808925
1,1,screening,59,50,45,image_51,166.92805725
1,1,screening,60,7,7,image_8,168.36408724999998
1,1,screening,61,65,59,image_66,169.85555625
1,1,screening,62,10,9,image_11,171.29655524999998
1,1,screening,63,63,57,image_64,176.63230324999998
1,1,screening,64,35,32,image_36,178.12058324999998
1,1,screening,65,48,44,image_49,179.62186425
1,1,screening,66,33,30,image_34,181.13130124999998
1,1,screening,67,34,31,image_35,182.60139425
1,1,screening,68,20,18,image_21,184.02814425
1,1,screening,69,0,0,image_1,185.45814324999998
1,1,screening,70,46,42,image_47,186.89920525
1,1,screening,71,60,54,image_61,188.39629825
1,1,screening,72,45,41,image_46,189.83539125
1,1,screening,73,32,29,image_33,191.32901625
1,1,screening,74,65,59,image_66,198.00176324999998
1,1,screening,75,12,11,image_13,199.51160625
1,1,screening,76,62,56,image_63,200.95882425
1,1,screening,77,17,16,image_18,202.38979225
1,1,screening,78,18,17,image_19,203.83129225
1,1,screening,79,58,53,image_59,205.30441625
1,1,screening,80,6,6,image_7,206.76941624999998
1,1,screening,81,68,62,image_69,208.22475924999998
1,1,screening,82,38,35,image_39,209.72441525
1,1,screening,83,54,49,image_55,211.19838324999998
1,1,screening,84,36,33,image_37,212.66744525
1,1,screening,85,8,8,image_9,214.17410024999998
1,1,screening,86,66,60,image_67,215.61475625
1,1,screening,87,37,34,image_38,219.86537925
1,1,screening,88,2,2,image_3,221.35594125
1,1,screening,89,3,3,image_4,222.80778425
1,1,screening,90,23,21,image_24,224.27769024999998
1,1,screening,91,53,48,image_54,225.70078325
1,1,screening,92,57,52,image_58,227.12022025
1,1,screening,93,30,27,image_31,228.58603225
1,1,screening,94,50,45,image_51,230.07912524999998
1,1,screening,95,51,46,image_52,231.58487524999998
1,1,screening,96,15,14,image_16,233.01012425
1,1,screening,97,27,25,image_28,234.48024825
1,1,screening,98,25,23,image_26,235.94171724999998
1,1,screening,99,14,13,image_15,237.35765325
1,1,screening,100,61,55,image_62,238.80309025
1,1,screening,101,1,1,image_2,240.23143424999998
1,1,screening,102,13,12,image_14,241.72480825
1,1,screening,103,41,37,image_42,243.17096425
1,1,screening,104,24,22,image_25,244.63749424999997
1,1,screening,105,22,20,image_23,250.50667925
1,1,screening,106,26,24,image_27,251.97989825
1,1,screening,107,4,4,image_5,253.41914724999998
1,1,screening,108,7,7,image_8,254.89874024999997
1,1,screening,109,55,50,image_56,256.37974025
1,1,screening,110,67,61,image_68,257.86920825
1,1,screening,111,47,43,image_48,259.33083225
1,1,screening,112,28,26,image_29,260.75526924999997
1,1,screening,113,56,51,image_57,262.19001825
1,1,screening,114,64,58,image_65,263.69826825
1,1,screening,115,40,36,image_41,265.12683025
1,1,screening,116,5,5,image_6,266.62482925
1,1,screening,117,42,38,image_43,268.09286025
1,1,screening,118,11,10,image_12,269.60729725
1,1,screening,119,10,9,image_11,271.02951525
1,1,screening,120,52,47,image_53,272.48801425
1,1,screening,121,16,15,image_17,273.91170124999996
1,1,screening,122,43,39,image_44,275.42376325
1,1,screening,123,21,19,image_22,276.83945024999997
1,1,screening,124,44,40,image_45,278.33048125
1,1,screening,125,31,28,image_32,279.82710525
1,1,screening,126,64,58,image_65,281.32582325
1,1,screening,127,5,5,image_6,282.74919825
1,1,screening,128,54,49,image_55,284.20351024999997
1,1,screening,129,45,41,image_46,285.64416525
1,1,screening,130,46,42,image_47,287.14038325
1,1,screening,131,47,43,image_48,288.59819525
1,1,screening,132,53,48,image_54,292.90706925
1,1,screening,133,36,33,image_37,294.33834924999996
1,1,screening,134,30,27,image_31,295.77950525
1,1,screening,135,51,46,image_52,297.20541125
1,1,screening,136,10,9,image_11,298.63525425
1,1,screening,137,37,34,image_38,300.13375325
1,1,screening,138,21,19,image_22,301.60509625
1,1,screening,139,8,8,image_9,303.07390825
1,1,screening,140,43,39,image_44,304.50828325
1,1,screening,141,24,22,image_25,308.25262525
1,1,screening,142,6,6,image_7,309.73178125
1,1,screening,143,20,18,image_21,311.18549924999996
1,1,screening,144,14,13,image_15,312.64896725
1,1,screening,145,1,1,image_2,314.10224825
1,1,screening,146,16,15,image_17,315.52181025
1,1,screening,147,38,35,image_39,316.96134025
1,1,screening,148,7,7,image_8,318.38734024999997
1,1,screening,149,12,11,image_13,319.82268325
1,1,screening,150,26,24,image_27,321.25962025
1,1,screening,151,4,4,image_5,322.71515024999997
1,1,screening,152,52,47,image_53,324.13171224999996
1,1,screening,153,50,45,image_51,327.52711725
1,1,screening,154,33,30,image_34,329.03783525
1,1,screening,155,68,62,image_69,330.50174125
1,1,screening,156,44,40,image_45,331.96402224999997
1,1,screening,157,56,51,image_57,333.41230225
1,1,screening,158,60,54,image_61,334.91839625
1,1,screening,159,35,32,image_36,336.37305125
1,1,screening,160,66,60,image_67,337.79626924999997
1,1,screening,161,25,23,image_26,339.28686325
1,1,screening,162,48,44,image_49,340.73708124999996
1,1,screening,163,2,2,image_3,342.17373625
1,1,screening,164,58,53,image_59,343.63008025
1,1,screening,165,3,3,image_4,345.05151624999996
1,1,screening,166,0,0,image_1,346.48076625
1,1,screening,167,40,36,image_41,347.98929725
1,1,screening,168,18,17,image_19,349.49964024999997
1,1,screening,169,28,26,image_29,350.96960824999996
1,1,screening,170,15,14,image_16,352.39013925
1,1,screening,171,42,38,image_43,353.82795024999996
1,1,screening,172,22,20,image_23,355.27710625
1,1,screening,173,17,16,image_18,356.77151225
1,1,screening,174,61,55,image_62,358.18482424999996
1,1,screening,175,11,10,image_12,359.60163624999996
1,1,screening,176,41,37,image_42,361.03376025
1,1,screening,177,27,25,image_28,362.51285325
1,1,screening,178,55,50,image_56,364.00150924999997
1,1,screening,179,31,28,image_32,365.47891525
1,1,screening,180,65,59,image_66,366.94044525
1,1,screening,181,62,56,image_63,368.40663225
1,1,screening,182,34,31,image_35,371.78584924999996
1,1,screening,183,13,12,image_14,373.27303624999996
1,1,screening,184,57,52,image_58,374.70500525
1,1,screening,185,23,21,image_24,376.18759825
1,1,screening,186,63,57,image_64,377.62122224999996
1,1,screening,187,32,29,image_33,379.07709725
1,1,screening,188,67,61,image_68,380.55256525
1,1,screening,189,23,21,image_24,382.04587725
1,1,screening,190,32,29,image_33,383.46690724999996
1,1,screening,191,43,39,image_44,384.97446924999997
1,1,screening,192,35,32,image_36,386.46512524999997
1,1,screening,193,64,58,image_65,387.92865624999996
1,1,screening,194,12,11,image_13,389.38509224999996
1,1,screening,195,65,59,image_66,390.84218625
1,1,screening,196,24,22,image_25,392.29134124999996
1,1,screening,197,38,35,image_39,393.75462224999995
1,1,screening,198,52,47,image_53,395.21896525
1,1,screening,199,66,60,image_67,396.71487125
1,1,screening,200,41,37,image_42,398.20658925
1,1,screening,201,67,61,image_68,399.68337025
1,1,screening,202,42,38,image_43,401.13361925
1,1,screening,203,37,34,image_38,402.62690025
1,1,screening,204,40,36,image_41,404.09974324999996
1,1,screening,205,62,56,image_63,405.54739824999996
1,1,screening,206,57,52,image_58,407.05358524999997
1,1,screening,207,28,26,image_29,408.55577224999996
1,1,screening,208,2,2,image_3,410.02527225
1,1,screening,209,10,9,image_11,411.50827125
1,1,screening,210,56,51,image_57,412.97914525
1,1,screening,211,45,41,image_46,414.41186425
1,1,screening,212,34,31,image_35,415.85520725
1,1,screening,213,61,55,image_62,417.31467525
1,1,screening,214,51,46,image_52,418.75289325
1,1,screening,215,0,0,image_1,420.24917424999995
1,1,screening,216,26,24,image_27,423.84086025
1,1,screening,217,36,33,image_37,425.27904724999996
1,1,screening,218,53,48,image_54,426.70901525
1,1,screening,219,3,3,image_4,428.14645225
1,1,screening,220,48,44,image_49,429.60376425
1,1,screening,221,50,45,image_51,431.04807625
1,1,screening,222,46,42,image_47,432.55529425
1,1,screening,223,30,27,image_31,434.01173124999997
1,1,screening,224,58,53,image_59,435.44185525
1,1,screening,225,5,5,image_6,436.94873025
1,1,screening,226,22,20,image_23,438.45832325
1,1,screening,227,20,18,image_21,439.92035325
1,1,screening,228,8,8,image_9,441.34813425
1,1,screening,229,33,30,image_34,442.78582124999997
1,1,screening,230,68,62,image_69,444.24222725
1,1,screening,231,13,12,image_14,448.80475624999997
1,1,screening,232,31,28,image_32,450.24728725
1,1,screening,233,44,40,image_45,451.72388025
1,1,screening,234,60,54,image_61,453.20716124999996
1,1,screening,235,14,13,image_15,454.64125425
1,1,screening,236,11,10,image_12,456.06487825
1,1,screening,237,47,43,image_48,457.50644024999997
1,1,screening,238,15,14,image_16,458.95231425
1,1,screening,239,7,7,image_8,460.41178325
1,1,screening,240,18,17,image_19,461.87781325
1,1,screening,241,1,1,image_2,463.29868825
1,1,screening,242,27,25,image_28,464.73671824999997
1,1,screening,243,6,6,image_7,466.22937425
1,1,screening,244,54,49,image_55,470.33531024999996
1,1,screening,245,25,23,image_26,471.84296624999996
1,1,screening,246,55,50,image_56,473.32812125
1,1,screening,247,16,15,image_17,474.78912125
1,1,screening,248,4,4,image_5,476.26405825
1,1,screening,249,21,19,image_22,477.70240125
1,1,screening,250,63,57,image_64,479.16108825
1,1,screening,251,17,16,image_18,480.66927525
1,1,screening,252,24,22,image_25,482.13618025
1,1,screening,253,16,15,image_17,483.60383625
1,1,screening,254,1,1,image_2,485.03883525
1,1,screening,255,31,28,image_32,486.50052224999996
1,1,screening,256,51,46,image_52,487.97977225
1,1,screening,257,5,5,image_6,489.46327125
1,1,screening,258,47,43,image_48,490.92170825
1,1,screening,259,61,55,image_62,492.37633224999996
1,1,screening,260,36,33,image_37,498.27092424999995
1,1,screening,261,15,14,image_16,499.68711125
1,1,screening,262,68,62,image_69,501.19145425
1,1,screening,263,54,49,image_55,502.69792225
1,1,screening,264,32,29,image_33,504.19679625
1,1,screening,265,13,12,image_14,505.61813924999996
1,1,screening,266,48,44,image_49,507.06426424999995
1,1,screening,267,65,59,image_66,508.51363825
1,1,screening,268,55,50,image_56,509.99266924999995
1,1,screening,269,42,38,image_43,511.41823124999996
1,1,screening,270,20,18,image_21,512.9067622499999
1,1,screening,271,67,61,image_68,517.48338525
1,1,screening,272,18,17,image_19,518.96791525
1,1,screening,273,34,31,image_35,520.4308522499999
1,1,screening,274,21,19,image_22,521.92028925
1,1,screening,275,53,48,image_54,523.40607025
1,1,screening,276,28,26,image_29,524.9117572499999
1,1,screening,277,50,45,image_51,526.41485025
1,1,screening,278,14,13,image_15,527.85963125
1,1,screening,279,43,39,image_44,531.91700425
1,1,screening,280,30,27,image_31,533.3528162499999
1,1,screening,281,44,40,image_45,534.77056525
1,1,screening,282,22,20,image_23,536.25744025
1,1,screening,283,58,53,image_59,537.72165825
1,1,screening,284,12,11,image_13,539.18140725
1,1,screening,285,52,47,image_53,544.4601242499999
1,1,screening,286,38,35,image_39,545.93621725
1,1,screening,287,26,24,image_27,547.41321625
1,1,screening,288,64,58,image_65,548.91374725
1,1,screening,289,0,0,image_1,550.40924725
1,1,screening,290,66,60,image_67,551.8808712499999
1,1,screening,291,23,21,image_24,553.3141832499999
1,1,screening,292,33,30,image_34,556.87952525
1,1,screening,293,57,52,image_58,558.38224325
1,1,screening,294,40,36,image_41,559.80183625
1,1,screening,295,3,3,image_4,561.26696125
1,1,screening,296,63,57,image_64,562.69871025
1,1,screening,297,4,4,image_5,564.21146025
1,1,screening,298,62,56,image_63,565.69830325
1,1,screening,299,45,41,image_46,567.16308425
1,1,screening,300,11,10,image_12,568.62230225
1,1,screening,301,46,42,image_47,570.03967625
1,1,screening,302,25,23,image_26,571.51992625
1,1,screening,303,27,25,image_28,572.93586225
1,1,screening,304,10,9,image_11,574.35639325
1,1,screening,305,6,6,image_7,575.82176825
1,1,screening,306,35,32,image_36,577.24336125
1,1,screening,307,56,51,image_57,578.73651625
1,1,screening,308,60,54,image_61,580.23001625
1,1,screening,309,2,2,image_3,581.71864025
1,1,screening,310,7,7,image_8,583.14760825
1,1,screening,311,17,16,image_18,584.6276702499999
1,1,screening,312,8,8,image_9,586.09438825
1,1,screening,313,37,34,image_38,587.6056072499999
1,1,screening,314,41,37,image_42,589.08207525
1,1,screening,315,35,32,image_36,590.57438725
1,1,screening,316,6,6,image_7,592.03138625
1,1,screening,317,20,18,image_21,593.48766725
1,1,screening,318,36,33,image_37,596.26422825
1,1,screening,319,62,56,image_63,597.68572825
1,1,screening,320,4,4,image_5,599.11041425
1,1,screening,321,48,44,image_49,600.54310125
1,1,screening,322,17,16,image_18,601.99663225
1,1,screening,323,2,2,image_3,603.49481925
1,1,screening,324,63,57,image_64,604.98822525
1,1,screening,325,25,23,image_26,606.40916225
1,1,screening,326,64,58,image_65,607.86238025
1,1,screening,327,24,22,image_25,609.33194225
1,1,screening,328,10,9,image_11,610.78494125
1,1,screening,329,13,12,image_14,612.27309725
1,1,screening,330,54,49,image_55,613.75175225
1,1,screening,331,30,27,image_31,615.19759625
1,1,screening,332,55,50,image_56,616.6550952499999
1,1,screening,333,68,62,image_69,618.06809425
1,1,screening,334,8,8,image_9,619.58037525
1,1,screening,335,0,0,image_1,621.01206225
1,1,screening,336,3,3,image_4,622.4365302499999
1,1,screening,337,44,40,image_45,623.88718625
1,1,screening,338,33,30,image_34,627.82671525
1,1,screening,339,16,15,image_17,629.28818425
1,1,screening,340,18,17,image_19,630.73715225
1,1,screening,341,11,10,image_12,632.25165125
1,1,screening,342,15,14,image_16,633.7573072499999
1,1,screening,343,51,46,image_52,635.17955625
1,1,screening,344,32,29,image_33,636.66471225
1,1,screening,345,47,43,image_48,638.10558625
1,1,screening,346,5,5,image_6,639.56246125
1,1,screening,347,12,11,image_13,641.02936625
1,1,screening,348,57,52,image_58,642.53967825
1,1,screening,349,21,19,image_22,643.99936525
1,1,screening,350,40,36,image_41,645.51683325
1,1,screening,351,28,26,image_29,646.9596762499999
1,1,screening,352,56,51,image_57,648.44227025
1,1,screening,353,46,42,image_47,649.9237382499999
1,1,screening,354,38,35,image_39,651.39214325
1,1,screening,355,52,47,image_53,652.87786225
1,1,screening,356,23,21,image_24,654.3562362499999
1,1,screening,357,37,34,image_38,657.86057825
1,1,screening,358,67,61,image_68,659.28642225
1,1,screening,359,45,41,image_46,660.79710825
1,1,screening,360,42,38,image_43,662.23329525
1,1,screening,361,41,37,image_42,663.65057625
1,1,screening,362,61,55,image_62,665.12035725
1,1,screening,363,53,48,image_54,666.62113725
1,1,screening,364,34,31,image_35,668.10398025
1,1,screening,365,22,20,image_23,669.53894925
1,1,screening,366,26,24,image_27,670.99410425
1,1,screening,367,50,45,image_51,672.45651025
1,1,screening,368,43,39,image_44,673.9696662499999
1,1,screening,369,65,59,image_66,675.39825925
1,1,screening,370,60,54,image_61,676.89513325
1,1,screening,371,31,28,image_32,678.37166425
1,1,screening,372,58,53,image_59,679.82175725
1,1,screening,373,1,1,image_2,681.25666325
1,1,screening,374,7,7,image_8,682.71506825
1,1,screening,375,27,25,image_28,684.17569325
1,1,screening,376,66,60,image_67,685.60028625
1,1,screening,377,14,13,image_15,687.07322325
1,2,sternberg,0,4,4,image_61,24.0343025
1,2,sternberg,1,0,0,image_22,25.165770499999997
1,2,sternberg,2,2,2,image_53,26.2464265
1,2,sternberg,3,4,4,image_61,29.877643499999998
1,2,sternberg,4,0,0,image_22,31.9413305
1,2,sternberg,5,1,1,image_62,32.9777365
1,2,sternberg,6,3,3,image_44,34.0227365
1,2,sternberg,7,0,0,image_22,37.625297499999995
1,2,sternberg,8,2,2,image_53,40.061671499999996
1,2,sternberg,9,4,4,image_61,41.168139499999995
1,2,sternberg,10,3,3,image_44,42.283545499999995
1,2,sternberg,11,1,1,image_62,45.9137005
1,2,sternberg,12,4,4,image_61,48.8439805
1,2,sternberg,13,0,0,image_22,49.9056985
1,2,sternberg,14,5,5,image_999,49.9156985
1,2,sternberg,15,2,2,image_53,53.532540499999996
1,2,sternberg,16,4,4,image_61,56.3165705
1,2,sternberg,17,1,1,image_62,57.5135395
1,2,sternberg,18,5,5,image_999,57.5235395
1,2,sternberg,19,4,4,image_61,61.075850499999994
1,2,sternberg,20,3,3,image_44,62.942474499999996
1,2,sternberg,21,1,1,image_62,64.06463049999999
1,2,sternberg,22,5,5,image_999,64.0746305
1,2,sternberg,23,1,1,image_62,67.7047225
1,2,sternberg,24,0,0,image_22,69.52037849999999
1,2,sternberg,25,1,1,image_62,70.7014715
1,2,sternberg,26,5,5,image_999,70.7114715
1,2,sternberg,27,3,3,image_44,74.5148765
1,2,sternberg,28,2,2,image_53,76.5324375
1,2,sternberg,29,3,3,image_44,77.57499949999999
1,2,sternberg,30,0,0,image_22,78.6619685
1,2,sternberg,31,4,4,image_61,82.21999749999999
1,2,sternberg,32,1,1,image_62,84.05690349999999
1,2,sternberg,33,2,2,image_53,85.1326845
1,2,sternberg,34,4,4,image_61,86.23337149999999
1,2,sternberg,35,3,3,image_44,89.8940265
1,2,sternberg,36,1,1,image_62,92.2437125
1,2,sternberg,37,2,2,image_53,93.3214625
1,2,sternberg,38,5,5,image_999,93.3314625
1,2,sternberg,39,3,3,image_44,96.9445545
1,2,sternberg,40,1,1,image_62,100.0502405
1,2,sternberg,41,5,5,image_999,100.0602405
1,2,sternberg,42,5,5,image_999,100.07024050000001
1,2,sternberg,43,1,1,image_62,103.7693335
1,2,sternberg,44,0,0,image_22,107.74664349999999
1,2,sternberg,45,5,5,image_999,107.7566435
1,2,sternberg,46,5,5,image_999,107.7666435
1,2,sternberg,47,0,0,image_22,111.5023295
1,2,sternberg,48,3,3,image_44,113.3994855
1,2,sternberg,49,5,5,image_999,113.4094855
1,2,sternberg,50,5,5,image_999,113.41948550000001
1,2,sternberg,51,3,3,image_44,117.10179649999999
1,2,sternberg,52,2,2,image_53,118.8649835
1,2,sternberg,53,4,4,image_61,119.97692049999999
1,2,sternberg,54,3,3,image_44,121.0511695
1,2,sternberg,55,0,0,image_22,124.6351995
1,2,sternberg,56,0,0,image_22,127.07722949999999
1,2,sternberg,57,1,1,image_62,128.2667605
1,2,sternberg,58,3,3,image_44,129.2952915
1,2,sternberg,59,2,2,image_53,133.0472585
1,2,sternberg,60,4,4,image_61,135.6379455
1,2,sternberg,61,5,5,image_999,135.6479455
1,2,sternberg,62,5,5,image_999,135.65794549999998
1,2,sternberg,63,4,4,image_61,139.2384755
1,2,sternberg,64,4,4,image_61,143.6206295
1,2,sternberg,65,5,5,image_999,143.6306295
1,2,sternberg,66,5,5,image_999,143.6406295
1,2,sternberg,67,1,1,image_62,147.2030345
1,2,sternberg,68,3,3,image_44,150.9158765
1,2,sternberg,69,5,5,image_999,150.9258765
1,2,sternberg,70,5,5,image_999,150.93587649999998
1,2,sternberg,71,1,1,image_62,154.49253149999998
1,2,sternberg,72,4,4,image_61,156.4657805
1,2,sternberg,73,2,2,image_53,157.6740305
1,2,sternberg,74,3,3,image_44,158.7482795
1,2,sternberg,75,4,4,image_61,162.3420285
1,2,sternberg,76,1,1,image_62,164.5226525
1,2,sternberg,77,0,0,image_22,165.6823085
1,2,sternberg,78,5,5,image_999,165.6923085
1,2,sternberg,79,0,0,image_22,169.34443149999998
1,2,sternberg,80,2,2,image_53,172.4770555
1,2,sternberg,81,4,4,image_61,173.5910235
1,2,sternberg,82,0,0,image_22,174.62717949999998
1,2,sternberg,83,2,2,image_53,178.3556155
1,2,sternberg,84,1,1,image_62,180.8271455
1,2,sternberg,85,2,2,image_53,181.8587705
1,2,sternberg,86,3,3,image_44,182.9999885
1,2,sternberg,87,4,4,image_61,186.70117449999998
1,2,sternberg,88,4,4,image_61,188.7606425
1,2,sternberg,89,5,5,image_999,188.77064249999998
1,2,sternberg,90,5,5,image_999,188.78064249999997
1,2,sternberg,91,2,2,image_53,192.4166415
1,2,sternberg,92,4,4,image_61,197.80210749999998
1,2,sternberg,93,2,2,image_53,198.9672015
1,2,sternberg,94,5,5,image_999,198.97720149999998
1,2,sternberg,95,4,4,image_61,202.62310549999998
1,2,sternberg,96,1,1,image_62,204.9361985
1,2,sternberg,97,5,5,image_999,204.94619849999998
1,2,sternberg,98,5,5,image_999,204.95619849999997
1,2,sternberg,99,1,1,image_62,208.6217285
1,2,sternberg,100,3,3,image_44,210.45985249999998
1,2,sternberg,101,1,1,image_62,211.4914465
1,2,sternberg,102,0,0,image_22,212.5266015
1,2,sternberg,103,1,1,image_62,216.15860049999998
1,2,sternberg,104,3,3,image_44,218.09553749999998
1,2,sternberg,105,5,5,image_999,218.10553749999997
1,2,sternberg,106,5,5,image_999,218.11553749999996
1,2,sternberg,107,2,2,image_53,221.7809735
1,2,sternberg,108,1,1,image_62,224.29694049999998
1,2,sternberg,109,4,4,image_61,225.43565949999999
1,2,sternberg,110,5,5,image_999,225.44565949999998
1,2,sternberg,111,4,4,image_61,229.17109549999998
1,2,sternberg,112,0,0,image_22,232.2535935
1,2,sternberg,113,5,5,image_999,232.26359349999998
1,2,sternberg,114,5,5,image_999,232.27359349999998
1,2,sternberg,115,0,0,image_22,236.06349849999998
1,2,sternberg,116,0,0,image_22,238.09306049999998
1,2,sternberg,117,3,3,image_44,239.23827849999998
1,2,sternberg,118,5,5,image_999,239.24827849999997
1,2,sternberg,119,4,4,image_61,242.96412049999998
1,2,sternberg,120,0,0,image_22,245.2546515
1,2,sternberg,121,3,3,image_44,246.4167135
1,2,sternberg,122,2,2,image_53,247.4668065
1,2,sternberg,123,4,4,image_61,251.1276485
1,2,sternberg,124,3,3,image_44,253.94483549999998
1,2,sternberg,125,4,4,image_61,254.98192849999998
1,2,sternberg,126,5,5,image_999,254.99192849999997
1,2,sternberg,127,3,3,image_44,258.6764275
1,2,sternberg,128,0,0,image_22,260.7461455
1,2,sternberg,129,2,2,image_53,261.77730049999997
1,2,sternberg,130,5,5,image_999,261.78730049999996
1,2,sternberg,131,2,2,image_53,265.3981745
1,2,sternberg,132,0,0,image_22,268.5207665
1,2,sternberg,133,5,5,image_999,268.53076649999997
1,2,sternberg,134,5,5,image_999,268.54076649999996
1,2,sternberg,135,3,3,image_44,272.26635949999996
1,2,sternberg,136,3,3,image_44,274.7047645
1,2,sternberg,137,1,1,image_62,275.79882649999996
1,2,sternberg,138,0,0,image_22,276.9376385
1,2,sternberg,139,3,3,image_44,280.5803555
1,2,sternberg,140,2,2,image_53,283.5376045
1,2,sternberg,141,5,5,image_999,283.5476045
1,2,sternberg,142,5,5,image_999,283.55760449999997
1,2,sternberg,143,1,1,image_62,287.2396035
1,2,sternberg,144,4,4,image_61,289.5519455
1,2,sternberg,145,2,2,image_53,290.6950395
1,2,sternberg,146,5,5,image_999,290.7050395
1,2,sternberg,147,2,2,image_53,294.35563149999996
1,2,sternberg,148,4,4,image_61,296.9524115
1,2,sternberg,149,5,5,image_999,296.9624115
1,2,sternberg,150,5,5,image_999,296.97241149999996
1,2,sternberg,151,4,4,image_61,300.7045035
1,2,sternberg,152,1,1,image_62,303.5153775
1,2,sternberg,153,4,4,image_61,304.54015849999996
1,2,sternberg,154,0,0,image_22,305.6328455
1,2,sternberg,155,3,3,image_44,309.3645315
1,2,sternberg,156,4,4,image_61,311.4210305
1,2,sternberg,157,0,0,image_22,312.45324949999997
1,2,sternberg,158,5,5,image_999,312.46324949999996
1,2,sternberg,159,4,4,image_61,316.01656049999997
1,2,sternberg,160,2,2,image_53,318.0239345
1,2,sternberg,161,1,1,image_62,319.0949655
1,2,sternberg,162,0,0,image_22,320.1658395
1,2,sternberg,163,0,0,image_22,323.76205749999997
1,2,sternberg,164,3,3,image_44,326.66558749999996
1,2,sternberg,165,2,2,image_53,327.71083649999997
1,2,sternberg,166,5,5,image_999,327.72083649999996
1,2,sternberg,167,4,4,image_61,331.2887105
1,2,sternberg,168,4,4,image_61,333.6661155
1,2,sternberg,169,0,0,image_22,334.73599049999996
1,2,sternberg,170,3,3,image_44,335.7762395
1,2,sternberg,171,0,0,image_22,339.5273635
1,2,sternberg,172,2,2,image_53,344.7564865
1,2,sternberg,173,3,3,image_44,345.7916105
1,2,sternberg,174,5,5,image_999,345.8016105
1,2,sternberg,175,2,2,image_53,349.4975465
1,2,sternberg,176,1,1,image_62,352.1490455
1,2,sternberg,177,5,5,image_999,352.1590455
1,2,sternberg,178,5,5,image_999,352.1690455
1,2,sternberg,179,0,0,image_22,355.7457005
1,2,sternberg,180,3,3,image_44,358.53391849999997
1,2,sternberg,181,5,5,image_999,358.54391849999996
1,2,sternberg,182,5,5,image_999,358.55391849999995
1,2,sternberg,183,3,3,image_44,362.2010415
1,2,sternberg,184,4,4,image_61,364.62107249999997
1,2,sternberg,185,3,3,image_44,365.7476655
1,2,sternberg,186,5,5,image_999,365.7576655
1,2,sternberg,187,0,0,image_22,369.37244549999997
1,2,sternberg,188,2,2,image_53,371.8822565
1,2,sternberg,189,5,5,image_999,371.8922565
1,2,sternberg,190,5,5,image_999,371.90225649999996
1,2,sternberg,191,2,2,image_53,375.5973175
1,2,sternberg,192,1,1,image_62,379.9517845
1,2,sternberg,193,2,2,image_53,380.97234649999996
1,2,sternberg,194,5,5,image_999,380.98234649999995
1,2,sternberg,195,4,4,image_61,384.5897515
1,2,sternberg,196,1,1,image_62,387.4506565
1,2,sternberg,197,5,5,image_999,387.46065649999997
1,2,sternberg,198,5,5,image_999,387.47065649999996
1,2,sternberg,199,3,3,image_44,391.0944985
1,2,sternberg,200,4,4,image_61,393.7081225
1,2,sternberg,201,2,2,image_53,394.8648725
1,2,sternberg,202,5,5,image_999,394.8748725
1,2,sternberg,203,1,1,image_62,398.48274549999996
1,2,sternberg,204,4,4,image_61,400.8417765
1,2,sternberg,205,2,2,image_53,402.01449449999996
1,2,sternberg,206,5,5,image_999,402.02449449999995
1,2,sternberg,207,4,4,image_61,405.5942745
1,2,sternberg,208,3,3,image_44,407.91099249999996
1,2,sternberg,209,4,4,image_61,409.0586475
1,2,sternberg,210,2,2,image_53,410.0978665
1,2,sternberg,211,0,0,image_22,413.8707085
1,2,sternberg,212,2,2,image_53,416.10486349999996
1,2,sternberg,213,5,5,image_999,416.11486349999996
1,2,sternberg,214,5,5,image_999,416.12486349999995
1,2,sternberg,215,3,3,image_44,419.7946745
1,2,sternberg,216,2,2,image_53,423.2446735
1,2,sternberg,217,4,4,image_61,424.33079849999996
1,2,sternberg,218,5,5,image_999,424.34079849999995
1,2,sternberg,219,0,0,image_22,427.96070249999997
1,2,sternberg,220,0,0,image_22,431.76032649999996
1,2,sternberg,221,1,1,image_62,432.8975445
1,2,sternberg,222,5,5,image_999,432.9075445
1,2,sternberg,223,1,1,image_62,436.62938649999995
1,2,sternberg,224,2,2,image_53,438.4645425
1,2,sternberg,225,3,3,image_44,439.5601355
1,2,sternberg,226,5,5,image_999,439.5701355
1,2,sternberg,227,0,0,image_22,443.2148845
1,2,sternberg,228,2,2,image_53,446.6633515
1,2,sternberg,229,5,5,image_999,446.67335149999997
1,2,sternberg,230,5,5,image_999,446.68335149999996
1,2,sternberg,231,1,1,image_62,450.3967565
1,2,sternberg,232,0,0,image_22,453.9665675
1,2,sternberg,233,3,3,image_44,455.13737949999995
1,2,sternberg,234,1,1,image_62,456.2082855
1,2,sternberg,235,1,1,image_62,459.9775965
1,2,sternberg,236,4,4,image_61,462.8401575
1,2,sternberg,237,5,5,image_999,462.85015749999997
1,2,sternberg,238,5,5,image_999,462.86015749999996
1,2,sternberg,239,3,3,image_44,466.6031875
1,2,sternberg,240,3,3,image_44,468.5088115
1,2,sternberg,241,2,2,image_53,469.58840449999997
1,2,sternberg,242,4,4,image_61,470.7952165
1,2,sternberg,243,3,3,image_44,474.43274649999995
1,2,sternberg,244,4,4,image_61,477.31402649999995
1,2,sternberg,245,0,0,image_22,478.33768249999997
1,2,sternberg,246,1,1,image_62,479.4289945
1,2,sternberg,247,3,3,image_44,483.0664935
1,2,sternberg,248,3,3,image_44,486.4103985
1,2,sternberg,249,5,5,image_999,486.4203985
1,2,sternberg,250,5,5,image_999,486.43039849999997
1,2,sternberg,251,3,3,image_44,490.0697715
1,2,sternberg,252,0,0,image_22,493.0895205
1,2,sternberg,253,5,5,image_999,493.0995205
1,2,sternberg,254,5,5,image_999,493.1095205
1,2,sternberg,255,0,0,image_22,496.6990505
1,2,sternberg,256,3,3,image_44,498.5495805
1,2,sternberg,257,5,5,image_999,498.5595805
1,2,sternberg,258,5,5,image_999,498.5695805
1,2,sternberg,259,4,4,image_61,502.1612985
1,2,sternberg,260,3,3,image_44,504.08876649999996
1,2,sternberg,261,0,0,image_22,505.22182849999996
1,2,sternberg,262,4,4,image_61,506.25379649999996
1,2,sternberg,263,2,2,image_53,510.0454195
1,2,sternberg,264,1,1,image_62,512.0874195
1,2,sternberg,265,5,5,image_999,512.0974195
1,2,sternberg,266,5,5,image_999,512.1074195
1,2,sternberg,267,1,1,image_62,515.7972925
1,2,sternberg,268,0,0,image_22,519.1225724999999
1,2,sternberg,269,4,4,image_61,520.2207595
1,2,sternberg,270,2,2,image_53,521.2742595
1,2,sternberg,271,1,1,image_62,525.0616014999999
1,2,sternberg,272,3,3,image_44,606.3407565
1,2,sternberg,273,0,0,image_22,607.5454125
1,2,sternberg,274,5,5,image_999,607.5554125
1,2,sternberg,275,3,3,image_44,611.1827545
1,2,sternberg,276,2,2,image_53,614.3701904999999
1,2,sternberg,277,5,5,image_999,614.3801904999999
1,2,sternberg,278,5,5,image_999,614.3901904999999
1,2,sternberg,279,1,1,image_62,618.0921265
1,2,sternberg,280,4,4,image_61,620.6502505
1,2,sternberg,281,5,5,image_999,620.6602505
1,2,sternberg,282,5,5,image_999,620.6702505
1,2,sternberg,283,4,4,image_61,624.2381245
1,2,sternberg,284,2,2,image_53,626.1130294999999
1,2,sternberg,285,4,4,image_61,627.3079974999999
1,2,sternberg,286,5,5,image_999,627.3179974999999
1,2,sternberg,287,2,2,image_53,630.9480275
1,2,sternberg,288,0,0,image_22,633.0574955
1,2,sternberg,289,5,5,image_999,633.0674955
1,2,sternberg,290,5,5,image_999,633.0774954999999
1,2,sternberg,291,1,1,image_62,636.8585254999999
1,2,sternberg,292,0,0,image_22,639.3088994999999
1,2,sternberg,293,2,2,image_53,640.3771485
1,2,sternberg,294,1,1,image_62,641.5211795
1,2,sternberg,295,3,3,image_44,645.1950535
1,2,sternberg,296,0,0,image_22,647.8854585
1,2,sternberg,297,1,1,image_62,649.0027395
1,2,sternberg,298,5,5,image_999,649.0127395
1,2,sternberg,299,3,3,image_44,652.6976125
1,2,sternberg,300,0,0,image_22,655.3311745
1,2,sternberg,301,1,1,image_62,656.4092674999999
1,2,sternberg,302,2,2,image_53,657.6126105
1,2,sternberg,303,4,4,image_61,661.2969845
1,2,sternberg,304,4,4,image_61,663.6117644999999
1,2,sternberg,305,5,5,image_999,663.6217644999999
1,2,sternberg,306,5,5,image_999,663.6317644999999
1,2,sternberg,307,4,4,image_61,667.1945754999999
1,2,sternberg,308,1,1,image_62,671.4276675
1,2,sternberg,309,5,5,image_999,671.4376675
1,2,sternberg,310,5,5,image_999,671.4476675
1,2,sternberg,311,0,0,image_22,675.0520415
1,2,sternberg,312,1,1,image_62,677.2630715
1,2,sternberg,313,2,2,image_53,678.3469775
1,2,sternberg,314,5,5,image_999,678.3569775
1,2,sternberg,315,0,0,image_22,682.0865074999999
1,2,sternberg,316,1,1,image_62,684.2045375
1,2,sternberg,317,2,2,image_53,685.3096305
1,2,sternberg,318,3,3,image_44,686.4416924999999
1,2,sternberg,319,3,3,image_44,690.0334105
1,2,sternberg,320,1,1,image_62,692.8732845
1,2,sternberg,321,0,0,image_22,693.9028774999999
1,2,sternberg,322,5,5,image_999,693.9128774999999
1,2,sternberg,323,4,4,image_61,697.4745634999999
1,2,sternberg,324,0,0,image_22,700.0256565
1,2,sternberg,325,4,4,image_61,701.0527185
1,2,sternberg,326,5,5,image_999,701.0627185
1,2,sternberg,327,1,1,image_62,704.6560605
1,2,sternberg,328,1,1,image_62,706.7105905
1,2,sternberg,329,3,3,image_44,707.7852154999999
1,2,sternberg,330,5,5,image_999,707.7952154999999
1,2,sternberg,331,0,0,image_22,711.4056825
1,2,sternberg,332,0,0,image_22,714.8589005
1,2,sternberg,333,3,3,image_44,715.9447435
1,2,sternberg,334,5,5,image_999,715.9547435
1,2,sternberg,335,0,0,image_22,719.5341175
1,2,sternberg,336,2,2,image_53,721.8398344999999
1,2,sternberg,337,1,1,image_62,722.9442405
1,2,sternberg,338,5,5,image_999,722.9542405
1,2,sternberg,339,1,1,image_62,726.6632705
1,2,sternberg,340,3,3,image_44,729.6524254999999
1,2,sternberg,341,0,0,image_22,730.8016124999999
1,2,sternberg,342,1,1,image_62,731.9319555
1,2,sternberg,343,1,1,image_62,735.6207985
1,2,sternberg,344,2,2,image_53,738.0640155
1,2,sternberg,345,5,5,image_999,738.0740155
1,2,sternberg,346,5,5,image_999,738.0840155
1,2,sternberg,347,2,2,image_53,741.7975455
1,2,sternberg,348,1,1,image_62,745.9906065
1,2,sternberg,349,2,2,image_53,747.1093245
1,2,sternberg,350,5,5,image_999,747.1193245
1,2,sternberg,351,4,4,image_61,750.8857294999999
1,2,sternberg,352,4,4,image_61,753.1100094999999
1,2,sternberg,353,5,5,image_999,753.1200094999999
1,2,sternberg,354,5,5,image_999,753.1300094999999
1,2,sternberg,355,2,2,image_53,756.8306335
1,2,sternberg,356,3,3,image_44,762.4264744999999
1,2,sternberg,357,0,0,image_22,763.4990994999999
1,2,sternberg,358,5,5,image_999,763.5090994999999
1,2,sternberg,359,3,3,image_44,767.2671604999999
1,2,sternberg,360,4,4,image_61,770.6008465
1,2,sternberg,361,3,3,image_44,771.7410964999999
1,2,sternberg,362,2,2,image_53,772.8061265
1,2,sternberg,363,2,2,image_53,776.4520944999999
1,2,sternberg,364,2,2,image_53,778.7696555
1,2,sternberg,365,1,1,image_62,779.7998745
1,2,sternberg,366,5,5,image_999,779.8098745
1,2,sternberg,367,2,2,image_53,783.4429974999999
1,2,sternberg,368,2,2,image_53,785.5527465
1,2,sternberg,369,5,5,image_999,785.5627465
1,2,sternberg,370,5,5,image_999,785.5727465
1,2,sternberg,371,2,2,image_53,789.2099645
1,2,sternberg,372,0,0,image_22,790.8529325
1,2,sternberg,373,3,3,image_44,791.9775874999999
1,2,sternberg,374,5,5,image_999,791.9875874999999
1,2,sternberg,375,2,2,image_53,795.6593365
1,2,sternberg,376,3,3,image_44,798.1857725
1,2,sternberg,377,4,4,image_61,799.2637414999999
1,2,sternberg,378,5,5,image_999,799.2737414999999
1,2,sternberg,379,0,0,image_22,802.9756145
1,2,sternberg,380,1,1,image_62,805.0943014999999
1,2,sternberg,381,0,0,image_22,806.2355195
1,2,sternberg,382,2,2,image_53,807.3617385
1,2,sternberg,383,4,4,image_61,811.0601425
1,2,sternberg,384,0,0,image_22,814.1108605
1,2,sternberg,385,5,5,image_999,814.1208604999999
1,2,sternberg,386,5,5,image_999,814.1308604999999
1,2,sternberg,387,0,0,image_22,817.7507654999999
1,2,sternberg,388,3,3,image_44,820.3124825
1,2,sternberg,389,5,5,image_999,820.3224825
1,2,sternberg,390,5,5,image_999,820.3324825
1,2,sternberg,391,4,4,image_61,823.8901374999999
1,2,sternberg,392,1,1,image_62,829.1392605
1,2,sternberg,393,5,5,image_999,829.1492605
1,2,sternberg,394,5,5,image_999,829.1592605
1,2,sternberg,395,3,3,image_44,832.7481654999999
1,2,sternberg,396,3,3,image_44,835.2402265
1,2,sternberg,397,4,4,image_61,836.3266325
1,2,sternberg,398,5,5,image_999,836.3366325
1,2,sternberg,399,0,0,image_22,839.8996935
1,2,sternberg,400,1,1,image_62,844.2634415
1,2,sternberg,401,3,3,image_44,845.4086605
1,2,sternberg,402,4,4,image_61,846.5943165
1,2,sternberg,403,1,1,image_62,850.1624085
1,2,sternberg,404,4,4,image_61,852.7228134999999
1,2,sternberg,405,3,3,image_44,853.8742505
1,2,sternberg,406,5,5,image_999,853.8842505
1,2,sternberg,407,3,3,image_44,857.6351555
1,2,sternberg,408,0,0,image_22,859.8274984999999
1,2,sternberg,409,1,1,image_62,860.8926544999999
1,2,sternberg,410,5,5,image_999,860.9026544999999
1,2,sternberg,411,3,3,image_44,864.6265585
1,2,sternberg,412,0,0,image_22,866.7119644999999
1,2,sternberg,413,2,2,image_53,867.8153384999999
1,2,sternberg,414,4,4,image_61,868.9350885
1,2,sternberg,415,0,0,image_22,872.5898364999999
1,2,sternberg,416,2,2,image_53,875.0688675
1,2,sternberg,417,0,0,image_22,876.1035855
1,2,sternberg,418,4,4,image_61,877.2064915
1,2,sternberg,419,0,0,image_22,880.8834895
1,2,sternberg,420,3,3,image_44,882.8844885
1,2,sternberg,421,4,4,image_61,883.9149884999999
1,2,sternberg,422,5,5,image_999,883.9249884999999
1,2,sternberg,423,1,1,image_62,887.5831435
1,2,sternberg,424,2,2,image_53,889.7825795
1,2,sternberg,425,3,3,image_44,890.9501735
1,2,sternberg,426,5,5,image_999,890.9601735
1,2,sternberg,427,4,4,image_61,894.7156405
1,2,sternberg,428,1,1,image_62,898.4957955
1,2,sternberg,429,4,4,image_61,899.6482944999999
1,2,sternberg,430,2,2,image_53,900.7717944999999
1,2,sternberg,431,4,4,image_61,904.3586995
1,2,sternberg,432,2,2,image_53,906.9865735
1,2,sternberg,433,5,5,image_999,906.9965735
1,2,sternberg,434,5,5,image_999,907.0065735
1,2,sternberg,435,2,2,image_53,910.7844465
1,2,sternberg,436,4,4,image_61,913.5467265
1,2,sternberg,437,2,2,image_53,914.7298515
1,2,sternberg,438,1,1,image_62,915.9237565
1,2,sternberg,439,0,0,image_22,919.6043804999999
1,2,sternberg,440,3,3,image_44,921.9636605
1,2,sternberg,441,5,5,image_999,921.9736604999999
1,2,sternberg,442,5,5,image_999,921.9836604999999
1,2,sternberg,443,2,2,image_53,925.7179715
1,2,sternberg,444,1,1,image_62,927.8750024999999
1,2,sternberg,445,4,4,image_61,928.9665325
1,2,sternberg,446,5,5,image_999,928.9765325
1,2,sternberg,447,1,1,image_62,932.7856254999999
1,2,sternberg,448,0,0,image_22,936.7198735
1,2,sternberg,449,5,5,image_999,936.7298734999999
1,2,sternberg,450,5,5,image_999,936.7398734999999
1,2,sternberg,451,3,3,image_44,940.3743095
1,2,sternberg,452,4,4,image_61,942.3794025
1,2,sternberg,453,5,5,image_999,942.3894025
1,2,sternberg,454,5,5,image_999,942.3994025
1,2,sternberg,455,4,4,image_61,946.0393694999999
1,2,sternberg,456,4,4,image_61,948.9944314999999
1,2,sternberg,457,2,2,image_53,950.1824305
1,2,sternberg,458,3,3,image_44,951.3425555
1,2,sternberg,459,3,3,image_44,955.0743355
1,2,sternberg,460,3,3,image_44,957.9985835
1,2,sternberg,461,4,4,image_61,959.0875205
1,2,sternberg,462,1,1,image_62,960.1501764999999
1,2,sternberg,463,0,0,image_22,963.8487375
1,2,sternberg,464,2,2,image_53,965.9030805
1,2,sternberg,465,3,3,image_44,967.0097985
1,2,sternberg,466,4,4,image_61,968.1563924999999
1,2,sternberg,467,4,4,image_61,971.9092344999999
1,2,sternberg,468,1,1,image_62,974.3652334999999
1,2,sternberg,469,5,5,image_999,974.3752334999999
1,2,sternberg,470,5,5,image_999,974.3852334999999
1,2,sternberg,471,4,4,image_61,978.1238884999999
1,2,sternberg,472,2,2,image_53,980.5961064999999
1,2,sternberg,473,0,0,image_22,981.6904804999999
1,2,sternberg,474,5,5,image_999,981.7004804999999
1,2,sternberg,475,2,2,image_53,985.3166665
1,2,sternberg,476,4,4,image_61,987.3396035
1,2,sternberg,477,1,1,image_62,988.4151965
1,2,sternberg,478,0,0,image_22,989.4980395
1,2,sternberg,479,2,2,image_53,993.1914135
1,2,sternberg,480,3,3,image_44,995.8011315
1,2,sternberg,481,1,1,image_62,996.9397865
1,2,sternberg,482,5,5,image_999,996.9497865
1,2,sternberg,483,3,3,image_44,1000.7297854999999
1,2,sternberg,484,3,3,image_44,1002.9003785
1,2,sternberg,485,1,1,image_62,1003.9300025
1,2,sternberg,486,0,0,image_22,1004.9650965
1,2,sternberg,487,2,2,image_53,1008.5574694999999
1,2,sternberg,488,1,1,image_62,1010.6829684999999
1,2,sternberg,489,5,5,image_999,1010.6929684999999
1,2,sternberg,490,5,5,image_999,1010.7029684999999
1,2,sternberg,491,1,1,image_62,1014.2474364999999
1,2,sternberg,492,0,0,image_22,1017.8870595
1,2,sternberg,493,5,5,image_999,1017.8970595
1,2,sternberg,494,5,5,image_999,1017.9070595
1,2,sternberg,495,0,0,image_22,1021.6270894999999
1,2,sternberg,496,1,1,image_62,1024.9420565
1,2,sternberg,497,3,3,image_44,1026.0360564999999
1,2,sternberg,498,0,0,image_22,1027.1418065
1,2,sternberg,499,3,3,image_44,1030.7711485
1,2,sternberg,500,2,2,image_53,1033.7509595
1,2,sternberg,501,0,0,image_22,1034.8364275
1,2,sternberg,502,5,5,image_999,1034.8464275
1,2,sternberg,503,1,1,image_62,1038.5668014999999
1,2,sternberg,504,2,2,image_53,1042.5734875
1,2,sternberg,505,4,4,image_61,1043.6319865
1,2,sternberg,506,3,3,image_44,1044.8186425
1,2,sternberg,507,3,3,image_44,1048.5143595
1,2,sternberg,508,0,0,image_22,1053.3114835
1,2,sternberg,509,5,5,image_999,1053.3214834999999
1,2,sternberg,510,5,5,image_999,1053.3314834999999
1,2,sternberg,511,2,2,image_53,1056.9249195
1,2,sternberg,512,2,2,image_53,1059.1957304999999
1,2,sternberg,513,5,5,image_999,1059.2057304999998
1,2,sternberg,514,5,5,image_999,1059.2157304999998
1,2,sternberg,515,2,2,image_53,1062.9360104999998
1,2,sternberg,516,4,4,image_61,1066.2026655
1,2,sternberg,517,0,0,image_22,1067.2407895
1,2,sternberg,518,1,1,image_62,1068.3602584999999
1,2,sternberg,519,2,2,image_53,1072.0690694999998
1,2,sternberg,520,3,3,image_44,1074.3697244999998
1,2,sternberg,521,1,1,image_62,1075.4677864999999
1,2,sternberg,522,2,2,image_53,1076.5538795
1,2,sternberg,523,0,0,image_22,1080.3093784999999
1,2,sternberg,524,2,2,image_53,1083.3336895
1,2,sternberg,525,0,0,image_22,1084.4972834999999
1,2,sternberg,526,4,4,image_61,1085.6464385
1,2,sternberg,527,4,4,image_61,1089.2366565
1,2,sternberg,528,0,0,image_22,1091.1952495
1,2,sternberg,529,3,3,image_44,1092.2481545
1,2,sternberg,530,1,1,image_62,1093.4221854999998
1,2,sternberg,531,2,2,image_53,1097.0493095
1,2,sternberg,532,3,3,image_44,1100.6229325
1,2,sternberg,533,5,5,image_999,1100.6329325
1,2,sternberg,534,5,5,image_999,1100.6429325
1,2,sternberg,535,1,1,image_62,1104.2505875
1,2,sternberg,536,0,0,image_22,1107.0428984999999
1,2,sternberg,537,3,3,image_44,1108.0630865
1,2,sternberg,538,4,4,image_61,1109.0950235
1,2,sternberg,539,1,1,image_62,1112.6532714999998
2,1,screening,0,30,27,image_31,115.95313999999999
2,1,screening,1,25,23,image_26,117.469483
2,1,screening,2,38,35,image_39,119.00279499999999
2,1,screening,3,16,15,image_17,120.45276299999999
2,1,screening,4,55,50,image_56,121.986075
2,1,screening,5,43,39,image_44,123.48616799999999
2,1,screening,6,0,0,image_1,127.235917
2,1,screening,7,40,36,image_41,128.702604
2,1,screening,8,53,48,image_54,130.202572
2,1,screening,9,46,42,image_47,131.735915
2,1,screening,10,66,60,image_67,133.269164
2,1,screening,11,18,17,image_19,134.719101
2,1,screening,12,68,62,image_69,136.25250699999998
2,1,screening,13,11,10,image_12,137.785694
2,1,screening,14,48,44,image_49,139.269068
2,1,screening,15,17,16,image_18,140.78569199999998
2,1,screening,16,51,46,image_52,142.235692
2,1,screening,17,1,1,image_2,143.718973
2,1,screening,18,54,49,image_55,145.252316
2,1,screening,19,13,12,image_14,146.768878
2,1,screening,20,35,32,image_36,148.302221
2,1,screening,21,44,40,image_45,149.802189
2,1,screening,22,22,20,image_23,151.235469
2,1,screening,23,27,25,image_28,152.752125
2,1,screening,24,32,29,image_33,154.285437
2,1,screening,25,60,54,image_61,155.785405
2,1,screening,26,2,2,image_3,157.286342
2,1,screening,27,4,4,image_5,158.801998
2,1,screening,28,33,30,image_34,160.285341
2,1,screening,29,31,28,image_32,161.785278
2,1,screening,30,37,34,image_38,163.23602699999998
2,1,screening,31,42,38,image_43,164.75187
2,1,screening,32,6,6,image_7,168.6854
2,1,screening,33,3,3,image_4,170.151806
2,1,screening,34,58,53,image_59,171.585118
2,1,screening,35,56,51,image_57,173.035054
2,1,screening,36,26,24,image_27,174.551773
2,1,screening,37,45,41,image_46,176.051647
2,1,screening,38,64,58,image_65,177.51833399999998
2,1,screening,39,8,8,image_9,179.051583
2,1,screening,40,61,55,image_62,180.484958
2,1,screening,41,62,56,image_63,181.96823799999999
2,1,screening,42,20,18,image_21,185.735049
2,1,screening,43,14,13,image_15,187.251486
2,1,screening,44,24,22,image_25,188.768111
2,1,screening,45,12,11,image_13,190.218079
2,1,screening,46,63,57,image_64,191.70142199999998
2,1,screening,47,57,52,image_58,193.18470299999998
2,1,screening,48,15,14,image_16,194.68467099999998
2,1,screening,49,67,61,image_68,196.184639
2,1,screening,50,41,37,image_42,197.701357
2,1,screening,51,47,43,image_48,199.16791899999998
2,1,screening,52,52,47,image_53,200.667856
2,1,screening,53,34,31,image_35,202.16788699999998
2,1,screening,54,23,21,image_24,203.618323
2,1,screening,55,36,33,image_37,205.067823
2,1,screening,56,21,19,image_22,206.551135
2,1,screening,57,5,5,image_6,208.08444699999998
2,1,screening,58,28,26,image_29,209.55107099999998
2,1,screening,59,50,45,image_51,211.05106999999998
2,1,screening,60,7,7,image_8,212.501882
2,1,screening,61,65,59,image_66,214.017663
2,1,screening,62,10,9,image_11,215.48434999999998
2,1,screening,63,63,57,image_64,219.317692
2,1,screening,64,35,32,image_36,220.81750399999999
2,1,screening,65,48,44,image_49,222.334378
2,1,screening,66,33,30,image_34,223.86744
2,1,screening,67,34,31,image_35,225.36753299999998
2,1,screening,68,20,18,image_21,226.81747
2,1,screening,69,0,0,image_1,228.26737599999998
2,1,screening,70,46,42,image_47,229.71737499999998
2,1,screening,71,60,54,image_61,231.250687
2,1,screening,72,45,41,image_46,232.71728099999999
2,1,screening,73,32,29,image_33,234.233936
2,1,screening,74,65,59,image_66,265.40020499999997
2,1,screening,75,12,11,image_13,266.933454
2,1,screening,76,62,56,image_63,268.399985
2,1,screening,77,17,16,image_18,269.84995299999997
2,1,screening,78,18,17,image_19,271.299921
2,1,screening,79,58,53,image_59,272.799921
2,1,screening,80,6,6,image_7,274.283233
2,1,screening,81,68,62,image_69,275.74985699999996
2,1,screening,82,38,35,image_39,277.266513
2,1,screening,83,54,49,image_55,278.766481
2,1,screening,84,36,33,image_37,280.26648
2,1,screening,85,8,8,image_9,281.79979199999997
2,1,screening,86,66,60,image_67,283.266416
2,1,screening,87,37,34,image_38,287.633196
2,1,screening,88,2,2,image_3,289.149633
2,1,screening,89,3,3,image_4,290.632945
2,1,screening,90,23,21,image_24,292.132882
2,1,screening,91,53,48,image_54,293.566194
2,1,screening,92,57,52,image_58,295.016193
2,1,screening,93,30,27,image_31,296.51622399999997
2,1,screening,94,50,45,image_51,298.03281699999997
2,1,screening,95,51,46,image_52,299.566097
2,1,screening,96,15,14,image_16,301.016097
2,1,screening,97,27,25,image_28,302.516096
2,1,screening,98,25,23,image_26,303.999377
2,1,screening,99,14,13,image_15,305.432658
2,1,screening,100,61,55,image_62,306.899313
2,1,screening,101,1,1,image_2,308.349344
2,1,screening,102,13,12,image_14,309.865906
2,1,screening,103,41,37,image_42,311.332593
2,1,screening,104,24,22,image_25,312.815905
2,1,screening,105,22,20,image_23,316.53259099999997
2,1,screening,106,26,24,image_27,318.032465
2,1,screening,107,4,4,image_5,319.499152
2,1,screening,108,7,7,image_8,320.99908899999997
2,1,screening,109,55,50,image_56,322.499088
2,1,screening,110,67,61,image_68,323.999056
2,1,screening,111,47,43,image_48,325.482368
2,1,screening,112,28,26,image_29,326.915649
2,1,screening,113,56,51,image_57,328.365586
2,1,screening,114,64,58,image_65,329.898929
2,1,screening,115,40,36,image_41,331.348928
2,1,screening,116,5,5,image_6,332.865553
2,1,screening,117,42,38,image_43,334.348833
2,1,screening,118,11,10,image_12,335.882145
2,1,screening,119,10,9,image_11,337.315614
2,1,screening,120,52,47,image_53,338.79873799999996
2,1,screening,121,16,15,image_17,340.24879999999996
2,1,screening,122,43,39,image_44,341.782081
2,1,screening,123,21,19,image_22,343.215361
2,1,screening,124,44,40,image_45,344.732017
2,1,screening,125,31,28,image_32,346.24864099999996
2,1,screening,126,64,58,image_65,347.765266
2,1,screening,127,5,5,image_6,349.199609
2,1,screening,128,54,49,image_55,350.665421
2,1,screening,129,45,41,image_46,352.115326
2,1,screening,130,46,42,image_47,353.631888
2,1,screening,131,47,43,image_48,355.115169
2,1,screening,132,53,48,image_54,359.93172899999996
2,1,screening,133,36,33,image_37,361.381729
2,1,screening,134,30,27,image_31,362.848353
2,1,screening,135,51,46,image_52,364.29829
2,1,screening,136,10,9,image_11,365.748321
2,1,screening,137,37,34,image_38,367.264945
2,1,screening,138,21,19,image_22,368.74841299999997
2,1,screening,139,8,8,image_9,370.231538
2,1,screening,140,43,39,image_44,371.681537
2,1,screening,141,24,22,image_25,375.46500399999996
2,1,screening,142,6,6,image_7,376.964785
2,1,screening,143,20,18,image_21,378.43237799999997
2,1,screening,144,14,13,image_15,379.914721
2,1,screening,145,1,1,image_2,381.398065
2,1,screening,146,16,15,image_17,382.831345
2,1,screening,147,38,35,image_39,384.29796999999996
2,1,screening,148,7,7,image_8,385.748
2,1,screening,149,12,11,image_13,387.19793699999997
2,1,screening,150,26,24,image_27,388.66459299999997
2,1,screening,151,4,4,image_5,390.131999
2,1,screening,152,52,47,image_53,391.56449799999996
2,1,screening,153,50,45,image_51,394.831309
2,1,screening,154,33,30,image_34,396.364402
2,1,screening,155,68,62,image_69,397.847714
2,1,screening,156,44,40,image_45,399.331057
2,1,screening,157,56,51,image_57,400.79774399999997
2,1,screening,158,60,54,image_61,402.31433699999997
2,1,screening,159,35,32,image_36,403.79768099999995
2,1,screening,160,66,60,image_67,405.24758599999996
2,1,screening,161,25,23,image_26,406.764273
2,1,screening,162,48,44,image_49,408.23099099999996
2,1,screening,163,2,2,image_3,409.680866
2,1,screening,164,58,53,image_59,411.147521
2,1,screening,165,3,3,image_4,412.59749
2,1,screening,166,0,0,image_1,414.047458
2,1,screening,167,40,36,image_41,415.58077
2,1,screening,168,18,17,image_19,417.114082
2,1,screening,169,28,26,image_29,418.597425
2,1,screening,170,15,14,image_16,420.030674
2,1,screening,171,42,38,image_43,421.49736099999996
2,1,screening,172,22,20,image_23,422.96411
2,1,screening,173,17,16,image_18,424.480985
2,1,screening,174,61,55,image_62,425.91392199999996
2,1,screening,175,11,10,image_12,427.347202
2,1,screening,176,41,37,image_42,428.79720199999997
2,1,screening,177,27,25,image_28,430.297201
2,1,screening,178,55,50,image_56,431.813857
2,1,screening,179,31,28,image_32,433.313794
2,1,screening,180,65,59,image_66,434.797106
2,1,screening,181,62,56,image_63,436.28054299999997
2,1,screening,182,34,31,image_35,452.580286
2,1,screening,183,13,12,image_14,454.09678499999995
2,1,screening,184,57,52,image_58,455.54675399999996
2,1,screening,185,23,21,image_24,457.06334699999996
2,1,screening,186,63,57,image_64,458.513377
2,1,screening,187,32,29,image_33,459.979971
2,1,screening,188,67,61,image_68,461.47997
2,1,screening,189,23,21,image_24,462.99659399999996
2,1,screening,190,32,29,image_33,464.42996899999997
2,1,screening,191,43,39,image_44,465.96324899999996
2,1,screening,192,35,32,image_36,467.47993599999995
2,1,screening,193,64,58,image_65,468.96318599999995
2,1,screening,194,12,11,image_13,470.446529
2,1,screening,195,65,59,image_66,471.92984099999995
2,1,screening,196,24,22,image_25,473.396434
2,1,screening,197,38,35,image_39,474.879777
2,1,screening,198,52,47,image_53,476.363026
2,1,screening,199,66,60,image_67,477.879713
2,1,screening,200,41,37,image_42,479.39633799999996
2,1,screening,201,67,61,image_68,480.896306
2,1,screening,202,42,38,image_43,482.363055
2,1,screening,203,37,34,image_38,483.87958599999996
2,1,screening,204,40,36,image_41,485.379617
2,1,screening,205,62,56,image_63,486.84624099999996
2,1,screening,206,57,52,image_58,488.37952199999995
2,1,screening,207,28,26,image_29,489.89617699999997
2,1,screening,208,2,2,image_3,491.396145
2,1,screening,209,10,9,image_11,492.896145
2,1,screening,210,56,51,image_57,494.396082
2,1,screening,211,45,41,image_46,495.84605
2,1,screening,212,34,31,image_35,497.31273699999997
2,1,screening,213,61,55,image_62,498.796049
2,1,screening,214,51,46,image_52,500.26264199999997
2,1,screening,215,0,0,image_1,501.77942299999995
2,1,screening,216,26,24,image_27,505.27939
2,1,screening,217,36,33,image_37,506.72923299999997
2,1,screening,218,53,48,image_54,508.17917
2,1,screening,219,3,3,image_4,509.629169
2,1,screening,220,48,44,image_49,511.112481
2,1,screening,221,50,45,image_51,512.579106
2,1,screening,222,46,42,image_47,514.1125109999999
2,1,screening,223,30,27,image_31,515.595792
2,1,screening,224,58,53,image_59,517.062354
2,1,screening,225,5,5,image_6,518.5790099999999
2,1,screening,226,22,20,image_23,520.11229
2,1,screening,227,20,18,image_21,521.5956649999999
2,1,screening,228,8,8,image_9,523.04557
2,1,screening,229,33,30,image_34,524.512257
2,1,screening,230,68,62,image_69,525.978882
2,1,screening,231,13,12,image_14,530.295692
2,1,screening,232,31,28,image_32,531.7620979999999
2,1,screening,233,44,40,image_45,533.2620969999999
2,1,screening,234,60,54,image_61,534.762128
2,1,screening,235,14,13,image_15,536.212034
2,1,screening,236,11,10,image_12,537.662002
2,1,screening,237,47,43,image_48,539.1287199999999
2,1,screening,238,15,14,image_16,540.595282
2,1,screening,239,7,7,image_8,542.0786879999999
2,1,screening,240,18,17,image_19,543.561906
2,1,screening,241,1,1,image_2,544.995249
2,1,screening,242,27,25,image_28,546.461873
2,1,screening,243,6,6,image_7,547.978529
2,1,screening,244,54,49,image_55,551.44534
2,1,screening,245,25,23,image_26,552.978464
2,1,screening,246,55,50,image_56,554.478401
2,1,screening,247,16,15,image_17,555.961744
2,1,screening,248,4,4,image_5,557.461681
2,1,screening,249,21,19,image_22,558.928368
2,1,screening,250,63,57,image_64,560.411649
2,1,screening,251,17,16,image_18,561.945023
2,1,screening,252,24,22,image_25,563.444929
2,1,screening,253,16,15,image_17,564.944928
2,1,screening,254,1,1,image_2,566.411553
2,1,screening,255,31,28,image_32,567.894833
2,1,screening,256,51,46,image_52,569.394802
2,1,screening,257,5,5,image_6,570.89477
2,1,screening,258,47,43,image_48,572.378113
2,1,screening,259,61,55,image_62,573.8447689999999
2,1,screening,260,36,33,image_37,578.411485
2,1,screening,261,15,14,image_16,579.844641
2,1,screening,262,68,62,image_69,581.377922
2,1,screening,263,54,49,image_55,582.911265
2,1,screening,264,32,29,image_33,584.4278889999999
2,1,screening,265,13,12,image_14,585.877857
2,1,screening,266,48,44,image_49,587.344513
2,1,screening,267,65,59,image_66,588.811169
2,1,screening,268,55,50,image_56,590.311168
2,1,screening,269,42,38,image_43,591.761074
2,1,screening,270,20,18,image_21,593.2777609999999
2,1,screening,271,67,61,image_68,596.577822
2,1,screening,272,18,17,image_19,598.077665
2,1,screening,273,34,31,image_35,599.560977
2,1,screening,274,21,19,image_22,601.077664
2,1,screening,275,53,48,image_54,602.594288
2,1,screening,276,28,26,image_29,604.127569
2,1,screening,277,50,45,image_51,605.6609119999999
2,1,screening,278,14,13,image_15,607.1275049999999
2,1,screening,279,43,39,image_44,611.011754
2,1,screening,280,30,27,image_31,612.460847
2,1,screening,281,44,40,image_45,613.894096
2,1,screening,282,22,20,image_23,615.394189
2,1,screening,283,58,53,image_59,616.877345
2,1,screening,284,12,11,image_13,618.360657
2,1,screening,285,52,47,image_53,622.3440929999999
2,1,screening,286,38,35,image_39,623.843905
2,1,screening,287,26,24,image_27,625.343904
2,1,screening,288,64,58,image_65,626.8771849999999
2,1,screening,289,0,0,image_1,628.3938089999999
2,1,screening,290,66,60,image_67,629.8938089999999
2,1,screening,291,23,21,image_24,631.3437769999999
2,1,screening,292,33,30,image_34,634.560557
2,1,screening,293,57,52,image_58,636.0770249999999
2,1,screening,294,40,36,image_41,637.510399
2,1,screening,295,3,3,image_4,638.993649
2,1,screening,296,63,57,image_64,640.443617
2,1,screening,297,4,4,image_5,641.9769289999999
2,1,screening,298,62,56,image_63,643.4769279999999
2,1,screening,299,45,41,image_46,644.960209
2,1,screening,300,11,10,image_12,646.4435209999999
2,1,screening,301,46,42,image_47,647.893551
2,1,screening,302,25,23,image_26,649.410207
2,1,screening,303,27,25,image_28,650.843488
2,1,screening,304,10,9,image_11,652.2768
2,1,screening,305,6,6,image_7,653.7601109999999
2,1,screening,306,35,32,image_36,655.21008
2,1,screening,307,56,51,image_57,656.7267039999999
2,1,screening,308,60,54,image_61,658.2433599999999
2,1,screening,309,2,2,image_3,659.760015
2,1,screening,310,7,7,image_8,661.210015
2,1,screening,311,17,16,image_18,662.70992
2,1,screening,312,8,8,image_9,664.193232
2,1,screening,313,37,34,image_38,665.726544
2,1,screening,314,41,37,image_42,667.226512
2,1,screening,315,35,32,image_36,668.743199
2,1,screening,316,6,6,image_7,670.2264799999999
2,1,screening,317,20,18,image_21,671.709792
2,1,screening,318,36,33,image_37,675.343228
2,1,screening,319,62,56,image_63,676.776383
2,1,screening,320,4,4,image_5,678.226414
2,1,screening,321,48,44,image_49,679.6763199999999
2,1,screening,322,17,16,image_18,681.1436
2,1,screening,323,2,2,image_3,682.659631
2,1,screening,324,63,57,image_64,684.176256
2,1,screening,325,25,23,image_26,685.609692
2,1,screening,326,64,58,image_65,687.0763479999999
2,1,screening,327,24,22,image_25,688.559535
2,1,screening,328,10,9,image_11,690.0261909999999
2,1,screening,329,13,12,image_14,691.526128
2,1,screening,330,54,49,image_55,693.0260959999999
2,1,screening,331,30,27,image_31,694.49272
2,1,screening,332,55,50,image_56,695.976063
2,1,screening,333,68,62,image_69,697.4259999999999
2,1,screening,334,8,8,image_9,698.959312
2,1,screening,335,0,0,image_1,700.425968
2,1,screening,336,3,3,image_4,701.875936
2,1,screening,337,44,40,image_45,703.342623
2,1,screening,338,33,30,image_34,706.875996
2,1,screening,339,16,15,image_17,708.3591829999999
2,1,screening,340,18,17,image_19,709.825839
2,1,screening,341,11,10,image_12,711.35912
2,1,screening,342,15,14,image_16,712.8924
2,1,screening,343,51,46,image_52,714.325712
2,1,screening,344,32,29,image_33,715.842368
2,1,screening,345,47,43,image_48,717.309086
2,1,screening,346,5,5,image_6,718.792335
2,1,screening,347,12,11,image_13,720.275679
2,1,screening,348,57,52,image_58,721.8089279999999
2,1,screening,349,21,19,image_22,723.275709
2,1,screening,350,40,36,image_41,724.8089269999999
2,1,screening,351,28,26,image_29,726.275551
2,1,screening,352,56,51,image_57,727.7755189999999
2,1,screening,353,46,42,image_47,729.275487
2,1,screening,354,38,35,image_39,730.758831
2,1,screening,355,52,47,image_53,732.258736
2,1,screening,356,23,21,image_24,733.758736
2,1,screening,357,37,34,image_38,737.94214
2,1,screening,358,67,61,image_68,739.392015
2,1,screening,359,45,41,image_46,740.925295
2,1,screening,360,42,38,image_43,742.3752949999999
2,1,screening,361,41,37,image_42,743.808638
2,1,screening,362,61,55,image_62,745.291918
2,1,screening,363,53,48,image_54,746.809324
2,1,screening,364,34,31,image_35,748.308542
2,1,screening,365,22,20,image_23,749.775135
2,1,screening,366,26,24,image_27,751.241947
2,1,screening,367,50,45,image_51,752.725103
2,1,screening,368,43,39,image_44,754.258477
2,1,screening,369,65,59,image_66,755.7083829999999
2,1,screening,370,60,54,image_61,757.2250389999999
2,1,screening,371,31,28,image_32,758.7250379999999
2,1,screening,372,58,53,image_59,760.1916309999999
2,1,screening,373,1,1,image_2,761.658318
2,1,screening,374,7,7,image_8,763.1249429999999
2,1,screening,375,27,25,image_28,764.608223
2,1,screening,376,66,60,image_67,766.058223
2,1,screening,377,14,13,image_15,767.558191
2,2,sternberg,0,4,4,image_59,157.68128099999998
2,2,sternberg,1,0,0,image_28,158.84406099999998
2,2,sternberg,2,2,2,image_34,160.014373
2,2,sternberg,3,4,4,image_59,163.638747
2,2,sternberg,4,0,0,image_28,166.513058
2,2,sternberg,5,1,1,image_26,167.67408899999998
2,2,sternberg,6,3,3,image_15,168.74012
2,2,sternberg,7,0,0,image_28,172.479618
2,2,sternberg,8,2,2,image_34,174.855867
2,2,sternberg,9,4,4,image_59,176.05589799999998
2,2,sternberg,10,3,3,image_15,177.135179
2,2,sternberg,11,1,1,image_26,180.819896
2,2,sternberg,12,4,4,image_59,183.220364
2,2,sternberg,13,0,0,image_28,184.366989
2,2,sternberg,14,5,5,image_999,184.37698899999998
2,2,sternberg,15,2,2,image_34,188.18139299999999
2,2,sternberg,16,4,4,image_59,191.652548
2,2,sternberg,17,1,1,image_26,192.71220399999999
2,2,sternberg,18,5,5,image_999,192.72220399999998
2,2,sternberg,19,4,4,image_59,196.44235899999998
2,2,sternberg,20,3,3,image_15,198.42251399999998
2,2,sternberg,21,1,1,image_26,199.503358
2,2,sternberg,22,5,5,image_999,199.51335799999998
2,2,sternberg,23,1,1,image_26,203.10373099999998
2,2,sternberg,24,0,0,image_28,204.963824
2,2,sternberg,25,1,1,image_26,206.14273
2,2,sternberg,26,5,5,image_999,206.15273
2,2,sternberg,27,3,3,image_15,209.842447
2,2,sternberg,28,2,2,image_34,211.97929
2,2,sternberg,29,3,3,image_15,213.139727
2,2,sternberg,30,0,0,image_28,214.226883
2,2,sternberg,31,4,4,image_59,217.886225
2,2,sternberg,32,1,1,image_26,221.02425499999998
2,2,sternberg,33,2,2,image_34,222.220067
2,2,sternberg,34,4,4,image_59,223.25653499999999
2,2,sternberg,35,3,3,image_15,226.94747099999998
2,2,sternberg,36,1,1,image_26,230.16300099999998
2,2,sternberg,37,2,2,image_34,231.33056299999998
2,2,sternberg,38,5,5,image_999,231.34056299999997
2,2,sternberg,39,3,3,image_15,234.986156
2,2,sternberg,40,1,1,image_26,237.42762399999998
2,2,sternberg,41,5,5,image_999,237.43762399999997
2,2,sternberg,42,5,5,image_999,237.44762399999996
2,2,sternberg,43,1,1,image_26,241.166622
2,2,sternberg,44,0,0,image_28,243.27396499999998
2,2,sternberg,45,5,5,image_999,243.28396499999997
2,2,sternberg,46,5,5,image_999,243.29396499999996
2,2,sternberg,47,0,0,image_28,246.94193199999998
2,2,sternberg,48,3,3,image_15,249.0874
2,2,sternberg,49,5,5,image_999,249.0974
2,2,sternberg,50,5,5,image_999,249.10739999999998
2,2,sternberg,51,3,3,image_15,252.82961699999998
2,2,sternberg,52,2,2,image_34,254.830929
2,2,sternberg,53,4,4,image_59,255.868397
2,2,sternberg,54,3,3,image_15,257.033959
2,2,sternberg,55,0,0,image_28,260.828802
2,2,sternberg,56,0,0,image_28,263.188488
2,2,sternberg,57,1,1,image_26,264.357175
2,2,sternberg,58,3,3,image_15,265.453581
2,2,sternberg,59,2,2,image_34,269.186205
2,2,sternberg,60,4,4,image_59,271.50154699999996
2,2,sternberg,61,5,5,image_999,271.51154699999995
2,2,sternberg,62,5,5,image_999,271.52154699999994
2,2,sternberg,63,4,4,image_59,275.259577
2,2,sternberg,64,4,4,image_59,277.315045
2,2,sternberg,65,5,5,image_999,277.325045
2,2,sternberg,66,5,5,image_999,277.335045
2,2,sternberg,67,1,1,image_26,281.00879399999997
2,2,sternberg,68,3,3,image_15,283.182386
2,2,sternberg,69,5,5,image_999,283.192386
2,2,sternberg,70,5,5,image_999,283.202386
2,2,sternberg,71,1,1,image_26,286.780885
2,2,sternberg,72,4,4,image_59,289.035165
2,2,sternberg,73,2,2,image_34,290.06785199999996
2,2,sternberg,74,3,3,image_15,291.259196
2,2,sternberg,75,4,4,image_59,295.033069
2,2,sternberg,76,1,1,image_26,297.37584899999996
2,2,sternberg,77,0,0,image_28,298.458255
2,2,sternberg,78,5,5,image_999,298.468255
2,2,sternberg,79,0,0,image_28,302.096254
2,2,sternberg,80,2,2,image_34,304.017316
2,2,sternberg,81,4,4,image_59,305.052846
2,2,sternberg,82,0,0,image_28,306.089627
2,2,sternberg,83,2,2,image_34,309.911157
2,2,sternberg,84,1,1,image_26,312.02799999999996
2,2,sternberg,85,2,2,image_34,313.105593
2,2,sternberg,86,3,3,image_15,314.27712399999996
2,2,sternberg,87,4,4,image_59,317.825779
2,2,sternberg,88,4,4,image_59,321.061652
2,2,sternberg,89,5,5,image_999,321.071652
2,2,sternberg,90,5,5,image_999,321.08165199999996
2,2,sternberg,91,2,2,image_34,324.764526
2,2,sternberg,92,4,4,image_59,327.207587
2,2,sternberg,93,2,2,image_34,328.25602499999997
2,2,sternberg,94,5,5,image_999,328.26602499999996
2,2,sternberg,95,4,4,image_59,331.949211
2,2,sternberg,96,1,1,image_26,334.199616
2,2,sternberg,97,5,5,image_999,334.209616
2,2,sternberg,98,5,5,image_999,334.219616
2,2,sternberg,99,1,1,image_26,337.85083299999997
2,2,sternberg,100,3,3,image_15,339.613739
2,2,sternberg,101,1,1,image_26,340.714207
2,2,sternberg,102,0,0,image_28,341.785144
2,2,sternberg,103,1,1,image_26,345.477361
2,2,sternberg,104,3,3,image_15,348.154017
2,2,sternberg,105,5,5,image_999,348.164017
2,2,sternberg,106,5,5,image_999,348.174017
2,2,sternberg,107,2,2,image_34,351.844921
2,2,sternberg,108,1,1,image_26,354.04882699999996
2,2,sternberg,109,4,4,image_59,355.23607599999997
2,2,sternberg,110,5,5,image_999,355.24607599999996
2,2,sternberg,111,4,4,image_59,358.948856
2,2,sternberg,112,0,0,image_28,361.145293
2,2,sternberg,113,5,5,image_999,361.155293
2,2,sternberg,114,5,5,image_999,361.16529299999996
2,2,sternberg,115,0,0,image_28,364.797979
2,2,sternberg,116,0,0,image_28,366.690322
2,2,sternberg,117,3,3,image_15,367.73416499999996
2,2,sternberg,118,5,5,image_999,367.74416499999995
2,2,sternberg,119,4,4,image_59,371.354195
2,2,sternberg,120,0,0,image_28,373.506538
2,2,sternberg,121,3,3,image_15,374.54981799999996
2,2,sternberg,122,2,2,image_34,375.739287
2,2,sternberg,123,4,4,image_59,379.513066
2,2,sternberg,124,3,3,image_15,382.176784
2,2,sternberg,125,4,4,image_59,383.306784
2,2,sternberg,126,5,5,image_999,383.316784
2,2,sternberg,127,3,3,image_15,386.953564
2,2,sternberg,128,0,0,image_28,389.021219
2,2,sternberg,129,2,2,image_34,390.088312
2,2,sternberg,130,5,5,image_999,390.09831199999996
2,2,sternberg,131,2,2,image_34,393.73346699999996
2,2,sternberg,132,0,0,image_28,395.976841
2,2,sternberg,133,5,5,image_999,395.98684099999997
2,2,sternberg,134,5,5,image_999,395.99684099999996
2,2,sternberg,135,3,3,image_15,399.674902
2,2,sternberg,136,3,3,image_15,402.31490099999996
2,2,sternberg,137,1,1,image_26,403.441807
2,2,sternberg,138,0,0,image_28,404.49886899999996
2,2,sternberg,139,3,3,image_15,408.220305
2,2,sternberg,140,2,2,image_34,410.13095999999996
2,2,sternberg,141,5,5,image_999,410.14095999999995
2,2,sternberg,142,5,5,image_999,410.15095999999994
2,2,sternberg,143,1,1,image_26,413.83030299999996
2,2,sternberg,144,4,4,image_59,416.145333
2,2,sternberg,145,2,2,image_34,417.354676
2,2,sternberg,146,5,5,image_999,417.364676
2,2,sternberg,147,2,2,image_34,420.98986199999996
2,2,sternberg,148,4,4,image_59,422.910643
2,2,sternberg,149,5,5,image_999,422.920643
2,2,sternberg,150,5,5,image_999,422.930643
2,2,sternberg,151,4,4,image_59,426.533891
2,2,sternberg,152,1,1,image_26,428.47479699999997
2,2,sternberg,153,4,4,image_59,429.505828
2,2,sternberg,154,0,0,image_28,430.64804599999997
2,2,sternberg,155,3,3,image_15,434.359107
2,2,sternberg,156,4,4,image_59,436.6137
2,2,sternberg,157,0,0,image_28,437.693262
2,2,sternberg,158,5,5,image_999,437.703262
2,2,sternberg,159,4,4,image_59,441.38235399999996
2,2,sternberg,160,2,2,image_34,444.33588399999996
2,2,sternberg,161,1,1,image_26,445.444009
2,2,sternberg,162,0,0,image_28,446.631915
2,2,sternberg,163,0,0,image_28,450.347226
2,2,sternberg,164,3,3,image_15,452.482943
2,2,sternberg,165,2,2,image_34,453.526568
2,2,sternberg,166,5,5,image_999,453.536568
2,2,sternberg,167,4,4,image_59,457.19875399999995
2,2,sternberg,168,4,4,image_59,459.32947199999995
2,2,sternberg,169,0,0,image_28,460.53362799999996
2,2,sternberg,170,3,3,image_15,461.684284
2,2,sternberg,171,0,0,image_28,465.36447
2,2,sternberg,172,2,2,image_34,467.653062
2,2,sternberg,173,3,3,image_15,468.683656
2,2,sternberg,174,5,5,image_999,468.693656
2,2,sternberg,175,2,2,image_34,472.33405999999997
2,2,sternberg,176,1,1,image_26,474.62505999999996
2,2,sternberg,177,5,5,image_999,474.63505999999995
2,2,sternberg,178,5,5,image_999,474.64505999999994
2,2,sternberg,179,0,0,image_28,478.247121
2,2,sternberg,180,3,3,image_15,480.441151
2,2,sternberg,181,5,5,image_999,480.451151
2,2,sternberg,182,5,5,image_999,480.461151
2,2,sternberg,183,3,3,image_15,484.18427399999996
2,2,sternberg,184,4,4,image_59,485.88118
2,2,sternberg,185,3,3,image_15,486.918023
2,2,sternberg,186,5,5,image_999,486.928023
2,2,sternberg,187,0,0,image_28,490.52245899999997
2,2,sternberg,188,2,2,image_34,492.404365
2,2,sternberg,189,5,5,image_999,492.414365
2,2,sternberg,190,5,5,image_999,492.42436499999997
2,2,sternberg,191,2,2,image_34,496.073395
2,2,sternberg,192,1,1,image_26,499.618612
2,2,sternberg,193,2,2,image_34,500.68404899999996
2,2,sternberg,194,5,5,image_999,500.69404899999995
2,2,sternberg,195,4,4,image_59,504.30864099999997
2,2,sternberg,196,1,1,image_26,506.68792199999996
2,2,sternberg,197,5,5,image_999,506.69792199999995
2,2,sternberg,198,5,5,image_999,506.70792199999994
2,2,sternberg,199,3,3,image_15,510.31323299999997
2,2,sternberg,200,4,4,image_59,512.8022
2,2,sternberg,201,2,2,image_34,513.996856
2,2,sternberg,202,5,5,image_999,514.006856
2,2,sternberg,203,1,1,image_26,517.630667
2,2,sternberg,204,4,4,image_59,519.68576
2,2,sternberg,205,2,2,image_34,520.886228
2,2,sternberg,206,5,5,image_999,520.896228
2,2,sternberg,207,4,4,image_59,524.597914
2,2,sternberg,208,3,3,image_15,526.717351
2,2,sternberg,209,4,4,image_59,527.834882
2,2,sternberg,210,2,2,image_34,528.983913
2,2,sternberg,211,0,0,image_28,532.6678489999999
2,2,sternberg,212,2,2,image_34,534.7468789999999
2,2,sternberg,213,5,5,image_999,534.7568789999999
2,2,sternberg,214,5,5,image_999,534.7668789999999
2,2,sternberg,215,3,3,image_15,538.361659
2,2,sternberg,216,2,2,image_34,540.567846
2,2,sternberg,217,4,4,image_59,541.648658
2,2,sternberg,218,5,5,image_999,541.658658
2,2,sternberg,219,0,0,image_28,545.379812
2,2,sternberg,220,0,0,image_28,548.358655
2,2,sternberg,221,1,1,image_26,549.444592
2,2,sternberg,222,5,5,image_999,549.4545919999999
2,2,sternberg,223,1,1,image_26,553.059934
2,2,sternberg,224,2,2,image_34,555.374996
2,2,sternberg,225,3,3,image_15,556.428714
2,2,sternberg,226,5,5,image_999,556.438714
2,2,sternberg,227,0,0,image_28,560.09865
2,2,sternberg,228,2,2,image_34,562.599243
2,2,sternberg,229,5,5,image_999,562.609243
2,2,sternberg,230,5,5,image_999,562.619243
2,2,sternberg,231,1,1,image_26,566.264648
2,2,sternberg,232,0,0,image_28,568.320834
2,2,sternberg,233,3,3,image_15,569.446584
2,2,sternberg,234,1,1,image_26,570.4827399999999
2,2,sternberg,235,1,1,image_26,574.283676
2,2,sternberg,236,4,4,image_59,577.0429869999999
2,2,sternberg,237,5,5,image_999,577.0529869999999
2,2,sternberg,238,5,5,image_999,577.0629869999999
2,2,sternberg,239,3,3,image_15,580.639142
2,2,sternberg,240,3,3,image_15,582.707454
2,2,sternberg,241,2,2,image_34,583.8024839999999
2,2,sternberg,242,4,4,image_59,584.831953
2,2,sternberg,243,3,3,image_15,588.535389
2,2,sternberg,244,4,4,image_59,591.1206999999999
2,2,sternberg,245,0,0,image_28,592.1467309999999
2,2,sternberg,246,1,1,image_26,593.180043
2,2,sternberg,247,3,3,image_15,596.8355419999999
2,2,sternberg,248,3,3,image_15,598.9441029999999
2,2,sternberg,249,5,5,image_999,598.9541029999999
2,2,sternberg,250,5,5,image_999,598.9641029999999
2,2,sternberg,251,3,3,image_15,602.717727
2,2,sternberg,252,0,0,image_28,604.683039
2,2,sternberg,253,5,5,image_999,604.693039
2,2,sternberg,254,5,5,image_999,604.703039
2,2,sternberg,255,0,0,image_28,608.4170369999999
2,2,sternberg,256,3,3,image_15,610.468536
2,2,sternberg,257,5,5,image_999,610.478536
2,2,sternberg,258,5,5,image_999,610.488536
2,2,sternberg,259,4,4,image_59,614.058785
2,2,sternberg,260,3,3,image_15,616.1005339999999
2,2,sternberg,261,0,0,image_28,617.28444
2,2,sternberg,262,4,4,image_59,618.398346
2,2,sternberg,263,2,2,image_34,622.18725
2,2,sternberg,264,1,1,image_26,624.320124
2,2,sternberg,265,5,5,image_999,624.330124
2,2,sternberg,266,5,5,image_999,624.340124
2,2,sternberg,267,1,1,image_26,627.975654
2,2,sternberg,268,0,0,image_28,630.547778
2,2,sternberg,269,4,4,image_59,631.6001219999999
2,2,sternberg,270,2,2,image_34,632.742746
2,2,sternberg,271,1,1,image_26,636.476963
2,2,sternberg,272,3,3,image_15,702.723405
2,2,sternberg,273,0,0,image_28,703.812686
2,2,sternberg,274,5,5,image_999,703.822686
2,2,sternberg,275,3,3,image_15,707.5270909999999
2,2,sternberg,276,2,2,image_34,717.372493
2,2,sternberg,277,5,5,image_999,717.382493
2,2,sternberg,278,5,5,image_999,717.392493
2,2,sternberg,279,1,1,image_26,721.099961
2,2,sternberg,280,4,4,image_59,723.045491
2,2,sternberg,281,5,5,image_999,723.055491
2,2,sternberg,282,5,5,image_999,723.065491
2,2,sternberg,283,4,4,image_59,726.6815829999999
2,2,sternberg,284,2,2,image_34,733.775456
2,2,sternberg,285,4,4,image_59,734.907643
2,2,sternberg,286,5,5,image_999,734.917643
2,2,sternberg,287,2,2,image_34,738.553547
2,2,sternberg,288,0,0,image_28,749.150356
2,2,sternberg,289,5,5,image_999,749.160356
2,2,sternberg,290,5,5,image_999,749.170356
2,2,sternberg,291,1,1,image_26,752.856135
2,2,sternberg,292,0,0,image_28,755.5801339999999
2,2,sternberg,293,2,2,image_34,756.724978
2,2,sternberg,294,1,1,image_26,757.846758
2,2,sternberg,295,3,3,image_15,761.530944
2,2,sternberg,296,0,0,image_28,765.6250679999999
2,2,sternberg,297,1,1,image_26,766.8231609999999
2,2,sternberg,298,5,5,image_999,766.8331609999999
2,2,sternberg,299,3,3,image_15,770.465472
2,2,sternberg,300,0,0,image_28,774.021971
2,2,sternberg,301,1,1,image_26,775.120314
2,2,sternberg,302,2,2,image_34,776.218907
2,2,sternberg,303,4,4,image_59,779.963218
2,2,sternberg,304,4,4,image_59,784.921341
2,2,sternberg,305,5,5,image_999,784.931341
2,2,sternberg,306,5,5,image_999,784.941341
2,2,sternberg,307,4,4,image_59,788.7061209999999
2,2,sternberg,308,1,1,image_26,791.587401
2,2,sternberg,309,5,5,image_999,791.597401
2,2,sternberg,310,5,5,image_999,791.607401
2,2,sternberg,311,0,0,image_28,795.321212
2,2,sternberg,312,1,1,image_26,800.3021789999999
2,2,sternberg,313,2,2,image_34,801.496772
2,2,sternberg,314,5,5,image_999,801.506772
2,2,sternberg,315,0,0,image_28,805.211552
2,2,sternberg,316,1,1,image_26,810.844175
2,2,sternberg,317,2,2,image_34,811.965549
2,2,sternberg,318,3,3,image_15,813.119205
2,2,sternberg,319,3,3,image_15,816.8559849999999
2,2,sternberg,320,1,1,image_26,820.3722329999999
2,2,sternberg,321,0,0,image_28,821.395077
2,2,sternberg,322,5,5,image_999,821.405077
2,2,sternberg,323,4,4,image_59,825.0521689999999
2,2,sternberg,324,0,0,image_28,827.423855
2,2,sternberg,325,4,4,image_59,828.5890109999999
2,2,sternberg,326,5,5,image_999,828.5990109999999
2,2,sternberg,327,1,1,image_26,832.416791
2,2,sternberg,328,1,1,image_26,835.950821
2,2,sternberg,329,3,3,image_15,836.978133
2,2,sternberg,330,5,5,image_999,836.988133
2,2,sternberg,331,0,0,image_28,840.6666309999999
2,2,sternberg,332,0,0,image_28,843.052005
2,2,sternberg,333,3,3,image_15,844.1969419999999
2,2,sternberg,334,5,5,image_999,844.2069419999999
2,2,sternberg,335,0,0,image_28,847.93341
2,2,sternberg,336,2,2,image_34,850.018034
2,2,sternberg,337,1,1,image_26,851.078033
2,2,sternberg,338,5,5,image_999,851.088033
2,2,sternberg,339,1,1,image_26,854.7029689999999
2,2,sternberg,340,3,3,image_15,856.8403119999999
2,2,sternberg,341,0,0,image_28,857.9211869999999
2,2,sternberg,342,1,1,image_26,859.078186
2,2,sternberg,343,1,1,image_26,862.757091
2,2,sternberg,344,2,2,image_34,864.518778
2,2,sternberg,345,5,5,image_999,864.528778
2,2,sternberg,346,5,5,image_999,864.538778
2,2,sternberg,347,2,2,image_34,868.160277
2,2,sternberg,348,1,1,image_26,870.228588
2,2,sternberg,349,2,2,image_34,871.32515
2,2,sternberg,350,5,5,image_999,871.33515
2,2,sternberg,351,4,4,image_59,875.077993
2,2,sternberg,352,4,4,image_59,877.131085
2,2,sternberg,353,5,5,image_999,877.141085
2,2,sternberg,354,5,5,image_999,877.151085
2,2,sternberg,355,2,2,image_34,880.8513959999999
2,2,sternberg,356,3,3,image_15,883.1077389999999
2,2,sternberg,357,0,0,image_28,884.18002
2,2,sternberg,358,5,5,image_999,884.19002
2,2,sternberg,359,3,3,image_15,887.888644
2,2,sternberg,360,4,4,image_59,890.0012049999999
2,2,sternberg,361,3,3,image_15,891.1845169999999
2,2,sternberg,362,2,2,image_34,892.3907979999999
2,2,sternberg,363,2,2,image_34,896.109234
2,2,sternberg,364,2,2,image_34,898.7283269999999
2,2,sternberg,365,1,1,image_26,899.817858
2,2,sternberg,366,5,5,image_999,899.827858
2,2,sternberg,367,2,2,image_34,903.5777939999999
2,2,sternberg,368,2,2,image_34,906.158386
2,2,sternberg,369,5,5,image_999,906.1683859999999
2,2,sternberg,370,5,5,image_999,906.1783859999999
2,2,sternberg,371,2,2,image_34,909.7276969999999
2,2,sternberg,372,0,0,image_28,912.6070709999999
2,2,sternberg,373,3,3,image_15,913.6533519999999
2,2,sternberg,374,5,5,image_999,913.6633519999999
2,2,sternberg,375,2,2,image_34,917.3040689999999
2,2,sternberg,376,3,3,image_15,919.6186309999999
2,2,sternberg,377,4,4,image_59,920.8130679999999
2,2,sternberg,378,5,5,image_999,920.8230679999999
2,2,sternberg,379,0,0,image_28,924.540535
2,2,sternberg,380,1,1,image_26,927.060315
2,2,sternberg,381,0,0,image_28,928.0917519999999
2,2,sternberg,382,2,2,image_34,929.27419
2,2,sternberg,383,4,4,image_59,933.025094
2,2,sternberg,384,0,0,image_28,935.327312
2,2,sternberg,385,5,5,image_999,935.337312
2,2,sternberg,386,5,5,image_999,935.347312
2,2,sternberg,387,0,0,image_28,938.957217
2,2,sternberg,388,3,3,image_15,941.1959969999999
2,2,sternberg,389,5,5,image_999,941.2059969999999
2,2,sternberg,390,5,5,image_999,941.2159969999999
2,2,sternberg,391,4,4,image_59,944.934996
2,2,sternberg,392,1,1,image_26,947.2266199999999
2,2,sternberg,393,5,5,image_999,947.2366199999999
2,2,sternberg,394,5,5,image_999,947.2466199999999
2,2,sternberg,395,3,3,image_15,950.950837
2,2,sternberg,396,3,3,image_15,952.9961169999999
2,2,sternberg,397,4,4,image_59,954.1602419999999
2,2,sternberg,398,5,5,image_999,954.1702419999999
2,2,sternberg,399,0,0,image_28,957.9041159999999
2,2,sternberg,400,1,1,image_26,960.013927
2,2,sternberg,401,3,3,image_15,961.1938329999999
2,2,sternberg,402,4,4,image_59,962.301333
2,2,sternberg,403,1,1,image_26,966.025956
2,2,sternberg,404,4,4,image_59,968.591611
2,2,sternberg,405,3,3,image_15,969.7249549999999
2,2,sternberg,406,5,5,image_999,969.7349549999999
2,2,sternberg,407,3,3,image_15,973.343078
2,2,sternberg,408,0,0,image_28,975.3313899999999
2,2,sternberg,409,1,1,image_26,976.3822329999999
2,2,sternberg,410,5,5,image_999,976.3922329999999
2,2,sternberg,411,3,3,image_15,979.969982
2,2,sternberg,412,0,0,image_28,981.9592
2,2,sternberg,413,2,2,image_34,983.0745119999999
2,2,sternberg,414,4,4,image_59,984.222355
2,2,sternberg,415,0,0,image_28,987.9089779999999
2,2,sternberg,416,2,2,image_34,990.4620709999999
2,2,sternberg,417,0,0,image_28,991.6415079999999
2,2,sternberg,418,4,4,image_59,992.825164
2,2,sternberg,419,0,0,image_28,996.430381
2,2,sternberg,420,3,3,image_15,998.5668179999999
2,2,sternberg,421,4,4,image_59,999.6171929999999
2,2,sternberg,422,5,5,image_999,999.6271929999999
2,2,sternberg,423,1,1,image_26,1003.351285
2,2,sternberg,424,2,2,image_34,1005.4155649999999
2,2,sternberg,425,3,3,image_15,1006.550752
2,2,sternberg,426,5,5,image_999,1006.560752
2,2,sternberg,427,4,4,image_59,1010.2074379999999
2,2,sternberg,428,1,1,image_26,1013.2459369999999
2,2,sternberg,429,4,4,image_59,1014.2739369999999
2,2,sternberg,430,2,2,image_34,1015.4538739999999
2,2,sternberg,431,4,4,image_59,1019.2727779999999
2,2,sternberg,432,2,2,image_34,1021.397121
2,2,sternberg,433,5,5,image_999,1021.407121
2,2,sternberg,434,5,5,image_999,1021.417121
2,2,sternberg,435,2,2,image_34,1025.005901
2,2,sternberg,436,4,4,image_59,1027.634025
2,2,sternberg,437,2,2,image_34,1028.70265
2,2,sternberg,438,1,1,image_26,1029.769712
2,2,sternberg,439,0,0,image_28,1033.420148
2,2,sternberg,440,3,3,image_15,1035.506991
2,2,sternberg,441,5,5,image_999,1035.516991
2,2,sternberg,442,5,5,image_999,1035.526991
2,2,sternberg,443,2,2,image_34,1039.240395
2,2,sternberg,444,1,1,image_26,1041.241395
2,2,sternberg,445,4,4,image_59,1042.286394
2,2,sternberg,446,5,5,image_999,1042.296394
2,2,sternberg,447,1,1,image_26,1045.989799
2,2,sternberg,448,0,0,image_28,1048.36311
2,2,sternberg,449,5,5,image_999,1048.37311
2,2,sternberg,450,5,5,image_999,1048.38311
2,2,sternberg,451,3,3,image_15,1052.074703
2,2,sternberg,452,4,4,image_59,1054.311171
2,2,sternberg,453,5,5,image_999,1054.321171
2,2,sternberg,454,5,5,image_999,1054.331171
2,2,sternberg,455,4,4,image_59,1058.021013
2,2,sternberg,456,4,4,image_59,1060.171981
2,2,sternberg,457,2,2,image_34,1061.251168
2,2,sternberg,458,3,3,image_15,1062.2926049999999
2,2,sternberg,459,3,3,image_15,1065.9678529999999
2,2,sternberg,460,3,3,image_15,1068.872415
2,2,sternberg,461,4,4,image_59,1070.020914
2,2,sternberg,462,1,1,image_26,1071.125883
2,2,sternberg,463,0,0,image_28,1074.8521
2,2,sternberg,464,2,2,image_34,1077.8523169999999
2,2,sternberg,465,3,3,image_15,1078.898442
2,2,sternberg,466,4,4,image_59,1080.029129
2,2,sternberg,467,4,4,image_59,1083.63394
2,2,sternberg,468,1,1,image_26,1085.990252
2,2,sternberg,469,5,5,image_999,1086.000252
2,2,sternberg,470,5,5,image_999,1086.010252
2,2,sternberg,471,4,4,image_59,1089.5787189999999
2,2,sternberg,472,2,2,image_34,1092.100062
2,2,sternberg,473,0,0,image_28,1093.147592
2,2,sternberg,474,5,5,image_999,1093.157592
2,2,sternberg,475,2,2,image_34,1096.732341
2,2,sternberg,476,4,4,image_59,1098.862028
2,2,sternberg,477,1,1,image_26,1099.938308
2,2,sternberg,478,0,0,image_28,1101.0069959999998
2,2,sternberg,479,2,2,image_34,1104.595369
2,2,sternberg,480,3,3,image_15,1106.893274
2,2,sternberg,481,1,1,image_26,1108.030086
2,2,sternberg,482,5,5,image_999,1108.040086
2,2,sternberg,483,3,3,image_15,1111.5878659999998
2,2,sternberg,484,3,3,image_15,1113.667272
2,2,sternberg,485,1,1,image_26,1114.69649
2,2,sternberg,486,0,0,image_28,1115.86899
2,2,sternberg,487,2,2,image_34,1119.4958319999998
2,2,sternberg,488,1,1,image_26,1121.5663
2,2,sternberg,489,5,5,image_999,1121.5763
2,2,sternberg,490,5,5,image_999,1121.5863
2,2,sternberg,491,1,1,image_26,1125.296673
2,2,sternberg,492,0,0,image_28,1127.738985
2,2,sternberg,493,5,5,image_999,1127.748985
2,2,sternberg,494,5,5,image_999,1127.758985
2,2,sternberg,495,0,0,image_28,1131.46164
2,2,sternberg,496,1,1,image_26,1133.406233
2,2,sternberg,497,3,3,image_15,1134.4386379999999
2,2,sternberg,498,0,0,image_28,1135.6070439999999
2,2,sternberg,499,3,3,image_15,1139.269168
2,2,sternberg,500,2,2,image_34,1141.467886
2,2,sternberg,501,0,0,image_28,1142.587885
2,2,sternberg,502,5,5,image_999,1142.597885
2,2,sternberg,503,1,1,image_26,1146.3068839999999
2,2,sternberg,504,2,2,image_34,1149.0004139999999
2,2,sternberg,505,4,4,image_59,1150.023663
2,2,sternberg,506,3,3,image_15,1151.0566939999999
2,2,sternberg,507,3,3,image_15,1154.846286
2,2,sternberg,508,0,0,image_28,1156.933004
2,2,sternberg,509,5,5,image_999,1156.943004
2,2,sternberg,510,5,5,image_999,1156.953004
2,2,sternberg,511,2,2,image_34,1160.502378
2,2,sternberg,512,2,2,image_34,1162.550502
2,2,sternberg,513,5,5,image_999,1162.560502
2,2,sternberg,514,5,5,image_999,1162.570502
2,2,sternberg,515,2,2,image_34,1166.293032
2,2,sternberg,516,4,4,image_59,1168.344781
2,2,sternberg,517,0,0,image_28,1169.5525619999999
2,2,sternberg,518,1,1,image_26,1170.735343
2,2,sternberg,519,2,2,image_34,1174.330154
2,2,sternberg,520,3,3,image_15,1176.7939959999999
2,2,sternberg,521,1,1,image_26,1177.960402
2,2,sternberg,522,2,2,image_34,1179.046402
2,2,sternberg,523,0,0,image_28,1182.627963
2,2,sternberg,524,2,2,image_34,1184.999212
2,2,sternberg,525,0,0,image_28,1186.118993
2,2,sternberg,526,4,4,image_59,1187.17668
2,2,sternberg,527,4,4,image_59,1190.8836159999998
2,2,sternberg,528,0,0,image_28,1193.3139589999998
2,2,sternberg,529,3,3,image_15,1194.379927
2,2,sternberg,530,1,1,image_26,1195.435458
2,2,sternberg,531,2,2,image_34,1199.083081
2,2,sternberg,532,3,3,image_15,1202.287392
2,2,sternberg,533,5,5,image_999,1202.297392
2,2,sternberg,534,5,5,image_999,1202.307392
2,2,sternberg,535,1,1,image_26,1206.0117659999999
2,2,sternberg,536,0,0,image_28,1208.281546
2,2,sternberg,537,3,3,image_15,1209.4276399999999
2,2,sternberg,538,4,4,image_59,1210.589014
2,2,sternberg,539,1,1,image_26,1214.27845
3,1,screening,0,30,27,image_31,42.78392025
3,1,screening,1,25,23,image_26,44.27873225
3,1,screening,2,38,35,image_39,45.73348125
3,1,screening,3,16,15,image_17,47.21173125
3,1,screening,4,55,50,image_56,48.64391725
3,1,screening,5,43,39,image_44,50.130698249999995
3,1,screening,6,0,0,image_1,53.69313425
3,1,screening,7,40,36,image_41,55.137790249999995
3,1,screening,8,53,48,image_54,56.553977249999996
3,1,screening,9,46,42,image_47,57.97641425
3,1,screening,10,66,60,image_67,59.47097625
3,1,screening,11,18,17,image_19,60.955131249999994
3,1,screening,12,68,62,image_69,62.39963125
3,1,screening,13,11,10,image_12,63.91028625
3,1,screening,14,48,44,image_49,65.32534824999999
3,1,screening,15,17,16,image_18,66.78059825
3,1,screening,16,51,46,image_52,68.23012824999999
3,1,screening,17,1,1,image_2,69.71962825
3,1,screening,18,54,49,image_55,71.21044024999999
3,1,screening,19,13,12,image_14,72.64068925
3,1,screening,20,35,32,image_36,74.10437625
3,1,screening,21,44,40,image_45,75.56415725
3,1,screening,22,22,20,image_23,77.03968725
3,1,screening,23,27,25,image_28,78.52343725
3,1,screening,24,32,29,image_33,80.01090525
3,1,screening,25,60,54,image_61,81.45262325
3,1,screening,26,2,2,image_3,82.93443524999999
3,1,screening,27,4,4,image_5,84.41524725
3,1,screening,28,33,30,image_34,85.84359024999999
3,1,screening,29,31,28,image_32,87.26733924999999
3,1,screening,30,37,34,image_38,88.72855824999999
3,1,screening,31,42,38,image_43,90.23521325
3,1,screening,32,6,6,image_7,97.03664825
3,1,screening,33,3,3,image_4,98.50949125
3,1,screening,34,58,53,image_59,99.94336625
3,1,screening,35,56,51,image_57,101.43014624999999
3,1,screening,36,26,24,image_27,102.86952124999999
3,1,screening,37,45,41,image_46,104.33180125
3,1,screening,38,64,58,image_65,105.81701925
3,1,screening,39,8,8,image_9,107.32114424999999
3,1,screening,40,61,55,image_62,108.83133124999999
3,1,screening,41,62,56,image_63,110.29776824999999
3,1,screening,42,20,18,image_21,115.96123424999999
3,1,screening,43,14,13,image_15,117.38957724999999
3,1,screening,44,24,22,image_25,118.82920225
3,1,screening,45,12,11,image_13,120.32613925
3,1,screening,46,63,57,image_64,121.76373224999999
3,1,screening,47,57,52,image_58,123.25657525
3,1,screening,48,15,14,image_16,124.69244925
3,1,screening,49,67,61,image_68,126.19666824999999
3,1,screening,50,41,37,image_42,127.64576124999999
3,1,screening,51,47,43,image_48,129.07766625
3,1,screening,52,52,47,image_53,130.51632225
3,1,screening,53,34,31,image_35,131.99272825
3,1,screening,54,23,21,image_24,133.45344624999998
3,1,screening,55,36,33,image_37,134.90160225
3,1,screening,56,21,19,image_22,136.39710125
3,1,screening,57,5,5,image_6,137.86788224999998
3,1,screening,58,28,26,image_29,139.33497524999999
3,1,screening,59,50,45,image_51,140.84172425
3,1,screening,60,7,7,image_8,142.28194225
3,1,screening,61,65,59,image_66,143.77153525
3,1,screening,62,10,9,image_11,145.25950425
3,1,screening,63,63,57,image_64,148.59715925
3,1,screening,64,35,32,image_36,150.07009524999998
3,1,screening,65,48,44,image_49,151.48937625
3,1,screening,66,33,30,image_34,152.90725125
3,1,screening,67,34,31,image_35,154.37328125
3,1,screening,68,20,18,image_21,155.86649925
3,1,screening,69,0,0,image_1,157.37831125
3,1,screening,70,46,42,image_47,158.80393625
3,1,screening,71,60,54,image_61,160.27384125
3,1,screening,72,45,41,image_46,161.73212225
3,1,screening,73,32,29,image_33,163.14549624999998
3,1,screening,74,65,59,image_66,166.67343325
3,1,screening,75,12,11,image_13,168.10508825
3,1,screening,76,62,56,image_63,169.59624424999998
3,1,screening,77,17,16,image_18,171.04202525
3,1,screening,78,18,17,image_19,172.50574325
3,1,screening,79,58,53,image_59,173.93355524999998
3,1,screening,80,6,6,image_7,175.40689824999998
3,1,screening,81,68,62,image_69,176.84605324999998
3,1,screening,82,38,35,image_39,178.32783425
3,1,screening,83,54,49,image_55,179.80808424999998
3,1,screening,84,36,33,image_37,181.29823925
3,1,screening,85,8,8,image_9,182.75889525
3,1,screening,86,66,60,image_67,184.18298825
3,1,screening,87,37,34,image_38,187.27567424999998
3,1,screening,88,2,2,image_3,188.78104925
3,1,screening,89,3,3,image_4,190.20773624999998
3,1,screening,90,23,21,image_24,191.70111025
3,1,screening,91,53,48,image_54,193.16860925
3,1,screening,92,57,52,image_58,194.67948425
3,1,screening,93,30,27,image_31,196.09851425
3,1,screening,94,50,45,image_51,197.55467025
3,1,screening,95,51,46,image_52,198.97760724999998
3,1,screening,96,15,14,image_16,200.48604425
3,1,screening,97,27,25,image_28,201.89779324999998
3,1,screening,98,25,23,image_26,203.38741825
3,1,screening,99,14,13,image_15,204.88007324999998
3,1,screening,100,61,55,image_62,206.37826024999998
3,1,screening,101,1,1,image_2,207.79879125
3,1,screening,102,13,12,image_14,209.24963424999999
3,1,screening,103,41,37,image_42,210.68632125
3,1,screening,104,24,22,image_25,212.17910225
3,1,screening,105,22,20,image_23,215.56541324999998
3,1,screening,106,26,24,image_27,217.07147525
3,1,screening,107,4,4,image_5,218.50409925
3,1,screening,108,7,7,image_8,219.94166124999998
3,1,screening,109,55,50,image_56,221.36975425
3,1,screening,110,67,61,image_68,222.79478525
3,1,screening,111,47,43,image_48,224.29340925
3,1,screening,112,28,26,image_29,225.76328425
3,1,screening,113,56,51,image_57,227.23134625
3,1,screening,114,64,58,image_65,228.66156425
3,1,screening,115,40,36,image_41,230.16181325
3,1,screening,116,5,5,image_6,231.64018825
3,1,screening,117,42,38,image_43,233.08681224999998
3,1,screening,118,11,10,image_12,234.55343725
3,1,screening,119,10,9,image_11,236.00684224999998
3,1,screening,120,52,47,image_53,237.43243525
3,1,screening,121,16,15,image_17,238.87277924999998
3,1,screening,122,43,39,image_44,240.29721525
3,1,screening,123,21,19,image_22,241.72743425
3,1,screening,124,44,40,image_45,243.16527725
3,1,screening,125,31,28,image_32,244.62149524999998
3,1,screening,126,64,58,image_65,246.03790124999998
3,1,screening,127,5,5,image_6,247.54368125
3,1,screening,128,54,49,image_55,249.05343125
3,1,screening,129,45,41,image_46,250.51477425
3,1,screening,130,46,42,image_47,251.97539824999998
3,1,screening,131,47,43,image_48,253.42308524999999
3,1,screening,132,53,48,image_54,256.81517825
3,1,screening,133,36,33,image_37,258.26786525
3,1,screening,134,30,27,image_31,259.69133325
3,1,screening,135,51,46,image_52,261.18248825
3,1,screening,136,10,9,image_11,262.63392525
3,1,screening,137,37,34,image_38,264.07036224999996
3,1,screening,138,21,19,image_22,265.52286225
3,1,screening,139,8,8,image_9,266.94373625
3,1,screening,140,43,39,image_44,268.36936025
3,1,screening,141,24,22,image_25,271.66467224999997
3,1,screening,142,6,6,image_7,273.17639025
3,1,screening,143,20,18,image_21,274.64667025
3,1,screening,144,14,13,image_15,276.06335724999997
3,1,screening,145,1,1,image_2,277.50032625
3,1,screening,146,16,15,image_17,278.94760625
3,1,screening,147,38,35,image_39,280.44166824999996
3,1,screening,148,7,7,image_8,281.85460524999996
3,1,screening,149,12,11,image_13,283.27329225
3,1,screening,150,26,24,image_27,284.70116624999997
3,1,screening,151,4,4,image_5,286.18141625
3,1,screening,152,52,47,image_53,287.67282124999997
3,1,screening,153,50,45,image_51,290.92482025
3,1,screening,154,33,30,image_34,292.38157025
3,1,screening,155,68,62,image_69,293.84903825
3,1,screening,156,44,40,image_45,295.28988125
3,1,screening,157,56,51,image_57,296.77591225
3,1,screening,158,60,54,image_61,298.20563025
3,1,screening,159,35,32,image_36,299.68706725
3,1,screening,160,66,60,image_67,301.12066025
3,1,screening,161,25,23,image_26,302.56956525
3,1,screening,162,48,44,image_49,304.04422124999996
3,1,screening,163,2,2,image_3,305.53718925
3,1,screening,164,58,53,image_59,306.95709525
3,1,screening,165,3,3,image_4,308.46262624999997
3,1,screening,166,0,0,image_1,309.95168824999996
3,1,screening,167,40,36,image_41,311.41484325
3,1,screening,168,18,17,image_19,312.86962424999996
3,1,screening,169,28,26,image_29,314.32643625
3,1,screening,170,15,14,image_16,315.76974824999996
3,1,screening,171,42,38,image_43,317.23171625
3,1,screening,172,22,20,image_23,318.69859025
3,1,screening,173,17,16,image_18,320.19299624999996
3,1,screening,174,61,55,image_62,321.68427725
3,1,screening,175,11,10,image_12,323.15974524999996
3,1,screening,176,41,37,image_42,324.61186925
3,1,screening,177,27,25,image_28,326.10449424999996
3,1,screening,178,55,50,image_56,327.57261825
3,1,screening,179,31,28,image_32,329.02383625
3,1,screening,180,65,59,image_66,330.52861724999997
3,1,screening,181,62,56,image_63,332.02767925
3,1,screening,182,34,31,image_35,336.49073925
3,1,screening,183,13,12,image_14,337.96614525
3,1,screening,184,57,52,image_58,339.43567625
3,1,screening,185,23,21,image_24,340.86845625
3,1,screening,186,63,57,image_64,342.31130025
3,1,screening,187,32,29,image_33,343.77095525
3,1,screening,188,67,61,image_68,345.20595525
3,1,screening,189,23,21,image_24,346.70186025
3,1,screening,190,32,29,image_33,348.13307825
3,1,screening,191,43,39,image_44,349.56854725
3,1,screening,192,35,32,image_36,350.99785925
3,1,screening,193,64,58,image_65,352.43442024999996
3,1,screening,194,12,11,image_13,353.88982625
3,1,screening,195,65,59,image_66,355.33385725
3,1,screening,196,24,22,image_25,356.83895025
3,1,screening,197,38,35,image_39,358.29494925
3,1,screening,198,52,47,image_53,359.72604325
3,1,screening,199,66,60,image_67,361.22841725
3,1,screening,200,41,37,image_42,362.74229125
3,1,screening,201,67,61,image_68,364.19985325
3,1,screening,202,42,38,image_43,365.62241524999996
3,1,screening,203,37,34,image_38,367.05935224999996
3,1,screening,204,40,36,image_41,368.51541425
3,1,screening,205,62,56,image_63,369.98660125
3,1,screening,206,57,52,image_58,371.42825725
3,1,screening,207,28,26,image_29,372.90035025
3,1,screening,208,2,2,image_3,374.38419325
3,1,screening,209,10,9,image_11,375.82094225
3,1,screening,210,56,51,image_57,377.24406725
3,1,screening,211,45,41,image_46,378.68484724999996
3,1,screening,212,34,31,image_35,380.12837824999997
3,1,screening,213,61,55,image_62,381.58253425
3,1,screening,214,51,46,image_52,383.04509625
3,1,screening,215,0,0,image_1,384.46522024999996
3,1,screening,216,26,24,image_27,389.77834325
3,1,screening,217,36,33,image_37,391.27184224999996
3,1,screening,218,53,48,image_54,392.68777925
3,1,screening,219,3,3,image_4,394.19174725
3,1,screening,220,48,44,image_49,395.67668425
3,1,screening,221,50,45,image_51,397.13943424999997
3,1,screening,222,46,42,image_47,398.60927725
3,1,screening,223,30,27,image_31,400.04437025
3,1,screening,224,58,53,image_59,401.50127625
3,1,screening,225,5,5,image_6,403.00980625
3,1,screening,226,22,20,image_23,404.47540025
3,1,screening,227,20,18,image_21,405.94039925
3,1,screening,228,8,8,image_9,407.37561725
3,1,screening,229,33,30,image_34,408.83552325
3,1,screening,230,68,62,image_69,410.31036624999996
3,1,screening,231,13,12,image_14,414.52089624999996
3,1,screening,232,31,28,image_32,415.97292625
3,1,screening,233,44,40,image_45,417.42161325
3,1,screening,234,60,54,image_61,418.93223824999995
3,1,screening,235,14,13,image_15,420.34708125
3,1,screening,236,11,10,image_12,421.84751825
3,1,screening,237,47,43,image_48,423.35067325
3,1,screening,238,15,14,image_16,424.84111025
3,1,screening,239,7,7,image_8,426.26167225
3,1,screening,240,18,17,image_19,427.69948424999995
3,1,screening,241,1,1,image_2,429.14779625
3,1,screening,242,27,25,image_28,430.62660825
3,1,screening,243,6,6,image_7,432.05201324999996
3,1,screening,244,54,49,image_55,435.91957425
3,1,screening,245,25,23,image_26,437.34454324999996
3,1,screening,246,55,50,image_56,438.82304224999996
3,1,screening,247,16,15,image_17,440.28569825
3,1,screening,248,4,4,image_5,441.77760324999997
3,1,screening,249,21,19,image_22,443.26710325
3,1,screening,250,63,57,image_64,444.77100824999997
3,1,screening,251,17,16,image_18,446.27528924999996
3,1,screening,252,24,22,image_25,447.72138225
3,1,screening,253,16,15,image_17,449.20553824999996
3,1,screening,254,1,1,image_2,450.63710025
3,1,screening,255,31,28,image_32,452.05188024999995
3,1,screening,256,51,46,image_52,453.53756725
3,1,screening,257,5,5,image_6,454.99984824999996
3,1,screening,258,47,43,image_48,456.45919125
3,1,screening,259,61,55,image_62,457.96147225
3,1,screening,260,36,33,image_37,462.35647025
3,1,screening,261,15,14,image_16,463.82975124999996
3,1,screening,262,68,62,image_69,465.32809425
3,1,screening,263,54,49,image_55,466.82068725
3,1,screening,264,32,29,image_33,468.29043624999997
3,1,screening,265,13,12,image_14,469.72043625
3,1,screening,266,48,44,image_49,471.15606025
3,1,screening,267,65,59,image_66,472.65637225
3,1,screening,268,55,50,image_56,474.07193424999997
3,1,screening,269,42,38,image_43,475.53184024999996
3,1,screening,270,20,18,image_21,476.96121424999995
3,1,screening,271,67,61,image_68,481.03918124999996
3,1,screening,272,18,17,image_19,482.52196225
3,1,screening,273,34,31,image_35,483.98464924999996
3,1,screening,274,21,19,image_22,485.44396125
3,1,screening,275,53,48,image_54,486.86108525
3,1,screening,276,28,26,image_29,488.34149125
3,1,screening,277,50,45,image_51,489.75814725
3,1,screening,278,14,13,image_15,491.17777125
3,1,screening,279,43,39,image_44,494.51205124999996
3,1,screening,280,30,27,image_31,495.93308225
3,1,screening,281,44,40,image_45,497.42598725
3,1,screening,282,22,20,image_23,498.92020525
3,1,screening,283,58,53,image_59,500.40408025
3,1,screening,284,12,11,image_13,501.83073525
3,1,screening,285,52,47,image_53,505.54360925
3,1,screening,286,38,35,image_39,507.00798325
3,1,screening,287,26,24,image_27,508.52098325
3,1,screening,288,64,58,image_65,509.99723224999997
3,1,screening,289,0,0,image_1,511.49091925
3,1,screening,290,66,60,image_67,512.94785625
3,1,screening,291,23,21,image_24,514.4029802499999
3,1,screening,292,33,30,image_34,518.10435425
3,1,screening,293,57,52,image_58,519.52701025
3,1,screening,294,40,36,image_41,520.95350925
3,1,screening,295,3,3,image_4,522.38250825
3,1,screening,296,63,57,image_64,523.83369525
3,1,screening,297,4,4,image_5,525.33150725
3,1,screening,298,62,56,image_63,526.82378825
3,1,screening,299,45,41,image_46,528.24381925
3,1,screening,300,11,10,image_12,529.6975992499999
3,1,screening,301,46,42,image_47,531.16600525
3,1,screening,302,25,23,image_26,532.62241125
3,1,screening,303,27,25,image_28,534.09956625
3,1,screening,304,10,9,image_11,535.57369125
3,1,screening,305,6,6,image_7,537.0151902499999
3,1,screening,306,35,32,image_36,538.47109625
3,1,screening,307,56,51,image_57,539.88390825
3,1,screening,308,60,54,image_61,541.39381325
3,1,screening,309,2,2,image_3,542.82253225
3,1,screening,310,7,7,image_8,544.24412525
3,1,screening,311,17,16,image_18,545.69231225
3,1,screening,312,8,8,image_9,547.12356125
3,1,screening,313,37,34,image_38,548.58315425
3,1,screening,314,41,37,image_42,550.02806025
3,1,screening,315,35,32,image_36,551.53534125
3,1,screening,316,6,6,image_7,553.03949625
3,1,screening,317,20,18,image_21,554.45743325
3,1,screening,318,36,33,image_37,557.51911925
3,1,screening,319,62,56,image_63,558.9578692499999
3,1,screening,320,4,4,image_5,560.41174325
3,1,screening,321,48,44,image_49,561.87724325
3,1,screening,322,17,16,image_18,563.38564825
3,1,screening,323,2,2,image_3,564.8432732499999
3,1,screening,324,63,57,image_64,566.35642825
3,1,screening,325,25,23,image_26,567.79877125
3,1,screening,326,64,58,image_65,569.28105225
3,1,screening,327,24,22,image_25,570.75986425
3,1,screening,328,10,9,image_11,572.22658225
3,1,screening,329,13,12,image_14,573.7075502499999
3,1,screening,330,54,49,image_55,575.18764425
3,1,screening,331,30,27,image_31,576.6169552499999
3,1,screening,332,55,50,image_56,578.0431112499999
3,1,screening,333,68,62,image_69,579.55570425
3,1,screening,334,8,8,image_9,580.98586025
3,1,screening,335,0,0,image_1,582.40060925
3,1,screening,336,3,3,image_4,583.86810925
3,1,screening,337,44,40,image_45,585.36832725
3,1,screening,338,33,30,image_34,590.7431692499999
3,1,screening,339,16,15,image_17,592.17519925
3,1,screening,340,18,17,image_19,593.62279225
3,1,screening,341,11,10,image_12,595.08407325
3,1,screening,342,15,14,image_16,596.5946662499999
3,1,screening,343,51,46,image_52,598.02172825
3,1,screening,344,32,29,image_33,599.5185712499999
3,1,screening,345,47,43,image_48,600.99516425
3,1,screening,346,5,5,image_6,602.4445392499999
3,1,screening,347,12,11,image_13,603.8756952499999
3,1,screening,348,57,52,image_58,605.3311632499999
3,1,screening,349,21,19,image_22,606.7913502499999
3,1,screening,350,40,36,image_41,608.21666225
3,1,screening,351,28,26,image_29,609.68663025
3,1,screening,352,56,51,image_57,611.12062925
3,1,screening,353,46,42,image_47,612.57128525
3,1,screening,354,38,35,image_39,614.0414402499999
3,1,screening,355,52,47,image_53,615.47987725
3,1,screening,356,23,21,image_24,616.9207212499999
3,1,screening,357,37,34,image_38,620.93628125
3,1,screening,358,67,61,image_68,622.3749682499999
3,1,screening,359,45,41,image_46,623.8709682499999
3,1,screening,360,42,38,image_43,625.3812802499999
3,1,screening,361,41,37,image_42,626.86640425
3,1,screening,362,61,55,image_62,628.31362225
3,1,screening,363,53,48,image_54,629.7836532499999
3,1,screening,364,34,31,image_35,631.20621525
3,1,screening,365,22,20,image_23,632.70824525
3,1,screening,366,26,24,image_27,634.20743225
3,1,screening,367,50,45,image_51,635.70068225
3,1,screening,368,43,39,image_44,637.14155625
3,1,screening,369,65,59,image_66,638.61255625
3,1,screening,370,60,54,image_61,640.02777425
3,1,screening,371,31,28,image_32,641.48211725
3,1,screening,372,58,53,image_59,642.92524125
3,1,screening,373,1,1,image_2,644.35361625
3,1,screening,374,7,7,image_8,645.78255325
3,1,screening,375,27,25,image_28,647.23586525
3,1,screening,376,66,60,image_67,648.6566772499999
3,1,screening,377,14,13,image_15,650.12752025
3,2,sternberg,0,4,4,image_66,55.1486495
3,2,sternberg,1,0,0,image_2,56.1843675
3,2,sternberg,2,2,2,image_21,57.3193365
3,2,sternberg,3,4,4,image_66,60.9360225
3,2,sternberg,4,0,0,image_2,65.8034575
3,2,sternberg,5,1,1,image_23,67.0067385
3,2,sternberg,6,3,3,image_44,68.0313635
3,2,sternberg,7,0,0,image_2,71.6833925
3,2,sternberg,8,2,2,image_21,74.0389545
3,2,sternberg,9,4,4,image_66,75.2105795
3,2,sternberg,10,3,3,image_44,76.2759535
3,2,sternberg,11,1,1,image_23,80.01795249999999
3,2,sternberg,12,4,4,image_66,98.51978849999999
3,2,sternberg,13,0,0,image_2,99.7114125
3,2,sternberg,14,5,5,image_999,99.7214125
3,2,sternberg,15,2,2,image_21,103.4311305
3,2,sternberg,16,4,4,image_66,108.39103449999999
3,2,sternberg,17,1,1,image_23,109.54400249999999
3,2,sternberg,18,5,5,image_999,109.5540025
3,2,sternberg,19,4,4,image_66,113.19222049999999
3,2,sternberg,20,3,3,image_44,115.21153149999999
3,2,sternberg,21,1,1,image_23,116.26418749999999
3,2,sternberg,22,5,5,image_999,116.2741875
3,2,sternberg,23,1,1,image_23,119.9567175
3,2,sternberg,24,0,0,image_2,122.42424749999999
3,2,sternberg,25,1,1,image_23,123.57880949999999
3,2,sternberg,26,5,5,image_999,123.5888095
3,2,sternberg,27,3,3,image_44,127.27890149999999
3,2,sternberg,28,2,2,image_21,129.4545885
3,2,sternberg,29,3,3,image_44,130.59652549999998
3,2,sternberg,30,0,0,image_2,131.6671505
3,2,sternberg,31,4,4,image_66,135.2777735
3,2,sternberg,32,1,1,image_23,139.0054905
3,2,sternberg,33,2,2,image_21,140.0338965
3,2,sternberg,34,4,4,image_66,141.0666775
3,2,sternberg,35,3,3,image_44,144.8025825
3,2,sternberg,36,1,1,image_23,147.1006755
3,2,sternberg,37,2,2,image_21,148.2372375
3,2,sternberg,38,5,5,image_999,148.24723749999998
3,2,sternberg,39,3,3,image_44,151.9260795
3,2,sternberg,40,1,1,image_23,153.8552355
3,2,sternberg,41,5,5,image_999,153.86523549999998
3,2,sternberg,42,5,5,image_999,153.87523549999997
3,2,sternberg,43,1,1,image_23,157.5775775
3,2,sternberg,44,0,0,image_2,159.6952955
3,2,sternberg,45,5,5,image_999,159.70529549999998
3,2,sternberg,46,5,5,image_999,159.71529549999997
3,2,sternberg,47,0,0,image_2,163.4695745
3,2,sternberg,48,3,3,image_44,165.5022305
3,2,sternberg,49,5,5,image_999,165.5122305
3,2,sternberg,50,5,5,image_999,165.52223049999998
3,2,sternberg,51,3,3,image_44,169.2075725
3,2,sternberg,52,2,2,image_21,171.1657285
3,2,sternberg,53,4,4,image_66,172.24807149999998
3,2,sternberg,54,3,3,image_44,173.43822749999998
3,2,sternberg,55,0,0,image_2,177.15931949999998
3,2,sternberg,56,0,0,image_2,179.7502245
3,2,sternberg,57,1,1,image_23,180.8360995
3,2,sternberg,58,3,3,image_44,182.0178795
3,2,sternberg,59,2,2,image_21,185.6782845
3,2,sternberg,60,4,4,image_66,187.6590335
3,2,sternberg,61,5,5,image_999,187.66903349999998
3,2,sternberg,62,5,5,image_999,187.67903349999997
3,2,sternberg,63,4,4,image_66,191.3370325
3,2,sternberg,64,4,4,image_66,193.3940005
3,2,sternberg,65,5,5,image_999,193.4040005
3,2,sternberg,66,5,5,image_999,193.4140005
3,2,sternberg,67,1,1,image_23,197.0360925
3,2,sternberg,68,3,3,image_44,198.7975605
3,2,sternberg,69,5,5,image_999,198.8075605
3,2,sternberg,70,5,5,image_999,198.81756049999998
3,2,sternberg,71,1,1,image_23,202.5227155
3,2,sternberg,72,4,4,image_66,204.48312049999998
3,2,sternberg,73,2,2,image_21,205.6723705
3,2,sternberg,74,3,3,image_44,206.8591195
3,2,sternberg,75,4,4,image_66,210.4705875
3,2,sternberg,76,1,1,image_23,213.6403675
3,2,sternberg,77,0,0,image_2,214.8389915
3,2,sternberg,78,5,5,image_999,214.84899149999998
3,2,sternberg,79,0,0,image_2,218.54886549999998
3,2,sternberg,80,2,2,image_21,220.91189549999999
3,2,sternberg,81,4,4,image_66,221.99152049999998
3,2,sternberg,82,0,0,image_2,223.1861755
3,2,sternberg,83,2,2,image_21,226.8291745
3,2,sternberg,84,1,1,image_23,231.2189225
3,2,sternberg,85,2,2,image_21,232.2485475
3,2,sternberg,86,3,3,image_44,233.3799215
3,2,sternberg,87,4,4,image_66,237.14210749999998
3,2,sternberg,88,4,4,image_66,239.72513849999999
3,2,sternberg,89,5,5,image_999,239.73513849999998
3,2,sternberg,90,5,5,image_999,239.74513849999997
3,2,sternberg,91,2,2,image_21,243.52710549999998
3,2,sternberg,92,4,4,image_66,245.3888855
3,2,sternberg,93,2,2,image_21,246.5756045
3,2,sternberg,94,5,5,image_999,246.5856045
3,2,sternberg,95,4,4,image_66,250.2696025
3,2,sternberg,96,1,1,image_23,252.49832049999998
3,2,sternberg,97,5,5,image_999,252.50832049999997
3,2,sternberg,98,5,5,image_999,252.51832049999996
3,2,sternberg,99,1,1,image_23,256.19172549999996
3,2,sternberg,100,3,3,image_44,258.2421305
3,2,sternberg,101,1,1,image_23,259.3742865
3,2,sternberg,102,0,0,image_2,260.3952235
3,2,sternberg,103,1,1,image_23,264.1142845
3,2,sternberg,104,3,3,image_44,266.9457205
3,2,sternberg,105,5,5,image_999,266.9557205
3,2,sternberg,106,5,5,image_999,266.9657205
3,2,sternberg,107,2,2,image_21,270.7425005
3,2,sternberg,108,1,1,image_23,272.7705315
3,2,sternberg,109,4,4,image_66,273.9358745
3,2,sternberg,110,5,5,image_999,273.9458745
3,2,sternberg,111,4,4,image_66,277.6957795
3,2,sternberg,112,0,0,image_2,279.9844035
3,2,sternberg,113,5,5,image_999,279.9944035
3,2,sternberg,114,5,5,image_999,280.00440349999997
3,2,sternberg,115,0,0,image_2,283.6646515
3,2,sternberg,116,0,0,image_2,285.93877549999996
3,2,sternberg,117,3,3,image_44,287.1399935
3,2,sternberg,118,5,5,image_999,287.1499935
3,2,sternberg,119,4,4,image_66,290.78139849999997
3,2,sternberg,120,0,0,image_2,292.80299149999996
3,2,sternberg,121,3,3,image_44,293.8605225
3,2,sternberg,122,2,2,image_21,294.95602249999996
3,2,sternberg,123,4,4,image_66,298.71842649999996
3,2,sternberg,124,3,3,image_44,302.7467685
3,2,sternberg,125,4,4,image_66,303.9336745
3,2,sternberg,126,5,5,image_999,303.9436745
3,2,sternberg,127,3,3,image_44,307.5599855
3,2,sternberg,128,0,0,image_2,309.5862975
3,2,sternberg,129,2,2,image_21,310.70732849999996
3,2,sternberg,130,5,5,image_999,310.71732849999995
3,2,sternberg,131,2,2,image_21,314.3319835
3,2,sternberg,132,0,0,image_2,316.0344515
3,2,sternberg,133,5,5,image_999,316.0444515
3,2,sternberg,134,5,5,image_999,316.05445149999997
3,2,sternberg,135,3,3,image_44,319.7976055
3,2,sternberg,136,3,3,image_44,321.7254805
3,2,sternberg,137,1,1,image_23,322.9305735
3,2,sternberg,138,0,0,image_2,323.98891649999996
3,2,sternberg,139,3,3,image_44,327.6523525
3,2,sternberg,140,2,2,image_21,330.1275395
3,2,sternberg,141,5,5,image_999,330.1375395
3,2,sternberg,142,5,5,image_999,330.1475395
3,2,sternberg,143,1,1,image_23,333.7948505
3,2,sternberg,144,4,4,image_66,335.6030055
3,2,sternberg,145,2,2,image_21,336.73103649999996
3,2,sternberg,146,5,5,image_999,336.74103649999995
3,2,sternberg,147,2,2,image_21,340.4212855
3,2,sternberg,148,4,4,image_66,343.3517525
3,2,sternberg,149,5,5,image_999,343.36175249999997
3,2,sternberg,150,5,5,image_999,343.37175249999996
3,2,sternberg,151,4,4,image_66,347.08187649999996
3,2,sternberg,152,1,1,image_23,348.9042505
3,2,sternberg,153,4,4,image_66,349.9557185
3,2,sternberg,154,0,0,image_2,351.1396555
3,2,sternberg,155,3,3,image_44,354.80465449999997
3,2,sternberg,156,4,4,image_66,356.8395905
3,2,sternberg,157,0,0,image_2,358.0173405
3,2,sternberg,158,5,5,image_999,358.0273405
3,2,sternberg,159,4,4,image_66,361.75327649999997
3,2,sternberg,160,2,2,image_21,363.81530649999996
3,2,sternberg,161,1,1,image_23,364.9061815
3,2,sternberg,162,0,0,image_2,366.04886849999997
3,2,sternberg,163,0,0,image_2,369.6083045
3,2,sternberg,164,3,3,image_44,372.0739915
3,2,sternberg,165,2,2,image_21,373.1007405
3,2,sternberg,166,5,5,image_999,373.11074049999996
3,2,sternberg,167,4,4,image_66,376.79195749999997
3,2,sternberg,168,4,4,image_66,378.7462385
3,2,sternberg,169,0,0,image_2,379.84923849999996
3,2,sternberg,170,3,3,image_44,381.0300185
3,2,sternberg,171,0,0,image_2,384.67486149999996
3,2,sternberg,172,2,2,image_21,386.6641725
3,2,sternberg,173,3,3,image_44,387.69323449999996
3,2,sternberg,174,5,5,image_999,387.70323449999995
3,2,sternberg,175,2,2,image_21,391.3633585
3,2,sternberg,176,1,1,image_23,393.6301385
3,2,sternberg,177,5,5,image_999,393.6401385
3,2,sternberg,178,5,5,image_999,393.65013849999997
3,2,sternberg,179,0,0,image_2,397.3956055
3,2,sternberg,180,3,3,image_44,399.3714485
3,2,sternberg,181,5,5,image_999,399.3814485
3,2,sternberg,182,5,5,image_999,399.39144849999997
3,2,sternberg,183,3,3,image_44,403.11744749999997
3,2,sternberg,184,4,4,image_66,404.88944649999996
3,2,sternberg,185,3,3,image_44,405.91232149999996
3,2,sternberg,186,5,5,image_999,405.92232149999995
3,2,sternberg,187,0,0,image_2,409.52694449999996
3,2,sternberg,188,2,2,image_21,411.6336935
3,2,sternberg,189,5,5,image_999,411.6436935
3,2,sternberg,190,5,5,image_999,411.6536935
3,2,sternberg,191,2,2,image_21,415.3689735
3,2,sternberg,192,1,1,image_23,417.2002235
3,2,sternberg,193,2,2,image_21,418.3637225
3,2,sternberg,194,5,5,image_999,418.3737225
3,2,sternberg,195,4,4,image_66,422.01606449999997
3,2,sternberg,196,1,1,image_23,424.5488135
3,2,sternberg,197,5,5,image_999,424.5588135
3,2,sternberg,198,5,5,image_999,424.5688135
3,2,sternberg,199,3,3,image_44,428.1795625
3,2,sternberg,200,4,4,image_66,430.07537449999995
3,2,sternberg,201,2,2,image_21,431.1093735
3,2,sternberg,202,5,5,image_999,431.1193735
3,2,sternberg,203,1,1,image_23,434.8088405
3,2,sternberg,204,4,4,image_66,436.7592775
3,2,sternberg,205,2,2,image_21,437.79233949999997
3,2,sternberg,206,5,5,image_999,437.80233949999996
3,2,sternberg,207,4,4,image_66,441.52721349999996
3,2,sternberg,208,3,3,image_44,444.12489949999997
3,2,sternberg,209,4,4,image_66,445.28502449999996
3,2,sternberg,210,2,2,image_21,446.3874305
3,2,sternberg,211,0,0,image_2,449.9812725
3,2,sternberg,212,2,2,image_21,452.0143025
3,2,sternberg,213,5,5,image_999,452.0243025
3,2,sternberg,214,5,5,image_999,452.03430249999997
3,2,sternberg,215,3,3,image_44,455.6142385
3,2,sternberg,216,2,2,image_21,457.4234565
3,2,sternberg,217,4,4,image_66,458.56676849999997
3,2,sternberg,218,5,5,image_999,458.57676849999996
3,2,sternberg,219,0,0,image_2,462.2882365
3,2,sternberg,220,0,0,image_2,464.1381105
3,2,sternberg,221,1,1,image_23,465.1635475
3,2,sternberg,222,5,5,image_999,465.1735475
3,2,sternberg,223,1,1,image_23,468.92673349999995
3,2,sternberg,224,2,2,image_21,472.6934195
3,2,sternberg,225,3,3,image_44,473.7274195
3,2,sternberg,226,5,5,image_999,473.7374195
3,2,sternberg,227,0,0,image_2,477.4181675
3,2,sternberg,228,2,2,image_21,479.5414795
3,2,sternberg,229,5,5,image_999,479.55147949999997
3,2,sternberg,230,5,5,image_999,479.56147949999996
3,2,sternberg,231,1,1,image_23,483.0912595
3,2,sternberg,232,0,0,image_2,484.98425849999995
3,2,sternberg,233,3,3,image_44,486.13766449999997
3,2,sternberg,234,1,1,image_23,487.1909765
3,2,sternberg,235,1,1,image_23,490.8119125
3,2,sternberg,236,4,4,image_66,493.07944249999997
3,2,sternberg,237,5,5,image_999,493.08944249999996
3,2,sternberg,238,5,5,image_999,493.09944249999995
3,2,sternberg,239,3,3,image_44,496.78525349999995
3,2,sternberg,240,3,3,image_44,498.67747149999997
3,2,sternberg,241,2,2,image_21,499.8562215
3,2,sternberg,242,4,4,image_66,500.99625149999997
3,2,sternberg,243,3,3,image_44,504.76768749999997
3,2,sternberg,244,4,4,image_66,507.75818649999997
3,2,sternberg,245,0,0,image_2,508.8302175
3,2,sternberg,246,1,1,image_23,509.90656049999996
3,2,sternberg,247,3,3,image_44,513.6464655
3,2,sternberg,248,3,3,image_44,518.4728695
3,2,sternberg,249,5,5,image_999,518.4828695
3,2,sternberg,250,5,5,image_999,518.4928695
3,2,sternberg,251,3,3,image_44,522.1830245
3,2,sternberg,252,0,0,image_2,523.9708055
3,2,sternberg,253,5,5,image_999,523.9808055
3,2,sternberg,254,5,5,image_999,523.9908055
3,2,sternberg,255,0,0,image_2,527.5856474999999
3,2,sternberg,256,3,3,image_44,529.3490525
3,2,sternberg,257,5,5,image_999,529.3590525
3,2,sternberg,258,5,5,image_999,529.3690525
3,2,sternberg,259,4,4,image_66,533.0959885
3,2,sternberg,260,3,3,image_44,536.0698625
3,2,sternberg,261,0,0,image_2,537.0907065
3,2,sternberg,262,4,4,image_66,538.2458305
3,2,sternberg,263,2,2,image_21,541.9035475
3,2,sternberg,264,1,1,image_23,544.0297035
3,2,sternberg,265,5,5,image_999,544.0397035
3,2,sternberg,266,5,5,image_999,544.0497035
3,2,sternberg,267,1,1,image_23,547.6760145
3,2,sternberg,268,0,0,image_2,549.4475135
3,2,sternberg,269,4,4,image_66,550.4956075
3,2,sternberg,270,2,2,image_21,551.6421065
3,2,sternberg,271,1,1,image_23,555.2751675
3,2,sternberg,272,3,3,image_44,592.5981835
3,2,sternberg,273,0,0,image_2,593.6832455
3,2,sternberg,274,5,5,image_999,593.6932455
3,2,sternberg,275,3,3,image_44,597.4776505
3,2,sternberg,276,2,2,image_21,602.5577115
3,2,sternberg,277,5,5,image_999,602.5677115
3,2,sternberg,278,5,5,image_999,602.5777115
3,2,sternberg,279,1,1,image_23,606.2686474999999
3,2,sternberg,280,4,4,image_66,608.8052715
3,2,sternberg,281,5,5,image_999,608.8152715
3,2,sternberg,282,5,5,image_999,608.8252715
3,2,sternberg,283,4,4,image_66,612.5453004999999
3,2,sternberg,284,2,2,image_21,615.9407365
3,2,sternberg,285,4,4,image_66,616.9746425
3,2,sternberg,286,5,5,image_999,616.9846425
3,2,sternberg,287,2,2,image_21,620.6004224999999
3,2,sternberg,288,0,0,image_2,626.2440765
3,2,sternberg,289,5,5,image_999,626.2540765
3,2,sternberg,290,5,5,image_999,626.2640765
3,2,sternberg,291,1,1,image_23,629.9233565
3,2,sternberg,292,0,0,image_2,631.7595114999999
3,2,sternberg,293,2,2,image_21,632.8444804999999
3,2,sternberg,294,1,1,image_23,634.0023855
3,2,sternberg,295,3,3,image_44,637.6488845
3,2,sternberg,296,0,0,image_2,640.0972274999999
3,2,sternberg,297,1,1,image_23,641.1540395
3,2,sternberg,298,5,5,image_999,641.1640395
3,2,sternberg,299,3,3,image_44,644.9530065
3,2,sternberg,300,0,0,image_2,648.7916305
3,2,sternberg,301,1,1,image_23,649.9626925
3,2,sternberg,302,2,2,image_21,651.0797225
3,2,sternberg,303,4,4,image_66,654.8350965
3,2,sternberg,304,4,4,image_66,657.4490324999999
3,2,sternberg,305,5,5,image_999,657.4590324999999
3,2,sternberg,306,5,5,image_999,657.4690324999999
3,2,sternberg,307,4,4,image_66,661.0980935
3,2,sternberg,308,1,1,image_23,663.0122185
3,2,sternberg,309,5,5,image_999,663.0222185
3,2,sternberg,310,5,5,image_999,663.0322185
3,2,sternberg,311,0,0,image_2,666.6814664999999
3,2,sternberg,312,1,1,image_23,668.5174655
3,2,sternberg,313,2,2,image_21,669.6087155
3,2,sternberg,314,5,5,image_999,669.6187155
3,2,sternberg,315,0,0,image_2,673.2883075
3,2,sternberg,316,1,1,image_23,675.4836194999999
3,2,sternberg,317,2,2,image_21,676.6195875
3,2,sternberg,318,3,3,image_44,677.7536494999999
3,2,sternberg,319,3,3,image_44,681.5262104999999
3,2,sternberg,320,1,1,image_23,685.5565845
3,2,sternberg,321,0,0,image_2,686.7488334999999
3,2,sternberg,322,5,5,image_999,686.7588334999999
3,2,sternberg,323,4,4,image_66,690.4880195
3,2,sternberg,324,0,0,image_2,692.6555495
3,2,sternberg,325,4,4,image_66,693.7670805
3,2,sternberg,326,5,5,image_999,693.7770805
3,2,sternberg,327,1,1,image_23,697.4003915
3,2,sternberg,328,1,1,image_23,699.5537345
3,2,sternberg,329,3,3,image_44,700.6261405
3,2,sternberg,330,5,5,image_999,700.6361405
3,2,sternberg,331,0,0,image_2,704.3091704999999
3,2,sternberg,332,0,0,image_2,706.3132314999999
3,2,sternberg,333,3,3,image_44,707.4907005
3,2,sternberg,334,5,5,image_999,707.5007005
3,2,sternberg,335,0,0,image_2,711.2408234999999
3,2,sternberg,336,2,2,image_21,713.8409785
3,2,sternberg,337,1,1,image_23,714.8773225
3,2,sternberg,338,5,5,image_999,714.8873225
3,2,sternberg,339,1,1,image_23,718.6198205
3,2,sternberg,340,3,3,image_44,721.8323815
3,2,sternberg,341,0,0,image_2,722.8722255
3,2,sternberg,342,1,1,image_23,723.9264125
3,2,sternberg,343,1,1,image_23,727.6296295
3,2,sternberg,344,2,2,image_21,729.7039725
3,2,sternberg,345,5,5,image_999,729.7139725
3,2,sternberg,346,5,5,image_999,729.7239725
3,2,sternberg,347,2,2,image_21,733.3133465
3,2,sternberg,348,1,1,image_23,735.4259705
3,2,sternberg,349,2,2,image_21,736.5322825
3,2,sternberg,350,5,5,image_999,736.5422824999999
3,2,sternberg,351,4,4,image_66,740.2250935
3,2,sternberg,352,4,4,image_66,742.5935925
3,2,sternberg,353,5,5,image_999,742.6035925
3,2,sternberg,354,5,5,image_999,742.6135925
3,2,sternberg,355,2,2,image_21,746.1656224999999
3,2,sternberg,356,3,3,image_44,748.1896525
3,2,sternberg,357,0,0,image_2,749.3156835
3,2,sternberg,358,5,5,image_999,749.3256835
3,2,sternberg,359,3,3,image_44,752.9782445
3,2,sternberg,360,4,4,image_66,755.0017124999999
3,2,sternberg,361,3,3,image_44,756.1519935
3,2,sternberg,362,2,2,image_21,757.3395865
3,2,sternberg,363,2,2,image_21,761.1501475
3,2,sternberg,364,2,2,image_21,763.8386775
3,2,sternberg,365,1,1,image_23,764.9518335
3,2,sternberg,366,5,5,image_999,764.9618335
3,2,sternberg,367,2,2,image_21,768.6448945
3,2,sternberg,368,2,2,image_21,771.4034244999999
3,2,sternberg,369,5,5,image_999,771.4134244999999
3,2,sternberg,370,5,5,image_999,771.4234244999999
3,2,sternberg,371,2,2,image_21,775.0381414999999
3,2,sternberg,372,0,0,image_2,776.8091095
3,2,sternberg,373,3,3,image_44,777.8387345
3,2,sternberg,374,5,5,image_999,777.8487345
3,2,sternberg,375,2,2,image_21,781.6169205
3,2,sternberg,376,3,3,image_44,784.0829815
3,2,sternberg,377,4,4,image_66,785.2217314999999
3,2,sternberg,378,5,5,image_999,785.2317314999999
3,2,sternberg,379,0,0,image_2,788.9464174999999
3,2,sternberg,380,1,1,image_23,791.7343225
3,2,sternberg,381,0,0,image_2,792.7758534999999
3,2,sternberg,382,2,2,image_21,793.9710715
3,2,sternberg,383,4,4,image_66,797.6913205
3,2,sternberg,384,0,0,image_2,800.2893194999999
3,2,sternberg,385,5,5,image_999,800.2993194999999
3,2,sternberg,386,5,5,image_999,800.3093194999999
3,2,sternberg,387,0,0,image_2,804.0670984999999
3,2,sternberg,388,3,3,image_44,805.8487855
3,2,sternberg,389,5,5,image_999,805.8587855
3,2,sternberg,390,5,5,image_999,805.8687855
3,2,sternberg,391,4,4,image_66,809.5081905
3,2,sternberg,392,1,1,image_23,811.5036895
3,2,sternberg,393,5,5,image_999,811.5136894999999
3,2,sternberg,394,5,5,image_999,811.5236894999999
3,2,sternberg,395,3,3,image_44,815.2128134999999
3,2,sternberg,396,3,3,image_44,819.6884365
3,2,sternberg,397,4,4,image_66,820.8524044999999
3,2,sternberg,398,5,5,image_999,820.8624044999999
3,2,sternberg,399,0,0,image_2,824.4543405
3,2,sternberg,400,1,1,image_23,826.5216525
3,2,sternberg,401,3,3,image_44,827.6897455
3,2,sternberg,402,4,4,image_66,828.8677765
3,2,sternberg,403,1,1,image_23,832.5332434999999
3,2,sternberg,404,4,4,image_66,836.6505854999999
3,2,sternberg,405,3,3,image_44,837.7279295
3,2,sternberg,406,5,5,image_999,837.7379295
3,2,sternberg,407,3,3,image_44,841.4224274999999
3,2,sternberg,408,0,0,image_2,844.4322705
3,2,sternberg,409,1,1,image_23,845.6273944999999
3,2,sternberg,410,5,5,image_999,845.6373944999999
3,2,sternberg,411,3,3,image_44,849.3762365
3,2,sternberg,412,0,0,image_2,852.0375174999999
3,2,sternberg,413,2,2,image_21,853.1101414999999
3,2,sternberg,414,4,4,image_66,854.2711105
3,2,sternberg,415,0,0,image_2,857.9721085
3,2,sternberg,416,2,2,image_21,860.2185135
3,2,sternberg,417,0,0,image_2,861.4012945
3,2,sternberg,418,4,4,image_66,862.5966065
3,2,sternberg,419,0,0,image_2,866.2427925
3,2,sternberg,420,3,3,image_44,868.1492915
3,2,sternberg,421,4,4,image_66,869.1818545
3,2,sternberg,422,5,5,image_999,869.1918545
3,2,sternberg,423,1,1,image_23,872.9888834999999
3,2,sternberg,424,2,2,image_21,875.8142574999999
3,2,sternberg,425,3,3,image_44,876.8609445
3,2,sternberg,426,5,5,image_999,876.8709445
3,2,sternberg,427,4,4,image_66,880.5184115
3,2,sternberg,428,1,1,image_23,883.5983165
3,2,sternberg,429,4,4,image_66,884.6224725
3,2,sternberg,430,2,2,image_21,885.7567845
3,2,sternberg,431,4,4,image_66,889.4224704999999
3,2,sternberg,432,2,2,image_21,891.4697825
3,2,sternberg,433,5,5,image_999,891.4797824999999
3,2,sternberg,434,5,5,image_999,891.4897824999999
3,2,sternberg,435,2,2,image_21,895.1345934999999
3,2,sternberg,436,4,4,image_66,896.8707175
3,2,sternberg,437,2,2,image_21,897.9038425
3,2,sternberg,438,1,1,image_23,899.0802484999999
3,2,sternberg,439,0,0,image_2,902.7544965
3,2,sternberg,440,3,3,image_44,904.9832144999999
3,2,sternberg,441,5,5,image_999,904.9932144999999
3,2,sternberg,442,5,5,image_999,905.0032144999999
3,2,sternberg,443,2,2,image_21,908.5697134999999
3,2,sternberg,444,1,1,image_23,910.7855874999999
3,2,sternberg,445,4,4,image_66,911.8196495
3,2,sternberg,446,5,5,image_999,911.8296495
3,2,sternberg,447,1,1,image_23,915.6017415
3,2,sternberg,448,0,0,image_2,918.8811465
3,2,sternberg,449,5,5,image_999,918.8911465
3,2,sternberg,450,5,5,image_999,918.9011465
3,2,sternberg,451,3,3,image_44,922.5229575
3,2,sternberg,452,4,4,image_66,924.3538315
3,2,sternberg,453,5,5,image_999,924.3638315
3,2,sternberg,454,5,5,image_999,924.3738314999999
3,2,sternberg,455,4,4,image_66,928.0120804999999
3,2,sternberg,456,4,4,image_66,930.2471734999999
3,2,sternberg,457,2,2,image_21,931.3634545
3,2,sternberg,458,3,3,image_44,932.5590165
3,2,sternberg,459,3,3,image_44,936.3396084999999
3,2,sternberg,460,3,3,image_44,938.5200765
3,2,sternberg,461,4,4,image_66,939.5947635
3,2,sternberg,462,1,1,image_23,940.6788564999999
3,2,sternberg,463,0,0,image_2,944.3941365
3,2,sternberg,464,2,2,image_21,946.2375734999999
3,2,sternberg,465,3,3,image_44,947.2817604999999
3,2,sternberg,466,4,4,image_66,948.4046344999999
3,2,sternberg,467,4,4,image_66,952.0295394999999
3,2,sternberg,468,1,1,image_23,954.0457885
3,2,sternberg,469,5,5,image_999,954.0557885
3,2,sternberg,470,5,5,image_999,954.0657884999999
3,2,sternberg,471,4,4,image_66,957.7444125
3,2,sternberg,472,2,2,image_21,959.6034735
3,2,sternberg,473,0,0,image_2,960.7036615
3,2,sternberg,474,5,5,image_999,960.7136615
3,2,sternberg,475,2,2,image_21,964.4045345
3,2,sternberg,476,4,4,image_66,966.7175335
3,2,sternberg,477,1,1,image_23,967.7512204999999
3,2,sternberg,478,0,0,image_2,968.9022514999999
3,2,sternberg,479,2,2,image_21,972.6360625
3,2,sternberg,480,3,3,image_44,975.3085615
3,2,sternberg,481,1,1,image_23,976.3663735
3,2,sternberg,482,5,5,image_999,976.3763735
3,2,sternberg,483,3,3,image_44,979.9819655
3,2,sternberg,484,3,3,image_44,982.1375895
3,2,sternberg,485,1,1,image_23,983.3415265
3,2,sternberg,486,0,0,image_2,984.4175265
3,2,sternberg,487,2,2,image_21,988.1053684999999
3,2,sternberg,488,1,1,image_23,990.2528994999999
3,2,sternberg,489,5,5,image_999,990.2628994999999
3,2,sternberg,490,5,5,image_999,990.2728994999999
3,2,sternberg,491,1,1,image_23,993.8888354999999
3,2,sternberg,492,0,0,image_2,995.8133035
3,2,sternberg,493,5,5,image_999,995.8233035
3,2,sternberg,494,5,5,image_999,995.8333034999999
3,2,sternberg,495,0,0,image_2,999.5431765
3,2,sternberg,496,1,1,image_23,1001.2644264999999
3,2,sternberg,497,3,3,image_44,1002.4219254999999
3,2,sternberg,498,0,0,image_2,1003.4813005
3,2,sternberg,499,3,3,image_44,1007.1545795
3,2,sternberg,500,2,2,image_21,1009.4049534999999
3,2,sternberg,501,0,0,image_2,1010.6002975
3,2,sternberg,502,5,5,image_999,1010.6102975
3,2,sternberg,503,1,1,image_23,1014.3001085
3,2,sternberg,504,2,2,image_21,1016.2686074999999
3,2,sternberg,505,4,4,image_66,1017.3042945
3,2,sternberg,506,3,3,image_44,1018.5051064999999
3,2,sternberg,507,3,3,image_44,1022.1482305
3,2,sternberg,508,0,0,image_2,1023.9226044999999
3,2,sternberg,509,5,5,image_999,1023.9326044999999
3,2,sternberg,510,5,5,image_999,1023.9426044999999
3,2,sternberg,511,2,2,image_21,1027.6916025
3,2,sternberg,512,2,2,image_21,1029.8303835
3,2,sternberg,513,5,5,image_999,1029.8403835
3,2,sternberg,514,5,5,image_999,1029.8503835
3,2,sternberg,515,2,2,image_21,1033.6339755
3,2,sternberg,516,4,4,image_66,1035.3729745
3,2,sternberg,517,0,0,image_2,1036.4380055
3,2,sternberg,518,1,1,image_23,1037.4950985
3,2,sternberg,519,2,2,image_21,1041.1636285
3,2,sternberg,520,3,3,image_44,1044.2024715
3,2,sternberg,521,1,1,image_23,1045.2312525
3,2,sternberg,522,2,2,image_21,1046.2850955
3,2,sternberg,523,0,0,image_2,1050.1005315
3,2,sternberg,524,2,2,image_21,1053.2352174999999
3,2,sternberg,525,0,0,image_2,1054.2663105
3,2,sternberg,526,4,4,image_66,1055.2975294999999
3,2,sternberg,527,4,4,image_66,1058.9178405
3,2,sternberg,528,0,0,image_2,1061.4679955
3,2,sternberg,529,3,3,image_44,1062.4994955
3,2,sternberg,530,1,1,image_23,1063.5350575
3,2,sternberg,531,2,2,image_21,1067.2667434999998
3,2,sternberg,532,3,3,image_44,1069.5232735
3,2,sternberg,533,5,5,image_999,1069.5332735
3,2,sternberg,534,5,5,image_999,1069.5432735
3,2,sternberg,535,1,1,image_23,1073.2852095
3,2,sternberg,536,0,0,image_2,1075.5409895
3,2,sternberg,537,3,3,image_44,1076.5658025
3,2,sternberg,538,4,4,image_66,1077.7235515
3,2,sternberg,539,1,1,image_23,1081.3464875
4,1,screening,0,30,27,image_31,9.816715
4,1,screening,1,25,23,image_26,11.332963999999999
4,1,screening,2,38,35,image_39,12.866306999999999
4,1,screening,3,16,15,image_17,14.316213
4,1,screening,4,55,50,image_56,15.832837
4,1,screening,5,43,39,image_44,17.332898999999998
4,1,screening,6,0,0,image_1,20.049523
4,1,screening,7,40,36,image_41,21.516085
4,1,screening,8,53,48,image_54,22.999397
4,1,screening,9,46,42,image_47,24.532709
4,1,screening,10,66,60,image_67,26.065989
4,1,screening,11,18,17,image_19,27.515988999999998
4,1,screening,12,68,62,image_69,29.049301
4,1,screening,13,11,10,image_12,30.582611999999997
4,1,screening,14,48,44,image_49,32.065923999999995
4,1,screening,15,17,16,image_18,33.582674
4,1,screening,16,51,46,image_52,35.032548
4,1,screening,17,1,1,image_2,36.499328999999996
4,1,screening,18,54,49,image_55,38.032516
4,1,screening,19,13,12,image_14,39.54914
4,1,screening,20,35,32,image_36,41.082482999999996
4,1,screening,21,44,40,image_45,42.58242
4,1,screening,22,22,20,image_23,44.015732
4,1,screening,23,27,25,image_28,45.53245
4,1,screening,24,32,29,image_33,47.0657
4,1,screening,25,60,54,image_61,48.565729999999995
4,1,screening,26,2,2,image_3,50.082322999999995
4,1,screening,27,4,4,image_5,51.59901
4,1,screening,28,33,30,image_34,53.082353
4,1,screening,29,31,28,image_32,54.58229
4,1,screening,30,37,34,image_38,56.032227
4,1,screening,31,42,38,image_43,57.532289
4,1,screening,32,6,6,image_7,60.365694
4,1,screening,33,3,3,image_4,61.832162
4,1,screening,34,58,53,image_59,63.265474
4,1,screening,35,56,51,image_57,64.715474
4,1,screening,36,26,24,image_27,66.232098
4,1,screening,37,45,41,image_46,67.732129
4,1,screening,38,64,58,image_65,69.198722
4,1,screening,39,8,8,image_9,70.732096
4,1,screening,40,61,55,image_62,72.165314
4,1,screening,41,62,56,image_63,73.648658
4,1,screening,42,20,18,image_21,76.382063
4,1,screening,43,14,13,image_15,77.898656
4,1,screening,44,24,22,image_25,79.415187
4,1,screening,45,12,11,image_13,80.865217
4,1,screening,46,63,57,image_64,82.348592
4,1,screening,47,57,52,image_58,83.831841
4,1,screening,48,15,14,image_16,85.331778
4,1,screening,49,67,61,image_68,86.83184
4,1,screening,50,41,37,image_42,88.348433
4,1,screening,51,47,43,image_48,89.815151
4,1,screening,52,52,47,image_53,91.31502599999999
4,1,screening,53,34,31,image_35,92.81502499999999
4,1,screening,54,23,21,image_24,94.264962
4,1,screening,55,36,33,image_37,95.71499299999999
4,1,screening,56,21,19,image_22,97.19842899999999
4,1,screening,57,5,5,image_6,98.731585
4,1,screening,58,28,26,image_29,100.198366
4,1,screening,59,50,45,image_51,101.69820899999999
4,1,screening,60,7,7,image_8,103.14817699999999
4,1,screening,61,65,59,image_66,104.64817599999999
4,1,screening,62,10,9,image_11,106.11483199999999
4,1,screening,63,63,57,image_64,109.364987
4,1,screening,64,35,32,image_36,110.864955
4,1,screening,65,48,44,image_49,112.38151699999999
4,1,screening,66,33,30,image_34,113.914704
4,1,screening,67,34,31,image_35,115.398078
4,1,screening,68,20,18,image_21,116.847984
4,1,screening,69,0,0,image_1,118.29801499999999
4,1,screening,70,46,42,image_47,119.748795
4,1,screening,71,60,54,image_61,121.26457599999999
4,1,screening,72,45,41,image_46,122.71454399999999
4,1,screening,73,32,29,image_33,124.2312
4,1,screening,74,65,59,image_66,127.84794799999999
4,1,screening,75,12,11,image_13,129.365042
4,1,screening,76,62,56,image_63,130.83110299999998
4,1,screening,77,17,16,image_18,132.281072
4,1,screening,78,18,17,image_19,133.731727
4,1,screening,79,58,53,image_59,135.23103899999998
4,1,screening,80,6,6,image_7,136.714414
4,1,screening,81,68,62,image_69,138.181069
4,1,screening,82,38,35,image_39,139.69769399999998
4,1,screening,83,54,49,image_55,141.197599
4,1,screening,84,36,33,image_37,142.68091099999998
4,1,screening,85,8,8,image_9,144.197629
4,1,screening,86,66,60,image_67,145.664191
4,1,screening,87,37,34,image_38,149.04765899999998
4,1,screening,88,2,2,image_3,150.54750199999998
4,1,screening,89,3,3,image_4,152.014189
4,1,screening,90,23,21,image_24,153.514094
4,1,screening,91,53,48,image_54,154.94746899999998
4,1,screening,92,57,52,image_58,156.380718
4,1,screening,93,30,27,image_31,157.86402999999999
4,1,screening,94,50,45,image_51,159.380686
4,1,screening,95,51,46,image_52,160.913966
4,1,screening,96,15,14,image_16,162.364028
4,1,screening,97,27,25,image_28,163.847871
4,1,screening,98,25,23,image_26,165.33059
4,1,screening,99,14,13,image_15,166.76387
4,1,screening,100,61,55,image_62,168.230651
4,1,screening,101,1,1,image_2,169.68049399999998
4,1,screening,102,13,12,image_14,171.19721199999998
4,1,screening,103,41,37,image_42,172.663805
4,1,screening,104,24,22,image_25,174.14718
4,1,screening,105,22,20,image_23,177.813866
4,1,screening,106,26,24,image_27,179.31374
4,1,screening,107,4,4,image_5,180.780365
4,1,screening,108,7,7,image_8,182.280489
4,1,screening,109,55,50,image_56,183.780426
4,1,screening,110,67,61,image_68,185.296925
4,1,screening,111,47,43,image_48,186.78026799999998
4,1,screening,112,28,26,image_29,188.213549
4,1,screening,113,56,51,image_57,189.663549
4,1,screening,114,64,58,image_65,191.18064199999998
4,1,screening,115,40,36,image_41,192.630204
4,1,screening,116,5,5,image_6,194.146828
4,1,screening,117,42,38,image_43,195.63026499999998
4,1,screening,118,11,10,image_12,197.16348299999999
4,1,screening,119,10,9,image_11,198.596795
4,1,screening,120,52,47,image_53,200.080044
4,1,screening,121,16,15,image_17,201.530106
4,1,screening,122,43,39,image_44,203.063356
4,1,screening,123,21,19,image_22,204.496636
4,1,screening,124,44,40,image_45,206.01329199999998
4,1,screening,125,31,28,image_32,207.529948
4,1,screening,126,64,58,image_65,209.046572
4,1,screening,127,5,5,image_6,210.49653999999998
4,1,screening,128,54,49,image_55,211.96329
4,1,screening,129,45,41,image_46,213.41325799999998
4,1,screening,130,46,42,image_47,214.92985099999999
4,1,screening,131,47,43,image_48,216.413132
4,1,screening,132,53,48,image_54,219.530005
4,1,screening,133,36,33,image_37,220.979848
4,1,screening,134,30,27,image_31,222.44637899999998
4,1,screening,135,51,46,image_52,223.89644099999998
4,1,screening,136,10,9,image_11,225.34634699999998
4,1,screening,137,37,34,image_38,226.86306499999998
4,1,screening,138,21,19,image_22,228.346283
4,1,screening,139,8,8,image_9,229.82971999999998
4,1,screening,140,43,39,image_44,231.279594
4,1,screening,141,24,22,image_25,234.29634299999998
4,1,screening,142,6,6,image_7,235.79628
4,1,screening,143,20,18,image_21,237.262811
4,1,screening,144,14,13,image_15,238.74612299999998
4,1,screening,145,1,1,image_2,240.229528
4,1,screening,146,16,15,image_17,241.66284
4,1,screening,147,38,35,image_39,243.112777
4,1,screening,148,7,7,image_8,244.56274499999998
4,1,screening,149,12,11,image_13,246.01268199999998
4,1,screening,150,26,24,image_27,247.46265
4,1,screening,151,4,4,image_5,248.94599399999998
4,1,screening,152,52,47,image_53,250.379368
4,1,screening,153,50,45,image_51,253.646085
4,1,screening,154,33,30,image_34,255.17920999999998
4,1,screening,155,68,62,image_69,256.66252199999997
4,1,screening,156,44,40,image_45,258.145865
4,1,screening,157,56,51,image_57,259.612583
4,1,screening,158,60,54,image_61,261.129114
4,1,screening,159,35,32,image_36,262.59576899999996
4,1,screening,160,66,60,image_67,264.045769
4,1,screening,161,25,23,image_26,265.562487
4,1,screening,162,48,44,image_49,267.02907999999996
4,1,screening,163,2,2,image_3,268.479048
4,1,screening,164,58,53,image_59,269.94579799999997
4,1,screening,165,3,3,image_4,271.395641
4,1,screening,166,0,0,image_1,272.84560899999997
4,1,screening,167,40,36,image_41,274.378921
4,1,screening,168,18,17,image_19,275.912264
4,1,screening,169,28,26,image_29,277.39554499999997
4,1,screening,170,15,14,image_16,278.82885699999997
4,1,screening,171,42,38,image_43,280.27901199999997
4,1,screening,172,22,20,image_23,281.745574
4,1,screening,173,17,16,image_18,283.262136
4,1,screening,174,61,55,image_62,284.69551
4,1,screening,175,11,10,image_12,286.12872899999996
4,1,screening,176,41,37,image_42,287.578759
4,1,screening,177,27,25,image_28,289.078696
4,1,screening,178,55,50,image_56,290.595352
4,1,screening,179,31,28,image_32,292.095351
4,1,screening,180,65,59,image_66,293.57863199999997
4,1,screening,181,62,56,image_63,295.061944
4,1,screening,182,34,31,image_35,298.428724
4,1,screening,183,13,12,image_14,299.945286
4,1,screening,184,57,52,image_58,301.395191
4,1,screening,185,23,21,image_24,302.895191
4,1,screening,186,63,57,image_64,304.34515899999997
4,1,screening,187,32,29,image_33,305.811783
4,1,screening,188,67,61,image_68,307.31175099999996
4,1,screening,189,23,21,image_24,308.82850099999996
4,1,screening,190,32,29,image_33,310.27840599999996
4,1,screening,191,43,39,image_44,311.79499999999996
4,1,screening,192,35,32,image_36,313.311686
4,1,screening,193,64,58,image_65,314.794967
4,1,screening,194,12,11,image_13,316.278498
4,1,screening,195,65,59,image_66,317.761591
4,1,screening,196,24,22,image_25,319.228372
4,1,screening,197,38,35,image_39,320.711621
4,1,screening,198,52,47,image_53,322.194933
4,1,screening,199,66,60,image_67,323.711495
4,1,screening,200,41,37,image_42,325.228307
4,1,screening,201,67,61,image_68,326.728119
4,1,screening,202,42,38,image_43,328.194774
4,1,screening,203,37,34,image_38,329.71143
4,1,screening,204,40,36,image_41,331.194867
4,1,screening,205,62,56,image_63,332.661429
4,1,screening,206,57,52,image_58,334.194678
4,1,screening,207,28,26,image_29,335.711365
4,1,screening,208,2,2,image_3,337.194646
4,1,screening,209,10,9,image_11,338.69467599999996
4,1,screening,210,56,51,image_57,340.177957
4,1,screening,211,45,41,image_46,341.62805
4,1,screening,212,34,31,image_35,343.094549
4,1,screening,213,61,55,image_62,344.577955
4,1,screening,214,51,46,image_52,346.02783
4,1,screening,215,0,0,image_1,347.54461
4,1,screening,216,26,24,image_27,350.761234
4,1,screening,217,36,33,image_37,352.21110799999997
4,1,screening,218,53,48,image_54,353.66110799999996
4,1,screening,219,3,3,image_4,355.111138
4,1,screening,220,48,44,image_49,356.59432499999997
4,1,screening,221,50,45,image_51,358.061043
4,1,screening,222,46,42,image_47,359.594387
4,1,screening,223,30,27,image_31,361.06173
4,1,screening,224,58,53,image_59,362.510917
4,1,screening,225,5,5,image_6,364.027541
4,1,screening,226,22,20,image_23,365.560884
4,1,screening,227,20,18,image_21,367.028446
4,1,screening,228,8,8,image_9,368.47747699999996
4,1,screening,229,33,30,image_34,369.92757
4,1,screening,230,68,62,image_69,371.39413199999996
4,1,screening,231,13,12,image_14,374.477443
4,1,screening,232,31,28,image_32,375.944099
4,1,screening,233,44,40,image_45,377.444036
4,1,screening,234,60,54,image_61,378.944004
4,1,screening,235,14,13,image_15,380.39397199999996
4,1,screening,236,11,10,image_12,381.84403399999997
4,1,screening,237,47,43,image_48,383.310596
4,1,screening,238,15,14,image_16,384.777251
4,1,screening,239,7,7,image_8,386.244782
4,1,screening,240,18,17,image_19,387.727313
4,1,screening,241,1,1,image_2,389.16056199999997
4,1,screening,242,27,25,image_28,390.61143699999997
4,1,screening,243,6,6,image_7,392.127124
4,1,screening,244,54,49,image_55,395.377185
4,1,screening,245,25,23,image_26,396.910434
4,1,screening,246,55,50,image_56,398.410465
4,1,screening,247,16,15,image_17,399.893683
4,1,screening,248,4,4,image_5,401.377932
4,1,screening,249,21,19,image_22,402.826963
4,1,screening,250,63,57,image_64,404.310275
4,1,screening,251,17,16,image_18,405.843618
4,1,screening,252,24,22,image_25,407.327024
4,1,screening,253,16,15,image_17,408.810336
4,1,screening,254,1,1,image_2,410.26021
4,1,screening,255,31,28,image_32,411.743522
4,1,screening,256,51,46,image_52,413.24349
4,1,screening,257,5,5,image_6,414.74348899999995
4,1,screening,258,47,43,image_48,416.21014499999995
4,1,screening,259,61,55,image_62,417.676832
4,1,screening,260,36,33,image_37,420.5768
4,1,screening,261,15,14,image_16,422.010018
4,1,screening,262,68,62,image_69,423.52673599999997
4,1,screening,263,54,49,image_55,425.059985
4,1,screening,264,32,29,image_33,426.576797
4,1,screening,265,13,12,image_14,428.01057799999995
4,1,screening,266,48,44,image_49,429.476702
4,1,screening,267,65,59,image_66,430.943202
4,1,screening,268,55,50,image_56,432.44316999999995
4,1,screening,269,42,38,image_43,433.89323199999995
4,1,screening,270,20,18,image_21,435.39323099999996
4,1,screening,271,67,61,image_68,438.07654299999996
4,1,screening,272,18,17,image_19,439.576479
4,1,screening,273,34,31,image_35,441.05976
4,1,screening,274,21,19,image_22,442.57638499999996
4,1,screening,275,53,48,image_54,444.076353
4,1,screening,276,28,26,image_29,445.59404
4,1,screening,277,50,45,image_51,447.10966399999995
4,1,screening,278,14,13,image_15,448.576288
4,1,screening,279,43,39,image_44,451.90959999999995
4,1,screening,280,30,27,image_31,453.359536
4,1,screening,281,44,40,image_45,454.792848
4,1,screening,282,22,20,image_23,456.309504
4,1,screening,283,58,53,image_59,457.79281599999996
4,1,screening,284,12,11,image_13,459.27619
4,1,screening,285,52,47,image_53,462.45946999999995
4,1,screening,286,38,35,image_39,463.959407
4,1,screening,287,26,24,image_27,465.45937499999997
4,1,screening,288,64,58,image_65,466.97606199999996
4,1,screening,289,0,0,image_1,468.49265499999996
4,1,screening,290,66,60,image_67,469.97596699999997
4,1,screening,291,23,21,image_24,471.425998
4,1,screening,292,33,30,image_34,475.375996
4,1,screening,293,57,52,image_58,476.892527
4,1,screening,294,40,36,image_41,478.325839
4,1,screening,295,3,3,image_4,479.809245
4,1,screening,296,63,57,image_64,481.259119
4,1,screening,297,4,4,image_5,482.79243099999997
4,1,screening,298,62,56,image_63,484.293305
4,1,screening,299,45,41,image_46,485.775711
4,1,screening,300,11,10,image_12,487.259117
4,1,screening,301,46,42,image_47,488.692366
4,1,screening,302,25,23,image_26,490.192303
4,1,screening,303,27,25,image_28,491.625709
4,1,screening,304,10,9,image_11,493.05945799999995
4,1,screening,305,6,6,image_7,494.542239
4,1,screening,306,35,32,image_36,495.976051
4,1,screening,307,56,51,image_57,497.49220599999995
4,1,screening,308,60,54,image_61,499.008924
4,1,screening,309,2,2,image_3,500.50883
4,1,screening,310,7,7,image_8,501.958892
4,1,screening,311,17,16,image_18,503.458829
4,1,screening,312,8,8,image_9,504.942141
4,1,screening,313,37,34,image_38,506.475421
4,1,screening,314,41,37,image_42,507.97545199999996
4,1,screening,315,35,32,image_36,509.492108
4,1,screening,316,6,6,image_7,510.975482
4,1,screening,317,20,18,image_21,512.458638
4,1,screening,318,36,33,image_37,515.3587299999999
4,1,screening,319,62,56,image_63,516.792636
4,1,screening,320,4,4,image_5,518.241885
4,1,screening,321,48,44,image_49,519.691979
4,1,screening,322,17,16,image_18,521.15854
4,1,screening,323,2,2,image_3,522.675165
4,1,screening,324,63,57,image_64,524.19182
4,1,screening,325,25,23,image_26,525.625101
4,1,screening,326,64,58,image_65,527.0918819999999
4,1,screening,327,24,22,image_25,528.575162
4,1,screening,328,10,9,image_11,530.0425369999999
4,1,screening,329,13,12,image_14,531.541693
4,1,screening,330,54,49,image_55,533.041661
4,1,screening,331,30,27,image_31,534.508441
4,1,screening,332,55,50,image_56,535.975785
4,1,screening,333,68,62,image_69,537.408284
4,1,screening,334,8,8,image_9,538.941565
4,1,screening,335,0,0,image_1,540.391626
4,1,screening,336,3,3,image_4,541.841532
4,1,screening,337,44,40,image_45,543.308282
4,1,screening,338,33,30,image_34,546.074843
4,1,screening,339,16,15,image_17,547.558092
4,1,screening,340,18,17,image_19,549.024779
4,1,screening,341,11,10,image_12,550.55806
4,1,screening,342,15,14,image_16,552.074903
4,1,screening,343,51,46,image_52,553.508059
4,1,screening,344,32,29,image_33,555.0079959999999
4,1,screening,345,47,43,image_48,556.459058
4,1,screening,346,5,5,image_6,557.9414009999999
4,1,screening,347,12,11,image_13,559.4246499999999
4,1,screening,348,57,52,image_58,560.957931
4,1,screening,349,21,19,image_22,562.4245549999999
4,1,screening,350,40,36,image_41,563.957898
4,1,screening,351,28,26,image_29,565.424523
4,1,screening,352,56,51,image_57,566.924522
4,1,screening,353,46,42,image_47,568.424459
4,1,screening,354,38,35,image_39,569.907771
4,1,screening,355,52,47,image_53,571.40777
4,1,screening,356,23,21,image_24,572.907738
4,1,screening,357,37,34,image_38,576.0578929999999
4,1,screening,358,67,61,image_68,577.507705
4,1,screening,359,45,41,image_46,579.041017
4,1,screening,360,42,38,image_43,580.490954
4,1,screening,361,41,37,image_42,581.924329
4,1,screening,362,61,55,image_62,583.407578
4,1,screening,363,53,48,image_54,584.924734
4,1,screening,364,34,31,image_35,586.424296
4,1,screening,365,22,20,image_23,587.874232
4,1,screening,366,26,24,image_27,589.340794
4,1,screening,367,50,45,image_51,590.824387
4,1,screening,368,43,39,image_44,592.3575119999999
4,1,screening,369,65,59,image_66,593.807418
4,1,screening,370,60,54,image_61,595.3241039999999
4,1,screening,371,31,28,image_32,596.824041
4,1,screening,372,58,53,image_59,598.290666
4,1,screening,373,1,1,image_2,599.7406649999999
4,1,screening,374,7,7,image_8,601.22404
4,1,screening,375,27,25,image_28,602.707258
4,1,screening,376,66,60,image_67,604.15732
4,1,screening,377,14,13,image_15,605.657257
4,2,sternberg,0,4,4,image_56,14.204289999999999
4,2,sternberg,1,0,0,image_15,15.420914999999999
4,2,sternberg,2,2,2,image_29,16.505008
4,2,sternberg,3,4,4,image_56,20.240475999999997
4,2,sternberg,4,0,0,image_15,21.970786999999998
4,2,sternberg,5,1,1,image_65,23.170849
4,2,sternberg,6,3,3,image_57,24.387535999999997
4,2,sternberg,7,0,0,image_15,28.125535
4,2,sternberg,8,2,2,image_29,29.787315
4,2,sternberg,9,4,4,image_56,30.887408999999998
4,2,sternberg,10,3,3,image_57,32.070627
4,2,sternberg,11,1,1,image_65,35.874063
4,2,sternberg,12,4,4,image_56,37.620562
4,2,sternberg,13,0,0,image_15,38.670499
4,2,sternberg,14,5,5,image_999,38.680499
4,2,sternberg,15,2,2,image_29,42.30706
4,2,sternberg,16,4,4,image_56,44.237122
4,2,sternberg,17,1,1,image_65,45.287247
4,2,sternberg,18,5,5,image_999,45.297247
4,2,sternberg,19,4,4,image_56,48.923182999999995
4,2,sternberg,20,3,3,image_57,50.67037
4,2,sternberg,21,1,1,image_65,51.820307
4,2,sternberg,22,5,5,image_999,51.830307
4,2,sternberg,23,1,1,image_65,55.63993
4,2,sternberg,24,0,0,image_15,57.503679
4,2,sternberg,25,1,1,image_65,58.653679
4,2,sternberg,26,5,5,image_999,58.663678999999995
4,2,sternberg,27,3,3,image_57,62.460834
4,2,sternberg,28,2,2,image_29,64.570208
4,2,sternberg,29,3,3,image_57,65.703457
4,2,sternberg,30,0,0,image_15,66.903551
4,2,sternberg,31,4,4,image_56,70.656362
4,2,sternberg,32,1,1,image_65,72.686892
4,2,sternberg,33,2,2,image_29,73.853298
4,2,sternberg,34,4,4,image_56,74.903329
4,2,sternberg,35,3,3,image_57,78.640483
4,2,sternberg,36,1,1,image_65,81.46985699999999
4,2,sternberg,37,2,2,image_29,82.65316899999999
4,2,sternberg,38,5,5,image_999,82.663169
4,2,sternberg,39,3,3,image_57,86.422761
4,2,sternberg,40,1,1,image_65,88.30310399999999
4,2,sternberg,41,5,5,image_999,88.313104
4,2,sternberg,42,5,5,image_999,88.323104
4,2,sternberg,43,1,1,image_65,92.072728
4,2,sternberg,44,0,0,image_15,93.736352
4,2,sternberg,45,5,5,image_999,93.746352
4,2,sternberg,46,5,5,image_999,93.756352
4,2,sternberg,47,0,0,image_15,97.40644499999999
4,2,sternberg,48,3,3,image_57,98.87050599999999
4,2,sternberg,49,5,5,image_999,98.880506
4,2,sternberg,50,5,5,image_999,98.890506
4,2,sternberg,51,3,3,image_57,102.555818
4,2,sternberg,52,2,2,image_29,104.06956699999999
4,2,sternberg,53,4,4,image_56,105.136285
4,2,sternberg,54,3,3,image_57,106.16956599999999
4,2,sternberg,55,0,0,image_15,109.874721
4,2,sternberg,56,0,0,image_15,111.886189
4,2,sternberg,57,1,1,image_65,113.019407
4,2,sternberg,58,3,3,image_57,114.136032
4,2,sternberg,59,2,2,image_29,117.75684299999999
4,2,sternberg,60,4,4,image_56,120.319373
4,2,sternberg,61,5,5,image_999,120.329373
4,2,sternberg,62,5,5,image_999,120.33937300000001
4,2,sternberg,63,4,4,image_56,123.97437099999999
4,2,sternberg,64,4,4,image_56,125.552527
4,2,sternberg,65,5,5,image_999,125.562527
4,2,sternberg,66,5,5,image_999,125.57252700000001
4,2,sternberg,67,1,1,image_65,129.305557
4,2,sternberg,68,3,3,image_57,131.135775
4,2,sternberg,69,5,5,image_999,131.145775
4,2,sternberg,70,5,5,image_999,131.15577499999998
4,2,sternberg,71,1,1,image_65,134.871898
4,2,sternberg,72,4,4,image_56,136.785679
4,2,sternberg,73,2,2,image_29,137.952335
4,2,sternberg,74,3,3,image_57,138.985647
4,2,sternberg,75,4,4,image_56,142.805301
4,2,sternberg,76,1,1,image_65,144.685613
4,2,sternberg,77,0,0,image_15,145.818894
4,2,sternberg,78,5,5,image_999,145.828894
4,2,sternberg,79,0,0,image_15,149.45507999999998
4,2,sternberg,80,2,2,image_29,151.618798
4,2,sternberg,81,4,4,image_56,152.70211
4,2,sternberg,82,0,0,image_15,153.785484
4,2,sternberg,83,2,2,image_29,157.45685799999998
4,2,sternberg,84,1,1,image_65,160.068638
4,2,sternberg,85,2,2,image_29,161.20207499999998
4,2,sternberg,86,3,3,image_57,162.401981
4,2,sternberg,87,4,4,image_56,166.07173
4,2,sternberg,88,4,4,image_56,168.235229
4,2,sternberg,89,5,5,image_999,168.245229
4,2,sternberg,90,5,5,image_999,168.25522899999999
4,2,sternberg,91,2,2,image_29,171.954852
4,2,sternberg,92,4,4,image_56,174.05178899999999
4,2,sternberg,93,2,2,image_29,175.218413
4,2,sternberg,94,5,5,image_999,175.228413
4,2,sternberg,95,4,4,image_56,179.005099
4,2,sternberg,96,1,1,image_65,180.80172399999998
4,2,sternberg,97,5,5,image_999,180.81172399999997
4,2,sternberg,98,5,5,image_999,180.82172399999996
4,2,sternberg,99,1,1,image_65,184.537972
4,2,sternberg,100,3,3,image_57,186.21828399999998
4,2,sternberg,101,1,1,image_65,187.351565
4,2,sternberg,102,0,0,image_15,188.451564
4,2,sternberg,103,1,1,image_65,192.07121899999999
4,2,sternberg,104,3,3,image_57,194.501624
4,2,sternberg,105,5,5,image_999,194.51162399999998
4,2,sternberg,106,5,5,image_999,194.52162399999997
4,2,sternberg,107,2,2,image_29,198.25434199999998
4,2,sternberg,108,1,1,image_65,200.468278
4,2,sternberg,109,4,4,image_56,201.53471499999998
4,2,sternberg,110,5,5,image_999,201.54471499999997
4,2,sternberg,111,4,4,image_56,205.237808
4,2,sternberg,112,0,0,image_15,207.201369
4,2,sternberg,113,5,5,image_999,207.211369
4,2,sternberg,114,5,5,image_999,207.22136899999998
4,2,sternberg,115,0,0,image_15,210.80424299999999
4,2,sternberg,116,0,0,image_15,212.60124199999998
4,2,sternberg,117,3,3,image_57,213.801179
4,2,sternberg,118,5,5,image_999,213.81117899999998
4,2,sternberg,119,4,4,image_56,217.40399
4,2,sternberg,120,0,0,image_15,219.351146
4,2,sternberg,121,3,3,image_57,220.58445799999998
4,2,sternberg,122,2,2,image_29,221.684426
4,2,sternberg,123,4,4,image_56,225.30401799999999
4,2,sternberg,124,3,3,image_57,227.467674
4,2,sternberg,125,4,4,image_56,228.65095399999998
4,2,sternberg,126,5,5,image_999,228.66095399999998
4,2,sternberg,127,3,3,image_57,232.337265
4,2,sternberg,128,0,0,image_15,234.467515
4,2,sternberg,129,2,2,image_29,235.600889
4,2,sternberg,130,5,5,image_999,235.610889
4,2,sternberg,131,2,2,image_29,239.254888
4,2,sternberg,132,0,0,image_15,241.434168
4,2,sternberg,133,5,5,image_999,241.444168
4,2,sternberg,134,5,5,image_999,241.45416799999998
4,2,sternberg,135,3,3,image_57,244.98694799999998
4,2,sternberg,136,3,3,image_57,248.13410299999998
4,2,sternberg,137,1,1,image_65,249.300634
4,2,sternberg,138,0,0,image_15,250.46738299999998
4,2,sternberg,139,3,3,image_57,254.20394399999998
4,2,sternberg,140,2,2,image_29,255.98394299999998
4,2,sternberg,141,5,5,image_999,255.99394299999997
4,2,sternberg,142,5,5,image_999,256.003943
4,2,sternberg,143,1,1,image_65,259.636786
4,2,sternberg,144,4,4,image_56,261.633879
4,2,sternberg,145,2,2,image_29,262.683722
4,2,sternberg,146,5,5,image_999,262.693722
4,2,sternberg,147,2,2,image_29,266.32003299999997
4,2,sternberg,148,4,4,image_56,268.333782
4,2,sternberg,149,5,5,image_999,268.343782
4,2,sternberg,150,5,5,image_999,268.35378199999997
4,2,sternberg,151,4,4,image_56,272.053406
4,2,sternberg,152,1,1,image_65,273.867061
4,2,sternberg,153,4,4,image_56,275.083592
4,2,sternberg,154,0,0,image_15,276.250248
4,2,sternberg,155,3,3,image_57,279.887371
4,2,sternberg,156,4,4,image_56,282.100183
4,2,sternberg,157,0,0,image_15,283.184245
4,2,sternberg,158,5,5,image_999,283.19424499999997
4,2,sternberg,159,4,4,image_56,286.953181
4,2,sternberg,160,2,2,image_29,288.71743
4,2,sternberg,161,1,1,image_65,289.88336699999996
4,2,sternberg,162,0,0,image_15,291.099992
4,2,sternberg,163,0,0,image_15,294.83648999999997
4,2,sternberg,164,3,3,image_57,297.099989
4,2,sternberg,165,2,2,image_29,298.249958
4,2,sternberg,166,5,5,image_999,298.259958
4,2,sternberg,167,4,4,image_56,301.986081
4,2,sternberg,168,4,4,image_56,304.016549
4,2,sternberg,169,0,0,image_15,305.083142
4,2,sternberg,170,3,3,image_57,306.183111
4,2,sternberg,171,0,0,image_15,309.886484
4,2,sternberg,172,2,2,image_29,312.416421
4,2,sternberg,173,3,3,image_57,313.59973299999996
4,2,sternberg,174,5,5,image_999,313.60973299999995
4,2,sternberg,175,2,2,image_29,317.202606
4,2,sternberg,176,1,1,image_65,319.266262
4,2,sternberg,177,5,5,image_999,319.276262
4,2,sternberg,178,5,5,image_999,319.28626199999997
4,2,sternberg,179,0,0,image_15,322.91947899999997
4,2,sternberg,180,3,3,image_57,324.832853
4,2,sternberg,181,5,5,image_999,324.842853
4,2,sternberg,182,5,5,image_999,324.852853
4,2,sternberg,183,3,3,image_57,328.602977
4,2,sternberg,184,4,4,image_56,330.34941399999997
4,2,sternberg,185,3,3,image_57,331.466101
4,2,sternberg,186,5,5,image_999,331.47610099999997
4,2,sternberg,187,0,0,image_15,335.169068
4,2,sternberg,188,2,2,image_29,337.232661
4,2,sternberg,189,5,5,image_999,337.242661
4,2,sternberg,190,5,5,image_999,337.252661
4,2,sternberg,191,2,2,image_29,340.98756599999996
4,2,sternberg,192,1,1,image_65,342.582721
4,2,sternberg,193,2,2,image_29,343.615908
4,2,sternberg,194,5,5,image_999,343.625908
4,2,sternberg,195,4,4,image_56,347.352188
4,2,sternberg,196,1,1,image_65,349.149156
4,2,sternberg,197,5,5,image_999,349.159156
4,2,sternberg,198,5,5,image_999,349.169156
4,2,sternberg,199,3,3,image_57,352.85265499999997
4,2,sternberg,200,4,4,image_56,354.782404
4,2,sternberg,201,2,2,image_29,355.83237199999996
4,2,sternberg,202,5,5,image_999,355.84237199999995
4,2,sternberg,203,1,1,image_65,359.43530799999996
4,2,sternberg,204,4,4,image_56,361.565682
4,2,sternberg,205,2,2,image_29,362.61565099999996
4,2,sternberg,206,5,5,image_999,362.62565099999995
4,2,sternberg,207,4,4,image_56,366.30427399999996
4,2,sternberg,208,3,3,image_57,368.015523
4,2,sternberg,209,4,4,image_56,369.082211
4,2,sternberg,210,2,2,image_29,370.14883499999996
4,2,sternberg,211,0,0,image_15,373.802302
4,2,sternberg,212,2,2,image_29,375.81548899999996
4,2,sternberg,213,5,5,image_999,375.82548899999995
4,2,sternberg,214,5,5,image_999,375.83548899999994
4,2,sternberg,215,3,3,image_57,379.56829999999997
4,2,sternberg,216,2,2,image_29,381.265424
4,2,sternberg,217,4,4,image_56,382.481986
4,2,sternberg,218,5,5,image_999,382.491986
4,2,sternberg,219,0,0,image_15,386.23479699999996
4,2,sternberg,220,0,0,image_15,388.06539
4,2,sternberg,221,1,1,image_65,389.282015
4,2,sternberg,222,5,5,image_999,389.292015
4,2,sternberg,223,1,1,image_65,392.90142
4,2,sternberg,224,2,2,image_29,394.7152
4,2,sternberg,225,3,3,image_57,395.81516899999997
4,2,sternberg,226,5,5,image_999,395.82516899999996
4,2,sternberg,227,0,0,image_15,399.61794799999996
4,2,sternberg,228,2,2,image_29,401.798416
4,2,sternberg,229,5,5,image_999,401.80841599999997
4,2,sternberg,230,5,5,image_999,401.81841599999996
4,2,sternberg,231,1,1,image_65,405.468165
4,2,sternberg,232,0,0,image_15,407.74832
4,2,sternberg,233,3,3,image_57,408.83157
4,2,sternberg,234,1,1,image_65,409.96491299999997
4,2,sternberg,235,1,1,image_65,413.75237999999996
4,2,sternberg,236,4,4,image_56,415.364848
4,2,sternberg,237,5,5,image_999,415.374848
4,2,sternberg,238,5,5,image_999,415.384848
4,2,sternberg,239,3,3,image_57,419.05128399999995
4,2,sternberg,240,3,3,image_57,422.564908
4,2,sternberg,241,2,2,image_29,423.681376
4,2,sternberg,242,4,4,image_56,424.731344
4,2,sternberg,243,3,3,image_57,428.317843
4,2,sternberg,244,4,4,image_56,430.23137299999996
4,2,sternberg,245,0,0,image_15,431.447904
4,2,sternberg,246,1,1,image_65,432.56456
4,2,sternberg,247,3,3,image_57,436.25102699999997
4,2,sternberg,248,3,3,image_57,440.664494
4,2,sternberg,249,5,5,image_999,440.674494
4,2,sternberg,250,5,5,image_999,440.684494
4,2,sternberg,251,3,3,image_57,444.30089899999996
4,2,sternberg,252,0,0,image_15,445.98105499999997
4,2,sternberg,253,5,5,image_999,445.99105499999996
4,2,sternberg,254,5,5,image_999,446.00105499999995
4,2,sternberg,255,0,0,image_15,449.717241
4,2,sternberg,256,3,3,image_57,451.44764599999996
4,2,sternberg,257,5,5,image_999,451.45764599999995
4,2,sternberg,258,5,5,image_999,451.46764599999995
4,2,sternberg,259,4,4,image_56,455.167113
4,2,sternberg,260,3,3,image_57,457.08105
4,2,sternberg,261,0,0,image_15,458.247612
4,2,sternberg,262,4,4,image_56,459.28076799999997
4,2,sternberg,263,2,2,image_29,463.067298
4,2,sternberg,264,1,1,image_65,465.264141
4,2,sternberg,265,5,5,image_999,465.274141
4,2,sternberg,266,5,5,image_999,465.284141
4,2,sternberg,267,1,1,image_65,468.967139
4,2,sternberg,268,0,0,image_15,470.81404499999996
4,2,sternberg,269,4,4,image_56,471.847263
4,2,sternberg,270,2,2,image_29,473.064013
4,2,sternberg,271,1,1,image_65,476.85013599999996
4,2,sternberg,272,3,3,image_57,540.079767
4,2,sternberg,273,0,0,image_15,541.196298
4,2,sternberg,274,5,5,image_999,541.206298
4,2,sternberg,275,3,3,image_57,544.882609
4,2,sternberg,276,2,2,image_29,547.14692
4,2,sternberg,277,5,5,image_999,547.15692
4,2,sternberg,278,5,5,image_999,547.16692
4,2,sternberg,279,1,1,image_65,550.915669
4,2,sternberg,280,4,4,image_56,552.862793
4,2,sternberg,281,5,5,image_999,552.872793
4,2,sternberg,282,5,5,image_999,552.882793
4,2,sternberg,283,4,4,image_56,556.616666
4,2,sternberg,284,2,2,image_29,558.729384
4,2,sternberg,285,4,4,image_56,559.862665
4,2,sternberg,286,5,5,image_999,559.872665
4,2,sternberg,287,2,2,image_29,563.632164
4,2,sternberg,288,0,0,image_15,565.6126939999999
4,2,sternberg,289,5,5,image_999,565.6226939999999
4,2,sternberg,290,5,5,image_999,565.6326939999999
4,2,sternberg,291,1,1,image_65,569.3489109999999
4,2,sternberg,292,0,0,image_15,571.229192
4,2,sternberg,293,2,2,image_29,572.3791289999999
4,2,sternberg,294,1,1,image_65,573.479128
4,2,sternberg,295,3,3,image_57,577.065283
4,2,sternberg,296,0,0,image_15,579.029095
4,2,sternberg,297,1,1,image_65,580.1290319999999
4,2,sternberg,298,5,5,image_999,580.1390319999999
4,2,sternberg,299,3,3,image_57,583.931937
4,2,sternberg,300,0,0,image_15,585.895686
4,2,sternberg,301,1,1,image_65,586.9789039999999
4,2,sternberg,302,2,2,image_29,588.19556
4,2,sternberg,303,4,4,image_56,591.815777
4,2,sternberg,304,4,4,image_56,593.7455269999999
4,2,sternberg,305,5,5,image_999,593.7555269999999
4,2,sternberg,306,5,5,image_999,593.7655269999999
4,2,sternberg,307,4,4,image_56,597.3816499999999
4,2,sternberg,308,1,1,image_65,599.095431
4,2,sternberg,309,5,5,image_999,599.105431
4,2,sternberg,310,5,5,image_999,599.115431
4,2,sternberg,311,0,0,image_15,602.765273
4,2,sternberg,312,1,1,image_65,604.662053
4,2,sternberg,313,2,2,image_29,605.845272
4,2,sternberg,314,5,5,image_999,605.855272
4,2,sternberg,315,0,0,image_15,609.53152
4,2,sternberg,316,1,1,image_65,612.195394
4,2,sternberg,317,2,2,image_29,613.278519
4,2,sternberg,318,3,3,image_57,614.395143
4,2,sternberg,319,3,3,image_57,618.0815789999999
4,2,sternberg,320,1,1,image_65,620.011766
4,2,sternberg,321,0,0,image_15,621.0617659999999
4,2,sternberg,322,5,5,image_999,621.0717659999999
4,2,sternberg,323,4,4,image_56,624.865952
4,2,sternberg,324,0,0,image_15,626.6617319999999
4,2,sternberg,325,4,4,image_56,627.828294
4,2,sternberg,326,5,5,image_999,627.838294
4,2,sternberg,327,1,1,image_65,631.582043
4,2,sternberg,328,1,1,image_65,633.611573
4,2,sternberg,329,3,3,image_57,634.661479
4,2,sternberg,330,5,5,image_999,634.671479
4,2,sternberg,331,0,0,image_15,638.264446
4,2,sternberg,332,0,0,image_15,640.878195
4,2,sternberg,333,3,3,image_57,642.094757
4,2,sternberg,334,5,5,image_999,642.104757
4,2,sternberg,335,0,0,image_15,645.7643489999999
4,2,sternberg,336,2,2,image_29,647.72813
4,2,sternberg,337,1,1,image_65,648.944817
4,2,sternberg,338,5,5,image_999,648.9548169999999
4,2,sternberg,339,1,1,image_65,652.680722
4,2,sternberg,340,3,3,image_57,655.327908
4,2,sternberg,341,0,0,image_15,656.4945329999999
4,2,sternberg,342,1,1,image_65,657.627845
4,2,sternberg,343,1,1,image_65,661.330749
4,2,sternberg,344,2,2,image_29,663.1111549999999
4,2,sternberg,345,5,5,image_999,663.1211549999999
4,2,sternberg,346,5,5,image_999,663.1311549999999
4,2,sternberg,347,2,2,image_29,666.830841
4,2,sternberg,348,1,1,image_65,668.777715
4,2,sternberg,349,2,2,image_29,669.8776829999999
4,2,sternberg,350,5,5,image_999,669.8876829999999
4,2,sternberg,351,4,4,image_56,673.680619
4,2,sternberg,352,4,4,image_56,675.5109309999999
4,2,sternberg,353,5,5,image_999,675.5209309999999
4,2,sternberg,354,5,5,image_999,675.5309309999999
4,2,sternberg,355,2,2,image_29,679.1140859999999
4,2,sternberg,356,3,3,image_57,681.760897
4,2,sternberg,357,0,0,image_15,682.927459
4,2,sternberg,358,5,5,image_999,682.937459
4,2,sternberg,359,3,3,image_57,686.564114
4,2,sternberg,360,4,4,image_56,688.627488
4,2,sternberg,361,3,3,image_57,689.727363
4,2,sternberg,362,2,2,image_29,690.894019
4,2,sternberg,363,2,2,image_29,694.630267
4,2,sternberg,364,2,2,image_29,696.5772979999999
4,2,sternberg,365,1,1,image_65,697.72736
4,2,sternberg,366,5,5,image_999,697.73736
4,2,sternberg,367,2,2,image_29,701.347171
4,2,sternberg,368,2,2,image_29,703.4606699999999
4,2,sternberg,369,5,5,image_999,703.4706699999999
4,2,sternberg,370,5,5,image_999,703.4806699999999
4,2,sternberg,371,2,2,image_29,707.047637
4,2,sternberg,372,0,0,image_15,708.860449
4,2,sternberg,373,3,3,image_57,710.060386
4,2,sternberg,374,5,5,image_999,710.070386
4,2,sternberg,375,2,2,image_29,713.631135
4,2,sternberg,376,3,3,image_57,715.6104459999999
4,2,sternberg,377,4,4,image_56,716.6769459999999
4,2,sternberg,378,5,5,image_999,716.6869459999999
4,2,sternberg,379,0,0,image_15,720.313132
4,2,sternberg,380,1,1,image_65,722.3103189999999
4,2,sternberg,381,0,0,image_15,723.360193
4,2,sternberg,382,2,2,image_29,724.460287
4,2,sternberg,383,4,4,image_56,728.063035
4,2,sternberg,384,0,0,image_15,730.1435339999999
4,2,sternberg,385,5,5,image_999,730.1535339999999
4,2,sternberg,386,5,5,image_999,730.1635339999999
4,2,sternberg,387,0,0,image_15,733.879814
4,2,sternberg,388,3,3,image_57,735.743657
4,2,sternberg,389,5,5,image_999,735.753657
4,2,sternberg,390,5,5,image_999,735.763657
4,2,sternberg,391,4,4,image_56,739.562874
4,2,sternberg,392,1,1,image_65,741.7600299999999
4,2,sternberg,393,5,5,image_999,741.7700299999999
4,2,sternberg,394,5,5,image_999,741.7800299999999
4,2,sternberg,395,3,3,image_57,745.396434
4,2,sternberg,396,3,3,image_57,747.2599339999999
4,2,sternberg,397,4,4,image_56,748.443214
4,2,sternberg,398,5,5,image_999,748.453214
4,2,sternberg,399,0,0,image_15,752.1963999999999
4,2,sternberg,400,1,1,image_65,754.1932429999999
4,2,sternberg,401,3,3,image_57,755.293055
4,2,sternberg,402,4,4,image_56,756.4431169999999
4,2,sternberg,403,1,1,image_65,760.146272
4,2,sternberg,404,4,4,image_56,762.2763649999999
4,2,sternberg,405,3,3,image_57,763.4930519999999
4,2,sternberg,406,5,5,image_999,763.5030519999999
4,2,sternberg,407,3,3,image_57,767.195894
4,2,sternberg,408,0,0,image_15,768.8928619999999
4,2,sternberg,409,1,1,image_65,769.9928309999999
4,2,sternberg,410,5,5,image_999,770.0028309999999
4,2,sternberg,411,3,3,image_57,773.7123919999999
4,2,sternberg,412,0,0,image_15,775.542797
4,2,sternberg,413,2,2,image_29,776.692734
4,2,sternberg,414,4,4,image_56,777.85939
4,2,sternberg,415,0,0,image_15,781.445795
4,2,sternberg,416,2,2,image_29,784.0427
4,2,sternberg,417,0,0,image_15,785.2427309999999
4,2,sternberg,418,4,4,image_56,786.326012
4,2,sternberg,419,0,0,image_15,790.045448
4,2,sternberg,420,3,3,image_57,792.7260719999999
4,2,sternberg,421,4,4,image_56,793.82579
4,2,sternberg,422,5,5,image_999,793.83579
4,2,sternberg,423,1,1,image_65,797.596101
4,2,sternberg,424,2,2,image_29,799.5426309999999
4,2,sternberg,425,3,3,image_57,800.6590679999999
4,2,sternberg,426,5,5,image_999,800.6690679999999
4,2,sternberg,427,4,4,image_56,804.4120039999999
4,2,sternberg,428,1,1,image_65,806.509004
4,2,sternberg,429,4,4,image_56,807.6589409999999
4,2,sternberg,430,2,2,image_29,808.825565
4,2,sternberg,431,4,4,image_56,812.51222
4,2,sternberg,432,2,2,image_29,814.442188
4,2,sternberg,433,5,5,image_999,814.452188
4,2,sternberg,434,5,5,image_999,814.462188
4,2,sternberg,435,2,2,image_29,818.262624
4,2,sternberg,436,4,4,image_56,819.925529
4,2,sternberg,437,2,2,image_29,821.0088099999999
4,2,sternberg,438,1,1,image_65,822.092122
4,2,sternberg,439,0,0,image_15,825.7283709999999
4,2,sternberg,440,3,3,image_57,827.692089
4,2,sternberg,441,5,5,image_999,827.702089
4,2,sternberg,442,5,5,image_999,827.712089
4,2,sternberg,443,2,2,image_29,831.361462
4,2,sternberg,444,1,1,image_65,833.025368
4,2,sternberg,445,4,4,image_56,834.1918989999999
4,2,sternberg,446,5,5,image_999,834.2018989999999
4,2,sternberg,447,1,1,image_65,837.944585
4,2,sternberg,448,0,0,image_15,839.8085209999999
4,2,sternberg,449,5,5,image_999,839.8185209999999
4,2,sternberg,450,5,5,image_999,839.8285209999999
4,2,sternberg,451,3,3,image_57,843.41152
4,2,sternberg,452,4,4,image_56,845.341769
4,2,sternberg,453,5,5,image_999,845.351769
4,2,sternberg,454,5,5,image_999,845.361769
4,2,sternberg,455,4,4,image_56,849.12808
4,2,sternberg,456,4,4,image_56,850.92508
4,2,sternberg,457,2,2,image_29,852.0082669999999
4,2,sternberg,458,3,3,image_57,853.141579
4,2,sternberg,459,3,3,image_57,856.978077
4,2,sternberg,460,3,3,image_57,858.7749829999999
4,2,sternberg,461,4,4,image_56,859.908138
4,2,sternberg,462,1,1,image_65,860.9915129999999
4,2,sternberg,463,0,0,image_15,864.746168
4,2,sternberg,464,2,2,image_29,866.624729
4,2,sternberg,465,3,3,image_57,867.7413849999999
4,2,sternberg,466,4,4,image_56,868.8413539999999
4,2,sternberg,467,4,4,image_56,872.6275079999999
4,2,sternberg,468,1,1,image_65,874.374633
4,2,sternberg,469,5,5,image_999,874.384633
4,2,sternberg,470,5,5,image_999,874.394633
4,2,sternberg,471,4,4,image_56,878.06085
4,2,sternberg,472,2,2,image_29,880.007943
4,2,sternberg,473,0,0,image_15,881.191286
4,2,sternberg,474,5,5,image_999,881.201286
4,2,sternberg,475,2,2,image_29,884.994378
4,2,sternberg,476,4,4,image_56,886.857753
4,2,sternberg,477,1,1,image_65,888.024783
4,2,sternberg,478,0,0,image_15,889.1583449999999
4,2,sternberg,479,2,2,image_29,892.7606559999999
4,2,sternberg,480,3,3,image_57,894.807656
4,2,sternberg,481,1,1,image_65,896.02428
4,2,sternberg,482,5,5,image_999,896.03428
4,2,sternberg,483,3,3,image_57,899.834404
4,2,sternberg,484,3,3,image_57,902.0575279999999
4,2,sternberg,485,1,1,image_65,903.274246
4,2,sternberg,486,0,0,image_15,904.4407769999999
4,2,sternberg,487,2,2,image_29,908.093838
4,2,sternberg,488,1,1,image_65,911.55743
4,2,sternberg,489,5,5,image_999,911.56743
4,2,sternberg,490,5,5,image_999,911.5774299999999
4,2,sternberg,491,1,1,image_65,915.394585
4,2,sternberg,492,0,0,image_15,917.1073339999999
4,2,sternberg,493,5,5,image_999,917.1173339999999
4,2,sternberg,494,5,5,image_999,917.1273339999999
4,2,sternberg,495,0,0,image_15,920.9600509999999
4,2,sternberg,496,1,1,image_65,922.7405819999999
4,2,sternberg,497,3,3,image_57,923.823863
4,2,sternberg,498,0,0,image_15,925.007206
4,2,sternberg,499,3,3,image_57,928.826955
4,2,sternberg,500,2,2,image_29,930.590548
4,2,sternberg,501,0,0,image_15,931.790547
4,2,sternberg,502,5,5,image_999,931.8005469999999
4,2,sternberg,503,1,1,image_65,935.4442329999999
4,2,sternberg,504,2,2,image_29,937.8070449999999
4,2,sternberg,505,4,4,image_56,938.890325
4,2,sternberg,506,3,3,image_57,940.056981
4,2,sternberg,507,3,3,image_57,943.760136
4,2,sternberg,508,0,0,image_15,945.7068849999999
4,2,sternberg,509,5,5,image_999,945.7168849999999
4,2,sternberg,510,5,5,image_999,945.7268849999999
4,2,sternberg,511,2,2,image_29,949.4099769999999
4,2,sternberg,512,2,2,image_29,951.5734769999999
4,2,sternberg,513,5,5,image_999,951.5834769999999
4,2,sternberg,514,5,5,image_999,951.5934769999999
4,2,sternberg,515,2,2,image_29,955.34385
4,2,sternberg,516,4,4,image_56,956.923381
4,2,sternberg,517,0,0,image_15,958.0400989999999
4,2,sternberg,518,1,1,image_65,959.2066609999999
4,2,sternberg,519,2,2,image_29,962.9930969999999
4,2,sternberg,520,3,3,image_57,966.2565639999999
4,2,sternberg,521,1,1,image_65,967.37322
4,2,sternberg,522,2,2,image_29,968.423189
4,2,sternberg,523,0,0,image_15,972.1763119999999
4,2,sternberg,524,2,2,image_29,974.1065299999999
4,2,sternberg,525,0,0,image_15,975.23978
4,2,sternberg,526,4,4,image_56,976.3730919999999
4,2,sternberg,527,4,4,image_56,980.059309
4,2,sternberg,528,0,0,image_15,982.106371
4,2,sternberg,529,3,3,image_57,983.2729949999999
4,2,sternberg,530,1,1,image_65,984.37312
4,2,sternberg,531,2,2,image_29,988.1093679999999
4,2,sternberg,532,3,3,image_57,991.139648
4,2,sternberg,533,5,5,image_999,991.149648
4,2,sternberg,534,5,5,image_999,991.159648
4,2,sternberg,535,1,1,image_65,994.792334
4,2,sternberg,536,0,0,image_15,996.5896459999999
4,2,sternberg,537,3,3,image_57,997.639427
4,2,sternberg,538,4,4,image_56,998.7893949999999
4,2,sternberg,539,1,1,image_65,1002.610362
5,1,screening,0,30,27,image_31,72.53197
5,1,screening,1,25,23,image_26,74.048157
5,1,screening,2,38,35,image_39,75.564781
5,1,screening,3,16,15,image_17,77.014718
5,1,screening,4,55,50,image_56,78.53140499999999
5,1,screening,5,43,39,image_44,80.031436
5,1,screening,6,0,0,image_1,87.564557
5,1,screening,7,40,36,image_41,89.03127599999999
5,1,screening,8,53,48,image_54,90.51452499999999
5,1,screening,9,46,42,image_47,92.047962
5,1,screening,10,66,60,image_67,93.581149
5,1,screening,11,18,17,image_19,95.031086
5,1,screening,12,68,62,image_69,96.564398
5,1,screening,13,11,10,image_12,98.097741
5,1,screening,14,48,44,image_49,99.58099
5,1,screening,15,17,16,image_18,101.097708
5,1,screening,16,51,46,image_52,102.547676
5,1,screening,17,1,1,image_2,104.014395
5,1,screening,18,54,49,image_55,105.53089399999999
5,1,screening,19,13,12,image_14,107.047581
5,1,screening,20,35,32,image_36,108.58089299999999
5,1,screening,21,44,40,image_45,110.080798
5,1,screening,22,22,20,image_23,111.51410999999999
5,1,screening,23,27,25,image_28,113.030766
5,1,screening,24,32,29,image_33,114.56414
5,1,screening,25,60,54,image_61,116.06404599999999
5,1,screening,26,2,2,image_3,117.56410799999999
5,1,screening,27,4,4,image_5,119.064014
5,1,screening,28,33,30,image_34,120.530638
5,1,screening,29,31,28,image_32,122.030637
5,1,screening,30,37,34,image_38,123.48057399999999
5,1,screening,31,42,38,image_43,124.98057399999999
5,1,screening,32,6,6,image_7,131.447134
5,1,screening,33,3,3,image_4,132.913727
5,1,screening,34,58,53,image_59,134.347132
5,1,screening,35,56,51,image_57,135.781007
5,1,screening,36,26,24,image_27,137.296975
5,1,screening,37,45,41,image_46,138.796943
5,1,screening,38,64,58,image_65,140.26363
5,1,screening,39,8,8,image_9,141.796911
5,1,screening,40,61,55,image_62,143.230316
5,1,screening,41,62,56,image_63,144.713566
5,1,screening,42,20,18,image_21,150.996782
5,1,screening,43,14,13,image_15,152.49781299999998
5,1,screening,44,24,22,image_25,154.01343699999998
5,1,screening,45,12,11,image_13,155.46334299999998
5,1,screening,46,63,57,image_64,156.946655
5,1,screening,47,57,52,image_58,158.430029
5,1,screening,48,15,14,image_16,159.929903
5,1,screening,49,67,61,image_68,161.429872
5,1,screening,50,41,37,image_42,162.946527
5,1,screening,51,47,43,image_48,164.41321399999998
5,1,screening,52,52,47,image_53,165.913182
5,1,screening,53,34,31,image_35,167.413119
5,1,screening,54,23,21,image_24,168.863212
5,1,screening,55,36,33,image_37,170.313337
5,1,screening,56,21,19,image_22,171.79639899999998
5,1,screening,57,5,5,image_6,173.329898
5,1,screening,58,28,26,image_29,174.796366
5,1,screening,59,50,45,image_51,176.296303
5,1,screening,60,7,7,image_8,177.74642799999998
5,1,screening,61,65,59,image_66,179.246333
5,1,screening,62,10,9,image_11,180.696239
5,1,screening,63,63,57,image_64,184.312894
5,1,screening,64,35,32,image_36,185.81279899999998
5,1,screening,65,48,44,image_49,187.329424
5,1,screening,66,33,30,image_34,188.86273599999998
5,1,screening,67,34,31,image_35,190.346047
5,1,screening,68,20,18,image_21,191.796047
5,1,screening,69,0,0,image_1,193.24607799999998
5,1,screening,70,46,42,image_47,194.696077
5,1,screening,71,60,54,image_61,196.213076
5,1,screening,72,45,41,image_46,197.66273199999998
5,1,screening,73,32,29,image_33,199.17935599999998
5,1,screening,74,65,59,image_66,202.929261
5,1,screening,75,12,11,image_13,204.445854
5,1,screening,76,62,56,image_63,205.912479
5,1,screening,77,17,16,image_18,207.36247799999998
5,1,screening,78,18,17,image_19,208.812415
5,1,screening,79,58,53,image_59,210.31250799999998
5,1,screening,80,6,6,image_7,211.795851
5,1,screening,81,68,62,image_69,213.26244499999999
5,1,screening,82,38,35,image_39,214.778975
5,1,screening,83,54,49,image_55,216.262287
5,1,screening,84,36,33,image_37,217.74562999999998
5,1,screening,85,8,8,image_9,219.262286
5,1,screening,86,66,60,image_67,220.728942
5,1,screening,87,37,34,image_38,224.578971
5,1,screening,88,2,2,image_3,226.079002
5,1,screening,89,3,3,image_4,227.545439
5,1,screening,90,23,21,image_24,229.028751
5,1,screening,91,53,48,image_54,230.462063
5,1,screening,92,57,52,image_58,231.895468
5,1,screening,93,30,27,image_31,233.37865499999998
5,1,screening,94,50,45,image_51,234.895342
5,1,screening,95,51,46,image_52,236.412904
5,1,screening,96,15,14,image_16,237.861935
5,1,screening,97,27,25,image_28,239.345215
5,1,screening,98,25,23,image_26,240.82859
5,1,screening,99,14,13,image_15,242.26187
5,1,screening,100,61,55,image_62,243.72849499999998
5,1,screening,101,1,1,image_2,245.17852499999998
5,1,screening,102,13,12,image_14,246.69514999999998
5,1,screening,103,41,37,image_42,248.16177399999998
5,1,screening,104,24,22,image_25,249.64517999999998
5,1,screening,105,22,20,image_23,252.795147
5,1,screening,106,26,24,image_27,254.295022
5,1,screening,107,4,4,image_5,255.76161499999998
5,1,screening,108,7,7,image_8,257.261583
5,1,screening,109,55,50,image_56,258.761551
5,1,screening,110,67,61,image_68,260.261613
5,1,screening,111,47,43,image_48,261.744831
5,1,screening,112,28,26,image_29,263.178206
5,1,screening,113,56,51,image_57,264.628111
5,1,screening,114,64,58,image_65,266.161455
5,1,screening,115,40,36,image_41,267.611454
5,1,screening,116,5,5,image_6,269.128047
5,1,screening,117,42,38,image_43,270.61139
5,1,screening,118,11,10,image_12,272.14464
5,1,screening,119,10,9,image_11,273.578014
5,1,screening,120,52,47,image_53,275.061295
5,1,screening,121,16,15,image_17,276.51129399999996
5,1,screening,122,43,39,image_44,278.044544
5,1,screening,123,21,19,image_22,279.477855
5,1,screening,124,44,40,image_45,280.994511
5,1,screening,125,31,28,image_32,282.511229
5,1,screening,126,64,58,image_65,284.027791
5,1,screening,127,5,5,image_6,285.461103
5,1,screening,128,54,49,image_55,286.927727
5,1,screening,129,45,41,image_46,288.377696
5,1,screening,130,46,42,image_47,289.894351
5,1,screening,131,47,43,image_48,291.37769399999996
5,1,screening,132,53,48,image_54,297.094286
5,1,screening,133,36,33,image_37,298.54425399999997
5,1,screening,134,30,27,image_31,300.010847
5,1,screening,135,51,46,image_52,301.46081499999997
5,1,screening,136,10,9,image_11,302.91094
5,1,screening,137,37,34,image_38,304.427502
5,1,screening,138,21,19,image_22,305.927439
5,1,screening,139,8,8,image_9,307.410782
5,1,screening,140,43,39,image_44,308.860687
5,1,screening,141,24,22,image_25,312.944061
5,1,screening,142,6,6,image_7,314.443966
5,1,screening,143,20,18,image_21,315.910591
5,1,screening,144,14,13,image_15,317.39390299999997
5,1,screening,145,1,1,image_2,318.877215
5,1,screening,146,16,15,image_17,320.327183
5,1,screening,147,38,35,image_39,321.79380699999996
5,1,screening,148,7,7,image_8,323.243807
5,1,screening,149,12,11,image_13,324.69377499999996
5,1,screening,150,26,24,image_27,326.143712
5,1,screening,151,4,4,image_5,327.61043
5,1,screening,152,52,47,image_53,329.043679
5,1,screening,153,50,45,image_51,332.393709
5,1,screening,154,33,30,image_34,333.926927
5,1,screening,155,68,62,image_69,335.41026999999997
5,1,screening,156,44,40,image_45,336.893551
5,1,screening,157,56,51,image_57,338.36017599999997
5,1,screening,158,60,54,image_61,339.876831
5,1,screening,159,35,32,image_36,341.343487
5,1,screening,160,66,60,image_67,342.793455
5,1,screening,161,25,23,image_26,344.310111
5,1,screening,162,48,44,image_49,345.776798
5,1,screening,163,2,2,image_3,347.226703
5,1,screening,164,58,53,image_59,348.69338999999997
5,1,screening,165,3,3,image_4,350.12739
5,1,screening,166,0,0,image_1,351.576639
5,1,screening,167,40,36,image_41,353.109982
5,1,screening,168,18,17,image_19,354.643357
5,1,screening,169,28,26,image_29,356.143262
5,1,screening,170,15,14,image_16,357.57654299999996
5,1,screening,171,42,38,image_43,359.02651099999997
5,1,screening,172,22,20,image_23,360.493135
5,1,screening,173,17,16,image_18,362.009822
5,1,screening,174,61,55,image_62,363.443103
5,1,screening,175,11,10,image_12,364.876384
5,1,screening,176,41,37,image_42,366.32638299999996
5,1,screening,177,27,25,image_28,367.826414
5,1,screening,178,55,50,image_56,369.326351
5,1,screening,179,31,28,image_32,370.826444
5,1,screening,180,65,59,image_66,372.30963099999997
5,1,screening,181,62,56,image_63,373.792911
5,1,screening,182,34,31,image_35,377.176285
5,1,screening,183,13,12,image_14,378.692878
5,1,screening,184,57,52,image_58,380.142878
5,1,screening,185,23,21,image_24,381.642908
5,1,screening,186,63,57,image_64,383.092783
5,1,screening,187,32,29,image_33,384.559469
5,1,screening,188,67,61,image_68,386.059375
5,1,screening,189,23,21,image_24,387.576062
5,1,screening,190,32,29,image_33,389.00940499999996
5,1,screening,191,43,39,image_44,390.52615499999996
5,1,screening,192,35,32,image_36,392.042716
5,1,screening,193,64,58,image_65,393.525935
5,1,screening,194,12,11,image_13,395.009278
5,1,screening,195,65,59,image_66,396.492558
5,1,screening,196,24,22,image_25,397.959183
5,1,screening,197,38,35,image_39,399.442526
5,1,screening,198,52,47,image_53,400.92589999999996
5,1,screening,199,66,60,image_67,402.442431
5,1,screening,200,41,37,image_42,403.959055
5,1,screening,201,67,61,image_68,405.459055
5,1,screening,202,42,38,image_43,406.925711
5,1,screening,203,37,34,image_38,408.44233499999996
5,1,screening,204,40,36,image_41,409.925678
5,1,screening,205,62,56,image_63,411.392271
5,1,screening,206,57,52,image_58,412.925708
5,1,screening,207,28,26,image_29,414.442364
5,1,screening,208,2,2,image_3,415.925551
5,1,screening,209,10,9,image_11,417.425519
5,1,screening,210,56,51,image_57,418.925549
5,1,screening,211,45,41,image_46,420.37548599999997
5,1,screening,212,34,31,image_35,421.84214199999997
5,1,screening,213,61,55,image_62,423.32548499999996
5,1,screening,214,51,46,image_52,424.79204699999997
5,1,screening,215,0,0,image_1,426.308703
5,1,screening,216,26,24,image_27,429.658701
5,1,screening,217,36,33,image_37,431.10866999999996
5,1,screening,218,53,48,image_54,432.5587
5,1,screening,219,3,3,image_4,434.008606
5,1,screening,220,48,44,image_49,435.49188699999996
5,1,screening,221,50,45,image_51,436.958573
5,1,screening,222,46,42,image_47,438.47526
5,1,screening,223,30,27,image_31,439.942666
5,1,screening,224,58,53,image_59,441.391822
5,1,screening,225,5,5,image_6,442.908415
5,1,screening,226,22,20,image_23,444.44172699999996
5,1,screening,227,20,18,image_21,445.92507
5,1,screening,228,8,8,image_9,447.37503799999996
5,1,screening,229,33,30,image_34,448.825006
5,1,screening,230,68,62,image_69,450.291662
5,1,screening,231,13,12,image_14,453.408442
5,1,screening,232,31,28,image_32,454.874941
5,1,screening,233,44,40,image_45,456.37487799999997
5,1,screening,234,60,54,image_61,457.874846
5,1,screening,235,14,13,image_15,459.324814
5,1,screening,236,11,10,image_12,460.77484499999997
5,1,screening,237,47,43,image_48,462.24143799999996
5,1,screening,238,15,14,image_16,463.708063
5,1,screening,239,7,7,image_8,465.191406
5,1,screening,240,18,17,image_19,466.674687
5,1,screening,241,1,1,image_2,468.108092
5,1,screening,242,27,25,image_28,469.558748
5,1,screening,243,6,6,image_7,471.07465399999995
5,1,screening,244,54,49,image_55,474.324621
5,1,screening,245,25,23,image_26,475.841777
5,1,screening,246,55,50,image_56,477.341276
5,1,screening,247,16,15,image_17,478.82449399999996
5,1,screening,248,4,4,image_5,480.308275
5,1,screening,249,21,19,image_22,481.757774
5,1,screening,250,63,57,image_64,483.24114899999995
5,1,screening,251,17,16,image_18,484.774429
5,1,screening,252,24,22,image_25,486.25771
5,1,screening,253,16,15,image_17,487.741022
5,1,screening,254,1,1,image_2,489.19099
5,1,screening,255,31,28,image_32,490.674333
5,1,screening,256,51,46,image_52,492.17430099999996
5,1,screening,257,5,5,image_6,493.674269
5,1,screening,258,47,43,image_48,495.140894
5,1,screening,259,61,55,image_62,496.60751799999997
5,1,screening,260,36,33,image_37,499.92423599999995
5,1,screening,261,15,14,image_16,501.35745399999996
5,1,screening,262,68,62,image_69,502.874172
5,1,screening,263,54,49,image_55,504.390859
5,1,screening,264,32,29,image_33,505.90754599999997
5,1,screening,265,13,12,image_14,507.341701
5,1,screening,266,48,44,image_49,508.807326
5,1,screening,267,65,59,image_66,510.27401299999997
5,1,screening,268,55,50,image_56,511.773981
5,1,screening,269,42,38,image_43,513.22398
5,1,screening,270,20,18,image_21,514.723917
5,1,screening,271,67,61,image_68,518.323885
5,1,screening,272,18,17,image_19,519.823853
5,1,screening,273,34,31,image_35,521.307133
5,1,screening,274,21,19,image_22,522.8237889999999
5,1,screening,275,53,48,image_54,524.323882
5,1,screening,276,28,26,image_29,525.8406
5,1,screening,277,50,45,image_51,527.373693
5,1,screening,278,14,13,image_15,528.840349
5,1,screening,279,43,39,image_44,532.240316
5,1,screening,280,30,27,image_31,533.690347
5,1,screening,281,44,40,image_45,535.123565
5,1,screening,282,22,20,image_23,536.623533
5,1,screening,283,58,53,image_59,538.1068769999999
5,1,screening,284,12,11,image_13,539.590188
5,1,screening,285,52,47,image_53,543.456812
5,1,screening,286,38,35,image_39,544.956749
5,1,screening,287,26,24,image_27,546.456717
5,1,screening,288,64,58,image_65,547.973404
5,1,screening,289,0,0,image_1,549.49006
5,1,screening,290,66,60,image_67,550.973309
5,1,screening,291,23,21,image_24,552.423371
5,1,screening,292,33,30,image_34,555.723338
5,1,screening,293,57,52,image_58,557.240056
5,1,screening,294,40,36,image_41,558.6732119999999
5,1,screening,295,3,3,image_4,560.156524
5,1,screening,296,63,57,image_64,561.606461
5,1,screening,297,4,4,image_5,563.139804
5,1,screening,298,62,56,image_63,564.639741
5,1,screening,299,45,41,image_46,566.123084
5,1,screening,300,11,10,image_12,567.606365
5,1,screening,301,46,42,image_47,569.039677
5,1,screening,302,25,23,image_26,570.53977
5,1,screening,303,27,25,image_28,571.972957
5,1,screening,304,10,9,image_11,573.406331
5,1,screening,305,6,6,image_7,574.889581
5,1,screening,306,35,32,image_36,576.323049
5,1,screening,307,56,51,image_57,577.839517
5,1,screening,308,60,54,image_61,579.356266
5,1,screening,309,2,2,image_3,580.856141
5,1,screening,310,7,7,image_8,582.306234
5,1,screening,311,17,16,image_18,583.80614
5,1,screening,312,8,8,image_9,585.28942
5,1,screening,313,37,34,image_38,586.822732
5,1,screening,314,41,37,image_42,588.322669
5,1,screening,315,35,32,image_36,589.839356
5,1,screening,316,6,6,image_7,591.322668
5,1,screening,317,20,18,image_21,592.80598
5,1,screening,318,36,33,image_37,596.405978
5,1,screening,319,62,56,image_63,597.839196
5,1,screening,320,4,4,image_5,599.289321
5,1,screening,321,48,44,image_49,600.739164
5,1,screening,322,17,16,image_18,602.20582
5,1,screening,323,2,2,image_3,603.722444
5,1,screening,324,63,57,image_64,605.2391
5,1,screening,325,25,23,image_26,606.67238
5,1,screening,326,64,58,image_65,608.139098
5,1,screening,327,24,22,image_25,609.622348
5,1,screening,328,10,9,image_11,611.10566
5,1,screening,329,13,12,image_14,612.6057529999999
5,1,screening,330,54,49,image_55,614.105627
5,1,screening,331,30,27,image_31,615.572283
5,1,screening,332,55,50,image_56,617.0555949999999
5,1,screening,333,68,62,image_69,618.4889069999999
5,1,screening,334,8,8,image_9,620.0221869999999
5,1,screening,335,0,0,image_1,621.4721559999999
5,1,screening,336,3,3,image_4,622.922155
5,1,screening,337,44,40,image_45,624.388779
5,1,screening,338,33,30,image_34,629.0220899999999
5,1,screening,339,16,15,image_17,630.505496
5,1,screening,340,18,17,image_19,631.971995
5,1,screening,341,11,10,image_12,633.5054319999999
5,1,screening,342,15,14,image_16,635.038588
5,1,screening,343,51,46,image_52,636.4719309999999
5,1,screening,344,32,29,image_33,637.9885859999999
5,1,screening,345,47,43,image_48,639.4551799999999
5,1,screening,346,5,5,image_6,640.938585
5,1,screening,347,12,11,image_13,642.421866
5,1,screening,348,57,52,image_58,643.955147
5,1,screening,349,21,19,image_22,645.4217709999999
5,1,screening,350,40,36,image_41,646.955083
5,1,screening,351,28,26,image_29,648.421739
5,1,screening,352,56,51,image_57,649.9216749999999
5,1,screening,353,46,42,image_47,651.421644
5,1,screening,354,38,35,image_39,652.9050179999999
5,1,screening,355,52,47,image_53,654.4049239999999
5,1,screening,356,23,21,image_24,655.904954
5,1,screening,357,37,34,image_38,659.25514
5,1,screening,358,67,61,image_68,660.704827
5,1,screening,359,45,41,image_46,662.2381389999999
5,1,screening,360,42,38,image_43,663.688232
5,1,screening,361,41,37,image_42,665.121451
5,1,screening,362,61,55,image_62,666.6047629999999
5,1,screening,363,53,48,image_54,668.121481
5,1,screening,364,34,31,image_35,669.621355
5,1,screening,365,22,20,image_23,671.071323
5,1,screening,366,26,24,image_27,672.537979
5,1,screening,367,50,45,image_51,674.0213219999999
5,1,screening,368,43,39,image_44,675.554634
5,1,screening,369,65,59,image_66,677.004602
5,1,screening,370,60,54,image_61,678.521226
5,1,screening,371,31,28,image_32,680.021226
5,1,screening,372,58,53,image_59,681.4880069999999
5,1,screening,373,1,1,image_2,682.937818
5,1,screening,374,7,7,image_8,684.42113
5,1,screening,375,27,25,image_28,685.904505
5,1,screening,376,66,60,image_67,687.354473
5,1,screening,377,14,13,image_15,688.8544099999999
5,2,sternberg,0,4,4,image_45,91.13207274999999
5,2,sternberg,1,0,0,image_33,92.28204075
5,2,sternberg,2,2,2,image_47,93.49869675
5,2,sternberg,3,4,4,image_45,97.20347675
5,2,sternberg,4,0,0,image_33,99.19869475
5,2,sternberg,5,1,1,image_53,100.39853774999999
5,2,sternberg,6,3,3,image_5,101.53194375
5,2,sternberg,7,0,0,image_33,105.33491074999999
5,2,sternberg,8,2,2,image_47,107.73178474999999
5,2,sternberg,9,4,4,image_45,108.78175275
5,2,sternberg,10,3,3,image_5,109.93178375
5,2,sternberg,11,1,1,image_53,113.70118875
5,2,sternberg,12,4,4,image_45,115.88162575
5,2,sternberg,13,0,0,image_33,117.03162474999999
5,2,sternberg,14,5,5,image_999,117.04162475
5,2,sternberg,15,2,2,image_47,120.83581075
5,2,sternberg,16,4,4,image_45,123.28155975
5,2,sternberg,17,1,1,image_53,124.39821574999999
5,2,sternberg,18,5,5,image_999,124.40821575
5,2,sternberg,19,4,4,image_45,128.15249574999999
5,2,sternberg,20,3,3,image_5,130.19811975
5,2,sternberg,21,1,1,image_53,131.34805674999998
5,2,sternberg,22,5,5,image_999,131.35805674999997
5,2,sternberg,23,1,1,image_53,134.98421175
5,2,sternberg,24,0,0,image_33,136.98139774999999
5,2,sternberg,25,1,1,image_53,138.04795975
5,2,sternberg,26,5,5,image_999,138.05795974999998
5,2,sternberg,27,3,3,image_5,141.66758375
5,2,sternberg,28,2,2,image_47,143.88120775
5,2,sternberg,29,3,3,image_5,145.01451975
5,2,sternberg,30,0,0,image_33,146.18114475
5,2,sternberg,31,4,4,image_45,149.88542375
5,2,sternberg,32,1,1,image_53,152.31445474999998
5,2,sternberg,33,2,2,image_47,153.51439175
5,2,sternberg,34,4,4,image_45,154.71445375
5,2,sternberg,35,3,3,image_5,158.35063975
5,2,sternberg,36,1,1,image_53,160.54773275
5,2,sternberg,37,2,2,image_47,161.61423175
5,2,sternberg,38,5,5,image_999,161.62423174999998
5,2,sternberg,39,3,3,image_5,165.36713675
5,2,sternberg,40,1,1,image_53,167.33082374999998
5,2,sternberg,41,5,5,image_999,167.34082374999997
5,2,sternberg,42,5,5,image_999,167.35082374999996
5,2,sternberg,43,1,1,image_53,171.06716575
5,2,sternberg,44,0,0,image_33,173.28091475
5,2,sternberg,45,5,5,image_999,173.29091474999998
5,2,sternberg,46,5,5,image_999,173.30091474999998
5,2,sternberg,47,0,0,image_33,177.00035075
5,2,sternberg,48,3,3,image_5,179.54741274999998
5,2,sternberg,49,5,5,image_999,179.55741274999997
5,2,sternberg,50,5,5,image_999,179.56741274999996
5,2,sternberg,51,3,3,image_5,183.35034775
5,2,sternberg,52,2,2,image_47,185.89731575
5,2,sternberg,53,4,4,image_45,186.94715975
5,2,sternberg,54,3,3,image_5,187.98050275
5,2,sternberg,55,0,0,image_33,191.75125075
5,2,sternberg,56,0,0,image_33,194.29737475
5,2,sternberg,57,1,1,image_53,195.44721875
5,2,sternberg,58,3,3,image_5,196.48031175
5,2,sternberg,59,2,2,image_47,200.26702874999998
5,2,sternberg,60,4,4,image_45,202.69693375
5,2,sternberg,61,5,5,image_999,202.70693375
5,2,sternberg,62,5,5,image_999,202.71693374999998
5,2,sternberg,63,4,4,image_45,206.26802675
5,2,sternberg,64,4,4,image_45,208.31349475
5,2,sternberg,65,5,5,image_999,208.32349474999998
5,2,sternberg,66,5,5,image_999,208.33349474999997
5,2,sternberg,67,1,1,image_53,211.98302475
5,2,sternberg,68,3,3,image_5,214.39705475
5,2,sternberg,69,5,5,image_999,214.40705475
5,2,sternberg,70,5,5,image_999,214.41705474999998
5,2,sternberg,71,1,1,image_53,218.04961575
5,2,sternberg,72,4,4,image_45,220.46342675
5,2,sternberg,73,2,2,image_47,221.51327075
5,2,sternberg,74,3,3,image_5,222.58001975
5,2,sternberg,75,4,4,image_45,226.21626874999998
5,2,sternberg,76,1,1,image_53,228.51329875
5,2,sternberg,77,0,0,image_33,229.57986075
5,2,sternberg,78,5,5,image_999,229.58986074999999
5,2,sternberg,79,0,0,image_33,233.38264074999998
5,2,sternberg,80,2,2,image_47,235.64642074999998
5,2,sternberg,81,4,4,image_45,236.82973274999998
5,2,sternberg,82,0,0,image_33,237.99654475
5,2,sternberg,83,2,2,image_47,241.68276275
5,2,sternberg,84,1,1,image_53,245.87966674999998
5,2,sternberg,85,2,2,image_47,246.94635375
5,2,sternberg,86,3,3,image_5,248.14625974999998
5,2,sternberg,87,4,4,image_45,251.74900875
5,2,sternberg,88,4,4,image_45,254.14619474999998
5,2,sternberg,89,5,5,image_999,254.15619474999997
5,2,sternberg,90,5,5,image_999,254.16619474999996
5,2,sternberg,91,2,2,image_47,257.89931874999996
5,2,sternberg,92,4,4,image_45,260.91278575
5,2,sternberg,93,2,2,image_47,261.96269175
5,2,sternberg,94,5,5,image_999,261.97269174999997
5,2,sternberg,95,4,4,image_45,265.74972175
5,2,sternberg,96,1,1,image_53,267.72925175
5,2,sternberg,97,5,5,image_999,267.73925175
5,2,sternberg,98,5,5,image_999,267.74925175
5,2,sternberg,99,1,1,image_53,271.34884375
5,2,sternberg,100,3,3,image_5,273.54584374999996
5,2,sternberg,101,1,1,image_53,274.59581175
5,2,sternberg,102,0,0,image_33,275.77921775
5,2,sternberg,103,1,1,image_53,279.58199675
5,2,sternberg,104,3,3,image_5,281.74568375
5,2,sternberg,105,5,5,image_999,281.75568375
5,2,sternberg,106,5,5,image_999,281.76568375
5,2,sternberg,107,2,2,image_47,285.43186975
5,2,sternberg,108,1,1,image_53,290.16233675
5,2,sternberg,109,4,4,image_45,291.31224275
5,2,sternberg,110,5,5,image_999,291.32224275
5,2,sternberg,111,4,4,image_45,295.04842874999997
5,2,sternberg,112,0,0,image_33,297.24552174999997
5,2,sternberg,113,5,5,image_999,297.25552174999996
5,2,sternberg,114,5,5,image_999,297.26552174999995
5,2,sternberg,115,0,0,image_33,300.99826974999996
5,2,sternberg,116,0,0,image_33,303.61208074999996
5,2,sternberg,117,3,3,image_5,304.71214375
5,2,sternberg,118,5,5,image_999,304.72214375
5,2,sternberg,119,4,4,image_45,308.46492274999997
5,2,sternberg,120,0,0,image_33,310.39535975
5,2,sternberg,121,3,3,image_5,311.51189074999996
5,2,sternberg,122,2,2,image_47,312.71198375
5,2,sternberg,123,4,4,image_45,316.49820074999997
5,2,sternberg,124,3,3,image_5,318.29513775
5,2,sternberg,125,4,4,image_45,319.47844975
5,2,sternberg,126,5,5,image_999,319.48844975
5,2,sternberg,127,3,3,image_5,323.28138574999997
5,2,sternberg,128,0,0,image_33,325.34504075
5,2,sternberg,129,2,2,image_47,326.39500975
5,2,sternberg,130,5,5,image_999,326.40500975
5,2,sternberg,131,2,2,image_47,330.11588274999997
5,2,sternberg,132,0,0,image_33,333.79497575
5,2,sternberg,133,5,5,image_999,333.80497575
5,2,sternberg,134,5,5,image_999,333.81497575
5,2,sternberg,135,3,3,image_5,337.53109875
5,2,sternberg,136,3,3,image_5,339.64481674999996
5,2,sternberg,137,1,1,image_53,340.69481675
5,2,sternberg,138,0,0,image_33,341.79475375
5,2,sternberg,139,3,3,image_5,345.48093975
5,2,sternberg,140,2,2,image_47,347.51146975
5,2,sternberg,141,5,5,image_999,347.52146975
5,2,sternberg,142,5,5,image_999,347.53146975
5,2,sternberg,143,1,1,image_53,351.11421874999996
5,2,sternberg,144,4,4,image_45,352.92806175
5,2,sternberg,145,2,2,image_47,354.06127975
5,2,sternberg,146,5,5,image_999,354.07127975
5,2,sternberg,147,2,2,image_47,357.73105975
5,2,sternberg,148,4,4,image_45,360.39449575
5,2,sternberg,149,5,5,image_999,360.40449574999997
5,2,sternberg,150,5,5,image_999,360.41449574999996
5,2,sternberg,151,4,4,image_45,363.99793174999996
5,2,sternberg,152,1,1,image_53,365.86105575
5,2,sternberg,153,4,4,image_45,366.96118075
5,2,sternberg,154,0,0,image_33,368.01102375
5,2,sternberg,155,3,3,image_5,371.66386675
5,2,sternberg,156,4,4,image_45,373.69427175
5,2,sternberg,157,0,0,image_33,374.81102175
5,2,sternberg,158,5,5,image_999,374.82102175
5,2,sternberg,159,4,4,image_45,378.58033274999997
5,2,sternberg,160,2,2,image_47,380.51089375
5,2,sternberg,161,1,1,image_53,381.72748774999997
5,2,sternberg,162,0,0,image_33,382.79426774999996
5,2,sternberg,163,0,0,image_33,386.48220375
5,2,sternberg,164,3,3,image_5,388.71073475
5,2,sternberg,165,2,2,image_47,389.79401574999997
5,2,sternberg,166,5,5,image_999,389.80401574999996
5,2,sternberg,167,4,4,image_45,393.41651375
5,2,sternberg,168,4,4,image_45,395.42738775
5,2,sternberg,169,0,0,image_33,396.46051274999996
5,2,sternberg,170,3,3,image_5,397.54391875
5,2,sternberg,171,0,0,image_33,401.31735475
5,2,sternberg,172,2,2,image_47,403.07716675
5,2,sternberg,173,3,3,image_5,404.11050975
5,2,sternberg,174,5,5,image_999,404.12050975
5,2,sternberg,175,2,2,image_47,407.81397675
5,2,sternberg,176,1,1,image_53,411.17700675
5,2,sternberg,177,5,5,image_999,411.18700674999997
5,2,sternberg,178,5,5,image_999,411.19700674999996
5,2,sternberg,179,0,0,image_33,414.86503675
5,2,sternberg,180,3,3,image_5,417.14362975
5,2,sternberg,181,5,5,image_999,417.15362975
5,2,sternberg,182,5,5,image_999,417.16362975
5,2,sternberg,183,3,3,image_5,420.74803375
5,2,sternberg,184,4,4,image_45,422.74353375
5,2,sternberg,185,3,3,image_5,423.82681375
5,2,sternberg,186,5,5,image_999,423.83681375
5,2,sternberg,187,0,0,image_33,427.62962475
5,2,sternberg,188,2,2,image_47,429.42681174999996
5,2,sternberg,189,5,5,image_999,429.43681174999995
5,2,sternberg,190,5,5,image_999,429.44681174999994
5,2,sternberg,191,2,2,image_47,433.09662275
5,2,sternberg,192,1,1,image_53,434.82680975
5,2,sternberg,193,2,2,image_47,435.89330974999996
5,2,sternberg,194,5,5,image_999,435.90330974999995
5,2,sternberg,195,4,4,image_45,439.66355775
5,2,sternberg,196,1,1,image_53,441.50999475
5,2,sternberg,197,5,5,image_999,441.51999474999997
5,2,sternberg,198,5,5,image_999,441.52999474999996
5,2,sternberg,199,3,3,image_5,445.14764974999997
5,2,sternberg,200,4,4,image_45,453.54302075
5,2,sternberg,201,2,2,image_47,454.69302074999996
5,2,sternberg,202,5,5,image_999,454.70302074999995
5,2,sternberg,203,1,1,image_53,458.32933175
5,2,sternberg,204,4,4,image_45,460.59304975
5,2,sternberg,205,2,2,image_47,461.69292375
5,2,sternberg,206,5,5,image_999,461.70292374999997
5,2,sternberg,207,4,4,image_45,465.41279775
5,2,sternberg,208,3,3,image_5,467.62626574999996
5,2,sternberg,209,4,4,image_45,468.72613974999996
5,2,sternberg,210,2,2,image_47,469.80945175
5,2,sternberg,211,0,0,image_33,473.49738775
5,2,sternberg,212,2,2,image_47,475.75935575
5,2,sternberg,213,5,5,image_999,475.76935575
5,2,sternberg,214,5,5,image_999,475.77935575
5,2,sternberg,215,3,3,image_5,479.44560475
5,2,sternberg,216,2,2,image_47,481.35925975
5,2,sternberg,217,4,4,image_45,482.44269675
5,2,sternberg,218,5,5,image_999,482.45269675
5,2,sternberg,219,0,0,image_33,486.22922674999995
5,2,sternberg,220,0,0,image_33,487.97603875
5,2,sternberg,221,1,1,image_53,489.15916274999995
5,2,sternberg,222,5,5,image_999,489.16916274999994
5,2,sternberg,223,1,1,image_53,492.94547374999996
5,2,sternberg,224,2,2,image_47,494.99247275
5,2,sternberg,225,3,3,image_5,496.10903475
5,2,sternberg,226,5,5,image_999,496.11903474999997
5,2,sternberg,227,0,0,image_33,499.71200274999995
5,2,sternberg,228,2,2,image_47,502.22559474999997
5,2,sternberg,229,5,5,image_999,502.23559474999996
5,2,sternberg,230,5,5,image_999,502.24559474999995
5,2,sternberg,231,1,1,image_53,506.01196875
5,2,sternberg,232,0,0,image_33,507.99228074999996
5,2,sternberg,233,3,3,image_5,509.20893574999997
5,2,sternberg,234,1,1,image_53,510.34215474999996
5,2,sternberg,235,1,1,image_53,514.02884075
5,2,sternberg,236,4,4,image_45,516.05874575
5,2,sternberg,237,5,5,image_999,516.06874575
5,2,sternberg,238,5,5,image_999,516.0787457499999
5,2,sternberg,239,3,3,image_5,519.74524475
5,2,sternberg,240,3,3,image_5,521.65868075
5,2,sternberg,241,2,2,image_47,522.72533675
5,2,sternberg,242,4,4,image_45,523.8086177499999
5,2,sternberg,243,3,3,image_5,527.46164775
5,2,sternberg,244,4,4,image_45,529.3087097499999
5,2,sternberg,245,0,0,image_33,530.52523975
5,2,sternberg,246,1,1,image_53,531.70848975
5,2,sternberg,247,3,3,image_5,535.42801975
5,2,sternberg,248,3,3,image_5,537.64176875
5,2,sternberg,249,5,5,image_999,537.65176875
5,2,sternberg,250,5,5,image_999,537.66176875
5,2,sternberg,251,3,3,image_5,541.29514175
5,2,sternberg,252,0,0,image_33,543.29179775
5,2,sternberg,253,5,5,image_999,543.30179775
5,2,sternberg,254,5,5,image_999,543.31179775
5,2,sternberg,255,0,0,image_33,546.97785875
5,2,sternberg,256,3,3,image_5,548.80829575
5,2,sternberg,257,5,5,image_999,548.81829575
5,2,sternberg,258,5,5,image_999,548.8282957499999
5,2,sternberg,259,4,4,image_45,552.59538775
5,2,sternberg,260,3,3,image_5,555.60822975
5,2,sternberg,261,0,0,image_33,556.72479175
5,2,sternberg,262,4,4,image_45,557.7581037499999
5,2,sternberg,263,2,2,image_47,561.54435275
5,2,sternberg,264,1,1,image_53,563.45810175
5,2,sternberg,265,5,5,image_999,563.46810175
5,2,sternberg,266,5,5,image_999,563.47810175
5,2,sternberg,267,1,1,image_53,567.21097575
5,2,sternberg,268,0,0,image_33,569.14134975
5,2,sternberg,269,4,4,image_45,570.25791175
5,2,sternberg,270,2,2,image_47,571.32453575
5,2,sternberg,271,1,1,image_53,575.06372175
5,2,sternberg,272,3,3,image_5,679.83971175
5,2,sternberg,273,0,0,image_33,681.05621075
5,2,sternberg,274,5,5,image_999,681.06621075
5,2,sternberg,275,3,3,image_5,684.7590847499999
5,2,sternberg,276,2,2,image_47,686.78945875
5,2,sternberg,277,5,5,image_999,686.79945875
5,2,sternberg,278,5,5,image_999,686.80945875
5,2,sternberg,279,1,1,image_53,690.49273875
5,2,sternberg,280,4,4,image_45,722.40553775
5,2,sternberg,281,5,5,image_999,722.41553775
5,2,sternberg,282,5,5,image_999,722.42553775
5,2,sternberg,283,4,4,image_45,726.1257557499999
5,2,sternberg,284,2,2,image_47,728.83875375
5,2,sternberg,285,4,4,image_45,730.02206675
5,2,sternberg,286,5,5,image_999,730.03206675
5,2,sternberg,287,2,2,image_47,733.80828375
5,2,sternberg,288,0,0,image_33,736.2386887499999
5,2,sternberg,289,5,5,image_999,736.2486887499999
5,2,sternberg,290,5,5,image_999,736.2586887499999
5,2,sternberg,291,1,1,image_53,739.9248437499999
5,2,sternberg,292,0,0,image_33,743.18856075
5,2,sternberg,293,2,2,image_47,744.37196675
5,2,sternberg,294,1,1,image_53,745.58868475
5,2,sternberg,295,3,3,image_5,749.1912777499999
5,2,sternberg,296,0,0,image_33,751.6717767499999
5,2,sternberg,297,1,1,image_53,752.70502575
5,2,sternberg,298,5,5,image_999,752.71502575
5,2,sternberg,299,3,3,image_5,756.44152475
5,2,sternberg,300,0,0,image_33,758.73846075
5,2,sternberg,301,1,1,image_53,759.9383977499999
5,2,sternberg,302,2,2,image_47,761.1383667499999
5,2,sternberg,303,4,4,image_45,764.8251457499999
5,2,sternberg,304,4,4,image_45,767.12173875
5,2,sternberg,305,5,5,image_999,767.13173875
5,2,sternberg,306,5,5,image_999,767.14173875
5,2,sternberg,307,4,4,image_45,770.7577377499999
5,2,sternberg,308,1,1,image_53,773.10476775
5,2,sternberg,309,5,5,image_999,773.1147677499999
5,2,sternberg,310,5,5,image_999,773.1247677499999
5,2,sternberg,311,0,0,image_33,776.9575787499999
5,2,sternberg,312,1,1,image_53,779.68798375
5,2,sternberg,313,2,2,image_47,780.7879517499999
5,2,sternberg,314,5,5,image_999,780.7979517499999
5,2,sternberg,315,0,0,image_33,784.50745075
5,2,sternberg,316,1,1,image_53,787.03788675
5,2,sternberg,317,2,2,image_47,788.15451175
5,2,sternberg,318,3,3,image_5,789.3045737499999
5,2,sternberg,319,3,3,image_5,793.07485375
5,2,sternberg,320,1,1,image_53,795.45441475
5,2,sternberg,321,0,0,image_33,796.50435175
5,2,sternberg,322,5,5,image_999,796.51435175
5,2,sternberg,323,4,4,image_45,800.2904757499999
5,2,sternberg,324,0,0,image_33,802.55428675
5,2,sternberg,325,4,4,image_45,803.75438075
5,2,sternberg,326,5,5,image_999,803.76438075
5,2,sternberg,327,1,1,image_53,807.44062875
5,2,sternberg,328,1,1,image_53,809.73759675
5,2,sternberg,329,3,3,image_5,810.9043147499999
5,2,sternberg,330,5,5,image_999,810.9143147499999
5,2,sternberg,331,0,0,image_33,814.67500075
5,2,sternberg,332,0,0,image_33,817.22071875
5,2,sternberg,333,3,3,image_5,818.40406175
5,2,sternberg,334,5,5,image_999,818.41406175
5,2,sternberg,335,0,0,image_33,821.99277975
5,2,sternberg,336,2,2,image_47,824.43737175
5,2,sternberg,337,1,1,image_53,825.52059075
5,2,sternberg,338,5,5,image_999,825.53059075
5,2,sternberg,339,1,1,image_53,829.25690175
5,2,sternberg,340,3,3,image_5,831.78724375
5,2,sternberg,341,0,0,image_33,832.97161875
5,2,sternberg,342,1,1,image_53,834.1538997499999
5,2,sternberg,343,1,1,image_53,837.90730375
5,2,sternberg,344,2,2,image_47,839.8204287499999
5,2,sternberg,345,5,5,image_999,839.8304287499999
5,2,sternberg,346,5,5,image_999,839.8404287499999
5,2,sternberg,347,2,2,image_47,843.50677075
5,2,sternberg,348,1,1,image_53,845.22039475
5,2,sternberg,349,2,2,image_47,846.4037697499999
5,2,sternberg,350,5,5,image_999,846.4137697499999
5,2,sternberg,351,4,4,image_45,850.0401117499999
5,2,sternberg,352,4,4,image_45,852.25351675
5,2,sternberg,353,5,5,image_999,852.26351675
5,2,sternberg,354,5,5,image_999,852.27351675
5,2,sternberg,355,2,2,image_47,856.07342175
5,2,sternberg,356,3,3,image_5,858.5534517499999
5,2,sternberg,357,0,0,image_33,859.68679575
5,2,sternberg,358,5,5,image_999,859.69679575
5,2,sternberg,359,3,3,image_5,863.42338775
5,2,sternberg,360,4,4,image_45,865.7869177499999
5,2,sternberg,361,3,3,image_5,866.83666775
5,2,sternberg,362,2,2,image_47,867.9366357499999
5,2,sternberg,363,2,2,image_47,871.77307175
5,2,sternberg,364,2,2,image_47,873.8366337499999
5,2,sternberg,365,1,1,image_53,875.05328975
5,2,sternberg,366,5,5,image_999,875.06328975
5,2,sternberg,367,2,2,image_47,878.70619375
5,2,sternberg,368,2,2,image_47,880.73656775
5,2,sternberg,369,5,5,image_999,880.7465677499999
5,2,sternberg,370,5,5,image_999,880.7565677499999
5,2,sternberg,371,2,2,image_47,884.52312875
5,2,sternberg,372,0,0,image_33,886.41978475
5,2,sternberg,373,3,3,image_5,887.55306575
5,2,sternberg,374,5,5,image_999,887.56306575
5,2,sternberg,375,2,2,image_47,891.23906375
5,2,sternberg,376,3,3,image_5,893.48628175
5,2,sternberg,377,4,4,image_45,894.60331275
5,2,sternberg,378,5,5,image_999,894.61331275
5,2,sternberg,379,0,0,image_33,898.38968575
5,2,sternberg,380,1,1,image_53,900.7029037499999
5,2,sternberg,381,0,0,image_33,901.9196217499999
5,2,sternberg,382,2,2,image_47,902.95265275
5,2,sternberg,383,4,4,image_45,906.64105775
5,2,sternberg,384,0,0,image_33,908.80265075
5,2,sternberg,385,5,5,image_999,908.81265075
5,2,sternberg,386,5,5,image_999,908.82265075
5,2,sternberg,387,0,0,image_33,912.5393057499999
5,2,sternberg,388,3,3,image_5,914.60255475
5,2,sternberg,389,5,5,image_999,914.61255475
5,2,sternberg,390,5,5,image_999,914.62255475
5,2,sternberg,391,4,4,image_45,918.27220975
5,2,sternberg,392,1,1,image_53,920.8031767499999
5,2,sternberg,393,5,5,image_999,920.8131767499999
5,2,sternberg,394,5,5,image_999,920.8231767499999
5,2,sternberg,395,3,3,image_5,924.5227377499999
5,2,sternberg,396,3,3,image_5,926.88573675
5,2,sternberg,397,4,4,image_45,927.9856747499999
5,2,sternberg,398,5,5,image_999,927.9956747499999
5,2,sternberg,399,0,0,image_33,931.75561075
5,2,sternberg,400,1,1,image_53,934.01892175
5,2,sternberg,401,3,3,image_5,935.1355777499999
5,2,sternberg,402,4,4,image_45,936.3522647499999
5,2,sternberg,403,1,1,image_53,940.00682575
5,2,sternberg,404,4,4,image_45,943.23541775
5,2,sternberg,405,3,3,image_5,944.4021047499999
5,2,sternberg,406,5,5,image_999,944.4121047499999
5,2,sternberg,407,3,3,image_5,948.0886977499999
5,2,sternberg,408,0,0,image_33,950.08535275
5,2,sternberg,409,1,1,image_53,951.30197775
5,2,sternberg,410,5,5,image_999,951.31197775
5,2,sternberg,411,3,3,image_5,955.02150675
5,2,sternberg,412,0,0,image_33,957.7685997499999
5,2,sternberg,413,2,2,image_47,958.85188075
5,2,sternberg,414,4,4,image_45,959.95184875
5,2,sternberg,415,0,0,image_33,963.5735347499999
5,2,sternberg,416,2,2,image_47,965.6517527499999
5,2,sternberg,417,0,0,image_33,966.8684707499999
5,2,sternberg,418,4,4,image_45,967.96837675
5,2,sternberg,419,0,0,image_33,971.57143775
5,2,sternberg,420,3,3,image_5,973.70162475
5,2,sternberg,421,4,4,image_45,974.8682807499999
5,2,sternberg,422,5,5,image_999,974.8782807499999
5,2,sternberg,423,1,1,image_53,978.6045597499999
5,2,sternberg,424,2,2,image_47,980.66824675
5,2,sternberg,425,3,3,image_5,981.8348397499999
5,2,sternberg,426,5,5,image_999,981.8448397499999
5,2,sternberg,427,4,4,image_45,985.62105775
5,2,sternberg,428,1,1,image_53,987.73483775
5,2,sternberg,429,4,4,image_45,988.9180877499999
5,2,sternberg,430,2,2,image_47,990.00149275
5,2,sternberg,431,4,4,image_45,993.7579607499999
5,2,sternberg,432,2,2,image_47,996.9512717499999
5,2,sternberg,433,5,5,image_999,996.9612717499999
5,2,sternberg,434,5,5,image_999,996.9712717499999
5,2,sternberg,435,2,2,image_47,1000.67086375
5,2,sternberg,436,4,4,image_45,1002.90117575
5,2,sternberg,437,2,2,image_47,1004.05126875
5,2,sternberg,438,1,1,image_53,1005.1345807499999
5,2,sternberg,439,0,0,image_33,1008.77101675
5,2,sternberg,440,3,3,image_5,1011.4344847499999
5,2,sternberg,441,5,5,image_999,1011.4444847499999
5,2,sternberg,442,5,5,image_999,1011.4544847499999
5,2,sternberg,443,2,2,image_47,1015.13857675
5,2,sternberg,444,1,1,image_53,1017.2843567499999
5,2,sternberg,445,4,4,image_45,1018.5009507499999
5,2,sternberg,446,5,5,image_999,1018.5109507499999
5,2,sternberg,447,1,1,image_53,1022.28747975
5,2,sternberg,448,0,0,image_33,1024.81763575
5,2,sternberg,449,5,5,image_999,1024.82763575
5,2,sternberg,450,5,5,image_999,1024.83763575
5,2,sternberg,451,3,3,image_5,1028.63741475
5,2,sternberg,452,4,4,image_45,1031.21800775
5,2,sternberg,453,5,5,image_999,1031.22800775
5,2,sternberg,454,5,5,image_999,1031.23800775
5,2,sternberg,455,4,4,image_45,1034.82038175
5,2,sternberg,456,4,4,image_45,1036.7006617499999
5,2,sternberg,457,2,2,image_47,1037.91731775
5,2,sternberg,458,3,3,image_5,1039.1016917499999
5,2,sternberg,459,3,3,image_5,1042.8701597499999
5,2,sternberg,460,3,3,image_5,1045.01728375
5,2,sternberg,461,4,4,image_45,1046.18384575
5,2,sternberg,462,1,1,image_53,1047.2505637499999
5,2,sternberg,463,0,0,image_33,1050.95343775
5,2,sternberg,464,2,2,image_47,1053.2337177499999
5,2,sternberg,465,3,3,image_5,1054.41712375
5,2,sternberg,466,4,4,image_45,1055.53406075
5,2,sternberg,467,4,4,image_45,1059.28687175
5,2,sternberg,468,1,1,image_53,1061.26702675
5,2,sternberg,469,5,5,image_999,1061.27702675
5,2,sternberg,470,5,5,image_999,1061.28702675
5,2,sternberg,471,4,4,image_45,1064.9364007499998
5,2,sternberg,472,2,2,image_47,1067.65018075
5,2,sternberg,473,0,0,image_33,1068.86689875
5,2,sternberg,474,5,5,image_999,1068.87689875
5,2,sternberg,475,2,2,image_47,1072.6029597499999
5,2,sternberg,476,4,4,image_45,1075.33339675
5,2,sternberg,477,1,1,image_53,1076.4000517499999
5,2,sternberg,478,0,0,image_33,1077.6000207499999
5,2,sternberg,479,2,2,image_47,1081.40289375
5,2,sternberg,480,3,3,image_5,1084.26661175
5,2,sternberg,481,1,1,image_53,1085.3165797499998
5,2,sternberg,482,5,5,image_999,1085.3265797499998
5,2,sternberg,483,3,3,image_5,1088.98645375
5,2,sternberg,484,3,3,image_5,1091.31660875
5,2,sternberg,485,1,1,image_53,1092.50073275
5,2,sternberg,486,0,0,image_33,1093.5997957499999
5,2,sternberg,487,2,2,image_47,1097.33604375
5,2,sternberg,488,1,1,image_53,1100.03304275
5,2,sternberg,489,5,5,image_999,1100.04304275
5,2,sternberg,490,5,5,image_999,1100.05304275
5,2,sternberg,491,1,1,image_53,1103.70325975
5,2,sternberg,492,0,0,image_33,1105.7162907499999
5,2,sternberg,493,5,5,image_999,1105.7262907499999
5,2,sternberg,494,5,5,image_999,1105.7362907499999
5,2,sternberg,495,0,0,image_33,1109.33603875
5,2,sternberg,496,1,1,image_53,1111.16619475
5,2,sternberg,497,3,3,image_5,1112.34947475
5,2,sternberg,498,0,0,image_33,1113.4329747499999
5,2,sternberg,499,3,3,image_5,1117.07506675
5,2,sternberg,500,2,2,image_47,1119.08275375
5,2,sternberg,501,0,0,image_33,1120.18272175
5,2,sternberg,502,5,5,image_999,1120.19272175
5,2,sternberg,503,1,1,image_53,1123.8856577499998
5,2,sternberg,504,2,2,image_47,1126.49928175
5,2,sternberg,505,4,4,image_45,1127.5993127499999
5,2,sternberg,506,3,3,image_5,1128.79934375
5,2,sternberg,507,3,3,image_5,1132.38559175
5,2,sternberg,508,0,0,image_33,1134.48262275
5,2,sternberg,509,5,5,image_999,1134.49262275
5,2,sternberg,510,5,5,image_999,1134.50262275
5,2,sternberg,511,2,2,image_47,1138.08640275
5,2,sternberg,512,2,2,image_47,1139.91571375
5,2,sternberg,513,5,5,image_999,1139.9257137499999
5,2,sternberg,514,5,5,image_999,1139.9357137499999
5,2,sternberg,515,2,2,image_47,1143.67196275
5,2,sternberg,516,4,4,image_45,1146.08230575
5,2,sternberg,517,0,0,image_33,1147.21574275
5,2,sternberg,518,1,1,image_53,1148.34892975
5,2,sternberg,519,2,2,image_47,1152.01842775
5,2,sternberg,520,3,3,image_5,1155.01548975
5,2,sternberg,521,1,1,image_53,1156.04873875
5,2,sternberg,522,2,2,image_47,1157.1654577499999
5,2,sternberg,523,0,0,image_33,1160.91820575
5,2,sternberg,524,2,2,image_47,1163.48220475
5,2,sternberg,525,0,0,image_33,1164.69870375
5,2,sternberg,526,4,4,image_45,1165.76529775
5,2,sternberg,527,4,4,image_45,1169.45192075
5,2,sternberg,528,0,0,image_33,1171.3820457499999
5,2,sternberg,529,3,3,image_5,1172.56526375
5,2,sternberg,530,1,1,image_53,1173.69860675
5,2,sternberg,531,2,2,image_47,1177.33641775
5,2,sternberg,532,3,3,image_5,1179.84857275
5,2,sternberg,533,5,5,image_999,1179.85857275
5,2,sternberg,534,5,5,image_999,1179.8685727499999
5,2,sternberg,535,1,1,image_53,1183.6190407499998
5,2,sternberg,536,0,0,image_33,1185.7817587499999
5,2,sternberg,537,3,3,image_5,1186.83191375
5,2,sternberg,538,4,4,image_45,1187.96500775
5,2,sternberg,539,1,1,image_53,1191.70131875
6,1,screening,0,34,31,image_35,78.5287993054428
6,1,screening,1,43,39,image_44,79.6700783054428
6,1,screening,2,23,21,image_24,80.8955603054428
6,1,screening,3,36,33,image_37,82.09348630544281
6,1,screening,4,37,34,image_38,83.23547230544281
6,1,screening,5,5,5,image_6,87.7008083054428
6,1,screening,6,2,2,image_3,88.89338930544281
6,1,screening,7,16,15,image_17,90.1248003054428
6,1,screening,8,11,10,image_12,91.35796230544281
6,1,screening,9,58,53,image_59,92.5071363054428
6,1,screening,10,32,29,image_33,93.7360903054428
6,1,screening,11,48,44,image_49,100.2949633054428
6,1,screening,12,55,50,image_56,101.4769153054428
6,1,screening,13,35,32,image_36,102.69315130544281
6,1,screening,14,6,6,image_7,103.8433083054428
6,1,screening,15,41,37,image_42,105.0165353054428
6,1,screening,16,45,41,image_46,106.24312330544281
6,1,screening,17,30,27,image_31,110.0466593054428
6,1,screening,18,17,16,image_18,111.27880730544281
6,1,screening,19,44,40,image_45,112.48112730544281
6,1,screening,20,51,46,image_52,116.0879003054428
6,1,screening,21,14,13,image_15,117.3091133054428
6,1,screening,22,50,45,image_51,118.5384653054428
6,1,screening,23,7,7,image_8,119.7426593054428
6,1,screening,24,4,4,image_5,120.9546553054428
6,1,screening,25,52,47,image_53,122.1666203054428
6,1,screening,26,57,52,image_58,123.3416603054428
6,1,screening,27,31,28,image_32,124.54401030544281
6,1,screening,28,22,20,image_23,125.69690130544281
6,1,screening,29,26,24,image_27,126.9037373054428
6,1,screening,30,56,51,image_57,128.0430183054428
6,1,screening,31,40,36,image_41,129.1995963054428
6,1,screening,32,33,30,image_34,130.3364513054428
6,1,screening,33,53,48,image_54,131.4776683054428
6,1,screening,34,28,26,image_29,140.5924153054428
6,1,screening,35,54,49,image_55,141.7970693054428
6,1,screening,36,27,25,image_28,142.9642143054428
6,1,screening,37,46,42,image_47,144.1950413054428
6,1,screening,38,20,18,image_21,145.33321730544282
6,1,screening,39,47,43,image_48,146.5075823054428
6,1,screening,40,15,14,image_16,147.6767233054428
6,1,screening,41,0,0,image_1,148.8905933054428
6,1,screening,42,38,35,image_39,150.1067983054428
6,1,screening,43,24,22,image_25,151.2623313054428
6,1,screening,44,1,1,image_2,152.4463723054428
6,1,screening,45,3,3,image_4,153.6342843054428
6,1,screening,46,18,17,image_19,154.8341763054428
6,1,screening,47,25,23,image_26,156.0420253054428
6,1,screening,48,42,38,image_43,157.2485843054428
6,1,screening,49,13,12,image_14,158.4110293054428
6,1,screening,50,8,8,image_9,159.6143313054428
6,1,screening,51,21,19,image_22,160.8154833054428
6,1,screening,52,10,9,image_11,164.7283203054428
6,1,screening,53,12,11,image_13,165.8801053054428
6,1,screening,54,48,44,image_49,167.0586473054428
6,1,screening,55,41,37,image_42,168.2869863054428
6,1,screening,56,40,36,image_41,169.4567733054428
6,1,screening,57,0,0,image_1,170.6514433054428
6,1,screening,58,45,41,image_46,171.8111853054428
6,1,screening,59,14,13,image_15,173.0223213054428
6,1,screening,60,15,14,image_16,174.1842433054428
6,1,screening,61,51,46,image_52,175.3673323054428
6,1,screening,62,55,50,image_56,178.55508530544282
6,1,screening,63,24,22,image_25,179.7798613054428
6,1,screening,64,5,5,image_6,181.0100433054428
6,1,screening,65,21,19,image_22,182.2008423054428
6,1,screening,66,25,23,image_26,183.3491873054428
6,1,screening,67,18,17,image_19,184.4966713054428
6,1,screening,68,7,7,image_8,185.6579483054428
6,1,screening,69,16,15,image_17,186.8780553054428
6,1,screening,70,57,52,image_58,188.0397313054428
6,1,screening,71,34,31,image_35,189.2567663054428
6,1,screening,72,53,48,image_54,190.4165073054428
6,1,screening,73,50,45,image_51,191.6443853054428
6,1,screening,74,3,3,image_4,192.8159543054428
6,1,screening,75,23,21,image_24,193.9722863054428
6,1,screening,76,28,26,image_29,195.1348233054428
6,1,screening,77,37,34,image_38,196.3306293054428
6,1,screening,78,47,43,image_48,197.4956853054428
6,1,screening,79,27,25,image_28,198.6665473054428
6,1,screening,80,1,1,image_2,199.8792813054428
6,1,screening,81,8,8,image_9,201.0722923054428
6,1,screening,82,54,49,image_55,204.2756813054428
6,1,screening,83,42,38,image_43,205.5116093054428
6,1,screening,84,13,12,image_14,206.6753743054428
6,1,screening,85,32,29,image_33,207.8869713054428
6,1,screening,86,38,35,image_39,209.0982613054428
6,1,screening,87,46,42,image_47,210.2726563054428
6,1,screening,88,31,28,image_32,211.4600143054428
6,1,screening,89,4,4,image_5,212.5993883054428
6,1,screening,90,56,51,image_57,213.7378413054428
6,1,screening,91,26,24,image_27,214.9259683054428
6,1,screening,92,58,53,image_59,216.1375033054428
6,1,screening,93,10,9,image_11,219.2218833054428
6,1,screening,94,6,6,image_7,220.3677393054428
6,1,screening,95,36,33,image_37,221.5588763054428
6,1,screening,96,35,32,image_36,222.7391393054428
6,1,screening,97,43,39,image_44,223.8750413054428
6,1,screening,98,52,47,image_53,225.0433853054428
6,1,screening,99,20,18,image_21,226.1955693054428
6,1,screening,100,30,27,image_31,227.4127263054428
6,1,screening,101,17,16,image_18,228.5809463054428
6,1,screening,102,11,10,image_12,229.7696873054428
6,1,screening,103,33,30,image_34,230.9221793054428
6,1,screening,104,22,20,image_23,232.1185693054428
6,1,screening,105,44,40,image_45,241.4231963054428
6,1,screening,106,12,11,image_13,242.6262223054428
6,1,screening,107,2,2,image_3,243.8290643054428
6,1,screening,108,15,14,image_16,245.0388173054428
6,1,screening,109,47,43,image_48,246.2207393054428
6,1,screening,110,41,37,image_42,247.3647523054428
6,1,screening,111,11,10,image_12,248.5196703054428
6,1,screening,112,3,3,image_4,249.74106630544279
6,1,screening,113,20,18,image_21,250.8916843054428
6,1,screening,114,13,12,image_14,252.1105313054428
6,1,screening,115,56,51,image_57,253.2997023054428
6,1,screening,116,43,39,image_44,254.5361823054428
6,1,screening,117,30,27,image_31,258.3490873054428
6,1,screening,118,34,31,image_35,259.5248953054428
6,1,screening,119,28,26,image_29,260.6619963054428
6,1,screening,120,6,6,image_7,261.8889833054428
6,1,screening,121,26,24,image_27,263.0240873054428
6,1,screening,122,44,40,image_45,264.2371593054428
6,1,screening,123,4,4,image_5,265.4550223054428
6,1,screening,124,42,38,image_43,266.6770333054428
6,1,screening,125,45,41,image_46,267.8219373054428
6,1,screening,126,22,20,image_23,268.9974993054428
6,1,screening,127,27,25,image_28,270.1583163054428
6,1,screening,128,53,48,image_54,271.3757193054428
6,1,screening,129,37,34,image_38,274.8464643054428
6,1,screening,130,55,50,image_56,276.0743123054428
6,1,screening,131,58,53,image_59,277.2207523054428
6,1,screening,132,21,19,image_22,278.3819983054428
6,1,screening,133,40,36,image_41,279.5147063054428
6,1,screening,134,46,42,image_47,282.8543393054428
6,1,screening,135,24,22,image_25,284.0793913054428
6,1,screening,136,12,11,image_13,285.2698223054428
6,1,screening,137,2,2,image_3,288.7050863054428
6,1,screening,138,52,47,image_53,289.8342613054428
6,1,screening,139,51,46,image_52,291.0494523054428
6,1,screening,140,38,35,image_39,292.2476553054428
6,1,screening,141,8,8,image_9,293.4172573054428
6,1,screening,142,33,30,image_34,294.6034493054428
6,1,screening,143,32,29,image_33,295.7802093054428
6,1,screening,144,36,33,image_37,296.9234543054428
6,1,screening,145,0,0,image_1,298.0844553054428
6,1,screening,146,1,1,image_2,299.2331063054428
6,1,screening,147,16,15,image_17,300.3873183054428
6,1,screening,148,57,52,image_58,301.5459233054428
6,1,screening,149,23,21,image_24,302.72001030544277
6,1,screening,150,17,16,image_18,303.8575113054428
6,1,screening,151,7,7,image_8,305.08406830544277
6,1,screening,152,35,32,image_36,308.9108893054428
6,1,screening,153,18,17,image_19,310.0976953054428
6,1,screening,154,31,28,image_32,311.2829953054428
6,1,screening,155,54,49,image_55,312.4483283054428
6,1,screening,156,48,44,image_49,313.6699093054428
6,1,screening,157,25,23,image_26,314.8402793054428
6,1,screening,158,5,5,image_6,315.9806063054428
6,1,screening,159,50,45,image_51,317.1934933054428
6,1,screening,160,14,13,image_15,318.36779530544277
6,1,screening,161,10,9,image_11,319.5298103054428
6,1,screening,162,12,11,image_13,320.7057723054428
6,1,screening,163,13,12,image_14,321.8509213054428
6,1,screening,164,7,7,image_8,322.9997263054428
6,1,screening,165,30,27,image_31,324.22926430544277
6,1,screening,166,2,2,image_3,327.5487133054428
6,1,screening,167,3,3,image_4,328.7445813054428
6,1,screening,168,14,13,image_15,329.8861983054428
6,1,screening,169,25,23,image_26,331.0414243054428
6,1,screening,170,23,21,image_24,334.4992053054428
6,1,screening,171,58,53,image_59,335.7182673054428
6,1,screening,172,53,48,image_54,336.8553993054428
6,1,screening,173,56,51,image_57,337.9960013054428
6,1,screening,174,8,8,image_9,339.1404143054428
6,1,screening,175,0,0,image_1,340.3400913054428
6,1,screening,176,21,19,image_22,341.5411823054428
6,1,screening,177,54,49,image_55,342.74085930544277
6,1,screening,178,36,33,image_37,343.92259630544277
6,1,screening,179,46,42,image_47,345.1094333054428
6,1,screening,180,10,9,image_11,346.2748883054428
6,1,screening,181,26,24,image_27,347.4804333054428
6,1,screening,182,43,39,image_44,348.6339073054428
6,1,screening,183,1,1,image_2,349.8388073054428
6,1,screening,184,34,31,image_35,350.9903463054428
6,1,screening,185,35,32,image_36,352.1606563054428
6,1,screening,186,18,17,image_19,353.3572003054428
6,1,screening,187,55,50,image_56,354.5621923054428
6,1,screening,188,33,30,image_34,355.7012893054428
6,1,screening,189,37,34,image_38,356.9281233054428
6,1,screening,190,38,35,image_39,358.1415323054428
6,1,screening,191,45,41,image_46,359.3264333054428
6,1,screening,192,20,18,image_21,360.5001833054428
6,1,screening,193,50,45,image_51,361.6801693054428
6,1,screening,194,6,6,image_7,362.8405563054428
6,1,screening,195,52,47,image_53,364.0261333054428
6,1,screening,196,51,46,image_52,365.2136143054428
6,1,screening,197,27,25,image_28,366.4311093054428
6,1,screening,198,42,38,image_43,367.6411393054428
6,1,screening,199,17,16,image_18,368.8390043054428
6,1,screening,200,15,14,image_16,370.0095593054428
6,1,screening,201,24,22,image_25,374.0485023054428
6,1,screening,202,16,15,image_17,375.2313453054428
6,1,screening,203,22,20,image_23,376.4019613054428
6,1,screening,204,32,29,image_33,377.6386873054428
6,1,screening,205,28,26,image_29,378.8607593054428
6,1,screening,206,41,37,image_42,380.0506063054428
6,1,screening,207,44,40,image_45,381.2485633054428
6,1,screening,208,40,36,image_41,382.4435713054428
6,1,screening,209,11,10,image_12,383.5987973054428
6,1,screening,210,57,52,image_58,384.76357730544277
6,1,screening,211,48,44,image_49,388.1605633054428
6,1,screening,212,31,28,image_32,389.3208583054428
6,1,screening,213,47,43,image_48,390.5418863054428
6,1,screening,214,4,4,image_5,391.6976643054428
6,1,screening,215,5,5,image_6,392.8518763054428
6,1,screening,216,30,27,image_31,394.0056273054428
6,1,screening,217,48,44,image_49,395.16410930544276
6,1,screening,218,26,24,image_27,396.3432353054428
6,1,screening,219,53,48,image_54,397.5118543054428
6,1,screening,220,12,11,image_13,398.7394253054428
6,1,screening,221,21,19,image_22,399.91885830544277
6,1,screening,222,57,52,image_58,401.0733163054428
6,1,screening,223,1,1,image_2,402.3002423054428
6,1,screening,224,7,7,image_8,403.5346643054428
6,1,screening,225,20,18,image_21,404.7138823054428
6,1,screening,226,0,0,image_1,408.9423983054428
6,1,screening,227,2,2,image_3,410.1062563054428
6,1,screening,228,41,37,image_42,411.2823713054428
6,1,screening,229,35,32,image_36,412.47870030544277
6,1,screening,230,13,12,image_14,413.6411753054428
6,1,screening,231,54,49,image_55,414.83796530544276
6,1,screening,232,16,15,image_17,416.0455073054428
6,1,screening,233,27,25,image_28,417.20067130544277
6,1,screening,234,22,20,image_23,418.3420423054428
6,1,screening,235,4,4,image_5,419.5074053054428
6,1,screening,236,23,21,image_24,420.6752263054428
6,1,screening,237,55,50,image_56,421.8536143054428
6,1,screening,238,46,42,image_47,425.7087593054428
6,1,screening,239,45,41,image_46,426.85507630544276
6,1,screening,240,14,13,image_15,428.0168453054428
6,1,screening,241,24,22,image_25,429.23194430544277
6,1,screening,242,6,6,image_7,430.3685223054428
6,1,screening,243,3,3,image_4,431.5965243054428
6,1,screening,244,11,10,image_12,432.8038503054428
6,1,screening,245,36,33,image_37,433.9842973054428
6,1,screening,246,33,30,image_34,435.1718713054428
6,1,screening,247,42,38,image_43,436.3298923054428
6,1,screening,248,25,23,image_26,437.51150630544277
6,1,screening,249,40,36,image_41,438.74153530544277
6,1,screening,250,38,35,image_39,439.9321813054428
6,1,screening,251,34,31,image_35,441.1205843054428
6,1,screening,252,15,14,image_16,442.2793123054428
6,1,screening,253,17,16,image_18,443.4619093054428
6,1,screening,254,43,39,image_44,444.6530463054428
6,1,screening,255,44,40,image_45,445.8514023054428
6,1,screening,256,56,51,image_57,447.02134330544277
6,1,screening,257,18,17,image_19,448.1903623054428
6,1,screening,258,58,53,image_59,449.4210053054428
6,1,screening,259,32,29,image_33,450.5585673054428
6,1,screening,260,52,47,image_53,451.7819603054428
6,1,screening,261,28,26,image_29,453.0067053054428
6,1,screening,262,50,45,image_51,454.2202683054428
6,1,screening,263,8,8,image_9,455.3613623054428
6,1,screening,264,51,46,image_52,456.5227323054428
6,1,screening,265,5,5,image_6,457.6932253054428
6,1,screening,266,31,28,image_32,458.8972343054428
6,1,screening,267,37,34,image_38,460.0455783054428
6,1,screening,268,10,9,image_11,461.2549943054428
6,1,screening,269,47,43,image_48,462.4012803054428
6,1,screening,270,25,23,image_26,463.6037533054428
6,1,screening,271,11,10,image_12,464.7820493054428
6,1,screening,272,35,32,image_36,465.9955823054428
6,1,screening,273,33,30,image_34,467.2025093054428
6,1,screening,274,36,33,image_37,468.4341973054428
6,1,screening,275,53,48,image_54,469.6605393054428
6,1,screening,276,38,35,image_39,470.8307253054428
6,1,screening,277,0,0,image_1,472.0375913054428
6,1,screening,278,54,49,image_55,473.1918953054428
6,1,screening,279,43,39,image_44,474.3242043054428
6,1,screening,280,27,25,image_28,475.5311313054428
6,1,screening,281,55,50,image_56,476.7166163054428
6,1,screening,282,22,20,image_23,477.89328430544276
6,1,screening,283,10,9,image_11,481.3372113054428
6,1,screening,284,23,21,image_24,482.5341243054428
6,1,screening,285,7,7,image_8,483.7326033054428
6,1,screening,286,56,51,image_57,484.9539693054428
6,1,screening,287,51,46,image_52,486.1694063054428
6,1,screening,288,50,45,image_51,487.3618643054428
6,1,screening,289,32,29,image_33,488.51220530544276
6,1,screening,290,14,13,image_15,489.66982730544277
6,1,screening,291,26,24,image_27,490.8941423054428
6,1,screening,292,2,2,image_3,492.02469930544277
6,1,screening,293,13,12,image_14,493.2071733054428
6,1,screening,294,31,28,image_32,496.6337743054428
6,1,screening,295,45,41,image_46,497.86847330544276
6,1,screening,296,37,34,image_38,499.07607630544277
6,1,screening,297,21,19,image_22,500.2624213054428
6,1,screening,298,16,15,image_17,501.4416693054428
6,1,screening,299,17,16,image_18,502.5805833054428
6,1,screening,300,47,43,image_48,503.7816733054428
6,1,screening,301,1,1,image_2,504.9209243054428
6,1,screening,302,44,40,image_45,506.0614043054428
6,1,screening,303,34,31,image_35,507.2358913054428
6,1,screening,304,8,8,image_9,508.3730843054428
6,1,screening,305,30,27,image_31,509.5907643054428
6,1,screening,306,4,4,image_5,510.8041123054428
6,1,screening,307,42,38,image_43,512.0119613054428
6,1,screening,308,12,11,image_13,513.1620563054428
6,1,screening,309,3,3,image_4,514.3637613054428
6,1,screening,310,48,44,image_49,518.0205773054428
6,1,screening,311,58,53,image_59,519.2557673054428
6,1,screening,312,20,18,image_21,520.4560283054428
6,1,screening,313,41,37,image_42,521.6704513054428
6,1,screening,314,40,36,image_41,522.8523423054428
6,1,screening,315,52,47,image_53,524.0313453054428
6,1,screening,316,57,52,image_58,525.2485633054428
6,1,screening,317,18,17,image_19,526.3926683054428
6,1,screening,318,24,22,image_25,527.5438703054427
6,1,screening,319,6,6,image_7,528.6967303054428
6,1,screening,320,5,5,image_6,529.8716163054428
6,1,screening,321,15,14,image_16,531.0831213054428
6,1,screening,322,46,42,image_47,532.2993563054428
6,1,screening,323,28,26,image_29,535.5727263054428
6,2,sternberg,0,3,3,image_39,1.189571
6,2,sternberg,1,2,2,image_21,2.229197
6,2,sternberg,2,5,5,image_999,2.239197
6,2,sternberg,3,4,4,image_49,5.826447
6,2,sternberg,4,2,2,image_21,8.074383
6,2,sternberg,5,4,4,image_49,9.24884
6,2,sternberg,6,5,5,image_999,9.25884
6,2,sternberg,7,2,2,image_21,12.920648
6,2,sternberg,8,0,0,image_15,14.648432999999999
6,2,sternberg,9,1,1,image_16,15.710607
6,2,sternberg,10,5,5,image_999,15.720607
6,2,sternberg,11,2,2,image_21,19.425485
6,2,sternberg,12,3,3,image_39,21.554043
6,2,sternberg,13,5,5,image_999,21.564043
6,2,sternberg,14,5,5,image_999,21.574043000000003
6,2,sternberg,15,3,3,image_39,25.265234
6,2,sternberg,16,1,1,image_16,30.954300999999997
6,2,sternberg,17,5,5,image_999,30.964301
6,2,sternberg,18,5,5,image_999,30.974301
6,2,sternberg,19,1,1,image_16,34.720481
6,2,sternberg,20,0,0,image_15,40.184556
6,2,sternberg,21,2,2,image_21,41.212662
6,2,sternberg,22,4,4,image_49,42.240553
6,2,sternberg,23,3,3,image_39,45.963387
6,2,sternberg,24,3,3,image_39,48.073667
6,2,sternberg,25,4,4,image_49,49.199093999999995
6,2,sternberg,26,0,0,image_15,50.304399
6,2,sternberg,27,3,3,image_39,53.900451999999994
6,2,sternberg,28,1,1,image_16,59.058308999999994
6,2,sternberg,29,2,2,image_21,60.133171
6,2,sternberg,30,3,3,image_39,61.252146999999994
6,2,sternberg,31,4,4,image_49,64.888781
6,2,sternberg,32,3,3,image_39,69.804964
6,2,sternberg,33,4,4,image_49,70.954813
6,2,sternberg,34,0,0,image_15,72.11646
6,2,sternberg,35,2,2,image_21,75.75988199999999
6,2,sternberg,36,1,1,image_16,78.886472
6,2,sternberg,37,5,5,image_999,78.896472
6,2,sternberg,38,5,5,image_999,78.90647200000001
6,2,sternberg,39,1,1,image_16,82.542981
6,2,sternberg,40,4,4,image_49,84.274452
6,2,sternberg,41,1,1,image_16,85.30274299999999
6,2,sternberg,42,5,5,image_999,85.312743
6,2,sternberg,43,4,4,image_49,88.942234
6,2,sternberg,44,1,1,image_16,90.676593
6,2,sternberg,45,5,5,image_999,90.686593
6,2,sternberg,46,5,5,image_999,90.69659300000001
6,2,sternberg,47,2,2,image_21,94.45711899999999
6,2,sternberg,48,4,4,image_49,97.566075
6,2,sternberg,49,2,2,image_21,98.657618
6,2,sternberg,50,3,3,image_39,99.722926
6,2,sternberg,51,2,2,image_21,103.47141099999999
6,2,sternberg,52,2,2,image_21,104.8269
6,2,sternberg,53,3,3,image_39,105.89269999999999
6,2,sternberg,54,0,0,image_15,106.934108
6,2,sternberg,55,4,4,image_49,110.587116
6,2,sternberg,56,2,2,image_21,111.96499999999999
6,2,sternberg,57,3,3,image_39,113.006868
6,2,sternberg,58,5,5,image_999,113.016868
6,2,sternberg,59,4,4,image_49,116.785029
6,2,sternberg,60,2,2,image_21,118.73504299999999
6,2,sternberg,61,1,1,image_16,119.827384
6,2,sternberg,62,3,3,image_39,120.856719
6,2,sternberg,63,0,0,image_15,124.46017499999999
6,2,sternberg,64,1,1,image_16,126.27228699999999
6,2,sternberg,65,5,5,image_999,126.282287
6,2,sternberg,66,5,5,image_999,126.292287
6,2,sternberg,67,3,3,image_39,129.898168
6,2,sternberg,68,0,0,image_15,134.548623
6,2,sternberg,69,3,3,image_39,135.660503
6,2,sternberg,70,5,5,image_999,135.670503
6,2,sternberg,71,3,3,image_39,139.332588
6,2,sternberg,72,3,3,image_39,141.181256
6,2,sternberg,73,5,5,image_999,141.19125599999998
6,2,sternberg,74,5,5,image_999,141.20125599999997
6,2,sternberg,75,0,0,image_15,144.824187
6,2,sternberg,76,4,4,image_49,151.0323
6,2,sternberg,77,1,1,image_16,152.124611
6,2,sternberg,78,0,0,image_15,153.15582
6,2,sternberg,79,2,2,image_21,156.82243599999998
6,2,sternberg,80,2,2,image_21,158.21313
6,2,sternberg,81,1,1,image_16,159.240468
6,2,sternberg,82,5,5,image_999,159.25046799999998
6,2,sternberg,83,0,0,image_15,162.864445
6,2,sternberg,84,2,2,image_21,164.653824
6,2,sternberg,85,4,4,image_49,165.681224
6,2,sternberg,86,5,5,image_999,165.69122399999998
6,2,sternberg,87,4,4,image_49,169.31841
6,2,sternberg,88,0,0,image_15,171.23702799999998
6,2,sternberg,89,5,5,image_999,171.24702799999997
6,2,sternberg,90,5,5,image_999,171.25702799999996
6,2,sternberg,91,2,2,image_21,174.924657
6,2,sternberg,92,1,1,image_16,178.192835
6,2,sternberg,93,5,5,image_999,178.202835
6,2,sternberg,94,5,5,image_999,178.21283499999998
6,2,sternberg,95,0,0,image_15,181.842401
6,2,sternberg,96,2,2,image_21,183.888384
6,2,sternberg,97,5,5,image_999,183.898384
6,2,sternberg,98,5,5,image_999,183.90838399999998
6,2,sternberg,99,1,1,image_16,187.631647
6,2,sternberg,100,4,4,image_49,190.37779999999998
6,2,sternberg,101,2,2,image_21,191.54602
6,2,sternberg,102,0,0,image_15,192.655227
6,2,sternberg,103,1,1,image_16,196.330691
6,2,sternberg,104,0,0,image_15,198.205624
6,2,sternberg,105,2,2,image_21,199.32112899999998
6,2,sternberg,106,1,1,image_16,200.496445
6,2,sternberg,107,4,4,image_49,204.262994
6,2,sternberg,108,4,4,image_49,206.067118
6,2,sternberg,109,5,5,image_999,206.07711799999998
6,2,sternberg,110,5,5,image_999,206.08711799999998
6,2,sternberg,111,4,4,image_49,209.748326
6,2,sternberg,112,4,4,image_49,212.96907299999998
6,2,sternberg,113,5,5,image_999,212.97907299999997
6,2,sternberg,114,5,5,image_999,212.98907299999996
6,2,sternberg,115,4,4,image_49,216.684718
6,2,sternberg,116,3,3,image_39,218.830141
6,2,sternberg,117,0,0,image_15,219.902884
6,2,sternberg,118,5,5,image_999,219.912884
6,2,sternberg,119,0,0,image_15,223.563264
6,2,sternberg,120,3,3,image_39,226.435461
6,2,sternberg,121,2,2,image_21,227.498281
6,2,sternberg,122,5,5,image_999,227.50828099999998
6,2,sternberg,123,4,4,image_49,231.09500899999998
6,2,sternberg,124,0,0,image_15,232.979466
6,2,sternberg,125,2,2,image_21,234.17607199999998
6,2,sternberg,126,1,1,image_16,235.274373
6,2,sternberg,127,1,1,image_16,238.944154
6,2,sternberg,128,4,4,image_49,240.469402
6,2,sternberg,129,2,2,image_21,241.50383599999998
6,2,sternberg,130,0,0,image_15,242.56705499999998
6,2,sternberg,131,1,1,image_16,246.251919
6,2,sternberg,132,2,2,image_21,247.855135
6,2,sternberg,133,3,3,image_39,249.01146599999998
6,2,sternberg,134,4,4,image_49,250.068357
6,2,sternberg,135,0,0,image_15,253.66102999999998
6,2,sternberg,136,3,3,image_39,255.716352
6,2,sternberg,137,1,1,image_16,256.82964499999997
6,2,sternberg,138,0,0,image_15,257.859287
6,2,sternberg,139,1,1,image_16,261.534812
6,2,sternberg,140,4,4,image_49,263.584389
6,2,sternberg,141,5,5,image_999,263.594389
6,2,sternberg,142,5,5,image_999,263.60438899999997
6,2,sternberg,143,4,4,image_49,267.32246
6,2,sternberg,144,3,3,image_39,269.409577
6,2,sternberg,145,5,5,image_999,269.419577
6,2,sternberg,146,5,5,image_999,269.429577
6,2,sternberg,147,3,3,image_39,273.138555
6,2,sternberg,148,0,0,image_15,275.427686
6,2,sternberg,149,1,1,image_16,276.486543
6,2,sternberg,150,4,4,image_49,277.596211
6,2,sternberg,151,2,2,image_21,281.33176299999997
6,2,sternberg,152,1,1,image_16,283.49995
6,2,sternberg,153,4,4,image_49,284.709335
6,2,sternberg,154,5,5,image_999,284.719335
6,2,sternberg,155,4,4,image_49,288.356106
6,2,sternberg,156,1,1,image_16,290.603028
6,2,sternberg,157,5,5,image_999,290.613028
6,2,sternberg,158,5,5,image_999,290.623028
6,2,sternberg,159,1,1,image_16,294.188083
6,2,sternberg,160,0,0,image_15,296.621599
6,2,sternberg,161,2,2,image_21,297.661379
6,2,sternberg,162,4,4,image_49,298.817864
6,2,sternberg,163,0,0,image_15,302.448108
6,2,sternberg,164,2,2,image_21,304.297728
6,2,sternberg,165,3,3,image_39,305.45448999999996
6,2,sternberg,166,5,5,image_999,305.46448999999996
6,2,sternberg,167,2,2,image_21,309.267364
6,2,sternberg,168,0,0,image_15,311.010816
6,2,sternberg,169,2,2,image_21,312.062454
6,2,sternberg,170,5,5,image_999,312.072454
6,2,sternberg,171,1,1,image_16,315.690762
6,2,sternberg,172,0,0,image_15,317.63217399999996
6,2,sternberg,173,4,4,image_49,318.82493999999997
6,2,sternberg,174,5,5,image_999,318.83493999999996
6,2,sternberg,175,3,3,image_39,322.552535
6,2,sternberg,176,1,1,image_16,324.714885
6,2,sternberg,177,5,5,image_999,324.724885
6,2,sternberg,178,5,5,image_999,324.73488499999996
6,2,sternberg,179,2,2,image_21,328.392346
6,2,sternberg,180,0,0,image_15,330.757048
6,2,sternberg,181,5,5,image_999,330.767048
6,2,sternberg,182,5,5,image_999,330.777048
6,2,sternberg,183,3,3,image_39,334.359521
6,2,sternberg,184,4,4,image_49,337.168865
6,2,sternberg,185,5,5,image_999,337.178865
6,2,sternberg,186,5,5,image_999,337.18886499999996
6,2,sternberg,187,4,4,image_49,340.904264
6,2,sternberg,188,3,3,image_39,342.788137
6,2,sternberg,189,4,4,image_49,343.936666
6,2,sternberg,190,2,2,image_21,344.964956
6,2,sternberg,191,4,4,image_49,348.576645
6,2,sternberg,192,1,1,image_16,351.426632
6,2,sternberg,193,3,3,image_39,352.603392
6,2,sternberg,194,5,5,image_999,352.613392
6,2,sternberg,195,3,3,image_39,356.301036
6,2,sternberg,196,2,2,image_21,358.2238
6,2,sternberg,197,5,5,image_999,358.2338
6,2,sternberg,198,5,5,image_999,358.24379999999996
6,2,sternberg,199,3,3,image_39,362.027766
6,2,sternberg,200,0,0,image_15,364.524411
6,2,sternberg,201,3,3,image_39,365.624033
6,2,sternberg,202,1,1,image_16,366.801254
6,2,sternberg,203,2,2,image_21,370.375188
6,2,sternberg,204,4,4,image_49,372.919972
6,2,sternberg,205,1,1,image_16,374.098821
6,2,sternberg,206,0,0,image_15,375.27106599999996
6,2,sternberg,207,3,3,image_39,378.865275
6,2,sternberg,208,2,2,image_21,381.444557
6,2,sternberg,209,4,4,image_49,382.588232
6,2,sternberg,210,5,5,image_999,382.598232
6,2,sternberg,211,2,2,image_21,386.286275
6,2,sternberg,212,3,3,image_39,387.87121199999996
6,2,sternberg,213,4,4,image_49,389.080136
6,2,sternberg,214,0,0,image_15,390.125998
6,2,sternberg,215,1,1,image_16,393.727396
6,2,sternberg,216,3,3,image_39,456.720353
6,2,sternberg,217,5,5,image_999,456.730353
6,2,sternberg,218,5,5,image_999,456.74035299999997
6,2,sternberg,219,3,3,image_39,460.422513
6,2,sternberg,220,2,2,image_21,462.58179099999995
6,2,sternberg,221,5,5,image_999,462.59179099999994
6,2,sternberg,222,5,5,image_999,462.60179099999993
6,2,sternberg,223,2,2,image_21,466.298819
6,2,sternberg,224,3,3,image_39,468.66072599999995
6,2,sternberg,225,5,5,image_999,468.67072599999995
6,2,sternberg,226,5,5,image_999,468.68072599999994
6,2,sternberg,227,0,0,image_15,472.43394
6,2,sternberg,228,4,4,image_49,474.268262
6,2,sternberg,229,1,1,image_16,475.421245
6,2,sternberg,230,5,5,image_999,475.431245
6,2,sternberg,231,0,0,image_15,479.14739699999996
6,2,sternberg,232,4,4,image_49,481.981594
6,2,sternberg,233,5,5,image_999,481.99159399999996
6,2,sternberg,234,5,5,image_999,482.00159399999995
6,2,sternberg,235,1,1,image_16,485.572792
6,2,sternberg,236,1,1,image_16,488.260086
6,2,sternberg,237,2,2,image_21,489.28745499999997
6,2,sternberg,238,0,0,image_15,490.411561
6,2,sternberg,239,0,0,image_15,494.196603
6,2,sternberg,240,4,4,image_49,496.49919
6,2,sternberg,241,5,5,image_999,496.50919
6,2,sternberg,242,5,5,image_999,496.51919
6,2,sternberg,243,1,1,image_16,500.229427
6,2,sternberg,244,0,0,image_15,503.08635599999997
6,2,sternberg,245,5,5,image_999,503.09635599999996
6,2,sternberg,246,5,5,image_999,503.10635599999995
6,2,sternberg,247,0,0,image_15,506.79456799999997
6,2,sternberg,248,1,1,image_16,508.962386
6,2,sternberg,249,4,4,image_49,510.070764
6,2,sternberg,250,5,5,image_999,510.080764
6,2,sternberg,251,4,4,image_49,513.69686
6,2,sternberg,252,3,3,image_39,515.779891
6,2,sternberg,253,4,4,image_49,516.908421
6,2,sternberg,254,2,2,image_21,517.9709339999999
6,2,sternberg,255,2,2,image_21,521.6301159999999
6,2,sternberg,256,2,2,image_21,523.747
6,2,sternberg,257,5,5,image_999,523.757
6,2,sternberg,258,5,5,image_999,523.7669999999999
6,2,sternberg,259,0,0,image_15,527.5591069999999
6,2,sternberg,260,3,3,image_39,530.221087
6,2,sternberg,261,5,5,image_999,530.231087
6,2,sternberg,262,5,5,image_999,530.241087
6,2,sternberg,263,2,2,image_21,533.8643559999999
6,2,sternberg,264,3,3,image_39,536.437985
6,2,sternberg,265,0,0,image_15,537.5100209999999
6,2,sternberg,266,5,5,image_999,537.5200209999999
6,2,sternberg,267,2,2,image_21,541.1691109999999
6,2,sternberg,268,0,0,image_15,543.464172
6,2,sternberg,269,1,1,image_16,544.508498
6,2,sternberg,270,3,3,image_39,545.5572169999999
6,2,sternberg,271,4,4,image_49,549.1922529999999
6,2,sternberg,272,3,3,image_39,551.265976
6,2,sternberg,273,4,4,image_49,552.417454
6,2,sternberg,274,2,2,image_21,553.569085
6,2,sternberg,275,0,0,image_15,557.243197
6,2,sternberg,276,1,1,image_16,559.5453239999999
6,2,sternberg,277,5,5,image_999,559.5553239999999
6,2,sternberg,278,5,5,image_999,559.5653239999999
6,2,sternberg,279,4,4,image_49,563.2565149999999
6,2,sternberg,280,0,0,image_15,566.134548
6,2,sternberg,281,1,1,image_16,567.289989
6,2,sternberg,282,4,4,image_49,568.49538
6,2,sternberg,283,1,1,image_16,572.176466
6,2,sternberg,284,2,2,image_21,574.070876
6,2,sternberg,285,5,5,image_999,574.080876
6,2,sternberg,286,5,5,image_999,574.090876
6,2,sternberg,287,0,0,image_15,577.810944
6,2,sternberg,288,3,3,image_39,580.236288
6,2,sternberg,289,5,5,image_999,580.2462879999999
6,2,sternberg,290,5,5,image_999,580.2562879999999
6,2,sternberg,291,3,3,image_39,583.832556
6,2,sternberg,292,4,4,image_49,586.1048519999999
6,2,sternberg,293,3,3,image_39,587.209421
6,2,sternberg,294,0,0,image_15,588.396718
6,2,sternberg,295,4,4,image_49,592.138322
6,2,sternberg,296,1,1,image_16,594.598318
6,2,sternberg,297,0,0,image_15,595.65865
6,2,sternberg,298,5,5,image_999,595.66865
6,2,sternberg,299,1,1,image_16,599.366093
6,2,sternberg,300,2,2,image_21,601.579438
6,2,sternberg,301,1,1,image_16,602.606776
6,2,sternberg,302,4,4,image_49,603.66846
6,2,sternberg,303,2,2,image_21,607.3185179999999
6,2,sternberg,304,2,2,image_21,609.820262
6,2,sternberg,305,5,5,image_999,609.830262
6,2,sternberg,306,5,5,image_999,609.8402619999999
6,2,sternberg,307,2,2,image_21,613.575752
6,2,sternberg,308,1,1,image_16,615.769897
6,2,sternberg,309,3,3,image_39,616.860518
6,2,sternberg,310,0,0,image_15,618.0557719999999
6,2,sternberg,311,1,1,image_16,621.661532
6,2,sternberg,312,1,1,image_16,623.3490429999999
6,2,sternberg,313,5,5,image_999,623.3590429999999
6,2,sternberg,314,5,5,image_999,623.3690429999999
6,2,sternberg,315,1,1,image_16,627.0725219999999
6,2,sternberg,316,0,0,image_15,629.522196
6,2,sternberg,317,5,5,image_999,629.532196
6,2,sternberg,318,5,5,image_999,629.542196
6,2,sternberg,319,4,4,image_49,633.09825
6,2,sternberg,320,1,1,image_16,636.219156
6,2,sternberg,321,4,4,image_49,637.2620079999999
6,2,sternberg,322,2,2,image_21,638.342799
6,2,sternberg,323,4,4,image_49,642.027786
6,2,sternberg,324,3,3,image_39,644.294554
6,2,sternberg,325,2,2,image_21,645.490084
6,2,sternberg,326,1,1,image_16,646.555361
6,2,sternberg,327,0,0,image_15,650.2667369999999
6,2,sternberg,328,0,0,image_15,652.3190169999999
6,2,sternberg,329,2,2,image_21,653.446502
6,2,sternberg,330,5,5,image_999,653.456502
6,2,sternberg,331,1,1,image_16,657.1807329999999
6,2,sternberg,332,0,0,image_15,659.1904969999999
6,2,sternberg,333,4,4,image_49,660.33236
6,2,sternberg,334,5,5,image_999,660.34236
6,2,sternberg,335,0,0,image_15,664.0751
6,2,sternberg,336,0,0,image_15,666.807613
6,2,sternberg,337,5,5,image_999,666.8176129999999
6,2,sternberg,338,5,5,image_999,666.8276129999999
6,2,sternberg,339,0,0,image_15,670.508728
6,2,sternberg,340,2,2,image_21,672.770028
6,2,sternberg,341,0,0,image_15,673.87223
6,2,sternberg,342,5,5,image_999,673.8822299999999
6,2,sternberg,343,2,2,image_21,677.5739599999999
6,2,sternberg,344,1,1,image_16,679.800422
6,2,sternberg,345,5,5,image_999,679.810422
6,2,sternberg,346,5,5,image_999,679.820422
6,2,sternberg,347,1,1,image_16,683.5178189999999
6,2,sternberg,348,3,3,image_39,685.7475989999999
6,2,sternberg,349,0,0,image_15,686.81088
6,2,sternberg,350,5,5,image_999,686.82088
6,2,sternberg,351,2,2,image_21,690.524467
6,2,sternberg,352,0,0,image_15,692.88149
6,2,sternberg,353,2,2,image_21,693.946767
6,2,sternberg,354,1,1,image_16,695.022121
6,2,sternberg,355,2,2,image_21,698.681518
6,2,sternberg,356,3,3,image_39,700.717148
6,2,sternberg,357,4,4,image_49,701.856676
6,2,sternberg,358,5,5,image_999,701.866676
6,2,sternberg,359,4,4,image_49,705.572383
6,2,sternberg,360,4,4,image_49,708.085647
6,2,sternberg,361,3,3,image_39,709.2033329999999
6,2,sternberg,362,5,5,image_999,709.2133329999999
6,2,sternberg,363,3,3,image_39,712.960297
6,2,sternberg,364,3,3,image_39,715.0766279999999
6,2,sternberg,365,2,2,image_21,716.103813
6,2,sternberg,366,5,5,image_999,716.1138129999999
6,2,sternberg,367,3,3,image_39,719.7735319999999
6,2,sternberg,368,0,0,image_15,721.823355
6,2,sternberg,369,1,1,image_16,722.960794
6,2,sternberg,370,5,5,image_999,722.970794
6,2,sternberg,371,0,0,image_15,726.751549
6,2,sternberg,372,2,2,image_21,728.58366
6,2,sternberg,373,0,0,image_15,729.622886
6,2,sternberg,374,5,5,image_999,729.632886
6,2,sternberg,375,3,3,image_39,733.31116
6,2,sternberg,376,4,4,image_49,735.396495
6,2,sternberg,377,3,3,image_39,736.582441
6,2,sternberg,378,2,2,image_21,737.690849
6,2,sternberg,379,4,4,image_49,741.3826869999999
6,2,sternberg,380,4,4,image_49,743.4342909999999
6,2,sternberg,381,3,3,image_39,744.526295
6,2,sternberg,382,5,5,image_999,744.536295
6,2,sternberg,383,0,0,image_15,748.15958
6,2,sternberg,384,2,2,image_21,750.083666
6,2,sternberg,385,0,0,image_15,751.245896
6,2,sternberg,386,1,1,image_16,752.306258
6,2,sternberg,387,1,1,image_16,756.002488
6,2,sternberg,388,3,3,image_39,758.0080439999999
6,2,sternberg,389,1,1,image_16,759.098296
6,2,sternberg,390,5,5,image_999,759.108296
6,2,sternberg,391,2,2,image_21,762.847857
6,2,sternberg,392,0,0,image_15,764.8797079999999
6,2,sternberg,393,5,5,image_999,764.8897079999999
6,2,sternberg,394,5,5,image_999,764.8997079999999
6,2,sternberg,395,0,0,image_15,768.532347
6,2,sternberg,396,3,3,image_39,770.559529
6,2,sternberg,397,5,5,image_999,770.569529
6,2,sternberg,398,5,5,image_999,770.579529
6,2,sternberg,399,4,4,image_49,774.3042049999999
6,2,sternberg,400,2,2,image_21,777.0237539999999
6,2,sternberg,401,0,0,image_15,778.189087
6,2,sternberg,402,5,5,image_999,778.199087
6,2,sternberg,403,3,3,image_39,781.89312
6,2,sternberg,404,4,4,image_49,785.043948
6,2,sternberg,405,1,1,image_16,786.099333
6,2,sternberg,406,5,5,image_999,786.109333
6,2,sternberg,407,1,1,image_16,789.895619
6,2,sternberg,408,3,3,image_39,791.849165
6,2,sternberg,409,2,2,image_21,792.9486029999999
6,2,sternberg,410,4,4,image_49,794.127206
6,2,sternberg,411,4,4,image_49,797.8346799999999
6,2,sternberg,412,1,1,image_16,800.302971
6,2,sternberg,413,3,3,image_39,801.4188439999999
6,2,sternberg,414,4,4,image_49,802.607309
6,2,sternberg,415,4,4,image_49,806.283694
6,2,sternberg,416,2,2,image_21,808.403098
6,2,sternberg,417,1,1,image_16,809.5642829999999
6,2,sternberg,418,5,5,image_999,809.5742829999999
6,2,sternberg,419,4,4,image_49,813.35169
6,2,sternberg,420,3,3,image_39,815.4614779999999
6,2,sternberg,421,0,0,image_15,816.491182
6,2,sternberg,422,5,5,image_999,816.501182
6,2,sternberg,423,2,2,image_21,820.0666209999999
6,2,sternberg,424,1,1,image_16,822.32706
6,2,sternberg,425,3,3,image_39,823.377807
6,2,sternberg,426,4,4,image_49,824.489165
6,2,sternberg,427,0,0,image_15,828.066232
6,2,sternberg,428,4,4,image_49,830.060022
6,2,sternberg,429,1,1,image_16,831.257272
6,2,sternberg,430,5,5,image_999,831.2672719999999
6,2,sternberg,431,2,2,image_21,834.997402
7,1,screening,0,34,31,image_35,8.505446625015258
7,1,screening,1,43,39,image_44,9.655879625015258
7,1,screening,2,23,21,image_24,10.882928625015259
7,1,screening,3,36,33,image_37,12.081223625015259
7,1,screening,4,37,34,image_38,13.223823625015259
7,1,screening,5,5,5,image_6,19.665131625015256
7,1,screening,6,2,2,image_3,20.857743625015257
7,1,screening,7,16,15,image_17,22.089246625015257
7,1,screening,8,11,10,image_12,23.321794625015258
7,1,screening,9,58,53,image_59,24.473057625015258
7,1,screening,10,32,29,image_33,25.703577625015257
7,1,screening,11,48,44,image_49,30.206300625015256
7,1,screening,12,55,50,image_56,31.391139625015256
7,1,screening,13,35,32,image_36,32.60547062501526
7,1,screening,14,6,6,image_7,33.74650362501526
7,1,screening,15,41,37,image_42,34.916136625015255
7,1,screening,16,45,41,image_46,36.143523625015256
7,1,screening,17,30,27,image_31,38.990499625015254
7,1,screening,18,17,16,image_18,40.22148062501525
7,1,screening,19,44,40,image_45,41.421404625015256
7,1,screening,20,51,46,image_52,44.63090662501526
7,1,screening,21,14,13,image_15,45.832796625015256
7,1,screening,22,50,45,image_51,47.04064562501526
7,1,screening,23,7,7,image_8,48.22594562501526
7,1,screening,24,4,4,image_5,49.43490062501526
7,1,screening,25,52,47,image_53,50.64293362501525
7,1,screening,26,57,52,image_58,51.81815862501526
7,1,screening,27,31,28,image_32,53.02035462501526
7,1,screening,28,22,20,image_23,54.173583625015254
7,1,screening,29,26,24,image_27,55.374428625015256
7,1,screening,30,56,51,image_57,56.51205162501525
7,1,screening,31,40,36,image_41,57.67523362501526
7,1,screening,32,33,30,image_34,58.815651625015256
7,1,screening,33,53,48,image_54,59.96120062501526
7,1,screening,34,28,26,image_29,65.18602762501526
7,1,screening,35,54,49,image_55,66.38619662501526
7,1,screening,36,27,25,image_28,67.55241962501526
7,1,screening,37,46,42,image_47,68.78290962501525
7,1,screening,38,20,18,image_21,69.92108562501525
7,1,screening,39,47,43,image_48,71.09578762501526
7,1,screening,40,15,14,image_16,72.26508262501525
7,1,screening,41,0,0,image_1,73.46841662501525
7,1,screening,42,38,35,image_39,74.68391462501526
7,1,screening,43,24,22,image_25,75.84052262501525
7,1,screening,44,1,1,image_2,77.02563862501526
7,1,screening,45,3,3,image_4,78.20525562501525
7,1,screening,46,18,17,image_19,79.40551662501525
7,1,screening,47,25,23,image_26,80.61419562501526
7,1,screening,48,42,38,image_43,81.82646762501525
7,1,screening,49,13,12,image_14,82.98955762501525
7,1,screening,50,8,8,image_9,84.19301362501525
7,1,screening,51,21,19,image_22,85.39465762501526
7,1,screening,52,10,9,image_11,90.11014662501526
7,1,screening,53,12,11,image_13,91.25569562501525
7,1,screening,54,48,44,image_49,92.44004362501525
7,1,screening,55,41,37,image_42,93.67139362501526
7,1,screening,56,40,36,image_41,94.83973662501525
7,1,screening,57,0,0,image_1,96.02829362501525
7,1,screening,58,45,41,image_46,97.18646762501525
7,1,screening,59,14,13,image_15,98.39490062501525
7,1,screening,60,15,14,image_16,99.55510262501525
7,1,screening,61,51,46,image_52,100.73640962501526
7,1,screening,62,55,50,image_56,103.51942662501526
7,1,screening,63,24,22,image_25,104.74758162501526
7,1,screening,64,5,5,image_6,105.97933062501525
7,1,screening,65,21,19,image_22,107.17080562501525
7,1,screening,66,25,23,image_26,108.32148462501526
7,1,screening,67,18,17,image_19,109.46568162501525
7,1,screening,68,7,7,image_8,110.62705162501526
7,1,screening,69,16,15,image_17,111.84703462501525
7,1,screening,70,57,52,image_58,113.00514862501525
7,1,screening,71,34,31,image_35,114.22190562501525
7,1,screening,72,53,48,image_54,115.37719262501525
7,1,screening,73,50,45,image_51,116.60390462501525
7,1,screening,74,3,3,image_4,117.77405962501525
7,1,screening,75,23,21,image_24,118.92738062501526
7,1,screening,76,28,26,image_29,120.08979462501526
7,1,screening,77,37,34,image_38,121.28517162501525
7,1,screening,78,47,43,image_48,122.46571062501525
7,1,screening,79,27,25,image_28,123.63494462501525
7,1,screening,80,1,1,image_2,124.85415962501526
7,1,screening,81,8,8,image_9,126.05325362501526
7,1,screening,82,54,49,image_55,129.46344962501524
7,1,screening,83,42,38,image_43,130.69304862501525
7,1,screening,84,13,12,image_14,131.85712162501525
7,1,screening,85,32,29,image_33,133.06927162501526
7,1,screening,86,38,35,image_39,134.27755062501527
7,1,screening,87,46,42,image_47,135.44635362501526
7,1,screening,88,31,28,image_32,136.63872062501525
7,1,screening,89,4,4,image_5,137.78227262501525
7,1,screening,90,56,51,image_57,138.92226062501524
7,1,screening,91,26,24,image_27,140.11029562501525
7,1,screening,92,58,53,image_59,141.32336662501524
7,1,screening,93,10,9,image_11,144.92912662501524
7,1,screening,94,6,6,image_7,146.06785562501526
7,1,screening,95,36,33,image_37,147.25877762501526
7,1,screening,96,35,32,image_36,148.43750462501526
7,1,screening,97,43,39,image_44,149.57414462501526
7,1,screening,98,52,47,image_53,150.74285562501524
7,1,screening,99,20,18,image_21,151.88732962501524
7,1,screening,100,30,27,image_31,153.09954062501527
7,1,screening,101,17,16,image_18,154.26441262501524
7,1,screening,102,11,10,image_12,155.45256962501526
7,1,screening,103,33,30,image_34,156.59787262501524
7,1,screening,104,22,20,image_23,157.79312662501525
7,1,screening,105,44,40,image_45,161.11236062501524
7,1,screening,106,12,11,image_13,162.31468062501526
7,1,screening,107,2,2,image_3,163.52093162501527
7,1,screening,108,15,14,image_16,164.72644662501526
7,1,screening,109,47,43,image_48,165.90735362501525
7,1,screening,110,41,37,image_42,167.05145862501524
7,1,screening,111,11,10,image_12,168.20616162501526
7,1,screening,112,3,3,image_4,169.43324162501526
7,1,screening,113,20,18,image_21,170.57771562501526
7,1,screening,114,13,12,image_14,171.79496462501524
7,1,screening,115,56,51,image_57,172.97811462501525
7,1,screening,116,43,39,image_44,174.21315062501526
7,1,screening,117,30,27,image_31,177.77040362501526
7,1,screening,118,34,31,image_35,178.94737962501526
7,1,screening,119,28,26,image_29,180.08828962501525
7,1,screening,120,6,6,image_7,181.31979262501525
7,1,screening,121,26,24,image_27,182.45793762501526
7,1,screening,122,44,40,image_45,183.67048762501526
7,1,screening,123,4,4,image_5,184.88681462501526
7,1,screening,124,42,38,image_43,186.10811962501526
7,1,screening,125,45,41,image_46,187.25363762501524
7,1,screening,126,22,20,image_23,188.42674162501524
7,1,screening,127,27,25,image_28,189.58722062501525
7,1,screening,128,53,48,image_54,190.79881762501526
7,1,screening,129,37,34,image_38,196.03845162501526
7,1,screening,130,55,50,image_56,197.26648362501524
7,1,screening,131,58,53,image_59,198.41700862501526
7,1,screening,132,21,19,image_22,199.57822462501525
7,1,screening,133,40,36,image_41,200.72736762501526
7,1,screening,134,46,42,image_47,203.75691262501525
7,1,screening,135,24,22,image_25,204.98128862501525
7,1,screening,136,12,11,image_13,206.17439262501526
7,1,screening,137,2,2,image_3,209.28847862501524
7,1,screening,138,52,47,image_53,210.43971062501524
7,1,screening,139,51,46,image_52,211.65794362501524
7,1,screening,140,38,35,image_39,212.84957162501524
7,1,screening,141,8,8,image_9,214.01659362501525
7,1,screening,142,33,30,image_34,215.20266262501525
7,1,screening,143,32,29,image_33,216.37874662501525
7,1,screening,144,36,33,image_37,217.52199162501526
7,1,screening,145,0,0,image_1,218.68200962501524
7,1,screening,146,1,1,image_2,219.83044662501524
7,1,screening,147,16,15,image_17,220.97851362501524
7,1,screening,148,57,52,image_58,222.13678062501526
7,1,screening,149,23,21,image_24,223.31461662501525
7,1,screening,150,17,16,image_18,224.45331462501525
7,1,screening,151,7,7,image_8,225.67953462501524
7,1,screening,152,35,32,image_36,229.00067362501525
7,1,screening,153,18,17,image_19,230.18582062501525
7,1,screening,154,31,28,image_32,231.36709662501525
7,1,screening,155,54,49,image_55,232.52898862501524
7,1,screening,156,48,44,image_49,233.75397862501524
7,1,screening,157,25,23,image_26,234.92570162501525
7,1,screening,158,5,5,image_6,236.06771762501523
7,1,screening,159,50,45,image_51,237.28088062501524
7,1,screening,160,14,13,image_15,238.45447662501525
7,1,screening,161,10,9,image_11,239.61025562501524
7,1,screening,162,12,11,image_13,240.77887462501525
7,1,screening,163,13,12,image_14,241.91812662501525
7,1,screening,164,7,7,image_8,243.06081762501526
7,1,screening,165,30,27,image_31,244.28854262501525
7,1,screening,166,2,2,image_3,247.71975162501525
7,1,screening,167,3,3,image_4,248.90892262501524
7,1,screening,168,14,13,image_15,250.04651562501525
7,1,screening,169,25,23,image_26,251.20598062501526
7,1,screening,170,23,21,image_24,254.66852362501524
7,1,screening,171,58,53,image_59,255.88706362501526
7,1,screening,172,53,48,image_54,257.02483962501526
7,1,screening,173,56,51,image_57,258.16510462501526
7,1,screening,174,8,8,image_9,259.31738162501523
7,1,screening,175,0,0,image_1,260.51798062501524
7,1,screening,176,21,19,image_22,261.7197156250152
7,1,screening,177,54,49,image_55,262.91773462501527
7,1,screening,178,36,33,image_37,264.09016362501524
7,1,screening,179,46,42,image_47,265.27961062501527
7,1,screening,180,10,9,image_11,266.44694062501526
7,1,screening,181,26,24,image_27,267.65678562501523
7,1,screening,182,43,39,image_44,268.81016862501525
7,1,screening,183,1,1,image_2,270.01528362501523
7,1,screening,184,34,31,image_35,271.16792862501524
7,1,screening,185,35,32,image_36,272.33866762501526
7,1,screening,186,18,17,image_19,273.53561062501524
7,1,screening,187,55,50,image_56,274.7488056250152
7,1,screening,188,33,30,image_34,275.89373962501526
7,1,screening,189,37,34,image_38,277.12195562501523
7,1,screening,190,38,35,image_39,278.33668662501526
7,1,screening,191,45,41,image_46,279.52192562501523
7,1,screening,192,20,18,image_21,280.7012356250153
7,1,screening,193,50,45,image_51,281.8785796250152
7,1,screening,194,6,6,image_7,283.04369662501523
7,1,screening,195,52,47,image_53,284.23053362501525
7,1,screening,196,51,46,image_52,285.41681662501526
7,1,screening,197,27,25,image_28,286.63292962501527
7,1,screening,198,42,38,image_43,287.84747562501525
7,1,screening,199,17,16,image_18,289.04604662501526
7,1,screening,200,15,14,image_16,290.21955062501524
7,1,screening,201,24,22,image_25,293.36967162501526
7,1,screening,202,16,15,image_17,294.55881262501526
7,1,screening,203,22,20,image_23,295.72995062501525
7,1,screening,204,32,29,image_33,296.9590886250152
7,1,screening,205,28,26,image_29,298.18543162501527
7,1,screening,206,41,37,image_42,299.37020962501526
7,1,screening,207,44,40,image_45,300.56693762501527
7,1,screening,208,40,36,image_41,301.76077862501523
7,1,screening,209,11,10,image_12,302.91956762501525
7,1,screening,210,57,52,image_58,304.07915562501523
7,1,screening,211,48,44,image_49,307.37338362501526
7,1,screening,212,31,28,image_32,308.53466162501525
7,1,screening,213,47,43,image_48,309.75025162501527
7,1,screening,214,4,4,image_5,310.9051696250152
7,1,screening,215,5,5,image_6,312.06239262501526
7,1,screening,216,30,27,image_31,313.21279462501525
7,1,screening,217,48,44,image_49,314.3686966250152
7,1,screening,218,26,24,image_27,315.54054162501524
7,1,screening,219,53,48,image_54,316.7070416250152
7,1,screening,220,12,11,image_13,317.93390562501526
7,1,screening,221,21,19,image_22,319.10873062501526
7,1,screening,222,57,52,image_58,320.2594096250152
7,1,screening,223,1,1,image_2,321.4802536250152
7,1,screening,224,7,7,image_8,322.71000562501524
7,1,screening,225,20,18,image_21,323.88867062501527
7,1,screening,226,0,0,image_1,327.4496106250152
7,1,screening,227,2,2,image_3,328.6120556250152
7,1,screening,228,41,37,image_42,329.78792462501525
7,1,screening,229,35,32,image_36,330.9833626250152
7,1,screening,230,13,12,image_14,332.14540862501525
7,1,screening,231,54,49,image_55,333.3416756250152
7,1,screening,232,16,15,image_17,334.54891062501525
7,1,screening,233,27,25,image_28,335.70023462501524
7,1,screening,234,22,20,image_23,336.84037662501527
7,1,screening,235,4,4,image_5,338.00475662501526
7,1,screening,236,23,21,image_24,339.17119462501523
7,1,screening,237,55,50,image_56,340.3482316250152
7,1,screening,238,46,42,image_47,343.14028062501524
7,1,screening,239,45,41,image_46,344.28033062501527
7,1,screening,240,14,13,image_15,345.44133162501527
7,1,screening,241,24,22,image_25,346.65265162501527
7,1,screening,242,6,6,image_7,347.7900286250152
7,1,screening,243,3,3,image_4,349.0188906250152
7,1,screening,244,11,10,image_12,350.22062562501526
7,1,screening,245,36,33,image_37,351.40349962501523
7,1,screening,246,33,30,image_34,352.59706362501527
7,1,screening,247,42,38,image_43,353.75612962501526
7,1,screening,248,25,23,image_26,354.94738962501526
7,1,screening,249,40,36,image_41,356.1805206250152
7,1,screening,250,38,35,image_39,357.37175062501524
7,1,screening,251,34,31,image_35,358.55883262501527
7,1,screening,252,15,14,image_16,359.71685362501523
7,1,screening,253,17,16,image_18,360.89886762501527
7,1,screening,254,43,39,image_44,362.0965176250152
7,1,screening,255,44,40,image_45,363.2984066250152
7,1,screening,256,56,51,image_57,364.47015962501524
7,1,screening,257,18,17,image_19,365.63933162501525
7,1,screening,258,58,53,image_59,366.87009762501526
7,1,screening,259,32,29,image_33,368.00808962501526
7,1,screening,260,52,47,image_53,369.2318516250152
7,1,screening,261,28,26,image_29,370.46022162501527
7,1,screening,262,50,45,image_51,371.66969862501526
7,1,screening,263,8,8,image_9,372.80974862501523
7,1,screening,264,51,46,image_52,373.9705956250152
7,1,screening,265,5,5,image_6,375.13964562501525
7,1,screening,266,31,28,image_32,376.34319362501526
7,1,screening,267,37,34,image_38,377.49258262501525
7,1,screening,268,10,9,image_11,378.70295062501526
7,1,screening,269,47,43,image_48,379.8574386250152
7,1,screening,270,25,23,image_26,381.0582226250152
7,1,screening,271,11,10,image_12,382.24177162501525
7,1,screening,272,35,32,image_36,383.45631762501523
7,1,screening,273,33,30,image_34,384.6631836250152
7,1,screening,274,36,33,image_37,385.88894262501526
7,1,screening,275,53,48,image_54,387.11359462501525
7,1,screening,276,38,35,image_39,388.28393462501526
7,1,screening,277,0,0,image_1,389.49073962501524
7,1,screening,278,54,49,image_55,390.64633362501525
7,1,screening,279,43,39,image_44,391.7830966250152
7,1,screening,280,27,25,image_28,392.99343362501526
7,1,screening,281,55,50,image_56,394.17179162501526
7,1,screening,282,22,20,image_23,395.3539276250152
7,1,screening,283,10,9,image_11,399.1834216250152
7,1,screening,284,23,21,image_24,400.37971962501524
7,1,screening,285,7,7,image_8,401.57660162501526
7,1,screening,286,56,51,image_57,402.7966466250152
7,1,screening,287,51,46,image_52,404.01239062501526
7,1,screening,288,50,45,image_51,405.20967162501523
7,1,screening,289,32,29,image_33,406.3626856250152
7,1,screening,290,14,13,image_15,407.51926262501524
7,1,screening,291,26,24,image_27,408.74201062501527
7,1,screening,292,2,2,image_3,409.88092462501527
7,1,screening,293,13,12,image_14,411.06038762501527
7,1,screening,294,31,28,image_32,417.1719166250152
7,1,screening,295,45,41,image_46,418.40661562501526
7,1,screening,296,37,34,image_38,419.61031662501523
7,1,screening,297,21,19,image_22,420.79229962501523
7,1,screening,298,16,15,image_17,421.97492762501525
7,1,screening,299,17,16,image_18,423.11589862501523
7,1,screening,300,47,43,image_48,424.31870962501523
7,1,screening,301,1,1,image_2,425.4575616250152
7,1,screening,302,44,40,image_45,426.5998546250152
7,1,screening,303,34,31,image_35,427.78804262501524
7,1,screening,304,8,8,image_9,428.93334562501525
7,1,screening,305,30,27,image_31,430.1518846250152
7,1,screening,306,4,4,image_5,431.3720526250152
7,1,screening,307,42,38,image_43,432.57228262501525
7,1,screening,308,12,11,image_13,433.71743262501525
7,1,screening,309,3,3,image_4,434.9125326250152
7,1,screening,310,48,44,image_49,439.4453606250152
7,1,screening,311,58,53,image_59,440.67262462501526
7,1,screening,312,20,18,image_21,441.86972162501525
7,1,screening,313,41,37,image_42,443.08426762501523
7,1,screening,314,40,36,image_41,444.2660966250152
7,1,screening,315,52,47,image_53,445.4411676250152
7,1,screening,316,57,52,image_58,446.6590616250152
7,1,screening,317,18,17,image_19,447.80319762501523
7,1,screening,318,24,22,image_25,448.95197162501523
7,1,screening,319,6,6,image_7,450.1039716250152
7,1,screening,320,5,5,image_6,451.27941162501526
7,1,screening,321,15,14,image_16,452.4980426250152
7,1,screening,322,46,42,image_47,453.71384862501526
7,1,screening,323,28,26,image_29,456.79945762501524
7,2,sternberg,0,3,3,image_31,0.9345019999999999
7,2,sternberg,1,2,2,image_27,1.962424
7,2,sternberg,2,5,5,image_999,1.972424
7,2,sternberg,3,4,4,image_38,5.707407
7,2,sternberg,4,2,2,image_27,7.720981
7,2,sternberg,5,4,4,image_38,8.846623
7,2,sternberg,6,5,5,image_999,8.856622999999999
7,2,sternberg,7,2,2,image_27,12.499569
7,2,sternberg,8,0,0,image_7,15.024998
7,2,sternberg,9,1,1,image_17,16.195460999999998
7,2,sternberg,10,5,5,image_999,16.205461
7,2,sternberg,11,2,2,image_27,19.871816
7,2,sternberg,12,3,3,image_31,22.275195
7,2,sternberg,13,5,5,image_999,22.285195
7,2,sternberg,14,5,5,image_999,22.295195000000003
7,2,sternberg,15,3,3,image_31,25.947678999999997
7,2,sternberg,16,1,1,image_17,27.737672
7,2,sternberg,17,5,5,image_999,27.747672
7,2,sternberg,18,5,5,image_999,27.757672000000003
7,2,sternberg,19,1,1,image_17,31.394641999999997
7,2,sternberg,20,0,0,image_7,33.460837999999995
7,2,sternberg,21,2,2,image_27,34.503352
7,2,sternberg,22,4,4,image_38,35.680789
7,2,sternberg,23,3,3,image_31,39.446784
7,2,sternberg,24,3,3,image_31,41.503856999999996
7,2,sternberg,25,4,4,image_38,42.537278
7,2,sternberg,26,0,0,image_7,43.741563
7,2,sternberg,27,3,3,image_31,47.384433
7,2,sternberg,28,1,1,image_17,49.548103999999995
7,2,sternberg,29,2,2,image_27,50.577039
7,2,sternberg,30,3,3,image_31,51.669197
7,2,sternberg,31,4,4,image_38,55.359159999999996
7,2,sternberg,32,3,3,image_31,60.12374
7,2,sternberg,33,4,4,image_38,61.172582
7,2,sternberg,34,0,0,image_7,62.236908
7,2,sternberg,35,2,2,image_27,65.83756799999999
7,2,sternberg,36,1,1,image_17,68.15963099999999
7,2,sternberg,37,5,5,image_999,68.169631
7,2,sternberg,38,5,5,image_999,68.179631
7,2,sternberg,39,1,1,image_17,71.840164
7,2,sternberg,40,4,4,image_38,73.826888
7,2,sternberg,41,1,1,image_17,74.909307
7,2,sternberg,42,5,5,image_999,74.919307
7,2,sternberg,43,4,4,image_38,78.61247999999999
7,2,sternberg,44,1,1,image_17,80.271698
7,2,sternberg,45,5,5,image_999,80.281698
7,2,sternberg,46,5,5,image_999,80.29169800000001
7,2,sternberg,47,2,2,image_27,83.870085
7,2,sternberg,48,4,4,image_38,85.58146599999999
7,2,sternberg,49,2,2,image_27,86.608097
7,2,sternberg,50,3,3,image_31,87.801754
7,2,sternberg,51,2,2,image_27,91.59748599999999
7,2,sternberg,52,2,2,image_27,93.767516
7,2,sternberg,53,3,3,image_31,94.960712
7,2,sternberg,54,0,0,image_7,96.046572
7,2,sternberg,55,4,4,image_38,99.70808799999999
7,2,sternberg,56,2,2,image_27,102.043853
7,2,sternberg,57,3,3,image_31,103.138007
7,2,sternberg,58,5,5,image_999,103.148007
7,2,sternberg,59,4,4,image_38,106.729912
7,2,sternberg,60,2,2,image_27,108.788398
7,2,sternberg,61,1,1,image_17,109.91576099999999
7,2,sternberg,62,3,3,image_31,110.943529
7,2,sternberg,63,0,0,image_7,114.584402
7,2,sternberg,64,1,1,image_17,116.624456
7,2,sternberg,65,5,5,image_999,116.634456
7,2,sternberg,66,5,5,image_999,116.644456
7,2,sternberg,67,3,3,image_31,120.20591599999999
7,2,sternberg,68,0,0,image_7,122.87351799999999
7,2,sternberg,69,3,3,image_31,124.01605599999999
7,2,sternberg,70,5,5,image_999,124.026056
7,2,sternberg,71,3,3,image_31,127.718216
7,2,sternberg,72,3,3,image_31,129.845852
7,2,sternberg,73,5,5,image_999,129.855852
7,2,sternberg,74,5,5,image_999,129.865852
7,2,sternberg,75,0,0,image_7,133.50399
7,2,sternberg,76,4,4,image_38,135.47636699999998
7,2,sternberg,77,1,1,image_17,136.613837
7,2,sternberg,78,0,0,image_7,137.78196499999999
7,2,sternberg,79,2,2,image_27,141.46114599999999
7,2,sternberg,80,2,2,image_27,143.892326
7,2,sternberg,81,1,1,image_17,144.991765
7,2,sternberg,82,5,5,image_999,145.00176499999998
7,2,sternberg,83,0,0,image_7,148.66888699999998
7,2,sternberg,84,2,2,image_27,150.545695
7,2,sternberg,85,4,4,image_38,151.720059
7,2,sternberg,86,5,5,image_999,151.73005899999998
7,2,sternberg,87,4,4,image_38,155.501476
7,2,sternberg,88,0,0,image_7,157.591603
7,2,sternberg,89,5,5,image_999,157.60160299999998
7,2,sternberg,90,5,5,image_999,157.61160299999997
7,2,sternberg,91,2,2,image_27,161.296097
7,2,sternberg,92,1,1,image_17,163.918479
7,2,sternberg,93,5,5,image_999,163.92847899999998
7,2,sternberg,94,5,5,image_999,163.93847899999997
7,2,sternberg,95,0,0,image_7,167.64364799999998
7,2,sternberg,96,2,2,image_27,169.858468
7,2,sternberg,97,5,5,image_999,169.86846799999998
7,2,sternberg,98,5,5,image_999,169.87846799999997
7,2,sternberg,99,1,1,image_17,173.521336
7,2,sternberg,100,4,4,image_38,175.691766
7,2,sternberg,101,2,2,image_27,176.742175
7,2,sternberg,102,0,0,image_7,177.79894299999998
7,2,sternberg,103,1,1,image_17,181.415946
7,2,sternberg,104,0,0,image_7,183.529544
7,2,sternberg,105,2,2,image_27,184.726272
7,2,sternberg,106,1,1,image_17,185.824881
7,2,sternberg,107,4,4,image_38,189.507287
7,2,sternberg,108,4,4,image_38,191.642419
7,2,sternberg,109,5,5,image_999,191.65241899999998
7,2,sternberg,110,5,5,image_999,191.66241899999997
7,2,sternberg,111,4,4,image_38,195.248456
7,2,sternberg,112,4,4,image_38,197.043948
7,2,sternberg,113,5,5,image_999,197.053948
7,2,sternberg,114,5,5,image_999,197.06394799999998
7,2,sternberg,115,4,4,image_38,200.71679999999998
7,2,sternberg,116,3,3,image_31,202.389412
7,2,sternberg,117,0,0,image_7,203.424522
7,2,sternberg,118,5,5,image_999,203.434522
7,2,sternberg,119,0,0,image_7,207.069235
7,2,sternberg,120,3,3,image_31,209.303654
7,2,sternberg,121,2,2,image_27,210.33541599999998
7,2,sternberg,122,5,5,image_999,210.34541599999997
7,2,sternberg,123,4,4,image_38,214.023291
7,2,sternberg,124,0,0,image_7,216.083804
7,2,sternberg,125,2,2,image_27,217.242348
7,2,sternberg,126,1,1,image_17,218.35207699999998
7,2,sternberg,127,1,1,image_17,222.050581
7,2,sternberg,128,4,4,image_38,224.354796
7,2,sternberg,129,2,2,image_27,225.476229
7,2,sternberg,130,0,0,image_7,226.59241
7,2,sternberg,131,1,1,image_17,230.24271399999998
7,2,sternberg,132,2,2,image_27,232.849121
7,2,sternberg,133,3,3,image_31,233.94140199999998
7,2,sternberg,134,4,4,image_38,235.026739
7,2,sternberg,135,0,0,image_7,238.78612999999999
7,2,sternberg,136,3,3,image_31,240.96893999999998
7,2,sternberg,137,1,1,image_17,242.140478
7,2,sternberg,138,0,0,image_7,243.171779
7,2,sternberg,139,1,1,image_17,246.811884
7,2,sternberg,140,4,4,image_38,248.75704299999998
7,2,sternberg,141,5,5,image_999,248.76704299999997
7,2,sternberg,142,5,5,image_999,248.77704299999996
7,2,sternberg,143,4,4,image_38,252.468879
7,2,sternberg,144,3,3,image_31,254.24766
7,2,sternberg,145,5,5,image_999,254.25766
7,2,sternberg,146,5,5,image_999,254.26765999999998
7,2,sternberg,147,3,3,image_31,258.03049
7,2,sternberg,148,0,0,image_7,259.920783
7,2,sternberg,149,1,1,image_17,260.999209
7,2,sternberg,150,4,4,image_38,262.150564
7,2,sternberg,151,2,2,image_27,265.744128
7,2,sternberg,152,1,1,image_17,267.59531499999997
7,2,sternberg,153,4,4,image_38,268.702771
7,2,sternberg,154,5,5,image_999,268.712771
7,2,sternberg,155,4,4,image_38,272.500593
7,2,sternberg,156,1,1,image_17,274.411561
7,2,sternberg,157,5,5,image_999,274.421561
7,2,sternberg,158,5,5,image_999,274.431561
7,2,sternberg,159,1,1,image_17,278.18760199999997
7,2,sternberg,160,0,0,image_7,279.833887
7,2,sternberg,161,2,2,image_27,281.023457
7,2,sternberg,162,4,4,image_38,282.049874
7,2,sternberg,163,0,0,image_7,285.721498
7,2,sternberg,164,2,2,image_27,287.825295
7,2,sternberg,165,3,3,image_31,288.93852699999997
7,2,sternberg,166,5,5,image_999,288.94852699999996
7,2,sternberg,167,2,2,image_27,292.592609
7,2,sternberg,168,0,0,image_7,294.547999
7,2,sternberg,169,2,2,image_27,295.576965
7,2,sternberg,170,5,5,image_999,295.58696499999996
7,2,sternberg,171,1,1,image_17,299.247729
7,2,sternberg,172,0,0,image_7,301.496955
7,2,sternberg,173,4,4,image_38,302.653256
7,2,sternberg,174,5,5,image_999,302.663256
7,2,sternberg,175,3,3,image_31,306.308198
7,2,sternberg,176,1,1,image_17,308.513649
7,2,sternberg,177,5,5,image_999,308.523649
7,2,sternberg,178,5,5,image_999,308.53364899999997
7,2,sternberg,179,2,2,image_27,312.278108
7,2,sternberg,180,0,0,image_7,314.063401
7,2,sternberg,181,5,5,image_999,314.073401
7,2,sternberg,182,5,5,image_999,314.083401
7,2,sternberg,183,3,3,image_31,317.79244
7,2,sternberg,184,4,4,image_38,319.734712
7,2,sternberg,185,5,5,image_999,319.744712
7,2,sternberg,186,5,5,image_999,319.754712
7,2,sternberg,187,4,4,image_38,323.455365
7,2,sternberg,188,3,3,image_31,325.27484899999996
7,2,sternberg,189,4,4,image_38,326.366147
7,2,sternberg,190,2,2,image_27,327.483955
7,2,sternberg,191,4,4,image_38,331.190293
7,2,sternberg,192,1,1,image_17,333.120246
7,2,sternberg,193,3,3,image_31,334.219469
7,2,sternberg,194,5,5,image_999,334.229469
7,2,sternberg,195,3,3,image_31,337.88031
7,2,sternberg,196,2,2,image_27,339.6531
7,2,sternberg,197,5,5,image_999,339.6631
7,2,sternberg,198,5,5,image_999,339.6731
7,2,sternberg,199,3,3,image_31,343.307121
7,2,sternberg,200,0,0,image_7,345.101292
7,2,sternberg,201,3,3,image_31,346.304563
7,2,sternberg,202,1,1,image_17,347.500862
7,2,sternberg,203,2,2,image_27,351.141028
7,2,sternberg,204,4,4,image_38,353.59002599999997
7,2,sternberg,205,1,1,image_17,354.711276
7,2,sternberg,206,0,0,image_7,355.911137
7,2,sternberg,207,3,3,image_31,359.64982299999997
7,2,sternberg,208,2,2,image_27,361.702564
7,2,sternberg,209,4,4,image_38,362.847959
7,2,sternberg,210,5,5,image_999,362.857959
7,2,sternberg,211,2,2,image_27,366.582344
7,2,sternberg,212,3,3,image_31,368.503265
7,2,sternberg,213,4,4,image_38,369.540895
7,2,sternberg,214,0,0,image_7,370.75224599999996
7,2,sternberg,215,1,1,image_17,374.347715
7,2,sternberg,216,3,3,image_31,430.546053
7,2,sternberg,217,5,5,image_999,430.55605299999996
7,2,sternberg,218,5,5,image_999,430.56605299999995
7,2,sternberg,219,3,3,image_31,434.25705999999997
7,2,sternberg,220,2,2,image_27,436.74504199999996
7,2,sternberg,221,5,5,image_999,436.75504199999995
7,2,sternberg,222,5,5,image_999,436.76504199999994
7,2,sternberg,223,2,2,image_27,440.516168
7,2,sternberg,224,3,3,image_31,442.663803
7,2,sternberg,225,5,5,image_999,442.67380299999996
7,2,sternberg,226,5,5,image_999,442.68380299999995
7,2,sternberg,227,0,0,image_7,446.312909
7,2,sternberg,228,4,4,image_38,448.178043
7,2,sternberg,229,1,1,image_17,449.214321
7,2,sternberg,230,5,5,image_999,449.224321
7,2,sternberg,231,0,0,image_7,452.910244
7,2,sternberg,232,4,4,image_38,454.847263
7,2,sternberg,233,5,5,image_999,454.857263
7,2,sternberg,234,5,5,image_999,454.867263
7,2,sternberg,235,1,1,image_17,458.48598499999997
7,2,sternberg,236,1,1,image_17,460.79447
7,2,sternberg,237,2,2,image_27,461.971139
7,2,sternberg,238,0,0,image_7,463.18049299999996
7,2,sternberg,239,0,0,image_7,466.917397
7,2,sternberg,240,4,4,image_38,469.042145
7,2,sternberg,241,5,5,image_999,469.052145
7,2,sternberg,242,5,5,image_999,469.062145
7,2,sternberg,243,1,1,image_17,472.869734
7,2,sternberg,244,0,0,image_7,475.13084899999996
7,2,sternberg,245,5,5,image_999,475.14084899999995
7,2,sternberg,246,5,5,image_999,475.15084899999994
7,2,sternberg,247,0,0,image_7,478.80585199999996
7,2,sternberg,248,1,1,image_17,480.83208199999996
7,2,sternberg,249,4,4,image_38,481.876193
7,2,sternberg,250,5,5,image_999,481.886193
7,2,sternberg,251,4,4,image_38,485.51021599999996
7,2,sternberg,252,3,3,image_31,487.52320499999996
7,2,sternberg,253,4,4,image_38,488.629647
7,2,sternberg,254,2,2,image_27,489.781094
7,2,sternberg,255,2,2,image_27,493.538642
7,2,sternberg,256,2,2,image_27,495.456123
7,2,sternberg,257,5,5,image_999,495.466123
7,2,sternberg,258,5,5,image_999,495.476123
7,2,sternberg,259,0,0,image_7,499.133829
7,2,sternberg,260,3,3,image_31,501.67839799999996
7,2,sternberg,261,5,5,image_999,501.68839799999995
7,2,sternberg,262,5,5,image_999,501.69839799999994
7,2,sternberg,263,2,2,image_27,505.46881499999995
7,2,sternberg,264,3,3,image_31,507.793306
7,2,sternberg,265,0,0,image_7,508.870595
7,2,sternberg,266,5,5,image_999,508.88059499999997
7,2,sternberg,267,2,2,image_27,512.5124509999999
7,2,sternberg,268,0,0,image_7,514.5952669999999
7,2,sternberg,269,1,1,image_17,515.625646
7,2,sternberg,270,3,3,image_31,516.692152
7,2,sternberg,271,4,4,image_38,520.311829
7,2,sternberg,272,3,3,image_31,522.657516
7,2,sternberg,273,4,4,image_38,523.760917
7,2,sternberg,274,2,2,image_27,524.954389
7,2,sternberg,275,0,0,image_7,528.709601
7,2,sternberg,276,1,1,image_17,531.230085
7,2,sternberg,277,5,5,image_999,531.240085
7,2,sternberg,278,5,5,image_999,531.250085
7,2,sternberg,279,4,4,image_38,534.902753
7,2,sternberg,280,0,0,image_7,537.2627249999999
7,2,sternberg,281,1,1,image_17,538.4141109999999
7,2,sternberg,282,4,4,image_38,539.441818
7,2,sternberg,283,1,1,image_17,543.075871
7,2,sternberg,284,2,2,image_27,545.704919
7,2,sternberg,285,5,5,image_999,545.714919
7,2,sternberg,286,5,5,image_999,545.724919
7,2,sternberg,287,0,0,image_7,549.4088909999999
7,2,sternberg,288,3,3,image_31,551.804344
7,2,sternberg,289,5,5,image_999,551.814344
7,2,sternberg,290,5,5,image_999,551.824344
7,2,sternberg,291,3,3,image_31,555.518515
7,2,sternberg,292,4,4,image_38,557.301013
7,2,sternberg,293,3,3,image_31,558.406349
7,2,sternberg,294,0,0,image_7,559.500995
7,2,sternberg,295,4,4,image_38,563.2267469999999
7,2,sternberg,296,1,1,image_17,565.385103
7,2,sternberg,297,0,0,image_7,566.491484
7,2,sternberg,298,5,5,image_999,566.501484
7,2,sternberg,299,1,1,image_17,570.070211
7,2,sternberg,300,2,2,image_27,571.876792
7,2,sternberg,301,1,1,image_17,572.919091
7,2,sternberg,302,4,4,image_38,573.9994829999999
7,2,sternberg,303,2,2,image_27,577.698509
7,2,sternberg,304,2,2,image_27,579.886879
7,2,sternberg,305,5,5,image_999,579.896879
7,2,sternberg,306,5,5,image_999,579.906879
7,2,sternberg,307,2,2,image_27,583.6555159999999
7,2,sternberg,308,1,1,image_17,585.630106
7,2,sternberg,309,3,3,image_31,586.7003599999999
7,2,sternberg,310,0,0,image_7,587.7312919999999
7,2,sternberg,311,1,1,image_17,591.473388
7,2,sternberg,312,1,1,image_17,593.494364
7,2,sternberg,313,5,5,image_999,593.504364
7,2,sternberg,314,5,5,image_999,593.514364
7,2,sternberg,315,1,1,image_17,597.243249
7,2,sternberg,316,0,0,image_7,599.2424139999999
7,2,sternberg,317,5,5,image_999,599.2524139999999
7,2,sternberg,318,5,5,image_999,599.2624139999999
7,2,sternberg,319,4,4,image_38,603.00758
7,2,sternberg,320,1,1,image_17,604.9168589999999
7,2,sternberg,321,4,4,image_38,605.952369
7,2,sternberg,322,2,2,image_27,607.08649
7,2,sternberg,323,4,4,image_38,610.776699
7,2,sternberg,324,3,3,image_31,613.272791
7,2,sternberg,325,2,2,image_27,614.35564
7,2,sternberg,326,1,1,image_17,615.500175
7,2,sternberg,327,0,0,image_7,619.22602
7,2,sternberg,328,0,0,image_7,622.135511
7,2,sternberg,329,2,2,image_27,623.2709219999999
7,2,sternberg,330,5,5,image_999,623.2809219999999
7,2,sternberg,331,1,1,image_17,627.001129
7,2,sternberg,332,0,0,image_7,629.105726
7,2,sternberg,333,4,4,image_38,630.181079
7,2,sternberg,334,5,5,image_999,630.191079
7,2,sternberg,335,0,0,image_7,633.854392
7,2,sternberg,336,0,0,image_7,636.277709
7,2,sternberg,337,5,5,image_999,636.287709
7,2,sternberg,338,5,5,image_999,636.2977089999999
7,2,sternberg,339,0,0,image_7,640.017039
7,2,sternberg,340,2,2,image_27,642.0777059999999
7,2,sternberg,341,0,0,image_7,643.234437
7,2,sternberg,342,5,5,image_999,643.244437
7,2,sternberg,343,2,2,image_27,647.000771
7,2,sternberg,344,1,1,image_17,648.655596
7,2,sternberg,345,5,5,image_999,648.6655959999999
7,2,sternberg,346,5,5,image_999,648.6755959999999
7,2,sternberg,347,1,1,image_17,652.2377319999999
7,2,sternberg,348,3,3,image_31,654.143324
7,2,sternberg,349,0,0,image_7,655.2285079999999
7,2,sternberg,350,5,5,image_999,655.2385079999999
7,2,sternberg,351,2,2,image_27,659.001354
7,2,sternberg,352,0,0,image_7,661.655931
7,2,sternberg,353,2,2,image_27,662.862428
7,2,sternberg,354,1,1,image_17,663.912837
7,2,sternberg,355,2,2,image_27,667.570606
7,2,sternberg,356,3,3,image_31,670.7666839999999
7,2,sternberg,357,4,4,image_38,671.893064
7,2,sternberg,358,5,5,image_999,671.903064
7,2,sternberg,359,4,4,image_38,675.668275
7,2,sternberg,360,4,4,image_38,677.763871
7,2,sternberg,361,3,3,image_31,678.9315379999999
7,2,sternberg,362,5,5,image_999,678.9415379999999
7,2,sternberg,363,3,3,image_31,682.628444
7,2,sternberg,364,3,3,image_31,684.780933
7,2,sternberg,365,2,2,image_27,685.8454429999999
7,2,sternberg,366,5,5,image_999,685.8554429999999
7,2,sternberg,367,3,3,image_31,689.490278
7,2,sternberg,368,0,0,image_7,691.52812
7,2,sternberg,369,1,1,image_17,692.677571
7,2,sternberg,370,5,5,image_999,692.6875709999999
7,2,sternberg,371,0,0,image_7,696.379023
7,2,sternberg,372,2,2,image_27,698.3859
7,2,sternberg,373,0,0,image_7,699.5380839999999
7,2,sternberg,374,5,5,image_999,699.5480839999999
7,2,sternberg,375,3,3,image_31,703.183718
7,2,sternberg,376,4,4,image_38,705.1270039999999
7,2,sternberg,377,3,3,image_31,706.19434
7,2,sternberg,378,2,2,image_27,707.245824
7,2,sternberg,379,4,4,image_38,711.00927
7,2,sternberg,380,4,4,image_38,713.1134979999999
7,2,sternberg,381,3,3,image_31,714.280182
7,2,sternberg,382,5,5,image_999,714.290182
7,2,sternberg,383,0,0,image_7,717.9953049999999
7,2,sternberg,384,2,2,image_27,720.0155139999999
7,2,sternberg,385,0,0,image_7,721.071483
7,2,sternberg,386,1,1,image_17,722.242406
7,2,sternberg,387,1,1,image_17,726.023209
7,2,sternberg,388,3,3,image_31,728.0204699999999
7,2,sternberg,389,1,1,image_17,729.198858
7,2,sternberg,390,5,5,image_999,729.208858
7,2,sternberg,391,2,2,image_27,732.928451
7,2,sternberg,392,0,0,image_7,735.018639
7,2,sternberg,393,5,5,image_999,735.028639
7,2,sternberg,394,5,5,image_999,735.038639
7,2,sternberg,395,0,0,image_7,738.766817
7,2,sternberg,396,3,3,image_31,740.734956
7,2,sternberg,397,5,5,image_999,740.744956
7,2,sternberg,398,5,5,image_999,740.754956
7,2,sternberg,399,4,4,image_38,744.369654
7,2,sternberg,400,2,2,image_27,746.2078769999999
7,2,sternberg,401,0,0,image_7,747.377111
7,2,sternberg,402,5,5,image_999,747.387111
7,2,sternberg,403,3,3,image_31,751.0395189999999
7,2,sternberg,404,4,4,image_38,752.858174
7,2,sternberg,405,1,1,image_17,753.897738
7,2,sternberg,406,5,5,image_999,753.907738
7,2,sternberg,407,1,1,image_17,757.637069
7,2,sternberg,408,3,3,image_31,759.7841199999999
7,2,sternberg,409,2,2,image_27,760.825866
7,2,sternberg,410,4,4,image_38,761.8538189999999
7,2,sternberg,411,4,4,image_38,765.636434
7,2,sternberg,412,1,1,image_17,767.92108
7,2,sternberg,413,3,3,image_31,769.050409
7,2,sternberg,414,4,4,image_38,770.225787
7,2,sternberg,415,4,4,image_38,774.059858
7,2,sternberg,416,2,2,image_27,776.0746909999999
7,2,sternberg,417,1,1,image_17,777.2096409999999
7,2,sternberg,418,5,5,image_999,777.2196409999999
7,2,sternberg,419,4,4,image_38,781.0166479999999
7,2,sternberg,420,3,3,image_31,783.8146869999999
7,2,sternberg,421,0,0,image_7,784.872346
7,2,sternberg,422,5,5,image_999,784.882346
7,2,sternberg,423,2,2,image_27,788.618465
7,2,sternberg,424,1,1,image_17,790.839798
7,2,sternberg,425,3,3,image_31,792.0000309999999
7,2,sternberg,426,4,4,image_38,793.1293589999999
7,2,sternberg,427,0,0,image_7,796.804977
7,2,sternberg,428,4,4,image_38,798.995589
7,2,sternberg,429,1,1,image_17,800.140186
7,2,sternberg,430,5,5,image_999,800.150186
7,2,sternberg,431,2,2,image_27,803.932232
8,1,screening,0,34,31,image_35,12.622019867428541
8,1,screening,1,43,39,image_44,13.85435286742854
8,1,screening,2,23,21,image_24,15.07998886742854
8,1,screening,3,36,33,image_37,16.22157486742854
8,1,screening,4,37,34,image_38,17.44773286742854
8,1,screening,5,5,5,image_6,21.97481586742854
8,1,screening,6,2,2,image_3,23.12300686742854
8,1,screening,7,16,15,image_17,24.28542086742854
8,1,screening,8,11,10,image_12,25.47741886742854
8,1,screening,9,58,53,image_59,26.70910586742854
8,1,screening,10,32,29,image_33,27.94189986742854
8,1,screening,11,48,44,image_49,34.42501786742854
8,1,screening,12,55,50,image_56,35.66060686742854
8,1,screening,13,35,32,image_36,36.89140386742854
8,1,screening,14,6,6,image_7,38.07461486742854
8,1,screening,15,41,37,image_42,39.29091186742854
8,1,screening,16,45,41,image_46,40.434279867428536
8,1,screening,17,30,27,image_31,44.51119286742854
8,1,screening,18,17,16,image_18,45.73793386742854
8,1,screening,19,44,40,image_45,46.94400186742854
8,1,screening,20,51,46,image_52,52.02115686742854
8,1,screening,21,14,13,image_15,53.22283186742854
8,1,screening,22,50,45,image_51,54.353849867428536
8,1,screening,23,7,7,image_8,55.574600867428536
8,1,screening,24,4,4,image_5,56.804568867428536
8,1,screening,25,52,47,image_53,58.00869986742854
8,1,screening,26,57,52,image_58,59.21381486742854
8,1,screening,27,31,28,image_32,60.41533586742854
8,1,screening,28,22,20,image_23,61.58334086742854
8,1,screening,29,26,24,image_27,62.781758867428536
8,1,screening,30,56,51,image_57,63.93372786742854
8,1,screening,31,40,36,image_41,65.14102386742854
8,1,screening,32,33,30,image_34,66.28052086742854
8,1,screening,33,53,48,image_54,67.44502386742853
8,1,screening,34,28,26,image_29,77.80684986742854
8,1,screening,35,54,49,image_55,78.95187586742854
8,1,screening,36,27,25,image_28,80.16903286742854
8,1,screening,37,46,42,image_47,81.37454786742853
8,1,screening,38,20,18,image_21,82.54335086742854
8,1,screening,39,47,43,image_48,83.77479286742853
8,1,screening,40,15,14,image_16,84.91379886742854
8,1,screening,41,0,0,image_1,86.09402986742853
8,1,screening,42,38,35,image_39,87.26427786742853
8,1,screening,43,24,22,image_25,88.47679586742854
8,1,screening,44,1,1,image_2,89.69183386742854
8,1,screening,45,3,3,image_4,90.84546186742854
8,1,screening,46,18,17,image_19,92.02925686742854
8,1,screening,47,25,23,image_26,93.20521886742854
8,1,screening,48,42,38,image_43,94.40299186742854
8,1,screening,49,13,12,image_14,95.60942786742854
8,1,screening,50,8,8,image_9,96.82148486742854
8,1,screening,51,21,19,image_22,97.98494386742854
8,1,screening,52,10,9,image_11,103.31495586742854
8,1,screening,53,12,11,image_13,104.51361986742853
8,1,screening,54,48,44,image_49,105.65541986742853
8,1,screening,55,41,37,image_42,106.79451786742854
8,1,screening,56,40,36,image_41,107.97683886742854
8,1,screening,57,0,0,image_1,109.20649886742854
8,1,screening,58,45,41,image_46,110.37717686742853
8,1,screening,59,14,13,image_15,111.56422786742854
8,1,screening,60,15,14,image_16,112.72111286742853
8,1,screening,61,51,46,image_52,113.93135786742853
8,1,screening,62,55,50,image_56,121.60573586742854
8,1,screening,63,24,22,image_25,122.78685886742853
8,1,screening,64,5,5,image_6,123.98453886742854
8,1,screening,65,21,19,image_22,125.20928386742854
8,1,screening,66,25,23,image_26,126.44038786742854
8,1,screening,67,18,17,image_19,127.62958986742854
8,1,screening,68,7,7,image_8,128.78026886742853
8,1,screening,69,16,15,image_17,129.92495786742853
8,1,screening,70,57,52,image_58,131.08463786742854
8,1,screening,71,34,31,image_35,132.30526586742855
8,1,screening,72,53,48,image_54,133.46319486742854
8,1,screening,73,50,45,image_51,134.67912386742853
8,1,screening,74,3,3,image_4,135.83484086742854
8,1,screening,75,23,21,image_24,137.06274986742852
8,1,screening,76,28,26,image_29,138.23327386742852
8,1,screening,77,37,34,image_38,139.38766986742854
8,1,screening,78,47,43,image_48,140.54452386742852
8,1,screening,79,27,25,image_28,141.74017686742854
8,1,screening,80,1,1,image_2,142.91570786742852
8,1,screening,81,8,8,image_9,144.08346786742854
8,1,screening,82,54,49,image_55,148.07328886742854
8,1,screening,83,42,38,image_43,149.26777486742853
8,1,screening,84,13,12,image_14,150.45838986742854
8,1,screening,85,32,29,image_33,151.68593086742854
8,1,screening,86,38,35,image_39,152.84567186742854
8,1,screening,87,46,42,image_47,154.05557886742852
8,1,screening,88,31,28,image_32,155.26748286742853
8,1,screening,89,4,4,image_5,156.44239986742852
8,1,screening,90,56,51,image_57,157.63347586742853
8,1,screening,91,26,24,image_27,158.77764286742854
8,1,screening,92,58,53,image_59,159.91968886742853
8,1,screening,93,10,9,image_11,164.17173686742854
8,1,screening,94,6,6,image_7,165.38379386742852
8,1,screening,95,36,33,image_37,166.61133486742852
8,1,screening,96,35,32,image_36,167.75519386742855
8,1,screening,97,43,39,image_44,168.94673086742853
8,1,screening,98,52,47,image_53,170.12462786742853
8,1,screening,99,20,18,image_21,171.26037686742853
8,1,screening,100,30,27,image_31,172.42914986742852
8,1,screening,101,17,16,image_18,173.57454486742853
8,1,screening,102,11,10,image_12,174.78564986742853
8,1,screening,103,33,30,image_34,175.94545286742854
8,1,screening,104,22,20,image_23,177.13281186742853
8,1,screening,105,44,40,image_45,180.80541886742853
8,1,screening,106,12,11,image_13,182.00137886742854
8,1,screening,107,2,2,image_3,183.16465286742854
8,1,screening,108,15,14,image_16,184.36552886742854
8,1,screening,109,47,43,image_48,185.57009086742852
8,1,screening,110,41,37,image_42,186.77471386742855
8,1,screening,111,11,10,image_12,187.95460786742854
8,1,screening,112,3,3,image_4,189.09960386742853
8,1,screening,113,20,18,image_21,190.25467586742855
8,1,screening,114,13,12,image_14,191.48006586742852
8,1,screening,115,56,51,image_57,192.62512286742853
8,1,screening,116,43,39,image_44,193.84286386742852
8,1,screening,117,30,27,image_31,197.09568186742854
8,1,screening,118,34,31,image_35,198.32589486742853
8,1,screening,119,28,26,image_29,199.46597486742854
8,1,screening,120,6,6,image_7,200.64482486742853
8,1,screening,121,26,24,image_27,201.79172486742854
8,1,screening,122,44,40,image_45,203.02433386742854
8,1,screening,123,4,4,image_5,204.16195686742853
8,1,screening,124,42,38,image_43,205.37379986742854
8,1,screening,125,45,41,image_46,206.59172486742852
8,1,screening,126,22,20,image_23,207.81302886742853
8,1,screening,127,27,25,image_28,208.94708886742853
8,1,screening,128,53,48,image_54,210.11607686742852
8,1,screening,129,37,34,image_38,213.92554086742854
8,1,screening,130,55,50,image_56,215.14177686742852
8,1,screening,131,58,53,image_59,216.32111786742854
8,1,screening,132,21,19,image_22,217.54715286742854
8,1,screening,133,40,36,image_41,218.69611186742853
8,1,screening,134,46,42,image_47,222.16246386742853
8,1,screening,135,24,22,image_25,223.31483286742852
8,1,screening,136,12,11,image_13,224.46296186742853
8,1,screening,137,2,2,image_3,227.82686386742853
8,1,screening,138,52,47,image_53,229.02150286742852
8,1,screening,139,51,46,image_52,230.21107386742852
8,1,screening,140,38,35,image_39,231.35760486742853
8,1,screening,141,8,8,image_9,232.57755786742854
8,1,screening,142,33,30,image_34,233.77566886742852
8,1,screening,143,32,29,image_33,234.94723686742853
8,1,screening,144,36,33,image_37,236.13410486742853
8,1,screening,145,0,0,image_1,237.31157186742854
8,1,screening,146,1,1,image_2,238.45487786742854
8,1,screening,147,16,15,image_17,239.61446586742852
8,1,screening,148,57,52,image_58,240.75912386742854
8,1,screening,149,23,21,image_24,241.91296686742854
8,1,screening,150,17,16,image_18,243.07049586742852
8,1,screening,151,7,7,image_8,244.24882286742854
8,1,screening,152,35,32,image_36,248.72641686742853
8,1,screening,153,18,17,image_19,249.95235986742853
8,1,screening,154,31,28,image_32,251.18180486742853
8,1,screening,155,54,49,image_55,252.36602986742852
8,1,screening,156,48,44,image_49,253.55019386742853
8,1,screening,157,25,23,image_26,254.72068786742852
8,1,screening,158,5,5,image_6,255.94721386742853
8,1,screening,159,50,45,image_51,257.11955086742853
8,1,screening,160,14,13,image_15,258.2641168674285
8,1,screening,161,10,9,image_11,259.47930786742853
8,1,screening,162,12,11,image_13,260.65293486742854
8,1,screening,163,13,12,image_14,261.8064708674285
8,1,screening,164,7,7,image_8,262.97754786742854
8,1,screening,165,30,27,image_31,264.1172598674285
8,1,screening,166,2,2,image_3,267.0163058674285
8,1,screening,167,3,3,image_4,268.2486998674285
8,1,screening,168,14,13,image_15,269.4786368674285
8,1,screening,169,25,23,image_26,270.67266186742853
8,1,screening,170,23,21,image_24,275.54632886742854
8,1,screening,171,58,53,image_59,276.7066228674285
8,1,screening,172,53,48,image_54,277.8787448674285
8,1,screening,173,56,51,image_57,279.09716086742856
8,1,screening,174,8,8,image_9,280.22658186742854
8,1,screening,175,0,0,image_1,281.36607886742854
8,1,screening,176,21,19,image_22,282.51774086742853
8,1,screening,177,54,49,image_55,283.7184628674285
8,1,screening,178,36,33,image_37,284.9276018674285
8,1,screening,179,46,42,image_47,286.12749486742854
8,1,screening,180,10,9,image_11,287.3078488674285
8,1,screening,181,26,24,image_27,288.4971428674285
8,1,screening,182,43,39,image_44,289.66281386742855
8,1,screening,183,1,1,image_2,290.8729358674285
8,1,screening,184,34,31,image_35,292.03372186742854
8,1,screening,185,35,32,image_36,293.2387748674285
8,1,screening,186,18,17,image_19,294.3866898674285
8,1,screening,187,55,50,image_56,295.5554318674285
8,1,screening,188,33,30,image_34,296.75212986742855
8,1,screening,189,37,34,image_38,297.9649238674285
8,1,screening,190,38,35,image_39,299.1102578674285
8,1,screening,191,45,41,image_46,300.34007186742855
8,1,screening,192,20,18,image_21,301.55258986742854
8,1,screening,193,50,45,image_51,302.72781486742855
8,1,screening,194,6,6,image_7,303.8974478674285
8,1,screening,195,52,47,image_53,305.0766658674285
8,1,screening,196,51,46,image_52,306.23634586742855
8,1,screening,197,27,25,image_28,307.4213388674285
8,1,screening,198,42,38,image_43,308.60531886742854
8,1,screening,199,17,16,image_18,309.82075586742855
8,1,screening,200,15,14,image_16,311.0347178674285
8,1,screening,201,24,22,image_25,314.4424868674285
8,1,screening,202,16,15,image_17,315.6165438674285
8,1,screening,203,22,20,image_23,316.8276798674285
8,1,screening,204,32,29,image_33,318.0154688674285
8,1,screening,205,28,26,image_29,319.1874368674285
8,1,screening,206,41,37,image_42,320.41657486742855
8,1,screening,207,44,40,image_45,321.6396608674285
8,1,screening,208,40,36,image_41,322.82760386742854
8,1,screening,209,11,10,image_12,324.02374786742854
8,1,screening,210,57,52,image_58,325.21675886742855
8,1,screening,211,48,44,image_49,330.2181898674285
8,1,screening,212,31,28,image_32,331.38616486742853
8,1,screening,213,47,43,image_48,332.56959086742853
8,1,screening,214,4,4,image_5,333.7295168674285
8,1,screening,215,5,5,image_6,334.9463058674285
8,1,screening,216,30,27,image_31,336.10122386742853
8,1,screening,217,48,44,image_49,337.2564498674285
8,1,screening,218,26,24,image_27,338.4002468674285
8,1,screening,219,53,48,image_54,339.5578688674285
8,1,screening,220,12,11,image_13,340.73558186742855
8,1,screening,221,21,19,image_22,341.9015288674285
8,1,screening,222,57,52,image_58,343.1284548674285
8,1,screening,223,1,1,image_2,344.3060438674285
8,1,screening,224,7,7,image_8,345.4561708674285
8,1,screening,225,20,18,image_21,346.6771058674285
8,1,screening,226,0,0,image_1,350.5364288674285
8,1,screening,227,2,2,image_3,351.7168138674285
8,1,screening,228,41,37,image_42,352.8574168674285
8,1,screening,229,35,32,image_36,354.0183568674285
8,1,screening,230,13,12,image_14,355.19370386742855
8,1,screening,231,54,49,image_55,356.3884968674285
8,1,screening,232,16,15,image_17,357.54783886742854
8,1,screening,233,27,25,image_28,358.7373478674285
8,1,screening,234,22,20,image_23,359.93770086742853
8,1,screening,235,4,4,image_5,361.0955078674285
8,1,screening,236,23,21,image_24,362.2424388674285
8,1,screening,237,55,50,image_56,363.4067568674285
8,1,screening,238,46,42,image_47,367.3030058674285
8,1,screening,239,45,41,image_46,368.48268386742853
8,1,screening,240,14,13,image_15,369.66752386742854
8,1,screening,241,24,22,image_25,370.8134718674285
8,1,screening,242,6,6,image_7,371.9757638674285
8,1,screening,243,3,3,image_4,373.1926128674285
8,1,screening,244,11,10,image_12,374.3298368674285
8,1,screening,245,36,33,image_37,375.5581148674285
8,1,screening,246,33,30,image_34,376.76577986742853
8,1,screening,247,42,38,image_43,377.94877586742854
8,1,screening,248,25,23,image_26,379.14347686742855
8,1,screening,249,40,36,image_41,380.30287986742854
8,1,screening,250,38,35,image_39,381.47881086742854
8,1,screening,251,34,31,image_35,382.70705786742855
8,1,screening,252,15,14,image_16,383.89561486742855
8,1,screening,253,17,16,image_18,385.07753586742854
8,1,screening,254,43,39,image_44,386.23549586742854
8,1,screening,255,44,40,image_45,387.4169258674285
8,1,screening,256,56,51,image_57,388.6136848674285
8,1,screening,257,18,17,image_19,389.81609586742854
8,1,screening,258,58,53,image_59,390.99033786742854
8,1,screening,259,32,29,image_33,392.15815786742854
8,1,screening,260,52,47,image_53,393.3960518674285
8,1,screening,261,28,26,image_29,394.5291588674285
8,1,screening,262,50,45,image_51,395.7522138674285
8,1,screening,263,8,8,image_9,396.97874086742854
8,1,screening,264,51,46,image_52,398.18830986742853
8,1,screening,265,5,5,image_6,399.3274078674285
8,1,screening,266,31,28,image_32,400.4890838674285
8,1,screening,267,37,34,image_38,401.6585948674285
8,1,screening,268,10,9,image_11,402.86306486742853
8,1,screening,269,47,43,image_48,404.00796786742853
8,1,screening,270,25,23,image_26,405.2098878674285
8,1,screening,271,11,10,image_12,406.3488018674285
8,1,screening,272,35,32,image_36,407.54820286742853
8,1,screening,273,33,30,image_34,408.7323048674285
8,1,screening,274,36,33,image_37,409.9444238674285
8,1,screening,275,53,48,image_54,411.1477878674285
8,1,screening,276,38,35,image_39,412.37333186742853
8,1,screening,277,0,0,image_1,413.5987518674285
8,1,screening,278,54,49,image_55,414.76832386742853
8,1,screening,279,43,39,image_44,415.9740528674285
8,1,screening,280,27,25,image_28,417.1351768674285
8,1,screening,281,55,50,image_56,418.27433586742853
8,1,screening,282,22,20,image_23,419.48421286742854
8,1,screening,283,10,9,image_11,424.10975386742854
8,1,screening,284,23,21,image_24,425.2937028674285
8,1,screening,285,7,7,image_8,426.5217038674285
8,1,screening,286,56,51,image_57,427.7097998674285
8,1,screening,287,51,46,image_52,428.9049308674285
8,1,screening,288,50,45,image_51,430.1246678674285
8,1,screening,289,32,29,image_33,431.33746286742854
8,1,screening,290,14,13,image_15,432.5289388674285
8,1,screening,291,26,24,image_27,433.6835498674285
8,1,screening,292,2,2,image_3,434.8436908674285
8,1,screening,293,13,12,image_14,436.0668998674285
8,1,screening,294,31,28,image_32,439.8104388674285
8,1,screening,295,45,41,image_46,440.9920838674285
8,1,screening,296,37,34,image_38,442.1381548674285
8,1,screening,297,21,19,image_22,443.3678448674285
8,1,screening,298,16,15,image_17,444.5741278674285
8,1,screening,299,17,16,image_18,445.76068786742854
8,1,screening,300,47,43,image_48,446.93870786742855
8,1,screening,301,1,1,image_2,448.0774978674285
8,1,screening,302,44,40,image_45,449.2775128674285
8,1,screening,303,34,31,image_35,450.4159658674285
8,1,screening,304,8,8,image_9,451.5567218674285
8,1,screening,305,30,27,image_31,452.7445418674285
8,1,screening,306,4,4,image_5,453.89088886742854
8,1,screening,307,42,38,image_43,455.1084758674285
8,1,screening,308,12,11,image_13,456.32566386742855
8,1,screening,309,3,3,image_4,457.5290898674285
8,1,screening,310,48,44,image_49,460.9411598674285
8,1,screening,311,58,53,image_59,462.1437868674285
8,1,screening,312,20,18,image_21,463.3299158674285
8,1,screening,313,41,37,image_42,464.5612048674285
8,1,screening,314,40,36,image_41,465.7629098674285
8,1,screening,315,52,47,image_53,466.97763986742854
8,1,screening,316,57,52,image_58,468.14960786742853
8,1,screening,317,18,17,image_19,469.31945586742853
8,1,screening,318,24,22,image_25,470.54509186742854
8,1,screening,319,6,6,image_7,471.6868318674285
8,1,screening,320,5,5,image_6,472.8290318674285
8,1,screening,321,15,14,image_16,473.98121586742855
8,1,screening,322,46,42,image_47,475.1558258674285
8,1,screening,323,28,26,image_29,479.25823586742854
8,2,sternberg,0,3,3,image_37,1.00654
8,2,sternberg,1,2,2,image_35,2.132183
8,2,sternberg,2,5,5,image_999,2.1421829999999997
8,2,sternberg,3,4,4,image_45,5.782547999999999
8,2,sternberg,4,2,2,image_35,8.991897
8,2,sternberg,5,4,4,image_45,10.0365
8,2,sternberg,6,5,5,image_999,10.0465
8,2,sternberg,7,2,2,image_35,13.744681
8,2,sternberg,8,0,0,image_8,15.881901999999998
8,2,sternberg,9,1,1,image_33,16.927611
8,2,sternberg,10,5,5,image_999,16.937611
8,2,sternberg,11,2,2,image_35,20.605808
8,2,sternberg,12,3,3,image_37,22.908334
8,2,sternberg,13,5,5,image_999,22.918334
8,2,sternberg,14,5,5,image_999,22.928334000000003
8,2,sternberg,15,3,3,image_37,26.601153999999998
8,2,sternberg,16,1,1,image_33,28.686643
8,2,sternberg,17,5,5,image_999,28.696643
8,2,sternberg,18,5,5,image_999,28.706643000000003
8,2,sternberg,19,1,1,image_33,32.261499
8,2,sternberg,20,0,0,image_8,34.342594
8,2,sternberg,21,2,2,image_35,35.386921
8,2,sternberg,22,4,4,image_45,36.565155
8,2,sternberg,23,3,3,image_37,40.228669
8,2,sternberg,24,3,3,image_37,46.981662
8,2,sternberg,25,4,4,image_45,48.081039
8,2,sternberg,26,0,0,image_8,49.115535
8,2,sternberg,27,3,3,image_37,52.867951999999995
8,2,sternberg,28,1,1,image_33,54.953011
8,2,sternberg,29,2,2,image_35,56.128788
8,2,sternberg,30,3,3,image_37,57.314211
8,2,sternberg,31,4,4,image_45,60.885442
8,2,sternberg,32,3,3,image_37,62.730146999999995
8,2,sternberg,33,4,4,image_45,63.902913999999996
8,2,sternberg,34,0,0,image_8,65.002659
8,2,sternberg,35,2,2,image_35,68.740853
8,2,sternberg,36,1,1,image_33,71.187732
8,2,sternberg,37,5,5,image_999,71.197732
8,2,sternberg,38,5,5,image_999,71.20773200000001
8,2,sternberg,39,1,1,image_33,74.776074
8,2,sternberg,40,4,4,image_45,76.950098
8,2,sternberg,41,1,1,image_33,78.07785899999999
8,2,sternberg,42,5,5,image_999,78.087859
8,2,sternberg,43,4,4,image_45,81.742633
8,2,sternberg,44,1,1,image_33,83.821947
8,2,sternberg,45,5,5,image_999,83.831947
8,2,sternberg,46,5,5,image_999,83.841947
8,2,sternberg,47,2,2,image_35,87.501435
8,2,sternberg,48,4,4,image_45,89.635522
8,2,sternberg,49,2,2,image_35,90.72789499999999
8,2,sternberg,50,3,3,image_37,91.755724
8,2,sternberg,51,2,2,image_35,95.360225
8,2,sternberg,52,2,2,image_35,98.20419
8,2,sternberg,53,3,3,image_37,99.263324
8,2,sternberg,54,0,0,image_8,100.35993599999999
8,2,sternberg,55,4,4,image_45,103.92235
8,2,sternberg,56,2,2,image_35,106.011832
8,2,sternberg,57,3,3,image_37,107.12288199999999
8,2,sternberg,58,5,5,image_999,107.132882
8,2,sternberg,59,4,4,image_45,110.77622699999999
8,2,sternberg,60,2,2,image_35,112.97329099999999
8,2,sternberg,61,1,1,image_33,114.058967
8,2,sternberg,62,3,3,image_37,115.09290999999999
8,2,sternberg,63,0,0,image_8,118.800906
8,2,sternberg,64,1,1,image_33,120.835276
8,2,sternberg,65,5,5,image_999,120.845276
8,2,sternberg,66,5,5,image_999,120.855276
8,2,sternberg,67,3,3,image_37,124.470497
8,2,sternberg,68,0,0,image_8,126.90643899999999
8,2,sternberg,69,3,3,image_37,128.105472
8,2,sternberg,70,5,5,image_999,128.11547199999998
8,2,sternberg,71,3,3,image_37,131.854325
8,2,sternberg,72,3,3,image_37,134.013327
8,2,sternberg,73,5,5,image_999,134.023327
8,2,sternberg,74,5,5,image_999,134.03332699999999
8,2,sternberg,75,0,0,image_8,137.617643
8,2,sternberg,76,4,4,image_45,139.780178
8,2,sternberg,77,1,1,image_33,140.810619
8,2,sternberg,78,0,0,image_8,141.837834
8,2,sternberg,79,2,2,image_35,145.42577599999998
8,2,sternberg,80,2,2,image_35,147.99630299999998
8,2,sternberg,81,1,1,image_33,149.137674
8,2,sternberg,82,5,5,image_999,149.147674
8,2,sternberg,83,0,0,image_8,152.783308
8,2,sternberg,84,2,2,image_35,154.71946699999998
8,2,sternberg,85,4,4,image_45,155.88046799999998
8,2,sternberg,86,5,5,image_999,155.89046799999997
8,2,sternberg,87,4,4,image_45,159.476091
8,2,sternberg,88,0,0,image_8,161.615769
8,2,sternberg,89,5,5,image_999,161.625769
8,2,sternberg,90,5,5,image_999,161.63576899999998
8,2,sternberg,91,2,2,image_35,165.24076
8,2,sternberg,92,1,1,image_33,167.427225
8,2,sternberg,93,5,5,image_999,167.43722499999998
8,2,sternberg,94,5,5,image_999,167.44722499999997
8,2,sternberg,95,0,0,image_8,170.999746
8,2,sternberg,96,2,2,image_35,172.956242
8,2,sternberg,97,5,5,image_999,172.966242
8,2,sternberg,98,5,5,image_999,172.97624199999998
8,2,sternberg,99,1,1,image_33,176.610478
8,2,sternberg,100,4,4,image_45,178.56420799999998
8,2,sternberg,101,2,2,image_35,179.638364
8,2,sternberg,102,0,0,image_8,180.753131
8,2,sternberg,103,1,1,image_33,184.40788999999998
8,2,sternberg,104,0,0,image_8,186.839316
8,2,sternberg,105,2,2,image_35,187.97964299999998
8,2,sternberg,106,1,1,image_33,189.067499
8,2,sternberg,107,4,4,image_45,192.78627799999998
8,2,sternberg,108,4,4,image_45,195.21730499999998
8,2,sternberg,109,5,5,image_999,195.22730499999997
8,2,sternberg,110,5,5,image_999,195.23730499999996
8,2,sternberg,111,4,4,image_45,198.961674
8,2,sternberg,112,4,4,image_45,200.86130699999998
8,2,sternberg,113,5,5,image_999,200.87130699999997
8,2,sternberg,114,5,5,image_999,200.88130699999996
8,2,sternberg,115,4,4,image_45,204.539842
8,2,sternberg,116,3,3,image_37,206.36682199999998
8,2,sternberg,117,0,0,image_8,207.440824
8,2,sternberg,118,5,5,image_999,207.45082399999998
8,2,sternberg,119,0,0,image_8,211.091466
8,2,sternberg,120,3,3,image_37,213.32038599999998
8,2,sternberg,121,2,2,image_35,214.367539
8,2,sternberg,122,5,5,image_999,214.37753899999998
8,2,sternberg,123,4,4,image_45,217.969643
8,2,sternberg,124,0,0,image_8,219.859568
8,2,sternberg,125,2,2,image_35,220.95943599999998
8,2,sternberg,126,1,1,image_33,222.034391
8,2,sternberg,127,1,1,image_33,225.77264599999998
8,2,sternberg,128,4,4,image_45,228.561592
8,2,sternberg,129,2,2,image_35,229.75337399999998
8,2,sternberg,130,0,0,image_8,230.961961
8,2,sternberg,131,1,1,image_33,234.605445
8,2,sternberg,132,2,2,image_35,236.623626
8,2,sternberg,133,3,3,image_37,237.71676599999998
8,2,sternberg,134,4,4,image_45,238.847355
8,2,sternberg,135,0,0,image_8,242.45723099999998
8,2,sternberg,136,3,3,image_37,244.69973
8,2,sternberg,137,1,1,image_33,245.756252
8,2,sternberg,138,0,0,image_8,246.79289799999998
8,2,sternberg,139,1,1,image_33,250.407751
8,2,sternberg,140,4,4,image_45,253.03999499999998
8,2,sternberg,141,5,5,image_999,253.04999499999997
8,2,sternberg,142,5,5,image_999,253.05999499999996
8,2,sternberg,143,4,4,image_45,256.696965
8,2,sternberg,144,3,3,image_37,259.124521
8,2,sternberg,145,5,5,image_999,259.134521
8,2,sternberg,146,5,5,image_999,259.144521
8,2,sternberg,147,3,3,image_37,262.843484
8,2,sternberg,148,0,0,image_8,264.958034
8,2,sternberg,149,1,1,image_33,266.116423
8,2,sternberg,150,4,4,image_45,267.225692
8,2,sternberg,151,2,2,image_35,270.895626
8,2,sternberg,152,1,1,image_33,273.225369
8,2,sternberg,153,4,4,image_45,274.429931
8,2,sternberg,154,5,5,image_999,274.439931
8,2,sternberg,155,4,4,image_45,278.09366
8,2,sternberg,156,1,1,image_33,280.32568299999997
8,2,sternberg,157,5,5,image_999,280.33568299999996
8,2,sternberg,158,5,5,image_999,280.34568299999995
8,2,sternberg,159,1,1,image_33,283.980748
8,2,sternberg,160,0,0,image_8,285.947566
8,2,sternberg,161,2,2,image_35,287.039692
8,2,sternberg,162,4,4,image_45,288.12598199999996
8,2,sternberg,163,0,0,image_8,291.875451
8,2,sternberg,164,2,2,image_35,293.96779
8,2,sternberg,165,3,3,image_37,295.162091
8,2,sternberg,166,5,5,image_999,295.17209099999997
8,2,sternberg,167,2,2,image_35,298.877798
8,2,sternberg,168,0,0,image_8,301.68532999999996
8,2,sternberg,169,2,2,image_35,302.765875
8,2,sternberg,170,5,5,image_999,302.775875
8,2,sternberg,171,1,1,image_33,306.453719
8,2,sternberg,172,0,0,image_8,308.63370199999997
8,2,sternberg,173,4,4,image_45,309.667031
8,2,sternberg,174,5,5,image_999,309.677031
8,2,sternberg,175,3,3,image_37,313.350174
8,2,sternberg,176,1,1,image_33,316.355911
8,2,sternberg,177,5,5,image_999,316.365911
8,2,sternberg,178,5,5,image_999,316.375911
8,2,sternberg,179,2,2,image_35,320.055306
8,2,sternberg,180,0,0,image_8,322.247946
8,2,sternberg,181,5,5,image_999,322.257946
8,2,sternberg,182,5,5,image_999,322.267946
8,2,sternberg,183,3,3,image_37,325.872722
8,2,sternberg,184,4,4,image_45,327.897784
8,2,sternberg,185,5,5,image_999,327.907784
8,2,sternberg,186,5,5,image_999,327.917784
8,2,sternberg,187,4,4,image_45,331.455651
8,2,sternberg,188,3,3,image_37,333.490667
8,2,sternberg,189,4,4,image_45,334.59858399999996
8,2,sternberg,190,2,2,image_35,335.791288
8,2,sternberg,191,4,4,image_45,339.470438
8,2,sternberg,192,1,1,image_33,341.69687
8,2,sternberg,193,3,3,image_37,342.870067
8,2,sternberg,194,5,5,image_999,342.880067
8,2,sternberg,195,3,3,image_37,346.54381
8,2,sternberg,196,2,2,image_35,348.43736
8,2,sternberg,197,5,5,image_999,348.44736
8,2,sternberg,198,5,5,image_999,348.45736
8,2,sternberg,199,3,3,image_37,352.168304
8,2,sternberg,200,0,0,image_8,354.224763
8,2,sternberg,201,3,3,image_37,355.270625
8,2,sternberg,202,1,1,image_33,356.47872
8,2,sternberg,203,2,2,image_35,360.17605599999996
8,2,sternberg,204,4,4,image_45,362.49289699999997
8,2,sternberg,205,1,1,image_33,363.52002
8,2,sternberg,206,0,0,image_8,364.66968499999996
8,2,sternberg,207,3,3,image_37,368.23747499999996
8,2,sternberg,208,2,2,image_35,370.72002
8,2,sternberg,209,4,4,image_45,371.75298
8,2,sternberg,210,5,5,image_999,371.76297999999997
8,2,sternberg,211,2,2,image_35,375.471298
8,2,sternberg,212,3,3,image_37,378.128824
8,2,sternberg,213,4,4,image_45,379.170355
8,2,sternberg,214,0,0,image_8,380.31568899999996
8,2,sternberg,215,1,1,image_33,383.972782
8,2,sternberg,216,3,3,image_37,420.13019099999997
8,2,sternberg,217,5,5,image_999,420.14019099999996
8,2,sternberg,218,5,5,image_999,420.15019099999995
8,2,sternberg,219,3,3,image_37,423.781662
8,2,sternberg,220,2,2,image_35,426.67634699999996
8,2,sternberg,221,5,5,image_999,426.68634699999996
8,2,sternberg,222,5,5,image_999,426.69634699999995
8,2,sternberg,223,2,2,image_35,430.249267
8,2,sternberg,224,3,3,image_37,432.41367499999996
8,2,sternberg,225,5,5,image_999,432.42367499999995
8,2,sternberg,226,5,5,image_999,432.43367499999994
8,2,sternberg,227,0,0,image_8,436.047728
8,2,sternberg,228,4,4,image_45,439.831081
8,2,sternberg,229,1,1,image_33,440.85869499999995
8,2,sternberg,230,5,5,image_999,440.86869499999995
8,2,sternberg,231,0,0,image_8,444.496926
8,2,sternberg,232,4,4,image_45,446.962083
8,2,sternberg,233,5,5,image_999,446.972083
8,2,sternberg,234,5,5,image_999,446.982083
8,2,sternberg,235,1,1,image_33,450.648176
8,2,sternberg,236,1,1,image_33,453.65292999999997
8,2,sternberg,237,2,2,image_35,454.751785
8,2,sternberg,238,0,0,image_8,455.779
8,2,sternberg,239,0,0,image_8,459.531079
8,2,sternberg,240,4,4,image_45,461.87999199999996
8,2,sternberg,241,5,5,image_999,461.88999199999995
8,2,sternberg,242,5,5,image_999,461.89999199999994
8,2,sternberg,243,1,1,image_33,465.51048199999997
8,2,sternberg,244,0,0,image_8,467.823114
8,2,sternberg,245,5,5,image_999,467.83311399999997
8,2,sternberg,246,5,5,image_999,467.84311399999996
8,2,sternberg,247,0,0,image_8,471.44530899999995
8,2,sternberg,248,1,1,image_33,473.93519599999996
8,2,sternberg,249,4,4,image_45,474.96238
8,2,sternberg,250,5,5,image_999,474.97238
8,2,sternberg,251,4,4,image_45,478.66518499999995
8,2,sternberg,252,3,3,image_37,480.677099
8,2,sternberg,253,4,4,image_45,481.798748
8,2,sternberg,254,2,2,image_35,482.999531
8,2,sternberg,255,2,2,image_35,486.63647199999997
8,2,sternberg,256,2,2,image_35,488.759193
8,2,sternberg,257,5,5,image_999,488.769193
8,2,sternberg,258,5,5,image_999,488.77919299999996
8,2,sternberg,259,0,0,image_8,492.455086
8,2,sternberg,260,3,3,image_37,494.559436
8,2,sternberg,261,5,5,image_999,494.569436
8,2,sternberg,262,5,5,image_999,494.579436
8,2,sternberg,263,2,2,image_35,498.255052
8,2,sternberg,264,3,3,image_37,500.641259
8,2,sternberg,265,0,0,image_8,501.680302
8,2,sternberg,266,5,5,image_999,501.690302
8,2,sternberg,267,2,2,image_35,505.435054
8,2,sternberg,268,0,0,image_8,508.943431
8,2,sternberg,269,1,1,image_33,510.067261
8,2,sternberg,270,3,3,image_37,511.255449
8,2,sternberg,271,4,4,image_45,514.944491
8,2,sternberg,272,3,3,image_37,517.627084
8,2,sternberg,273,4,4,image_45,518.731591
8,2,sternberg,274,2,2,image_35,519.9405459999999
8,2,sternberg,275,0,0,image_8,523.526922
8,2,sternberg,276,1,1,image_33,525.84834
8,2,sternberg,277,5,5,image_999,525.85834
8,2,sternberg,278,5,5,image_999,525.86834
8,2,sternberg,279,4,4,image_45,529.4777849999999
8,2,sternberg,280,0,0,image_8,531.896524
8,2,sternberg,281,1,1,image_33,533.002291
8,2,sternberg,282,4,4,image_45,534.037678
8,2,sternberg,283,1,1,image_33,537.710438
8,2,sternberg,284,2,2,image_35,539.8642169999999
8,2,sternberg,285,5,5,image_999,539.8742169999999
8,2,sternberg,286,5,5,image_999,539.8842169999999
8,2,sternberg,287,0,0,image_8,543.536179
8,2,sternberg,288,3,3,image_37,545.447669
8,2,sternberg,289,5,5,image_999,545.457669
8,2,sternberg,290,5,5,image_999,545.467669
8,2,sternberg,291,3,3,image_37,549.1293999999999
8,2,sternberg,292,4,4,image_45,551.0248849999999
8,2,sternberg,293,3,3,image_37,552.233349
8,2,sternberg,294,0,0,image_8,553.3929979999999
8,2,sternberg,295,4,4,image_45,557.016545
8,2,sternberg,296,1,1,image_33,559.1506939999999
8,2,sternberg,297,0,0,image_8,560.344596
8,2,sternberg,298,5,5,image_999,560.354596
8,2,sternberg,299,1,1,image_33,564.0736969999999
8,2,sternberg,300,2,2,image_35,566.078392
8,2,sternberg,301,1,1,image_33,567.209072
8,2,sternberg,302,4,4,image_45,568.236134
8,2,sternberg,303,2,2,image_35,571.880079
8,2,sternberg,304,2,2,image_35,573.901117
8,2,sternberg,305,5,5,image_999,573.911117
8,2,sternberg,306,5,5,image_999,573.921117
8,2,sternberg,307,2,2,image_35,577.491302
8,2,sternberg,308,1,1,image_33,579.348879
8,2,sternberg,309,3,3,image_37,580.478853
8,2,sternberg,310,0,0,image_8,581.586555
8,2,sternberg,311,1,1,image_33,585.278945
8,2,sternberg,312,1,1,image_33,587.759554
8,2,sternberg,313,5,5,image_999,587.769554
8,2,sternberg,314,5,5,image_999,587.779554
8,2,sternberg,315,1,1,image_33,591.323811
8,2,sternberg,316,0,0,image_8,593.1103019999999
8,2,sternberg,317,5,5,image_999,593.1203019999999
8,2,sternberg,318,5,5,image_999,593.1303019999999
8,2,sternberg,319,4,4,image_45,596.7692999999999
8,2,sternberg,320,1,1,image_33,598.821519
8,2,sternberg,321,4,4,image_45,599.997266
8,2,sternberg,322,2,2,image_35,601.153013
8,2,sternberg,323,4,4,image_45,604.899563
8,2,sternberg,324,3,3,image_37,607.116503
8,2,sternberg,325,2,2,image_35,608.150538
8,2,sternberg,326,1,1,image_33,609.285304
8,2,sternberg,327,0,0,image_8,612.9986759999999
8,2,sternberg,328,0,0,image_8,615.3666039999999
8,2,sternberg,329,2,2,image_35,616.431022
8,2,sternberg,330,5,5,image_999,616.441022
8,2,sternberg,331,1,1,image_33,620.014725
8,2,sternberg,332,0,0,image_8,623.042334
8,2,sternberg,333,4,4,image_45,624.160542
8,2,sternberg,334,5,5,image_999,624.170542
8,2,sternberg,335,0,0,image_8,627.8071289999999
8,2,sternberg,336,0,0,image_8,630.271764
8,2,sternberg,337,5,5,image_999,630.281764
8,2,sternberg,338,5,5,image_999,630.291764
8,2,sternberg,339,0,0,image_8,634.018007
8,2,sternberg,340,2,2,image_35,635.951554
8,2,sternberg,341,0,0,image_8,637.0133599999999
8,2,sternberg,342,5,5,image_999,637.0233599999999
8,2,sternberg,343,2,2,image_35,640.704522
8,2,sternberg,344,1,1,image_33,642.8499449999999
8,2,sternberg,345,5,5,image_999,642.8599449999999
8,2,sternberg,346,5,5,image_999,642.8699449999999
8,2,sternberg,347,1,1,image_33,646.5455
8,2,sternberg,348,3,3,image_37,648.502302
8,2,sternberg,349,0,0,image_8,649.561589
8,2,sternberg,350,5,5,image_999,649.571589
8,2,sternberg,351,2,2,image_35,653.252536
8,2,sternberg,352,0,0,image_8,655.5087659999999
8,2,sternberg,353,2,2,image_35,656.677539
8,2,sternberg,354,1,1,image_33,657.8252689999999
8,2,sternberg,355,2,2,image_35,661.38455
8,2,sternberg,356,3,3,image_37,663.4451859999999
8,2,sternberg,357,4,4,image_45,664.640901
8,2,sternberg,358,5,5,image_999,664.650901
8,2,sternberg,359,4,4,image_45,668.2010419999999
8,2,sternberg,360,4,4,image_45,670.319032
8,2,sternberg,361,3,3,image_37,671.423447
8,2,sternberg,362,5,5,image_999,671.433447
8,2,sternberg,363,3,3,image_37,675.137034
8,2,sternberg,364,3,3,image_37,677.3981789999999
8,2,sternberg,365,2,2,image_35,678.504867
8,2,sternberg,366,5,5,image_999,678.514867
8,2,sternberg,367,3,3,image_37,682.067558
8,2,sternberg,368,0,0,image_8,684.0919749999999
8,2,sternberg,369,1,1,image_33,685.198755
8,2,sternberg,370,5,5,image_999,685.208755
8,2,sternberg,371,0,0,image_8,688.782428
8,2,sternberg,372,2,2,image_35,690.7854639999999
8,2,sternberg,373,0,0,image_8,691.837409
8,2,sternberg,374,5,5,image_999,691.847409
8,2,sternberg,375,3,3,image_37,695.543316
8,2,sternberg,376,4,4,image_45,698.0459519999999
8,2,sternberg,377,3,3,image_37,699.111106
8,2,sternberg,378,2,2,image_35,700.277237
8,2,sternberg,379,4,4,image_45,703.867207
8,2,sternberg,380,4,4,image_45,705.794181
8,2,sternberg,381,3,3,image_37,706.920253
8,2,sternberg,382,5,5,image_999,706.930253
8,2,sternberg,383,0,0,image_8,710.610923
8,2,sternberg,384,2,2,image_35,712.911605
8,2,sternberg,385,0,0,image_8,714.05356
8,2,sternberg,386,1,1,image_33,715.1950539999999
8,2,sternberg,387,1,1,image_33,718.88812
8,2,sternberg,388,3,3,image_37,720.942766
8,2,sternberg,389,1,1,image_33,721.9965229999999
8,2,sternberg,390,5,5,image_999,722.0065229999999
8,2,sternberg,391,2,2,image_35,725.693276
8,2,sternberg,392,0,0,image_8,727.6470989999999
8,2,sternberg,393,5,5,image_999,727.6570989999999
8,2,sternberg,394,5,5,image_999,727.6670989999999
8,2,sternberg,395,0,0,image_8,731.324221
8,2,sternberg,396,3,3,image_37,733.377024
8,2,sternberg,397,5,5,image_999,733.387024
8,2,sternberg,398,5,5,image_999,733.397024
8,2,sternberg,399,4,4,image_45,737.0688299999999
8,2,sternberg,400,2,2,image_35,739.09632
8,2,sternberg,401,0,0,image_8,740.242176
8,2,sternberg,402,5,5,image_999,740.252176
8,2,sternberg,403,3,3,image_37,743.8799769999999
8,2,sternberg,404,4,4,image_45,746.519378
8,2,sternberg,405,1,1,image_33,747.582996
8,2,sternberg,406,5,5,image_999,747.592996
8,2,sternberg,407,1,1,image_33,751.2606099999999
8,2,sternberg,408,3,3,image_37,753.272617
8,2,sternberg,409,2,2,image_35,754.457456
8,2,sternberg,410,4,4,image_45,755.522119
8,2,sternberg,411,4,4,image_45,759.1437619999999
8,2,sternberg,412,1,1,image_33,762.1018829999999
8,2,sternberg,413,3,3,image_37,763.2438989999999
8,2,sternberg,414,4,4,image_45,764.351692
8,2,sternberg,415,4,4,image_45,768.0332999999999
8,2,sternberg,416,2,2,image_35,770.3548109999999
8,2,sternberg,417,1,1,image_33,771.475722
8,2,sternberg,418,5,5,image_999,771.485722
8,2,sternberg,419,4,4,image_45,775.1724439999999
8,2,sternberg,420,3,3,image_37,777.625282
8,2,sternberg,421,0,0,image_8,778.682419
8,2,sternberg,422,5,5,image_999,778.692419
8,2,sternberg,423,2,2,image_35,782.2623739999999
8,2,sternberg,424,1,1,image_33,784.514764
8,2,sternberg,425,3,3,image_37,785.60597
8,2,sternberg,426,4,4,image_45,786.7081109999999
8,2,sternberg,427,0,0,image_8,790.33688
8,2,sternberg,428,4,4,image_45,792.704348
8,2,sternberg,429,1,1,image_33,793.871278
8,2,sternberg,430,5,5,image_999,793.881278
8,2,sternberg,431,2,2,image_35,797.613127
9,1,screening,0,34,31,image_35,82.30462299999999
9,1,screening,1,43,39,image_44,83.54006
9,1,screening,2,23,21,image_24,84.759559
9,1,screening,3,36,33,image_37,85.897465
9,1,screening,4,37,34,image_38,87.134652
9,1,screening,5,5,5,image_6,95.255524
9,1,screening,6,2,2,image_3,96.393461
9,1,screening,7,16,15,image_17,97.54749199999999
9,1,screening,8,11,10,image_12,98.728085
9,1,screening,9,58,53,image_59,99.94896
9,1,screening,10,32,29,image_33,101.171178
9,1,screening,11,48,44,image_49,104.740489
9,1,screening,12,55,50,image_56,105.964676
9,1,screening,13,35,32,image_36,107.185644
9,1,screening,14,6,6,image_7,108.360175
9,1,screening,15,41,37,image_42,109.566581
9,1,screening,16,45,41,image_46,110.71333
9,1,screening,17,30,27,image_31,114.24151599999999
9,1,screening,18,17,16,image_18,115.45901599999999
9,1,screening,19,44,40,image_45,116.664109
9,1,screening,20,51,46,image_52,120.224795
9,1,screening,21,14,13,image_15,121.416732
9,1,screening,22,50,45,image_51,122.54610699999999
9,1,screening,23,7,7,image_8,123.756981
9,1,screening,24,4,4,image_5,124.97638699999999
9,1,screening,25,52,47,image_53,126.169699
9,1,screening,26,57,52,image_58,127.37119899999999
9,1,screening,27,31,28,image_32,128.571136
9,1,screening,28,22,20,image_23,129.73622899999998
9,1,screening,29,26,24,image_27,130.92791599999998
9,1,screening,30,56,51,image_57,132.070728
9,1,screening,31,40,36,image_41,133.266884
9,1,screening,32,33,30,image_34,134.39629
9,1,screening,33,53,48,image_54,135.549602
9,1,screening,34,28,26,image_29,139.484537
9,1,screening,35,54,49,image_55,140.620849
9,1,screening,36,27,25,image_28,141.829005
9,1,screening,37,46,42,image_47,143.02363
9,1,screening,38,20,18,image_21,144.18078599999998
9,1,screening,39,47,43,image_48,145.402066
9,1,screening,40,15,14,image_16,146.53094099999998
9,1,screening,41,0,0,image_1,147.698847
9,1,screening,42,38,35,image_39,148.863409
9,1,screening,43,24,22,image_25,150.065564
9,1,screening,44,1,1,image_2,151.27122
9,1,screening,45,3,3,image_4,152.415595
9,1,screening,46,18,17,image_19,153.589532
9,1,screening,47,25,23,image_26,154.760125
9,1,screening,48,42,38,image_43,155.950406
9,1,screening,49,13,12,image_14,157.14652999999998
9,1,screening,50,8,8,image_9,158.347749
9,1,screening,51,21,19,image_22,159.50099799999998
9,1,screening,52,10,9,image_11,162.936028
9,1,screening,53,12,11,image_13,164.12862099999998
9,1,screening,54,48,44,image_49,165.270746
9,1,screening,55,41,37,image_42,166.40833899999998
9,1,screening,56,40,36,image_41,167.583339
9,1,screening,57,0,0,image_1,168.804307
9,1,screening,58,45,41,image_46,169.964306
9,1,screening,59,14,13,image_15,171.14855599999999
9,1,screening,60,15,14,image_16,172.29668099999998
9,1,screening,61,51,46,image_52,173.498368
9,1,screening,62,55,50,image_56,179.221272
9,1,screening,63,24,22,image_25,180.39899
9,1,screening,64,5,5,image_6,181.594583
9,1,screening,65,21,19,image_22,182.824145
9,1,screening,66,25,23,image_26,184.04761299999998
9,1,screening,67,18,17,image_19,185.227925
9,1,screening,68,7,7,image_8,186.370862
9,1,screening,69,16,15,image_17,187.512237
9,1,screening,70,57,52,image_58,188.663955
9,1,screening,71,34,31,image_35,189.87433
9,1,screening,72,53,48,image_54,191.025454
9,1,screening,73,50,45,image_51,192.23286
9,1,screening,74,3,3,image_4,193.38361
9,1,screening,75,23,21,image_24,194.602422
9,1,screening,76,28,26,image_29,195.763734
9,1,screening,77,37,34,image_38,196.90985799999999
9,1,screening,78,47,43,image_48,198.061983
9,1,screening,79,27,25,image_28,199.24917
9,1,screening,80,1,1,image_2,200.4227
9,1,screening,81,8,8,image_9,201.585013
9,1,screening,82,54,49,image_55,205.75938599999998
9,1,screening,83,42,38,image_43,206.944198
9,1,screening,84,13,12,image_14,208.12491599999998
9,1,screening,85,32,29,image_33,209.342416
9,1,screening,86,38,35,image_39,210.496603
9,1,screening,87,46,42,image_47,211.69769599999998
9,1,screening,88,31,28,image_32,212.899602
9,1,screening,89,4,4,image_5,214.06407
9,1,screening,90,56,51,image_57,215.247163
9,1,screening,91,26,24,image_27,216.38000699999998
9,1,screening,92,58,53,image_59,217.511194
9,1,screening,93,10,9,image_11,222.476192
9,1,screening,94,6,6,image_7,223.680285
9,1,screening,95,36,33,image_37,224.89950299999998
9,1,screening,96,35,32,image_36,226.03787799999998
9,1,screening,97,43,39,image_44,227.220252
9,1,screening,98,52,47,image_53,228.392439
9,1,screening,99,20,18,image_21,229.519251
9,1,screening,100,30,27,image_31,230.679126
9,1,screening,101,17,16,image_18,231.82159399999998
9,1,screening,102,11,10,image_12,233.02668699999998
9,1,screening,103,33,30,image_34,234.183562
9,1,screening,104,22,20,image_23,235.361874
9,1,screening,105,44,40,image_45,239.576091
9,1,screening,106,12,11,image_13,240.76299699999998
9,1,screening,107,2,2,image_3,241.91571499999998
9,1,screening,108,15,14,image_16,243.107652
9,1,screening,109,47,43,image_48,244.30186999999998
9,1,screening,110,41,37,image_42,245.509526
9,1,screening,111,11,10,image_12,246.680869
9,1,screening,112,3,3,image_4,247.815056
9,1,screening,113,20,18,image_21,248.969775
9,1,screening,114,13,12,image_14,250.186368
9,1,screening,115,56,51,image_57,251.32708599999998
9,1,screening,116,43,39,image_44,252.535148
9,1,screening,117,30,27,image_31,259.060427
9,1,screening,118,34,31,image_35,260.28677
9,1,screening,119,28,26,image_29,261.419801
9,1,screening,120,6,6,image_7,262.609926
9,1,screening,121,26,24,image_27,263.747081
9,1,screening,122,44,40,image_45,264.970018
9,1,screening,123,4,4,image_5,266.095237
9,1,screening,124,42,38,image_43,267.298142
9,1,screening,125,45,41,image_46,268.518954
9,1,screening,126,22,20,image_23,269.73211
9,1,screening,127,27,25,image_28,270.866516
9,1,screening,128,53,48,image_54,272.03126499999996
9,1,screening,129,37,34,image_38,275.414264
9,1,screening,130,55,50,image_56,276.621045
9,1,screening,131,58,53,image_59,277.789982
9,1,screening,132,21,19,image_22,279.006919
9,1,screening,133,40,36,image_41,280.151325
9,1,screening,134,46,42,image_47,284.03135399999996
9,1,screening,135,24,22,image_25,285.172104
9,1,screening,136,12,11,image_13,286.311104
9,1,screening,137,2,2,image_3,290.509414
9,1,screening,138,52,47,image_53,291.693195
9,1,screening,139,51,46,image_52,292.872257
9,1,screening,140,38,35,image_39,294.011538
9,1,screening,141,8,8,image_9,295.22200599999996
9,1,screening,142,33,30,image_34,296.40966199999997
9,1,screening,143,32,29,image_33,297.570255
9,1,screening,144,36,33,image_37,298.74938
9,1,screening,145,0,0,image_1,299.91562899999997
9,1,screening,146,1,1,image_2,301.049129
9,1,screening,147,16,15,image_17,302.198128
9,1,screening,148,57,52,image_58,303.33565899999996
9,1,screening,149,23,21,image_24,304.479159
9,1,screening,150,17,16,image_18,305.628158
9,1,screening,151,7,7,image_8,306.795564
9,1,screening,152,35,32,image_36,310.058219
9,1,screening,153,18,17,image_19,311.27559299999996
9,1,screening,154,31,28,image_32,312.495499
9,1,screening,155,54,49,image_55,313.67031099999997
9,1,screening,156,48,44,image_49,314.84381099999996
9,1,screening,157,25,23,image_26,316.002748
9,1,screening,158,5,5,image_6,317.218279
9,1,screening,159,50,45,image_51,318.380497
9,1,screening,160,14,13,image_15,319.517121
9,1,screening,161,10,9,image_11,320.72115199999996
9,1,screening,162,12,11,image_13,321.884902
9,1,screening,163,13,12,image_14,323.035058
9,1,screening,164,7,7,image_8,324.201307
9,1,screening,165,30,27,image_31,325.336057
9,1,screening,166,2,2,image_3,329.877367
9,1,screening,167,3,3,image_4,331.098211
9,1,screening,168,14,13,image_15,332.33327299999996
9,1,screening,169,25,23,image_26,333.516772
9,1,screening,170,23,21,image_24,339.411551
9,1,screening,171,58,53,image_59,340.572769
9,1,screening,172,53,48,image_54,341.734581
9,1,screening,173,56,51,image_57,342.9428
9,1,screening,174,8,8,image_9,344.069643
9,1,screening,175,0,0,image_1,345.199455
9,1,screening,176,21,19,image_22,346.341704
9,1,screening,177,54,49,image_55,347.53186
9,1,screening,178,36,33,image_37,348.732016
9,1,screening,179,46,42,image_47,349.924265
9,1,screening,180,10,9,image_11,351.09539
9,1,screening,181,26,24,image_27,352.281483
9,1,screening,182,43,39,image_44,353.436358
9,1,screening,183,1,1,image_2,354.636014
9,1,screening,184,34,31,image_35,355.78045099999997
9,1,screening,185,35,32,image_36,356.974419
9,1,screening,186,18,17,image_19,358.1187
9,1,screening,187,55,50,image_56,359.28048
9,1,screening,188,33,30,image_34,360.46813599999996
9,1,screening,189,37,34,image_38,361.67229199999997
9,1,screening,190,38,35,image_39,362.806292
9,1,screening,191,45,41,image_46,364.024135
9,1,screening,192,20,18,image_21,365.22722799999997
9,1,screening,193,50,45,image_51,366.401165
9,1,screening,194,6,6,image_7,367.570446
9,1,screening,195,52,47,image_53,368.74057
9,1,screening,196,51,46,image_52,369.896507
9,1,screening,197,27,25,image_28,371.072413
9,1,screening,198,42,38,image_43,372.25100699999996
9,1,screening,199,17,16,image_18,373.458537
9,1,screening,200,15,14,image_16,374.663349
9,1,screening,201,24,22,image_25,378.827348
9,1,screening,202,16,15,image_17,379.99134699999996
9,1,screening,203,22,20,image_23,381.198472
9,1,screening,204,32,29,image_33,382.378002
9,1,screening,205,28,26,image_29,383.538752
9,1,screening,206,41,37,image_42,384.758001
9,1,screening,207,44,40,image_45,385.969907
9,1,screening,208,40,36,image_41,387.150688
9,1,screening,209,11,10,image_12,388.33534399999996
9,1,screening,210,57,52,image_58,389.519093
9,1,screening,211,48,44,image_49,393.272998
9,1,screening,212,31,28,image_32,394.430279
9,1,screening,213,47,43,image_48,395.603372
9,1,screening,214,4,4,image_5,396.75215299999996
9,1,screening,215,5,5,image_6,397.962434
9,1,screening,216,30,27,image_31,399.107058
9,1,screening,217,48,44,image_49,400.25505799999996
9,1,screening,218,26,24,image_27,401.398464
9,1,screening,219,53,48,image_54,402.546744
9,1,screening,220,12,11,image_13,403.716306
9,1,screening,221,21,19,image_22,404.87365
9,1,screening,222,57,52,image_58,406.09155499999997
9,1,screening,223,1,1,image_2,407.260336
9,1,screening,224,7,7,image_8,408.40446099999997
9,1,screening,225,20,18,image_21,409.621148
9,1,screening,226,0,0,image_1,413.30114599999996
9,1,screening,227,2,2,image_3,414.471021
9,1,screening,228,41,37,image_42,415.60783299999997
9,1,screening,229,35,32,image_36,416.758989
9,1,screening,230,13,12,image_14,417.92598799999996
9,1,screening,231,54,49,image_55,419.11098799999996
9,1,screening,232,16,15,image_17,420.262925
9,1,screening,233,27,25,image_28,421.449955
9,1,screening,234,22,20,image_23,422.64723599999996
9,1,screening,235,4,4,image_5,423.794892
9,1,screening,236,23,21,image_24,424.93170399999997
9,1,screening,237,55,50,image_56,426.08642199999997
9,1,screening,238,46,42,image_47,430.73698299999995
9,1,screening,239,45,41,image_46,431.90585799999997
9,1,screening,240,14,13,image_15,433.08170099999995
9,1,screening,241,24,22,image_25,434.21626299999997
9,1,screening,242,6,6,image_7,435.36851199999995
9,1,screening,243,3,3,image_4,436.574793
9,1,screening,244,11,10,image_12,437.703261
9,1,screening,245,36,33,image_37,438.922011
9,1,screening,246,33,30,image_34,440.127136
9,1,screening,247,42,38,image_43,441.30188499999997
9,1,screening,248,25,23,image_26,442.484916
9,1,screening,249,40,36,image_41,443.634072
9,1,screening,250,38,35,image_39,444.805227
9,1,screening,251,34,31,image_35,446.02750799999995
9,1,screening,252,15,14,image_16,447.207976
9,1,screening,253,17,16,image_18,448.386851
9,1,screening,254,43,39,image_44,449.536413
9,1,screening,255,44,40,image_45,450.710694
9,1,screening,256,56,51,image_57,451.898756
9,1,screening,257,18,17,image_19,453.09169299999996
9,1,screening,258,58,53,image_59,454.256755
9,1,screening,259,32,29,image_33,455.418411
9,1,screening,260,52,47,image_53,456.64275399999997
9,1,screening,261,28,26,image_29,457.771566
9,1,screening,262,50,45,image_51,458.98587799999996
9,1,screening,263,8,8,image_9,460.20309599999996
9,1,screening,264,51,46,image_52,461.408033
9,1,screening,265,5,5,image_6,462.54346999999996
9,1,screening,266,31,28,image_32,463.695657
9,1,screening,267,37,34,image_38,464.854657
9,1,screening,268,10,9,image_11,466.048344
9,1,screening,269,47,43,image_48,467.187093
9,1,screening,270,25,23,image_26,468.38568699999996
9,1,screening,271,11,10,image_12,469.52124899999995
9,1,screening,272,35,32,image_36,470.712498
9,1,screening,273,33,30,image_34,471.88737299999997
9,1,screening,274,36,33,image_37,473.090091
9,1,screening,275,53,48,image_54,474.287716
9,1,screening,276,38,35,image_39,475.503715
9,1,screening,277,0,0,image_1,476.718558
9,1,screening,278,54,49,image_55,477.87755799999996
9,1,screening,279,43,39,image_44,479.072339
9,1,screening,280,27,25,image_28,480.218307
9,1,screening,281,55,50,image_56,481.3474
9,1,screening,282,22,20,image_23,482.554462
9,1,screening,283,10,9,image_11,485.87793
9,1,screening,284,23,21,image_24,487.05155399999995
9,1,screening,285,7,7,image_8,488.267429
9,1,screening,286,56,51,image_57,489.453241
9,1,screening,287,51,46,image_52,490.640365
9,1,screening,288,50,45,image_51,491.85211499999997
9,1,screening,289,32,29,image_33,493.057958
9,1,screening,290,14,13,image_15,494.241208
9,1,screening,291,26,24,image_27,495.385332
9,1,screening,292,2,2,image_3,496.53439399999996
9,1,screening,293,13,12,image_14,497.74833099999995
9,1,screening,294,31,28,image_32,501.28254799999996
9,1,screening,295,45,41,image_46,502.458642
9,1,screening,296,37,34,image_38,503.600235
9,1,screening,297,21,19,image_22,504.823266
9,1,screening,298,16,15,image_17,506.02135899999996
9,1,screening,299,17,16,image_18,507.19751499999995
9,1,screening,300,47,43,image_48,508.370546
9,1,screening,301,1,1,image_2,509.50129499999997
9,1,screening,302,44,40,image_45,510.69645099999997
9,1,screening,303,34,31,image_35,511.827075
9,1,screening,304,8,8,image_9,512.959825
9,1,screening,305,30,27,image_31,514.137356
9,1,screening,306,4,4,image_5,515.2724489999999
9,1,screening,307,42,38,image_43,516.47973
9,1,screening,308,12,11,image_13,517.686636
9,1,screening,309,3,3,image_4,518.884604
9,1,screening,310,48,44,image_49,522.2863209999999
9,1,screening,311,58,53,image_59,523.478071
9,1,screening,312,20,18,image_21,524.6556019999999
9,1,screening,313,41,37,image_42,525.87907
9,1,screening,314,40,36,image_41,527.069476
9,1,screening,315,52,47,image_53,528.2818189999999
9,1,screening,316,57,52,image_58,529.452662
9,1,screening,317,18,17,image_19,530.6213799999999
9,1,screening,318,24,22,image_25,531.829536
9,1,screening,319,6,6,image_7,532.963473
9,1,screening,320,5,5,image_6,534.1023789999999
9,1,screening,321,15,14,image_16,535.245097
9,1,screening,322,46,42,image_47,536.4099719999999
9,1,screening,323,28,26,image_29,540.409908
9,2,sternberg,0,4,4,image_46,171.427775
9,2,sternberg,1,2,2,image_24,174.080618
9,2,sternberg,2,5,5,image_999,174.09061799999998
9,2,sternberg,3,1,1,image_17,179.41302199999998
9,2,sternberg,4,2,2,image_24,188.124643
9,2,sternberg,5,1,1,image_17,190.690517
9,2,sternberg,6,5,5,image_999,190.700517
9,2,sternberg,7,1,1,image_17,195.934046
9,2,sternberg,8,1,1,image_17,200.554295
9,2,sternberg,9,5,5,image_999,200.564295
9,2,sternberg,10,5,5,image_999,200.57429499999998
9,2,sternberg,11,1,1,image_17,205.692074
9,2,sternberg,12,0,0,image_5,210.272041
9,2,sternberg,13,2,2,image_24,212.856415
9,2,sternberg,14,4,4,image_46,215.536882
9,2,sternberg,15,0,0,image_5,220.758161
9,2,sternberg,16,0,0,image_5,226.81859699999998
9,2,sternberg,17,2,2,image_24,229.48387699999998
9,2,sternberg,18,5,5,image_999,229.49387699999997
9,2,sternberg,19,1,1,image_17,234.667125
9,2,sternberg,20,1,1,image_17,237.963217
9,2,sternberg,21,5,5,image_999,237.97321699999998
9,2,sternberg,22,5,5,image_999,237.98321699999997
9,2,sternberg,23,2,2,image_24,243.26183999999998
9,2,sternberg,24,1,1,image_17,248.451807
9,2,sternberg,25,4,4,image_46,250.975493
9,2,sternberg,26,5,5,image_999,250.985493
9,2,sternberg,27,1,1,image_17,256.107241
9,2,sternberg,28,3,3,image_34,259.486115
9,2,sternberg,29,1,1,image_17,262.033645
9,2,sternberg,30,0,0,image_5,264.66751899999997
9,2,sternberg,31,1,1,image_17,269.83432899999997
9,2,sternberg,32,3,3,image_34,276.254858
9,2,sternberg,33,5,5,image_999,276.264858
9,2,sternberg,34,5,5,image_999,276.274858
9,2,sternberg,35,3,3,image_34,281.34376199999997
9,2,sternberg,36,1,1,image_17,286.996135
9,2,sternberg,37,3,3,image_34,289.61697799999996
9,2,sternberg,38,0,0,image_5,292.330664
9,2,sternberg,39,2,2,image_24,297.439318
9,2,sternberg,40,2,2,image_24,302.18706599999996
9,2,sternberg,41,5,5,image_999,302.19706599999995
9,2,sternberg,42,5,5,image_999,302.20706599999994
9,2,sternberg,43,2,2,image_24,307.473408
9,2,sternberg,44,1,1,image_17,310.757125
9,2,sternberg,45,2,2,image_24,313.32181199999997
9,2,sternberg,46,5,5,image_999,313.33181199999996
9,2,sternberg,47,2,2,image_24,318.57624699999997
9,2,sternberg,48,1,1,image_17,323.307527
9,2,sternberg,49,5,5,image_999,323.317527
9,2,sternberg,50,5,5,image_999,323.327527
9,2,sternberg,51,2,2,image_24,328.39865
9,2,sternberg,52,1,1,image_17,332.229585
9,2,sternberg,53,5,5,image_999,332.239585
9,2,sternberg,54,5,5,image_999,332.24958499999997
9,2,sternberg,55,3,3,image_34,337.39198999999996
9,2,sternberg,56,0,0,image_5,340.433051
9,2,sternberg,57,1,1,image_17,343.027612
9,2,sternberg,58,2,2,image_24,345.556018
9,2,sternberg,59,1,1,image_17,350.665891
9,2,sternberg,60,2,2,image_24,353.991858
9,2,sternberg,61,5,5,image_999,354.00185799999997
9,2,sternberg,62,5,5,image_999,354.01185799999996
9,2,sternberg,63,2,2,image_24,359.141075
9,2,sternberg,64,2,2,image_24,362.186105
9,2,sternberg,65,3,3,image_34,364.766729
9,2,sternberg,66,4,4,image_46,367.460946
9,2,sternberg,67,0,0,image_5,372.59466299999997
9,2,sternberg,68,4,4,image_46,375.750412
9,2,sternberg,69,3,3,image_34,378.344567
9,2,sternberg,70,1,1,image_17,380.878316
9,2,sternberg,71,3,3,image_34,386.04796999999996
9,2,sternberg,72,4,4,image_46,389.863344
9,2,sternberg,73,1,1,image_17,392.424218
9,2,sternberg,74,5,5,image_999,392.434218
9,2,sternberg,75,3,3,image_34,397.626934
9,2,sternberg,76,1,1,image_17,400.61443299999996
9,2,sternberg,77,4,4,image_46,403.256651
9,2,sternberg,78,3,3,image_34,405.91655599999996
9,2,sternberg,79,4,4,image_46,411.140898
9,2,sternberg,80,1,1,image_17,414.99599
9,2,sternberg,81,2,2,image_24,417.546676
9,2,sternberg,82,0,0,image_5,420.19804999999997
9,2,sternberg,83,1,1,image_17,425.320829
9,2,sternberg,84,1,1,image_17,430.487796
9,2,sternberg,85,2,2,image_24,433.18663899999996
9,2,sternberg,86,3,3,image_34,435.85682499999996
9,2,sternberg,87,0,0,image_5,441.046604
9,2,sternberg,88,4,4,image_46,444.093322
9,2,sternberg,89,5,5,image_999,444.103322
9,2,sternberg,90,5,5,image_999,444.113322
9,2,sternberg,91,2,2,image_24,449.327726
9,2,sternberg,92,2,2,image_24,452.22563099999996
9,2,sternberg,93,1,1,image_17,454.90178599999996
9,2,sternberg,94,0,0,image_5,457.521598
9,2,sternberg,95,0,0,image_5,462.73465799999997
9,2,sternberg,96,0,0,image_5,466.162125
9,2,sternberg,97,5,5,image_999,466.172125
9,2,sternberg,98,5,5,image_999,466.182125
9,2,sternberg,99,4,4,image_46,471.35040499999997
9,2,sternberg,100,4,4,image_46,491.987334
9,2,sternberg,101,1,1,image_17,494.669927
9,2,sternberg,102,5,5,image_999,494.67992699999996
9,2,sternberg,103,3,3,image_34,499.779362
9,2,sternberg,104,4,4,image_46,502.826267
9,2,sternberg,105,3,3,image_34,505.40198499999997
9,2,sternberg,106,2,2,image_24,508.10013999999995
9,2,sternberg,107,0,0,image_5,513.255763
9,2,sternberg,108,3,3,image_34,516.207262
9,2,sternberg,109,4,4,image_46,518.7431359999999
9,2,sternberg,110,5,5,image_999,518.7531359999999
9,2,sternberg,111,1,1,image_17,523.8839459999999
9,2,sternberg,112,0,0,image_5,526.783195
9,2,sternberg,113,5,5,image_999,526.793195
9,2,sternberg,114,5,5,image_999,526.803195
9,2,sternberg,115,0,0,image_5,529.2882559999999
9,2,sternberg,116,0,0,image_5,539.871565
9,2,sternberg,117,3,3,image_34,542.469751
9,2,sternberg,118,4,4,image_46,545.086063
9,2,sternberg,119,1,1,image_17,550.180779
9,2,sternberg,120,4,4,image_46,553.154872
9,2,sternberg,121,5,5,image_999,553.164872
9,2,sternberg,122,5,5,image_999,553.1748719999999
9,2,sternberg,123,4,4,image_46,558.401307
9,2,sternberg,124,2,2,image_24,561.826275
9,2,sternberg,125,3,3,image_34,564.532523
9,2,sternberg,126,5,5,image_999,564.542523
9,2,sternberg,127,2,2,image_24,569.74349
9,2,sternberg,128,1,1,image_17,572.440208
9,2,sternberg,129,3,3,image_34,575.088894
9,2,sternberg,130,5,5,image_999,575.098894
9,2,sternberg,131,2,2,image_24,580.254142
9,2,sternberg,132,2,2,image_24,583.350391
9,2,sternberg,133,0,0,image_5,586.046234
9,2,sternberg,134,4,4,image_46,588.719264
9,2,sternberg,135,4,4,image_46,593.813543
9,2,sternberg,136,2,2,image_24,596.8221669999999
9,2,sternberg,137,5,5,image_999,596.8321669999999
9,2,sternberg,138,5,5,image_999,596.8421669999999
9,2,sternberg,139,0,0,image_5,602.025946
9,2,sternberg,140,3,3,image_34,604.7376009999999
9,2,sternberg,141,0,0,image_5,607.3947559999999
9,2,sternberg,142,2,2,image_24,610.088849
9,2,sternberg,143,4,4,image_46,615.3503469999999
9,2,sternberg,144,3,3,image_34,618.390096
9,2,sternberg,145,4,4,image_46,621.05072
9,2,sternberg,146,5,5,image_999,621.06072
9,2,sternberg,147,4,4,image_46,626.247905
9,2,sternberg,148,4,4,image_46,629.4970599999999
9,2,sternberg,149,5,5,image_999,629.5070599999999
9,2,sternberg,150,5,5,image_999,629.5170599999999
9,2,sternberg,151,4,4,image_46,634.796839
9,2,sternberg,152,4,4,image_46,638.044838
9,2,sternberg,153,3,3,image_34,640.737337
9,2,sternberg,154,5,5,image_999,640.747337
9,2,sternberg,155,1,1,image_17,645.839835
9,2,sternberg,156,4,4,image_46,649.044896
9,2,sternberg,157,5,5,image_999,649.054896
9,2,sternberg,158,5,5,image_999,649.064896
9,2,sternberg,159,3,3,image_34,654.2416119999999
9,2,sternberg,160,4,4,image_46,657.8097359999999
9,2,sternberg,161,5,5,image_999,657.8197359999999
9,2,sternberg,162,5,5,image_999,657.8297359999999
9,2,sternberg,163,4,4,image_46,662.926203
9,2,sternberg,164,0,0,image_5,665.9175769999999
9,2,sternberg,165,2,2,image_24,668.574982
9,2,sternberg,166,5,5,image_999,668.584982
9,2,sternberg,167,2,2,image_24,673.7184169999999
9,2,sternberg,168,0,0,image_5,676.8522909999999
9,2,sternberg,169,2,2,image_24,679.526071
9,2,sternberg,170,5,5,image_999,679.536071
9,2,sternberg,171,4,4,image_46,684.7111629999999
9,2,sternberg,172,4,4,image_46,687.716693
9,2,sternberg,173,2,2,image_24,690.2627229999999
9,2,sternberg,174,1,1,image_17,692.855597
9,2,sternberg,175,0,0,image_5,698.151314
9,2,sternberg,176,1,1,image_17,701.119594
9,2,sternberg,177,5,5,image_999,701.129594
9,2,sternberg,178,5,5,image_999,701.139594
9,2,sternberg,179,0,0,image_5,706.317404
9,2,sternberg,180,1,1,image_17,709.150715
9,2,sternberg,181,5,5,image_999,709.160715
9,2,sternberg,182,5,5,image_999,709.170715
9,2,sternberg,183,1,1,image_17,714.300213
9,2,sternberg,184,0,0,image_5,717.320806
9,2,sternberg,185,2,2,image_24,719.874274
9,2,sternberg,186,1,1,image_17,722.483898
9,2,sternberg,187,4,4,image_46,727.697458
9,2,sternberg,188,2,2,image_24,730.7443
9,2,sternberg,189,4,4,image_46,733.310706
9,2,sternberg,190,3,3,image_34,735.9080799999999
9,2,sternberg,191,2,2,image_24,741.161921
9,2,sternberg,192,1,1,image_17,745.0893259999999
9,2,sternberg,193,5,5,image_999,745.0993259999999
9,2,sternberg,194,5,5,image_999,745.1093259999999
9,2,sternberg,195,4,4,image_46,750.334793
9,2,sternberg,196,0,0,image_5,753.118979
9,2,sternberg,197,2,2,image_24,755.667415
9,2,sternberg,198,5,5,image_999,755.677415
9,2,sternberg,199,1,1,image_17,760.8403509999999
9,2,sternberg,200,3,3,image_34,763.7656
9,2,sternberg,201,1,1,image_17,766.4560359999999
9,2,sternberg,202,4,4,image_46,769.102629
9,2,sternberg,203,0,0,image_5,774.227721
9,2,sternberg,204,2,2,image_24,777.463907
9,2,sternberg,205,3,3,image_34,780.147531
9,2,sternberg,206,1,1,image_17,782.7902799999999
9,2,sternberg,207,4,4,image_46,787.93484
9,2,sternberg,208,2,2,image_24,792.4224009999999
9,2,sternberg,209,0,0,image_5,795.051525
9,2,sternberg,210,3,3,image_34,797.610649
9,2,sternberg,211,0,0,image_5,802.796709
9,2,sternberg,212,4,4,image_46,806.032208
9,2,sternberg,213,3,3,image_34,808.599519
9,2,sternberg,214,2,2,image_24,811.2775489999999
9,2,sternberg,215,2,2,image_24,816.597454
9,2,sternberg,216,3,3,image_34,826.221762
9,2,sternberg,217,2,2,image_24,828.911042
9,2,sternberg,218,0,0,image_5,831.5884159999999
9,2,sternberg,219,1,1,image_17,836.7502579999999
9,2,sternberg,220,0,0,image_5,839.7452569999999
9,2,sternberg,221,5,5,image_999,839.7552569999999
9,2,sternberg,222,5,5,image_999,839.7652569999999
9,2,sternberg,223,0,0,image_5,844.84313
9,2,sternberg,224,2,2,image_24,851.471783
9,2,sternberg,225,5,5,image_999,851.481783
9,2,sternberg,226,5,5,image_999,851.4917829999999
9,2,sternberg,227,3,3,image_34,856.684531
9,2,sternberg,228,3,3,image_34,867.321121
9,2,sternberg,229,4,4,image_46,869.849026
9,2,sternberg,230,1,1,image_17,872.4258689999999
9,2,sternberg,231,2,2,image_24,877.64671
9,2,sternberg,232,2,2,image_24,881.23849
9,2,sternberg,233,5,5,image_999,881.24849
9,2,sternberg,234,5,5,image_999,881.2584899999999
9,2,sternberg,235,2,2,image_24,886.5333939999999
9,2,sternberg,236,2,2,image_24,889.538737
9,2,sternberg,237,5,5,image_999,889.548737
9,2,sternberg,238,5,5,image_999,889.558737
9,2,sternberg,239,3,3,image_34,894.785047
9,2,sternberg,240,3,3,image_34,897.3489519999999
9,2,sternberg,241,5,5,image_999,897.3589519999999
9,2,sternberg,242,5,5,image_999,897.3689519999999
9,2,sternberg,243,3,3,image_34,902.5002629999999
9,2,sternberg,244,3,3,image_34,905.3616049999999
9,2,sternberg,245,0,0,image_5,907.9802609999999
9,2,sternberg,246,1,1,image_17,910.6826659999999
9,2,sternberg,247,3,3,image_34,915.953039
9,2,sternberg,248,3,3,image_34,919.0800999999999
9,2,sternberg,249,5,5,image_999,919.0900999999999
9,2,sternberg,250,5,5,image_999,919.1000999999999
9,2,sternberg,251,4,4,image_46,924.335035
9,2,sternberg,252,2,2,image_24,927.3237839999999
9,2,sternberg,253,0,0,image_5,929.9722519999999
9,2,sternberg,254,5,5,image_999,929.9822519999999
9,2,sternberg,255,2,2,image_24,935.220843
9,2,sternberg,256,1,1,image_17,938.2746549999999
9,2,sternberg,257,0,0,image_5,940.9085289999999
9,2,sternberg,258,5,5,image_999,940.9185289999999
9,2,sternberg,259,0,0,image_5,946.127527
9,2,sternberg,260,3,3,image_34,950.187369
9,2,sternberg,261,5,5,image_999,950.197369
9,2,sternberg,262,5,5,image_999,950.207369
9,2,sternberg,263,3,3,image_34,955.4048349999999
9,2,sternberg,264,3,3,image_34,958.059865
9,2,sternberg,265,1,1,image_17,960.5838329999999
9,2,sternberg,266,2,2,image_24,963.133082
9,2,sternberg,267,1,1,image_17,968.374018
9,2,sternberg,268,4,4,image_46,971.82286
9,2,sternberg,269,5,5,image_999,971.83286
9,2,sternberg,270,5,5,image_999,971.84286
9,2,sternberg,271,4,4,image_46,976.982389
9,2,sternberg,272,0,0,image_5,979.612544
9,2,sternberg,273,2,2,image_24,982.279449
9,2,sternberg,274,3,3,image_34,984.83048
9,2,sternberg,275,3,3,image_34,989.9470709999999
9,2,sternberg,276,0,0,image_5,992.9318509999999
9,2,sternberg,277,4,4,image_46,995.5303819999999
9,2,sternberg,278,5,5,image_999,995.5403819999999
9,2,sternberg,279,3,3,image_34,1000.771317
9,2,sternberg,280,3,3,image_34,1003.913816
9,2,sternberg,281,1,1,image_17,1006.47069
9,2,sternberg,282,5,5,image_999,1006.48069
9,2,sternberg,283,1,1,image_17,1011.685313
9,2,sternberg,284,0,0,image_5,1014.3946239999999
9,2,sternberg,285,5,5,image_999,1014.4046239999999
9,2,sternberg,286,5,5,image_999,1014.4146239999999
9,2,sternberg,287,0,0,image_5,1019.603841
9,2,sternberg,288,1,1,image_17,1022.2154959999999
9,2,sternberg,289,4,4,image_46,1024.812714
9,2,sternberg,290,2,2,image_24,1027.494931
9,2,sternberg,291,4,4,image_46,1032.7357729999999
9,2,sternberg,292,3,3,image_34,1035.755491
9,2,sternberg,293,5,5,image_999,1035.7654909999999
9,2,sternberg,294,5,5,image_999,1035.7754909999999
9,2,sternberg,295,0,0,image_5,1041.002832
9,2,sternberg,296,4,4,image_46,1044.035175
9,2,sternberg,297,2,2,image_24,1046.67808
9,2,sternberg,298,0,0,image_5,1049.288298
9,2,sternberg,299,3,3,image_34,1054.518108
9,2,sternberg,300,3,3,image_34,1057.626919
9,2,sternberg,301,5,5,image_999,1057.636919
9,2,sternberg,302,5,5,image_999,1057.646919
9,2,sternberg,303,3,3,image_34,1062.87873
9,2,sternberg,304,1,1,image_17,1065.1945719999999
9,2,sternberg,305,4,4,image_46,1067.718884
9,2,sternberg,306,5,5,image_999,1067.7288839999999
9,2,sternberg,307,1,1,image_17,1072.893163
9,2,sternberg,308,2,2,image_24,1075.776756
9,2,sternberg,309,0,0,image_5,1078.444911
9,2,sternberg,310,5,5,image_999,1078.454911
9,2,sternberg,311,3,3,image_34,1083.7765339999999
9,2,sternberg,312,0,0,image_5,1087.843282
9,2,sternberg,313,5,5,image_999,1087.853282
9,2,sternberg,314,5,5,image_999,1087.863282
9,2,sternberg,315,1,1,image_17,1092.9632179999999
9,2,sternberg,316,0,0,image_5,1097.3892779999999
9,2,sternberg,317,4,4,image_46,1099.981215
9,2,sternberg,318,3,3,image_34,1102.629307
9,2,sternberg,319,2,2,image_24,1107.8792429999999
9,2,sternberg,320,0,0,image_5,1110.831273
9,2,sternberg,321,5,5,image_999,1110.841273
9,2,sternberg,322,5,5,image_999,1110.851273
9,2,sternberg,323,1,1,image_17,1115.939646
9,2,sternberg,324,0,0,image_5,1118.742426
9,2,sternberg,325,1,1,image_17,1121.394612
9,2,sternberg,326,5,5,image_999,1121.404612
9,2,sternberg,327,3,3,image_34,1126.588017
9,2,sternberg,328,2,2,image_24,1129.612515
9,2,sternberg,329,5,5,image_999,1129.622515
9,2,sternberg,330,5,5,image_999,1129.632515
9,2,sternberg,331,4,4,image_46,1134.751701
9,2,sternberg,332,2,2,image_24,1139.924667
9,2,sternberg,333,3,3,image_34,1142.475229
9,2,sternberg,334,5,5,image_999,1142.485229
9,2,sternberg,335,2,2,image_24,1147.731852
9,2,sternberg,336,3,3,image_34,1151.436569
9,2,sternberg,337,0,0,image_5,1154.0292869999998
9,2,sternberg,338,5,5,image_999,1154.0392869999998
9,2,sternberg,339,3,3,image_34,1159.316097
9,2,sternberg,340,0,0,image_5,1162.343971
9,2,sternberg,341,5,5,image_999,1162.353971
9,2,sternberg,342,5,5,image_999,1162.363971
9,2,sternberg,343,0,0,image_5,1167.612781
9,2,sternberg,344,3,3,image_34,1170.4932489999999
9,2,sternberg,345,5,5,image_999,1170.5032489999999
9,2,sternberg,346,5,5,image_999,1170.5132489999999
9,2,sternberg,347,3,3,image_34,1175.7108409999998
9,2,sternberg,348,4,4,image_46,1178.433871
9,2,sternberg,349,0,0,image_5,1181.124526
9,2,sternberg,350,5,5,image_999,1181.134526
9,2,sternberg,351,2,2,image_24,1186.304899
9,2,sternberg,352,2,2,image_24,1189.469429
9,2,sternberg,353,1,1,image_17,1192.148553
9,2,sternberg,354,4,4,image_46,1194.819364
9,2,sternberg,355,3,3,image_34,1199.983518
9,2,sternberg,356,0,0,image_5,1203.9783599999998
9,2,sternberg,357,3,3,image_34,1206.628422
9,2,sternberg,358,5,5,image_999,1206.638422
9,2,sternberg,359,3,3,image_34,1211.794357
9,2,sternberg,360,4,4,image_46,1215.6187619999998
9,2,sternberg,361,1,1,image_17,1218.301636
9,2,sternberg,362,0,0,image_5,1220.927354
9,2,sternberg,363,0,0,image_5,1226.22157
9,2,sternberg,364,0,0,image_5,1231.678974
9,2,sternberg,365,4,4,image_46,1234.39013
9,2,sternberg,366,1,1,image_17,1236.9138779999998
9,2,sternberg,367,2,2,image_24,1242.1966579999998
9,2,sternberg,368,3,3,image_34,1245.0664689999999
9,2,sternberg,369,4,4,image_46,1247.740343
9,2,sternberg,370,5,5,image_999,1247.750343
9,2,sternberg,371,0,0,image_5,1252.8859029999999
9,2,sternberg,372,2,2,image_24,1256.080902
9,2,sternberg,373,0,0,image_5,1258.742276
9,2,sternberg,374,3,3,image_34,1261.3732439999999
9,2,sternberg,375,3,3,image_34,1266.537054
9,2,sternberg,376,2,2,image_24,1269.412772
9,2,sternberg,377,1,1,image_17,1272.072583
9,2,sternberg,378,5,5,image_999,1272.0825829999999
9,2,sternberg,379,1,1,image_17,1277.398081
9,2,sternberg,380,1,1,image_17,1280.257236
9,2,sternberg,381,2,2,image_24,1282.8869539999998
9,2,sternberg,382,5,5,image_999,1282.8969539999998
9,2,sternberg,383,2,2,image_24,1287.9539829999999
9,2,sternberg,384,0,0,image_5,1290.716482
9,2,sternberg,385,5,5,image_999,1290.726482
9,2,sternberg,386,5,5,image_999,1290.736482
9,2,sternberg,387,4,4,image_46,1295.862167
9,2,sternberg,388,4,4,image_46,1301.066165
9,2,sternberg,389,1,1,image_17,1303.653977
9,2,sternberg,390,5,5,image_999,1303.663977
9,2,sternberg,391,4,4,image_46,1308.7580369999998
9,2,sternberg,392,2,2,image_24,1311.190317
9,2,sternberg,393,3,3,image_34,1313.733004
9,2,sternberg,394,5,5,image_999,1313.743004
9,2,sternberg,395,4,4,image_46,1318.8242209999999
9,2,sternberg,396,3,3,image_34,1323.9534059999999
9,2,sternberg,397,2,2,image_24,1326.606155
9,2,sternberg,398,5,5,image_999,1326.616155
9,2,sternberg,399,4,4,image_46,1331.806934
9,2,sternberg,400,1,1,image_17,1336.270182
9,2,sternberg,401,0,0,image_5,1338.9543059999999
9,2,sternberg,402,4,4,image_46,1341.642243
9,2,sternberg,403,0,0,image_5,1346.767241
9,2,sternberg,404,1,1,image_17,1350.9549889999998
9,2,sternberg,405,4,4,image_46,1353.509832
9,2,sternberg,406,3,3,image_34,1356.212362
9,2,sternberg,407,2,2,image_24,1361.288172
9,2,sternberg,408,4,4,image_46,1364.295109
9,2,sternberg,409,0,0,image_5,1366.924701
9,2,sternberg,410,5,5,image_999,1366.934701
9,2,sternberg,411,4,4,image_46,1372.07773
9,2,sternberg,412,4,4,image_46,1374.6983229999998
9,2,sternberg,413,1,1,image_17,1377.38526
9,2,sternberg,414,2,2,image_24,1380.08504
9,2,sternberg,415,0,0,image_5,1385.4149439999999
9,2,sternberg,416,2,2,image_24,1388.6550049999998
9,2,sternberg,417,4,4,image_46,1391.247942
9,2,sternberg,418,5,5,image_999,1391.257942
9,2,sternberg,419,4,4,image_46,1396.328908
9,2,sternberg,420,4,4,image_46,1398.7330319999999
9,2,sternberg,421,5,5,image_999,1398.7430319999999
9,2,sternberg,422,5,5,image_999,1398.7530319999998
9,2,sternberg,423,1,1,image_17,1403.892874
9,2,sternberg,424,3,3,image_34,1406.568435
9,2,sternberg,425,0,0,image_5,1409.194622
9,2,sternberg,426,5,5,image_999,1409.204622
9,2,sternberg,427,4,4,image_46,1414.4481819999999
9,2,sternberg,428,1,1,image_17,1417.7099309999999
9,2,sternberg,429,3,3,image_34,1420.354024
9,2,sternberg,430,5,5,image_999,1420.364024
9,2,sternberg,431,0,0,image_5,1425.55799
10,1,screening,0,30,27,image_31,36.4209545
10,1,screening,1,25,23,image_26,38.1746415
10,1,screening,2,38,35,image_39,39.8952035
10,1,screening,3,16,15,image_17,41.563264499999995
10,1,screening,4,55,50,image_56,43.273920499999996
10,1,screening,5,43,39,image_44,44.9617325
10,1,screening,6,0,0,image_1,50.6482615
10,1,screening,7,40,36,image_41,52.3246045
10,1,screening,8,53,48,image_54,54.0041975
10,1,screening,9,46,42,image_47,55.7252595
10,1,screening,10,66,60,image_67,57.446383499999996
10,1,screening,11,18,17,image_19,59.0886955
10,1,screening,12,68,62,image_69,60.8132885
10,1,screening,13,11,10,image_12,62.5347565
10,1,screening,14,48,44,image_49,64.2066625
10,1,screening,15,17,16,image_18,65.9035985
10,1,screening,16,51,46,image_52,67.5442235
10,1,screening,17,1,1,image_2,69.2119415
10,1,screening,18,54,49,image_55,70.9295035
10,1,screening,19,13,12,image_14,72.6274085
10,1,screening,20,35,32,image_36,74.3474395
10,1,screening,21,44,40,image_45,76.0388765
10,1,screening,22,22,20,image_23,77.6683755
10,1,screening,23,27,25,image_28,79.3735315
10,1,screening,24,32,29,image_33,81.0925925
10,1,screening,25,60,54,image_61,82.78634249999999
10,1,screening,26,2,2,image_3,84.4877475
10,1,screening,27,4,4,image_5,86.17980949999999
10,1,screening,28,33,30,image_34,87.84471549999999
10,1,screening,29,31,28,image_32,89.5351515
10,1,screening,30,37,34,image_38,91.1787765
10,1,screening,31,42,38,image_43,92.86705649999999
10,1,screening,32,6,6,image_7,97.4572735
10,1,screening,33,3,3,image_4,99.1117735
10,1,screening,34,58,53,image_59,100.7337725
10,1,screening,35,56,51,image_57,102.3686465
10,1,screening,36,26,24,image_27,104.0780525
10,1,screening,37,45,41,image_46,105.77323949999999
10,1,screening,38,64,58,image_65,107.4218015
10,1,screening,39,8,8,image_9,109.14286249999999
10,1,screening,40,61,55,image_62,110.7726745
10,1,screening,41,62,56,image_63,112.4345175
10,1,screening,42,20,18,image_21,159.0121555
10,1,screening,43,14,13,image_15,160.7157795
10,1,screening,44,24,22,image_25,162.4261855
10,1,screening,45,12,11,image_13,164.0624345
10,1,screening,46,63,57,image_64,165.7375585
10,1,screening,47,57,52,image_58,167.4074015
10,1,screening,48,15,14,image_16,169.0976825
10,1,screening,49,67,61,image_68,170.7890565
10,1,screening,50,41,37,image_42,172.4903995
10,1,screening,51,47,43,image_48,174.1439615
10,1,screening,52,52,47,image_53,175.8377425
10,1,screening,53,34,31,image_35,177.5239605
10,1,screening,54,23,21,image_24,179.16595949999999
10,1,screening,55,36,33,image_37,180.8031155
10,1,screening,56,21,19,image_22,182.47814549999998
10,1,screening,57,5,5,image_6,184.1912075
10,1,screening,58,28,26,image_29,185.85842549999998
10,1,screening,59,50,45,image_51,187.5427375
10,1,screening,60,7,7,image_8,189.1924865
10,1,screening,61,65,59,image_66,190.90026749999998
10,1,screening,62,10,9,image_11,192.5498295
10,1,screening,63,63,57,image_64,196.6660775
10,1,screening,64,35,32,image_36,198.3537025
10,1,screening,65,48,44,image_49,200.0696075
10,1,screening,66,33,30,image_34,201.7918565
10,1,screening,67,34,31,image_35,203.47188749999998
10,1,screening,68,20,18,image_21,205.10373049999998
10,1,screening,69,0,0,image_1,206.7431365
10,1,screening,70,46,42,image_47,208.3947605
10,1,screening,71,60,54,image_61,210.12238449999998
10,1,screening,72,45,41,image_46,211.7665715
10,1,screening,73,32,29,image_33,213.47153949999998
10,1,screening,74,65,59,image_66,218.0392255
10,1,screening,75,12,11,image_13,219.7522875
10,1,screening,76,62,56,image_63,221.41194249999998
10,1,screening,77,17,16,image_18,223.0570985
10,1,screening,78,18,17,image_19,224.70881649999998
10,1,screening,79,58,53,image_59,226.3930345
10,1,screening,80,6,6,image_7,228.06775249999998
10,1,screening,81,68,62,image_69,229.7294705
10,1,screening,82,38,35,image_39,231.4396265
10,1,screening,83,54,49,image_55,233.1118445
10,1,screening,84,36,33,image_37,234.7913745
10,1,screening,85,8,8,image_9,236.5084675
10,1,screening,86,66,60,image_67,238.1641865
10,1,screening,87,37,34,image_38,242.2730595
10,1,screening,88,2,2,image_3,243.97583949999998
10,1,screening,89,3,3,image_4,245.64033949999998
10,1,screening,90,23,21,image_24,247.3144945
10,1,screening,91,53,48,image_54,248.9463065
10,1,screening,92,57,52,image_58,250.57724349999998
10,1,screening,93,30,27,image_31,252.2567425
10,1,screening,94,50,45,image_51,253.95336749999998
10,1,screening,95,51,46,image_52,255.6667105
10,1,screening,96,15,14,image_16,257.3048035
10,1,screening,97,27,25,image_28,258.9868025
10,1,screening,98,25,23,image_26,260.6587085
10,1,screening,99,14,13,image_15,262.2772705
10,1,screening,100,61,55,image_62,263.9363005
10,1,screening,101,1,1,image_2,265.5785185
10,1,screening,102,13,12,image_14,267.28358049999997
10,1,screening,103,41,37,image_42,268.93226749999997
10,1,screening,104,24,22,image_25,270.6092045
10,1,screening,105,22,20,image_23,275.93767049999997
10,1,screening,106,26,24,image_27,277.6247955
10,1,screening,107,4,4,image_5,279.2770445
10,1,screening,108,7,7,image_8,280.96973149999997
10,1,screening,109,55,50,image_56,282.6554495
10,1,screening,110,67,61,image_68,284.3656985
10,1,screening,111,47,43,image_48,286.0377605
10,1,screening,112,28,26,image_29,287.6724475
10,1,screening,113,56,51,image_57,289.3124155
10,1,screening,114,64,58,image_65,291.0284465
10,1,screening,115,40,36,image_41,292.67053949999996
10,1,screening,116,5,5,image_6,294.3796635
10,1,screening,117,42,38,image_43,296.0728195
10,1,screening,118,11,10,image_12,297.7945995
10,1,screening,119,10,9,image_11,299.4278485
10,1,screening,120,52,47,image_53,301.0992545
10,1,screening,121,16,15,image_17,302.7362855
10,1,screening,122,43,39,image_44,304.4502845
10,1,screening,123,21,19,image_22,306.07656549999996
10,1,screening,124,44,40,image_45,307.77984549999996
10,1,screening,125,31,28,image_32,309.48715749999997
10,1,screening,126,64,58,image_65,311.19375049999996
10,1,screening,127,5,5,image_6,312.8279685
10,1,screening,128,54,49,image_55,314.49296749999996
10,1,screening,129,45,41,image_46,316.1441235
10,1,screening,130,46,42,image_47,317.8415915
10,1,screening,131,47,43,image_48,319.5098405
10,1,screening,132,53,48,image_54,325.9577445
10,1,screening,133,36,33,image_37,327.6019935
10,1,screening,134,30,27,image_31,329.25418049999996
10,1,screening,135,51,46,image_52,330.8946175
10,1,screening,136,10,9,image_11,332.52792949999997
10,1,screening,137,37,34,image_38,334.2410845
10,1,screening,138,21,19,image_22,335.92395949999997
10,1,screening,139,8,8,image_9,337.6041465
10,1,screening,140,43,39,image_44,339.2394895
10,1,screening,141,24,22,image_25,343.7682995
10,1,screening,142,6,6,image_7,345.4512365
10,1,screening,143,20,18,image_21,347.10689249999996
10,1,screening,144,14,13,image_15,348.7851725
10,1,screening,145,1,1,image_2,350.45135949999997
10,1,screening,146,16,15,image_17,352.10157749999996
10,1,screening,147,38,35,image_39,353.7441085
10,1,screening,148,7,7,image_8,355.38226349999997
10,1,screening,149,12,11,image_13,357.02732549999996
10,1,screening,150,26,24,image_27,358.6768255
10,1,screening,151,4,4,image_5,360.3360745
10,1,screening,152,52,47,image_53,361.9669805
10,1,screening,153,50,45,image_51,366.65135349999997
10,1,screening,154,33,30,image_34,368.37132149999996
10,1,screening,155,68,62,image_69,370.0459145
10,1,screening,156,44,40,image_45,371.72031949999996
10,1,screening,157,56,51,image_57,373.3718815
10,1,screening,158,60,54,image_61,375.0793495
10,1,screening,159,35,32,image_36,376.7413805
10,1,screening,160,66,60,image_67,378.3781295
10,1,screening,161,25,23,image_26,380.0827855
10,1,screening,162,48,44,image_49,381.74175349999996
10,1,screening,163,2,2,image_3,383.39212749999996
10,1,screening,164,58,53,image_59,385.05859549999997
10,1,screening,165,3,3,image_4,386.69406349999997
10,1,screening,166,0,0,image_1,388.3252505
10,1,screening,167,40,36,image_41,390.0450935
10,1,screening,168,18,17,image_19,391.7664995
10,1,screening,169,28,26,image_29,393.4500925
10,1,screening,170,15,14,image_16,395.0768415
10,1,screening,171,42,38,image_43,396.7254665
10,1,screening,172,22,20,image_23,398.3868405
10,1,screening,173,17,16,image_18,400.0949025
10,1,screening,174,61,55,image_62,401.71358949999996
10,1,screening,175,11,10,image_12,403.35324449999996
10,1,screening,176,41,37,image_42,404.9954945
10,1,screening,177,27,25,image_28,406.68514949999997
10,1,screening,178,55,50,image_56,408.3843985
10,1,screening,179,31,28,image_32,410.06964849999997
10,1,screening,180,65,59,image_66,411.74064749999997
10,1,screening,181,62,56,image_63,413.4203965
10,1,screening,182,34,31,image_35,418.9189575
10,1,screening,183,13,12,image_14,420.6213945
10,1,screening,184,57,52,image_58,422.2658935
10,1,screening,185,23,21,image_24,423.9518925
10,1,screening,186,63,57,image_64,425.59592349999997
10,1,screening,187,32,29,image_33,427.2584535
10,1,screening,188,67,61,image_68,428.94701549999996
10,1,screening,189,23,21,image_24,430.6432025
10,1,screening,190,32,29,image_33,432.2770455
10,1,screening,191,43,39,image_44,433.99535749999995
10,1,screening,192,35,32,image_36,435.6986695
10,1,screening,193,64,58,image_65,437.36816849999997
10,1,screening,194,12,11,image_13,439.0374175
10,1,screening,195,65,59,image_66,440.7082605
10,1,screening,196,24,22,image_25,442.36488549999996
10,1,screening,197,38,35,image_39,444.0332285
10,1,screening,198,52,47,image_53,445.7097275
10,1,screening,199,66,60,image_67,447.4171025
10,1,screening,200,41,37,image_42,449.1224765
10,1,screening,201,67,61,image_68,450.82444449999997
10,1,screening,202,42,38,image_43,452.4786625
10,1,screening,203,37,34,image_38,454.1866935
10,1,screening,204,40,36,image_41,455.8654735
10,1,screening,205,62,56,image_63,457.52653549999997
10,1,screening,206,57,52,image_58,459.24150349999996
10,1,screening,207,28,26,image_29,460.9544095
10,1,screening,208,2,2,image_3,462.63528349999996
10,1,screening,209,10,9,image_11,464.32375149999996
10,1,screening,210,56,51,image_57,466.0035005
10,1,screening,211,45,41,image_46,467.64890649999995
10,1,screening,212,34,31,image_35,469.30603049999996
10,1,screening,213,61,55,image_62,470.9802175
10,1,screening,214,51,46,image_52,472.62668549999995
10,1,screening,215,0,0,image_1,474.3369035
10,1,screening,216,26,24,image_27,478.5999645
10,1,screening,217,36,33,image_37,480.2418075
10,1,screening,218,53,48,image_54,481.8848695
10,1,screening,219,3,3,image_4,483.53277549999996
10,1,screening,220,48,44,image_49,485.20158649999996
10,1,screening,221,50,45,image_51,486.8504925
10,1,screening,222,46,42,image_47,488.5773355
10,1,screening,223,30,27,image_31,490.2463345
10,1,screening,224,58,53,image_59,491.8905215
10,1,screening,225,5,5,image_6,493.5983025
10,1,screening,226,22,20,image_23,495.3180825
10,1,screening,227,20,18,image_21,496.9868945
10,1,screening,228,8,8,image_9,498.6240815
10,1,screening,229,33,30,image_34,500.26683049999997
10,1,screening,230,68,62,image_69,501.9319865
10,1,screening,231,13,12,image_14,506.4187975
10,1,screening,232,31,28,image_32,508.0632655
10,1,screening,233,44,40,image_45,509.7481085
10,1,screening,234,60,54,image_61,511.4459515
10,1,screening,235,14,13,image_15,513.0937005
10,1,screening,236,11,10,image_12,514.7223245
10,1,screening,237,47,43,image_48,516.3771684999999
10,1,screening,238,15,14,image_16,518.0344795
10,1,screening,239,7,7,image_8,519.7029474999999
10,1,screening,240,18,17,image_19,521.3708845
10,1,screening,241,1,1,image_2,523.0048214999999
10,1,screening,242,27,25,image_28,524.6562895
10,1,screening,243,6,6,image_7,526.3627895
10,1,screening,244,54,49,image_55,531.0848804999999
10,1,screening,245,25,23,image_26,532.8045055
10,1,screening,246,55,50,image_56,534.4961605
10,1,screening,247,16,15,image_17,536.1648165
10,1,screening,248,4,4,image_5,537.8478465
10,1,screening,249,21,19,image_22,539.4969404999999
10,1,screening,250,63,57,image_64,541.1686265
10,1,screening,251,17,16,image_18,542.8908765
10,1,screening,252,24,22,image_25,544.5718445
10,1,screening,253,16,15,image_17,546.2504064999999
10,1,screening,254,1,1,image_2,547.8997805
10,1,screening,255,31,28,image_32,549.5652484999999
10,1,screening,256,51,46,image_52,551.2532474999999
10,1,screening,257,5,5,image_6,552.9468724999999
10,1,screening,258,47,43,image_48,554.6107774999999
10,1,screening,259,61,55,image_62,556.2658705
10,1,screening,260,36,33,image_37,560.5494315
10,1,screening,261,15,14,image_16,562.1794625
10,1,screening,262,68,62,image_69,563.8848674999999
10,1,screening,263,54,49,image_55,565.6019924999999
10,1,screening,264,32,29,image_33,567.3075855
10,1,screening,265,13,12,image_14,568.9431155
10,1,screening,266,48,44,image_49,570.5871155
10,1,screening,267,65,59,image_66,572.2447394999999
10,1,screening,268,55,50,image_56,573.9376444999999
10,1,screening,269,42,38,image_43,575.5785195
10,1,screening,270,20,18,image_21,577.2700815
10,1,screening,271,67,61,image_68,581.4243604999999
10,1,screening,272,18,17,image_19,583.1181415
10,1,screening,273,34,31,image_35,584.7846715
10,1,screening,274,21,19,image_22,586.4876085
10,1,screening,275,53,48,image_54,588.1850764999999
10,1,screening,276,28,26,image_29,589.9005764999999
10,1,screening,277,50,45,image_51,591.6075754999999
10,1,screening,278,14,13,image_15,593.2657305
10,1,screening,279,43,39,image_44,597.6451975
10,1,screening,280,30,27,image_31,599.2830094999999
10,1,screening,281,44,40,image_45,600.9110714999999
10,1,screening,282,22,20,image_23,602.6112895
10,1,screening,283,58,53,image_59,604.2876325
10,1,screening,284,12,11,image_13,605.9551635
10,1,screening,285,52,47,image_53,610.3936924999999
10,1,screening,286,38,35,image_39,612.0814425
10,1,screening,287,26,24,image_27,613.7599415
10,1,screening,288,64,58,image_65,615.4715655
10,1,screening,289,0,0,image_1,617.1768774999999
10,1,screening,290,66,60,image_67,618.8608455
10,1,screening,291,23,21,image_24,620.4984385
10,1,screening,292,33,30,image_34,625.4627184999999
10,1,screening,293,57,52,image_58,627.1694984999999
10,1,screening,294,40,36,image_41,628.7970604999999
10,1,screening,295,3,3,image_4,630.4710285
10,1,screening,296,63,57,image_64,632.1131525
10,1,screening,297,4,4,image_5,633.8296835
10,1,screening,298,62,56,image_63,635.5258705
10,1,screening,299,45,41,image_46,637.2028385
10,1,screening,300,11,10,image_12,638.8770565
10,1,screening,301,46,42,image_47,640.5008365
10,1,screening,302,25,23,image_26,642.1881804999999
10,1,screening,303,27,25,image_28,643.8170855
10,1,screening,304,10,9,image_11,645.4507725
10,1,screening,305,6,6,image_7,647.1288344999999
10,1,screening,306,35,32,image_36,648.7554584999999
10,1,screening,307,56,51,image_57,650.4628325
10,1,screening,308,60,54,image_61,652.1701445
10,1,screening,309,2,2,image_3,653.8686124999999
10,1,screening,310,7,7,image_8,655.5009245
10,1,screening,311,17,16,image_18,657.1932055
10,1,screening,312,8,8,image_9,658.8694855
10,1,screening,313,37,34,image_38,660.5945475
10,1,screening,314,41,37,image_42,662.2836095
10,1,screening,315,35,32,image_36,663.9898274999999
10,1,screening,316,6,6,image_7,665.6740765
10,1,screening,317,20,18,image_21,667.3442014999999
10,1,screening,318,36,33,image_37,672.8602305
10,1,screening,319,62,56,image_63,674.4954174999999
10,1,screening,320,4,4,image_5,676.1275105
10,1,screening,321,48,44,image_49,677.7699155
10,1,screening,322,17,16,image_18,679.4351965
10,1,screening,323,2,2,image_3,681.1443204999999
10,1,screening,324,63,57,image_64,682.8438514999999
10,1,screening,325,25,23,image_26,684.4738815
10,1,screening,326,64,58,image_65,686.1396625
10,1,screening,327,24,22,image_25,687.8186935
10,1,screening,328,10,9,image_11,689.4855984999999
10,1,screening,329,13,12,image_14,691.1676605
10,1,screening,330,54,49,image_55,692.8551595
10,1,screening,331,30,27,image_31,694.5100345
10,1,screening,332,55,50,image_56,696.1795645
10,1,screening,333,68,62,image_69,697.8013135
10,1,screening,334,8,8,image_9,699.5255324999999
10,1,screening,335,0,0,image_1,701.1670624999999
10,1,screening,336,3,3,image_4,702.8025305
10,1,screening,337,44,40,image_45,704.4582485
10,1,screening,338,33,30,image_34,708.6257785
10,1,screening,339,16,15,image_17,710.3008085
10,1,screening,340,18,17,image_19,711.9540274999999
10,1,screening,341,11,10,image_12,713.6747455
10,1,screening,342,15,14,image_16,715.3928695
10,1,screening,343,51,46,image_52,717.0244005
10,1,screening,344,32,29,image_33,718.7149304999999
10,1,screening,345,47,43,image_48,720.3674615
10,1,screening,346,5,5,image_6,722.0357735
10,1,screening,347,12,11,image_13,723.7159285
10,1,screening,348,57,52,image_58,725.4270525
10,1,screening,349,21,19,image_22,727.0933954999999
10,1,screening,350,40,36,image_41,728.8171765
10,1,screening,351,28,26,image_29,730.4733944999999
10,1,screening,352,56,51,image_57,732.1630815
10,1,screening,353,46,42,image_47,733.8490495
10,1,screening,354,38,35,image_39,735.5278925
10,1,screening,355,52,47,image_53,737.2229545
10,1,screening,356,23,21,image_24,738.9162974999999
10,1,screening,357,37,34,image_38,743.7392645
10,1,screening,358,67,61,image_68,745.3777015
10,1,screening,359,45,41,image_46,747.1017945
10,1,screening,360,42,38,image_43,748.7451995
10,1,screening,361,41,37,image_42,750.3741994999999
10,1,screening,362,61,55,image_62,752.0563545
10,1,screening,363,53,48,image_54,753.7699165
10,1,screening,364,34,31,image_35,755.4619475
10,1,screening,365,22,20,image_23,757.1085085
10,1,screening,366,26,24,image_27,758.7706955
10,1,screening,367,50,45,image_51,760.4487265
10,1,screening,368,43,39,image_44,762.1711634999999
10,1,screening,369,65,59,image_66,763.8123185
10,1,screening,370,60,54,image_61,765.5242555
10,1,screening,371,31,28,image_32,767.2075675
10,1,screening,372,58,53,image_59,768.8615044999999
10,1,screening,373,1,1,image_2,770.5072534999999
10,1,screening,374,7,7,image_8,772.1750965
10,1,screening,375,27,25,image_28,773.8488454999999
10,1,screening,376,66,60,image_67,775.4768455
10,1,screening,377,14,13,image_15,777.1619694999999
10,2,sternberg,0,4,4,image_67,197.9061395
10,2,sternberg,1,0,0,image_8,199.60916949999998
10,2,sternberg,2,2,2,image_42,201.22666949999999
10,2,sternberg,3,4,4,image_67,205.2999485
10,2,sternberg,4,0,0,image_8,207.3018545
10,2,sternberg,5,1,1,image_36,208.97266549999998
10,2,sternberg,6,3,3,image_44,210.5280095
10,2,sternberg,7,0,0,image_8,214.7803825
10,2,sternberg,8,2,2,image_42,216.56094449999998
10,2,sternberg,9,4,4,image_67,218.16238149999998
10,2,sternberg,10,3,3,image_44,219.74144249999998
10,2,sternberg,11,1,1,image_36,223.9946915
10,2,sternberg,12,4,4,image_67,226.1429715
10,2,sternberg,13,0,0,image_8,227.8024705
10,2,sternberg,14,5,5,image_999,227.8124705
10,2,sternberg,15,2,2,image_42,232.0252195
10,2,sternberg,16,4,4,image_67,233.5461565
10,2,sternberg,17,1,1,image_36,235.1616555
10,2,sternberg,18,5,5,image_999,235.17165549999999
10,2,sternberg,19,4,4,image_67,239.4390915
10,2,sternberg,20,3,3,image_44,241.06374649999998
10,2,sternberg,21,1,1,image_36,242.5877775
10,2,sternberg,22,5,5,image_999,242.59777749999998
10,2,sternberg,23,1,1,image_36,246.69986949999998
10,2,sternberg,24,0,0,image_8,248.54949349999998
10,2,sternberg,25,1,1,image_36,250.0928055
10,2,sternberg,26,5,5,image_999,250.1028055
10,2,sternberg,27,3,3,image_44,254.2710545
10,2,sternberg,28,2,2,image_42,256.62958449999996
10,2,sternberg,29,3,3,image_44,258.22752149999997
10,2,sternberg,30,0,0,image_8,259.7573015
10,2,sternberg,31,4,4,image_67,263.9227065
10,2,sternberg,32,1,1,image_36,266.23558049999997
10,2,sternberg,33,2,2,image_42,267.9422675
10,2,sternberg,34,4,4,image_67,269.4724225
10,2,sternberg,35,3,3,image_44,273.6062655
10,2,sternberg,36,1,1,image_36,276.0326075
10,2,sternberg,37,2,2,image_42,277.7033255
10,2,sternberg,38,5,5,image_999,277.7133255
10,2,sternberg,39,3,3,image_44,281.9129175
10,2,sternberg,40,1,1,image_36,283.8658545
10,2,sternberg,41,5,5,image_999,283.8758545
10,2,sternberg,42,5,5,image_999,283.8858545
10,2,sternberg,43,1,1,image_36,288.07179049999996
10,2,sternberg,44,0,0,image_8,289.86963349999996
10,2,sternberg,45,5,5,image_999,289.87963349999995
10,2,sternberg,46,5,5,image_999,289.88963349999995
10,2,sternberg,47,0,0,image_8,294.0125385
10,2,sternberg,48,3,3,image_44,295.5967875
10,2,sternberg,49,5,5,image_999,295.6067875
10,2,sternberg,50,5,5,image_999,295.6167875
10,2,sternberg,51,3,3,image_44,299.86037949999996
10,2,sternberg,52,2,2,image_42,301.5428475
10,2,sternberg,53,4,4,image_67,303.0718155
10,2,sternberg,54,3,3,image_44,304.6264715
10,2,sternberg,55,0,0,image_8,308.6983135
10,2,sternberg,56,0,0,image_8,310.43021849999997
10,2,sternberg,57,1,1,image_36,312.1182185
10,2,sternberg,58,3,3,image_44,313.8136555
10,2,sternberg,59,2,2,image_42,317.9929035
10,2,sternberg,60,4,4,image_67,320.0408405
10,2,sternberg,61,5,5,image_999,320.0508405
10,2,sternberg,62,5,5,image_999,320.0608405
10,2,sternberg,63,4,4,image_67,324.1731195
10,2,sternberg,64,4,4,image_67,326.0002435
10,2,sternberg,65,5,5,image_999,326.0102435
10,2,sternberg,66,5,5,image_999,326.0202435
10,2,sternberg,67,1,1,image_36,330.0606175
10,2,sternberg,68,3,3,image_44,331.7577725
10,2,sternberg,69,5,5,image_999,331.7677725
10,2,sternberg,70,5,5,image_999,331.77777249999997
10,2,sternberg,71,1,1,image_36,335.8310835
10,2,sternberg,72,4,4,image_67,337.5632705
10,2,sternberg,73,2,2,image_42,339.0863635
10,2,sternberg,74,3,3,image_44,340.6269885
10,2,sternberg,75,4,4,image_67,344.86001749999997
10,2,sternberg,76,1,1,image_36,346.61664149999996
10,2,sternberg,77,0,0,image_8,348.1849535
10,2,sternberg,78,5,5,image_999,348.1949535
10,2,sternberg,79,0,0,image_8,352.37992049999997
10,2,sternberg,80,2,2,image_42,354.22117049999997
10,2,sternberg,81,4,4,image_67,355.85448149999996
10,2,sternberg,82,0,0,image_8,357.52023149999997
10,2,sternberg,83,2,2,image_42,361.6661985
10,2,sternberg,84,1,1,image_36,363.73304149999996
10,2,sternberg,85,2,2,image_42,365.32985349999996
10,2,sternberg,86,3,3,image_44,366.8990085
10,2,sternberg,87,4,4,image_67,371.0805385
10,2,sternberg,88,4,4,image_67,373.0522875
10,2,sternberg,89,5,5,image_999,373.06228749999997
10,2,sternberg,90,5,5,image_999,373.07228749999996
10,2,sternberg,91,2,2,image_42,377.2410045
10,2,sternberg,92,4,4,image_67,379.2701285
10,2,sternberg,93,2,2,image_42,380.9528785
10,2,sternberg,94,5,5,image_999,380.9628785
10,2,sternberg,95,4,4,image_67,385.1532825
10,2,sternberg,96,1,1,image_36,387.0749385
10,2,sternberg,97,5,5,image_999,387.08493849999996
10,2,sternberg,98,5,5,image_999,387.09493849999996
10,2,sternberg,99,1,1,image_36,391.2243115
10,2,sternberg,100,3,3,image_44,392.8431855
10,2,sternberg,101,1,1,image_36,394.38496649999996
10,2,sternberg,102,0,0,image_8,395.9390595
10,2,sternberg,103,1,1,image_36,400.0898395
10,2,sternberg,104,3,3,image_44,402.1409945
10,2,sternberg,105,5,5,image_999,402.15099449999997
10,2,sternberg,106,5,5,image_999,402.16099449999996
10,2,sternberg,107,2,2,image_42,406.44883649999997
10,2,sternberg,108,1,1,image_36,408.1572735
10,2,sternberg,109,4,4,image_67,409.7456795
10,2,sternberg,110,5,5,image_999,409.7556795
10,2,sternberg,111,4,4,image_67,413.91961449999997
10,2,sternberg,112,0,0,image_8,415.6015835
10,2,sternberg,113,5,5,image_999,415.6115835
10,2,sternberg,114,5,5,image_999,415.6215835
10,2,sternberg,115,0,0,image_8,419.6934875
10,2,sternberg,116,0,0,image_8,421.24251849999996
10,2,sternberg,117,3,3,image_44,422.77054849999996
10,2,sternberg,118,5,5,image_999,422.78054849999995
10,2,sternberg,119,4,4,image_67,426.9333595
10,2,sternberg,120,0,0,image_8,429.1223905
10,2,sternberg,121,3,3,image_44,430.72729549999997
10,2,sternberg,122,2,2,image_42,432.3513575
10,2,sternberg,123,4,4,image_67,436.47416849999996
10,2,sternberg,124,3,3,image_44,438.5363865
10,2,sternberg,125,4,4,image_67,440.0897915
10,2,sternberg,126,5,5,image_999,440.0997915
10,2,sternberg,127,3,3,image_44,444.27919649999995
10,2,sternberg,128,0,0,image_8,445.9754145
10,2,sternberg,129,2,2,image_42,447.6796635
10,2,sternberg,130,5,5,image_999,447.6896635
10,2,sternberg,131,2,2,image_42,451.8062245
10,2,sternberg,132,0,0,image_8,453.6137245
10,2,sternberg,133,5,5,image_999,453.6237245
10,2,sternberg,134,5,5,image_999,453.63372449999997
10,2,sternberg,135,3,3,image_44,457.7283165
10,2,sternberg,136,3,3,image_44,459.6880655
10,2,sternberg,137,1,1,image_36,461.22009549999996
10,2,sternberg,138,0,0,image_8,462.85965749999997
10,2,sternberg,139,3,3,image_44,467.06415649999997
10,2,sternberg,140,2,2,image_42,469.3167175
10,2,sternberg,141,5,5,image_999,469.3267175
10,2,sternberg,142,5,5,image_999,469.33671749999996
10,2,sternberg,143,1,1,image_36,473.48090349999995
10,2,sternberg,144,4,4,image_67,475.3970905
10,2,sternberg,145,2,2,image_42,477.0050895
10,2,sternberg,146,5,5,image_999,477.0150895
10,2,sternberg,147,2,2,image_42,481.2236815
10,2,sternberg,148,4,4,image_67,483.19418049999996
10,2,sternberg,149,5,5,image_999,483.20418049999995
10,2,sternberg,150,5,5,image_999,483.21418049999994
10,2,sternberg,151,4,4,image_67,487.44264749999996
10,2,sternberg,152,1,1,image_36,489.2820225
10,2,sternberg,153,4,4,image_67,490.8173025
10,2,sternberg,154,0,0,image_8,492.42358349999995
10,2,sternberg,155,3,3,image_44,496.58433149999996
10,2,sternberg,156,4,4,image_67,498.4065495
10,2,sternberg,157,0,0,image_8,499.9339865
10,2,sternberg,158,5,5,image_999,499.9439865
10,2,sternberg,159,4,4,image_67,504.10535949999996
10,2,sternberg,160,2,2,image_42,505.8498595
10,2,sternberg,161,1,1,image_36,507.5205775
10,2,sternberg,162,0,0,image_8,509.19235749999996
10,2,sternberg,163,0,0,image_8,513.3827004999999
10,2,sternberg,164,3,3,image_44,515.2926054999999
10,2,sternberg,165,2,2,image_42,516.9288544999999
10,2,sternberg,166,5,5,image_999,516.9388544999999
10,2,sternberg,167,4,4,image_67,521.1640715
10,2,sternberg,168,4,4,image_67,523.0791965
10,2,sternberg,169,0,0,image_8,524.6139764999999
10,2,sternberg,170,3,3,image_44,526.1558514999999
10,2,sternberg,171,0,0,image_8,530.3507245
10,2,sternberg,172,2,2,image_42,532.1141615
10,2,sternberg,173,3,3,image_44,533.7275665
10,2,sternberg,174,5,5,image_999,533.7375665
10,2,sternberg,175,2,2,image_42,537.9046275
10,2,sternberg,176,1,1,image_36,539.4952525
10,2,sternberg,177,5,5,image_999,539.5052525
10,2,sternberg,178,5,5,image_999,539.5152525
10,2,sternberg,179,0,0,image_8,543.6338754999999
10,2,sternberg,180,3,3,image_44,545.5353435
10,2,sternberg,181,5,5,image_999,545.5453435
10,2,sternberg,182,5,5,image_999,545.5553434999999
10,2,sternberg,183,3,3,image_44,549.6561224999999
10,2,sternberg,184,4,4,image_67,551.5245285
10,2,sternberg,185,3,3,image_44,553.0498405
10,2,sternberg,186,5,5,image_999,553.0598405
10,2,sternberg,187,0,0,image_8,557.2572445
10,2,sternberg,188,2,2,image_42,559.4228375
10,2,sternberg,189,5,5,image_999,559.4328375
10,2,sternberg,190,5,5,image_999,559.4428375
10,2,sternberg,191,2,2,image_42,563.6342425
10,2,sternberg,192,1,1,image_36,565.6058045
10,2,sternberg,193,2,2,image_42,567.2837405
10,2,sternberg,194,5,5,image_999,567.2937405
10,2,sternberg,195,4,4,image_67,571.5188955
10,2,sternberg,196,1,1,image_36,573.5068004999999
10,2,sternberg,197,5,5,image_999,573.5168004999999
10,2,sternberg,198,5,5,image_999,573.5268004999999
10,2,sternberg,199,3,3,image_44,577.5721115
10,2,sternberg,200,4,4,image_67,579.3925795
10,2,sternberg,201,2,2,image_42,580.9386105
10,2,sternberg,202,5,5,image_999,580.9486105
10,2,sternberg,203,1,1,image_36,585.0899215
10,2,sternberg,204,4,4,image_67,587.2174514999999
10,2,sternberg,205,2,2,image_42,588.8531694999999
10,2,sternberg,206,5,5,image_999,588.8631694999999
10,2,sternberg,207,4,4,image_67,592.9760745
10,2,sternberg,208,3,3,image_44,594.6853864999999
10,2,sternberg,209,4,4,image_67,596.3097295
10,2,sternberg,210,2,2,image_42,597.8630415
10,2,sternberg,211,0,0,image_8,602.0307584999999
10,2,sternberg,212,2,2,image_42,604.0330074999999
10,2,sternberg,213,5,5,image_999,604.0430074999999
10,2,sternberg,214,5,5,image_999,604.0530074999999
10,2,sternberg,215,3,3,image_44,608.1985055
10,2,sternberg,216,2,2,image_42,610.5202545
10,2,sternberg,217,4,4,image_67,612.1440665
10,2,sternberg,218,5,5,image_999,612.1540665
10,2,sternberg,219,0,0,image_8,616.2882834999999
10,2,sternberg,220,0,0,image_8,618.2209395
10,2,sternberg,221,1,1,image_36,619.8469695
10,2,sternberg,222,5,5,image_999,619.8569695
10,2,sternberg,223,1,1,image_36,623.9420615
10,2,sternberg,224,2,2,image_42,625.8324044999999
10,2,sternberg,225,3,3,image_44,627.4242164999999
10,2,sternberg,226,5,5,image_999,627.4342164999999
10,2,sternberg,227,0,0,image_8,631.5324335
10,2,sternberg,228,2,2,image_42,633.4106515
10,2,sternberg,229,5,5,image_999,633.4206515
10,2,sternberg,230,5,5,image_999,633.4306515
10,2,sternberg,231,1,1,image_36,637.5733065
10,2,sternberg,232,0,0,image_8,639.4370865
10,2,sternberg,233,3,3,image_44,641.0754615
10,2,sternberg,234,1,1,image_36,642.6673354999999
10,2,sternberg,235,1,1,image_36,646.9318655
10,2,sternberg,236,4,4,image_67,648.9587085
10,2,sternberg,237,5,5,image_999,648.9687084999999
10,2,sternberg,238,5,5,image_999,648.9787084999999
10,2,sternberg,239,3,3,image_44,653.0701124999999
10,2,sternberg,240,3,3,image_44,655.1702994999999
10,2,sternberg,241,2,2,image_42,656.7319235
10,2,sternberg,242,4,4,image_67,658.2691735
10,2,sternberg,243,3,3,image_44,662.4017964999999
10,2,sternberg,244,4,4,image_67,664.7785765
10,2,sternberg,245,0,0,image_8,666.3916385
10,2,sternberg,246,1,1,image_36,668.0874504999999
10,2,sternberg,247,3,3,image_44,672.3455114999999
10,2,sternberg,248,3,3,image_44,674.6671665
10,2,sternberg,249,5,5,image_999,674.6771665
10,2,sternberg,250,5,5,image_999,674.6871665
10,2,sternberg,251,3,3,image_44,678.9023834999999
10,2,sternberg,252,0,0,image_8,680.5343825
10,2,sternberg,253,5,5,image_999,680.5443825
10,2,sternberg,254,5,5,image_999,680.5543825
10,2,sternberg,255,0,0,image_8,684.7814745
10,2,sternberg,256,3,3,image_44,686.5218805
10,2,sternberg,257,5,5,image_999,686.5318804999999
10,2,sternberg,258,5,5,image_999,686.5418804999999
10,2,sternberg,259,4,4,image_67,690.6293475
10,2,sternberg,260,3,3,image_44,692.6005035
10,2,sternberg,261,0,0,image_8,694.2012834999999
10,2,sternberg,262,4,4,image_67,695.7956895
10,2,sternberg,263,2,2,image_42,699.9937815
10,2,sternberg,264,1,1,image_36,702.0316245
10,2,sternberg,265,5,5,image_999,702.0416245
10,2,sternberg,266,5,5,image_999,702.0516245
10,2,sternberg,267,1,1,image_36,706.0982785
10,2,sternberg,268,0,0,image_8,707.7179655
10,2,sternberg,269,4,4,image_67,709.2927465
10,2,sternberg,270,2,2,image_42,710.9214645
10,2,sternberg,271,1,1,image_36,715.0609314999999
10,2,sternberg,272,3,3,image_44,818.9604835
10,2,sternberg,273,0,0,image_8,820.5066075
10,2,sternberg,274,5,5,image_999,820.5166075
10,2,sternberg,275,3,3,image_44,824.6022935
10,2,sternberg,276,2,2,image_42,827.0175744999999
10,2,sternberg,277,5,5,image_999,827.0275744999999
10,2,sternberg,278,5,5,image_999,827.0375744999999
10,2,sternberg,279,1,1,image_36,831.1955415
10,2,sternberg,280,4,4,image_67,833.4322585
10,2,sternberg,281,5,5,image_999,833.4422585
10,2,sternberg,282,5,5,image_999,833.4522585
10,2,sternberg,283,4,4,image_67,837.6701945
10,2,sternberg,284,2,2,image_42,839.8864125
10,2,sternberg,285,4,4,image_67,841.5151935
10,2,sternberg,286,5,5,image_999,841.5251935
10,2,sternberg,287,2,2,image_42,845.6812544999999
10,2,sternberg,288,0,0,image_8,848.2215655
10,2,sternberg,289,5,5,image_999,848.2315655
10,2,sternberg,290,5,5,image_999,848.2415655
10,2,sternberg,291,1,1,image_36,852.4257514999999
10,2,sternberg,292,0,0,image_8,854.6074385
10,2,sternberg,293,2,2,image_42,856.2376244999999
10,2,sternberg,294,1,1,image_36,857.8617495
10,2,sternberg,295,3,3,image_44,862.0858415
10,2,sternberg,296,0,0,image_8,864.3102465
10,2,sternberg,297,1,1,image_36,866.0050894999999
10,2,sternberg,298,5,5,image_999,866.0150894999999
10,2,sternberg,299,3,3,image_44,870.2124625
10,2,sternberg,300,0,0,image_8,872.1747124999999
10,2,sternberg,301,1,1,image_36,873.7908054999999
10,2,sternberg,302,2,2,image_42,875.4431175
10,2,sternberg,303,4,4,image_67,879.6747714999999
10,2,sternberg,304,4,4,image_67,881.7358335
10,2,sternberg,305,5,5,image_999,881.7458335
10,2,sternberg,306,5,5,image_999,881.7558335
10,2,sternberg,307,4,4,image_67,885.8245195
10,2,sternberg,308,1,1,image_36,887.7109244999999
10,2,sternberg,309,5,5,image_999,887.7209244999999
10,2,sternberg,310,5,5,image_999,887.7309244999999
10,2,sternberg,311,0,0,image_8,891.9454854999999
10,2,sternberg,312,1,1,image_36,893.9895475
10,2,sternberg,313,2,2,image_42,895.5241404999999
10,2,sternberg,314,5,5,image_999,895.5341404999999
10,2,sternberg,315,0,0,image_8,899.7042015
10,2,sternberg,316,1,1,image_36,901.5300444999999
10,2,sternberg,317,2,2,image_42,903.1338565
10,2,sternberg,318,3,3,image_44,904.7202305
10,2,sternberg,319,3,3,image_44,908.9588534999999
10,2,sternberg,320,1,1,image_36,911.2515715
10,2,sternberg,321,0,0,image_8,912.8780704999999
10,2,sternberg,322,5,5,image_999,912.8880704999999
10,2,sternberg,323,4,4,image_67,916.9647255
10,2,sternberg,324,0,0,image_8,918.7385995
10,2,sternberg,325,4,4,image_67,920.3838495
10,2,sternberg,326,5,5,image_999,920.3938495
10,2,sternberg,327,1,1,image_36,924.5605035
10,2,sternberg,328,1,1,image_36,926.7963775
10,2,sternberg,329,3,3,image_44,928.3927205
10,2,sternberg,330,5,5,image_999,928.4027205
10,2,sternberg,331,0,0,image_8,932.4797815
10,2,sternberg,332,0,0,image_8,934.8216874999999
10,2,sternberg,333,3,3,image_44,936.4938115
10,2,sternberg,334,5,5,image_999,936.5038115
10,2,sternberg,335,0,0,image_8,940.6964345
10,2,sternberg,336,2,2,image_42,942.8262155
10,2,sternberg,337,1,1,image_36,944.4953395
10,2,sternberg,338,5,5,image_999,944.5053395
10,2,sternberg,339,1,1,image_36,948.7121185
10,2,sternberg,340,3,3,image_44,950.9070865
10,2,sternberg,341,0,0,image_8,952.4808985
10,2,sternberg,342,1,1,image_36,954.1227735
10,2,sternberg,343,1,1,image_36,958.3220835
10,2,sternberg,344,2,2,image_42,960.1916144999999
10,2,sternberg,345,5,5,image_999,960.2016144999999
10,2,sternberg,346,5,5,image_999,960.2116144999999
10,2,sternberg,347,2,2,image_42,964.4723005
10,2,sternberg,348,1,1,image_36,966.0115185
10,2,sternberg,349,2,2,image_42,967.5583925
10,2,sternberg,350,5,5,image_999,967.5683925
10,2,sternberg,351,4,4,image_67,971.7445475
10,2,sternberg,352,4,4,image_67,973.8460775
10,2,sternberg,353,5,5,image_999,973.8560775
10,2,sternberg,354,5,5,image_999,973.8660775
10,2,sternberg,355,2,2,image_42,977.9921694999999
10,2,sternberg,356,3,3,image_44,979.9180755
10,2,sternberg,357,0,0,image_8,981.5262305
10,2,sternberg,358,5,5,image_999,981.5362305
10,2,sternberg,359,3,3,image_44,985.6408224999999
10,2,sternberg,360,4,4,image_67,987.6614784999999
10,2,sternberg,361,3,3,image_44,989.2811335
10,2,sternberg,362,2,2,image_42,990.9735394999999
10,2,sternberg,363,2,2,image_42,995.2003814999999
10,2,sternberg,364,2,2,image_42,997.1912245
10,2,sternberg,365,1,1,image_36,998.7265984999999
10,2,sternberg,366,5,5,image_999,998.7365984999999
10,2,sternberg,367,2,2,image_42,1002.9904094999999
10,2,sternberg,368,2,2,image_42,1004.9887835
10,2,sternberg,369,5,5,image_999,1004.9987835
10,2,sternberg,370,5,5,image_999,1005.0087834999999
10,2,sternberg,371,2,2,image_42,1009.1996575
10,2,sternberg,372,0,0,image_8,1011.1446565
10,2,sternberg,373,3,3,image_44,1012.8211554999999
10,2,sternberg,374,5,5,image_999,1012.8311554999999
10,2,sternberg,375,2,2,image_42,1017.0565604999999
10,2,sternberg,376,3,3,image_44,1018.9369035
10,2,sternberg,377,4,4,image_67,1020.5694655
10,2,sternberg,378,5,5,image_999,1020.5794655
10,2,sternberg,379,0,0,image_8,1024.8033384999999
10,2,sternberg,380,1,1,image_36,1026.9557754999998
10,2,sternberg,381,0,0,image_8,1028.5803684999998
10,2,sternberg,382,2,2,image_42,1030.2750545
10,2,sternberg,383,4,4,image_67,1034.4226784999998
10,2,sternberg,384,0,0,image_8,1036.4527715
10,2,sternberg,385,5,5,image_999,1036.4627715
10,2,sternberg,386,5,5,image_999,1036.4727715
10,2,sternberg,387,0,0,image_8,1040.6710195
10,2,sternberg,388,3,3,image_44,1043.2222375
10,2,sternberg,389,5,5,image_999,1043.2322374999999
10,2,sternberg,390,5,5,image_999,1043.2422374999999
10,2,sternberg,391,4,4,image_67,1047.4133915
10,2,sternberg,392,1,1,image_36,1049.2556095
10,2,sternberg,393,5,5,image_999,1049.2656095
10,2,sternberg,394,5,5,image_999,1049.2756095
10,2,sternberg,395,3,3,image_44,1053.3320145
10,2,sternberg,396,3,3,image_44,1055.4485445
10,2,sternberg,397,4,4,image_67,1057.0832625
10,2,sternberg,398,5,5,image_999,1057.0932625
10,2,sternberg,399,0,0,image_8,1061.2244174999998
10,2,sternberg,400,1,1,image_36,1063.5931355
10,2,sternberg,401,3,3,image_44,1065.1903845
10,2,sternberg,402,4,4,image_67,1066.7271025
10,2,sternberg,403,1,1,image_36,1070.9392265
10,2,sternberg,404,4,4,image_67,1072.9368505
10,2,sternberg,405,3,3,image_44,1074.5567245
10,2,sternberg,406,5,5,image_999,1074.5667245
10,2,sternberg,407,3,3,image_44,1078.7570355
10,2,sternberg,408,0,0,image_8,1080.9986285
10,2,sternberg,409,1,1,image_36,1082.5275024999999
10,2,sternberg,410,5,5,image_999,1082.5375024999998
10,2,sternberg,411,3,3,image_44,1086.6001575
10,2,sternberg,412,0,0,image_8,1088.7386875
10,2,sternberg,413,2,2,image_42,1090.4332805
10,2,sternberg,414,4,4,image_67,1092.0860615
10,2,sternberg,415,0,0,image_8,1096.2707155
10,2,sternberg,416,2,2,image_42,1098.5438405
10,2,sternberg,417,0,0,image_8,1100.2239335
10,2,sternberg,418,4,4,image_67,1101.8885885
10,2,sternberg,419,0,0,image_8,1106.0372745
10,2,sternberg,420,3,3,image_44,1107.9382114999999
10,2,sternberg,421,4,4,image_67,1109.6337415
10,2,sternberg,422,5,5,image_999,1109.6437415
10,2,sternberg,423,1,1,image_36,1113.7538964999999
10,2,sternberg,424,2,2,image_42,1115.8464585
10,2,sternberg,425,3,3,image_44,1117.3749265
10,2,sternberg,426,5,5,image_999,1117.3849265
10,2,sternberg,427,4,4,image_67,1121.6264875
10,2,sternberg,428,1,1,image_36,1123.8586115
10,2,sternberg,429,4,4,image_67,1125.3915164999999
10,2,sternberg,430,2,2,image_42,1126.9347344999999
10,2,sternberg,431,4,4,image_67,1131.1304205
10,2,sternberg,432,2,2,image_42,1134.0774824999999
10,2,sternberg,433,5,5,image_999,1134.0874824999999
10,2,sternberg,434,5,5,image_999,1134.0974824999998
10,2,sternberg,435,2,2,image_42,1138.2847924999999
10,2,sternberg,436,4,4,image_67,1140.2783235
10,2,sternberg,437,2,2,image_42,1141.8775105
10,2,sternberg,438,1,1,image_36,1143.5368535
10,2,sternberg,439,0,0,image_8,1147.7416015
10,2,sternberg,440,3,3,image_44,1149.9340065
10,2,sternberg,441,5,5,image_999,1149.9440065
10,2,sternberg,442,5,5,image_999,1149.9540064999999
10,2,sternberg,443,2,2,image_42,1154.1007235
10,2,sternberg,444,1,1,image_36,1156.4030985
10,2,sternberg,445,4,4,image_67,1158.0455345
10,2,sternberg,446,5,5,image_999,1158.0555345
10,2,sternberg,447,1,1,image_36,1162.2602514999999
10,2,sternberg,448,0,0,image_8,1164.5782825
10,2,sternberg,449,5,5,image_999,1164.5882824999999
10,2,sternberg,450,5,5,image_999,1164.5982824999999
10,2,sternberg,451,3,3,image_44,1168.7374055
10,2,sternberg,452,4,4,image_67,1170.5937485
10,2,sternberg,453,5,5,image_999,1170.6037485
10,2,sternberg,454,5,5,image_999,1170.6137485
10,2,sternberg,455,4,4,image_67,1174.7557465
10,2,sternberg,456,4,4,image_67,1176.6026835
10,2,sternberg,457,2,2,image_42,1178.1982455
10,2,sternberg,458,3,3,image_44,1179.7239325
10,2,sternberg,459,3,3,image_44,1183.9528054999998
10,2,sternberg,460,3,3,image_44,1186.0724615
10,2,sternberg,461,4,4,image_67,1187.6088045
10,2,sternberg,462,1,1,image_36,1189.3155844999999
10,2,sternberg,463,0,0,image_8,1193.4427395
10,2,sternberg,464,2,2,image_42,1195.3598634999998
10,2,sternberg,465,3,3,image_44,1196.9702385
10,2,sternberg,466,4,4,image_67,1198.6298625
10,2,sternberg,467,4,4,image_67,1202.7940485
10,2,sternberg,468,1,1,image_36,1205.4301725
10,2,sternberg,469,5,5,image_999,1205.4401725
10,2,sternberg,470,5,5,image_999,1205.4501725
10,2,sternberg,471,4,4,image_67,1209.5771705
10,2,sternberg,472,2,2,image_42,1211.5472945
10,2,sternberg,473,0,0,image_8,1213.2051374999999
10,2,sternberg,474,5,5,image_999,1213.2151374999999
10,2,sternberg,475,2,2,image_42,1217.2621984999998
10,2,sternberg,476,4,4,image_67,1219.4657605
10,2,sternberg,477,1,1,image_36,1221.1202285
10,2,sternberg,478,0,0,image_8,1222.7701335
10,2,sternberg,479,2,2,image_42,1226.9834134999999
10,2,sternberg,480,3,3,image_44,1229.3518185
10,2,sternberg,481,1,1,image_36,1230.8732555
10,2,sternberg,482,5,5,image_999,1230.8832555
10,2,sternberg,483,3,3,image_44,1235.0913165
10,2,sternberg,484,3,3,image_44,1237.5955655
10,2,sternberg,485,1,1,image_36,1239.1279395
10,2,sternberg,486,0,0,image_8,1240.7461895
10,2,sternberg,487,2,2,image_42,1244.9633755
10,2,sternberg,488,1,1,image_36,1247.4538115
10,2,sternberg,489,5,5,image_999,1247.4638115
10,2,sternberg,490,5,5,image_999,1247.4738115
10,2,sternberg,491,1,1,image_36,1251.5048725
10,2,sternberg,492,0,0,image_8,1253.6989655
10,2,sternberg,493,5,5,image_999,1253.7089655
10,2,sternberg,494,5,5,image_999,1253.7189655
10,2,sternberg,495,0,0,image_8,1257.8284635
10,2,sternberg,496,1,1,image_36,1259.9590875
10,2,sternberg,497,3,3,image_44,1261.5318685
10,2,sternberg,498,0,0,image_8,1263.1713674999999
10,2,sternberg,499,3,3,image_44,1267.4066785
10,2,sternberg,500,2,2,image_42,1269.6550835
10,2,sternberg,501,0,0,image_8,1271.3587395
10,2,sternberg,502,5,5,image_999,1271.3687395
10,2,sternberg,503,1,1,image_36,1275.5703624999999
10,2,sternberg,504,2,2,image_42,1277.8239555
10,2,sternberg,505,4,4,image_67,1279.4508925
10,2,sternberg,506,3,3,image_44,1281.1167355
10,2,sternberg,507,3,3,image_44,1285.2412655
10,2,sternberg,508,0,0,image_8,1287.3415145
10,2,sternberg,509,5,5,image_999,1287.3515145
10,2,sternberg,510,5,5,image_999,1287.3615144999999
10,2,sternberg,511,2,2,image_42,1291.5047625
10,2,sternberg,512,2,2,image_42,1293.4603865
10,2,sternberg,513,5,5,image_999,1293.4703865
10,2,sternberg,514,5,5,image_999,1293.4803865
10,2,sternberg,515,2,2,image_42,1297.5998855
10,2,sternberg,516,4,4,image_67,1299.5306034999999
10,2,sternberg,517,0,0,image_8,1301.1456025
10,2,sternberg,518,1,1,image_36,1302.6741645
10,2,sternberg,519,2,2,image_42,1306.7941005
10,2,sternberg,520,3,3,image_44,1308.8532865
10,2,sternberg,521,1,1,image_36,1310.4813175
10,2,sternberg,522,2,2,image_42,1312.1813164999999
10,2,sternberg,523,0,0,image_8,1316.3680335
10,2,sternberg,524,2,2,image_42,1318.7094395
10,2,sternberg,525,0,0,image_8,1320.2415015
10,2,sternberg,526,4,4,image_67,1321.9344695
10,2,sternberg,527,4,4,image_67,1326.0275615
10,2,sternberg,528,0,0,image_8,1328.2192165
10,2,sternberg,529,3,3,image_44,1329.8060905
10,2,sternberg,530,1,1,image_36,1331.3677464999998
10,2,sternberg,531,2,2,image_42,1335.4762765
10,2,sternberg,532,3,3,image_44,1337.6335875
10,2,sternberg,533,5,5,image_999,1337.6435875
10,2,sternberg,534,5,5,image_999,1337.6535875
10,2,sternberg,535,1,1,image_36,1341.7065235
10,2,sternberg,536,0,0,image_8,1343.9803044999999
10,2,sternberg,537,3,3,image_44,1345.5138654999998
10,2,sternberg,538,4,4,image_67,1347.0394595
10,2,sternberg,539,1,1,image_36,1351.1314264999999
11,1,screening,0,30,27,image_31,47.21719925
11,1,screening,1,25,23,image_26,48.954323249999995
11,1,screening,2,38,35,image_39,50.67388525
11,1,screening,3,16,15,image_17,52.313416249999996
11,1,screening,4,55,50,image_56,54.030852249999995
11,1,screening,5,43,39,image_44,55.71378925
11,1,screening,6,0,0,image_1,118.03510825
11,1,screening,7,40,36,image_41,119.69088925
11,1,screening,8,53,48,image_54,121.37110725
11,1,screening,9,46,42,image_47,123.09923124999999
11,1,screening,10,66,60,image_67,124.82160524999999
11,1,screening,11,18,17,image_19,126.46376124999999
11,1,screening,12,68,62,image_69,128.18719825
11,1,screening,13,11,10,image_12,129.90813425
11,1,screening,14,48,44,image_49,131.58319625
11,1,screening,15,17,16,image_18,133.28922724999998
11,1,screening,16,51,46,image_52,134.92938225
11,1,screening,17,1,1,image_2,136.59741325
11,1,screening,18,54,49,image_55,138.31478725
11,1,screening,19,13,12,image_14,140.01966224999998
11,1,screening,20,35,32,image_36,141.74097325
11,1,screening,21,44,40,image_45,143.43241025
11,1,screening,22,22,20,image_23,145.06375325
11,1,screening,23,27,25,image_28,146.77422124999998
11,1,screening,24,32,29,image_33,148.49475225
11,1,screening,25,60,54,image_61,150.18762625
11,1,screening,26,2,2,image_3,151.89159425
11,1,screening,27,4,4,image_5,153.59121925
11,1,screening,28,33,30,image_34,155.25624925
11,1,screening,29,31,28,image_32,156.94753025
11,1,screening,30,37,34,image_38,158.59152924999998
11,1,screening,31,42,38,image_43,160.28715425
11,1,screening,32,6,6,image_7,173.22118025
11,1,screening,33,3,3,image_4,174.87646024999998
11,1,screening,34,58,53,image_59,176.50689724999998
11,1,screening,35,56,51,image_57,178.14205325
11,1,screening,36,26,24,image_27,179.84977125
11,1,screening,37,45,41,image_46,181.54498925
11,1,screening,38,64,58,image_65,182.94639425
11,1,screening,39,8,8,image_9,184.92355025
11,1,screening,40,61,55,image_62,186.55308025
11,1,screening,41,62,56,image_63,188.22248625
11,1,screening,42,20,18,image_21,193.31376525
11,1,screening,43,14,13,image_15,195.01689025
11,1,screening,44,24,22,image_25,196.72217025
11,1,screening,45,12,11,image_13,198.36654525
11,1,screening,46,63,57,image_64,200.04791924999998
11,1,screening,47,57,52,image_58,201.71848125
11,1,screening,48,15,14,image_16,203.40923024999998
11,1,screening,49,67,61,image_68,205.10516725
11,1,screening,50,41,37,image_42,206.80722924999998
11,1,screening,51,47,43,image_48,208.46041524999998
11,1,screening,52,52,47,image_53,210.15335224999998
11,1,screening,53,34,31,image_35,211.84503924999999
11,1,screening,54,23,21,image_24,213.48707025
11,1,screening,55,36,33,image_37,215.12413225
11,1,screening,56,21,19,image_22,216.79910024999998
11,1,screening,57,5,5,image_6,218.52016125
11,1,screening,58,28,26,image_29,220.18034824999998
11,1,screening,59,50,45,image_51,221.86431625
11,1,screening,60,7,7,image_8,223.51309725
11,1,screening,61,65,59,image_66,225.21459625
11,1,screening,62,10,9,image_11,226.86618925
11,1,screening,63,63,57,image_64,231.43453125
11,1,screening,64,35,32,image_36,233.45196825
11,1,screening,65,48,44,image_49,235.16943625
11,1,screening,66,33,30,image_34,236.89127925
11,1,screening,67,34,31,image_35,238.57212224999998
11,1,screening,68,20,18,image_21,240.21105924999998
11,1,screening,69,0,0,image_1,241.85099624999998
11,1,screening,70,46,42,image_47,243.50177624999998
11,1,screening,71,60,54,image_61,245.21215124999998
11,1,screening,72,45,41,image_46,246.86330625
11,1,screening,73,32,29,image_33,248.57105625
11,1,screening,74,65,59,image_66,256.72242725
11,1,screening,75,12,11,image_13,258.44377025
11,1,screening,76,62,56,image_63,260.10323825
11,1,screening,77,17,16,image_18,261.74817525
11,1,screening,78,18,17,image_19,263.39945625
11,1,screening,79,58,53,image_59,265.08717425
11,1,screening,80,6,6,image_7,266.76029825
11,1,screening,81,68,62,image_69,268.42132925
11,1,screening,82,38,35,image_39,270.13139125
11,1,screening,83,54,49,image_55,271.81576524999997
11,1,screening,84,36,33,image_37,273.49588925
11,1,screening,85,8,8,image_9,275.21313925
11,1,screening,86,66,60,image_67,276.86726325
11,1,screening,87,37,34,image_38,281.80823025
11,1,screening,88,2,2,image_3,283.51713524999997
11,1,screening,89,3,3,image_4,285.18160324999997
11,1,screening,90,23,21,image_24,286.86375925
11,1,screening,91,53,48,image_54,288.49713325
11,1,screening,92,57,52,image_58,290.12875825
11,1,screening,93,30,27,image_31,291.80756925
11,1,screening,94,50,45,image_51,293.51166324999997
11,1,screening,95,51,46,image_52,295.23116225
11,1,screening,96,15,14,image_16,296.86338025
11,1,screening,97,27,25,image_28,298.54619225
11,1,screening,98,25,23,image_26,300.21856625
11,1,screening,99,14,13,image_15,301.84587825
11,1,screening,100,61,55,image_62,303.50628424999996
11,1,screening,101,1,1,image_2,305.14797025
11,1,screening,102,13,12,image_14,306.85425125
11,1,screening,103,41,37,image_42,308.51171925
11,1,screening,104,24,22,image_25,310.19084325
11,1,screening,105,22,20,image_23,316.01027925
11,1,screening,106,26,24,image_27,317.69771525
11,1,screening,107,4,4,image_5,319.34952725
11,1,screening,108,7,7,image_8,321.04187025
11,1,screening,109,55,50,image_56,322.73608824999997
11,1,screening,110,67,61,image_68,324.43624424999996
11,1,screening,111,47,43,image_48,326.10846225
11,1,screening,112,28,26,image_29,327.74255525
11,1,screening,113,56,51,image_57,329.39083625
11,1,screening,114,64,58,image_65,330.79217925
11,1,screening,115,40,36,image_41,332.75014725
11,1,screening,116,5,5,image_6,334.45995925
11,1,screening,117,42,38,image_43,336.14058324999996
11,1,screening,118,11,10,image_12,337.86505124999996
11,1,screening,119,10,9,image_11,339.49783225
11,1,screening,120,52,47,image_53,341.16858125
11,1,screening,121,16,15,image_17,342.80486225
11,1,screening,122,43,39,image_44,344.52714225
11,1,screening,123,21,19,image_22,346.14164124999996
11,1,screening,124,44,40,image_45,347.84392225
11,1,screening,125,31,28,image_32,349.55117125
11,1,screening,126,64,58,image_65,350.95257725
11,1,screening,127,5,5,image_6,352.89773225
11,1,screening,128,54,49,image_55,354.56288824999996
11,1,screening,129,45,41,image_46,356.21416925
11,1,screening,130,46,42,image_47,357.92407425
11,1,screening,131,47,43,image_48,359.59313625
11,1,screening,132,53,48,image_54,379.44665925
11,1,screening,133,36,33,image_37,381.09390924999997
11,1,screening,134,30,27,image_31,382.74593925
11,1,screening,135,51,46,image_52,384.38722025
11,1,screening,136,10,9,image_11,386.03290725
11,1,screening,137,37,34,image_38,387.74484325
11,1,screening,138,21,19,image_22,389.42790525
11,1,screening,139,8,8,image_9,391.10853025
11,1,screening,140,43,39,image_44,392.74827925
11,1,screening,141,24,22,image_25,397.64268325
11,1,screening,142,6,6,image_7,399.33258924999996
11,1,screening,143,20,18,image_21,400.99365124999997
11,1,screening,144,14,13,image_15,402.67068125
11,1,screening,145,1,1,image_2,404.33664925
11,1,screening,146,16,15,image_17,405.97133625
11,1,screening,147,38,35,image_39,407.62049225
11,1,screening,148,7,7,image_8,409.25952225
11,1,screening,149,12,11,image_13,410.90380324999995
11,1,screening,150,26,24,image_27,412.55411525
11,1,screening,151,4,4,image_5,414.22189525
11,1,screening,152,52,47,image_53,415.85370724999996
11,1,screening,153,50,45,image_51,421.20692425
11,1,screening,154,33,30,image_34,422.92789224999996
11,1,screening,155,68,62,image_69,424.60317225
11,1,screening,156,44,40,image_45,426.28898425
11,1,screening,157,56,51,image_57,427.94795224999996
11,1,screening,158,60,54,image_61,429.66401425
11,1,screening,159,35,32,image_36,431.32570125
11,1,screening,160,66,60,image_67,432.96307525
11,1,screening,161,25,23,image_26,434.66726224999996
11,1,screening,162,48,44,image_49,436.33113625
11,1,screening,163,2,2,image_3,437.98123024999995
11,1,screening,164,58,53,image_59,439.64751025
11,1,screening,165,3,3,image_4,441.28335325
11,1,screening,166,0,0,image_1,442.92216525
11,1,screening,167,40,36,image_41,444.64400824999996
11,1,screening,168,18,17,image_19,446.37266424999996
11,1,screening,169,28,26,image_29,448.05566324999995
11,1,screening,170,15,14,image_16,449.68747525
11,1,screening,171,42,38,image_43,451.33734925
11,1,screening,172,22,20,image_23,452.99784925
11,1,screening,173,17,16,image_18,454.70581725
11,1,screening,174,61,55,image_62,456.33237825
11,1,screening,175,11,10,image_12,457.96222224999997
11,1,screening,176,41,37,image_42,459.60425225
11,1,screening,177,27,25,image_28,461.29450125
11,1,screening,178,55,50,image_56,462.99340724999996
11,1,screening,179,31,28,image_32,464.68471925
11,1,screening,180,65,59,image_66,466.35653125
11,1,screening,181,62,56,image_63,468.03659224999996
11,1,screening,182,34,31,image_35,473.98009025
11,1,screening,183,13,12,image_14,475.68099624999996
11,1,screening,184,57,52,image_58,477.32496425
11,1,screening,185,23,21,image_24,479.01927624999996
11,1,screening,186,63,57,image_64,480.66393124999996
11,1,screening,187,32,29,image_33,482.32736825
11,1,screening,188,67,61,image_68,484.01499225
11,1,screening,189,23,21,image_24,485.71852325
11,1,screening,190,32,29,image_33,487.35255324999997
11,1,screening,191,43,39,image_44,489.07161525
11,1,screening,192,35,32,image_36,490.77511525
11,1,screening,193,64,58,image_65,492.17655225
11,1,screening,194,12,11,image_13,494.11833225
11,1,screening,195,65,59,image_66,495.78845624999997
11,1,screening,196,24,22,image_25,497.44429925
11,1,screening,197,38,35,image_39,499.12076824999997
11,1,screening,198,52,47,image_53,500.79767325
11,1,screening,199,66,60,image_67,502.50486025
11,1,screening,200,41,37,image_42,504.20967225
11,1,screening,201,67,61,image_68,505.89998425
11,1,screening,202,42,38,image_43,507.56282725
11,1,screening,203,37,34,image_38,509.26973225
11,1,screening,204,40,36,image_41,510.94854425
11,1,screening,205,62,56,image_63,512.60973125
11,1,screening,206,57,52,image_58,514.3286362499999
11,1,screening,207,28,26,image_29,516.04188625
11,1,screening,208,2,2,image_3,517.72282325
11,1,screening,209,10,9,image_11,519.41082225
11,1,screening,210,56,51,image_57,521.09463425
11,1,screening,211,45,41,image_46,522.74091425
11,1,screening,212,34,31,image_35,524.39666425
11,1,screening,213,61,55,image_62,526.07010025
11,1,screening,214,51,46,image_52,527.71875625
11,1,screening,215,0,0,image_1,529.4286932499999
11,1,screening,216,26,24,image_27,534.35153525
11,1,screening,217,36,33,image_37,536.0014092499999
11,1,screening,218,53,48,image_54,537.6455022499999
11,1,screening,219,3,3,image_4,539.29372025
11,1,screening,220,48,44,image_49,540.96262625
11,1,screening,221,50,45,image_51,542.6197502499999
11,1,screening,222,46,42,image_47,544.33771825
11,1,screening,223,30,27,image_31,546.00696725
11,1,screening,224,58,53,image_59,547.65146725
11,1,screening,225,5,5,image_6,549.36756025
11,1,screening,226,22,20,image_23,551.09199725
11,1,screening,227,20,18,image_21,552.76124625
11,1,screening,228,8,8,image_9,554.39824525
11,1,screening,229,33,30,image_34,556.04971325
11,1,screening,230,68,62,image_69,557.71558825
11,1,screening,231,13,12,image_14,562.02714825
11,1,screening,232,31,28,image_32,563.68052325
11,1,screening,233,44,40,image_45,565.36667825
11,1,screening,234,60,54,image_61,567.06383425
11,1,screening,235,14,13,image_15,568.71555225
11,1,screening,236,11,10,image_12,570.3527702499999
11,1,screening,237,47,43,image_48,572.00786325
11,1,screening,238,15,14,image_16,573.6645502499999
11,1,screening,239,7,7,image_8,575.3341742499999
11,1,screening,240,18,17,image_19,577.0102362499999
11,1,screening,241,1,1,image_2,578.64454825
11,1,screening,242,27,25,image_28,580.29642225
11,1,screening,243,6,6,image_7,582.00345325
11,1,screening,244,54,49,image_55,586.2302012499999
11,1,screening,245,25,23,image_26,587.9497632499999
11,1,screening,246,55,50,image_56,589.64885625
11,1,screening,247,16,15,image_17,591.32319925
11,1,screening,248,4,4,image_5,593.00610525
11,1,screening,249,21,19,image_22,594.65497925
11,1,screening,250,63,57,image_64,596.32626025
11,1,screening,251,17,16,image_18,598.05475925
11,1,screening,252,24,22,image_25,599.73454025
11,1,screening,253,16,15,image_17,601.4126642499999
11,1,screening,254,1,1,image_2,603.06132025
11,1,screening,255,31,28,image_32,604.73606925
11,1,screening,256,51,46,image_52,606.42366225
11,1,screening,257,5,5,image_6,608.11678625
11,1,screening,258,47,43,image_48,609.78209825
11,1,screening,259,61,55,image_62,611.4442222499999
11,1,screening,260,36,33,image_37,615.29822125
11,1,screening,261,15,14,image_16,616.9288762499999
11,1,screening,262,68,62,image_69,618.64247025
11,1,screening,263,54,49,image_55,620.35990625
11,1,screening,264,32,29,image_33,622.06499925
11,1,screening,265,13,12,image_14,623.69953025
11,1,screening,266,48,44,image_49,625.35168625
11,1,screening,267,65,59,image_66,627.01049725
11,1,screening,268,55,50,image_56,628.7033722499999
11,1,screening,269,42,38,image_43,630.3420592499999
11,1,screening,270,20,18,image_21,632.0413082499999
11,1,screening,271,67,61,image_68,636.55677525
11,1,screening,272,18,17,image_19,638.24864925
11,1,screening,273,34,31,image_35,639.92330525
11,1,screening,274,21,19,image_22,641.6261482499999
11,1,screening,275,53,48,image_54,643.32339725
11,1,screening,276,28,26,image_29,645.04045925
11,1,screening,277,50,45,image_51,646.7560522499999
11,1,screening,278,14,13,image_15,648.41523925
11,1,screening,279,43,39,image_44,653.54592425
11,1,screening,280,30,27,image_31,655.19167425
11,1,screening,281,44,40,image_45,656.82164225
11,1,screening,282,22,20,image_23,658.52139125
11,1,screening,283,58,53,image_59,660.1975152499999
11,1,screening,284,12,11,image_13,661.8747962499999
11,1,screening,285,52,47,image_53,667.36660625
11,1,screening,286,38,35,image_39,669.05316825
11,1,screening,287,26,24,image_27,670.74166725
11,1,screening,288,64,58,image_65,672.14310425
11,1,screening,289,0,0,image_1,674.16591625
11,1,screening,290,66,60,image_67,675.84913425
11,1,screening,291,23,21,image_24,677.49357125
11,1,screening,292,33,30,image_34,682.56410025
11,1,screening,293,57,52,image_58,684.2854122499999
11,1,screening,294,40,36,image_41,685.91322425
11,1,screening,295,3,3,image_4,687.58703625
11,1,screening,296,63,57,image_64,689.22891025
11,1,screening,297,4,4,image_5,690.94640925
11,1,screening,298,62,56,image_63,692.64312725
11,1,screening,299,45,41,image_46,694.31912725
11,1,screening,300,11,10,image_12,695.99359525
11,1,screening,301,46,42,image_47,697.62500025
11,1,screening,302,25,23,image_26,699.31921825
11,1,screening,303,27,25,image_28,700.94903025
11,1,screening,304,10,9,image_11,702.5826862499999
11,1,screening,305,6,6,image_7,704.26156025
11,1,screening,306,35,32,image_36,705.89743425
11,1,screening,307,56,51,image_57,707.60480925
11,1,screening,308,60,54,image_61,709.31165225
11,1,screening,309,2,2,image_3,711.00949525
11,1,screening,310,7,7,image_8,712.6497442499999
11,1,screening,311,17,16,image_18,714.34074425
11,1,screening,312,8,8,image_9,716.01783725
11,1,screening,313,37,34,image_38,717.74180525
11,1,screening,314,41,37,image_42,719.4318042499999
11,1,screening,315,35,32,image_36,721.1378032499999
11,1,screening,316,6,6,image_7,722.8079282499999
11,1,screening,317,20,18,image_21,724.47661525
11,1,screening,318,36,33,image_37,729.08292525
11,1,screening,319,62,56,image_63,730.71801825
11,1,screening,320,4,4,image_5,732.35692425
11,1,screening,321,48,44,image_49,734.01098625
11,1,screening,322,17,16,image_18,735.67614125
11,1,screening,323,2,2,image_3,737.38539125
11,1,screening,324,63,57,image_64,739.0912962499999
11,1,screening,325,25,23,image_26,740.72373325
11,1,screening,326,64,58,image_65,742.12517025
11,1,screening,327,24,22,image_25,744.06632525
11,1,screening,328,10,9,image_11,745.73373125
11,1,screening,329,13,12,image_14,747.42435525
11,1,screening,330,54,49,image_55,749.11279225
11,1,screening,331,30,27,image_31,750.76779125
11,1,screening,332,55,50,image_56,752.43672825
11,1,screening,333,68,62,image_69,754.06357125
11,1,screening,334,8,8,image_9,755.78750825
11,1,screening,335,0,0,image_1,757.4307582499999
11,1,screening,336,3,3,image_4,759.06669425
11,1,screening,337,44,40,image_45,760.7315062499999
11,1,screening,338,33,30,image_34,766.40400425
11,1,screening,339,16,15,image_17,768.07947225
11,1,screening,340,18,17,image_19,769.73906525
11,1,screening,341,11,10,image_12,771.4601272499999
11,1,screening,342,15,14,image_16,773.17803225
11,1,screening,343,51,46,image_52,774.8092822499999
11,1,screening,344,32,29,image_33,776.5085312499999
11,1,screening,345,47,43,image_48,778.16046825
11,1,screening,346,5,5,image_6,779.8285922499999
11,1,screening,347,12,11,image_13,781.50849825
11,1,screening,348,57,52,image_58,783.22893525
11,1,screening,349,21,19,image_22,784.8959972499999
11,1,screening,350,40,36,image_41,786.62009025
11,1,screening,351,28,26,image_29,788.2769012499999
11,1,screening,352,56,51,image_57,789.97324425
11,1,screening,353,46,42,image_47,791.66543125
11,1,screening,354,38,35,image_39,793.34652425
11,1,screening,355,52,47,image_53,795.04161725
11,1,screening,356,23,21,image_24,796.7341172499999
11,1,screening,357,37,34,image_38,802.20527125
11,1,screening,358,67,61,image_68,803.8441762499999
11,1,screening,359,45,41,image_46,805.56961325
11,1,screening,360,42,38,image_43,807.21261325
11,1,screening,361,41,37,image_42,808.84145625
11,1,screening,362,61,55,image_62,810.52326725
11,1,screening,363,53,48,image_54,812.2373612499999
11,1,screening,364,34,31,image_35,813.92911025
11,1,screening,365,22,20,image_23,815.57448425
11,1,screening,366,26,24,image_27,817.23635925
11,1,screening,367,50,45,image_51,818.9091082499999
11,1,screening,368,43,39,image_44,820.63320125
11,1,screening,369,65,59,image_66,822.27526325
11,1,screening,370,60,54,image_61,823.99248125
11,1,screening,371,31,28,image_32,825.68316825
11,1,screening,372,58,53,image_59,827.34604225
11,1,screening,373,1,1,image_2,828.99747925
11,1,screening,374,7,7,image_8,830.6657282499999
11,1,screening,375,27,25,image_28,832.33960225
11,1,screening,376,66,60,image_67,833.97769625
11,1,screening,377,14,13,image_15,835.6616322499999
11,2,sternberg,0,4,4,image_63,231.29565624999998
11,2,sternberg,1,0,0,image_25,232.99440625
11,2,sternberg,2,2,2,image_54,234.61199925
11,2,sternberg,3,4,4,image_63,238.68506025
11,2,sternberg,4,0,0,image_25,241.33340224999998
11,2,sternberg,5,1,1,image_32,243.00527724999998
11,2,sternberg,6,3,3,image_59,244.56124524999998
11,2,sternberg,7,0,0,image_25,248.81389925
11,2,sternberg,8,2,2,image_54,251.16474225
11,2,sternberg,9,4,4,image_63,252.76746025
11,2,sternberg,10,3,3,image_59,254.34611625
11,2,sternberg,11,1,1,image_32,258.60308325
11,2,sternberg,12,4,4,image_63,261.28283225
11,2,sternberg,13,0,0,image_25,262.94170625
11,2,sternberg,14,5,5,image_999,262.95170625
11,2,sternberg,15,2,2,image_54,267.16461125
11,2,sternberg,16,4,4,image_63,270.31898524999997
11,2,sternberg,17,1,1,image_32,271.93451525
11,2,sternberg,18,5,5,image_999,271.94451525
11,2,sternberg,19,4,4,image_63,276.21463825
11,2,sternberg,20,3,3,image_59,278.62291925
11,2,sternberg,21,1,1,image_32,280.14379325
11,2,sternberg,22,5,5,image_999,280.15379325
11,2,sternberg,23,1,1,image_32,284.26182324999996
11,2,sternberg,24,0,0,image_25,286.48079125
11,2,sternberg,25,1,1,image_32,288.02269624999997
11,2,sternberg,26,5,5,image_999,288.03269624999996
11,2,sternberg,27,3,3,image_59,292.20172625
11,2,sternberg,28,2,2,image_54,294.94063124999997
11,2,sternberg,29,3,3,image_59,296.53856824999997
11,2,sternberg,30,0,0,image_25,298.06263025
11,2,sternberg,31,4,4,image_63,302.22990925
11,2,sternberg,32,1,1,image_32,306.19678325
11,2,sternberg,33,2,2,image_54,307.90434425
11,2,sternberg,34,4,4,image_63,309.42868825
11,2,sternberg,35,3,3,image_59,313.55965525
11,2,sternberg,36,1,1,image_32,316.33968525
11,2,sternberg,37,2,2,image_54,318.01059025
11,2,sternberg,38,5,5,image_999,318.02059025
11,2,sternberg,39,3,3,image_59,322.22318225
11,2,sternberg,40,1,1,image_32,324.44055725
11,2,sternberg,41,5,5,image_999,324.45055725
11,2,sternberg,42,5,5,image_999,324.46055724999997
11,2,sternberg,43,1,1,image_32,328.64971125
11,2,sternberg,44,0,0,image_25,330.73183524999996
11,2,sternberg,45,5,5,image_999,330.74183524999995
11,2,sternberg,46,5,5,image_999,330.75183524999994
11,2,sternberg,47,0,0,image_25,334.87905225
11,2,sternberg,48,3,3,image_59,337.57417625
11,2,sternberg,49,5,5,image_999,337.58417625
11,2,sternberg,50,5,5,image_999,337.59417625
11,2,sternberg,51,3,3,image_59,341.84020625
11,2,sternberg,52,2,2,image_54,343.93258025
11,2,sternberg,53,4,4,image_63,345.46161125
11,2,sternberg,54,3,3,image_59,347.01723525
11,2,sternberg,55,0,0,image_25,351.09089025
11,2,sternberg,56,0,0,image_25,355.68226325
11,2,sternberg,57,1,1,image_32,357.37360624999997
11,2,sternberg,58,3,3,image_59,359.06985525
11,2,sternberg,59,2,2,image_54,363.24897825
11,2,sternberg,60,4,4,image_63,366.88054024999997
11,2,sternberg,61,5,5,image_999,366.89054024999996
11,2,sternberg,62,5,5,image_999,366.90054024999995
11,2,sternberg,63,4,4,image_63,371.01225725
11,2,sternberg,64,4,4,image_63,373.09391224999996
11,2,sternberg,65,5,5,image_999,373.10391224999995
11,2,sternberg,66,5,5,image_999,373.11391224999994
11,2,sternberg,67,1,1,image_32,377.16475425
11,2,sternberg,68,3,3,image_59,379.33459725
11,2,sternberg,69,5,5,image_999,379.34459725
11,2,sternberg,70,5,5,image_999,379.35459725
11,2,sternberg,71,1,1,image_32,383.40628325
11,2,sternberg,72,4,4,image_63,385.73353225
11,2,sternberg,73,2,2,image_54,387.25878124999997
11,2,sternberg,74,3,3,image_59,388.80040625
11,2,sternberg,75,4,4,image_63,393.03609224999997
11,2,sternberg,76,1,1,image_32,395.93940325
11,2,sternberg,77,0,0,image_25,397.50696525
11,2,sternberg,78,5,5,image_999,397.51696525
11,2,sternberg,79,0,0,image_25,401.70383825
11,2,sternberg,80,2,2,image_54,404.11383724999996
11,2,sternberg,81,4,4,image_63,405.74643025
11,2,sternberg,82,0,0,image_25,407.41186725
11,2,sternberg,83,2,2,image_54,411.55755324999996
11,2,sternberg,84,1,1,image_32,413.89430224999995
11,2,sternberg,85,2,2,image_54,415.49236425
11,2,sternberg,86,3,3,image_59,417.06226925
11,2,sternberg,87,4,4,image_63,421.24664325
11,2,sternberg,88,4,4,image_63,423.89704824999995
11,2,sternberg,89,5,5,image_999,423.90704824999995
11,2,sternberg,90,5,5,image_999,423.91704824999994
11,2,sternberg,91,2,2,image_54,428.08260924999996
11,2,sternberg,92,4,4,image_63,430.99842025
11,2,sternberg,93,2,2,image_54,432.68145124999995
11,2,sternberg,94,5,5,image_999,432.69145124999994
11,2,sternberg,95,4,4,image_63,436.88579325
11,2,sternberg,96,1,1,image_32,439.60579225
11,2,sternberg,97,5,5,image_999,439.61579224999997
11,2,sternberg,98,5,5,image_999,439.62579224999996
11,2,sternberg,99,1,1,image_32,443.75641525
11,2,sternberg,100,3,3,image_59,445.73638324999996
11,2,sternberg,101,1,1,image_32,447.27932024999996
11,2,sternberg,102,0,0,image_25,448.83244425
11,2,sternberg,103,1,1,image_32,452.98275524999997
11,2,sternberg,104,3,3,image_59,455.33606725
11,2,sternberg,105,5,5,image_999,455.34606725
11,2,sternberg,106,5,5,image_999,455.35606724999997
11,2,sternberg,107,2,2,image_54,459.64337724999996
11,2,sternberg,108,1,1,image_32,476.76693324999997
11,2,sternberg,109,4,4,image_63,478.35558925
11,2,sternberg,110,5,5,image_999,478.36558924999997
11,2,sternberg,111,4,4,image_63,482.53130625
11,2,sternberg,112,0,0,image_25,484.76608625
11,2,sternberg,113,5,5,image_999,484.77608625
11,2,sternberg,114,5,5,image_999,484.78608625
11,2,sternberg,115,0,0,image_25,488.84842825
11,2,sternberg,116,0,0,image_25,490.84355224999996
11,2,sternberg,117,3,3,image_59,492.37617724999996
11,2,sternberg,118,5,5,image_999,492.38617724999995
11,2,sternberg,119,4,4,image_63,496.53770625
11,2,sternberg,120,0,0,image_25,498.94336124999995
11,2,sternberg,121,3,3,image_59,500.54861124999996
11,2,sternberg,122,2,2,image_54,502.17157925
11,2,sternberg,123,4,4,image_63,506.29326525
11,2,sternberg,124,3,3,image_59,509.47667025
11,2,sternberg,125,4,4,image_63,511.03016925
11,2,sternberg,126,5,5,image_999,511.04016924999996
11,2,sternberg,127,3,3,image_59,515.2188552499999
11,2,sternberg,128,0,0,image_25,517.08479225
11,2,sternberg,129,2,2,image_54,518.79001025
11,2,sternberg,130,5,5,image_999,518.80001025
11,2,sternberg,131,2,2,image_54,522.9319772499999
11,2,sternberg,132,0,0,image_25,525.04803925
11,2,sternberg,133,5,5,image_999,525.05803925
11,2,sternberg,134,5,5,image_999,525.06803925
11,2,sternberg,135,3,3,image_59,529.16513125
11,2,sternberg,136,3,3,image_59,531.22316125
11,2,sternberg,137,1,1,image_32,532.75984825
11,2,sternberg,138,0,0,image_25,534.39800425
11,2,sternberg,139,3,3,image_59,538.60378325
11,2,sternberg,140,2,2,image_54,541.78443825
11,2,sternberg,141,5,5,image_999,541.79443825
11,2,sternberg,142,5,5,image_999,541.80443825
11,2,sternberg,143,1,1,image_32,545.95171825
11,2,sternberg,144,4,4,image_63,547.96652925
11,2,sternberg,145,2,2,image_54,549.5739972499999
11,2,sternberg,146,5,5,image_999,549.5839972499999
11,2,sternberg,147,2,2,image_54,553.78858925
11,2,sternberg,148,4,4,image_63,555.94727625
11,2,sternberg,149,5,5,image_999,555.95727625
11,2,sternberg,150,5,5,image_999,555.9672762499999
11,2,sternberg,151,4,4,image_63,560.19668125
11,2,sternberg,152,1,1,image_32,562.13521125
11,2,sternberg,153,4,4,image_63,563.65621125
11,2,sternberg,154,0,0,image_25,565.26196025
11,2,sternberg,155,3,3,image_59,569.42198925
11,2,sternberg,156,4,4,image_63,571.97658225
11,2,sternberg,157,0,0,image_25,573.5060502499999
11,2,sternberg,158,5,5,image_999,573.5160502499999
11,2,sternberg,159,4,4,image_63,577.67808025
11,2,sternberg,160,2,2,image_54,579.91942325
11,2,sternberg,161,1,1,image_32,581.5916102499999
11,2,sternberg,162,0,0,image_25,583.26310925
11,2,sternberg,163,0,0,image_25,587.45085725
11,2,sternberg,164,3,3,image_59,590.2443872499999
11,2,sternberg,165,2,2,image_54,591.88119925
11,2,sternberg,166,5,5,image_999,591.89119925
11,2,sternberg,167,4,4,image_63,596.11688525
11,2,sternberg,168,4,4,image_63,598.02994725
11,2,sternberg,169,0,0,image_25,599.56379025
11,2,sternberg,170,3,3,image_59,601.10622725
11,2,sternberg,171,0,0,image_25,605.2981942499999
11,2,sternberg,172,2,2,image_54,607.56781825
11,2,sternberg,173,3,3,image_59,609.18059825
11,2,sternberg,174,5,5,image_999,609.19059825
11,2,sternberg,175,2,2,image_54,613.3599722499999
11,2,sternberg,176,1,1,image_32,615.83022125
11,2,sternberg,177,5,5,image_999,615.84022125
11,2,sternberg,178,5,5,image_999,615.85022125
11,2,sternberg,179,0,0,image_25,619.97384425
11,2,sternberg,180,3,3,image_59,622.40146825
11,2,sternberg,181,5,5,image_999,622.41146825
11,2,sternberg,182,5,5,image_999,622.42146825
11,2,sternberg,183,3,3,image_59,626.51962325
11,2,sternberg,184,4,4,image_63,628.67868425
11,2,sternberg,185,3,3,image_59,630.2051212499999
11,2,sternberg,186,5,5,image_999,630.2151212499999
11,2,sternberg,187,0,0,image_25,634.40940125
11,2,sternberg,188,2,2,image_54,636.6896812499999
11,2,sternberg,189,5,5,image_999,636.6996812499999
11,2,sternberg,190,5,5,image_999,636.7096812499999
11,2,sternberg,191,2,2,image_54,640.90277325
11,2,sternberg,192,1,1,image_32,642.85299125
11,2,sternberg,193,2,2,image_54,644.4679592499999
11,2,sternberg,194,5,5,image_999,644.4779592499999
11,2,sternberg,195,4,4,image_63,648.70817625
11,2,sternberg,196,1,1,image_32,651.2433942499999
11,2,sternberg,197,5,5,image_999,651.2533942499999
11,2,sternberg,198,5,5,image_999,651.2633942499999
11,2,sternberg,199,3,3,image_59,655.31095525
11,2,sternberg,200,4,4,image_63,657.99036025
11,2,sternberg,201,2,2,image_54,659.53607825
11,2,sternberg,202,5,5,image_999,659.5460782499999
11,2,sternberg,203,1,1,image_32,663.6910772499999
11,2,sternberg,204,4,4,image_63,667.6171382499999
11,2,sternberg,205,2,2,image_54,669.25279325
11,2,sternberg,206,5,5,image_999,669.26279325
11,2,sternberg,207,4,4,image_63,673.3787602499999
11,2,sternberg,208,3,3,image_59,675.57132225
11,2,sternberg,209,4,4,image_63,677.19704025
11,2,sternberg,210,2,2,image_54,678.75007125
11,2,sternberg,211,0,0,image_25,682.91360025
11,2,sternberg,212,2,2,image_54,685.1176302499999
11,2,sternberg,213,5,5,image_999,685.1276302499999
11,2,sternberg,214,5,5,image_999,685.1376302499999
11,2,sternberg,215,3,3,image_59,689.2835662499999
11,2,sternberg,216,2,2,image_54,691.38806525
11,2,sternberg,217,4,4,image_63,693.0117212499999
11,2,sternberg,218,5,5,image_999,693.0217212499999
11,2,sternberg,219,0,0,image_25,697.15250125
11,2,sternberg,220,0,0,image_25,699.4653432499999
11,2,sternberg,221,1,1,image_32,701.0923742499999
11,2,sternberg,222,5,5,image_999,701.1023742499999
11,2,sternberg,223,1,1,image_32,705.1831542499999
11,2,sternberg,224,2,2,image_54,707.38265325
11,2,sternberg,225,3,3,image_59,708.97505825
11,2,sternberg,226,5,5,image_999,708.98505825
11,2,sternberg,227,0,0,image_25,713.0863382499999
11,2,sternberg,228,2,2,image_54,715.6069622499999
11,2,sternberg,229,5,5,image_999,715.6169622499999
11,2,sternberg,230,5,5,image_999,715.6269622499999
11,2,sternberg,231,1,1,image_32,719.7727102499999
11,2,sternberg,232,0,0,image_25,721.81883525
11,2,sternberg,233,3,3,image_59,723.45752125
11,2,sternberg,234,1,1,image_32,725.04836425
11,2,sternberg,235,1,1,image_32,729.31614425
11,2,sternberg,236,4,4,image_63,731.58851825
11,2,sternberg,237,5,5,image_999,731.59851825
11,2,sternberg,238,5,5,image_999,731.60851825
11,2,sternberg,239,3,3,image_59,735.7048602499999
11,2,sternberg,240,3,3,image_59,737.82298425
11,2,sternberg,241,2,2,image_54,739.3842962499999
11,2,sternberg,242,4,4,image_63,740.9222962499999
11,2,sternberg,243,3,3,image_59,745.05226325
11,2,sternberg,244,4,4,image_63,748.21666825
11,2,sternberg,245,0,0,image_25,749.82851125
11,2,sternberg,246,1,1,image_32,751.52626025
11,2,sternberg,247,3,3,image_59,755.77975825
11,2,sternberg,248,3,3,image_59,758.60510125
11,2,sternberg,249,5,5,image_999,758.61510125
11,2,sternberg,250,5,5,image_999,758.62510125
11,2,sternberg,251,3,3,image_59,762.8386312499999
11,2,sternberg,252,0,0,image_25,765.38234825
11,2,sternberg,253,5,5,image_999,765.3923482499999
11,2,sternberg,254,5,5,image_999,765.4023482499999
11,2,sternberg,255,0,0,image_25,769.63440925
11,2,sternberg,256,3,3,image_59,771.46087725
11,2,sternberg,257,5,5,image_999,771.47087725
11,2,sternberg,258,5,5,image_999,771.4808772499999
11,2,sternberg,259,4,4,image_63,775.56656325
11,2,sternberg,260,3,3,image_59,777.70759325
11,2,sternberg,261,0,0,image_25,779.3076552499999
11,2,sternberg,262,4,4,image_63,780.89931125
11,2,sternberg,263,2,2,image_54,785.1019652499999
11,2,sternberg,264,1,1,image_32,787.33718325
11,2,sternberg,265,5,5,image_999,787.34718325
11,2,sternberg,266,5,5,image_999,787.3571832499999
11,2,sternberg,267,1,1,image_32,791.40583825
11,2,sternberg,268,0,0,image_25,793.29224325
11,2,sternberg,269,4,4,image_63,794.86868025
11,2,sternberg,270,2,2,image_54,796.49761725
11,2,sternberg,271,1,1,image_32,800.64052225
11,2,sternberg,272,3,3,image_59,855.7876562499999
11,2,sternberg,273,0,0,image_25,857.33303025
11,2,sternberg,274,5,5,image_999,857.34303025
11,2,sternberg,275,3,3,image_59,861.4290912499999
11,2,sternberg,276,2,2,image_54,863.92184025
11,2,sternberg,277,5,5,image_999,863.9318402499999
11,2,sternberg,278,5,5,image_999,863.9418402499999
11,2,sternberg,279,1,1,image_32,868.10233825
11,2,sternberg,280,4,4,image_63,870.00843125
11,2,sternberg,281,5,5,image_999,870.0184312499999
11,2,sternberg,282,5,5,image_999,870.0284312499999
11,2,sternberg,283,4,4,image_63,874.24846125
11,2,sternberg,284,2,2,image_54,877.2578032499999
11,2,sternberg,285,4,4,image_63,878.8866782499999
11,2,sternberg,286,5,5,image_999,878.8966782499999
11,2,sternberg,287,2,2,image_54,883.05277025
11,2,sternberg,288,0,0,image_25,885.24311325
11,2,sternberg,289,5,5,image_999,885.25311325
11,2,sternberg,290,5,5,image_999,885.26311325
11,2,sternberg,291,1,1,image_32,889.44848625
11,2,sternberg,292,0,0,image_25,891.49651625
11,2,sternberg,293,2,2,image_54,893.12698425
11,2,sternberg,294,1,1,image_32,894.75201525
11,2,sternberg,295,3,3,image_59,898.97545125
11,2,sternberg,296,0,0,image_25,901.28438725
11,2,sternberg,297,1,1,image_32,902.9820122499999
11,2,sternberg,298,5,5,image_999,902.9920122499999
11,2,sternberg,299,3,3,image_59,907.18813525
11,2,sternberg,300,0,0,image_25,909.72760325
11,2,sternberg,301,1,1,image_32,911.3441332499999
11,2,sternberg,302,2,2,image_54,912.99653925
11,2,sternberg,303,4,4,image_63,917.2301622499999
11,2,sternberg,304,4,4,image_63,920.54272325
11,2,sternberg,305,5,5,image_999,920.55272325
11,2,sternberg,306,5,5,image_999,920.56272325
11,2,sternberg,307,4,4,image_63,924.63081625
11,2,sternberg,308,1,1,image_32,931.85021925
11,2,sternberg,309,5,5,image_999,931.86021925
11,2,sternberg,310,5,5,image_999,931.87021925
11,2,sternberg,311,0,0,image_25,936.08293625
11,2,sternberg,312,1,1,image_32,939.79696625
11,2,sternberg,313,2,2,image_54,941.33218425
11,2,sternberg,314,5,5,image_999,941.34218425
11,2,sternberg,315,0,0,image_25,945.5099632499999
11,2,sternberg,316,1,1,image_32,947.78768125
11,2,sternberg,317,2,2,image_54,949.39161825
11,2,sternberg,318,3,3,image_59,950.97721125
11,2,sternberg,319,3,3,image_59,955.21517825
11,2,sternberg,320,1,1,image_32,957.91011525
11,2,sternberg,321,0,0,image_25,959.53489525
11,2,sternberg,322,5,5,image_999,959.54489525
11,2,sternberg,323,4,4,image_63,963.62070625
11,2,sternberg,324,0,0,image_25,966.52423625
11,2,sternberg,325,4,4,image_63,968.1695482499999
11,2,sternberg,326,5,5,image_999,968.1795482499999
11,2,sternberg,327,1,1,image_32,972.34964025
11,2,sternberg,328,1,1,image_32,975.0709832499999
11,2,sternberg,329,3,3,image_59,976.66732625
11,2,sternberg,330,5,5,image_999,976.67732625
11,2,sternberg,331,0,0,image_25,980.75207425
11,2,sternberg,332,0,0,image_25,983.5627922499999
11,2,sternberg,333,3,3,image_59,985.2349792499999
11,2,sternberg,334,5,5,image_999,985.2449792499999
11,2,sternberg,335,0,0,image_25,989.4398212499999
11,2,sternberg,336,2,2,image_54,991.51750725
11,2,sternberg,337,1,1,image_32,993.18844425
11,2,sternberg,338,5,5,image_999,993.19844425
11,2,sternberg,339,1,1,image_32,997.40788025
11,2,sternberg,340,3,3,image_59,999.91247325
11,2,sternberg,341,0,0,image_25,1001.48600325
11,2,sternberg,342,1,1,image_32,1003.12909725
11,2,sternberg,343,1,1,image_32,1007.33090725
11,2,sternberg,344,2,2,image_54,1009.4515322499999
11,2,sternberg,345,5,5,image_999,1009.4615322499999
11,2,sternberg,346,5,5,image_999,1009.4715322499999
11,2,sternberg,347,2,2,image_54,1013.72868625
11,2,sternberg,348,1,1,image_32,1015.86581025
11,2,sternberg,349,2,2,image_54,1017.41296625
11,2,sternberg,350,5,5,image_999,1017.42296625
11,2,sternberg,351,4,4,image_63,1021.59774525
11,2,sternberg,352,4,4,image_63,1023.9686822499999
11,2,sternberg,353,5,5,image_999,1023.9786822499999
11,2,sternberg,354,5,5,image_999,1023.9886822499999
11,2,sternberg,355,2,2,image_54,1028.11421225
11,2,sternberg,356,3,3,image_59,1030.5102112499999
11,2,sternberg,357,0,0,image_25,1032.11749125
11,2,sternberg,358,5,5,image_999,1032.12749125
11,2,sternberg,359,3,3,image_59,1036.23545825
11,2,sternberg,360,4,4,image_63,1038.4346142499999
11,2,sternberg,361,3,3,image_59,1040.0566442499999
11,2,sternberg,362,2,2,image_54,1041.74973725
11,2,sternberg,363,2,2,image_54,1045.9764862499999
11,2,sternberg,364,2,2,image_54,1048.47748525
11,2,sternberg,365,1,1,image_32,1049.99901525
11,2,sternberg,366,5,5,image_999,1050.00901525
11,2,sternberg,367,2,2,image_54,1054.26260725
11,2,sternberg,368,2,2,image_54,1057.22441925
11,2,sternberg,369,5,5,image_999,1057.23441925
11,2,sternberg,370,5,5,image_999,1057.24441925
11,2,sternberg,371,2,2,image_54,1061.43538625
11,2,sternberg,372,0,0,image_25,1063.16376025
11,2,sternberg,373,3,3,image_59,1064.84104125
11,2,sternberg,374,5,5,image_999,1064.85104125
11,2,sternberg,375,2,2,image_54,1069.07841425
11,2,sternberg,376,3,3,image_59,1072.55841225
11,2,sternberg,377,4,4,image_63,1074.19153725
11,2,sternberg,378,5,5,image_999,1074.20153725
11,2,sternberg,379,0,0,image_25,1078.4249412499998
11,2,sternberg,380,1,1,image_32,1080.69847225
11,2,sternberg,381,0,0,image_25,1082.32325225
11,2,sternberg,382,2,2,image_54,1084.01593925
11,2,sternberg,383,4,4,image_63,1088.16253125
11,2,sternberg,384,0,0,image_25,1090.62490525
11,2,sternberg,385,5,5,image_999,1090.63490525
11,2,sternberg,386,5,5,image_999,1090.64490525
11,2,sternberg,387,0,0,image_25,1094.84318525
11,2,sternberg,388,3,3,image_59,1096.9944962499999
11,2,sternberg,389,5,5,image_999,1097.0044962499999
11,2,sternberg,390,5,5,image_999,1097.0144962499999
11,2,sternberg,391,4,4,image_63,1101.18277625
11,2,sternberg,392,1,1,image_32,1102.98196325
11,2,sternberg,393,5,5,image_999,1102.99196325
11,2,sternberg,394,5,5,image_999,1103.00196325
11,2,sternberg,395,3,3,image_59,1107.05677425
11,2,sternberg,396,3,3,image_59,1108.70386725
11,2,sternberg,397,4,4,image_63,1110.33936625
11,2,sternberg,398,5,5,image_999,1110.34936625
11,2,sternberg,399,0,0,image_25,1114.47755225
11,2,sternberg,400,1,1,image_32,1116.70392625
11,2,sternberg,401,3,3,image_59,1118.30095725
11,2,sternberg,402,4,4,image_63,1119.83345625
11,2,sternberg,403,1,1,image_32,1124.0489862499999
11,2,sternberg,404,4,4,image_63,1126.36082825
11,2,sternberg,405,3,3,image_59,1127.98067125
11,2,sternberg,406,5,5,image_999,1127.9906712499999
11,2,sternberg,407,3,3,image_59,1132.23526325
11,2,sternberg,408,0,0,image_25,1134.22085625
11,2,sternberg,409,1,1,image_32,1135.75095025
11,2,sternberg,410,5,5,image_999,1135.76095025
11,2,sternberg,411,3,3,image_59,1139.82629225
11,2,sternberg,412,0,0,image_25,1141.61007225
11,2,sternberg,413,2,2,image_54,1143.3043532499998
11,2,sternberg,414,4,4,image_63,1144.95779025
11,2,sternberg,415,0,0,image_25,1149.14247525
11,2,sternberg,416,2,2,image_54,1151.91625625
11,2,sternberg,417,0,0,image_25,1153.59553625
11,2,sternberg,418,4,4,image_63,1155.2604422499999
11,2,sternberg,419,0,0,image_25,1159.4088152499999
11,2,sternberg,420,3,3,image_59,1161.77750225
11,2,sternberg,421,4,4,image_63,1163.47209525
11,2,sternberg,422,5,5,image_999,1163.48209525
11,2,sternberg,423,1,1,image_32,1167.5933432499999
11,2,sternberg,424,2,2,image_54,1169.87040525
11,2,sternberg,425,3,3,image_59,1171.3972792499999
11,2,sternberg,426,5,5,image_999,1171.4072792499999
11,2,sternberg,427,4,4,image_63,1175.6504022499998
11,2,sternberg,428,1,1,image_32,1177.78674525
11,2,sternberg,429,4,4,image_63,1179.31383825
11,2,sternberg,430,2,2,image_54,1180.85649425
11,2,sternberg,431,4,4,image_63,1185.05327425
11,2,sternberg,432,2,2,image_54,1186.89930425
11,2,sternberg,433,5,5,image_999,1186.9093042499999
11,2,sternberg,434,5,5,image_999,1186.9193042499999
11,2,sternberg,435,2,2,image_54,1191.10505225
11,2,sternberg,436,4,4,image_63,1193.1520202499999
11,2,sternberg,437,2,2,image_54,1194.7523322499999
11,2,sternberg,438,1,1,image_32,1196.4134562499999
11,2,sternberg,439,0,0,image_25,1200.61948625
11,2,sternberg,440,3,3,image_59,1202.5708292499999
11,2,sternberg,441,5,5,image_999,1202.5808292499999
11,2,sternberg,442,5,5,image_999,1202.5908292499998
11,2,sternberg,443,2,2,image_54,1206.73735925
11,2,sternberg,444,1,1,image_32,1208.71051425
11,2,sternberg,445,4,4,image_63,1210.3533882499999
11,2,sternberg,446,5,5,image_999,1210.3633882499998
11,2,sternberg,447,1,1,image_32,1214.56829325
11,2,sternberg,448,0,0,image_25,1216.48182325
11,2,sternberg,449,5,5,image_999,1216.49182325
11,2,sternberg,450,5,5,image_999,1216.50182325
11,2,sternberg,451,3,3,image_59,1220.64388425
11,2,sternberg,452,4,4,image_63,1222.46341525
11,2,sternberg,453,5,5,image_999,1222.47341525
11,2,sternberg,454,5,5,image_999,1222.48341525
11,2,sternberg,455,4,4,image_63,1226.6257572499999
11,2,sternberg,456,4,4,image_63,1228.10863125
11,2,sternberg,457,2,2,image_54,1229.70488125
11,2,sternberg,458,3,3,image_59,1231.22972425
11,2,sternberg,459,3,3,image_59,1235.45931625
11,2,sternberg,460,3,3,image_59,1238.1643152499998
11,2,sternberg,461,4,4,image_63,1239.6983452499999
11,2,sternberg,462,1,1,image_32,1241.40587625
11,2,sternberg,463,0,0,image_25,1245.53134325
11,2,sternberg,464,2,2,image_54,1247.8463112499999
11,2,sternberg,465,3,3,image_59,1249.45562325
11,2,sternberg,466,4,4,image_63,1251.1153722499998
11,2,sternberg,467,4,4,image_63,1255.2804952499998
11,2,sternberg,468,1,1,image_32,1257.6187762499999
11,2,sternberg,469,5,5,image_999,1257.6287762499999
11,2,sternberg,470,5,5,image_999,1257.6387762499999
11,2,sternberg,471,4,4,image_63,1261.7645552499998
11,2,sternberg,472,2,2,image_54,1263.4520862499999
11,2,sternberg,473,0,0,image_25,1265.10889825
11,2,sternberg,474,5,5,image_999,1265.11889825
11,2,sternberg,475,2,2,image_54,1269.15520825
11,2,sternberg,476,4,4,image_63,1271.42323925
11,2,sternberg,477,1,1,image_32,1273.07914425
11,2,sternberg,478,0,0,image_25,1274.72983125
11,2,sternberg,479,2,2,image_54,1278.9426422499998
11,2,sternberg,480,3,3,image_59,1282.24236025
11,2,sternberg,481,1,1,image_32,1283.7650462499998
11,2,sternberg,482,5,5,image_999,1283.7750462499998
11,2,sternberg,483,3,3,image_59,1287.98620125
11,2,sternberg,484,3,3,image_59,1290.1519812499998
11,2,sternberg,485,1,1,image_32,1291.6855122499999
11,2,sternberg,486,0,0,image_25,1293.30338625
11,2,sternberg,487,2,2,image_54,1297.52201025
11,2,sternberg,488,1,1,image_32,1300.74169625
11,2,sternberg,489,5,5,image_999,1300.75169625
11,2,sternberg,490,5,5,image_999,1300.7616962499999
11,2,sternberg,491,1,1,image_32,1304.79566325
11,2,sternberg,492,0,0,image_25,1307.15547425
11,2,sternberg,493,5,5,image_999,1307.16547425
11,2,sternberg,494,5,5,image_999,1307.17547425
11,2,sternberg,495,0,0,image_25,1311.28603525
11,2,sternberg,496,1,1,image_32,1313.1223472499998
11,2,sternberg,497,3,3,image_59,1314.6954712499999
11,2,sternberg,498,0,0,image_25,1316.33344025
11,2,sternberg,499,3,3,image_59,1320.57009425
11,2,sternberg,500,2,2,image_54,1322.99334325
11,2,sternberg,501,0,0,image_25,1324.69496725
11,2,sternberg,502,5,5,image_999,1324.70496725
11,2,sternberg,503,1,1,image_32,1328.90762225
11,2,sternberg,504,2,2,image_54,1331.00040225
11,2,sternberg,505,4,4,image_63,1332.6278392499999
11,2,sternberg,506,3,3,image_59,1334.2929012499999
11,2,sternberg,507,3,3,image_59,1338.41643125
11,2,sternberg,508,0,0,image_25,1341.0605552499999
11,2,sternberg,509,5,5,image_999,1341.0705552499999
11,2,sternberg,510,5,5,image_999,1341.0805552499999
11,2,sternberg,511,2,2,image_54,1345.2230842499998
11,2,sternberg,512,2,2,image_54,1347.0173022499998
11,2,sternberg,513,5,5,image_999,1347.0273022499998
11,2,sternberg,514,5,5,image_999,1347.0373022499998
11,2,sternberg,515,2,2,image_54,1351.15433225
11,2,sternberg,516,4,4,image_63,1352.83711225
11,2,sternberg,517,0,0,image_25,1354.45129925
11,2,sternberg,518,1,1,image_32,1355.9811742499999
11,2,sternberg,519,2,2,image_54,1360.10326625
11,2,sternberg,520,3,3,image_59,1363.96035825
11,2,sternberg,521,1,1,image_32,1365.5901072499998
11,2,sternberg,522,2,2,image_54,1367.29029425
11,2,sternberg,523,0,0,image_25,1371.47557425
11,2,sternberg,524,2,2,image_54,1374.3973852499998
11,2,sternberg,525,0,0,image_25,1375.92991625
11,2,sternberg,526,4,4,image_63,1377.6241962499998
11,2,sternberg,527,4,4,image_63,1381.71628825
11,2,sternberg,528,0,0,image_25,1383.64150625
11,2,sternberg,529,3,3,image_59,1385.2286932499999
11,2,sternberg,530,1,1,image_32,1386.7916612499998
11,2,sternberg,531,2,2,image_54,1390.91334725
11,2,sternberg,532,3,3,image_59,1393.37331525
11,2,sternberg,533,5,5,image_999,1393.38331525
11,2,sternberg,534,5,5,image_999,1393.39331525
11,2,sternberg,535,1,1,image_32,1397.4465942499999
11,2,sternberg,536,0,0,image_25,1399.10221925
11,2,sternberg,537,3,3,image_59,1400.6358432499999
11,2,sternberg,538,4,4,image_63,1402.16284325
11,2,sternberg,539,1,1,image_32,1406.25527825
12,1,screening,0,30,27,image_31,38.85351575
12,1,screening,1,25,23,image_26,40.00310975
12,1,screening,2,38,35,image_39,41.16973375
12,1,screening,3,16,15,image_17,42.303045749999995
12,1,screening,4,55,50,image_56,43.45301375
12,1,screening,5,43,39,image_44,44.66970075
12,1,screening,6,0,0,image_1,48.18626275
12,1,screening,7,40,36,image_41,49.35294975
12,1,screening,8,53,48,image_54,50.58626175
12,1,screening,9,46,42,image_47,51.71954175
12,1,screening,10,66,60,image_67,52.902916749999996
12,1,screening,11,18,17,image_19,54.069509749999995
12,1,screening,12,68,62,image_69,55.286196749999995
12,1,screening,13,11,10,image_12,56.502821749999995
12,1,screening,14,48,44,image_49,57.65282075
12,1,screening,15,17,16,image_18,58.836164749999995
12,1,screening,16,51,46,image_52,60.019476749999995
12,1,screening,17,1,1,image_2,61.219413749999994
12,1,screening,18,54,49,image_55,62.41944375
12,1,screening,19,13,12,image_14,63.63616275
12,1,screening,20,35,32,image_36,64.80275575
12,1,screening,21,44,40,image_45,66.00278675
12,1,screening,22,22,20,image_23,67.20266074999999
12,1,screening,23,27,25,image_28,68.35275374999999
12,1,screening,24,32,29,image_33,69.50275375
12,1,screening,25,60,54,image_61,70.68603474999999
12,1,screening,26,2,2,image_3,71.91928374999999
12,1,screening,27,4,4,image_5,73.08593975
12,1,screening,28,33,30,image_34,74.26997075
12,1,screening,29,31,28,image_32,75.41925175
12,1,screening,30,37,34,image_38,76.63590674999999
12,1,screening,31,42,38,image_43,77.78596875
12,1,screening,32,6,6,image_7,81.25256175
12,1,screening,33,3,3,image_4,82.45259275
12,1,screening,34,58,53,image_59,83.66931075
12,1,screening,35,56,51,image_57,84.90246675
12,1,screening,36,26,24,image_27,86.08577875
12,1,screening,37,45,41,image_46,87.23574674999999
12,1,screening,38,64,58,image_65,88.13637175
12,1,screening,39,8,8,image_9,89.55240175
12,1,screening,40,61,55,image_62,90.76905775
12,1,screening,41,62,56,image_63,91.93571374999999
12,1,screening,42,20,18,image_21,95.46905575
12,1,screening,43,14,13,image_15,96.61896175
12,1,screening,44,24,22,image_25,97.85230475
12,1,screening,45,12,11,image_13,99.01892975
12,1,screening,46,63,57,image_64,100.16889775
12,1,screening,47,57,52,image_58,101.33558475
12,1,screening,48,15,14,image_16,102.53555275
12,1,screening,49,67,61,image_68,103.71886475
12,1,screening,50,41,37,image_42,104.88552075
12,1,screening,51,47,43,image_48,106.10217675
12,1,screening,52,52,47,image_53,107.28601975
12,1,screening,53,34,31,image_35,108.46883174999999
12,1,screening,54,23,21,image_24,109.68545675
12,1,screening,55,36,33,image_37,110.85211174999999
12,1,screening,56,21,19,image_22,112.06889274999999
12,1,screening,57,5,5,image_6,113.26957974999999
12,1,screening,58,28,26,image_29,114.43551674999999
12,1,screening,59,50,45,image_51,115.63539175
12,1,screening,60,7,7,image_8,116.76879774999999
12,1,screening,61,65,59,image_66,117.90201574999999
12,1,screening,62,10,9,image_11,119.08535875
12,1,screening,63,63,57,image_64,122.18973274999999
12,1,screening,64,35,32,image_36,123.73532575
12,1,screening,65,48,44,image_49,124.88526275
12,1,screening,66,33,30,image_34,126.08526275
12,1,screening,67,34,31,image_35,127.26863675
12,1,screening,68,20,18,image_21,128.40191775
12,1,screening,69,0,0,image_1,129.56857374999998
12,1,screening,70,46,42,image_47,130.71860375
12,1,screening,71,60,54,image_61,131.93522875
12,1,screening,72,45,41,image_46,133.10185275
12,1,screening,73,32,29,image_33,134.28516575
12,1,screening,74,65,59,image_66,139.63513175
12,1,screening,75,12,11,image_13,140.83506875
12,1,screening,76,62,56,image_63,141.98603674999998
12,1,screening,77,17,16,image_18,143.18506775
12,1,screening,78,18,17,image_19,144.38503575
12,1,screening,79,58,53,image_59,145.60169175
12,1,screening,80,6,6,image_7,146.78500375
12,1,screening,81,68,62,image_69,147.93500375
12,1,screening,82,38,35,image_39,149.08509675
12,1,screening,83,54,49,image_55,150.31843974999998
12,1,screening,84,36,33,image_37,151.46825174999998
12,1,screening,85,8,8,image_9,152.68509575
12,1,screening,86,66,60,image_67,153.86850074999998
12,1,screening,87,37,34,image_38,157.11828075
12,1,screening,88,2,2,image_3,158.26821775
12,1,screening,89,3,3,image_4,159.45149874999998
12,1,screening,90,23,21,image_24,160.60152975
12,1,screening,91,53,48,image_54,161.83484174999998
12,1,screening,92,57,52,image_58,162.96815375
12,1,screening,93,30,27,image_31,164.18477875
12,1,screening,94,50,45,image_51,165.40146575
12,1,screening,95,51,46,image_52,166.61824575
12,1,screening,96,15,14,image_16,167.75149575
12,1,screening,97,27,25,image_28,168.91808874999998
12,1,screening,98,25,23,image_26,170.06824475
12,1,screening,99,14,13,image_15,171.28471274999998
12,1,screening,100,61,55,image_62,172.46802474999998
12,1,screening,101,1,1,image_2,173.70133675
12,1,screening,102,13,12,image_14,174.85133675
12,1,screening,103,41,37,image_42,176.01799175
12,1,screening,104,24,22,image_25,177.16799175
12,1,screening,105,22,20,image_23,180.21799074999998
12,1,screening,106,26,24,image_27,181.43458375
12,1,screening,107,4,4,image_5,182.61792674999998
12,1,screening,108,7,7,image_8,183.80123874999998
12,1,screening,109,55,50,image_56,184.95123875
12,1,screening,110,67,61,image_68,186.16786274999998
12,1,screening,111,47,43,image_48,187.36786275
12,1,screening,112,28,26,image_29,188.53454975
12,1,screening,113,56,51,image_57,189.71783075
12,1,screening,114,64,58,image_65,190.61839275
12,1,screening,115,40,36,image_41,192.01886075
12,1,screening,116,5,5,image_6,193.16779775
12,1,screening,117,42,38,image_43,194.31779774999998
12,1,screening,118,11,10,image_12,195.46776574999998
12,1,screening,119,10,9,image_11,196.61782775
12,1,screening,120,52,47,image_53,197.78442074999998
12,1,screening,121,16,15,image_17,198.91773275
12,1,screening,122,43,39,image_44,200.13448275
12,1,screening,123,21,19,image_22,201.36773175
12,1,screening,124,44,40,image_45,202.55104375
12,1,screening,125,31,28,image_32,203.73435575
12,1,screening,126,64,58,image_65,204.63498074999998
12,1,screening,127,5,5,image_6,206.13432375
12,1,screening,128,54,49,image_55,207.30097974999998
12,1,screening,129,45,41,image_46,208.45097875
12,1,screening,130,46,42,image_47,209.66766575
12,1,screening,131,47,43,image_48,210.83425975
12,1,screening,132,53,48,image_54,224.26750375
12,1,screening,133,36,33,image_37,225.43409774999998
12,1,screening,134,30,27,image_31,226.56790974999998
12,1,screening,135,51,46,image_52,227.71743974999998
12,1,screening,136,10,9,image_11,228.95075275
12,1,screening,137,37,34,image_38,230.18403275
12,1,screening,138,21,19,image_22,231.36756375
12,1,screening,139,8,8,image_9,232.50087574999998
12,1,screening,140,43,39,image_44,233.65125075
12,1,screening,141,24,22,image_25,237.48402975
12,1,screening,142,6,6,image_7,238.70062374999998
12,1,screening,143,20,18,image_21,239.83396675
12,1,screening,144,14,13,image_15,240.96727875
12,1,screening,145,1,1,image_2,242.11721574999999
12,1,screening,146,16,15,image_17,243.31721474999998
12,1,screening,147,38,35,image_39,244.51815274999998
12,1,screening,148,7,7,image_8,245.71718274999998
12,1,screening,149,12,11,image_13,246.90049474999998
12,1,screening,150,26,24,image_27,248.08380674999998
12,1,screening,151,4,4,image_5,249.25043175
12,1,screening,152,52,47,image_53,250.46711875
12,1,screening,153,50,45,image_51,254.00061674999998
12,1,screening,154,33,30,image_34,255.20030375
12,1,screening,155,68,62,image_69,256.35030374999997
12,1,screening,156,44,40,image_45,257.51692875
12,1,screening,157,56,51,image_57,258.71692774999997
12,1,screening,158,60,54,image_61,259.93358374999997
12,1,screening,159,35,32,image_36,261.06767675
12,1,screening,160,66,60,image_67,262.28361375
12,1,screening,161,25,23,image_26,263.50020674999996
12,1,screening,162,48,44,image_49,264.68348775
12,1,screening,163,2,2,image_3,265.86686275
12,1,screening,164,58,53,image_59,267.05023675
12,1,screening,165,3,3,image_4,268.21679875
12,1,screening,166,0,0,image_1,269.40017374999996
12,1,screening,167,40,36,image_41,270.58345475
12,1,screening,168,18,17,image_19,271.79998474999996
12,1,screening,169,28,26,image_29,273.01664074999997
12,1,screening,170,15,14,image_16,274.21657775
12,1,screening,171,42,38,image_43,275.38323375
12,1,screening,172,22,20,image_23,276.59988975
12,1,screening,173,17,16,image_18,277.78320175
12,1,screening,174,61,55,image_62,278.94985675
12,1,screening,175,11,10,image_12,280.18313775
12,1,screening,176,41,37,image_42,281.39994974999996
12,1,screening,177,27,25,image_28,282.58307475
12,1,screening,178,55,50,image_56,283.78307374999997
12,1,screening,179,31,28,image_32,284.98304275
12,1,screening,180,65,59,image_66,286.13304174999996
12,1,screening,181,62,56,image_63,287.29966675
12,1,screening,182,34,31,image_35,292.39969575
12,1,screening,183,13,12,image_14,293.54950775
12,1,screening,184,57,52,image_58,294.76635075
12,1,screening,185,23,21,image_24,295.91616275
12,1,screening,186,63,57,image_64,297.06613075
12,1,screening,187,32,29,image_33,298.21609975
12,1,screening,188,67,61,image_68,299.36606775
12,1,screening,189,23,21,image_24,300.54941075
12,1,screening,190,32,29,image_33,301.71603575
12,1,screening,191,43,39,image_44,302.93284775
12,1,screening,192,35,32,image_36,304.11600375
12,1,screening,193,64,58,image_65,305.01656575
12,1,screening,194,12,11,image_13,306.49937775
12,1,screening,195,65,59,image_66,307.73256475
12,1,screening,196,24,22,image_25,308.91590775
12,1,screening,197,38,35,image_39,310.06590675
12,1,screening,198,52,47,image_53,311.23253174999996
12,1,screening,199,66,60,image_67,312.39915575
12,1,screening,200,41,37,image_42,313.58259375
12,1,screening,201,67,61,image_68,314.74912374999997
12,1,screening,202,42,38,image_43,315.94909275
12,1,screening,203,37,34,image_38,317.14906075
12,1,screening,204,40,36,image_41,318.29902875
12,1,screening,205,62,56,image_63,319.44902874999997
12,1,screening,206,57,52,image_58,320.61565275
12,1,screening,207,28,26,image_29,321.78230874999997
12,1,screening,208,2,2,image_3,322.96562074999997
12,1,screening,209,10,9,image_11,324.14890175
12,1,screening,210,56,51,image_57,325.28324475
12,1,screening,211,45,41,image_46,326.44886975
12,1,screening,212,34,31,image_35,327.66555675
12,1,screening,213,61,55,image_62,328.79883674999996
12,1,screening,214,51,46,image_52,330.01564874999997
12,1,screening,215,0,0,image_1,331.21542975
12,1,screening,216,26,24,image_27,334.69874075
12,1,screening,217,36,33,image_37,335.89867775
12,1,screening,218,53,48,image_54,337.06533375
12,1,screening,219,3,3,image_4,338.24861475
12,1,screening,220,48,44,image_49,339.48192674999996
12,1,screening,221,50,45,image_51,340.66523874999996
12,1,screening,222,46,42,image_47,341.84858175
12,1,screening,223,30,27,image_31,342.99851874999996
12,1,screening,224,58,53,image_59,344.18186175
12,1,screening,225,5,5,image_6,345.38183075
12,1,screening,226,22,20,image_23,346.58176775
12,1,screening,227,20,18,image_21,347.74876674999996
12,1,screening,228,8,8,image_9,348.91507874999996
12,1,screening,229,33,30,image_34,350.14839075
12,1,screening,230,68,62,image_69,351.28170274999997
12,1,screening,231,13,12,image_14,354.79842075
12,1,screening,232,31,28,image_32,356.03160775
12,1,screening,233,44,40,image_45,357.24832575
12,1,screening,234,60,54,image_61,358.38216875
12,1,screening,235,14,13,image_15,359.54819975
12,1,screening,236,11,10,image_12,360.71482475
12,1,screening,237,47,43,image_48,361.91482375
12,1,screening,238,15,14,image_16,363.06479175
12,1,screening,239,7,7,image_8,364.26494775
12,1,screening,240,18,17,image_19,365.41472875
12,1,screening,241,1,1,image_2,366.61479075
12,1,screening,242,27,25,image_28,367.79810275
12,1,screening,243,6,6,image_7,369.01469575
12,1,screening,244,54,49,image_55,372.03147574999997
12,1,screening,245,25,23,image_26,373.26469475
12,1,screening,246,55,50,image_56,374.48131874999996
12,1,screening,247,16,15,image_17,375.64788074999996
12,1,screening,248,4,4,image_5,376.84797375
12,1,screening,249,21,19,image_22,377.99784875
12,1,screening,250,63,57,image_64,379.13119174999997
12,1,screening,251,17,16,image_18,380.34775375
12,1,screening,252,24,22,image_25,381.53112875
12,1,screening,253,16,15,image_17,382.71440974999996
12,1,screening,254,1,1,image_2,383.93109675
12,1,screening,255,31,28,image_32,385.13106475
12,1,screening,256,51,46,image_52,386.33100175
12,1,screening,257,5,5,image_6,387.54775075
12,1,screening,258,47,43,image_48,388.76428175
12,1,screening,259,61,55,image_62,389.94778175
12,1,screening,260,36,33,image_37,393.59762374999997
12,1,screening,261,15,14,image_16,394.74759174999997
12,1,screening,262,68,62,image_69,395.96412275
12,1,screening,263,54,49,image_55,397.09749675
12,1,screening,264,32,29,image_33,398.28084075
12,1,screening,265,13,12,image_14,399.43077775
12,1,screening,266,48,44,image_49,400.66405875
12,1,screening,267,65,59,image_66,401.86408875
12,1,screening,268,55,50,image_56,403.04733875
12,1,screening,269,42,38,image_43,404.23065075
12,1,screening,270,20,18,image_21,405.36508775
12,1,screening,271,67,61,image_68,408.81402375
12,1,screening,272,18,17,image_19,409.94717975
12,1,screening,273,34,31,image_35,411.09721075
12,1,screening,274,21,19,image_22,412.28052275
12,1,screening,275,53,48,image_54,413.41449074999997
12,1,screening,276,28,26,image_29,414.63045875
12,1,screening,277,50,45,image_51,415.84714575
12,1,screening,278,14,13,image_15,417.04714574999997
12,1,screening,279,43,39,image_44,420.79717474999995
12,1,screening,280,30,27,image_31,421.99695575
12,1,screening,281,44,40,image_45,423.18026775
12,1,screening,282,22,20,image_23,424.41367375
12,1,screening,283,58,53,image_59,425.61367375
12,1,screening,284,12,11,image_13,426.83023575
12,1,screening,285,52,47,image_53,431.08023375
12,1,screening,286,38,35,image_39,432.26345175
12,1,screening,287,26,24,image_27,433.48013875
12,1,screening,288,64,58,image_65,434.38066975
12,1,screening,289,0,0,image_1,435.78004375
12,1,screening,290,66,60,image_67,436.93007474999996
12,1,screening,291,23,21,image_24,438.09669974999997
12,1,screening,292,33,30,image_34,442.91325974999995
12,1,screening,293,57,52,image_58,444.12988475
12,1,screening,294,40,36,image_41,445.26322775
12,1,screening,295,3,3,image_4,446.42982075
12,1,screening,296,63,57,image_64,447.61313275
12,1,screening,297,4,4,image_5,448.77978874999997
12,1,screening,298,62,56,image_63,449.97978874999995
12,1,screening,299,45,41,image_46,451.17978775
12,1,screening,300,11,10,image_12,452.34638175
12,1,screening,301,46,42,image_47,453.52969375
12,1,screening,302,25,23,image_26,454.66303675
12,1,screening,303,27,25,image_28,455.89631775
12,1,screening,304,10,9,image_11,457.04628575
12,1,screening,305,6,6,image_7,458.19628474999996
12,1,screening,306,35,32,image_36,459.36306575
12,1,screening,307,56,51,image_57,460.51290975
12,1,screening,308,60,54,image_61,461.69622175
12,1,screening,309,2,2,image_3,462.86287675
12,1,screening,310,7,7,image_8,464.09622075
12,1,screening,311,17,16,image_18,465.31290774999997
12,1,screening,312,8,8,image_9,466.44612574999996
12,1,screening,313,37,34,image_38,467.64612474999996
12,1,screening,314,41,37,image_42,468.81274974999997
12,1,screening,315,35,32,image_36,469.97956174999996
12,1,screening,316,6,6,image_7,471.16271774999996
12,1,screening,317,20,18,image_21,472.39602974999997
12,1,screening,318,36,33,image_37,476.77937175
12,1,screening,319,62,56,image_63,478.01258974999996
12,1,screening,320,4,4,image_5,479.17921474999997
12,1,screening,321,48,44,image_49,480.37977674999996
12,1,screening,322,17,16,image_18,481.57918175
12,1,screening,323,2,2,image_3,482.76255675
12,1,screening,324,63,57,image_64,483.96258774999995
12,1,screening,325,25,23,image_26,485.16249274999996
12,1,screening,326,64,58,image_65,486.06305575
12,1,screening,327,24,22,image_25,487.46239875
12,1,screening,328,10,9,image_11,488.69571075
12,1,screening,329,13,12,image_14,489.84567875
12,1,screening,330,54,49,image_55,490.97899075
12,1,screening,331,30,27,image_31,492.16230275
12,1,screening,332,55,50,image_56,493.37895875
12,1,screening,333,68,62,image_69,494.57892675
12,1,screening,334,8,8,image_9,495.72889475
12,1,screening,335,0,0,image_1,496.89561375
12,1,screening,336,3,3,image_4,498.07892575
12,1,screening,337,44,40,image_45,499.31217475
12,1,screening,338,33,30,image_34,504.12886075
12,1,screening,339,16,15,image_17,505.34542274999995
12,1,screening,340,18,17,image_19,506.54539074999997
12,1,screening,341,11,10,image_12,507.71201575
12,1,screening,342,15,14,image_16,508.86201474999996
12,1,screening,343,51,46,image_52,510.04532674999996
12,1,screening,344,32,29,image_33,511.22866975
12,1,screening,345,47,43,image_48,512.37866975
12,1,screening,346,5,5,image_6,513.57860675
12,1,screening,347,12,11,image_13,514.7286067499999
12,1,screening,348,57,52,image_58,515.89523075
12,1,screening,349,21,19,image_22,517.09519875
12,1,screening,350,40,36,image_41,518.24588575
12,1,screening,351,28,26,image_29,519.4118227499999
12,1,screening,352,56,51,image_57,520.61179175
12,1,screening,353,46,42,image_47,521.77844675
12,1,screening,354,38,35,image_39,522.99522775
12,1,screening,355,52,47,image_53,524.22841475
12,1,screening,356,23,21,image_24,525.4283517499999
12,1,screening,357,37,34,image_38,529.81169375
12,1,screening,358,67,61,image_68,531.01163075
12,1,screening,359,45,41,image_46,532.1615997499999
12,1,screening,360,42,38,image_43,533.37825475
12,1,screening,361,41,37,image_42,534.5949107499999
12,1,screening,362,61,55,image_62,535.81153575
12,1,screening,363,53,48,image_54,536.97815975
12,1,screening,364,34,31,image_35,538.17819075
12,1,screening,365,22,20,image_23,539.31143975
12,1,screening,366,26,24,image_27,540.47853375
12,1,screening,367,50,45,image_51,541.64475175
12,1,screening,368,43,39,image_44,542.79481375
12,1,screening,369,65,59,image_66,543.94478175
12,1,screening,370,60,54,image_61,545.11231275
12,1,screening,371,31,28,image_32,546.24540575
12,1,screening,372,58,53,image_59,547.42849975
12,1,screening,373,1,1,image_2,548.61127975
12,1,screening,374,7,7,image_8,549.81137375
12,1,screening,375,27,25,image_28,551.01131075
12,1,screening,376,66,60,image_67,552.21121575
12,1,screening,377,14,13,image_15,553.34459075
12,2,sternberg,0,4,4,image_66,180.393366
12,2,sternberg,1,0,0,image_4,182.092052
12,2,sternberg,2,2,2,image_19,183.708114
12,2,sternberg,3,4,4,image_66,187.779488
12,2,sternberg,4,0,0,image_4,190.13142399999998
12,2,sternberg,5,1,1,image_14,191.800736
12,2,sternberg,6,3,3,image_21,193.356735
12,2,sternberg,7,0,0,image_4,197.60464
12,2,sternberg,8,2,2,image_19,199.682202
12,2,sternberg,9,4,4,image_66,201.28357599999998
12,2,sternberg,10,3,3,image_21,202.86345
12,2,sternberg,11,1,1,image_14,207.117574
12,2,sternberg,12,4,4,image_66,210.84926
12,2,sternberg,13,0,0,image_4,212.508009
12,2,sternberg,14,5,5,image_999,212.51800899999998
12,2,sternberg,15,2,2,image_19,216.724851
12,2,sternberg,16,4,4,image_66,218.95085
12,2,sternberg,17,1,1,image_14,220.566318
12,2,sternberg,18,5,5,image_999,220.576318
12,2,sternberg,19,4,4,image_66,224.847785
12,2,sternberg,20,3,3,image_21,227.65172199999998
12,2,sternberg,21,1,1,image_14,229.17668999999998
12,2,sternberg,22,5,5,image_999,229.18668999999997
12,2,sternberg,23,1,1,image_14,233.28881299999998
12,2,sternberg,24,0,0,image_4,235.5035
12,2,sternberg,25,1,1,image_14,237.04396799999998
12,2,sternberg,26,5,5,image_999,237.05396799999997
12,2,sternberg,27,3,3,image_21,241.22559099999998
12,2,sternberg,28,2,2,image_19,243.668434
12,2,sternberg,29,3,3,image_21,245.26758999999998
12,2,sternberg,30,0,0,image_4,246.79461999999998
12,2,sternberg,31,4,4,image_66,250.96314999999998
12,2,sternberg,32,1,1,image_14,253.789899
12,2,sternberg,33,2,2,image_19,255.49727299999998
12,2,sternberg,34,4,4,image_66,257.027897
12,2,sternberg,35,3,3,image_21,261.15761399999997
12,2,sternberg,36,1,1,image_14,263.654113
12,2,sternberg,37,2,2,image_19,265.32401899999996
12,2,sternberg,38,5,5,image_999,265.33401899999996
12,2,sternberg,39,3,3,image_21,269.536861
12,2,sternberg,40,1,1,image_14,275.88514
12,2,sternberg,41,5,5,image_999,275.89513999999997
12,2,sternberg,42,5,5,image_999,275.90513999999996
12,2,sternberg,43,1,1,image_14,280.09135699999996
12,2,sternberg,44,0,0,image_4,282.805043
12,2,sternberg,45,5,5,image_999,282.815043
12,2,sternberg,46,5,5,image_999,282.825043
12,2,sternberg,47,0,0,image_4,286.948698
12,2,sternberg,48,3,3,image_21,289.083666
12,2,sternberg,49,5,5,image_999,289.093666
12,2,sternberg,50,5,5,image_999,289.103666
12,2,sternberg,51,3,3,image_21,293.345695
12,2,sternberg,52,2,2,image_19,296.314819
12,2,sternberg,53,4,4,image_66,297.843881
12,2,sternberg,54,3,3,image_21,299.399818
12,2,sternberg,55,0,0,image_4,303.47450399999997
12,2,sternberg,56,0,0,image_4,306.13390899999996
12,2,sternberg,57,1,1,image_14,307.822096
12,2,sternberg,58,3,3,image_21,309.51850099999996
12,2,sternberg,59,2,2,image_19,313.692656
12,2,sternberg,60,4,4,image_66,315.91499899999997
12,2,sternberg,61,5,5,image_999,315.92499899999996
12,2,sternberg,62,5,5,image_999,315.93499899999995
12,2,sternberg,63,4,4,image_66,320.043434
12,2,sternberg,64,4,4,image_66,323.171308
12,2,sternberg,65,5,5,image_999,323.181308
12,2,sternberg,66,5,5,image_999,323.191308
12,2,sternberg,67,1,1,image_14,327.231713
12,2,sternberg,68,3,3,image_21,329.796118
12,2,sternberg,69,5,5,image_999,329.80611799999997
12,2,sternberg,70,5,5,image_999,329.81611799999996
12,2,sternberg,71,1,1,image_14,333.868929
12,2,sternberg,72,4,4,image_66,336.40199
12,2,sternberg,73,2,2,image_19,337.925052
12,2,sternberg,74,3,3,image_21,339.46652
12,2,sternberg,75,4,4,image_66,343.700019
12,2,sternberg,76,1,1,image_14,346.654705
12,2,sternberg,77,0,0,image_4,348.221079
12,2,sternberg,78,5,5,image_999,348.23107899999997
12,2,sternberg,79,0,0,image_4,352.415296
12,2,sternberg,80,2,2,image_19,355.008608
12,2,sternberg,81,4,4,image_66,356.64067
12,2,sternberg,82,0,0,image_4,358.303763
12,2,sternberg,83,2,2,image_19,362.440855
12,2,sternberg,84,1,1,image_14,365.001541
12,2,sternberg,85,2,2,image_19,366.597416
12,2,sternberg,86,3,3,image_21,368.16679
12,2,sternberg,87,4,4,image_66,372.347288
12,2,sternberg,88,4,4,image_66,376.807193
12,2,sternberg,89,5,5,image_999,376.817193
12,2,sternberg,90,5,5,image_999,376.82719299999997
12,2,sternberg,91,2,2,image_19,380.99384799999996
12,2,sternberg,92,4,4,image_66,383.788409
12,2,sternberg,93,2,2,image_19,385.47072099999997
12,2,sternberg,94,5,5,image_999,385.48072099999996
12,2,sternberg,95,4,4,image_66,389.672282
12,2,sternberg,96,1,1,image_14,392.114156
12,2,sternberg,97,5,5,image_999,392.12415599999997
12,2,sternberg,98,5,5,image_999,392.13415599999996
12,2,sternberg,99,1,1,image_14,396.260748
12,2,sternberg,100,3,3,image_21,400.531996
12,2,sternberg,101,1,1,image_14,402.07362
12,2,sternberg,102,0,0,image_4,403.62611999999996
12,2,sternberg,103,1,1,image_14,407.773524
12,2,sternberg,104,3,3,image_21,412.796053
12,2,sternberg,105,5,5,image_999,412.80605299999996
12,2,sternberg,106,5,5,image_999,412.81605299999995
12,2,sternberg,107,2,2,image_19,417.10139599999997
12,2,sternberg,108,1,1,image_14,420.112551
12,2,sternberg,109,4,4,image_66,421.70054999999996
12,2,sternberg,110,5,5,image_999,421.71054999999996
12,2,sternberg,111,4,4,image_66,425.87507999999997
12,2,sternberg,112,0,0,image_4,428.414985
12,2,sternberg,113,5,5,image_999,428.424985
12,2,sternberg,114,5,5,image_999,428.434985
12,2,sternberg,115,0,0,image_4,432.495296
12,2,sternberg,116,0,0,image_4,434.725513
12,2,sternberg,117,3,3,image_21,436.259638
12,2,sternberg,118,5,5,image_999,436.269638
12,2,sternberg,119,4,4,image_66,440.420355
12,2,sternberg,120,0,0,image_4,443.004666
12,2,sternberg,121,3,3,image_21,444.610509
12,2,sternberg,122,2,2,image_19,446.232353
12,2,sternberg,123,4,4,image_66,450.352913
12,2,sternberg,124,3,3,image_21,453.17731899999995
12,2,sternberg,125,4,4,image_66,454.731318
12,2,sternberg,126,5,5,image_999,454.741318
12,2,sternberg,127,3,3,image_21,458.923066
12,2,sternberg,128,0,0,image_4,463.895533
12,2,sternberg,129,2,2,image_19,465.59975099999997
12,2,sternberg,130,5,5,image_999,465.60975099999996
12,2,sternberg,131,2,2,image_19,469.729406
12,2,sternberg,132,0,0,image_4,472.36643599999996
12,2,sternberg,133,5,5,image_999,472.37643599999996
12,2,sternberg,134,5,5,image_999,472.38643599999995
12,2,sternberg,135,3,3,image_21,476.48290299999996
12,2,sternberg,136,3,3,image_21,479.340808
12,2,sternberg,137,1,1,image_14,480.874151
12,2,sternberg,138,0,0,image_4,482.51093199999997
12,2,sternberg,139,3,3,image_21,486.720961
12,2,sternberg,140,2,2,image_19,490.384616
12,2,sternberg,141,5,5,image_999,490.394616
12,2,sternberg,142,5,5,image_999,490.404616
12,2,sternberg,143,1,1,image_14,494.548271
12,2,sternberg,144,4,4,image_66,496.885738
12,2,sternberg,145,2,2,image_19,498.49317499999995
12,2,sternberg,146,5,5,image_999,498.50317499999994
12,2,sternberg,147,2,2,image_19,502.70676699999996
12,2,sternberg,148,4,4,image_66,505.582266
12,2,sternberg,149,5,5,image_999,505.592266
12,2,sternberg,150,5,5,image_999,505.602266
12,2,sternberg,151,4,4,image_66,509.829546
12,2,sternberg,152,1,1,image_14,512.432638
12,2,sternberg,153,4,4,image_66,513.955607
12,2,sternberg,154,0,0,image_4,515.55945
12,2,sternberg,155,3,3,image_21,519.7203539999999
12,2,sternberg,156,4,4,image_66,524.361634
12,2,sternberg,157,0,0,image_4,525.8887579999999
12,2,sternberg,158,5,5,image_999,525.8987579999999
12,2,sternberg,159,4,4,image_66,530.060163
12,2,sternberg,160,2,2,image_19,532.887787
12,2,sternberg,161,1,1,image_14,534.558255
12,2,sternberg,162,0,0,image_4,536.229191
12,2,sternberg,163,0,0,image_4,540.4193769999999
12,2,sternberg,164,3,3,image_21,543.6458759999999
12,2,sternberg,165,2,2,image_19,545.28175
12,2,sternberg,166,5,5,image_999,545.29175
12,2,sternberg,167,4,4,image_66,549.51528
12,2,sternberg,168,4,4,image_66,551.997529
12,2,sternberg,169,0,0,image_4,553.530341
12,2,sternberg,170,3,3,image_21,555.07259
12,2,sternberg,171,0,0,image_4,559.261713
12,2,sternberg,172,2,2,image_19,562.434306
12,2,sternberg,173,3,3,image_21,564.04818
12,2,sternberg,174,5,5,image_999,564.05818
12,2,sternberg,175,2,2,image_19,568.224522
12,2,sternberg,176,1,1,image_14,573.098302
12,2,sternberg,177,5,5,image_999,573.108302
12,2,sternberg,178,5,5,image_999,573.118302
12,2,sternberg,179,0,0,image_4,577.237081
12,2,sternberg,180,3,3,image_21,579.668143
12,2,sternberg,181,5,5,image_999,579.678143
12,2,sternberg,182,5,5,image_999,579.688143
12,2,sternberg,183,3,3,image_21,583.7865469999999
12,2,sternberg,184,4,4,image_66,591.796263
12,2,sternberg,185,3,3,image_21,593.320981
12,2,sternberg,186,5,5,image_999,593.330981
12,2,sternberg,187,0,0,image_4,597.5239789999999
12,2,sternberg,188,2,2,image_19,600.02776
12,2,sternberg,189,5,5,image_999,600.0377599999999
12,2,sternberg,190,5,5,image_999,600.0477599999999
12,2,sternberg,191,2,2,image_19,604.237445
12,2,sternberg,192,1,1,image_14,607.136538
12,2,sternberg,193,2,2,image_19,608.750319
12,2,sternberg,194,5,5,image_999,608.760319
12,2,sternberg,195,4,4,image_66,612.984004
12,2,sternberg,196,1,1,image_14,617.227534
12,2,sternberg,197,5,5,image_999,617.237534
12,2,sternberg,198,5,5,image_999,617.247534
12,2,sternberg,199,3,3,image_21,621.295439
12,2,sternberg,200,4,4,image_66,624.671343
12,2,sternberg,201,2,2,image_19,626.216593
12,2,sternberg,202,5,5,image_999,626.226593
12,2,sternberg,203,1,1,image_14,630.365185
12,2,sternberg,204,4,4,image_66,633.486309
12,2,sternberg,205,2,2,image_19,635.121464
12,2,sternberg,206,5,5,image_999,635.1314639999999
12,2,sternberg,207,4,4,image_66,639.2439939999999
12,2,sternberg,208,3,3,image_21,642.0733359999999
12,2,sternberg,209,4,4,image_66,643.698398
12,2,sternberg,210,2,2,image_19,645.2510229999999
12,2,sternberg,211,0,0,image_4,649.413583
12,2,sternberg,212,2,2,image_19,651.735864
12,2,sternberg,213,5,5,image_999,651.745864
12,2,sternberg,214,5,5,image_999,651.755864
12,2,sternberg,215,3,3,image_21,655.9013309999999
12,2,sternberg,216,2,2,image_19,661.45786
12,2,sternberg,217,4,4,image_66,663.081828
12,2,sternberg,218,5,5,image_999,663.091828
12,2,sternberg,219,0,0,image_4,667.223295
12,2,sternberg,220,0,0,image_4,669.5701379999999
12,2,sternberg,221,1,1,image_14,671.195512
12,2,sternberg,222,5,5,image_999,671.205512
12,2,sternberg,223,1,1,image_14,675.279417
12,2,sternberg,224,2,2,image_19,677.784572
12,2,sternberg,225,3,3,image_21,679.3767899999999
12,2,sternberg,226,5,5,image_999,679.3867899999999
12,2,sternberg,227,0,0,image_4,683.483695
12,2,sternberg,228,2,2,image_19,686.289225
12,2,sternberg,229,5,5,image_999,686.299225
12,2,sternberg,230,5,5,image_999,686.309225
12,2,sternberg,231,1,1,image_14,690.45163
12,2,sternberg,232,0,0,image_4,693.0161909999999
12,2,sternberg,233,3,3,image_21,694.655534
12,2,sternberg,234,1,1,image_14,696.2441269999999
12,2,sternberg,235,1,1,image_14,700.509594
12,2,sternberg,236,4,4,image_66,703.348093
12,2,sternberg,237,5,5,image_999,703.3580929999999
12,2,sternberg,238,5,5,image_999,703.3680929999999
12,2,sternberg,239,3,3,image_21,707.460685
12,2,sternberg,240,3,3,image_21,709.941559
12,2,sternberg,241,2,2,image_19,711.5019649999999
12,2,sternberg,242,4,4,image_66,713.0392449999999
12,2,sternberg,243,3,3,image_21,717.172119
12,2,sternberg,244,4,4,image_66,720.80193
12,2,sternberg,245,0,0,image_4,722.412117
12,2,sternberg,246,1,1,image_14,724.107522
12,2,sternberg,247,3,3,image_21,728.360833
12,2,sternberg,248,3,3,image_21,731.5210509999999
12,2,sternberg,249,5,5,image_999,731.5310509999999
12,2,sternberg,250,5,5,image_999,731.5410509999999
12,2,sternberg,251,3,3,image_21,735.758205
12,2,sternberg,252,0,0,image_4,737.7636729999999
12,2,sternberg,253,5,5,image_999,737.7736729999999
12,2,sternberg,254,5,5,image_999,737.7836729999999
12,2,sternberg,255,0,0,image_4,742.012703
12,2,sternberg,256,3,3,image_21,744.345139
12,2,sternberg,257,5,5,image_999,744.355139
12,2,sternberg,258,5,5,image_999,744.365139
12,2,sternberg,259,4,4,image_66,748.4465749999999
12,2,sternberg,260,3,3,image_21,752.202948
12,2,sternberg,261,0,0,image_4,753.802104
12,2,sternberg,262,4,4,image_66,755.393416
12,2,sternberg,263,2,2,image_19,759.590789
12,2,sternberg,264,1,1,image_14,761.7994759999999
12,2,sternberg,265,5,5,image_999,761.8094759999999
12,2,sternberg,266,5,5,image_999,761.8194759999999
12,2,sternberg,267,1,1,image_14,765.8699429999999
12,2,sternberg,268,0,0,image_4,768.053911
12,2,sternberg,269,4,4,image_66,769.629504
12,2,sternberg,270,2,2,image_19,771.257722
12,2,sternberg,271,1,1,image_14,775.3970949999999
12,2,sternberg,272,3,3,image_21,854.6550639999999
12,2,sternberg,273,0,0,image_4,856.198688
12,2,sternberg,274,5,5,image_999,856.2086879999999
12,2,sternberg,275,3,3,image_21,860.294999
12,2,sternberg,276,2,2,image_19,875.1862739999999
12,2,sternberg,277,5,5,image_999,875.1962739999999
12,2,sternberg,278,5,5,image_999,875.2062739999999
12,2,sternberg,279,1,1,image_14,879.3634599999999
12,2,sternberg,280,4,4,image_66,881.969834
12,2,sternberg,281,5,5,image_999,881.979834
12,2,sternberg,282,5,5,image_999,881.989834
12,2,sternberg,283,4,4,image_66,886.2072069999999
12,2,sternberg,284,2,2,image_19,888.1882059999999
12,2,sternberg,285,4,4,image_66,889.816518
12,2,sternberg,286,5,5,image_999,889.826518
12,2,sternberg,287,2,2,image_19,893.979485
12,2,sternberg,288,0,0,image_4,896.355609
12,2,sternberg,289,5,5,image_999,896.365609
12,2,sternberg,290,5,5,image_999,896.3756089999999
12,2,sternberg,291,1,1,image_14,900.556983
12,2,sternberg,292,0,0,image_4,903.559231
12,2,sternberg,293,2,2,image_19,905.188543
12,2,sternberg,294,1,1,image_14,906.811605
12,2,sternberg,295,3,3,image_21,911.0351029999999
12,2,sternberg,296,0,0,image_4,913.6629459999999
12,2,sternberg,297,1,1,image_14,915.35732
12,2,sternberg,298,5,5,image_999,915.36732
12,2,sternberg,299,3,3,image_21,919.563131
12,2,sternberg,300,0,0,image_4,922.8250989999999
12,2,sternberg,301,1,1,image_14,924.439942
12,2,sternberg,302,2,2,image_19,926.0914409999999
12,2,sternberg,303,4,4,image_66,930.327096
12,2,sternberg,304,4,4,image_66,933.208313
12,2,sternberg,305,5,5,image_999,933.218313
12,2,sternberg,306,5,5,image_999,933.228313
12,2,sternberg,307,4,4,image_66,937.297874
12,2,sternberg,308,1,1,image_14,939.913904
12,2,sternberg,309,5,5,image_999,939.923904
12,2,sternberg,310,5,5,image_999,939.933904
12,2,sternberg,311,0,0,image_4,944.1464649999999
12,2,sternberg,312,1,1,image_14,948.0767139999999
12,2,sternberg,313,2,2,image_19,949.610682
12,2,sternberg,314,5,5,image_999,949.620682
12,2,sternberg,315,0,0,image_4,953.7871799999999
12,2,sternberg,316,1,1,image_14,957.436241
12,2,sternberg,317,2,2,image_19,959.039365
12,2,sternberg,318,3,3,image_21,960.6263339999999
12,2,sternberg,319,3,3,image_21,964.864238
12,2,sternberg,320,1,1,image_14,967.671424
12,2,sternberg,321,0,0,image_4,969.295205
12,2,sternberg,322,5,5,image_999,969.305205
12,2,sternberg,323,4,4,image_66,973.379641
12,2,sternberg,324,0,0,image_4,977.4531079999999
12,2,sternberg,325,4,4,image_66,979.0970759999999
12,2,sternberg,326,5,5,image_999,979.1070759999999
12,2,sternberg,327,1,1,image_14,983.269231
12,2,sternberg,328,1,1,image_14,987.0998539999999
12,2,sternberg,329,3,3,image_21,988.696104
12,2,sternberg,330,5,5,image_999,988.706104
12,2,sternberg,331,0,0,image_4,992.766164
12,2,sternberg,332,0,0,image_4,997.5077249999999
12,2,sternberg,333,3,3,image_21,999.180224
12,2,sternberg,334,5,5,image_999,999.190224
12,2,sternberg,335,0,0,image_4,1003.3815979999999
12,2,sternberg,336,2,2,image_19,1006.212534
12,2,sternberg,337,1,1,image_14,1007.881096
12,2,sternberg,338,5,5,image_999,1007.891096
12,2,sternberg,339,1,1,image_14,1012.1001249999999
12,2,sternberg,340,3,3,image_21,1015.910499
12,2,sternberg,341,0,0,image_4,1017.4829669999999
12,2,sternberg,342,1,1,image_14,1019.123935
12,2,sternberg,343,1,1,image_14,1023.3219959999999
12,2,sternberg,344,2,2,image_19,1026.296057
12,2,sternberg,345,5,5,image_999,1026.306057
12,2,sternberg,346,5,5,image_999,1026.316057
12,2,sternberg,347,2,2,image_19,1030.5756179999998
12,2,sternberg,348,1,1,image_14,1033.065304
12,2,sternberg,349,2,2,image_19,1034.611179
12,2,sternberg,350,5,5,image_999,1034.621179
12,2,sternberg,351,4,4,image_66,1038.7947709999999
12,2,sternberg,352,4,4,image_66,1041.5674569999999
12,2,sternberg,353,5,5,image_999,1041.5774569999999
12,2,sternberg,354,5,5,image_999,1041.5874569999999
12,2,sternberg,355,2,2,image_19,1045.710924
12,2,sternberg,356,3,3,image_21,1051.543485
12,2,sternberg,357,0,0,image_4,1053.149484
12,2,sternberg,358,5,5,image_999,1053.159484
12,2,sternberg,359,3,3,image_21,1057.2678879999999
12,2,sternberg,360,4,4,image_66,1060.249637
12,2,sternberg,361,3,3,image_21,1061.8707299999999
12,2,sternberg,362,2,2,image_19,1063.5637609999999
12,2,sternberg,363,2,2,image_19,1067.789728
12,2,sternberg,364,2,2,image_19,1070.5766019999999
12,2,sternberg,365,1,1,image_14,1072.0974139999998
12,2,sternberg,366,5,5,image_999,1072.1074139999998
12,2,sternberg,367,2,2,image_19,1076.3607869999998
12,2,sternberg,368,2,2,image_19,1082.1208159999999
12,2,sternberg,369,5,5,image_999,1082.1308159999999
12,2,sternberg,370,5,5,image_999,1082.1408159999999
12,2,sternberg,371,2,2,image_19,1086.331814
12,2,sternberg,372,0,0,image_4,1088.793813
12,2,sternberg,373,3,3,image_21,1090.4729379999999
12,2,sternberg,374,5,5,image_999,1090.4829379999999
12,2,sternberg,375,2,2,image_19,1094.707467
12,2,sternberg,376,3,3,image_21,1097.724716
12,2,sternberg,377,4,4,image_66,1099.357059
12,2,sternberg,378,5,5,image_999,1099.367059
12,2,sternberg,379,0,0,image_4,1103.589276
12,2,sternberg,380,1,1,image_14,1107.725274
12,2,sternberg,381,0,0,image_4,1109.348868
12,2,sternberg,382,2,2,image_19,1111.041273
12,2,sternberg,383,4,4,image_66,1115.188615
12,2,sternberg,384,0,0,image_4,1118.723739
12,2,sternberg,385,5,5,image_999,1118.733739
12,2,sternberg,386,5,5,image_999,1118.743739
12,2,sternberg,387,0,0,image_4,1122.9448929999999
12,2,sternberg,388,3,3,image_21,1125.109393
12,2,sternberg,389,5,5,image_999,1125.119393
12,2,sternberg,390,5,5,image_999,1125.129393
12,2,sternberg,391,4,4,image_66,1129.298016
12,2,sternberg,392,1,1,image_14,1133.092296
12,2,sternberg,393,5,5,image_999,1133.102296
12,2,sternberg,394,5,5,image_999,1133.112296
12,2,sternberg,395,3,3,image_21,1137.167919
12,2,sternberg,396,3,3,image_21,1140.485574
12,2,sternberg,397,4,4,image_66,1142.1206359999999
12,2,sternberg,398,5,5,image_999,1142.1306359999999
12,2,sternberg,399,0,0,image_4,1146.258728
12,2,sternberg,400,1,1,image_14,1149.614414
12,2,sternberg,401,3,3,image_21,1151.2121009999998
12,2,sternberg,402,4,4,image_66,1152.74785
12,2,sternberg,403,1,1,image_14,1156.966692
12,2,sternberg,404,4,4,image_66,1159.85766
12,2,sternberg,405,3,3,image_21,1161.47794
12,2,sternberg,406,5,5,image_999,1161.48794
12,2,sternberg,407,3,3,image_21,1165.680095
12,2,sternberg,408,0,0,image_4,1167.966125
12,2,sternberg,409,1,1,image_14,1169.497406
12,2,sternberg,410,5,5,image_999,1169.507406
12,2,sternberg,411,3,3,image_21,1173.573279
12,2,sternberg,412,0,0,image_4,1177.374903
12,2,sternberg,413,2,2,image_19,1179.068246
12,2,sternberg,414,4,4,image_66,1180.720401
12,2,sternberg,415,0,0,image_4,1184.904337
12,2,sternberg,416,2,2,image_19,1188.211898
12,2,sternberg,417,0,0,image_4,1189.890304
12,2,sternberg,418,4,4,image_66,1191.554991
12,2,sternberg,419,0,0,image_4,1195.704802
12,2,sternberg,420,3,3,image_21,1198.958582
12,2,sternberg,421,4,4,image_66,1200.655331
12,2,sternberg,422,5,5,image_999,1200.665331
12,2,sternberg,423,1,1,image_14,1204.7736419999999
12,2,sternberg,424,2,2,image_19,1209.299452
12,2,sternberg,425,3,3,image_21,1210.828608
12,2,sternberg,426,5,5,image_999,1210.838608
12,2,sternberg,427,4,4,image_66,1215.0825439999999
12,2,sternberg,428,1,1,image_14,1218.163511
12,2,sternberg,429,4,4,image_66,1219.695042
12,2,sternberg,430,2,2,image_19,1221.237104
12,2,sternberg,431,4,4,image_66,1225.4336329999999
12,2,sternberg,432,2,2,image_19,1229.582663
12,2,sternberg,433,5,5,image_999,1229.592663
12,2,sternberg,434,5,5,image_999,1229.602663
12,2,sternberg,435,2,2,image_19,1233.790286
12,2,sternberg,436,4,4,image_66,1236.148567
12,2,sternberg,437,2,2,image_19,1237.748691
12,2,sternberg,438,1,1,image_14,1239.40769
12,2,sternberg,439,0,0,image_4,1243.615595
12,2,sternberg,440,3,3,image_21,1246.435438
12,2,sternberg,441,5,5,image_999,1246.445438
12,2,sternberg,442,5,5,image_999,1246.455438
12,2,sternberg,443,2,2,image_19,1250.6009669999999
12,2,sternberg,444,1,1,image_14,1257.494683
12,2,sternberg,445,4,4,image_66,1259.137245
12,2,sternberg,446,5,5,image_999,1259.1472449999999
12,2,sternberg,447,1,1,image_14,1263.352993
12,2,sternberg,448,0,0,image_4,1266.7594609999999
12,2,sternberg,449,5,5,image_999,1266.7694609999999
12,2,sternberg,450,5,5,image_999,1266.7794609999999
12,2,sternberg,451,3,3,image_21,1270.923615
12,2,sternberg,452,4,4,image_66,1274.046364
12,2,sternberg,453,5,5,image_999,1274.056364
12,2,sternberg,454,5,5,image_999,1274.066364
12,2,sternberg,455,4,4,image_66,1278.207019
12,2,sternberg,456,4,4,image_66,1280.574424
12,2,sternberg,457,2,2,image_19,1282.172392
12,2,sternberg,458,3,3,image_21,1283.69411
12,2,sternberg,459,3,3,image_21,1287.921452
12,2,sternberg,460,3,3,image_21,1290.329201
12,2,sternberg,461,4,4,image_66,1291.862201
12,2,sternberg,462,1,1,image_14,1293.569137
12,2,sternberg,463,0,0,image_4,1297.696917
12,2,sternberg,464,2,2,image_19,1301.845853
12,2,sternberg,465,3,3,image_21,1303.455665
12,2,sternberg,466,4,4,image_66,1305.1154139999999
12,2,sternberg,467,4,4,image_66,1309.280225
12,2,sternberg,468,1,1,image_14,1312.9158169999998
12,2,sternberg,469,5,5,image_999,1312.9258169999998
12,2,sternberg,470,5,5,image_999,1312.9358169999998
12,2,sternberg,471,4,4,image_66,1317.064128
12,2,sternberg,472,2,2,image_19,1319.398283
12,2,sternberg,473,0,0,image_4,1321.056501
12,2,sternberg,474,5,5,image_999,1321.066501
12,2,sternberg,475,2,2,image_19,1325.099906
12,2,sternberg,476,4,4,image_66,1329.2693729999999
12,2,sternberg,477,1,1,image_14,1330.921872
12,2,sternberg,478,0,0,image_4,1332.570622
12,2,sternberg,479,2,2,image_19,1336.789745
12,2,sternberg,480,3,3,image_21,1339.693213
12,2,sternberg,481,1,1,image_14,1341.2275869999999
12,2,sternberg,482,5,5,image_999,1341.2375869999998
12,2,sternberg,483,3,3,image_21,1345.448085
12,2,sternberg,484,3,3,image_21,1347.721709
12,2,sternberg,485,1,1,image_14,1349.254084
12,2,sternberg,486,0,0,image_4,1350.872021
12,2,sternberg,487,2,2,image_19,1355.090488
12,2,sternberg,488,1,1,image_14,1357.538174
12,2,sternberg,489,5,5,image_999,1357.548174
12,2,sternberg,490,5,5,image_999,1357.558174
12,2,sternberg,491,1,1,image_14,1361.58861
12,2,sternberg,492,0,0,image_4,1364.533921
12,2,sternberg,493,5,5,image_999,1364.543921
12,2,sternberg,494,5,5,image_999,1364.553921
12,2,sternberg,495,0,0,image_4,1368.660607
12,2,sternberg,496,1,1,image_14,1371.543856
12,2,sternberg,497,3,3,image_21,1373.1177619999999
12,2,sternberg,498,0,0,image_4,1374.75498
12,2,sternberg,499,3,3,image_21,1378.9923219999998
12,2,sternberg,500,2,2,image_19,1383.5747259999998
12,2,sternberg,501,0,0,image_4,1385.2776629999998
12,2,sternberg,502,5,5,image_999,1385.2876629999998
12,2,sternberg,503,1,1,image_14,1389.4875359999999
12,2,sternberg,504,2,2,image_19,1393.729128
12,2,sternberg,505,4,4,image_66,1395.355222
12,2,sternberg,506,3,3,image_21,1397.0209399999999
12,2,sternberg,507,3,3,image_21,1401.1447819999999
12,2,sternberg,508,0,0,image_4,1403.740343
12,2,sternberg,509,5,5,image_999,1403.750343
12,2,sternberg,510,5,5,image_999,1403.760343
12,2,sternberg,511,2,2,image_19,1407.902998
12,2,sternberg,512,2,2,image_19,1411.330809
12,2,sternberg,513,5,5,image_999,1411.340809
12,2,sternberg,514,5,5,image_999,1411.350809
12,2,sternberg,515,2,2,image_19,1415.4673699999998
12,2,sternberg,516,4,4,image_66,1419.417712
12,2,sternberg,517,0,0,image_4,1421.031367
12,2,sternberg,518,1,1,image_14,1422.5603039999999
12,2,sternberg,519,2,2,image_19,1426.686865
12,2,sternberg,520,3,3,image_21,1431.1799879999999
12,2,sternberg,521,1,1,image_14,1432.8068309999999
12,2,sternberg,522,2,2,image_19,1434.506706
12,2,sternberg,523,0,0,image_4,1438.69411
12,2,sternberg,524,2,2,image_19,1443.126734
12,2,sternberg,525,0,0,image_4,1444.659795
12,2,sternberg,526,4,4,image_66,1446.3541069999999
12,2,sternberg,527,4,4,image_66,1450.447449
12,2,sternberg,528,0,0,image_4,1453.320479
12,2,sternberg,529,3,3,image_21,1454.9081979999999
12,2,sternberg,530,1,1,image_14,1456.4700719999998
12,2,sternberg,531,2,2,image_19,1460.578383
12,2,sternberg,532,3,3,image_21,1464.43785
12,2,sternberg,533,5,5,image_999,1464.44785
12,2,sternberg,534,5,5,image_999,1464.45785
12,2,sternberg,535,1,1,image_14,1468.509505
12,2,sternberg,536,0,0,image_4,1470.896691
12,2,sternberg,537,3,3,image_21,1472.431034
12,2,sternberg,538,4,4,image_66,1473.959596
12,2,sternberg,539,1,1,image_14,1478.050688
13,1,screening,0,30,27,image_31,57.78157075
13,1,screening,1,25,23,image_26,59.51460075
13,1,screening,2,38,35,image_39,61.24785075
13,1,screening,3,16,15,image_17,62.89781875
13,1,screening,4,55,50,image_56,64.63119275
13,1,screening,5,43,39,image_44,66.33103575
13,1,screening,6,0,0,image_1,74.49756375
13,1,screening,7,40,36,image_41,76.16418775
13,1,screening,8,53,48,image_54,77.84749975
13,1,screening,9,46,42,image_47,79.58084275
13,1,screening,10,66,60,image_67,81.31409275
13,1,screening,11,18,17,image_19,82.96412275
13,1,screening,12,68,62,image_69,84.69737275
13,1,screening,13,11,10,image_12,86.43065275
13,1,screening,14,48,44,image_49,88.11399575
13,1,screening,15,17,16,image_18,89.83065175
13,1,screening,16,51,46,image_52,91.48055674999999
13,1,screening,17,1,1,image_2,93.16386874999999
13,1,screening,18,54,49,image_55,94.88052474999999
13,1,screening,19,13,12,image_14,96.59721175
13,1,screening,20,35,32,image_36,98.33042975
13,1,screening,21,44,40,image_45,100.03042875
13,1,screening,22,22,20,image_23,101.66377175
13,1,screening,23,27,25,image_28,103.38033374999999
13,1,screening,24,32,29,image_33,105.11364574999999
13,1,screening,25,60,54,image_61,106.81376974999999
13,1,screening,26,2,2,image_3,108.51370675
13,1,screening,27,4,4,image_5,110.21423675
13,1,screening,28,33,30,image_34,111.88117374999999
13,1,screening,29,31,28,image_32,113.58014175
13,1,screening,30,37,34,image_38,115.23020375
13,1,screening,31,42,38,image_43,116.93007775
13,1,screening,32,6,6,image_7,123.09666974999999
13,1,screening,33,3,3,image_4,124.76326275
13,1,screening,34,58,53,image_59,126.39657475
13,1,screening,35,56,51,image_57,128.04654275
13,1,screening,36,26,24,image_27,129.76326075
13,1,screening,37,45,41,image_46,131.46313475
13,1,screening,38,64,58,image_65,133.12979074999998
13,1,screening,39,8,8,image_9,134.86313375
13,1,screening,40,61,55,image_62,136.49641375
13,1,screening,41,62,56,image_63,138.17969474999998
13,1,screening,42,20,18,image_21,150.81290875
13,1,screening,43,14,13,image_15,152.52940775
13,1,screening,44,24,22,image_25,154.24606275
13,1,screening,45,12,11,image_13,155.89609375
13,1,screening,46,63,57,image_64,157.57934275
13,1,screening,47,57,52,image_58,159.26265475
13,1,screening,48,15,14,image_16,160.96268575
13,1,screening,49,67,61,image_68,162.66255974999999
13,1,screening,50,41,37,image_42,164.36271575
13,1,screening,51,47,43,image_48,166.02927674999998
13,1,screening,52,52,47,image_53,167.72915175
13,1,screening,53,34,31,image_35,169.42915075
13,1,screening,54,23,21,image_24,171.07905674999998
13,1,screening,55,36,33,image_37,172.72905575
13,1,screening,56,21,19,image_22,174.41236775
13,1,screening,57,5,5,image_6,176.14567975
13,1,screening,58,28,26,image_29,177.81233475
13,1,screening,59,50,45,image_51,179.49561574999998
13,1,screening,60,7,7,image_8,181.14558375
13,1,screening,61,65,59,image_66,182.86223875
13,1,screening,62,10,9,image_11,184.52883175
13,1,screening,63,63,57,image_64,189.24545575
13,1,screening,64,35,32,image_36,190.94539175
13,1,screening,65,48,44,image_49,192.66220375
13,1,screening,66,33,30,image_34,194.39529675
13,1,screening,67,34,31,image_35,196.07876475
13,1,screening,68,20,18,image_21,197.72860774999998
13,1,screening,69,0,0,image_1,199.37857674999998
13,1,screening,70,46,42,image_47,201.04523175
13,1,screening,71,60,54,image_61,202.76191874999998
13,1,screening,72,45,41,image_46,204.41238675
13,1,screening,73,32,29,image_33,206.12844875
13,1,screening,74,65,59,image_66,215.62835074999998
13,1,screening,75,12,11,image_13,217.36160074999998
13,1,screening,76,62,56,image_63,219.02819374999999
13,1,screening,77,17,16,image_18,220.67841174999998
13,1,screening,78,18,17,image_19,222.34481674999998
13,1,screening,79,58,53,image_59,224.04481675
13,1,screening,80,6,6,image_7,225.72815975
13,1,screening,81,68,62,image_69,227.39472175
13,1,screening,82,38,35,image_39,229.11137674999998
13,1,screening,83,54,49,image_55,230.79553274999998
13,1,screening,84,36,33,image_37,232.47796875
13,1,screening,85,8,8,image_9,234.19465574999998
13,1,screening,86,66,60,image_67,235.86124875
13,1,screening,87,37,34,image_38,240.26124775
13,1,screening,88,2,2,image_3,241.97780874999998
13,1,screening,89,3,3,image_4,243.64443375
13,1,screening,90,23,21,image_24,245.32774575
13,1,screening,91,53,48,image_54,246.97771375
13,1,screening,92,57,52,image_58,248.61121275
13,1,screening,93,30,27,image_31,250.29433674999999
13,1,screening,94,50,45,image_51,252.01102375
13,1,screening,95,51,46,image_52,253.74427275
13,1,screening,96,15,14,image_16,255.39430374999998
13,1,screening,97,27,25,image_28,257.07755275
13,1,screening,98,25,23,image_26,258.76086475
13,1,screening,99,14,13,image_15,260.39414575
13,1,screening,100,61,55,image_62,262.06086375
13,1,screening,101,1,1,image_2,263.71073774999996
13,1,screening,102,13,12,image_14,265.42739374999996
13,1,screening,103,41,37,image_42,267.09417375
13,1,screening,104,24,22,image_25,268.77736075
13,1,screening,105,22,20,image_23,274.54398375
13,1,screening,106,26,24,image_27,276.24388875
13,1,screening,107,4,4,image_5,277.89485675
13,1,screening,108,7,7,image_8,279.59395075
13,1,screening,109,55,50,image_56,281.29379374999996
13,1,screening,110,67,61,image_68,282.99372975
13,1,screening,111,47,43,image_48,284.67716674999997
13,1,screening,112,28,26,image_29,286.31057275
13,1,screening,113,56,51,image_57,287.96035274999997
13,1,screening,114,64,58,image_65,289.69366475
13,1,screening,115,40,36,image_41,291.34363275
13,1,screening,116,5,5,image_6,293.06025775
13,1,screening,117,42,38,image_43,294.74353775
13,1,screening,118,11,10,image_12,296.47684975
13,1,screening,119,10,9,image_11,298.11016175
13,1,screening,120,52,47,image_53,299.79344175
13,1,screening,121,16,15,image_17,301.44350375
13,1,screening,122,43,39,image_44,303.17675375
13,1,screening,123,21,19,image_22,304.81006475
13,1,screening,124,44,40,image_45,306.52675174999996
13,1,screening,125,31,28,image_32,308.24334475
13,1,screening,126,64,58,image_65,309.95996974999997
13,1,screening,127,5,5,image_6,311.61003074999996
13,1,screening,128,54,49,image_55,313.27718675
13,1,screening,129,45,41,image_46,314.94321775
13,1,screening,130,46,42,image_47,316.65996674999997
13,1,screening,131,47,43,image_48,318.34318475
13,1,screening,132,53,48,image_54,323.37640175
13,1,screening,133,36,33,image_37,325.02636974999996
13,1,screening,134,30,27,image_31,326.69302475
13,1,screening,135,51,46,image_52,328.34299275
13,1,screening,136,10,9,image_11,329.99292975
13,1,screening,137,37,34,image_38,331.70967974999996
13,1,screening,138,21,19,image_22,333.40952275
13,1,screening,139,8,8,image_9,335.09283475
13,1,screening,140,43,39,image_44,336.74283375
13,1,screening,141,24,22,image_25,344.07608074999996
13,1,screening,142,6,6,image_7,345.77601775
13,1,screening,143,20,18,image_21,347.44267275
13,1,screening,144,14,13,image_15,349.12604775
13,1,screening,145,1,1,image_2,350.80923375
13,1,screening,146,16,15,image_17,352.44254574999997
13,1,screening,147,38,35,image_39,354.09267074999997
13,1,screening,148,7,7,image_8,355.74254475
13,1,screening,149,12,11,image_13,357.39257575
13,1,screening,150,26,24,image_27,359.05910574999996
13,1,screening,151,4,4,image_5,360.72669874999997
13,1,screening,152,52,47,image_53,362.35904174999996
13,1,screening,153,50,45,image_51,366.90903975
13,1,screening,154,33,30,image_34,368.64225875
13,1,screening,155,68,62,image_69,370.32563275
13,1,screening,156,44,40,image_45,372.00891275
13,1,screening,157,56,51,image_57,373.67553775
13,1,screening,158,60,54,image_61,375.39216174999996
13,1,screening,159,35,32,image_36,377.05878574999997
13,1,screening,160,66,60,image_67,378.70884774999996
13,1,screening,161,25,23,image_26,380.42544075
13,1,screening,162,48,44,image_49,382.09206574999996
13,1,screening,163,2,2,image_3,383.75878374999996
13,1,screening,164,58,53,image_59,385.42534574999996
13,1,screening,165,3,3,image_4,387.05918875
13,1,screening,166,0,0,image_1,388.70856275
13,1,screening,167,40,36,image_41,390.44190575
13,1,screening,168,18,17,image_19,392.17518674999997
13,1,screening,169,28,26,image_29,393.87524774999997
13,1,screening,170,15,14,image_16,395.50846674999997
13,1,screening,171,42,38,image_43,397.17509075
13,1,screening,172,22,20,image_23,398.84174575
13,1,screening,173,17,16,image_18,400.55840175
13,1,screening,174,61,55,image_62,402.19171374999996
13,1,screening,175,11,10,image_12,403.82499375
13,1,screening,176,41,37,image_42,405.47499374999995
13,1,screening,177,27,25,image_28,407.17499275
13,1,screening,178,55,50,image_56,408.87499175
13,1,screening,179,31,28,image_32,410.57489775
13,1,screening,180,65,59,image_66,412.25820975
13,1,screening,181,62,56,image_63,413.94161475
13,1,screening,182,34,31,image_35,418.17486375
13,1,screening,183,13,12,image_14,419.87470675
13,1,screening,184,57,52,image_58,421.52470574999995
13,1,screening,185,23,21,image_24,423.22467374999997
13,1,screening,186,63,57,image_64,424.87467275
13,1,screening,187,32,29,image_33,426.54129774999996
13,1,screening,188,67,61,image_68,428.24132775
13,1,screening,189,23,21,image_24,429.95788975
13,1,screening,190,32,29,image_33,431.60785775
13,1,screening,191,43,39,image_44,433.34116975
13,1,screening,192,35,32,image_36,435.05782575
13,1,screening,193,64,58,image_65,436.74110575
13,1,screening,194,12,11,image_13,438.42441775
13,1,screening,195,65,59,image_66,440.10772975
13,1,screening,196,24,22,image_25,441.77441675
13,1,screening,197,38,35,image_39,443.45772875
13,1,screening,198,52,47,image_53,445.14094674999996
13,1,screening,199,66,60,image_67,446.85760174999996
13,1,screening,200,41,37,image_42,448.57425774999996
13,1,screening,201,67,61,image_68,450.27419475
13,1,screening,202,42,38,image_43,451.94081875
13,1,screening,203,37,34,image_38,453.65750575
13,1,screening,204,40,36,image_41,455.34081675
13,1,screening,205,62,56,image_63,457.00744175
13,1,screening,206,57,52,image_58,458.74075374999995
13,1,screening,207,28,26,image_29,460.45750275
13,1,screening,208,2,2,image_3,462.14078374999997
13,1,screening,209,10,9,image_11,463.84068874999997
13,1,screening,210,56,51,image_57,465.54062575
13,1,screening,211,45,41,image_46,467.19059375
13,1,screening,212,34,31,image_35,468.85724975
13,1,screening,213,61,55,image_62,470.54056075
13,1,screening,214,51,46,image_52,472.19121674999997
13,1,screening,215,0,0,image_1,473.90712275
13,1,screening,216,26,24,image_27,478.54058875
13,1,screening,217,36,33,image_37,480.19036975
13,1,screening,218,53,48,image_54,481.84033775
13,1,screening,219,3,3,image_4,483.49027474999997
13,1,screening,220,48,44,image_49,485.15808675
13,1,screening,221,50,45,image_51,486.82358574999995
13,1,screening,222,46,42,image_47,488.55689774999996
13,1,screening,223,30,27,image_31,490.24027175
13,1,screening,224,58,53,image_59,491.89020875
13,1,screening,225,5,5,image_6,493.62348975
13,1,screening,226,22,20,image_23,495.35676974999996
13,1,screening,227,20,18,image_21,497.04008174999996
13,1,screening,228,8,8,image_9,498.69011274999997
13,1,screening,229,33,30,image_34,500.34004875
13,1,screening,230,68,62,image_69,502.00745474999997
13,1,screening,231,13,12,image_14,506.25660975
13,1,screening,232,31,28,image_32,507.92323374999995
13,1,screening,233,44,40,image_45,509.62320174999996
13,1,screening,234,60,54,image_61,511.32316975
13,1,screening,235,14,13,image_15,512.98979375
13,1,screening,236,11,10,image_12,514.6397617499999
13,1,screening,237,47,43,image_48,516.30644875
13,1,screening,238,15,14,image_16,517.97307375
13,1,screening,239,7,7,image_8,519.64060375
13,1,screening,240,18,17,image_19,521.32297775
13,1,screening,241,1,1,image_2,522.95647775
13,1,screening,242,27,25,image_28,524.62294575
13,1,screening,243,6,6,image_7,526.3396007499999
13,1,screening,244,54,49,image_55,530.3896307499999
13,1,screening,245,25,23,image_26,532.1071617499999
13,1,screening,246,55,50,image_56,533.80697275
13,1,screening,247,16,15,image_17,535.48953475
13,1,screening,248,4,4,image_5,537.17334675
13,1,screening,249,21,19,image_22,538.82268975
13,1,screening,250,63,57,image_64,540.50603275
13,1,screening,251,17,16,image_18,542.23934475
13,1,screening,252,24,22,image_25,543.92265675
13,1,screening,253,16,15,image_17,545.60596875
13,1,screening,254,1,1,image_2,547.25587375
13,1,screening,255,31,28,image_32,548.93921675
13,1,screening,256,51,46,image_52,550.63918475
13,1,screening,257,5,5,image_6,552.3391537499999
13,1,screening,258,47,43,image_48,554.00580875
13,1,screening,259,61,55,image_62,555.67243275
13,1,screening,260,36,33,image_37,560.2390567499999
13,1,screening,261,15,14,image_16,561.87230575
13,1,screening,262,68,62,image_69,563.5889297499999
13,1,screening,263,54,49,image_55,565.32227275
13,1,screening,264,32,29,image_33,567.03892875
13,1,screening,265,13,12,image_14,568.6722717499999
13,1,screening,266,48,44,image_49,570.3388337499999
13,1,screening,267,65,59,image_66,572.0054887499999
13,1,screening,268,55,50,image_56,573.70561375
13,1,screening,269,42,38,image_43,575.35542575
13,1,screening,270,20,18,image_21,577.05554975
13,1,screening,271,67,61,image_68,582.7219847499999
13,1,screening,272,18,17,image_19,584.42192175
13,1,screening,273,34,31,image_35,586.10526475
13,1,screening,274,21,19,image_22,587.82188875
13,1,screening,275,53,48,image_54,589.52185675
13,1,screening,276,28,26,image_29,591.23854375
13,1,screening,277,50,45,image_51,592.95535575
13,1,screening,278,14,13,image_15,594.62176175
13,1,screening,279,43,39,image_44,602.47166475
13,1,screening,280,30,27,image_31,604.1216637499999
13,1,screening,281,44,40,image_45,605.75488175
13,1,screening,282,22,20,image_23,607.4548807499999
13,1,screening,283,58,53,image_59,609.13822375
13,1,screening,284,12,11,image_13,610.8215047499999
13,1,screening,285,52,47,image_53,616.77140875
13,1,screening,286,38,35,image_39,618.47140775
13,1,screening,287,26,24,image_27,620.17134475
13,1,screening,288,64,58,image_65,621.88796875
13,1,screening,289,0,0,image_1,623.60465575
13,1,screening,290,66,60,image_67,625.2879057499999
13,1,screening,291,23,21,image_24,626.95452975
13,1,screening,292,33,30,image_34,632.05558975
13,1,screening,293,57,52,image_58,633.7877767499999
13,1,screening,294,40,36,image_41,635.4210577499999
13,1,screening,295,3,3,image_4,637.1043697499999
13,1,screening,296,63,57,image_64,638.75436875
13,1,screening,297,4,4,image_5,640.48764875
13,1,screening,298,62,56,image_63,642.18764875
13,1,screening,299,45,41,image_46,643.87096075
13,1,screening,300,11,10,image_12,645.55424075
13,1,screening,301,46,42,image_47,647.18755275
13,1,screening,302,25,23,image_26,648.88752075
13,1,screening,303,27,25,image_28,650.52089475
13,1,screening,304,10,9,image_11,652.15411275
13,1,screening,305,6,6,image_7,653.83745675
13,1,screening,306,35,32,image_36,655.4712677499999
13,1,screening,307,56,51,image_57,657.18742375
13,1,screening,308,60,54,image_61,658.90401675
13,1,screening,309,2,2,image_3,660.60398475
13,1,screening,310,7,7,image_8,662.25407775
13,1,screening,311,17,16,image_18,663.95395175
13,1,screening,312,8,8,image_9,665.63723275
13,1,screening,313,37,34,image_38,667.37054475
13,1,screening,314,41,37,image_42,669.07054375
13,1,screening,315,35,32,image_36,670.78726175
13,1,screening,316,6,6,image_7,672.47047975
13,1,screening,317,20,18,image_21,674.15379175
13,1,screening,318,36,33,image_37,680.05369575
13,1,screening,319,62,56,image_63,681.68797675
13,1,screening,320,4,4,image_5,683.3369447499999
13,1,screening,321,48,44,image_49,684.98697475
13,1,screening,322,17,16,image_18,686.65356775
13,1,screening,323,2,2,image_3,688.3702237499999
13,1,screening,324,63,57,image_64,690.08687875
13,1,screening,325,25,23,image_26,691.72012875
13,1,screening,326,64,58,image_65,693.3867527499999
13,1,screening,327,24,22,image_25,695.07009575
13,1,screening,328,10,9,image_11,696.75340775
13,1,screening,329,13,12,image_14,698.45331375
13,1,screening,330,54,49,image_55,700.15334375
13,1,screening,331,30,27,image_31,701.81993675
13,1,screening,332,55,50,image_56,703.5032797499999
13,1,screening,333,68,62,image_69,705.13662275
13,1,screening,334,8,8,image_9,706.86987275
13,1,screening,335,0,0,image_1,708.51984075
13,1,screening,336,3,3,image_4,710.16980875
13,1,screening,337,44,40,image_45,711.83646475
13,1,screening,338,33,30,image_34,716.06989975
13,1,screening,339,16,15,image_17,717.7530557499999
13,1,screening,340,18,17,image_19,719.41964875
13,1,screening,341,11,10,image_12,721.1529607499999
13,1,screening,342,15,14,image_16,722.8863037499999
13,1,screening,343,51,46,image_52,724.51961575
13,1,screening,344,32,29,image_33,726.22039575
13,1,screening,345,47,43,image_48,727.8862077499999
13,1,screening,346,5,5,image_6,729.55295675
13,1,screening,347,12,11,image_13,731.23620675
13,1,screening,348,57,52,image_58,732.9694247499999
13,1,screening,349,21,19,image_22,734.63607975
13,1,screening,350,40,36,image_41,736.36942275
13,1,screening,351,28,26,image_29,738.0360157499999
13,1,screening,352,56,51,image_57,739.73601575
13,1,screening,353,46,42,image_47,741.43598375
13,1,screening,354,38,35,image_39,743.11926375
13,1,screening,355,52,47,image_53,744.81923275
13,1,screening,356,23,21,image_24,746.51920075
13,1,screening,357,37,34,image_38,751.13601075
13,1,screening,358,67,61,image_68,752.78576075
13,1,screening,359,45,41,image_46,754.51910375
13,1,screening,360,42,38,image_43,756.1690397499999
13,1,screening,361,41,37,image_42,757.80238375
13,1,screening,362,61,55,image_62,759.4857267499999
13,1,screening,363,53,48,image_54,761.20228775
13,1,screening,364,34,31,image_35,762.9022877499999
13,1,screening,365,22,20,image_23,764.5522247499999
13,1,screening,366,26,24,image_27,766.2188797499999
13,1,screening,367,50,45,image_51,767.9022857499999
13,1,screening,368,43,39,image_44,769.63550375
13,1,screening,369,65,59,image_66,771.2854717499999
13,1,screening,370,60,54,image_61,773.00228375
13,1,screening,371,31,28,image_32,774.70209575
13,1,screening,372,58,53,image_59,776.36871975
13,1,screening,373,1,1,image_2,778.0186877499999
13,1,screening,374,7,7,image_8,779.6853747499999
13,1,screening,375,27,25,image_28,781.36862375
13,1,screening,376,66,60,image_67,783.0185917499999
13,1,screening,377,14,13,image_15,784.7185597499999
13,2,sternberg,0,4,4,image_63,10.094996
13,2,sternberg,1,0,0,image_23,11.311682999999999
13,2,sternberg,2,2,2,image_43,12.444901999999999
13,2,sternberg,3,4,4,image_63,16.031119
13,2,sternberg,4,0,0,image_23,18.778149
13,2,sternberg,5,1,1,image_5,19.96143
13,2,sternberg,6,3,3,image_54,21.028772999999997
13,2,sternberg,7,0,0,image_23,24.797677999999998
13,2,sternberg,8,2,2,image_43,26.978146
13,2,sternberg,9,4,4,image_63,28.09477
13,2,sternberg,10,3,3,image_54,29.194675999999998
13,2,sternberg,11,1,1,image_5,32.980862
13,2,sternberg,12,4,4,image_63,35.061236
13,2,sternberg,13,0,0,image_23,36.244517
13,2,sternberg,14,5,5,image_999,36.254517
13,2,sternberg,15,2,2,image_43,39.981547
13,2,sternberg,16,4,4,image_63,41.944483999999996
13,2,sternberg,17,1,1,image_5,43.077732999999995
13,2,sternberg,18,5,5,image_999,43.08773299999999
13,2,sternberg,19,4,4,image_63,46.880824999999994
13,2,sternberg,20,3,3,image_54,49.744293
13,2,sternberg,21,1,1,image_5,50.777542999999994
13,2,sternberg,22,5,5,image_999,50.78754299999999
13,2,sternberg,23,1,1,image_5,54.418354
13,2,sternberg,24,0,0,image_23,56.527539999999995
13,2,sternberg,25,1,1,image_5,57.594258999999994
13,2,sternberg,26,5,5,image_999,57.60425899999999
13,2,sternberg,27,3,3,image_54,61.298257
13,2,sternberg,28,2,2,image_43,63.344069
13,2,sternberg,29,3,3,image_54,64.460725
13,2,sternberg,30,0,0,image_23,65.51062999999999
13,2,sternberg,31,4,4,image_63,69.213629
13,2,sternberg,32,1,1,image_5,71.193941
13,2,sternberg,33,2,2,image_43,72.427315
13,2,sternberg,34,4,4,image_63,73.461283
13,2,sternberg,35,3,3,image_54,77.11387599999999
13,2,sternberg,36,1,1,image_5,79.04390599999999
13,2,sternberg,37,2,2,image_43,80.227187
13,2,sternberg,38,5,5,image_999,80.237187
13,2,sternberg,39,3,3,image_54,83.963279
13,2,sternberg,40,1,1,image_5,85.86040299999999
13,2,sternberg,41,5,5,image_999,85.870403
13,2,sternberg,42,5,5,image_999,85.880403
13,2,sternberg,43,1,1,image_5,89.596621
13,2,sternberg,44,0,0,image_23,91.32696399999999
13,2,sternberg,45,5,5,image_999,91.336964
13,2,sternberg,46,5,5,image_999,91.346964
13,2,sternberg,47,0,0,image_23,94.996462
13,2,sternberg,48,3,3,image_54,96.910305
13,2,sternberg,49,5,5,image_999,96.920305
13,2,sternberg,50,5,5,image_999,96.930305
13,2,sternberg,51,3,3,image_54,100.696429
13,2,sternberg,52,2,2,image_43,102.89352199999999
13,2,sternberg,53,4,4,image_63,103.92748999999999
13,2,sternberg,54,3,3,image_54,104.993365
13,2,sternberg,55,0,0,image_23,108.579582
13,2,sternberg,56,0,0,image_23,111.343268
13,2,sternberg,57,1,1,image_5,112.54329899999999
13,2,sternberg,58,3,3,image_54,113.759892
13,2,sternberg,59,2,2,image_43,117.462797
13,2,sternberg,60,4,4,image_63,121.726545
13,2,sternberg,61,5,5,image_999,121.736545
13,2,sternberg,62,5,5,image_999,121.74654500000001
13,2,sternberg,63,4,4,image_63,125.37929399999999
13,2,sternberg,64,4,4,image_63,128.94301099999998
13,2,sternberg,65,5,5,image_999,128.95301099999998
13,2,sternberg,66,5,5,image_999,128.96301099999997
13,2,sternberg,67,1,1,image_5,132.529885
13,2,sternberg,68,3,3,image_54,134.609728
13,2,sternberg,69,5,5,image_999,134.61972799999998
13,2,sternberg,70,5,5,image_999,134.62972799999997
13,2,sternberg,71,1,1,image_5,138.195914
13,2,sternberg,72,4,4,image_63,139.992851
13,2,sternberg,73,2,2,image_43,141.026069
13,2,sternberg,74,3,3,image_54,142.092787
13,2,sternberg,75,4,4,image_63,145.862442
13,2,sternberg,76,1,1,image_5,148.64269099999999
13,2,sternberg,77,0,0,image_23,149.726003
13,2,sternberg,78,5,5,image_999,149.73600299999998
13,2,sternberg,79,0,0,image_23,153.445626
13,2,sternberg,80,2,2,image_43,155.34256299999998
13,2,sternberg,81,4,4,image_63,156.492563
13,2,sternberg,82,0,0,image_23,157.67596799999998
13,2,sternberg,83,2,2,image_43,161.34546699999999
13,2,sternberg,84,1,1,image_5,163.57577899999998
13,2,sternberg,85,2,2,image_43,164.692559
13,2,sternberg,86,3,3,image_54,165.775746
13,2,sternberg,87,4,4,image_63,169.478464
13,2,sternberg,88,4,4,image_63,172.042338
13,2,sternberg,89,5,5,image_999,172.052338
13,2,sternberg,90,5,5,image_999,172.06233799999998
13,2,sternberg,91,2,2,image_43,175.745305
13,2,sternberg,92,4,4,image_63,178.092398
13,2,sternberg,93,2,2,image_43,179.29220999999998
13,2,sternberg,94,5,5,image_999,179.30220999999997
13,2,sternberg,95,4,4,image_63,183.01177099999998
13,2,sternberg,96,1,1,image_5,184.85883199999998
13,2,sternberg,97,5,5,image_999,184.86883199999997
13,2,sternberg,98,5,5,image_999,184.87883199999996
13,2,sternberg,99,1,1,image_5,188.52820599999998
13,2,sternberg,100,3,3,image_54,190.39208
13,2,sternberg,101,1,1,image_5,191.458736
13,2,sternberg,102,0,0,image_23,192.525329
13,2,sternberg,103,1,1,image_5,196.19485899999998
13,2,sternberg,104,3,3,image_54,198.12523299999998
13,2,sternberg,105,5,5,image_999,198.13523299999997
13,2,sternberg,106,5,5,image_999,198.14523299999996
13,2,sternberg,107,2,2,image_43,201.961482
13,2,sternberg,108,1,1,image_5,204.175262
13,2,sternberg,109,4,4,image_63,205.275293
13,2,sternberg,110,5,5,image_999,205.285293
13,2,sternberg,111,4,4,image_63,208.97800999999998
13,2,sternberg,112,0,0,image_23,211.025041
13,2,sternberg,113,5,5,image_999,211.03504099999998
13,2,sternberg,114,5,5,image_999,211.04504099999997
13,2,sternberg,115,0,0,image_23,214.62807099999998
13,2,sternberg,116,0,0,image_23,216.45828899999998
13,2,sternberg,117,3,3,image_54,217.508257
13,2,sternberg,118,5,5,image_999,217.51825699999998
13,2,sternberg,119,4,4,image_63,221.19431799999998
13,2,sternberg,120,0,0,image_23,223.37497299999998
13,2,sternberg,121,3,3,image_54,224.49147299999998
13,2,sternberg,122,2,2,image_43,225.625754
13,2,sternberg,123,4,4,image_63,229.277752
13,2,sternberg,124,3,3,image_54,231.57471999999999
13,2,sternberg,125,4,4,image_63,232.641313
13,2,sternberg,126,5,5,image_999,232.651313
13,2,sternberg,127,3,3,image_54,236.361031
13,2,sternberg,128,0,0,image_23,238.37462399999998
13,2,sternberg,129,2,2,image_43,239.591311
13,2,sternberg,130,5,5,image_999,239.60131099999998
13,2,sternberg,131,2,2,image_43,243.24412199999998
13,2,sternberg,132,0,0,image_23,245.157808
13,2,sternberg,133,5,5,image_999,245.16780799999998
13,2,sternberg,134,5,5,image_999,245.17780799999997
13,2,sternberg,135,3,3,image_54,248.810838
13,2,sternberg,136,3,3,image_54,251.307775
13,2,sternberg,137,1,1,image_5,252.357712
13,2,sternberg,138,0,0,image_23,253.507711
13,2,sternberg,139,3,3,image_54,257.24386599999997
13,2,sternberg,140,2,2,image_43,259.291084
13,2,sternberg,141,5,5,image_999,259.301084
13,2,sternberg,142,5,5,image_999,259.311084
13,2,sternberg,143,1,1,image_5,262.977082
13,2,sternberg,144,4,4,image_63,264.924269
13,2,sternberg,145,2,2,image_43,266.057487
13,2,sternberg,146,5,5,image_999,266.06748699999997
13,2,sternberg,147,2,2,image_43,269.79398599999996
13,2,sternberg,148,4,4,image_63,272.540829
13,2,sternberg,149,5,5,image_999,272.55082899999996
13,2,sternberg,150,5,5,image_999,272.56082899999996
13,2,sternberg,151,4,4,image_63,276.32732699999997
13,2,sternberg,152,1,1,image_5,279.007357
13,2,sternberg,153,4,4,image_63,280.040544
13,2,sternberg,154,0,0,image_23,281.157263
13,2,sternberg,155,3,3,image_54,284.84348
13,2,sternberg,156,4,4,image_63,286.907229
13,2,sternberg,157,0,0,image_23,287.94050999999996
13,2,sternberg,158,5,5,image_999,287.95050999999995
13,2,sternberg,159,4,4,image_63,291.628383
13,2,sternberg,160,2,2,image_43,293.85706999999996
13,2,sternberg,161,1,1,image_5,295.040351
13,2,sternberg,162,0,0,image_23,296.223788
13,2,sternberg,163,0,0,image_23,299.927036
13,2,sternberg,164,3,3,image_54,303.073598
13,2,sternberg,165,2,2,image_43,304.22366
13,2,sternberg,166,5,5,image_999,304.23366
13,2,sternberg,167,4,4,image_63,307.993908
13,2,sternberg,168,4,4,image_63,310.056876
13,2,sternberg,169,0,0,image_23,311.106813
13,2,sternberg,170,3,3,image_54,312.173406
13,2,sternberg,171,0,0,image_23,315.892967
13,2,sternberg,172,2,2,image_43,318.123341
13,2,sternberg,173,3,3,image_54,319.25674699999996
13,2,sternberg,174,5,5,image_999,319.26674699999995
13,2,sternberg,175,2,2,image_43,322.960465
13,2,sternberg,176,1,1,image_5,325.006557
13,2,sternberg,177,5,5,image_999,325.016557
13,2,sternberg,178,5,5,image_999,325.02655699999997
13,2,sternberg,179,0,0,image_23,328.660306
13,2,sternberg,180,3,3,image_54,333.02311699999996
13,2,sternberg,181,5,5,image_999,333.03311699999995
13,2,sternberg,182,5,5,image_999,333.04311699999994
13,2,sternberg,183,3,3,image_54,336.65945899999997
13,2,sternberg,184,4,4,image_63,340.089833
13,2,sternberg,185,3,3,image_54,341.12289499999997
13,2,sternberg,186,5,5,image_999,341.13289499999996
13,2,sternberg,187,0,0,image_23,344.859362
13,2,sternberg,188,2,2,image_43,347.18967399999997
13,2,sternberg,189,5,5,image_999,347.19967399999996
13,2,sternberg,190,5,5,image_999,347.20967399999995
13,2,sternberg,191,2,2,image_43,350.92586
13,2,sternberg,192,1,1,image_5,352.772921
13,2,sternberg,193,2,2,image_43,353.906202
13,2,sternberg,194,5,5,image_999,353.916202
13,2,sternberg,195,4,4,image_63,357.658982
13,2,sternberg,196,1,1,image_5,360.056137
13,2,sternberg,197,5,5,image_999,360.06613699999997
13,2,sternberg,198,5,5,image_999,360.07613699999996
13,2,sternberg,199,3,3,image_54,363.642198
13,2,sternberg,200,4,4,image_63,367.839322
13,2,sternberg,201,2,2,image_43,368.90588399999996
13,2,sternberg,202,5,5,image_999,368.91588399999995
13,2,sternberg,203,1,1,image_5,372.57550699999996
13,2,sternberg,204,4,4,image_63,374.60585
13,2,sternberg,205,2,2,image_43,375.75575599999996
13,2,sternberg,206,5,5,image_999,375.76575599999995
13,2,sternberg,207,4,4,image_63,379.39228599999996
13,2,sternberg,208,3,3,image_54,381.13906599999996
13,2,sternberg,209,4,4,image_63,382.288972
13,2,sternberg,210,2,2,image_43,383.35562799999997
13,2,sternberg,211,0,0,image_23,387.041908
13,2,sternberg,212,2,2,image_43,389.138938
13,2,sternberg,213,5,5,image_999,389.148938
13,2,sternberg,214,5,5,image_999,389.158938
13,2,sternberg,215,3,3,image_54,392.824999
13,2,sternberg,216,2,2,image_43,394.772154
13,2,sternberg,217,4,4,image_63,395.922029
13,2,sternberg,218,5,5,image_999,395.932029
13,2,sternberg,219,0,0,image_23,399.591778
13,2,sternberg,220,0,0,image_23,401.55540199999996
13,2,sternberg,221,1,1,image_5,402.705339
13,2,sternberg,222,5,5,image_999,402.715339
13,2,sternberg,223,1,1,image_5,406.30814999999996
13,2,sternberg,224,2,2,image_43,411.921898
13,2,sternberg,225,3,3,image_54,413.038522
13,2,sternberg,226,5,5,image_999,413.048522
13,2,sternberg,227,0,0,image_23,416.674833
13,2,sternberg,228,2,2,image_43,418.871739
13,2,sternberg,229,5,5,image_999,418.881739
13,2,sternberg,230,5,5,image_999,418.891739
13,2,sternberg,231,1,1,image_5,422.558675
13,2,sternberg,232,0,0,image_23,424.65514199999996
13,2,sternberg,233,3,3,image_54,425.805048
13,2,sternberg,234,1,1,image_5,426.90511
13,2,sternberg,235,1,1,image_5,430.69154599999996
13,2,sternberg,236,4,4,image_63,433.088233
13,2,sternberg,237,5,5,image_999,433.098233
13,2,sternberg,238,5,5,image_999,433.108233
13,2,sternberg,239,3,3,image_54,436.72445
13,2,sternberg,240,3,3,image_54,438.571512
13,2,sternberg,241,2,2,image_43,439.654761
13,2,sternberg,242,4,4,image_63,440.70485499999995
13,2,sternberg,243,3,3,image_54,444.35772799999995
13,2,sternberg,244,4,4,image_63,446.50478999999996
13,2,sternberg,245,0,0,image_23,447.63807099999997
13,2,sternberg,246,1,1,image_5,448.854695
13,2,sternberg,247,3,3,image_54,452.64075599999995
13,2,sternberg,248,3,3,image_54,455.371193
13,2,sternberg,249,5,5,image_999,455.381193
13,2,sternberg,250,5,5,image_999,455.391193
13,2,sternberg,251,3,3,image_54,459.14075399999996
13,2,sternberg,252,0,0,image_23,461.98772099999996
13,2,sternberg,253,5,5,image_999,461.99772099999996
13,2,sternberg,254,5,5,image_999,462.00772099999995
13,2,sternberg,255,0,0,image_23,465.774001
13,2,sternberg,256,3,3,image_54,469.90453099999996
13,2,sternberg,257,5,5,image_999,469.91453099999995
13,2,sternberg,258,5,5,image_999,469.92453099999994
13,2,sternberg,259,4,4,image_63,473.52390399999996
13,2,sternberg,260,3,3,image_54,480.87080699999996
13,2,sternberg,261,0,0,image_23,481.98758799999996
13,2,sternberg,262,4,4,image_63,483.104088
13,2,sternberg,263,2,2,image_43,486.82361699999996
13,2,sternberg,264,1,1,image_5,493.27070899999995
13,2,sternberg,265,5,5,image_999,493.28070899999994
13,2,sternberg,266,5,5,image_999,493.29070899999994
13,2,sternberg,267,1,1,image_5,496.85695699999997
13,2,sternberg,268,0,0,image_23,500.903799
13,2,sternberg,269,4,4,image_63,502.003768
13,2,sternberg,270,2,2,image_43,503.15376699999996
13,2,sternberg,271,1,1,image_5,506.82339099999996
13,2,sternberg,272,3,3,image_54,610.602224
13,2,sternberg,273,0,0,image_23,611.668692
13,2,sternberg,274,5,5,image_999,611.678692
13,2,sternberg,275,3,3,image_54,615.288285
13,2,sternberg,276,2,2,image_43,618.185315
13,2,sternberg,277,5,5,image_999,618.1953149999999
13,2,sternberg,278,5,5,image_999,618.2053149999999
13,2,sternberg,279,1,1,image_5,621.888157
13,2,sternberg,280,4,4,image_63,624.8852499999999
13,2,sternberg,281,5,5,image_999,624.8952499999999
13,2,sternberg,282,5,5,image_999,624.9052499999999
13,2,sternberg,283,4,4,image_63,628.638061
13,2,sternberg,284,2,2,image_43,630.718435
13,2,sternberg,285,4,4,image_63,631.868403
13,2,sternberg,286,5,5,image_999,631.8784029999999
13,2,sternberg,287,2,2,image_43,635.5546519999999
13,2,sternberg,288,0,0,image_23,637.7349939999999
13,2,sternberg,289,5,5,image_999,637.7449939999999
13,2,sternberg,290,5,5,image_999,637.7549939999999
13,2,sternberg,291,1,1,image_5,641.455243
13,2,sternberg,292,0,0,image_23,648.41824
13,2,sternberg,293,2,2,image_43,649.568208
13,2,sternberg,294,1,1,image_5,650.718114
13,2,sternberg,295,3,3,image_54,654.454519
13,2,sternberg,296,0,0,image_23,656.651362
13,2,sternberg,297,1,1,image_5,657.868018
13,2,sternberg,298,5,5,image_999,657.878018
13,2,sternberg,299,3,3,image_54,661.604172
13,2,sternberg,300,0,0,image_23,664.2345779999999
13,2,sternberg,301,1,1,image_5,665.36789
13,2,sternberg,302,2,2,image_43,666.534545
13,2,sternberg,303,4,4,image_63,670.304075
13,2,sternberg,304,4,4,image_63,672.617793
13,2,sternberg,305,5,5,image_999,672.627793
13,2,sternberg,306,5,5,image_999,672.637793
13,2,sternberg,307,4,4,image_63,676.2372909999999
13,2,sternberg,308,1,1,image_5,678.251072
13,2,sternberg,309,5,5,image_999,678.261072
13,2,sternberg,310,5,5,image_999,678.271072
13,2,sternberg,311,0,0,image_23,682.003914
13,2,sternberg,312,1,1,image_5,684.234257
13,2,sternberg,313,2,2,image_43,685.2841629999999
13,2,sternberg,314,5,5,image_999,685.2941629999999
13,2,sternberg,315,0,0,image_23,688.987161
13,2,sternberg,316,1,1,image_5,690.9842229999999
13,2,sternberg,317,2,2,image_43,692.10091
13,2,sternberg,318,3,3,image_54,693.200785
13,2,sternberg,319,3,3,image_54,696.9704389999999
13,2,sternberg,320,1,1,image_5,699.350751
13,2,sternberg,321,0,0,image_23,700.5006569999999
13,2,sternberg,322,5,5,image_999,700.5106569999999
13,2,sternberg,323,4,4,image_63,704.1073739999999
13,2,sternberg,324,0,0,image_23,708.3506219999999
13,2,sternberg,325,4,4,image_63,709.5171839999999
13,2,sternberg,326,5,5,image_999,709.5271839999999
13,2,sternberg,327,1,1,image_5,713.2199949999999
13,2,sternberg,328,1,1,image_5,715.433776
13,2,sternberg,329,3,3,image_54,716.550432
13,2,sternberg,330,5,5,image_999,716.560432
13,2,sternberg,331,0,0,image_23,720.136618
13,2,sternberg,332,0,0,image_23,724.050397
13,2,sternberg,333,3,3,image_54,725.2336779999999
13,2,sternberg,334,5,5,image_999,725.2436779999999
13,2,sternberg,335,0,0,image_23,728.954177
13,2,sternberg,336,2,2,image_43,731.0502379999999
13,2,sternberg,337,1,1,image_5,732.233581
13,2,sternberg,338,5,5,image_999,732.243581
13,2,sternberg,339,1,1,image_5,735.986455
13,2,sternberg,340,3,3,image_54,737.950079
13,2,sternberg,341,0,0,image_23,739.034329
13,2,sternberg,342,1,1,image_5,740.2000469999999
13,2,sternberg,343,1,1,image_5,743.9364519999999
13,2,sternberg,344,2,2,image_43,745.8333259999999
13,2,sternberg,345,5,5,image_999,745.8433259999999
13,2,sternberg,346,5,5,image_999,745.8533259999999
13,2,sternberg,347,2,2,image_43,749.652918
13,2,sternberg,348,1,1,image_5,751.299886
13,2,sternberg,349,2,2,image_43,752.366511
13,2,sternberg,350,5,5,image_999,752.3765109999999
13,2,sternberg,351,4,4,image_63,756.0861659999999
13,2,sternberg,352,4,4,image_63,757.950415
13,2,sternberg,353,5,5,image_999,757.960415
13,2,sternberg,354,5,5,image_999,757.970415
13,2,sternberg,355,2,2,image_43,761.619288
13,2,sternberg,356,3,3,image_54,764.2663809999999
13,2,sternberg,357,0,0,image_23,765.399724
13,2,sternberg,358,5,5,image_999,765.409724
13,2,sternberg,359,3,3,image_54,769.03816
13,2,sternberg,360,4,4,image_63,771.2829409999999
13,2,sternberg,361,3,3,image_54,772.416284
13,2,sternberg,362,2,2,image_43,773.632877
13,2,sternberg,363,2,2,image_43,777.385938
13,2,sternberg,364,2,2,image_43,779.6162499999999
13,2,sternberg,365,1,1,image_5,780.649375
13,2,sternberg,366,5,5,image_999,780.659375
13,2,sternberg,367,2,2,image_43,784.435561
13,2,sternberg,368,2,2,image_43,786.3826849999999
13,2,sternberg,369,5,5,image_999,786.3926849999999
13,2,sternberg,370,5,5,image_999,786.4026849999999
13,2,sternberg,371,2,2,image_43,790.135589
13,2,sternberg,372,0,0,image_23,794.182557
13,2,sternberg,373,3,3,image_54,795.382525
13,2,sternberg,374,5,5,image_999,795.392525
13,2,sternberg,375,2,2,image_43,799.152117
13,2,sternberg,376,3,3,image_54,801.465772
13,2,sternberg,377,4,4,image_63,802.615741
13,2,sternberg,378,5,5,image_999,802.625741
13,2,sternberg,379,0,0,image_23,806.385364
13,2,sternberg,380,1,1,image_5,808.982488
13,2,sternberg,381,0,0,image_23,810.1323
13,2,sternberg,382,2,2,image_43,811.3489559999999
13,2,sternberg,383,4,4,image_63,815.018642
13,2,sternberg,384,0,0,image_23,818.082172
13,2,sternberg,385,5,5,image_999,818.092172
13,2,sternberg,386,5,5,image_999,818.102172
13,2,sternberg,387,0,0,image_23,821.818639
13,2,sternberg,388,3,3,image_54,823.915451
13,2,sternberg,389,5,5,image_999,823.925451
13,2,sternberg,390,5,5,image_999,823.935451
13,2,sternberg,391,4,4,image_63,827.618262
13,2,sternberg,392,1,1,image_5,829.6986989999999
13,2,sternberg,393,5,5,image_999,829.7086989999999
13,2,sternberg,394,5,5,image_999,829.7186989999999
13,2,sternberg,395,3,3,image_54,833.28626
13,2,sternberg,396,3,3,image_54,835.032509
13,2,sternberg,397,4,4,image_63,836.182008
13,2,sternberg,398,5,5,image_999,836.192008
13,2,sternberg,399,0,0,image_23,839.83457
13,2,sternberg,400,1,1,image_5,842.2986619999999
13,2,sternberg,401,3,3,image_54,843.415162
13,2,sternberg,402,4,4,image_63,844.4651299999999
13,2,sternberg,403,1,1,image_5,848.201254
13,2,sternberg,404,4,4,image_63,851.548315
13,2,sternberg,405,3,3,image_54,852.681752
13,2,sternberg,406,5,5,image_999,852.691752
13,2,sternberg,407,3,3,image_54,856.401125
13,2,sternberg,408,0,0,image_23,858.148281
13,2,sternberg,409,1,1,image_5,859.1981549999999
13,2,sternberg,410,5,5,image_999,859.2081549999999
13,2,sternberg,411,3,3,image_54,862.7842479999999
13,2,sternberg,412,0,0,image_23,864.614841
13,2,sternberg,413,2,2,image_43,865.831434
13,2,sternberg,414,4,4,image_63,866.998059
13,2,sternberg,415,0,0,image_23,870.717682
13,2,sternberg,416,2,2,image_43,873.114744
13,2,sternberg,417,0,0,image_23,874.314618
13,2,sternberg,418,4,4,image_63,875.497993
13,2,sternberg,419,0,0,image_23,879.16746
13,2,sternberg,420,3,3,image_54,880.881209
13,2,sternberg,421,4,4,image_63,882.097959
13,2,sternberg,422,5,5,image_999,882.1079589999999
13,2,sternberg,423,1,1,image_5,885.734239
13,2,sternberg,424,2,2,image_43,887.781113
13,2,sternberg,425,3,3,image_54,888.8143309999999
13,2,sternberg,426,5,5,image_999,888.8243309999999
13,2,sternberg,427,4,4,image_63,892.600611
13,2,sternberg,428,1,1,image_5,894.581016
13,2,sternberg,429,4,4,image_63,895.614328
13,2,sternberg,430,2,2,image_43,896.6809529999999
13,2,sternberg,431,4,4,image_63,900.400858
13,2,sternberg,432,2,2,image_43,903.180888
13,2,sternberg,433,5,5,image_999,903.190888
13,2,sternberg,434,5,5,image_999,903.200888
13,2,sternberg,435,2,2,image_43,906.91773
13,2,sternberg,436,4,4,image_63,908.830792
13,2,sternberg,437,2,2,image_43,909.947416
13,2,sternberg,438,1,1,image_5,911.130728
13,2,sternberg,439,0,0,image_23,914.866914
13,2,sternberg,440,3,3,image_54,916.6974449999999
13,2,sternberg,441,5,5,image_999,916.7074449999999
13,2,sternberg,442,5,5,image_999,916.7174449999999
13,2,sternberg,443,2,2,image_43,920.3838499999999
13,2,sternberg,444,1,1,image_5,922.513911
13,2,sternberg,445,4,4,image_63,923.680536
13,2,sternberg,446,5,5,image_999,923.690536
13,2,sternberg,447,1,1,image_5,927.416784
13,2,sternberg,448,0,0,image_23,929.4138459999999
13,2,sternberg,449,5,5,image_999,929.4238459999999
13,2,sternberg,450,5,5,image_999,929.4338459999999
13,2,sternberg,451,3,3,image_54,933.1002199999999
13,2,sternberg,452,4,4,image_63,935.563687
13,2,sternberg,453,5,5,image_999,935.573687
13,2,sternberg,454,5,5,image_999,935.5836869999999
13,2,sternberg,455,4,4,image_63,939.2386859999999
13,2,sternberg,456,4,4,image_63,942.2802469999999
13,2,sternberg,457,2,2,image_43,943.396903
13,2,sternberg,458,3,3,image_54,944.430121
13,2,sternberg,459,3,3,image_54,948.1997759999999
13,2,sternberg,460,3,3,image_54,950.2801499999999
13,2,sternberg,461,4,4,image_63,951.330025
13,2,sternberg,462,1,1,image_5,952.563462
13,2,sternberg,463,0,0,image_23,956.2176479999999
13,2,sternberg,464,2,2,image_43,958.113335
13,2,sternberg,465,3,3,image_54,959.2467399999999
13,2,sternberg,466,4,4,image_63,960.4299589999999
13,2,sternberg,467,4,4,image_63,964.1162069999999
13,2,sternberg,468,1,1,image_5,966.546581
13,2,sternberg,469,5,5,image_999,966.5565809999999
13,2,sternberg,470,5,5,image_999,966.5665809999999
13,2,sternberg,471,4,4,image_63,970.216048
13,2,sternberg,472,2,2,image_43,972.413204
13,2,sternberg,473,0,0,image_23,973.596422
13,2,sternberg,474,5,5,image_999,973.606422
13,2,sternberg,475,2,2,image_43,977.1520459999999
13,2,sternberg,476,4,4,image_63,979.74642
13,2,sternberg,477,1,1,image_5,980.9129819999999
13,2,sternberg,478,0,0,image_23,982.0796369999999
13,2,sternberg,479,2,2,image_43,985.8165419999999
13,2,sternberg,480,3,3,image_54,988.7128849999999
13,2,sternberg,481,1,1,image_5,989.729509
13,2,sternberg,482,5,5,image_999,989.739509
13,2,sternberg,483,3,3,image_54,993.482758
13,2,sternberg,484,3,3,image_54,996.1961
13,2,sternberg,485,1,1,image_5,997.2460689999999
13,2,sternberg,486,0,0,image_23,998.379381
13,2,sternberg,487,2,2,image_43,1002.132536
13,2,sternberg,488,1,1,image_5,1004.279316
13,2,sternberg,489,5,5,image_999,1004.289316
13,2,sternberg,490,5,5,image_999,1004.299316
13,2,sternberg,491,1,1,image_5,1007.865408
13,2,sternberg,492,0,0,image_23,1009.945939
13,2,sternberg,493,5,5,image_999,1009.955939
13,2,sternberg,494,5,5,image_999,1009.9659389999999
13,2,sternberg,495,0,0,image_23,1013.5988749999999
13,2,sternberg,496,1,1,image_5,1016.712498
13,2,sternberg,497,3,3,image_54,1017.796748
13,2,sternberg,498,0,0,image_23,1018.945748
13,2,sternberg,499,3,3,image_54,1022.7153089999999
13,2,sternberg,500,2,2,image_43,1025.728964
13,2,sternberg,501,0,0,image_23,1026.9457439999999
13,2,sternberg,502,5,5,image_999,1026.9557439999999
13,2,sternberg,503,1,1,image_5,1030.68168
13,2,sternberg,504,2,2,image_43,1033.028929
13,2,sternberg,505,4,4,image_63,1034.178835
13,2,sternberg,506,3,3,image_54,1035.362147
13,2,sternberg,507,3,3,image_54,1038.9988329999999
13,2,sternberg,508,0,0,image_23,1040.862083
13,2,sternberg,509,5,5,image_999,1040.872083
13,2,sternberg,510,5,5,image_999,1040.882083
13,2,sternberg,511,2,2,image_43,1044.549706
13,2,sternberg,512,2,2,image_43,1046.64533
13,2,sternberg,513,5,5,image_999,1046.65533
13,2,sternberg,514,5,5,image_999,1046.66533
13,2,sternberg,515,2,2,image_43,1050.314923
13,2,sternberg,516,4,4,image_63,1053.495234
13,2,sternberg,517,0,0,image_23,1054.628608
13,2,sternberg,518,1,1,image_5,1055.678514
13,2,sternberg,519,2,2,image_43,1059.3313249999999
13,2,sternberg,520,3,3,image_54,1061.428512
13,2,sternberg,521,1,1,image_5,1062.5784489999999
13,2,sternberg,522,2,2,image_43,1063.795136
13,2,sternberg,523,0,0,image_23,1067.4978839999999
13,2,sternberg,524,2,2,image_43,1069.59504
13,2,sternberg,525,0,0,image_23,1070.644914
13,2,sternberg,526,4,4,image_63,1071.86157
13,2,sternberg,527,4,4,image_63,1075.481162
13,2,sternberg,528,0,0,image_23,1077.628162
13,2,sternberg,529,3,3,image_54,1078.728255
13,2,sternberg,530,1,1,image_5,1079.811442
13,2,sternberg,531,2,2,image_43,1083.4317839999999
13,2,sternberg,532,3,3,image_54,1085.4447209999998
13,2,sternberg,533,5,5,image_999,1085.4547209999998
13,2,sternberg,534,5,5,image_999,1085.4647209999998
13,2,sternberg,535,1,1,image_5,1089.0309069999998
13,2,sternberg,536,0,0,image_23,1090.877937
13,2,sternberg,537,3,3,image_54,1091.927968
13,2,sternberg,538,4,4,image_63,1092.977999
13,2,sternberg,539,1,1,image_5,1096.580779
14,1,screening,0,30,27,image_31,30.555050249999997
14,1,screening,1,25,23,image_26,32.28742425
14,1,screening,2,38,35,image_39,34.02061125
14,1,screening,3,16,15,image_17,35.670579249999996
14,1,screening,4,55,50,image_56,37.38782825
14,1,screening,5,43,39,image_44,39.08723425
14,1,screening,6,0,0,image_1,45.087107249999995
14,1,screening,7,40,36,image_41,46.75376225
14,1,screening,8,53,48,image_54,48.437136249999995
14,1,screening,9,46,42,image_47,50.17038625
14,1,screening,10,66,60,image_67,51.90376025
14,1,screening,11,18,17,image_19,53.553634249999995
14,1,screening,12,68,62,image_69,55.28704025
14,1,screening,13,11,10,image_12,57.02022725
14,1,screening,14,48,44,image_49,58.70360125
14,1,screening,15,17,16,image_18,60.42025725
14,1,screening,16,51,46,image_52,62.07019425
14,1,screening,17,1,1,image_2,63.736912249999996
14,1,screening,18,54,49,image_55,65.45400525
14,1,screening,19,13,12,image_14,67.17006624999999
14,1,screening,20,35,32,image_36,68.90341025
14,1,screening,21,44,40,image_45,70.60337824999999
14,1,screening,22,22,20,image_23,72.23668925
14,1,screening,23,27,25,image_28,73.95347025
14,1,screening,24,32,29,image_33,75.68665725
14,1,screening,25,60,54,image_61,77.38665625
14,1,screening,26,2,2,image_3,79.10331225
14,1,screening,27,4,4,image_5,80.81993625
14,1,screening,28,33,30,image_34,82.48718525
14,1,screening,29,31,28,image_32,84.18659124999999
14,1,screening,30,37,34,image_38,85.83655925
14,1,screening,31,42,38,image_43,87.53646524999999
14,1,screening,32,6,6,image_7,91.93646325
14,1,screening,33,3,3,image_4,93.60302525
14,1,screening,34,58,53,image_59,95.23636825
14,1,screening,35,56,51,image_57,96.87046124999999
14,1,screening,36,26,24,image_27,98.58633524999999
14,1,screening,37,45,41,image_46,100.28633425
14,1,screening,38,64,58,image_65,101.95292825
14,1,screening,39,8,8,image_9,103.68636425
14,1,screening,40,61,55,image_62,105.31955124999999
14,1,screening,41,62,56,image_63,107.00289425
14,1,screening,42,20,18,image_21,111.46967425
14,1,screening,43,14,13,image_15,113.18607924999999
14,1,screening,44,24,22,image_25,114.90273524999999
14,1,screening,45,12,11,image_13,116.55282824999999
14,1,screening,46,63,57,image_64,118.23604625
14,1,screening,47,57,52,image_58,119.91935824999999
14,1,screening,48,15,14,image_16,121.61932625
14,1,screening,49,67,61,image_68,123.31938824999999
14,1,screening,50,41,37,image_42,125.01938725
14,1,screening,51,47,43,image_48,126.68594925
14,1,screening,52,52,47,image_53,128.38588625
14,1,screening,53,34,31,image_35,130.08591625
14,1,screening,54,23,21,image_24,131.73585325
14,1,screening,55,36,33,image_37,133.38582125
14,1,screening,56,21,19,image_22,135.06913325
14,1,screening,57,5,5,image_6,136.80244525
14,1,screening,58,28,26,image_29,138.46910025
14,1,screening,59,50,45,image_51,140.16906824999998
14,1,screening,60,7,7,image_8,141.81919324999998
14,1,screening,61,65,59,image_66,143.51913025
14,1,screening,62,10,9,image_11,145.18569125
14,1,screening,63,63,57,image_64,148.91900225
14,1,screening,64,35,32,image_36,150.61900225
14,1,screening,65,48,44,image_49,152.33559524999998
14,1,screening,66,33,30,image_34,154.06884424999998
14,1,screening,67,34,31,image_35,155.75218725
14,1,screening,68,20,18,image_21,157.40215525
14,1,screening,69,0,0,image_1,159.05212325
14,1,screening,70,46,42,image_47,160.70231024999998
14,1,screening,71,60,54,image_61,162.41877825
14,1,screening,72,45,41,image_46,164.08543425
14,1,screening,73,32,29,image_33,165.80205825
14,1,screening,74,65,59,image_66,171.08533724999998
14,1,screening,75,12,11,image_13,172.81864925
14,1,screening,76,62,56,image_63,174.48527325
14,1,screening,77,17,16,image_18,176.13539824999998
14,1,screening,78,18,17,image_19,177.80186625
14,1,screening,79,58,53,image_59,179.50189625
14,1,screening,80,6,6,image_7,181.18517724999998
14,1,screening,81,68,62,image_69,182.85183325
14,1,screening,82,38,35,image_39,184.56848825
14,1,screening,83,54,49,image_55,186.25223724999998
14,1,screening,84,36,33,image_37,187.93511225
14,1,screening,85,8,8,image_9,189.66845525
14,1,screening,86,66,60,image_67,191.33504825
14,1,screening,87,37,34,image_38,194.96839025
14,1,screening,88,2,2,image_3,196.68498325
14,1,screening,89,3,3,image_4,198.35160825
14,1,screening,90,23,21,image_24,200.03491925
14,1,screening,91,53,48,image_54,201.66829425
14,1,screening,92,57,52,image_58,203.30157425
14,1,screening,93,30,27,image_31,204.98488625
14,1,screening,94,50,45,image_51,206.70157325
14,1,screening,95,51,46,image_52,208.43485425
14,1,screening,96,15,14,image_16,210.08482225
14,1,screening,97,27,25,image_28,211.76810225
14,1,screening,98,25,23,image_26,213.45144524999998
14,1,screening,99,14,13,image_15,215.08472625
14,1,screening,100,61,55,image_62,216.75141324999998
14,1,screening,101,1,1,image_2,218.40135024999998
14,1,screening,102,13,12,image_14,220.11800524999998
14,1,screening,103,41,37,image_42,221.78469224999998
14,1,screening,104,24,22,image_25,223.46797225
14,1,screening,105,22,20,image_23,227.33462724999998
14,1,screening,106,26,24,image_27,229.03456425
14,1,screening,107,4,4,image_5,230.70125124999998
14,1,screening,108,7,7,image_8,232.40118825
14,1,screening,109,55,50,image_56,234.10118724999998
14,1,screening,110,67,61,image_68,235.81781124999998
14,1,screening,111,47,43,image_48,237.50112324999998
14,1,screening,112,28,26,image_29,239.15118525
14,1,screening,113,56,51,image_57,240.80124725
14,1,screening,114,64,58,image_65,242.51787124999998
14,1,screening,115,40,36,image_41,244.16771425
14,1,screening,116,5,5,image_6,245.88437025
14,1,screening,117,42,38,image_43,247.56765024999999
14,1,screening,118,11,10,image_12,249.30105625
14,1,screening,119,10,9,image_11,250.93430525
14,1,screening,120,52,47,image_53,252.61758625
14,1,screening,121,16,15,image_17,254.26758525
14,1,screening,122,43,39,image_44,256.00089725
14,1,screening,123,21,19,image_22,257.63420924999997
14,1,screening,124,44,40,image_45,259.35083325
14,1,screening,125,31,28,image_32,261.06752025
14,1,screening,126,64,58,image_65,262.78417525
14,1,screening,127,5,5,image_6,264.41798725
14,1,screening,128,54,49,image_55,266.08423725
14,1,screening,129,45,41,image_46,267.73417324999997
14,1,screening,130,46,42,image_47,269.45086025
14,1,screening,131,47,43,image_48,271.13417225
14,1,screening,132,53,48,image_54,275.30079524999996
14,1,screening,133,36,33,image_37,276.95063825
14,1,screening,134,30,27,image_31,278.61729425
14,1,screening,135,51,46,image_52,280.26726225
14,1,screening,136,10,9,image_11,281.91726124999997
14,1,screening,137,37,34,image_38,283.63398025
14,1,screening,138,21,19,image_22,285.31722924999997
14,1,screening,139,8,8,image_9,287.00060325
14,1,screening,140,43,39,image_44,288.65050924999997
14,1,screening,141,24,22,image_25,292.31719525
14,1,screening,142,6,6,image_7,294.01713225
14,1,screening,143,20,18,image_21,295.68375625
14,1,screening,144,14,13,image_15,297.36719325
14,1,screening,145,1,1,image_2,299.03438024999997
14,1,screening,146,16,15,image_17,300.68372325
14,1,screening,147,38,35,image_39,302.33366025
14,1,screening,148,7,7,image_8,303.98365924999996
14,1,screening,149,12,11,image_13,305.63362724999996
14,1,screening,150,26,24,image_27,307.28362625
14,1,screening,151,4,4,image_5,308.95025125
14,1,screening,152,52,47,image_53,310.58362525
14,1,screening,153,50,45,image_51,314.66696724999997
14,1,screening,154,33,30,image_34,316.40024825
14,1,screening,155,68,62,image_69,318.08346624999996
14,1,screening,156,44,40,image_45,319.76677824999996
14,1,screening,157,56,51,image_57,321.43346425
14,1,screening,158,60,54,image_61,323.15008925
14,1,screening,159,35,32,image_36,324.81686924999997
14,1,screening,160,66,60,image_67,326.46671225
14,1,screening,161,25,23,image_26,328.18336825
14,1,screening,162,48,44,image_49,329.85002425
14,1,screening,163,2,2,image_3,331.50008525
14,1,screening,164,58,53,image_59,333.16664725
14,1,screening,165,3,3,image_4,334.81661525
14,1,screening,166,0,0,image_1,336.46664625
14,1,screening,167,40,36,image_41,338.19992625
14,1,screening,168,18,17,image_19,339.93320725
14,1,screening,169,28,26,image_29,341.63323825
14,1,screening,170,15,14,image_16,343.26651825
14,1,screening,171,42,38,image_43,344.91751725
14,1,screening,172,22,20,image_23,346.58317324999996
14,1,screening,173,17,16,image_18,348.29982924999996
14,1,screening,174,61,55,image_62,349.93314025
14,1,screening,175,11,10,image_12,351.56648425
14,1,screening,176,41,37,image_42,353.21645225
14,1,screening,177,27,25,image_28,354.91638825
14,1,screening,178,55,50,image_56,356.61666925
14,1,screening,179,31,28,image_32,358.31638725
14,1,screening,180,65,59,image_66,359.99963625
14,1,screening,181,62,56,image_63,361.68307325
14,1,screening,182,34,31,image_35,365.46647824999997
14,1,screening,183,13,12,image_14,367.18297724999996
14,1,screening,184,57,52,image_58,368.83291425
14,1,screening,185,23,21,image_24,370.53288225
14,1,screening,186,63,57,image_64,372.18288225
14,1,screening,187,32,29,image_33,373.84950625
14,1,screening,188,67,61,image_68,375.54953624999996
14,1,screening,189,23,21,image_24,377.26612925
14,1,screening,190,32,29,image_33,378.90000425
14,1,screening,191,43,39,image_44,380.63278425
14,1,screening,192,35,32,image_36,382.34947124999997
14,1,screening,193,64,58,image_65,384.03272024999995
14,1,screening,194,12,11,image_13,385.71603224999996
14,1,screening,195,65,59,image_66,387.39934424999996
14,1,screening,196,24,22,image_25,389.06603125
14,1,screening,197,38,35,image_39,390.74934325
14,1,screening,198,52,47,image_53,392.43262325
14,1,screening,199,66,60,image_67,394.14927925
14,1,screening,200,41,37,image_42,395.86596625
14,1,screening,201,67,61,image_68,397.56590324999996
14,1,screening,202,42,38,image_43,399.23268325
14,1,screening,203,37,34,image_38,400.94918225
14,1,screening,204,40,36,image_41,402.63252624999996
14,1,screening,205,62,56,image_63,404.29918125
14,1,screening,206,57,52,image_58,406.03246225
14,1,screening,207,28,26,image_29,407.74927325
14,1,screening,208,2,2,image_3,409.43255425
14,1,screening,209,10,9,image_11,411.13246025
14,1,screening,210,56,51,image_57,412.81577124999995
14,1,screening,211,45,41,image_46,414.46574024999995
14,1,screening,212,34,31,image_35,416.13239525
14,1,screening,213,61,55,image_62,417.81570725
14,1,screening,214,51,46,image_52,419.48242525
14,1,screening,215,0,0,image_1,421.19901825
14,1,screening,216,26,24,image_27,424.34898625
14,1,screening,217,36,33,image_37,425.99892224999996
14,1,screening,218,53,48,image_54,427.64889024999997
14,1,screening,219,3,3,image_4,429.29885924999996
14,1,screening,220,48,44,image_49,430.98220225
14,1,screening,221,50,45,image_51,432.64885725
14,1,screening,222,46,42,image_47,434.38216925
14,1,screening,223,30,27,image_31,436.06548125
14,1,screening,224,58,53,image_59,437.71551124999996
14,1,screening,225,5,5,image_6,439.43260525
14,1,screening,226,22,20,image_23,441.16538525
14,1,screening,227,20,18,image_21,442.84879125
14,1,screening,228,8,8,image_9,444.49869624999997
14,1,screening,229,33,30,image_34,446.16535224999996
14,1,screening,230,68,62,image_69,447.83219525
14,1,screening,231,13,12,image_14,451.33272524999995
14,1,screening,232,31,28,image_32,452.99863024999996
14,1,screening,233,44,40,image_45,454.69859825
14,1,screening,234,60,54,image_61,456.39856625
14,1,screening,235,14,13,image_15,458.04853525
14,1,screening,236,11,10,image_12,459.69862824999996
14,1,screening,237,47,43,image_48,461.36522125
14,1,screening,238,15,14,image_16,463.03197025
14,1,screening,239,7,7,image_8,464.71515725
14,1,screening,240,18,17,image_19,466.39843725
14,1,screening,241,1,1,image_2,468.03174924999996
14,1,screening,242,27,25,image_28,469.68278024999995
14,1,screening,243,6,6,image_7,471.39849825
14,1,screening,244,54,49,image_55,476.54840225
14,1,screening,245,25,23,image_26,478.26555824999997
14,1,screening,246,55,50,image_56,479.96518225
14,1,screening,247,16,15,image_17,481.64827525
14,1,screening,248,4,4,image_5,483.33158725
14,1,screening,249,21,19,image_22,484.98158624999996
14,1,screening,250,63,57,image_64,486.66492925
14,1,screening,251,17,16,image_18,488.39821025
14,1,screening,252,24,22,image_25,490.08152225
14,1,screening,253,16,15,image_17,491.76483325
14,1,screening,254,1,1,image_2,493.41480225
14,1,screening,255,31,28,image_32,495.09811325
14,1,screening,256,51,46,image_52,496.79820624999996
14,1,screening,257,5,5,image_6,498.49811224999996
14,1,screening,258,47,43,image_48,500.16476824999995
14,1,screening,259,61,55,image_62,501.83145425
14,1,screening,260,36,33,image_37,505.18139125
14,1,screening,261,15,14,image_16,506.81460925
14,1,screening,262,68,62,image_69,508.53126425
14,1,screening,263,54,49,image_55,510.26460725
14,1,screening,264,32,29,image_33,511.98129424999996
14,1,screening,265,13,12,image_14,513.61498125
14,1,screening,266,48,44,image_49,515.28119925
14,1,screening,267,65,59,image_66,516.9478232499999
14,1,screening,268,55,50,image_56,518.64788525
14,1,screening,269,42,38,image_43,520.29776025
14,1,screening,270,20,18,image_21,521.9978532499999
14,1,screening,271,67,61,image_68,530.54856825
14,1,screening,272,18,17,image_19,532.2475362499999
14,1,screening,273,34,31,image_35,533.93087925
14,1,screening,274,21,19,image_22,535.6475352499999
14,1,screening,275,53,48,image_54,537.34753425
14,1,screening,276,28,26,image_29,539.06415825
14,1,screening,277,50,45,image_51,540.78075125
14,1,screening,278,14,13,image_15,542.44740725
14,1,screening,279,43,39,image_44,546.71409325
14,1,screening,280,30,27,image_31,548.36390525
14,1,screening,281,44,40,image_45,549.99718525
14,1,screening,282,22,20,image_23,551.71384125
14,1,screening,283,58,53,image_59,553.39715225
14,1,screening,284,12,11,image_13,555.0804332499999
14,1,screening,285,52,47,image_53,562.79696125
14,1,screening,286,38,35,image_39,564.49689825
14,1,screening,287,26,24,image_27,566.19686625
14,1,screening,288,64,58,image_65,567.91349025
14,1,screening,289,0,0,image_1,569.63017725
14,1,screening,290,66,60,image_67,571.31352025
14,1,screening,291,23,21,image_24,572.96342625
14,1,screening,292,33,30,image_34,576.76345625
14,1,screening,293,57,52,image_58,578.47995525
14,1,screening,294,40,36,image_41,580.11323625
14,1,screening,295,3,3,image_4,581.79654725
14,1,screening,296,63,57,image_64,583.44651525
14,1,screening,297,4,4,image_5,585.17989025
14,1,screening,298,62,56,image_63,586.87979525
14,1,screening,299,45,41,image_46,588.56310725
14,1,screening,300,11,10,image_12,590.24638825
14,1,screening,301,46,42,image_47,591.87966825
14,1,screening,302,25,23,image_26,593.57969925
14,1,screening,303,27,25,image_28,595.21307325
14,1,screening,304,10,9,image_11,596.84622925
14,1,screening,305,6,6,image_7,598.52954125
14,1,screening,306,35,32,image_36,600.16335225
14,1,screening,307,56,51,image_57,601.8794772499999
14,1,screening,308,60,54,image_61,603.59610125
14,1,screening,309,2,2,image_3,605.29610025
14,1,screening,310,7,7,image_8,606.94603725
14,1,screening,311,17,16,image_18,608.64603725
14,1,screening,312,8,8,image_9,610.32934825
14,1,screening,313,37,34,image_38,612.06259825
14,1,screening,314,41,37,image_42,613.76256625
14,1,screening,315,35,32,image_36,615.47922125
14,1,screening,316,6,6,image_7,617.16253325
14,1,screening,317,20,18,image_21,618.8460642499999
14,1,screening,318,36,33,image_37,623.11256225
14,1,screening,319,62,56,image_63,624.7457802499999
14,1,screening,320,4,4,image_5,626.39562325
14,1,screening,321,48,44,image_49,628.04562325
14,1,screening,322,17,16,image_18,629.71293425
14,1,screening,323,2,2,image_3,631.42893425
14,1,screening,324,63,57,image_64,633.14552725
14,1,screening,325,25,23,image_26,634.7788392499999
14,1,screening,326,64,58,image_65,636.44555725
14,1,screening,327,24,22,image_25,638.12890025
14,1,screening,328,10,9,image_11,639.81205525
14,1,screening,329,13,12,image_14,641.5119922499999
14,1,screening,330,54,49,image_55,643.21202325
14,1,screening,331,30,27,image_31,644.8786162499999
14,1,screening,332,55,50,image_56,646.5619282499999
14,1,screening,333,68,62,image_69,648.19523925
14,1,screening,334,8,8,image_9,649.92848925
14,1,screening,335,0,0,image_1,651.5784572499999
14,1,screening,336,3,3,image_4,653.22842525
14,1,screening,337,44,40,image_45,654.8950492499999
14,1,screening,338,33,30,image_34,658.54501725
14,1,screening,339,16,15,image_17,660.22829725
14,1,screening,340,18,17,image_19,661.89498425
14,1,screening,341,11,10,image_12,663.62823325
14,1,screening,342,15,14,image_16,665.3449832499999
14,1,screening,343,51,46,image_52,666.97873225
14,1,screening,344,32,29,image_33,668.67813725
14,1,screening,345,47,43,image_48,670.32919925
14,1,screening,346,5,5,image_6,672.01141725
14,1,screening,347,12,11,image_13,673.69472925
14,1,screening,348,57,52,image_58,675.4280102499999
14,1,screening,349,21,19,image_22,677.09469725
14,1,screening,350,40,36,image_41,678.82797725
14,1,screening,351,28,26,image_29,680.4945702499999
14,1,screening,352,56,51,image_57,682.1946322499999
14,1,screening,353,46,42,image_47,683.89450625
14,1,screening,354,38,35,image_39,685.5777872499999
14,1,screening,355,52,47,image_53,687.2778492499999
14,1,screening,356,23,21,image_24,688.9777232499999
14,1,screening,357,37,34,image_38,694.91100225
14,1,screening,358,67,61,image_68,696.56090825
14,1,screening,359,45,41,image_46,698.29425125
14,1,screening,360,42,38,image_43,699.94415625
14,1,screening,361,41,37,image_42,701.57749925
14,1,screening,362,61,55,image_62,703.27756125
14,1,screening,363,53,48,image_54,704.99406025
14,1,screening,364,34,31,image_35,706.69406025
14,1,screening,365,22,20,image_23,708.34409025
14,1,screening,366,26,24,image_27,710.01062125
14,1,screening,367,50,45,image_51,711.69396425
14,1,screening,368,43,39,image_44,713.42736925
14,1,screening,369,65,59,image_66,715.07721325
14,1,screening,370,60,54,image_61,716.79383725
14,1,screening,371,31,28,image_32,718.49393025
14,1,screening,372,58,53,image_59,720.16049225
14,1,screening,373,1,1,image_2,721.8103972499999
14,1,screening,374,7,7,image_8,723.4775532499999
14,1,screening,375,27,25,image_28,725.1603652499999
14,1,screening,376,66,60,image_67,726.81033325
14,1,screening,377,14,13,image_15,728.49361325
14,2,sternberg,0,4,4,image_7,14.73964975
14,2,sternberg,1,0,0,image_25,16.15621175
14,2,sternberg,2,2,2,image_3,17.48955475
14,2,sternberg,3,4,4,image_7,21.29239775
14,2,sternberg,4,0,0,image_25,23.489427749999997
14,2,sternberg,5,1,1,image_4,24.872770749999997
14,2,sternberg,6,3,3,image_2,26.13986375
14,2,sternberg,7,0,0,image_25,30.109330749999998
14,2,sternberg,8,2,2,image_3,32.83929875
14,2,sternberg,9,4,4,image_7,34.15601675
14,2,sternberg,10,3,3,image_2,35.45592275
14,2,sternberg,11,1,1,image_4,39.44201475
14,2,sternberg,12,4,4,image_7,42.022513749999995
14,2,sternberg,13,0,0,image_25,43.40573175
14,2,sternberg,14,5,5,image_999,43.41573175
14,2,sternberg,15,2,2,image_3,47.358667749999995
14,2,sternberg,16,4,4,image_7,49.055792749999995
14,2,sternberg,17,1,1,image_4,50.38894775
14,2,sternberg,18,5,5,image_999,50.39894775
14,2,sternberg,19,4,4,image_7,54.39428975
14,2,sternberg,20,3,3,image_2,56.42219575
14,2,sternberg,21,1,1,image_4,57.65550775
14,2,sternberg,22,5,5,image_999,57.665507749999996
14,2,sternberg,23,1,1,image_4,61.50841275
14,2,sternberg,24,0,0,image_25,64.70544275
14,2,sternberg,25,1,1,image_4,65.97200475
14,2,sternberg,26,5,5,image_999,65.98200475
14,2,sternberg,27,3,3,image_2,69.87481475
14,2,sternberg,28,2,2,image_3,71.73868974999999
14,2,sternberg,29,3,3,image_2,73.05525175
14,2,sternberg,30,0,0,image_25,74.30512575
14,2,sternberg,31,4,4,image_7,78.19149974999999
14,2,sternberg,32,1,1,image_4,80.17177975
14,2,sternberg,33,2,2,image_3,81.60509175
14,2,sternberg,34,4,4,image_7,82.83902875
14,2,sternberg,35,3,3,image_2,86.69124575
14,2,sternberg,36,1,1,image_4,88.60499475
14,2,sternberg,37,2,2,image_3,89.98843174999999
14,2,sternberg,38,5,5,image_999,89.99843175
14,2,sternberg,39,3,3,image_2,93.92455575
14,2,sternberg,40,1,1,image_4,96.05489874999999
14,2,sternberg,41,5,5,image_999,96.06489875
14,2,sternberg,42,5,5,image_999,96.07489875
14,2,sternberg,43,1,1,image_4,99.99124074999999
14,2,sternberg,44,0,0,image_25,101.68814574999999
14,2,sternberg,45,5,5,image_999,101.69814575
14,2,sternberg,46,5,5,image_999,101.70814575
14,2,sternberg,47,0,0,image_25,105.54114475
14,2,sternberg,48,3,3,image_2,107.03801874999999
14,2,sternberg,49,5,5,image_999,107.04801875
14,2,sternberg,50,5,5,image_999,107.05801875
14,2,sternberg,51,3,3,image_2,111.02423574999999
14,2,sternberg,52,2,2,image_3,112.75470475
14,2,sternberg,53,4,4,image_7,113.98835975
14,2,sternberg,54,3,3,image_2,115.25451575
14,2,sternberg,55,0,0,image_25,119.04173275
14,2,sternberg,56,0,0,image_25,121.03779474999999
14,2,sternberg,57,1,1,image_4,122.43788774999999
14,2,sternberg,58,3,3,image_2,123.85448075
14,2,sternberg,59,2,2,image_3,127.75729175
14,2,sternberg,60,4,4,image_7,130.82097875
14,2,sternberg,61,5,5,image_999,130.83097874999999
14,2,sternberg,62,5,5,image_999,130.84097874999998
14,2,sternberg,63,4,4,image_7,134.67375775
14,2,sternberg,64,4,4,image_7,136.33753875
14,2,sternberg,65,5,5,image_999,136.34753874999998
14,2,sternberg,66,5,5,image_999,136.35753874999997
14,2,sternberg,67,1,1,image_4,140.12388074999998
14,2,sternberg,68,3,3,image_2,142.17087974999998
14,2,sternberg,69,5,5,image_999,142.18087974999997
14,2,sternberg,70,5,5,image_999,142.19087974999997
14,2,sternberg,71,1,1,image_4,145.95687875
14,2,sternberg,72,4,4,image_7,147.75418975
14,2,sternberg,73,2,2,image_3,148.98725174999998
14,2,sternberg,74,3,3,image_2,150.25397074999998
14,2,sternberg,75,4,4,image_7,154.22353175
14,2,sternberg,76,1,1,image_4,156.38721775
14,2,sternberg,77,0,0,image_25,157.67049874999998
14,2,sternberg,78,5,5,image_999,157.68049874999997
14,2,sternberg,79,0,0,image_25,161.59090375
14,2,sternberg,80,2,2,image_3,163.45380874999998
14,2,sternberg,81,4,4,image_7,164.80383974999998
14,2,sternberg,82,0,0,image_25,166.18712075
14,2,sternberg,83,2,2,image_3,170.05668175
14,2,sternberg,84,1,1,image_4,171.83705575
14,2,sternberg,85,2,2,image_3,173.15361775
14,2,sternberg,86,3,3,image_2,174.43689874999998
14,2,sternberg,87,4,4,image_7,178.33970875
14,2,sternberg,88,4,4,image_7,181.37017674999998
14,2,sternberg,89,5,5,image_999,181.38017674999998
14,2,sternberg,90,5,5,image_999,181.39017674999997
14,2,sternberg,91,2,2,image_3,185.27298775
14,2,sternberg,92,4,4,image_7,187.12014274999999
14,2,sternberg,93,2,2,image_3,188.52011174999998
14,2,sternberg,94,5,5,image_999,188.53011174999997
14,2,sternberg,95,4,4,image_7,192.43948475
14,2,sternberg,96,1,1,image_4,194.43657775
14,2,sternberg,97,5,5,image_999,194.44657775
14,2,sternberg,98,5,5,image_999,194.45657774999998
14,2,sternberg,99,1,1,image_4,198.32282575
14,2,sternberg,100,3,3,image_2,199.93651275
14,2,sternberg,101,1,1,image_4,201.20313775
14,2,sternberg,102,0,0,image_25,202.46973075
14,2,sternberg,103,1,1,image_4,206.33922875
14,2,sternberg,104,3,3,image_2,208.30304074999998
14,2,sternberg,105,5,5,image_999,208.31304074999997
14,2,sternberg,106,5,5,image_999,208.32304074999996
14,2,sternberg,107,2,2,image_3,212.33919575
14,2,sternberg,108,1,1,image_4,214.26956975
14,2,sternberg,109,4,4,image_7,215.56978775
14,2,sternberg,110,5,5,image_999,215.57978774999998
14,2,sternberg,111,4,4,image_7,219.47234874999998
14,2,sternberg,112,0,0,image_25,221.25291074999998
14,2,sternberg,113,5,5,image_999,221.26291074999997
14,2,sternberg,114,5,5,image_999,221.27291074999997
14,2,sternberg,115,0,0,image_25,225.05572175
14,2,sternberg,116,0,0,image_25,226.60278375
14,2,sternberg,117,3,3,image_2,227.85272075
14,2,sternberg,118,5,5,image_999,227.86272075
14,2,sternberg,119,4,4,image_7,231.73843775
14,2,sternberg,120,0,0,image_25,233.61937475
14,2,sternberg,121,3,3,image_2,234.93596775
14,2,sternberg,122,2,2,image_3,236.27018575
14,2,sternberg,123,4,4,image_7,240.12221574999998
14,2,sternberg,124,3,3,image_2,242.20246475
14,2,sternberg,125,4,4,image_7,243.46918275
14,2,sternberg,126,5,5,image_999,243.47918274999998
14,2,sternberg,127,3,3,image_2,247.38886875
14,2,sternberg,128,0,0,image_25,249.15239975
14,2,sternberg,129,2,2,image_3,250.56905475
14,2,sternberg,130,5,5,image_999,250.57905474999998
14,2,sternberg,131,2,2,image_3,254.42186575
14,2,sternberg,132,0,0,image_25,256.10224074999996
14,2,sternberg,133,5,5,image_999,256.11224074999996
14,2,sternberg,134,5,5,image_999,256.12224074999995
14,2,sternberg,135,3,3,image_2,259.93861375
14,2,sternberg,136,3,3,image_2,262.23555075
14,2,sternberg,137,1,1,image_4,263.48539375
14,2,sternberg,138,0,0,image_25,264.83542475
14,2,sternberg,139,3,3,image_2,268.77164175
14,2,sternberg,140,2,2,image_3,270.83548475
14,2,sternberg,141,5,5,image_999,270.84548474999997
14,2,sternberg,142,5,5,image_999,270.85548474999996
14,2,sternberg,143,1,1,image_4,274.72163875
14,2,sternberg,144,4,4,image_7,276.70204474999997
14,2,sternberg,145,2,2,image_3,278.03526275
14,2,sternberg,146,5,5,image_999,278.04526275
14,2,sternberg,147,2,2,image_3,281.97229275
14,2,sternberg,148,4,4,image_7,283.80179175
14,2,sternberg,149,5,5,image_999,283.81179175
14,2,sternberg,150,5,5,image_999,283.82179175
14,2,sternberg,151,4,4,image_7,287.78810275
14,2,sternberg,152,1,1,image_4,289.61835175
14,2,sternberg,153,4,4,image_7,290.85160175
14,2,sternberg,154,0,0,image_25,292.16831974999997
14,2,sternberg,155,3,3,image_2,296.05475574999997
14,2,sternberg,156,4,4,image_7,298.16831774999997
14,2,sternberg,157,0,0,image_25,299.40153575
14,2,sternberg,158,5,5,image_999,299.41153575
14,2,sternberg,159,4,4,image_7,303.28765875
14,2,sternberg,160,2,2,image_3,304.88478375
14,2,sternberg,161,1,1,image_4,306.26818875
14,2,sternberg,162,0,0,image_25,307.65140775
14,2,sternberg,163,0,0,image_25,311.55543675
14,2,sternberg,164,3,3,image_2,313.63468574999996
14,2,sternberg,165,2,2,image_3,314.98471674999996
14,2,sternberg,166,5,5,image_999,314.99471674999995
14,2,sternberg,167,4,4,image_7,318.93755875
14,2,sternberg,168,4,4,image_7,320.73455874999996
14,2,sternberg,169,0,0,image_25,321.98465175
14,2,sternberg,170,3,3,image_2,323.25115074999997
14,2,sternberg,171,0,0,image_25,327.17286774999997
14,2,sternberg,172,2,2,image_3,328.93442975
14,2,sternberg,173,3,3,image_2,330.26771075
14,2,sternberg,174,5,5,image_999,330.27771075
14,2,sternberg,175,2,2,image_3,334.17077175
14,2,sternberg,176,1,1,image_4,335.93427075
14,2,sternberg,177,5,5,image_999,335.94427075
14,2,sternberg,178,5,5,image_999,335.95427075
14,2,sternberg,179,0,0,image_25,339.78720675
14,2,sternberg,180,3,3,image_2,341.66751875
14,2,sternberg,181,5,5,image_999,341.67751875
14,2,sternberg,182,5,5,image_999,341.68751875
14,2,sternberg,183,3,3,image_2,345.50367374999996
14,2,sternberg,184,4,4,image_7,348.26745374999996
14,2,sternberg,185,3,3,image_2,349.50067175
14,2,sternberg,186,5,5,image_999,349.51067175
14,2,sternberg,187,0,0,image_25,353.43707674999996
14,2,sternberg,188,2,2,image_3,355.60066975
14,2,sternberg,189,5,5,image_999,355.61066975
14,2,sternberg,190,5,5,image_999,355.62066975
14,2,sternberg,191,2,2,image_3,359.53682375
14,2,sternberg,192,1,1,image_4,361.40066674999997
14,2,sternberg,193,2,2,image_3,362.73397875
14,2,sternberg,194,5,5,image_999,362.74397875
14,2,sternberg,195,4,4,image_7,366.68669574999996
14,2,sternberg,196,1,1,image_4,368.63378875
14,2,sternberg,197,5,5,image_999,368.64378875
14,2,sternberg,198,5,5,image_999,368.65378875
14,2,sternberg,199,3,3,image_2,372.43656875
14,2,sternberg,200,4,4,image_7,375.85034874999997
14,2,sternberg,201,2,2,image_3,377.11697275
14,2,sternberg,202,5,5,image_999,377.12697275
14,2,sternberg,203,1,1,image_4,380.98647174999996
14,2,sternberg,204,4,4,image_7,382.98353375
14,2,sternberg,205,2,2,image_3,384.33346975
14,2,sternberg,206,5,5,image_999,384.34346975
14,2,sternberg,207,4,4,image_7,388.16971874999996
14,2,sternberg,208,3,3,image_2,390.15056175
14,2,sternberg,209,4,4,image_7,391.50009274999996
14,2,sternberg,210,2,2,image_3,392.76674775
14,2,sternberg,211,0,0,image_25,396.65290275
14,2,sternberg,212,2,2,image_3,399.26665175
14,2,sternberg,213,5,5,image_999,399.27665175
14,2,sternberg,214,5,5,image_999,399.28665175
14,2,sternberg,215,3,3,image_2,403.15286875
14,2,sternberg,216,2,2,image_3,405.83324274999995
14,2,sternberg,217,4,4,image_7,407.18321075
14,2,sternberg,218,5,5,image_999,407.19321075
14,2,sternberg,219,0,0,image_25,411.05264675
14,2,sternberg,220,0,0,image_25,413.51658375
14,2,sternberg,221,1,1,image_4,414.86642674999996
14,2,sternberg,222,5,5,image_999,414.87642674999995
14,2,sternberg,223,1,1,image_4,418.66929975
14,2,sternberg,224,2,2,image_3,420.41626775
14,2,sternberg,225,3,3,image_2,421.73304874999997
14,2,sternberg,226,5,5,image_999,421.74304874999996
14,2,sternberg,227,0,0,image_25,425.56904775
14,2,sternberg,228,2,2,image_3,427.41617175
14,2,sternberg,229,5,5,image_999,427.42617175
14,2,sternberg,230,5,5,image_999,427.43617174999997
14,2,sternberg,231,1,1,image_4,431.28566974999995
14,2,sternberg,232,0,0,image_25,433.41616975
14,2,sternberg,233,3,3,image_2,434.76610575
14,2,sternberg,234,1,1,image_4,436.06626174999997
14,2,sternberg,235,1,1,image_4,440.06894775
14,2,sternberg,236,4,4,image_7,441.93257174999997
14,2,sternberg,237,5,5,image_999,441.94257174999996
14,2,sternberg,238,5,5,image_999,441.95257174999995
14,2,sternberg,239,3,3,image_2,445.76878975
14,2,sternberg,240,3,3,image_2,448.43253875
14,2,sternberg,241,2,2,image_3,449.71581875
14,2,sternberg,242,4,4,image_7,450.96572475
14,2,sternberg,243,3,3,image_2,454.81872275
14,2,sternberg,244,4,4,image_7,456.73234775
14,2,sternberg,245,0,0,image_25,458.06565974999995
14,2,sternberg,246,1,1,image_4,459.48231475
14,2,sternberg,247,3,3,image_2,463.45171975
14,2,sternberg,248,3,3,image_2,465.48278174999996
14,2,sternberg,249,5,5,image_999,465.49278174999995
14,2,sternberg,250,5,5,image_999,465.50278174999994
14,2,sternberg,251,3,3,image_2,469.43571775
14,2,sternberg,252,0,0,image_25,471.28212275
14,2,sternberg,253,5,5,image_999,471.29212275
14,2,sternberg,254,5,5,image_999,471.30212274999997
14,2,sternberg,255,0,0,image_25,475.25158975
14,2,sternberg,256,3,3,image_2,477.68218275
14,2,sternberg,257,5,5,image_999,477.69218275
14,2,sternberg,258,5,5,image_999,477.70218274999996
14,2,sternberg,259,4,4,image_7,481.50161875
14,2,sternberg,260,3,3,image_2,492.74845775
14,2,sternberg,261,0,0,image_25,494.06511374999997
14,2,sternberg,262,4,4,image_7,495.38186275
14,2,sternberg,263,2,2,image_3,499.30129875
14,2,sternberg,264,1,1,image_4,501.89839175
14,2,sternberg,265,5,5,image_999,501.90839174999996
14,2,sternberg,266,5,5,image_999,501.91839174999996
14,2,sternberg,267,1,1,image_4,505.66779675
14,2,sternberg,268,0,0,image_25,507.41488975
14,2,sternberg,269,4,4,image_7,508.71492075
14,2,sternberg,270,2,2,image_3,510.06485775
14,2,sternberg,271,1,1,image_4,513.93454275
14,2,sternberg,272,3,3,image_2,577.01383075
14,2,sternberg,273,0,0,image_25,578.28045475
14,2,sternberg,274,5,5,image_999,578.29045475
14,2,sternberg,275,3,3,image_2,582.10010975
14,2,sternberg,276,2,2,image_3,584.5138587499999
14,2,sternberg,277,5,5,image_999,584.5238587499999
14,2,sternberg,278,5,5,image_999,584.5338587499999
14,2,sternberg,279,1,1,image_4,588.41657575
14,2,sternberg,280,4,4,image_7,591.4969807499999
14,2,sternberg,281,5,5,image_999,591.5069807499999
14,2,sternberg,282,5,5,image_999,591.5169807499999
14,2,sternberg,283,4,4,image_7,595.44972875
14,2,sternberg,284,2,2,image_3,597.3967907499999
14,2,sternberg,285,4,4,image_7,598.74691575
14,2,sternberg,286,5,5,image_999,598.75691575
14,2,sternberg,287,2,2,image_3,602.63285175
14,2,sternberg,288,0,0,image_25,604.49669475
14,2,sternberg,289,5,5,image_999,604.50669475
14,2,sternberg,290,5,5,image_999,604.5166947499999
14,2,sternberg,291,1,1,image_4,608.43309875
14,2,sternberg,292,0,0,image_25,610.24669175
14,2,sternberg,293,2,2,image_3,611.59656675
14,2,sternberg,294,1,1,image_4,612.94647175
14,2,sternberg,295,3,3,image_2,616.8826897499999
14,2,sternberg,296,0,0,image_25,618.92978275
14,2,sternberg,297,1,1,image_4,620.34643775
14,2,sternberg,298,5,5,image_999,620.3564377499999
14,2,sternberg,299,3,3,image_2,624.28287375
14,2,sternberg,300,0,0,image_25,626.34637275
14,2,sternberg,301,1,1,image_4,627.67962275
14,2,sternberg,302,2,2,image_3,629.04627775
14,2,sternberg,303,4,4,image_7,632.9991827499999
14,2,sternberg,304,4,4,image_7,635.46283775
14,2,sternberg,305,5,5,image_999,635.4728377499999
14,2,sternberg,306,5,5,image_999,635.4828377499999
14,2,sternberg,307,4,4,image_7,639.2663367499999
14,2,sternberg,308,1,1,image_4,641.07946075
14,2,sternberg,309,5,5,image_999,641.08946075
14,2,sternberg,310,5,5,image_999,641.0994607499999
14,2,sternberg,311,0,0,image_25,645.03227175
14,2,sternberg,312,1,1,image_4,649.37930175
14,2,sternberg,313,2,2,image_3,650.6292697499999
14,2,sternberg,314,5,5,image_999,650.6392697499999
14,2,sternberg,315,0,0,image_25,654.53220575
14,2,sternberg,316,1,1,image_4,657.3292047499999
14,2,sternberg,317,2,2,image_3,658.6458917499999
14,2,sternberg,318,3,3,image_2,659.94589075
14,2,sternberg,319,3,3,image_2,663.9156077499999
14,2,sternberg,320,1,1,image_4,665.94566975
14,2,sternberg,321,0,0,image_25,667.2957007499999
14,2,sternberg,322,5,5,image_999,667.3057007499999
14,2,sternberg,323,4,4,image_7,671.09894875
14,2,sternberg,324,0,0,image_25,674.64563475
14,2,sternberg,325,4,4,image_7,676.0121967499999
14,2,sternberg,326,5,5,image_999,676.0221967499999
14,2,sternberg,327,1,1,image_4,679.90028875
14,2,sternberg,328,1,1,image_4,683.4455997499999
14,2,sternberg,329,3,3,image_2,684.7621937499999
14,2,sternberg,330,5,5,image_999,684.7721937499999
14,2,sternberg,331,0,0,image_25,688.54819175
14,2,sternberg,332,0,0,image_25,691.74528475
14,2,sternberg,333,3,3,image_2,693.12862775
14,2,sternberg,334,5,5,image_999,693.13862775
14,2,sternberg,335,0,0,image_25,697.0647507499999
14,2,sternberg,336,2,2,image_3,699.04521875
14,2,sternberg,337,1,1,image_4,700.42846875
14,2,sternberg,338,5,5,image_999,700.43846875
14,2,sternberg,339,1,1,image_4,704.36627875
14,2,sternberg,340,3,3,image_2,706.42837175
14,2,sternberg,341,0,0,image_25,707.71268375
14,2,sternberg,342,1,1,image_4,709.0783397499999
14,2,sternberg,343,1,1,image_4,712.99777575
14,2,sternberg,344,2,2,image_3,715.01168075
14,2,sternberg,345,5,5,image_999,715.02168075
14,2,sternberg,346,5,5,image_999,715.03168075
14,2,sternberg,347,2,2,image_3,719.01436675
14,2,sternberg,348,1,1,image_4,720.71152275
14,2,sternberg,349,2,2,image_3,721.97814675
14,2,sternberg,350,5,5,image_999,721.9881467499999
14,2,sternberg,351,4,4,image_7,725.88289575
14,2,sternberg,352,4,4,image_7,729.79486275
14,2,sternberg,353,5,5,image_999,729.80486275
14,2,sternberg,354,5,5,image_999,729.81486275
14,2,sternberg,355,2,2,image_3,733.64817375
14,2,sternberg,356,3,3,image_2,736.07804775
14,2,sternberg,357,0,0,image_25,737.41123475
14,2,sternberg,358,5,5,image_999,737.4212347499999
14,2,sternberg,359,3,3,image_2,741.2472957499999
14,2,sternberg,360,4,4,image_7,743.76113875
14,2,sternberg,361,3,3,image_2,745.09454375
14,2,sternberg,362,2,2,image_3,746.5110747499999
14,2,sternberg,363,2,2,image_3,750.4646047499999
14,2,sternberg,364,2,2,image_3,752.7277907499999
14,2,sternberg,365,1,1,image_4,753.96088475
14,2,sternberg,366,5,5,image_999,753.97088475
14,2,sternberg,367,2,2,image_3,757.9471327499999
14,2,sternberg,368,2,2,image_3,759.92766275
14,2,sternberg,369,5,5,image_999,759.93766275
14,2,sternberg,370,5,5,image_999,759.94766275
14,2,sternberg,371,2,2,image_3,763.86375575
14,2,sternberg,372,0,0,image_25,768.56075375
14,2,sternberg,373,3,3,image_2,769.96072175
14,2,sternberg,374,5,5,image_999,769.9707217499999
14,2,sternberg,375,2,2,image_3,773.9301577499999
14,2,sternberg,376,3,3,image_2,776.1106257499999
14,2,sternberg,377,4,4,image_7,777.46071875
14,2,sternberg,378,5,5,image_999,777.47071875
14,2,sternberg,379,0,0,image_25,781.4300607499999
14,2,sternberg,380,1,1,image_4,784.79393475
14,2,sternberg,381,0,0,image_25,786.14380875
14,2,sternberg,382,2,2,image_3,787.56043375
14,2,sternberg,383,4,4,image_7,791.4307447499999
14,2,sternberg,384,0,0,image_25,794.5436807499999
14,2,sternberg,385,5,5,image_999,794.5536807499999
14,2,sternberg,386,5,5,image_999,794.5636807499999
14,2,sternberg,387,0,0,image_25,798.49717875
14,2,sternberg,388,3,3,image_2,800.1436787499999
14,2,sternberg,389,5,5,image_999,800.1536787499999
14,2,sternberg,390,5,5,image_999,800.1636787499999
14,2,sternberg,391,4,4,image_7,804.06314575
14,2,sternberg,392,1,1,image_4,806.14348875
14,2,sternberg,393,5,5,image_999,806.15348875
14,2,sternberg,394,5,5,image_999,806.1634887499999
14,2,sternberg,395,3,3,image_2,809.9463617499999
14,2,sternberg,396,3,3,image_2,811.8600487499999
14,2,sternberg,397,4,4,image_7,813.21004775
14,2,sternberg,398,5,5,image_999,813.2200477499999
14,2,sternberg,399,0,0,image_25,817.0629527499999
14,2,sternberg,400,1,1,image_4,819.32667075
14,2,sternberg,401,3,3,image_2,820.64326375
14,2,sternberg,402,4,4,image_7,821.8932317499999
14,2,sternberg,403,1,1,image_4,825.84616775
14,2,sternberg,404,4,4,image_7,829.2932287499999
14,2,sternberg,405,3,3,image_2,830.62644775
14,2,sternberg,406,5,5,image_999,830.63644775
14,2,sternberg,407,3,3,image_2,834.5471017499999
14,2,sternberg,408,0,0,image_25,837.3273507499999
14,2,sternberg,409,1,1,image_4,838.5763187499999
14,2,sternberg,410,5,5,image_999,838.5863187499999
14,2,sternberg,411,3,3,image_2,842.36281775
14,2,sternberg,412,0,0,image_25,847.02622175
14,2,sternberg,413,2,2,image_3,848.44290875
14,2,sternberg,414,4,4,image_7,849.8095647499999
14,2,sternberg,415,0,0,image_25,853.71265675
14,2,sternberg,416,2,2,image_3,855.82606175
14,2,sternberg,417,0,0,image_25,857.22603075
14,2,sternberg,418,4,4,image_7,858.60931075
14,2,sternberg,419,0,0,image_25,862.47884075
14,2,sternberg,420,3,3,image_2,866.34255775
14,2,sternberg,421,4,4,image_7,867.75924475
14,2,sternberg,422,5,5,image_999,867.76924475
14,2,sternberg,423,1,1,image_4,871.59549375
14,2,sternberg,424,2,2,image_3,875.05917975
14,2,sternberg,425,3,3,image_2,876.29230375
14,2,sternberg,426,5,5,image_999,876.30230375
14,2,sternberg,427,4,4,image_7,880.27852075
14,2,sternberg,428,1,1,image_4,882.75901975
14,2,sternberg,429,4,4,image_7,883.9922067499999
14,2,sternberg,430,2,2,image_3,885.25889375
14,2,sternberg,431,4,4,image_7,889.1779547499999
14,2,sternberg,432,2,2,image_3,891.35879775
14,2,sternberg,433,5,5,image_999,891.36879775
14,2,sternberg,434,5,5,image_999,891.37879775
14,2,sternberg,435,2,2,image_3,895.2950777499999
14,2,sternberg,436,4,4,image_7,896.87538975
14,2,sternberg,437,2,2,image_3,898.1921387499999
14,2,sternberg,438,1,1,image_4,899.57535675
14,2,sternberg,439,0,0,image_25,903.51173075
14,2,sternberg,440,3,3,image_2,905.59201075
14,2,sternberg,441,5,5,image_999,905.60201075
14,2,sternberg,442,5,5,image_999,905.61201075
14,2,sternberg,443,2,2,image_3,909.47894675
14,2,sternberg,444,1,1,image_4,913.67513275
14,2,sternberg,445,4,4,image_7,915.04175675
14,2,sternberg,446,5,5,image_999,915.05175675
14,2,sternberg,447,1,1,image_4,918.97800575
14,2,sternberg,448,0,0,image_25,921.14169175
14,2,sternberg,449,5,5,image_999,921.1516917499999
14,2,sternberg,450,5,5,image_999,921.1616917499999
14,2,sternberg,451,3,3,image_2,925.0278777499999
14,2,sternberg,452,4,4,image_7,929.25821975
14,2,sternberg,453,5,5,image_999,929.26821975
14,2,sternberg,454,5,5,image_999,929.27821975
14,2,sternberg,455,4,4,image_7,933.12853075
14,2,sternberg,456,4,4,image_7,935.8414987499999
14,2,sternberg,457,2,2,image_3,937.1580917499999
14,2,sternberg,458,3,3,image_2,938.39137275
14,2,sternberg,459,3,3,image_2,942.34443375
14,2,sternberg,460,3,3,image_2,944.4914017499999
14,2,sternberg,461,4,4,image_7,945.74127575
14,2,sternberg,462,1,1,image_4,947.1746197499999
14,2,sternberg,463,0,0,image_25,951.02749275
14,2,sternberg,464,2,2,image_3,953.1078357499999
14,2,sternberg,465,3,3,image_2,954.4411477499999
14,2,sternberg,466,4,4,image_7,955.82445975
14,2,sternberg,467,4,4,image_7,959.7106457499999
14,2,sternberg,468,1,1,image_4,962.3577067499999
14,2,sternberg,469,5,5,image_999,962.3677067499999
14,2,sternberg,470,5,5,image_999,962.3777067499999
14,2,sternberg,471,4,4,image_7,966.22742375
14,2,sternberg,472,2,2,image_3,969.12426675
14,2,sternberg,473,0,0,image_25,970.50764075
14,2,sternberg,474,5,5,image_999,970.5176407499999
14,2,sternberg,475,2,2,image_3,974.27717075
14,2,sternberg,476,4,4,image_7,981.2241997499999
14,2,sternberg,477,1,1,image_4,982.5908237499999
14,2,sternberg,478,0,0,image_25,983.95747975
14,2,sternberg,479,2,2,image_3,987.89357175
14,2,sternberg,480,3,3,image_2,990.30725775
14,2,sternberg,481,1,1,image_4,991.54050775
14,2,sternberg,482,5,5,image_999,991.55050775
14,2,sternberg,483,3,3,image_2,995.47669375
14,2,sternberg,484,3,3,image_2,997.3072237499999
14,2,sternberg,485,1,1,image_4,998.55712975
14,2,sternberg,486,0,0,image_25,999.8904417499999
14,2,sternberg,487,2,2,image_3,1003.82656575
14,2,sternberg,488,1,1,image_4,1006.02365775
14,2,sternberg,489,5,5,image_999,1006.03365775
14,2,sternberg,490,5,5,image_999,1006.04365775
14,2,sternberg,491,1,1,image_4,1009.81021875
14,2,sternberg,492,0,0,image_25,1014.3736547499999
14,2,sternberg,493,5,5,image_999,1014.3836547499999
14,2,sternberg,494,5,5,image_999,1014.3936547499999
14,2,sternberg,495,0,0,image_25,1018.21196575
14,2,sternberg,496,1,1,image_4,1022.69011975
14,2,sternberg,497,3,3,image_2,1023.97421375
14,2,sternberg,498,0,0,image_25,1025.3233687499999
14,2,sternberg,499,3,3,image_2,1029.29296175
14,2,sternberg,500,2,2,image_3,1031.22342975
14,2,sternberg,501,0,0,image_25,1032.6399287499999
14,2,sternberg,502,5,5,image_999,1032.6499287499998
14,2,sternberg,503,1,1,image_4,1036.57623975
14,2,sternberg,504,2,2,image_3,1040.65651875
14,2,sternberg,505,4,4,image_7,1042.00648775
14,2,sternberg,506,3,3,image_2,1043.38986175
14,2,sternberg,507,3,3,image_2,1047.22604775
14,2,sternberg,508,0,0,image_25,1049.15632875
14,2,sternberg,509,5,5,image_999,1049.16632875
14,2,sternberg,510,5,5,image_999,1049.17632875
14,2,sternberg,511,2,2,image_3,1053.02585775
14,2,sternberg,512,2,2,image_3,1054.82291975
14,2,sternberg,513,5,5,image_999,1054.83291975
14,2,sternberg,514,5,5,image_999,1054.84291975
14,2,sternberg,515,2,2,image_3,1058.69254275
14,2,sternberg,516,4,4,image_7,1061.90613575
14,2,sternberg,517,0,0,image_25,1063.23950975
14,2,sternberg,518,1,1,image_4,1064.4894467499998
14,2,sternberg,519,2,2,image_3,1068.34219575
14,2,sternberg,520,3,3,image_2,1070.32266375
14,2,sternberg,521,1,1,image_4,1071.67266275
14,2,sternberg,522,2,2,image_3,1073.08941275
14,2,sternberg,523,0,0,image_25,1076.99209875
14,2,sternberg,524,2,2,image_3,1079.3558477499998
14,2,sternberg,525,0,0,image_25,1080.60581575
14,2,sternberg,526,4,4,image_7,1082.02247175
14,2,sternberg,527,4,4,image_7,1085.84225075
14,2,sternberg,528,0,0,image_25,1087.78909375
14,2,sternberg,529,3,3,image_2,1089.08896875
14,2,sternberg,530,1,1,image_4,1090.37234275
14,2,sternberg,531,2,2,image_3,1094.19190375
14,2,sternberg,532,3,3,image_2,1100.97218275
14,2,sternberg,533,5,5,image_999,1100.98218275
14,2,sternberg,534,5,5,image_999,1100.99218275
14,2,sternberg,535,1,1,image_4,1104.7584937499998
14,2,sternberg,536,0,0,image_25,1109.23877275
14,2,sternberg,537,3,3,image_2,1110.48870975
14,2,sternberg,538,4,4,image_7,1111.7386777499999
14,2,sternberg,539,1,1,image_4,1115.5414577499998
15,1,screening,0,30,27,image_31,54.9341965
15,1,screening,1,25,23,image_26,56.6504775
15,1,screening,2,38,35,image_39,58.3671015
15,1,screening,3,16,15,image_17,60.017163499999995
15,1,screening,4,55,50,image_56,61.750350499999996
15,1,screening,5,43,39,image_44,63.450318499999995
15,1,screening,6,0,0,image_1,71.7334715
15,1,screening,7,40,36,image_41,73.40009549999999
15,1,screening,8,53,48,image_54,75.0834385
15,1,screening,9,46,42,image_47,76.81671949999999
15,1,screening,10,66,60,image_67,78.5499995
15,1,screening,11,18,17,image_19,80.19993649999999
15,1,screening,12,68,62,image_69,81.93324849999999
15,1,screening,13,11,10,image_12,83.6665605
15,1,screening,14,48,44,image_49,85.3499035
15,1,screening,15,17,16,image_18,87.06652749999999
15,1,screening,16,51,46,image_52,88.7164955
15,1,screening,17,1,1,image_2,90.3997455
15,1,screening,18,54,49,image_55,92.11643149999999
15,1,screening,19,13,12,image_14,93.8329935
15,1,screening,20,35,32,image_36,95.56633649999999
15,1,screening,21,44,40,image_45,97.2662735
15,1,screening,22,22,20,image_23,98.8996165
15,1,screening,23,27,25,image_28,100.6162725
15,1,screening,24,32,29,image_33,102.3495215
15,1,screening,25,60,54,image_61,104.04948949999999
15,1,screening,26,2,2,image_3,105.76611349999999
15,1,screening,27,4,4,image_5,107.4660815
15,1,screening,28,33,30,image_34,109.1327065
15,1,screening,29,31,28,image_32,110.83270549999999
15,1,screening,30,37,34,image_38,112.4826425
15,1,screening,31,42,38,image_43,114.1826105
15,1,screening,32,6,6,image_7,123.56582549999999
15,1,screening,33,3,3,image_4,125.2324185
15,1,screening,34,58,53,image_59,126.8657305
15,1,screening,35,56,51,image_57,128.5157295
15,1,screening,36,26,24,image_27,130.23232249999998
15,1,screening,37,45,41,image_46,131.9322905
15,1,screening,38,64,58,image_65,133.5988835
15,1,screening,39,8,8,image_9,135.3322895
15,1,screening,40,61,55,image_62,136.9655075
15,1,screening,41,62,56,image_63,138.6488195
15,1,screening,42,20,18,image_21,146.9156595
15,1,screening,43,14,13,image_15,148.6320345
15,1,screening,44,24,22,image_25,150.3485955
15,1,screening,45,12,11,image_13,151.9985645
15,1,screening,46,63,57,image_64,153.6819385
15,1,screening,47,57,52,image_58,155.36515649999998
15,1,screening,48,15,14,image_16,157.0651245
15,1,screening,49,67,61,image_68,158.7651555
15,1,screening,50,41,37,image_42,160.4650915
15,1,screening,51,47,43,image_48,162.1316845
15,1,screening,52,52,47,image_53,163.83177849999998
15,1,screening,53,34,31,image_35,165.5316215
15,1,screening,54,23,21,image_24,167.1815895
15,1,screening,55,36,33,image_37,168.83158849999998
15,1,screening,56,21,19,image_22,170.51490049999998
15,1,screening,57,5,5,image_6,172.2481805
15,1,screening,58,28,26,image_29,173.91486749999999
15,1,screening,59,50,45,image_51,175.5981175
15,1,screening,60,7,7,image_8,177.24811649999998
15,1,screening,61,65,59,image_66,178.9647095
15,1,screening,62,10,9,image_11,180.63149049999998
15,1,screening,63,63,57,image_64,184.5480505
15,1,screening,64,35,32,image_36,186.24792549999998
15,1,screening,65,48,44,image_49,187.9646435
15,1,screening,66,33,30,image_34,189.6978615
15,1,screening,67,34,31,image_35,191.38126649999998
15,1,screening,68,20,18,image_21,193.0311725
15,1,screening,69,0,0,image_1,194.68120349999998
15,1,screening,70,46,42,image_47,196.3477965
15,1,screening,71,60,54,image_61,198.0643895
15,1,screening,72,45,41,image_46,199.71435749999998
15,1,screening,73,32,29,image_33,201.43101249999998
15,1,screening,74,65,59,image_66,210.4808535
15,1,screening,75,12,11,image_13,212.1976025
15,1,screening,76,62,56,image_63,213.8641015
15,1,screening,77,17,16,image_18,215.5140385
15,1,screening,78,18,17,image_19,217.1640065
15,1,screening,79,58,53,image_59,218.8640375
15,1,screening,80,6,6,image_7,220.5473175
15,1,screening,81,68,62,image_69,222.2139425
15,1,screening,82,38,35,image_39,223.93059749999998
15,1,screening,83,54,49,image_55,225.6305655
15,1,screening,84,36,33,image_37,227.31384649999998
15,1,screening,85,8,8,image_9,229.03059549999998
15,1,screening,86,66,60,image_67,230.6971575
15,1,screening,87,37,34,image_38,236.8637795
15,1,screening,88,2,2,image_3,238.5803105
15,1,screening,89,3,3,image_4,240.24693449999998
15,1,screening,90,23,21,image_24,241.9304655
15,1,screening,91,53,48,image_54,243.56358949999998
15,1,screening,92,57,52,image_58,245.1968705
15,1,screening,93,30,27,image_31,246.8801825
15,1,screening,94,50,45,image_51,248.59677549999998
15,1,screening,95,51,46,image_52,250.3300875
15,1,screening,96,15,14,image_16,251.9800865
15,1,screening,97,27,25,image_28,253.66442949999998
15,1,screening,98,25,23,image_26,255.34674149999998
15,1,screening,99,14,13,image_15,256.9799905
15,1,screening,100,61,55,image_62,258.6466465
15,1,screening,101,1,1,image_2,260.2966145
15,1,screening,102,13,12,image_14,262.0132385
15,1,screening,103,41,37,image_42,263.6798945
15,1,screening,104,24,22,image_25,265.3633315
15,1,screening,105,22,20,image_23,269.9297975
15,1,screening,106,26,24,image_27,271.62976649999996
15,1,screening,107,4,4,image_5,273.2963905
15,1,screening,108,7,7,image_8,274.9963585
15,1,screening,109,55,50,image_56,276.6963265
15,1,screening,110,67,61,image_68,278.41295049999997
15,1,screening,111,47,43,image_48,280.0962315
15,1,screening,112,28,26,image_29,281.7463245
15,1,screening,113,56,51,image_57,283.3962925
15,1,screening,114,64,58,image_65,285.1129165
15,1,screening,115,40,36,image_41,286.7627915
15,1,screening,116,5,5,image_6,288.4794465
15,1,screening,117,42,38,image_43,290.16272749999996
15,1,screening,118,11,10,image_12,291.8961015
15,1,screening,119,10,9,image_11,293.52935049999996
15,1,screening,120,52,47,image_53,295.21266249999996
15,1,screening,121,16,15,image_17,296.8626625
15,1,screening,122,43,39,image_44,298.5959425
15,1,screening,123,21,19,image_22,300.2292855
15,1,screening,124,44,40,image_45,301.9458785
15,1,screening,125,31,28,image_32,303.6625035
15,1,screening,126,64,58,image_65,305.37915849999996
15,1,screening,127,5,5,image_6,307.01268949999996
15,1,screening,128,54,49,image_55,308.6791885
15,1,screening,129,45,41,image_46,310.3457505
15,1,screening,130,46,42,image_47,312.0623745
15,1,screening,131,47,43,image_48,313.7458115
15,1,screening,132,53,48,image_54,328.7456805
15,1,screening,133,36,33,image_37,330.39536749999996
15,1,screening,134,30,27,image_31,332.06208549999997
15,1,screening,135,51,46,image_52,333.7119915
15,1,screening,136,10,9,image_11,335.3619595
15,1,screening,137,37,34,image_38,337.07861449999996
15,1,screening,138,21,19,image_22,338.7785515
15,1,screening,139,8,8,image_9,340.4618635
15,1,screening,140,43,39,image_44,342.1118315
15,1,screening,141,24,22,image_25,350.4118595
15,1,screening,142,6,6,image_7,352.1117025
15,1,screening,143,20,18,image_21,353.7783265
15,1,screening,144,14,13,image_15,355.4617015
15,1,screening,145,1,1,image_2,357.12823149999997
15,1,screening,146,16,15,image_17,358.76169949999996
15,1,screening,147,38,35,image_39,360.4115425
15,1,screening,148,7,7,image_8,362.0615425
15,1,screening,149,12,11,image_13,363.7114795
15,1,screening,150,26,24,image_27,365.3614475
15,1,screening,151,4,4,image_5,367.0281025
15,1,screening,152,52,47,image_53,368.6613835
15,1,screening,153,50,45,image_51,373.87800649999997
15,1,screening,154,33,30,image_34,375.61125549999997
15,1,screening,155,68,62,image_69,377.29456749999997
15,1,screening,156,44,40,image_45,378.9778795
15,1,screening,157,56,51,image_57,380.64453449999996
15,1,screening,158,60,54,image_61,382.3611595
15,1,screening,159,35,32,image_36,384.0278145
15,1,screening,160,66,60,image_67,385.6777515
15,1,screening,161,25,23,image_26,387.3944075
15,1,screening,162,48,44,image_49,389.0611255
15,1,screening,163,2,2,image_3,390.71099949999996
15,1,screening,164,58,53,image_59,392.3777805
15,1,screening,165,3,3,image_4,394.0277165
15,1,screening,166,0,0,image_1,395.67765349999996
15,1,screening,167,40,36,image_41,397.4109345
15,1,screening,168,18,17,image_19,399.1442145
15,1,screening,169,28,26,image_29,400.8275265
15,1,screening,170,15,14,image_16,402.4608075
15,1,screening,171,42,38,image_43,404.1107755
15,1,screening,172,22,20,image_23,405.7773995
15,1,screening,173,17,16,image_18,407.4940555
15,1,screening,174,61,55,image_62,409.1273675
15,1,screening,175,11,10,image_12,410.7606785
15,1,screening,176,41,37,image_42,412.41067849999996
15,1,screening,177,27,25,image_28,414.1106155
15,1,screening,178,55,50,image_56,415.8106145
15,1,screening,179,31,28,image_32,417.51055149999996
15,1,screening,180,65,59,image_66,419.19386349999996
15,1,screening,181,62,56,image_63,420.8772065
15,1,screening,182,34,31,image_35,456.70994149999996
15,1,screening,183,13,12,image_14,458.4098785
15,1,screening,184,57,52,image_58,460.0599095
15,1,screening,185,23,21,image_24,461.7598145
15,1,screening,186,63,57,image_64,463.4097825
15,1,screening,187,32,29,image_33,465.0764385
15,1,screening,188,67,61,image_68,466.77640649999995
15,1,screening,189,23,21,image_24,468.49306149999995
15,1,screening,190,32,29,image_33,470.1263735
15,1,screening,191,43,39,image_44,471.8596545
15,1,screening,192,35,32,image_36,473.5763095
15,1,screening,193,64,58,image_65,475.25971549999997
15,1,screening,194,12,11,image_13,476.94287149999997
15,1,screening,195,65,59,image_66,478.6262145
15,1,screening,196,24,22,image_25,480.3596505
15,1,screening,197,38,35,image_39,482.0428695
15,1,screening,198,52,47,image_53,483.72614949999996
15,1,screening,199,66,60,image_67,485.4428365
15,1,screening,200,41,37,image_42,487.15946049999997
15,1,screening,201,67,61,image_68,488.85936649999996
15,1,screening,202,42,38,image_43,490.52602149999996
15,1,screening,203,37,34,image_38,492.2426465
15,1,screening,204,40,36,image_41,493.9259585
15,1,screening,205,62,56,image_63,495.5927385
15,1,screening,206,57,52,image_58,497.3258945
15,1,screening,207,28,26,image_29,499.0425805
15,1,screening,208,2,2,image_3,500.72586149999995
15,1,screening,209,10,9,image_11,502.42582949999996
15,1,screening,210,56,51,image_57,504.12582849999995
15,1,screening,211,45,41,image_46,505.7758285
15,1,screening,212,34,31,image_35,507.44242149999997
15,1,screening,213,61,55,image_62,509.1257015
15,1,screening,214,51,46,image_52,510.7756695
15,1,screening,215,0,0,image_1,512.4923255
15,1,screening,216,26,24,image_27,516.9589804999999
15,1,screening,217,36,33,image_37,518.6089485
15,1,screening,218,53,48,image_54,520.2588225
15,1,screening,219,3,3,image_4,521.9088214999999
15,1,screening,220,48,44,image_49,523.5921334999999
15,1,screening,221,50,45,image_51,525.2588515
15,1,screening,222,46,42,image_47,526.9920695
15,1,screening,223,30,27,image_31,528.6754125
15,1,screening,224,58,53,image_59,530.3254435
15,1,screening,225,5,5,image_6,532.0430365
15,1,screening,226,22,20,image_23,533.7752855
15,1,screening,227,20,18,image_21,535.4586285
15,1,screening,228,8,8,image_9,537.1085654999999
15,1,screening,229,33,30,image_34,538.7752214999999
15,1,screening,230,68,62,image_69,540.4428144999999
15,1,screening,231,13,12,image_14,552.0083725
15,1,screening,232,31,28,image_32,553.6749655
15,1,screening,233,44,40,image_45,555.3749335
15,1,screening,234,60,54,image_61,557.0751205
15,1,screening,235,14,13,image_15,558.7249005
15,1,screening,236,11,10,image_12,560.3749005
15,1,screening,237,47,43,image_48,562.0414935
15,1,screening,238,15,14,image_16,563.7081485
15,1,screening,239,7,7,image_8,565.3914605
15,1,screening,240,18,17,image_19,567.0747415
15,1,screening,241,1,1,image_2,568.7080525
15,1,screening,242,27,25,image_28,570.3747085
15,1,screening,243,6,6,image_7,572.0913955
15,1,screening,244,54,49,image_55,576.2581124999999
15,1,screening,245,25,23,image_26,577.9912684999999
15,1,screening,246,55,50,image_56,579.6912675
15,1,screening,247,16,15,image_17,581.3745165
15,1,screening,248,4,4,image_5,583.0578285
15,1,screening,249,21,19,image_22,584.7087655
15,1,screening,250,63,57,image_64,586.3910774999999
15,1,screening,251,17,16,image_18,588.1243885
15,1,screening,252,24,22,image_25,589.8077324999999
15,1,screening,253,16,15,image_17,591.4910434999999
15,1,screening,254,1,1,image_2,593.1409805
15,1,screening,255,31,28,image_32,594.8242925
15,1,screening,256,51,46,image_52,596.5242605
15,1,screening,257,5,5,image_6,598.2243844999999
15,1,screening,258,47,43,image_48,599.8908524999999
15,1,screening,259,61,55,image_62,601.5575084999999
15,1,screening,260,36,33,image_37,605.7408194999999
15,1,screening,261,15,14,image_16,607.3740685
15,1,screening,262,68,62,image_69,609.0907245
15,1,screening,263,54,49,image_55,610.8073795
15,1,screening,264,32,29,image_33,612.5240044999999
15,1,screening,265,13,12,image_14,614.1581595
15,1,screening,266,48,44,image_49,615.8081275
15,1,screening,267,65,59,image_66,617.4739395
15,1,screening,268,55,50,image_56,619.1739074999999
15,1,screening,269,42,38,image_43,620.8238445
15,1,screening,270,20,18,image_21,622.5238754999999
15,1,screening,271,67,61,image_68,628.0738104999999
15,1,screening,272,18,17,image_19,629.7736845
15,1,screening,273,34,31,image_35,631.4570904999999
15,1,screening,274,21,19,image_22,633.1736525
15,1,screening,275,53,48,image_54,634.8736514999999
15,1,screening,276,28,26,image_29,636.6070884999999
15,1,screening,277,50,45,image_51,638.3235874999999
15,1,screening,278,14,13,image_15,639.9902115
15,1,screening,279,43,39,image_44,649.8400825
15,1,screening,280,30,27,image_31,651.4900195
15,1,screening,281,44,40,image_45,653.1233315
15,1,screening,282,22,20,image_23,654.8233624999999
15,1,screening,283,58,53,image_59,656.5066425
15,1,screening,284,12,11,image_13,658.1899545
15,1,screening,285,52,47,image_53,662.9398904999999
15,1,screening,286,38,35,image_39,664.6398265
15,1,screening,287,26,24,image_27,666.3397954999999
15,1,screening,288,64,58,image_65,668.0564195
15,1,screening,289,0,0,image_1,669.7730745
15,1,screening,290,66,60,image_67,671.4564805
15,1,screening,291,23,21,image_24,673.1063545
15,1,screening,292,33,30,image_34,679.5896335
15,1,screening,293,57,52,image_58,681.3061955
15,1,screening,294,40,36,image_41,682.9395695
15,1,screening,295,3,3,image_4,684.6228504999999
15,1,screening,296,63,57,image_64,686.2727874999999
15,1,screening,297,4,4,image_5,688.0061615
15,1,screening,298,62,56,image_63,689.7061914999999
15,1,screening,299,45,41,image_46,691.3894094999999
15,1,screening,300,11,10,image_12,693.0727535
15,1,screening,301,46,42,image_47,694.7060025
15,1,screening,302,25,23,image_26,696.4059705
15,1,screening,303,27,25,image_28,698.0393134999999
15,1,screening,304,10,9,image_11,699.6727505
15,1,screening,305,6,6,image_7,701.3559055
15,1,screening,306,35,32,image_36,702.9899674999999
15,1,screening,307,56,51,image_57,704.7058734999999
15,1,screening,308,60,54,image_61,706.4224975
15,1,screening,309,2,2,image_3,708.1390905
15,1,screening,310,7,7,image_8,709.7890904999999
15,1,screening,311,17,16,image_18,711.4890584999999
15,1,screening,312,8,8,image_9,713.1723385
15,1,screening,313,37,34,image_38,714.9056815
15,1,screening,314,41,37,image_42,716.6056494999999
15,1,screening,315,35,32,image_36,718.3222744999999
15,1,screening,316,6,6,image_7,720.0055854999999
15,1,screening,317,20,18,image_21,721.6888974999999
15,1,screening,318,36,33,image_37,728.2055825
15,1,screening,319,62,56,image_63,729.8393635
15,1,screening,320,4,4,image_5,731.4887375
15,1,screening,321,48,44,image_49,733.1387055
15,1,screening,322,17,16,image_18,734.8053305
15,1,screening,323,2,2,image_3,736.5219854999999
15,1,screening,324,63,57,image_64,738.2386725
15,1,screening,325,25,23,image_26,739.8719535
15,1,screening,326,64,58,image_65,741.5385775
15,1,screening,327,24,22,image_25,743.2218895
15,1,screening,328,10,9,image_11,744.9052005
15,1,screening,329,13,12,image_14,746.6051375
15,1,screening,330,54,49,image_55,748.3051684999999
15,1,screening,331,30,27,image_31,749.9717925
15,1,screening,332,55,50,image_56,751.6551985
15,1,screening,333,68,62,image_69,753.2883855
15,1,screening,334,8,8,image_9,755.0216654999999
15,1,screening,335,0,0,image_1,756.6716335
15,1,screening,336,3,3,image_4,758.3216335
15,1,screening,337,44,40,image_45,759.9882574999999
15,1,screening,338,33,30,image_34,764.1549745
15,1,screening,339,16,15,image_17,765.8381925
15,1,screening,340,18,17,image_19,767.5048165
15,1,screening,341,11,10,image_12,769.2381285
15,1,screening,342,15,14,image_16,770.9548464999999
15,1,screening,343,51,46,image_52,772.5880645
15,1,screening,344,32,29,image_33,774.3048454999999
15,1,screening,345,47,43,image_48,775.9713135
15,1,screening,346,5,5,image_6,777.6546565
15,1,screening,347,12,11,image_13,779.3380305
15,1,screening,348,57,52,image_58,781.0712484999999
15,1,screening,349,21,19,image_22,782.7379045
15,1,screening,350,40,36,image_41,784.4712165
15,1,screening,351,28,26,image_29,786.1378404999999
15,1,screening,352,56,51,image_57,787.8379335
15,1,screening,353,46,42,image_47,789.5379335
15,1,screening,354,38,35,image_39,791.2210885
15,1,screening,355,52,47,image_53,792.9210565
15,1,screening,356,23,21,image_24,794.6210565
15,1,screening,357,37,34,image_38,800.2877414999999
15,1,screening,358,67,61,image_68,801.9375845
15,1,screening,359,45,41,image_46,803.6708964999999
15,1,screening,360,42,38,image_43,805.3208645
15,1,screening,361,41,37,image_42,806.9542074999999
15,1,screening,362,61,55,image_62,808.6375505
15,1,screening,363,53,48,image_54,810.3542375
15,1,screening,364,34,31,image_35,812.0540804999999
15,1,screening,365,22,20,image_23,813.7041105
15,1,screening,366,26,24,image_27,815.3707035
15,1,screening,367,50,45,image_51,817.0539845
15,1,screening,368,43,39,image_44,818.7873585
15,1,screening,369,65,59,image_66,820.4372955
15,1,screening,370,60,54,image_61,822.1539515
15,1,screening,371,31,28,image_32,823.8540135
15,1,screening,372,58,53,image_59,825.5205745
15,1,screening,373,1,1,image_2,827.1705115
15,1,screening,374,7,7,image_8,828.8538545
15,1,screening,375,27,25,image_28,830.5371355
15,1,screening,376,66,60,image_67,832.1870725
15,1,screening,377,14,13,image_15,833.8870714999999
15,2,sternberg,0,4,4,image_65,82.64509224999999
15,2,sternberg,1,0,0,image_38,83.85449824999999
15,2,sternberg,2,2,2,image_29,85.24237225
15,2,sternberg,3,4,4,image_65,89.02205825
15,2,sternberg,4,0,0,image_38,91.44918224999999
15,2,sternberg,5,1,1,image_39,92.75524424999999
15,2,sternberg,6,3,3,image_57,94.15315025
15,2,sternberg,7,0,0,image_38,98.10396125
15,2,sternberg,8,2,2,image_29,101.04508525
15,2,sternberg,9,4,4,image_65,102.42567824999999
15,2,sternberg,10,3,3,image_57,103.81286525
15,2,sternberg,11,1,1,image_39,107.68976925
15,2,sternberg,12,4,4,image_65,111.12764324999999
15,2,sternberg,13,0,0,image_38,112.46748625
15,2,sternberg,14,5,5,image_999,112.47748625
15,2,sternberg,15,2,2,image_29,116.37620425
15,2,sternberg,16,4,4,image_65,118.79104625
15,2,sternberg,17,1,1,image_39,120.11679625
15,2,sternberg,18,5,5,image_999,120.12679625
15,2,sternberg,19,4,4,image_65,123.99295024999999
15,2,sternberg,20,3,3,image_57,126.09188725
15,2,sternberg,21,1,1,image_39,127.49323025
15,2,sternberg,22,5,5,image_999,127.50323025
15,2,sternberg,23,1,1,image_39,131.32685425
15,2,sternberg,24,0,0,image_38,134.34269625
15,2,sternberg,25,1,1,image_39,135.73682125
15,2,sternberg,26,5,5,image_999,135.74682124999998
15,2,sternberg,27,3,3,image_57,139.56063225
15,2,sternberg,28,2,2,image_29,141.43722524999998
15,2,sternberg,29,3,3,image_57,142.81331824999998
15,2,sternberg,30,0,0,image_38,144.13813025
15,2,sternberg,31,4,4,image_65,147.95703525
15,2,sternberg,32,1,1,image_39,150.34378425
15,2,sternberg,33,2,2,image_29,151.56922125
15,2,sternberg,34,4,4,image_65,152.82806424999998
15,2,sternberg,35,3,3,image_57,156.63821925
15,2,sternberg,36,1,1,image_39,158.69265525
15,2,sternberg,37,2,2,image_29,159.92943624999998
15,2,sternberg,38,5,5,image_999,159.93943624999997
15,2,sternberg,39,3,3,image_57,163.76384124999998
15,2,sternberg,40,1,1,image_39,166.15071525
15,2,sternberg,41,5,5,image_999,166.16071524999998
15,2,sternberg,42,5,5,image_999,166.17071524999997
15,2,sternberg,43,1,1,image_39,170.12024424999998
15,2,sternberg,44,0,0,image_38,173.42546224999998
15,2,sternberg,45,5,5,image_999,173.43546224999997
15,2,sternberg,46,5,5,image_999,173.44546224999996
15,2,sternberg,47,0,0,image_38,177.32186725
15,2,sternberg,48,3,3,image_57,179.76042825
15,2,sternberg,49,5,5,image_999,179.77042824999998
15,2,sternberg,50,5,5,image_999,179.78042824999997
15,2,sternberg,51,3,3,image_57,183.69595825
15,2,sternberg,52,2,2,image_29,187.11108124999998
15,2,sternberg,53,4,4,image_65,188.45592524999998
15,2,sternberg,54,3,3,image_57,189.71570524999998
15,2,sternberg,55,0,0,image_38,193.51939124999998
15,2,sternberg,56,0,0,image_38,197.95907724999998
15,2,sternberg,57,1,1,image_39,199.30988925
15,2,sternberg,58,3,3,image_57,200.56948225
15,2,sternberg,59,2,2,image_29,204.48901225
15,2,sternberg,60,4,4,image_65,210.42332224999998
15,2,sternberg,61,5,5,image_999,210.43332224999997
15,2,sternberg,62,5,5,image_999,210.44332224999997
15,2,sternberg,63,4,4,image_65,214.34032025
15,2,sternberg,64,4,4,image_65,217.15081924999998
15,2,sternberg,65,5,5,image_999,217.16081924999997
15,2,sternberg,66,5,5,image_999,217.17081924999997
15,2,sternberg,67,1,1,image_39,221.04269324999999
15,2,sternberg,68,3,3,image_57,225.75256625
15,2,sternberg,69,5,5,image_999,225.76256625
15,2,sternberg,70,5,5,image_999,225.77256624999998
15,2,sternberg,71,1,1,image_39,229.68634624999999
15,2,sternberg,72,4,4,image_65,232.79618825
15,2,sternberg,73,2,2,image_29,234.03637525
15,2,sternberg,74,3,3,image_57,235.29640625
15,2,sternberg,75,4,4,image_65,239.18940425
15,2,sternberg,76,1,1,image_39,241.84180924999998
15,2,sternberg,77,0,0,image_38,243.20146524999998
15,2,sternberg,78,5,5,image_999,243.21146524999997
15,2,sternberg,79,0,0,image_38,247.14743224999998
15,2,sternberg,80,2,2,image_29,255.35899125
15,2,sternberg,81,4,4,image_65,256.62724125
15,2,sternberg,82,0,0,image_38,257.86033425
15,2,sternberg,83,2,2,image_29,261.70120825
15,2,sternberg,84,1,1,image_39,264.02955025
15,2,sternberg,85,2,2,image_29,265.37192525
15,2,sternberg,86,3,3,image_57,266.60745625
15,2,sternberg,87,4,4,image_65,270.47439225
15,2,sternberg,88,4,4,image_65,273.78285925
15,2,sternberg,89,5,5,image_999,273.79285925
15,2,sternberg,90,5,5,image_999,273.80285925
15,2,sternberg,91,2,2,image_29,277.70929524999997
15,2,sternberg,92,4,4,image_65,280.20910625
15,2,sternberg,93,2,2,image_29,281.60154324999996
15,2,sternberg,94,5,5,image_999,281.61154324999995
15,2,sternberg,95,4,4,image_65,285.45854225
15,2,sternberg,96,1,1,image_39,287.67988525
15,2,sternberg,97,5,5,image_999,287.68988525
15,2,sternberg,98,5,5,image_999,287.69988524999997
15,2,sternberg,99,1,1,image_39,291.56891425
15,2,sternberg,100,3,3,image_57,294.57703825
15,2,sternberg,101,1,1,image_39,295.91566324999997
15,2,sternberg,102,0,0,image_38,297.18628724999996
15,2,sternberg,103,1,1,image_39,301.08297325
15,2,sternberg,104,3,3,image_57,303.67794125
15,2,sternberg,105,5,5,image_999,303.68794125
15,2,sternberg,106,5,5,image_999,303.69794125
15,2,sternberg,107,2,2,image_29,307.63481425
15,2,sternberg,108,1,1,image_39,310.12759424999996
15,2,sternberg,109,4,4,image_65,311.37987525
15,2,sternberg,110,5,5,image_999,311.38987525
15,2,sternberg,111,4,4,image_65,315.27859225
15,2,sternberg,112,0,0,image_38,317.94790424999997
15,2,sternberg,113,5,5,image_999,317.95790424999996
15,2,sternberg,114,5,5,image_999,317.96790424999995
15,2,sternberg,115,0,0,image_38,321.86096525
15,2,sternberg,116,0,0,image_38,327.92133724999997
15,2,sternberg,117,3,3,image_57,329.16846225
15,2,sternberg,118,5,5,image_999,329.17846225
15,2,sternberg,119,4,4,image_65,332.98158524999997
15,2,sternberg,120,0,0,image_38,344.68308125
15,2,sternberg,121,3,3,image_57,345.96758024999997
15,2,sternberg,122,2,2,image_29,347.28751725
15,2,sternberg,123,4,4,image_65,351.16842225
15,2,sternberg,124,3,3,image_57,363.40569825
15,2,sternberg,125,4,4,image_65,364.75744825
15,2,sternberg,126,5,5,image_999,364.76744825
15,2,sternberg,127,3,3,image_57,368.73513325
15,2,sternberg,128,0,0,image_38,375.85384925
15,2,sternberg,129,2,2,image_29,377.19428625
15,2,sternberg,130,5,5,image_999,377.20428625
15,2,sternberg,131,2,2,image_29,381.07022225
15,2,sternberg,132,0,0,image_38,383.62209624999997
15,2,sternberg,133,5,5,image_999,383.63209624999996
15,2,sternberg,134,5,5,image_999,383.64209624999995
15,2,sternberg,135,3,3,image_57,387.60578225
15,2,sternberg,136,3,3,image_57,391.33943725
15,2,sternberg,137,1,1,image_39,392.58234325
15,2,sternberg,138,0,0,image_38,393.80881124999996
15,2,sternberg,139,3,3,image_57,397.70080924999996
15,2,sternberg,140,2,2,image_29,399.72849625
15,2,sternberg,141,5,5,image_999,399.73849624999997
15,2,sternberg,142,5,5,image_999,399.74849624999996
15,2,sternberg,143,1,1,image_39,403.57765125
15,2,sternberg,144,4,4,image_65,406.92874324999997
15,2,sternberg,145,2,2,image_29,408.16618024999997
15,2,sternberg,146,5,5,image_999,408.17618024999996
15,2,sternberg,147,2,2,image_29,412.00971024999996
15,2,sternberg,148,4,4,image_65,415.26908325
15,2,sternberg,149,5,5,image_999,415.27908325
15,2,sternberg,150,5,5,image_999,415.28908325
15,2,sternberg,151,4,4,image_65,419.10436325
15,2,sternberg,152,1,1,image_39,421.37048725
15,2,sternberg,153,4,4,image_65,422.59604924999996
15,2,sternberg,154,0,0,image_38,423.93186125
15,2,sternberg,155,3,3,image_57,427.88311024999996
15,2,sternberg,156,4,4,image_65,430.39217125
15,2,sternberg,157,0,0,image_38,431.70985824999997
15,2,sternberg,158,5,5,image_999,431.71985824999996
15,2,sternberg,159,4,4,image_65,435.56488824999997
15,2,sternberg,160,2,2,image_29,437.93035625
15,2,sternberg,161,1,1,image_39,439.30401125
15,2,sternberg,162,0,0,image_38,440.68991725
15,2,sternberg,163,0,0,image_38,444.51244725
15,2,sternberg,164,3,3,image_57,446.95744625
15,2,sternberg,165,2,2,image_29,448.32103924999996
15,2,sternberg,166,5,5,image_999,448.33103924999995
15,2,sternberg,167,4,4,image_65,452.21685025
15,2,sternberg,168,4,4,image_65,457.45200424999996
15,2,sternberg,169,0,0,image_38,458.76112924999995
15,2,sternberg,170,3,3,image_57,460.02137825
15,2,sternberg,171,0,0,image_38,464.01868924999997
15,2,sternberg,172,2,2,image_29,471.32099925
15,2,sternberg,173,3,3,image_57,472.63324824999995
15,2,sternberg,174,5,5,image_999,472.64324824999994
15,2,sternberg,175,2,2,image_29,476.53943425
15,2,sternberg,176,1,1,image_39,479.06271425
15,2,sternberg,177,5,5,image_999,479.07271425
15,2,sternberg,178,5,5,image_999,479.08271425
15,2,sternberg,179,0,0,image_38,482.97402524999995
15,2,sternberg,180,3,3,image_57,485.33193024999997
15,2,sternberg,181,5,5,image_999,485.34193024999996
15,2,sternberg,182,5,5,image_999,485.35193024999995
15,2,sternberg,183,3,3,image_57,489.32633525
15,2,sternberg,184,4,4,image_65,494.96748924999997
15,2,sternberg,185,3,3,image_57,496.20648824999995
15,2,sternberg,186,5,5,image_999,496.21648824999994
15,2,sternberg,187,0,0,image_38,500.00248725
15,2,sternberg,188,2,2,image_29,503.60961125
15,2,sternberg,189,5,5,image_999,503.61961125
15,2,sternberg,190,5,5,image_999,503.62961125
15,2,sternberg,191,2,2,image_29,507.47279625
15,2,sternberg,192,1,1,image_39,511.13882624999997
15,2,sternberg,193,2,2,image_29,512.43895125
15,2,sternberg,194,5,5,image_999,512.4489512499999
15,2,sternberg,195,4,4,image_65,516.3419182499999
15,2,sternberg,196,1,1,image_39,518.32207325
15,2,sternberg,197,5,5,image_999,518.33207325
15,2,sternberg,198,5,5,image_999,518.34207325
15,2,sternberg,199,3,3,image_57,522.29454125
15,2,sternberg,200,4,4,image_65,524.3484462499999
15,2,sternberg,201,2,2,image_29,525.58997725
15,2,sternberg,202,5,5,image_999,525.5999772499999
15,2,sternberg,203,1,1,image_39,529.4936632499999
15,2,sternberg,204,4,4,image_65,531.49969325
15,2,sternberg,205,2,2,image_29,532.8112552499999
15,2,sternberg,206,5,5,image_999,532.8212552499999
15,2,sternberg,207,4,4,image_65,536.60978525
15,2,sternberg,208,3,3,image_57,538.95459625
15,2,sternberg,209,4,4,image_65,540.17928325
15,2,sternberg,210,2,2,image_29,541.55109525
15,2,sternberg,211,0,0,image_38,545.48296925
15,2,sternberg,212,2,2,image_29,547.58143725
15,2,sternberg,213,5,5,image_999,547.59143725
15,2,sternberg,214,5,5,image_999,547.60143725
15,2,sternberg,215,3,3,image_57,551.36921625
15,2,sternberg,216,2,2,image_29,555.6650902499999
15,2,sternberg,217,4,4,image_65,556.97368325
15,2,sternberg,218,5,5,image_999,556.98368325
15,2,sternberg,219,0,0,image_38,560.8472752499999
15,2,sternberg,220,0,0,image_38,569.19186525
15,2,sternberg,221,1,1,image_39,570.55086525
15,2,sternberg,222,5,5,image_999,570.56086525
15,2,sternberg,223,1,1,image_39,574.46677025
15,2,sternberg,224,2,2,image_29,576.5185192499999
15,2,sternberg,225,3,3,image_57,577.7751432499999
15,2,sternberg,226,5,5,image_999,577.7851432499999
15,2,sternberg,227,0,0,image_38,581.7889232499999
15,2,sternberg,228,2,2,image_29,584.33617225
15,2,sternberg,229,5,5,image_999,584.34617225
15,2,sternberg,230,5,5,image_999,584.35617225
15,2,sternberg,231,1,1,image_39,588.1320452499999
15,2,sternberg,232,0,0,image_38,593.9588562499999
15,2,sternberg,233,3,3,image_57,595.19073025
15,2,sternberg,234,1,1,image_39,596.56285425
15,2,sternberg,235,1,1,image_39,600.39363425
15,2,sternberg,236,4,4,image_65,602.38610225
15,2,sternberg,237,5,5,image_999,602.39610225
15,2,sternberg,238,5,5,image_999,602.40610225
15,2,sternberg,239,3,3,image_57,606.21888225
15,2,sternberg,240,3,3,image_57,610.88384925
15,2,sternberg,241,2,2,image_29,612.1632862499999
15,2,sternberg,242,4,4,image_65,613.40709825
15,2,sternberg,243,3,3,image_57,617.30984625
15,2,sternberg,244,4,4,image_65,625.82506125
15,2,sternberg,245,0,0,image_38,627.08459225
15,2,sternberg,246,1,1,image_39,628.4063102499999
15,2,sternberg,247,3,3,image_57,632.24540325
15,2,sternberg,248,3,3,image_57,635.5481512499999
15,2,sternberg,249,5,5,image_999,635.5581512499999
15,2,sternberg,250,5,5,image_999,635.5681512499999
15,2,sternberg,251,3,3,image_57,639.46111825
15,2,sternberg,252,0,0,image_38,648.7381772499999
15,2,sternberg,253,5,5,image_999,648.7481772499999
15,2,sternberg,254,5,5,image_999,648.7581772499999
15,2,sternberg,255,0,0,image_38,652.5419882499999
15,2,sternberg,256,3,3,image_57,671.13095025
15,2,sternberg,257,5,5,image_999,671.14095025
15,2,sternberg,258,5,5,image_999,671.1509502499999
15,2,sternberg,259,4,4,image_65,674.9529172499999
15,2,sternberg,260,3,3,image_57,677.1576662499999
15,2,sternberg,261,0,0,image_38,678.42291525
15,2,sternberg,262,4,4,image_65,679.79650925
15,2,sternberg,263,2,2,image_29,683.81772625
15,2,sternberg,264,1,1,image_39,686.80744325
15,2,sternberg,265,5,5,image_999,686.81744325
15,2,sternberg,266,5,5,image_999,686.82744325
15,2,sternberg,267,1,1,image_39,690.7494732499999
15,2,sternberg,268,0,0,image_38,694.86615925
15,2,sternberg,269,4,4,image_65,696.23081425
15,2,sternberg,270,2,2,image_29,697.4729082499999
15,2,sternberg,271,1,1,image_39,701.26128125
15,2,sternberg,272,3,3,image_57,785.9598102499999
15,2,sternberg,273,0,0,image_38,787.3402152499999
15,2,sternberg,274,5,5,image_999,787.3502152499999
15,2,sternberg,275,3,3,image_57,791.11399525
15,2,sternberg,276,2,2,image_29,805.70811425
15,2,sternberg,277,5,5,image_999,805.71811425
15,2,sternberg,278,5,5,image_999,805.72811425
15,2,sternberg,279,1,1,image_39,809.71808125
15,2,sternberg,280,4,4,image_65,820.16767125
15,2,sternberg,281,5,5,image_999,820.17767125
15,2,sternberg,282,5,5,image_999,820.18767125
15,2,sternberg,283,4,4,image_65,823.9716072499999
15,2,sternberg,284,2,2,image_29,827.27376225
15,2,sternberg,285,4,4,image_65,828.65473025
15,2,sternberg,286,5,5,image_999,828.6647302499999
15,2,sternberg,287,2,2,image_29,832.44113525
15,2,sternberg,288,0,0,image_38,835.94282125
15,2,sternberg,289,5,5,image_999,835.9528212499999
15,2,sternberg,290,5,5,image_999,835.9628212499999
15,2,sternberg,291,1,1,image_39,839.90403825
15,2,sternberg,292,0,0,image_38,843.36559925
15,2,sternberg,293,2,2,image_29,844.75491125
15,2,sternberg,294,1,1,image_39,846.1535672499999
15,2,sternberg,295,3,3,image_57,850.17556525
15,2,sternberg,296,0,0,image_38,853.2408762499999
15,2,sternberg,297,1,1,image_39,854.57465725
15,2,sternberg,298,5,5,image_999,854.58465725
15,2,sternberg,299,3,3,image_57,858.49887425
15,2,sternberg,300,0,0,image_38,861.1533422499999
15,2,sternberg,301,1,1,image_39,862.5421232499999
15,2,sternberg,302,2,2,image_29,863.89724725
15,2,sternberg,303,4,4,image_65,867.8315272499999
15,2,sternberg,304,4,4,image_65,870.31852625
15,2,sternberg,305,5,5,image_999,870.32852625
15,2,sternberg,306,5,5,image_999,870.33852625
15,2,sternberg,307,4,4,image_65,874.32005525
15,2,sternberg,308,1,1,image_39,877.0822422499999
15,2,sternberg,309,5,5,image_999,877.0922422499999
15,2,sternberg,310,5,5,image_999,877.1022422499999
15,2,sternberg,311,0,0,image_38,881.05155325
15,2,sternberg,312,1,1,image_39,886.68011325
15,2,sternberg,313,2,2,image_29,888.0136122499999
15,2,sternberg,314,5,5,image_999,888.0236122499999
15,2,sternberg,315,0,0,image_38,891.78223625
15,2,sternberg,316,1,1,image_39,894.25457925
15,2,sternberg,317,2,2,image_29,895.48095325
15,2,sternberg,318,3,3,image_57,896.8011712499999
15,2,sternberg,319,3,3,image_57,900.6851702499999
15,2,sternberg,320,1,1,image_39,904.34051225
15,2,sternberg,321,0,0,image_38,905.56629325
15,2,sternberg,322,5,5,image_999,905.5762932499999
15,2,sternberg,323,4,4,image_65,909.50369825
15,2,sternberg,324,0,0,image_38,911.6012902499999
15,2,sternberg,325,4,4,image_65,912.9633212499999
15,2,sternberg,326,5,5,image_999,912.9733212499999
15,2,sternberg,327,1,1,image_39,916.75769525
15,2,sternberg,328,1,1,image_39,919.47125625
15,2,sternberg,329,3,3,image_57,920.7998182499999
15,2,sternberg,330,5,5,image_999,920.8098182499999
15,2,sternberg,331,0,0,image_38,924.6545982499999
15,2,sternberg,332,0,0,image_38,927.02322225
15,2,sternberg,333,3,3,image_57,928.35347125
15,2,sternberg,334,5,5,image_999,928.36347125
15,2,sternberg,335,0,0,image_38,932.1455012499999
15,2,sternberg,336,2,2,image_29,935.16934425
15,2,sternberg,337,1,1,image_39,936.5231242499999
15,2,sternberg,338,5,5,image_999,936.5331242499999
15,2,sternberg,339,1,1,image_39,940.33315425
15,2,sternberg,340,3,3,image_57,943.00665325
15,2,sternberg,341,0,0,image_38,944.3709652499999
15,2,sternberg,342,1,1,image_39,945.61762125
15,2,sternberg,343,1,1,image_39,949.60668125
15,2,sternberg,344,2,2,image_29,951.99130625
15,2,sternberg,345,5,5,image_999,952.00130625
15,2,sternberg,346,5,5,image_999,952.01130625
15,2,sternberg,347,2,2,image_29,955.9084292499999
15,2,sternberg,348,1,1,image_39,958.42739725
15,2,sternberg,349,2,2,image_29,959.68205225
15,2,sternberg,350,5,5,image_999,959.69205225
15,2,sternberg,351,4,4,image_65,963.6024572499999
15,2,sternberg,352,4,4,image_65,966.2765812499999
15,2,sternberg,353,5,5,image_999,966.2865812499999
15,2,sternberg,354,5,5,image_999,966.2965812499999
15,2,sternberg,355,2,2,image_29,970.1370482499999
15,2,sternberg,356,3,3,image_57,974.05376525
15,2,sternberg,357,0,0,image_38,975.35532725
15,2,sternberg,358,5,5,image_999,975.36532725
15,2,sternberg,359,3,3,image_57,979.19635725
15,2,sternberg,360,4,4,image_65,981.3904192499999
15,2,sternberg,361,3,3,image_57,982.61869925
15,2,sternberg,362,2,2,image_29,983.89598025
15,2,sternberg,363,2,2,image_29,987.69466625
15,2,sternberg,364,2,2,image_29,990.16682125
15,2,sternberg,365,1,1,image_39,991.3918212499999
15,2,sternberg,366,5,5,image_999,991.4018212499999
15,2,sternberg,367,2,2,image_29,995.32753825
15,2,sternberg,368,2,2,image_29,998.03300625
15,2,sternberg,369,5,5,image_999,998.04300625
15,2,sternberg,370,5,5,image_999,998.05300625
15,2,sternberg,371,2,2,image_29,1002.0476602499999
15,2,sternberg,372,0,0,image_38,1004.1602852499999
15,2,sternberg,373,3,3,image_57,1005.5430652499999
15,2,sternberg,374,5,5,image_999,1005.5530652499999
15,2,sternberg,375,2,2,image_29,1009.3689392499999
15,2,sternberg,376,3,3,image_57,1012.5571562499999
15,2,sternberg,377,4,4,image_65,1013.9546242499999
15,2,sternberg,378,5,5,image_999,1013.9646242499999
15,2,sternberg,379,0,0,image_38,1017.8822172499999
15,2,sternberg,380,1,1,image_39,1020.85468425
15,2,sternberg,381,0,0,image_38,1022.14202725
15,2,sternberg,382,2,2,image_29,1023.46699625
15,2,sternberg,383,4,4,image_65,1027.36940025
15,2,sternberg,384,0,0,image_38,1030.30483725
15,2,sternberg,385,5,5,image_999,1030.31483725
15,2,sternberg,386,5,5,image_999,1030.32483725
15,2,sternberg,387,0,0,image_38,1034.13339825
15,2,sternberg,388,3,3,image_57,1036.69927125
15,2,sternberg,389,5,5,image_999,1036.70927125
15,2,sternberg,390,5,5,image_999,1036.71927125
15,2,sternberg,391,4,4,image_65,1040.64339525
15,2,sternberg,392,1,1,image_39,1043.24698825
15,2,sternberg,393,5,5,image_999,1043.25698825
15,2,sternberg,394,5,5,image_999,1043.26698825
15,2,sternberg,395,3,3,image_57,1047.2017672499999
15,2,sternberg,396,3,3,image_57,1050.2569852499998
15,2,sternberg,397,4,4,image_65,1051.50595325
15,2,sternberg,398,5,5,image_999,1051.51595325
15,2,sternberg,399,0,0,image_38,1055.4631702499998
15,2,sternberg,400,1,1,image_39,1057.84854425
15,2,sternberg,401,3,3,image_57,1059.17454425
15,2,sternberg,402,4,4,image_65,1060.5781682499999
15,2,sternberg,403,1,1,image_39,1064.41160425
15,2,sternberg,404,4,4,image_65,1067.01694725
15,2,sternberg,405,3,3,image_57,1068.30000925
15,2,sternberg,406,5,5,image_999,1068.31000925
15,2,sternberg,407,3,3,image_57,1072.08485125
15,2,sternberg,408,0,0,image_38,1074.40410025
15,2,sternberg,409,1,1,image_39,1075.7001002499999
15,2,sternberg,410,5,5,image_999,1075.7101002499999
15,2,sternberg,411,3,3,image_57,1079.51962925
15,2,sternberg,412,0,0,image_38,1081.7338782499999
15,2,sternberg,413,2,2,image_29,1082.98278425
15,2,sternberg,414,4,4,image_65,1084.27590925
15,2,sternberg,415,0,0,image_38,1088.20878225
15,2,sternberg,416,2,2,image_29,1090.7245942499999
15,2,sternberg,417,0,0,image_38,1091.95549925
15,2,sternberg,418,4,4,image_65,1093.18053025
15,2,sternberg,419,0,0,image_38,1097.01393525
15,2,sternberg,420,3,3,image_57,1099.84887125
15,2,sternberg,421,4,4,image_65,1101.1000582499998
15,2,sternberg,422,5,5,image_999,1101.1100582499998
15,2,sternberg,423,1,1,image_39,1104.99833825
15,2,sternberg,424,2,2,image_29,1107.76249325
15,2,sternberg,425,3,3,image_57,1108.9870242499999
15,2,sternberg,426,5,5,image_999,1108.9970242499999
15,2,sternberg,427,4,4,image_65,1112.93427225
15,2,sternberg,428,1,1,image_39,1116.46661425
15,2,sternberg,429,4,4,image_65,1117.86480125
15,2,sternberg,430,2,2,image_29,1119.23877025
15,2,sternberg,431,4,4,image_65,1123.13004925
15,2,sternberg,432,2,2,image_29,1129.28632825
15,2,sternberg,433,5,5,image_999,1129.29632825
15,2,sternberg,434,5,5,image_999,1129.30632825
15,2,sternberg,435,2,2,image_29,1133.07373325
15,2,sternberg,436,4,4,image_65,1135.90873225
15,2,sternberg,437,2,2,image_29,1137.26726225
15,2,sternberg,438,1,1,image_39,1138.59901225
15,2,sternberg,439,0,0,image_38,1142.4592922499999
15,2,sternberg,440,3,3,image_57,1144.78304125
15,2,sternberg,441,5,5,image_999,1144.79304125
15,2,sternberg,442,5,5,image_999,1144.80304125
15,2,sternberg,443,2,2,image_29,1148.77528925
15,2,sternberg,444,1,1,image_39,1152.06200625
15,2,sternberg,445,4,4,image_65,1153.3941002499998
15,2,sternberg,446,5,5,image_999,1153.4041002499998
15,2,sternberg,447,1,1,image_39,1157.2246922499999
15,2,sternberg,448,0,0,image_38,1160.17172225
15,2,sternberg,449,5,5,image_999,1160.18172225
15,2,sternberg,450,5,5,image_999,1160.1917222499999
15,2,sternberg,451,3,3,image_57,1164.18456425
15,2,sternberg,452,4,4,image_65,1169.4740622499999
15,2,sternberg,453,5,5,image_999,1169.4840622499999
15,2,sternberg,454,5,5,image_999,1169.4940622499998
15,2,sternberg,455,4,4,image_65,1173.3047172499998
15,2,sternberg,456,4,4,image_65,1175.62834125
15,2,sternberg,457,2,2,image_29,1176.85299625
15,2,sternberg,458,3,3,image_57,1178.10921525
15,2,sternberg,459,3,3,image_57,1181.9924322499999
15,2,sternberg,460,3,3,image_57,1184.38533725
15,2,sternberg,461,4,4,image_65,1185.75686825
15,2,sternberg,462,1,1,image_39,1186.98346125
15,2,sternberg,463,0,0,image_38,1190.7669282499999
15,2,sternberg,464,2,2,image_29,1193.1201772499999
15,2,sternberg,465,3,3,image_57,1194.42214625
15,2,sternberg,466,4,4,image_65,1195.73964525
15,2,sternberg,467,4,4,image_65,1199.6323312499999
15,2,sternberg,468,1,1,image_39,1202.2299242499998
15,2,sternberg,469,5,5,image_999,1202.2399242499998
15,2,sternberg,470,5,5,image_999,1202.2499242499998
15,2,sternberg,471,4,4,image_65,1206.1104532499999
15,2,sternberg,472,2,2,image_29,1209.97429625
15,2,sternberg,473,0,0,image_38,1211.19913925
15,2,sternberg,474,5,5,image_999,1211.20913925
15,2,sternberg,475,2,2,image_29,1215.12810625
15,2,sternberg,476,4,4,image_65,1217.3555112499998
15,2,sternberg,477,1,1,image_39,1218.71438625
15,2,sternberg,478,0,0,image_38,1219.98529225
15,2,sternberg,479,2,2,image_29,1223.82216525
15,2,sternberg,480,3,3,image_57,1225.9199772499999
15,2,sternberg,481,1,1,image_39,1227.25260125
15,2,sternberg,482,5,5,image_999,1227.26260125
15,2,sternberg,483,3,3,image_57,1231.09875625
15,2,sternberg,484,3,3,image_57,1233.38734925
15,2,sternberg,485,1,1,image_39,1234.61269225
15,2,sternberg,486,0,0,image_38,1235.96712925
15,2,sternberg,487,2,2,image_29,1239.78387725
15,2,sternberg,488,1,1,image_39,1243.46031325
15,2,sternberg,489,5,5,image_999,1243.47031325
15,2,sternberg,490,5,5,image_999,1243.4803132499999
15,2,sternberg,491,1,1,image_39,1247.3723432499999
15,2,sternberg,492,0,0,image_38,1249.56096725
15,2,sternberg,493,5,5,image_999,1249.57096725
15,2,sternberg,494,5,5,image_999,1249.58096725
15,2,sternberg,495,0,0,image_38,1253.38746625
15,2,sternberg,496,1,1,image_39,1255.60977725
15,2,sternberg,497,3,3,image_57,1256.90965225
15,2,sternberg,498,0,0,image_38,1258.29346425
15,2,sternberg,499,3,3,image_57,1262.2639932499999
15,2,sternberg,500,2,2,image_29,1265.10449225
15,2,sternberg,501,0,0,image_38,1266.35980425
15,2,sternberg,502,5,5,image_999,1266.36980425
15,2,sternberg,503,1,1,image_39,1270.33152125
15,2,sternberg,504,2,2,image_29,1272.85711425
15,2,sternberg,505,4,4,image_65,1274.14645725
15,2,sternberg,506,3,3,image_57,1275.47858225
15,2,sternberg,507,3,3,image_57,1279.44620525
15,2,sternberg,508,0,0,image_38,1281.93064225
15,2,sternberg,509,5,5,image_999,1281.9406422499999
15,2,sternberg,510,5,5,image_999,1281.9506422499999
15,2,sternberg,511,2,2,image_29,1285.68504725
15,2,sternberg,512,2,2,image_29,1287.9470462499999
15,2,sternberg,513,5,5,image_999,1287.9570462499998
15,2,sternberg,514,5,5,image_999,1287.9670462499998
15,2,sternberg,515,2,2,image_29,1291.80579425
15,2,sternberg,516,4,4,image_65,1294.2010432499999
15,2,sternberg,517,0,0,image_38,1295.54476125
15,2,sternberg,518,1,1,image_39,1296.86957325
15,2,sternberg,519,2,2,image_29,1300.69332225
15,2,sternberg,520,3,3,image_57,1303.63160225
15,2,sternberg,521,1,1,image_39,1304.92591425
15,2,sternberg,522,2,2,image_29,1306.2662572499999
15,2,sternberg,523,0,0,image_38,1310.20425525
15,2,sternberg,524,2,2,image_29,1312.54225425
15,2,sternberg,525,0,0,image_38,1313.92272325
15,2,sternberg,526,4,4,image_65,1315.14772225
15,2,sternberg,527,4,4,image_65,1319.13659625
15,2,sternberg,528,0,0,image_38,1321.86903225
15,2,sternberg,529,3,3,image_57,1323.14506325
15,2,sternberg,530,1,1,image_39,1324.50884325
15,2,sternberg,531,2,2,image_29,1328.3115922499999
15,2,sternberg,532,3,3,image_57,1330.72306025
15,2,sternberg,533,5,5,image_999,1330.7330602499999
15,2,sternberg,534,5,5,image_999,1330.7430602499999
15,2,sternberg,535,1,1,image_39,1334.51596425
15,2,sternberg,536,0,0,image_38,1338.19568225
15,2,sternberg,537,3,3,image_57,1339.42083725
15,2,sternberg,538,4,4,image_65,1340.70233725
15,2,sternberg,539,1,1,image_39,1344.5442732499998
16,1,screening,0,34,31,image_35,74.78602705000615
16,1,screening,1,43,39,image_44,76.02441205000615
16,1,screening,2,23,21,image_24,77.24365805000615
16,1,screening,3,36,33,image_37,78.38241805000615
16,1,screening,4,37,34,image_38,79.59975905000614
16,1,screening,5,5,5,image_6,84.63356905000614
16,1,screening,6,2,2,image_3,85.77125305000615
16,1,screening,7,16,15,image_17,86.92457405000614
16,1,screening,8,11,10,image_12,88.10548205000615
16,1,screening,9,58,53,image_59,89.32737005000615
16,1,screening,10,32,29,image_33,90.54971905000615
16,1,screening,11,48,44,image_49,94.40535505000615
16,1,screening,12,55,50,image_56,95.63068405000615
16,1,screening,13,35,32,image_36,96.85306305000614
16,1,screening,14,6,6,image_7,98.02761205000614
16,1,screening,15,41,37,image_42,99.24105205000615
16,1,screening,16,45,41,image_46,100.38091705000615
16,1,screening,17,30,27,image_31,104.97795005000614
16,1,screening,18,17,16,image_18,106.19658205000614
16,1,screening,19,44,40,image_45,107.40255705000615
16,1,screening,20,51,46,image_52,113.39311105000614
16,1,screening,21,14,13,image_15,114.58498505000614
16,1,screening,22,50,45,image_51,115.71403705000614
16,1,screening,23,7,7,image_8,116.92446705000614
16,1,screening,24,4,4,image_5,118.14392805000615
16,1,screening,25,52,47,image_53,119.33764605000614
16,1,screening,26,57,52,image_58,120.53885905000615
16,1,screening,27,31,28,image_32,121.73921305000614
16,1,screening,28,22,20,image_23,122.90549705000615
16,1,screening,29,26,24,image_27,124.09728005000615
16,1,screening,30,56,51,image_57,125.24064705000615
16,1,screening,31,40,36,image_41,126.43897305000614
16,1,screening,32,33,30,image_34,127.56799505000615
16,1,screening,33,53,48,image_54,128.72091605000614
16,1,screening,34,28,26,image_29,133.19651305000613
16,1,screening,35,54,49,image_55,134.33299905000615
16,1,screening,36,27,25,image_28,135.54081805000615
16,1,screening,37,46,42,image_47,136.73588705000614
16,1,screening,38,20,18,image_21,137.89357005000613
16,1,screening,39,47,43,image_48,139.11548905000615
16,1,screening,40,15,14,image_16,140.24466405000615
16,1,screening,41,0,0,image_1,141.41411305000614
16,1,screening,42,38,35,image_39,142.57877005000614
16,1,screening,43,24,22,image_25,143.78081305000615
16,1,screening,44,1,1,image_2,144.99244005000614
16,1,screening,45,3,3,image_4,146.13663705000616
16,1,screening,46,18,17,image_19,147.31100105000615
16,1,screening,47,25,23,image_26,148.48115705000615
16,1,screening,48,42,38,image_43,149.67137305000614
16,1,screening,49,13,12,image_14,150.86779405000615
16,1,screening,50,8,8,image_9,152.06885305000614
16,1,screening,51,21,19,image_22,153.22180605000614
16,1,screening,52,10,9,image_11,156.55074805000615
16,1,screening,53,12,11,image_13,157.74323705000614
16,1,screening,54,48,44,image_49,158.88786405000616
16,1,screening,55,41,37,image_42,160.02514905000615
16,1,screening,56,40,36,image_41,161.20654805000615
16,1,screening,57,0,0,image_1,162.42886605000615
16,1,screening,58,45,41,image_46,163.58906905000615
16,1,screening,59,14,13,image_15,164.77569005000615
16,1,screening,60,15,14,image_16,165.92397305000614
16,1,screening,61,51,46,image_52,167.12521705000614
16,1,screening,62,55,50,image_56,170.22744505000614
16,1,screening,63,24,22,image_25,171.40488205000614
16,1,screening,64,5,5,image_6,172.60068805000614
16,1,screening,65,21,19,image_22,173.81569505000616
16,1,screening,66,25,23,image_26,175.05285105000615
16,1,screening,67,18,17,image_19,176.23357405000615
16,1,screening,68,7,7,image_8,177.37291705000615
16,1,screening,69,16,15,image_17,178.51352005000615
16,1,screening,70,57,52,image_58,179.66478305000615
16,1,screening,71,34,31,image_35,180.88098805000615
16,1,screening,72,53,48,image_54,182.03206605000614
16,1,screening,73,50,45,image_51,183.23951605000613
16,1,screening,74,3,3,image_4,184.38942705000613
16,1,screening,75,23,21,image_24,185.60802805000614
16,1,screening,76,28,26,image_29,186.76841405000613
16,1,screening,77,37,34,image_38,187.91384005000614
16,1,screening,78,47,43,image_48,189.06494905000613
16,1,screening,79,27,25,image_28,190.25194005000614
16,1,screening,80,1,1,image_2,191.42538205000614
16,1,screening,81,8,8,image_9,192.58601405000616
16,1,screening,82,54,49,image_55,196.11005905000613
16,1,screening,83,42,38,image_43,197.29511405000613
16,1,screening,84,13,12,image_14,198.47574505000614
16,1,screening,85,32,29,image_33,199.69296405000614
16,1,screening,86,38,35,image_39,200.84800505000615
16,1,screening,87,46,42,image_47,202.04937205000616
16,1,screening,88,31,28,image_32,203.25043205000614
16,1,screening,89,4,4,image_5,204.41468905000613
16,1,screening,90,56,51,image_57,205.59716305000615
16,1,screening,91,26,24,image_27,206.73011705000613
16,1,screening,92,58,53,image_59,207.86162705000615
16,1,screening,93,10,9,image_11,219.16041205000613
16,1,screening,94,6,6,image_7,220.37059605000613
16,1,screening,95,36,33,image_37,221.58901205000615
16,1,screening,96,35,32,image_36,222.72734205000614
16,1,screening,97,43,39,image_44,223.91258105000614
16,1,screening,98,52,47,image_53,225.08531705000615
16,1,screening,99,20,18,image_21,226.21264905000615
16,1,screening,100,30,27,image_31,227.37217505000615
16,1,screening,101,17,16,image_18,228.51563505000615
16,1,screening,102,11,10,image_12,229.72050405000613
16,1,screening,103,33,30,image_34,230.87760405000614
16,1,screening,104,22,20,image_23,232.05577705000613
16,1,screening,105,44,40,image_45,235.65232105000615
16,1,screening,106,12,11,image_13,236.83842005000614
16,1,screening,107,2,2,image_3,237.99020505000615
16,1,screening,108,15,14,image_16,239.18122005000615
16,1,screening,109,47,43,image_48,240.37518305000614
16,1,screening,110,41,37,image_42,241.57541305000615
16,1,screening,111,11,10,image_12,242.74704405000614
16,1,screening,112,3,3,image_4,243.88147205000615
16,1,screening,113,20,18,image_21,245.03024605000613
16,1,screening,114,13,12,image_14,246.24820205000614
16,1,screening,115,56,51,image_57,247.38954205000613
16,1,screening,116,43,39,image_44,248.59788305000615
16,1,screening,117,30,27,image_31,253.66526905000615
16,1,screening,118,34,31,image_35,254.89204205000613
16,1,screening,119,28,26,image_29,256.0254870500061
16,1,screening,120,6,6,image_7,257.19598105000614
16,1,screening,121,26,24,image_27,258.33280505000613
16,1,screening,122,44,40,image_45,259.55564505000615
16,1,screening,123,4,4,image_5,260.68144105000613
16,1,screening,124,42,38,image_43,261.8842520500061
16,1,screening,125,45,41,image_46,263.0910260500061
16,1,screening,126,22,20,image_23,264.30265305000614
16,1,screening,127,27,25,image_28,265.4367130500061
16,1,screening,128,53,48,image_54,266.6022600500061
16,1,screening,129,37,34,image_38,271.7731430500061
16,1,screening,130,55,50,image_56,272.98071505000615
16,1,screening,131,58,53,image_59,274.1495190500061
16,1,screening,132,21,19,image_22,275.36722905000613
16,1,screening,133,40,36,image_41,276.51151805000615
16,1,screening,134,46,42,image_47,280.01135605000616
16,1,screening,135,24,22,image_25,281.1587480500061
16,1,screening,136,12,11,image_13,282.2976000500061
16,1,screening,137,2,2,image_3,285.64153305000616
16,1,screening,138,52,47,image_53,286.82557405000614
16,1,screening,139,51,46,image_52,288.00617405000617
16,1,screening,140,38,35,image_39,289.14653205000616
16,1,screening,141,8,8,image_9,290.35822105000614
16,1,screening,142,33,30,image_34,291.54659305000615
16,1,screening,143,32,29,image_33,292.7079010500061
16,1,screening,144,36,33,image_37,293.88509205000616
16,1,screening,145,0,0,image_1,295.05140705000616
16,1,screening,146,1,1,image_2,296.18654205000615
16,1,screening,147,16,15,image_17,297.3267760500061
16,1,screening,148,57,52,image_58,298.47392205000614
16,1,screening,149,23,21,image_24,299.6208840500061
16,1,screening,150,17,16,image_18,300.76600305000613
16,1,screening,151,7,7,image_8,301.93161205000615
16,1,screening,152,35,32,image_36,304.93267905000613
16,1,screening,153,18,17,image_19,306.1527860500061
16,1,screening,154,31,28,image_32,307.3737210500061
16,1,screening,155,54,49,image_55,308.5493760500061
16,1,screening,156,48,44,image_49,309.72331005000615
16,1,screening,157,25,23,image_26,310.88256005000613
16,1,screening,158,5,5,image_6,312.0991330500061
16,1,screening,159,50,45,image_51,313.26087105000613
16,1,screening,160,14,13,image_15,314.39751105000613
16,1,screening,161,10,9,image_11,315.60198105000615
16,1,screening,162,12,11,image_13,316.76645305000613
16,1,screening,163,13,12,image_14,317.9161800500061
16,1,screening,164,7,7,image_8,319.08261905000614
16,1,screening,165,30,27,image_31,320.21824505000615
16,1,screening,166,2,2,image_3,323.76167405000615
16,1,screening,167,3,3,image_4,324.98285505000615
16,1,screening,168,14,13,image_15,326.20465105000613
16,1,screening,169,25,23,image_26,327.3879240500061
16,1,screening,170,23,21,image_24,330.6872520500061
16,1,screening,171,58,53,image_59,331.83768505000614
16,1,screening,172,53,48,image_54,332.9989630500061
16,1,screening,173,56,51,image_57,334.20687305000615
16,1,screening,174,8,8,image_9,335.3337140500061
16,1,screening,175,0,0,image_1,336.4545640500061
16,1,screening,176,21,19,image_22,337.5960270500061
16,1,screening,177,54,49,image_55,338.78587405000616
16,1,screening,178,36,33,image_37,339.98542805000613
16,1,screening,179,46,42,image_47,341.1753670500061
16,1,screening,180,10,9,image_11,342.3465670500061
16,1,screening,181,26,24,image_27,343.5266150500061
16,1,screening,182,43,39,image_44,344.68190205000616
16,1,screening,183,1,1,image_2,345.88188605000613
16,1,screening,184,34,31,image_35,347.02660605000614
16,1,screening,185,35,32,image_36,348.22112205000616
16,1,screening,186,18,17,image_19,349.3655040500061
16,1,screening,187,55,50,image_56,350.53409305000616
16,1,screening,188,33,30,image_34,351.72252605000614
16,1,screening,189,37,34,image_38,352.9268730500061
16,1,screening,190,38,35,image_39,354.06117905000616
16,1,screening,191,45,41,image_46,355.27944205000614
16,1,screening,192,20,18,image_21,356.4682130500061
16,1,screening,193,50,45,image_51,357.64094905000616
16,1,screening,194,6,6,image_7,358.8100910500061
16,1,screening,195,52,47,image_53,359.98107605000615
16,1,screening,196,51,46,image_52,361.13728505000614
16,1,screening,197,27,25,image_28,362.31352305000615
16,1,screening,198,42,38,image_43,363.4907440500061
16,1,screening,199,17,16,image_18,364.6977640500061
16,1,screening,200,15,14,image_16,365.90272505000615
16,1,screening,201,24,22,image_25,370.7751010500061
16,1,screening,202,16,15,image_17,371.9398190500061
16,1,screening,203,22,20,image_23,373.14696205000615
16,1,screening,204,32,29,image_33,374.32651705000615
16,1,screening,205,28,26,image_29,375.4877330500061
16,1,screening,206,41,37,image_42,376.70716405000616
16,1,screening,207,44,40,image_45,377.92017405000615
16,1,screening,208,40,36,image_41,379.10126605000613
16,1,screening,209,11,10,image_12,380.28945405000616
16,1,screening,210,57,52,image_58,381.47380205000616
16,1,screening,211,48,44,image_49,386.2595480500061
16,1,screening,212,31,28,image_32,387.4169240500061
16,1,screening,213,47,43,image_48,388.59012105000613
16,1,screening,214,4,4,image_5,389.73880305000614
16,1,screening,215,5,5,image_6,390.9487100500061
16,1,screening,216,30,27,image_31,392.09376705000614
16,1,screening,217,48,44,image_49,393.2486550500061
16,1,screening,218,26,24,image_27,394.3915930500061
16,1,screening,219,53,48,image_54,395.5408890500061
16,1,screening,220,12,11,image_13,396.7098160500061
16,1,screening,221,21,19,image_22,397.86654705000615
16,1,screening,222,57,52,image_58,399.08496405000614
16,1,screening,223,1,1,image_2,400.2551810500061
16,1,screening,224,7,7,image_8,401.39925505000616
16,1,screening,225,20,18,image_21,402.6157670500061
16,1,screening,226,0,0,image_1,406.41417205000613
16,1,screening,227,2,2,image_3,407.5842970500061
16,1,screening,228,41,37,image_42,408.7220430500061
16,1,screening,229,35,32,image_36,409.87330505000614
16,1,screening,230,13,12,image_14,411.03983605000616
16,1,screening,231,54,49,image_55,412.22547405000614
16,1,screening,232,16,15,image_17,413.3775660500061
16,1,screening,233,27,25,image_28,414.56388105000616
16,1,screening,234,22,20,image_23,415.7608550500061
16,1,screening,235,4,4,image_5,416.90889205000616
16,1,screening,236,23,21,image_24,418.04722105000616
16,1,screening,237,55,50,image_56,419.20198605000616
16,1,screening,238,46,42,image_47,423.29029605000613
16,1,screening,239,45,41,image_46,424.45956105000613
16,1,screening,240,14,13,image_15,425.63638205000615
16,1,screening,241,24,22,image_25,426.7747430500061
16,1,screening,242,6,6,image_7,427.9272340500061
16,1,screening,243,3,3,image_4,429.13993705000615
16,1,screening,244,11,10,image_12,430.2677910500061
16,1,screening,245,36,33,image_37,431.4859310500061
16,1,screening,246,33,30,image_34,432.68530105000616
16,1,screening,247,42,38,image_43,433.8596040500061
16,1,screening,248,25,23,image_26,435.04296905000615
16,1,screening,249,40,36,image_41,436.1918970500061
16,1,screening,250,38,35,image_39,437.36285205000615
16,1,screening,251,34,31,image_35,438.5852620500061
16,1,screening,252,15,14,image_16,439.76537105000614
16,1,screening,253,17,16,image_18,440.9434210500061
16,1,screening,254,43,39,image_44,442.0924720500061
16,1,screening,255,44,40,image_45,443.2666210500061
16,1,screening,256,56,51,image_57,444.45496305000614
16,1,screening,257,18,17,image_19,445.64791305000614
16,1,screening,258,58,53,image_59,446.8134290500061
16,1,screening,259,32,29,image_33,447.97639705000614
16,1,screening,260,52,47,image_53,449.20061905000614
16,1,screening,261,28,26,image_29,450.32997905000616
16,1,screening,262,50,45,image_51,451.5437260500061
16,1,screening,263,8,8,image_9,452.76023805000614
16,1,screening,264,51,46,image_52,453.9651070500061
16,1,screening,265,5,5,image_6,455.10002705000613
16,1,screening,266,31,28,image_32,456.2526100500061
16,1,screening,267,37,34,image_38,457.41136905000616
16,1,screening,268,10,9,image_11,458.60410305000613
16,1,screening,269,47,43,image_48,459.74323205000616
16,1,screening,270,25,23,image_26,460.94149605000615
16,1,screening,271,11,10,image_12,462.07804405000616
16,1,screening,272,35,32,image_36,463.26905805000615
16,1,screening,273,33,30,image_34,464.4446210500061
16,1,screening,274,36,33,image_37,465.64838405000614
16,1,screening,275,53,48,image_54,466.8458190500061
16,1,screening,276,38,35,image_39,468.06190105000616
16,1,screening,277,0,0,image_1,469.28403405000614
16,1,screening,278,54,49,image_55,470.44285405000613
16,1,screening,279,43,39,image_44,471.6378620500061
16,1,screening,280,27,25,image_28,472.78285805000615
16,1,screening,281,55,50,image_56,473.9114490500061
16,1,screening,282,22,20,image_23,475.1112500500061
16,1,screening,283,10,9,image_11,478.5267910500061
16,1,screening,284,23,21,image_24,479.7006330500061
16,1,screening,285,7,7,image_8,480.91720705000614
16,1,screening,286,56,51,image_57,482.10432005000615
16,1,screening,287,51,46,image_52,483.2911560500061
16,1,screening,288,50,45,image_51,484.50336705000615
16,1,screening,289,32,29,image_33,485.7094960500061
16,1,screening,290,14,13,image_15,486.8830610500061
16,1,screening,291,26,24,image_27,488.0268590500061
16,1,screening,292,2,2,image_3,489.1762480500061
16,1,screening,293,13,12,image_14,490.38971905000614
16,1,screening,294,31,28,image_32,493.6591560500061
16,1,screening,295,45,41,image_46,494.8341650500061
16,1,screening,296,37,34,image_38,495.9768570500061
16,1,screening,297,21,19,image_22,497.20003605000613
16,1,screening,298,16,15,image_17,498.3968250500061
16,1,screening,299,17,16,image_18,499.57318605000614
16,1,screening,300,47,43,image_48,500.7454310500061
16,1,screening,301,1,1,image_2,501.87681805000614
16,1,screening,302,44,40,image_45,503.07078105000613
16,1,screening,303,34,31,image_35,504.2012160500061
16,1,screening,304,8,8,image_9,505.33453805000613
16,1,screening,305,30,27,image_31,506.5124350500061
16,1,screening,306,4,4,image_5,507.6475390500061
16,1,screening,307,42,38,image_43,508.8545580500061
16,1,screening,308,12,11,image_13,510.0616700500061
16,1,screening,309,3,3,image_4,511.2594120500061
16,1,screening,310,48,44,image_49,514.7425380500061
16,1,screening,311,58,53,image_59,515.9333070500061
16,1,screening,312,20,18,image_21,517.1104660500062
16,1,screening,313,41,37,image_42,518.3334290500061
16,1,screening,314,40,36,image_41,519.5238910500061
16,1,screening,315,52,47,image_53,520.7305110500062
16,1,screening,316,57,52,image_58,521.9012810500061
16,1,screening,317,18,17,image_19,523.0698080500061
16,1,screening,318,24,22,image_25,524.2777490500062
16,1,screening,319,6,6,image_7,525.4123930500061
16,1,screening,320,5,5,image_6,526.5518590500061
16,1,screening,321,15,14,image_16,527.6957490500062
16,1,screening,322,46,42,image_47,528.8608360500061
16,1,screening,323,28,26,image_29,532.7392970500061
16,2,sternberg,0,4,4,image_42,224.2413162913134
16,2,sternberg,1,2,2,image_24,226.8070812913134
16,2,sternberg,2,5,5,image_999,226.8170812913134
16,2,sternberg,3,1,1,image_23,232.0571602913134
16,2,sternberg,4,2,2,image_24,241.1000222913134
16,2,sternberg,5,1,1,image_23,243.8051952913134
16,2,sternberg,6,5,5,image_999,243.8151952913134
16,2,sternberg,7,1,1,image_23,248.9704252913134
16,2,sternberg,8,1,1,image_23,252.5611012913134
16,2,sternberg,9,5,5,image_999,252.5711012913134
16,2,sternberg,10,5,5,image_999,252.5811012913134
16,2,sternberg,11,1,1,image_23,257.7720732913134
16,2,sternberg,12,0,0,image_5,260.81378329131337
16,2,sternberg,13,2,2,image_24,263.3504872913134
16,2,sternberg,14,4,4,image_42,265.8890962913134
16,2,sternberg,15,0,0,image_5,271.0700552913134
16,2,sternberg,16,0,0,image_5,275.4512492913134
16,2,sternberg,17,2,2,image_24,278.1458232913134
16,2,sternberg,18,5,5,image_999,278.15582329131337
16,2,sternberg,19,1,1,image_23,283.2876752913134
16,2,sternberg,20,1,1,image_23,287.6432802913134
16,2,sternberg,21,5,5,image_999,287.65328029131337
16,2,sternberg,22,5,5,image_999,287.66328029131336
16,2,sternberg,23,2,2,image_24,292.8456812913134
16,2,sternberg,24,1,1,image_23,297.0963152913134
16,2,sternberg,25,4,4,image_42,299.6634012913134
16,2,sternberg,26,5,5,image_999,299.6734012913134
16,2,sternberg,27,1,1,image_23,304.9283492913134
16,2,sternberg,28,3,3,image_29,309.0189322913134
16,2,sternberg,29,1,1,image_23,311.53809529131337
16,2,sternberg,30,0,0,image_5,314.1533802913134
16,2,sternberg,31,1,1,image_23,319.4412452913134
16,2,sternberg,32,3,3,image_29,323.58909029131337
16,2,sternberg,33,5,5,image_999,323.59909029131336
16,2,sternberg,34,5,5,image_999,323.60909029131335
16,2,sternberg,35,3,3,image_29,328.6668602913134
16,2,sternberg,36,1,1,image_23,331.8788822913134
16,2,sternberg,37,3,3,image_29,334.4938912913134
16,2,sternberg,38,0,0,image_5,337.0370772913134
16,2,sternberg,39,2,2,image_24,342.2308462913134
16,2,sternberg,40,2,2,image_24,345.92673829131337
16,2,sternberg,41,5,5,image_999,345.93673829131336
16,2,sternberg,42,5,5,image_999,345.94673829131335
16,2,sternberg,43,2,2,image_24,351.0740892913134
16,2,sternberg,44,1,1,image_23,354.1254762913134
16,2,sternberg,45,2,2,image_24,356.8018642913134
16,2,sternberg,46,5,5,image_999,356.8118642913134
16,2,sternberg,47,2,2,image_24,362.0614052913134
16,2,sternberg,48,1,1,image_23,365.1482732913134
16,2,sternberg,49,5,5,image_999,365.1582732913134
16,2,sternberg,50,5,5,image_999,365.16827329131337
16,2,sternberg,51,2,2,image_24,370.3893512913134
16,2,sternberg,52,1,1,image_23,374.1631802913134
16,2,sternberg,53,5,5,image_999,374.1731802913134
16,2,sternberg,54,5,5,image_999,374.18318029131336
16,2,sternberg,55,3,3,image_29,379.25704729131337
16,2,sternberg,56,0,0,image_5,382.8087102913134
16,2,sternberg,57,1,1,image_23,385.4997822913134
16,2,sternberg,58,2,2,image_24,388.0453022913134
16,2,sternberg,59,1,1,image_23,393.1621792913134
16,2,sternberg,60,2,2,image_24,397.9484782913134
16,2,sternberg,61,5,5,image_999,397.9584782913134
16,2,sternberg,62,5,5,image_999,397.9684782913134
16,2,sternberg,63,2,2,image_24,403.1104522913134
16,2,sternberg,64,2,2,image_24,405.8265302913134
16,2,sternberg,65,3,3,image_29,408.4383752913134
16,2,sternberg,66,4,4,image_42,411.0281022913134
16,2,sternberg,67,0,0,image_5,416.1177912913134
16,2,sternberg,68,4,4,image_42,419.74106229131337
16,2,sternberg,69,3,3,image_29,422.3337372913134
16,2,sternberg,70,1,1,image_23,424.8584612913134
16,2,sternberg,71,3,3,image_29,430.1809772913134
16,2,sternberg,72,4,4,image_42,434.6814572913134
16,2,sternberg,73,1,1,image_23,437.3709322913134
16,2,sternberg,74,5,5,image_999,437.3809322913134
16,2,sternberg,75,3,3,image_29,442.4979462913134
16,2,sternberg,76,1,1,image_23,448.6181072913134
16,2,sternberg,77,4,4,image_42,451.2080492913134
16,2,sternberg,78,3,3,image_29,453.7375342913134
16,2,sternberg,79,4,4,image_42,458.9039622913134
16,2,sternberg,80,1,1,image_23,463.0159262913134
16,2,sternberg,81,2,2,image_24,465.5718612913134
16,2,sternberg,82,0,0,image_5,468.15138929131336
16,2,sternberg,83,1,1,image_23,473.3654942913134
16,2,sternberg,84,1,1,image_23,476.7035912913134
16,2,sternberg,85,2,2,image_24,479.35915129131337
16,2,sternberg,86,3,3,image_29,481.99790629131337
16,2,sternberg,87,0,0,image_5,487.19551529131337
16,2,sternberg,88,4,4,image_42,490.9793592913134
16,2,sternberg,89,5,5,image_999,490.9893592913134
16,2,sternberg,90,5,5,image_999,490.9993592913134
16,2,sternberg,91,2,2,image_24,496.1879352913134
16,2,sternberg,92,2,2,image_24,499.6814142913134
16,2,sternberg,93,1,1,image_23,502.2069052913134
16,2,sternberg,94,0,0,image_5,504.9006192913134
16,2,sternberg,95,0,0,image_5,510.1509742913134
16,2,sternberg,96,0,0,image_5,517.6958372913134
16,2,sternberg,97,5,5,image_999,517.7058372913134
16,2,sternberg,98,5,5,image_999,517.7158372913134
16,2,sternberg,99,4,4,image_42,522.9004502913134
16,2,sternberg,100,4,4,image_42,527.0447622913134
16,2,sternberg,101,1,1,image_23,529.6295432913134
16,2,sternberg,102,5,5,image_999,529.6395432913134
16,2,sternberg,103,3,3,image_29,534.8852132913133
16,2,sternberg,104,4,4,image_42,538.2459192913134
16,2,sternberg,105,3,3,image_29,540.8659672913134
16,2,sternberg,106,2,2,image_24,543.4991932913134
16,2,sternberg,107,0,0,image_5,548.6820562913134
16,2,sternberg,108,3,3,image_29,552.3831402913133
16,2,sternberg,109,4,4,image_42,555.0606342913134
16,2,sternberg,110,5,5,image_999,555.0706342913134
16,2,sternberg,111,1,1,image_23,560.1589562913134
16,2,sternberg,112,0,0,image_5,563.5957872913134
16,2,sternberg,113,5,5,image_999,563.6057872913134
16,2,sternberg,114,5,5,image_999,563.6157872913134
16,2,sternberg,115,0,0,image_5,568.7952392913134
16,2,sternberg,116,0,0,image_5,571.9411202913134
16,2,sternberg,117,3,3,image_29,574.6456482913134
16,2,sternberg,118,4,4,image_42,577.2424712913133
16,2,sternberg,119,1,1,image_23,582.3424522913134
16,2,sternberg,120,4,4,image_42,585.1943432913134
16,2,sternberg,121,5,5,image_999,585.2043432913134
16,2,sternberg,122,5,5,image_999,585.2143432913134
16,2,sternberg,123,4,4,image_42,590.4376322913134
16,2,sternberg,124,2,2,image_24,594.4684342913134
16,2,sternberg,125,3,3,image_29,597.0409892913134
16,2,sternberg,126,5,5,image_999,597.0509892913134
16,2,sternberg,127,2,2,image_24,602.2228382913133
16,2,sternberg,128,1,1,image_23,605.9364252913134
16,2,sternberg,129,3,3,image_29,608.4585072913134
16,2,sternberg,130,5,5,image_999,608.4685072913134
16,2,sternberg,131,2,2,image_24,613.7588132913133
16,2,sternberg,132,2,2,image_24,616.6016722913134
16,2,sternberg,133,0,0,image_5,619.2015362913133
16,2,sternberg,134,4,4,image_42,621.9023772913134
16,2,sternberg,135,4,4,image_42,627.1066222913133
16,2,sternberg,136,2,2,image_24,631.5647702913134
16,2,sternberg,137,5,5,image_999,631.5747702913134
16,2,sternberg,138,5,5,image_999,631.5847702913134
16,2,sternberg,139,0,0,image_5,636.7809642913134
16,2,sternberg,140,3,3,image_29,639.7694372913134
16,2,sternberg,141,0,0,image_5,642.4559932913133
16,2,sternberg,142,2,2,image_24,645.1473412913134
16,2,sternberg,143,4,4,image_42,650.3616622913133
16,2,sternberg,144,3,3,image_29,653.3107512913134
16,2,sternberg,145,4,4,image_42,655.8463192913134
16,2,sternberg,146,5,5,image_999,655.8563192913134
16,2,sternberg,147,4,4,image_42,661.0497642913134
16,2,sternberg,148,4,4,image_42,664.0258562913134
16,2,sternberg,149,5,5,image_999,664.0358562913134
16,2,sternberg,150,5,5,image_999,664.0458562913134
16,2,sternberg,151,4,4,image_42,669.2974082913133
16,2,sternberg,152,4,4,image_42,672.8642462913134
16,2,sternberg,153,3,3,image_29,675.4125932913133
16,2,sternberg,154,5,5,image_999,675.4225932913133
16,2,sternberg,155,1,1,image_23,680.5479022913133
16,2,sternberg,156,4,4,image_42,683.4509422913134
16,2,sternberg,157,5,5,image_999,683.4609422913134
16,2,sternberg,158,5,5,image_999,683.4709422913133
16,2,sternberg,159,3,3,image_29,688.6764452913134
16,2,sternberg,160,4,4,image_42,691.4967562913134
16,2,sternberg,161,5,5,image_999,691.5067562913134
16,2,sternberg,162,5,5,image_999,691.5167562913134
16,2,sternberg,163,4,4,image_42,696.6055532913134
16,2,sternberg,164,0,0,image_5,699.8010172913134
16,2,sternberg,165,2,2,image_24,702.3435882913134
16,2,sternberg,166,5,5,image_999,702.3535882913134
16,2,sternberg,167,2,2,image_24,707.6590702913134
16,2,sternberg,168,0,0,image_5,710.3667312913134
16,2,sternberg,169,2,2,image_24,713.0119992913134
16,2,sternberg,170,5,5,image_999,713.0219992913134
16,2,sternberg,171,4,4,image_42,718.0814752913134
16,2,sternberg,172,4,4,image_42,721.1539972913134
16,2,sternberg,173,2,2,image_24,723.8269142913134
16,2,sternberg,174,1,1,image_23,726.4809372913134
16,2,sternberg,175,0,0,image_5,731.6294252913134
16,2,sternberg,176,1,1,image_23,736.2086102913133
16,2,sternberg,177,5,5,image_999,736.2186102913133
16,2,sternberg,178,5,5,image_999,736.2286102913133
16,2,sternberg,179,0,0,image_5,741.4691642913134
16,2,sternberg,180,1,1,image_23,744.2070532913134
16,2,sternberg,181,5,5,image_999,744.2170532913134
16,2,sternberg,182,5,5,image_999,744.2270532913134
16,2,sternberg,183,1,1,image_23,749.2983402913134
16,2,sternberg,184,0,0,image_5,752.1236592913134
16,2,sternberg,185,2,2,image_24,754.6456792913134
16,2,sternberg,186,1,1,image_23,757.2341762913134
16,2,sternberg,187,4,4,image_42,762.4199582913134
16,2,sternberg,188,2,2,image_24,765.4878112913134
16,2,sternberg,189,4,4,image_42,768.0843582913134
16,2,sternberg,190,3,3,image_29,770.5962712913134
16,2,sternberg,191,2,2,image_24,775.8610642913134
16,2,sternberg,192,1,1,image_23,778.4009632913134
16,2,sternberg,193,5,5,image_999,778.4109632913134
16,2,sternberg,194,5,5,image_999,778.4209632913133
16,2,sternberg,195,4,4,image_42,783.5738122913134
16,2,sternberg,196,0,0,image_5,786.1496222913133
16,2,sternberg,197,2,2,image_24,788.8058882913134
16,2,sternberg,198,5,5,image_999,788.8158882913134
16,2,sternberg,199,1,1,image_23,793.9402762913134
16,2,sternberg,200,3,3,image_29,796.8667862913134
16,2,sternberg,201,1,1,image_23,799.5722962913134
16,2,sternberg,202,4,4,image_42,802.1426082913134
16,2,sternberg,203,0,0,image_5,807.3937922913134
16,2,sternberg,204,2,2,image_24,810.1871312913133
16,2,sternberg,205,3,3,image_29,812.7323452913133
16,2,sternberg,206,1,1,image_23,815.2663762913133
16,2,sternberg,207,4,4,image_42,820.5256092913133
16,2,sternberg,208,2,2,image_24,823.5067402913133
16,2,sternberg,209,0,0,image_5,826.1498582913134
16,2,sternberg,210,3,3,image_29,828.6970992913134
16,2,sternberg,211,0,0,image_5,833.8567072913133
16,2,sternberg,212,4,4,image_42,837.3474512913134
16,2,sternberg,213,3,3,image_29,839.9844562913133
16,2,sternberg,214,2,2,image_24,842.5694832913134
16,2,sternberg,215,2,2,image_24,847.7031632913133
16,2,sternberg,216,3,3,image_29,942.5537442913134
16,2,sternberg,217,2,2,image_24,945.1402452913134
16,2,sternberg,218,0,0,image_5,947.7655152913134
16,2,sternberg,219,1,1,image_23,952.8901022913134
16,2,sternberg,220,0,0,image_5,956.1877102913134
16,2,sternberg,221,5,5,image_999,956.1977102913133
16,2,sternberg,222,5,5,image_999,956.2077102913133
16,2,sternberg,223,0,0,image_5,961.5003962913133
16,2,sternberg,224,2,2,image_24,965.4157832913133
16,2,sternberg,225,5,5,image_999,965.4257832913133
16,2,sternberg,226,5,5,image_999,965.4357832913133
16,2,sternberg,227,3,3,image_29,970.7258582913133
16,2,sternberg,228,3,3,image_29,974.0584552913134
16,2,sternberg,229,4,4,image_42,976.5784482913134
16,2,sternberg,230,1,1,image_23,979.1734582913134
16,2,sternberg,231,2,2,image_24,984.3064632913133
16,2,sternberg,232,2,2,image_24,988.0471762913133
16,2,sternberg,233,5,5,image_999,988.0571762913133
16,2,sternberg,234,5,5,image_999,988.0671762913133
16,2,sternberg,235,2,2,image_24,993.2519122913134
16,2,sternberg,236,2,2,image_24,997.1917522913134
16,2,sternberg,237,5,5,image_999,997.2017522913134
16,2,sternberg,238,5,5,image_999,997.2117522913134
16,2,sternberg,239,3,3,image_29,1002.2587092913134
16,2,sternberg,240,3,3,image_29,1005.1760952913133
16,2,sternberg,241,5,5,image_999,1005.1860952913133
16,2,sternberg,242,5,5,image_999,1005.1960952913133
16,2,sternberg,243,3,3,image_29,1010.3870372913134
16,2,sternberg,244,3,3,image_29,1013.0673262913134
16,2,sternberg,245,0,0,image_5,1015.6423682913133
16,2,sternberg,246,1,1,image_23,1018.1733282913134
16,2,sternberg,247,3,3,image_29,1023.4189522913134
16,2,sternberg,248,3,3,image_29,1025.9324632913133
16,2,sternberg,249,5,5,image_999,1025.9424632913133
16,2,sternberg,250,5,5,image_999,1025.9524632913133
16,2,sternberg,251,4,4,image_42,1031.0321672913133
16,2,sternberg,252,2,2,image_24,1033.7058822913134
16,2,sternberg,253,0,0,image_5,1036.4003332913135
16,2,sternberg,254,5,5,image_999,1036.4103332913135
16,2,sternberg,255,2,2,image_24,1041.6371102913133
16,2,sternberg,256,1,1,image_23,1045.8948412913135
16,2,sternberg,257,0,0,image_5,1048.5399252913135
16,2,sternberg,258,5,5,image_999,1048.5499252913135
16,2,sternberg,259,0,0,image_5,1053.7051242913133
16,2,sternberg,260,3,3,image_29,1056.9432892913132
16,2,sternberg,261,5,5,image_999,1056.9532892913132
16,2,sternberg,262,5,5,image_999,1056.9632892913132
16,2,sternberg,263,3,3,image_29,1062.0995182913134
16,2,sternberg,264,3,3,image_29,1064.6591082913133
16,2,sternberg,265,1,1,image_23,1067.3035782913134
16,2,sternberg,266,2,2,image_24,1069.8134942913134
16,2,sternberg,267,1,1,image_23,1075.0152202913134
16,2,sternberg,268,4,4,image_42,1077.8722412913135
16,2,sternberg,269,5,5,image_999,1077.8822412913134
16,2,sternberg,270,5,5,image_999,1077.8922412913134
16,2,sternberg,271,4,4,image_42,1083.0437992913135
16,2,sternberg,272,0,0,image_5,1085.7568362913134
16,2,sternberg,273,2,2,image_24,1088.3605412913134
16,2,sternberg,274,3,3,image_29,1090.8750652913134
16,2,sternberg,275,3,3,image_29,1096.0258562913134
16,2,sternberg,276,0,0,image_5,1099.4363292913133
16,2,sternberg,277,4,4,image_42,1102.0665452913133
16,2,sternberg,278,5,5,image_999,1102.0765452913133
16,2,sternberg,279,3,3,image_29,1107.2294712913133
16,2,sternberg,280,3,3,image_29,1110.5566012913134
16,2,sternberg,281,1,1,image_23,1113.2172292913133
16,2,sternberg,282,5,5,image_999,1113.2272292913133
16,2,sternberg,283,1,1,image_23,1118.3332152913133
16,2,sternberg,284,0,0,image_5,1121.6706362913133
16,2,sternberg,285,5,5,image_999,1121.6806362913132
16,2,sternberg,286,5,5,image_999,1121.6906362913132
16,2,sternberg,287,0,0,image_5,1126.8614872913133
16,2,sternberg,288,1,1,image_23,1129.5164322913133
16,2,sternberg,289,4,4,image_42,1132.1527912913134
16,2,sternberg,290,2,2,image_24,1134.8514512913134
16,2,sternberg,291,4,4,image_42,1140.0087252913133
16,2,sternberg,292,3,3,image_29,1144.1352502913135
16,2,sternberg,293,5,5,image_999,1144.1452502913135
16,2,sternberg,294,5,5,image_999,1144.1552502913135
16,2,sternberg,295,0,0,image_5,1149.3173152913134
16,2,sternberg,296,4,4,image_42,1152.2412452913134
16,2,sternberg,297,2,2,image_24,1154.8835952913134
16,2,sternberg,298,0,0,image_5,1157.4770082913133
16,2,sternberg,299,3,3,image_29,1162.7662852913134
16,2,sternberg,300,3,3,image_29,1167.3412002913133
16,2,sternberg,301,5,5,image_999,1167.3512002913133
16,2,sternberg,302,5,5,image_999,1167.3612002913133
16,2,sternberg,303,3,3,image_29,1172.5887292913133
16,2,sternberg,304,1,1,image_23,1175.3927892913134
16,2,sternberg,305,4,4,image_42,1178.0890832913133
16,2,sternberg,306,5,5,image_999,1178.0990832913133
16,2,sternberg,307,1,1,image_23,1183.3102242913133
16,2,sternberg,308,2,2,image_24,1186.1410412913133
16,2,sternberg,309,0,0,image_5,1188.7586622913134
16,2,sternberg,310,5,5,image_999,1188.7686622913134
16,2,sternberg,311,3,3,image_29,1193.9990332913133
16,2,sternberg,312,0,0,image_5,1197.1707192913134
16,2,sternberg,313,5,5,image_999,1197.1807192913134
16,2,sternberg,314,5,5,image_999,1197.1907192913134
16,2,sternberg,315,1,1,image_23,1202.2370622913134
16,2,sternberg,316,0,0,image_5,1205.0500612913133
16,2,sternberg,317,4,4,image_42,1207.7120722913135
16,2,sternberg,318,3,3,image_29,1210.3470492913134
16,2,sternberg,319,2,2,image_24,1215.6418872913134
16,2,sternberg,320,0,0,image_5,1218.5745722913134
16,2,sternberg,321,5,5,image_999,1218.5845722913134
16,2,sternberg,322,5,5,image_999,1218.5945722913134
16,2,sternberg,323,1,1,image_23,1223.7691702913135
16,2,sternberg,324,0,0,image_5,1226.5424802913133
16,2,sternberg,325,1,1,image_23,1229.1476892913133
16,2,sternberg,326,5,5,image_999,1229.1576892913133
16,2,sternberg,327,3,3,image_29,1234.3413662913133
16,2,sternberg,328,2,2,image_24,1236.9157332913132
16,2,sternberg,329,5,5,image_999,1236.9257332913132
16,2,sternberg,330,5,5,image_999,1236.9357332913132
16,2,sternberg,331,4,4,image_42,1242.0538372913134
16,2,sternberg,332,2,2,image_24,1244.6135812913133
16,2,sternberg,333,3,3,image_29,1247.1709292913133
16,2,sternberg,334,5,5,image_999,1247.1809292913133
16,2,sternberg,335,2,2,image_24,1252.3764332913133
16,2,sternberg,336,3,3,image_29,1256.1743472913133
16,2,sternberg,337,0,0,image_5,1258.8200762913134
16,2,sternberg,338,5,5,image_999,1258.8300762913134
16,2,sternberg,339,3,3,image_29,1264.0462242913134
16,2,sternberg,340,0,0,image_5,1266.9092972913134
16,2,sternberg,341,5,5,image_999,1266.9192972913133
16,2,sternberg,342,5,5,image_999,1266.9292972913133
16,2,sternberg,343,0,0,image_5,1272.0241772913134
16,2,sternberg,344,3,3,image_29,1274.7504852913135
16,2,sternberg,345,5,5,image_999,1274.7604852913134
16,2,sternberg,346,5,5,image_999,1274.7704852913134
16,2,sternberg,347,3,3,image_29,1279.9529172913133
16,2,sternberg,348,4,4,image_42,1282.2648732913133
16,2,sternberg,349,0,0,image_5,1284.8495312913133
16,2,sternberg,350,5,5,image_999,1284.8595312913133
16,2,sternberg,351,2,2,image_24,1290.0261592913134
16,2,sternberg,352,2,2,image_24,1293.0767472913133
16,2,sternberg,353,1,1,image_23,1295.6728632913134
16,2,sternberg,354,4,4,image_42,1298.3482992913134
16,2,sternberg,355,3,3,image_29,1303.5735252913134
16,2,sternberg,356,0,0,image_5,1306.6577212913132
16,2,sternberg,357,3,3,image_29,1309.3437242913133
16,2,sternberg,358,5,5,image_999,1309.3537242913133
16,2,sternberg,359,3,3,image_29,1314.5276322913132
16,2,sternberg,360,4,4,image_42,1318.0212022913133
16,2,sternberg,361,1,1,image_23,1320.6963612913135
16,2,sternberg,362,0,0,image_5,1323.3601232913134
16,2,sternberg,363,0,0,image_5,1328.5069212913133
16,2,sternberg,364,0,0,image_5,1331.4186242913133
16,2,sternberg,365,4,4,image_42,1334.0627872913133
16,2,sternberg,366,1,1,image_23,1336.6708542913134
16,2,sternberg,367,2,2,image_24,1341.8050262913134
16,2,sternberg,368,3,3,image_29,1344.9784022913134
16,2,sternberg,369,4,4,image_42,1347.6004152913133
16,2,sternberg,370,5,5,image_999,1347.6104152913133
16,2,sternberg,371,0,0,image_5,1352.9087702913134
16,2,sternberg,372,2,2,image_24,1355.6951662913134
16,2,sternberg,373,0,0,image_5,1358.4015672913133
16,2,sternberg,374,3,3,image_29,1360.9222352913134
16,2,sternberg,375,3,3,image_29,1366.2067202913133
16,2,sternberg,376,2,2,image_24,1369.1516322913133
16,2,sternberg,377,1,1,image_23,1371.8219062913133
16,2,sternberg,378,5,5,image_999,1371.8319062913133
16,2,sternberg,379,1,1,image_23,1376.9613322913133
16,2,sternberg,380,1,1,image_23,1380.1933832913132
16,2,sternberg,381,2,2,image_24,1382.8509392913134
16,2,sternberg,382,5,5,image_999,1382.8609392913133
16,2,sternberg,383,2,2,image_24,1388.0326352913135
16,2,sternberg,384,0,0,image_5,1391.0046422913133
16,2,sternberg,385,5,5,image_999,1391.0146422913133
16,2,sternberg,386,5,5,image_999,1391.0246422913133
16,2,sternberg,387,4,4,image_42,1396.2475632913133
16,2,sternberg,388,4,4,image_42,1399.3770712913133
16,2,sternberg,389,1,1,image_23,1402.0028012913133
16,2,sternberg,390,5,5,image_999,1402.0128012913133
16,2,sternberg,391,4,4,image_42,1407.2972702913135
16,2,sternberg,392,2,2,image_24,1411.7446352913134
16,2,sternberg,393,3,3,image_29,1414.3495682913133
16,2,sternberg,394,5,5,image_999,1414.3595682913133
16,2,sternberg,395,4,4,image_42,1419.5813692913134
16,2,sternberg,396,3,3,image_29,1422.5350352913133
16,2,sternberg,397,2,2,image_24,1425.1668482913133
16,2,sternberg,398,5,5,image_999,1425.1768482913133
16,2,sternberg,399,4,4,image_42,1430.2861522913133
16,2,sternberg,400,1,1,image_23,1433.8031932913134
16,2,sternberg,401,0,0,image_5,1436.3538742913133
16,2,sternberg,402,4,4,image_42,1438.8926062913133
16,2,sternberg,403,0,0,image_5,1443.9831562913134
16,2,sternberg,404,1,1,image_23,1448.8192212913134
16,2,sternberg,405,4,4,image_42,1451.4680842913133
16,2,sternberg,406,3,3,image_29,1454.0760582913133
16,2,sternberg,407,2,2,image_24,1459.2757252913134
16,2,sternberg,408,4,4,image_42,1462.2088092913134
16,2,sternberg,409,0,0,image_5,1464.8930922913135
16,2,sternberg,410,5,5,image_999,1464.9030922913134
16,2,sternberg,411,4,4,image_42,1470.0140242913133
16,2,sternberg,412,4,4,image_42,1473.0233862913133
16,2,sternberg,413,1,1,image_23,1475.5755422913132
16,2,sternberg,414,2,2,image_24,1478.2742332913133
16,2,sternberg,415,0,0,image_5,1483.3449372913133
16,2,sternberg,416,2,2,image_24,1485.9997912913134
16,2,sternberg,417,4,4,image_42,1488.6234012913133
16,2,sternberg,418,5,5,image_999,1488.6334012913132
16,2,sternberg,419,4,4,image_42,1493.7673432913134
16,2,sternberg,420,4,4,image_42,1496.7878562913133
16,2,sternberg,421,5,5,image_999,1496.7978562913133
16,2,sternberg,422,5,5,image_999,1496.8078562913133
16,2,sternberg,423,1,1,image_23,1502.0949822913133
16,2,sternberg,424,3,3,image_29,1504.9427562913133
16,2,sternberg,425,0,0,image_5,1507.5549702913133
16,2,sternberg,426,5,5,image_999,1507.5649702913133
16,2,sternberg,427,4,4,image_42,1512.6833982913133
16,2,sternberg,428,1,1,image_23,1516.2662102913134
16,2,sternberg,429,3,3,image_29,1518.8364602913134
16,2,sternberg,430,5,5,image_999,1518.8464602913134
16,2,sternberg,431,0,0,image_5,1523.9700792913134
17,1,screening,0,30,27,image_31,57.75495269566297
17,1,screening,1,25,23,image_26,59.471278695662974
17,1,screening,2,38,35,image_39,61.20453169566297
17,1,screening,3,16,15,image_17,62.85453369566297
17,1,screening,4,55,50,image_56,64.58784869566297
17,1,screening,5,43,39,image_44,66.28783169566297
17,1,screening,6,0,0,image_1,70.55444069566298
17,1,screening,7,40,36,image_41,72.22106169566297
17,1,screening,8,53,48,image_54,73.90433369566297
17,1,screening,9,46,42,image_47,75.63764769566298
17,1,screening,10,66,60,image_67,77.37093169566297
17,1,screening,11,18,17,image_19,79.02090269566297
17,1,screening,12,68,62,image_69,80.75427869566298
17,1,screening,13,11,10,image_12,82.48747069566298
17,1,screening,14,48,44,image_49,84.17080369566297
17,1,screening,15,17,16,image_18,85.88746869566297
17,1,screening,16,51,46,image_52,87.53740869566298
17,1,screening,17,1,1,image_2,89.20409169566297
17,1,screening,18,54,49,image_55,90.93734469566297
17,1,screening,19,13,12,image_14,92.65397869566297
17,1,screening,20,35,32,image_36,94.38738469566297
17,1,screening,21,44,40,image_45,96.08730669566297
17,1,screening,22,22,20,image_23,97.72053569566297
17,1,screening,23,27,25,image_28,99.43726169566297
17,1,screening,24,32,29,image_33,101.17051469566297
17,1,screening,25,60,54,image_61,102.87046769566297
17,1,screening,26,2,2,image_3,104.58710069566297
17,1,screening,27,4,4,image_5,106.30373469566297
17,1,screening,28,33,30,image_34,107.97029469566297
17,1,screening,29,31,28,image_32,109.67036969566297
17,1,screening,30,37,34,image_38,111.32031069566297
17,1,screening,31,42,38,image_43,113.02047769566298
17,1,screening,32,6,6,image_7,118.18699869566296
17,1,screening,33,3,3,image_4,119.85343569566297
17,1,screening,34,58,53,image_59,121.48694069566297
17,1,screening,35,56,51,image_57,123.13675869566298
17,1,screening,36,26,24,image_27,124.85345369566296
17,1,screening,37,45,41,image_46,126.55337569566296
17,1,screening,38,64,58,image_65,128.21996569566298
17,1,screening,39,8,8,image_9,129.95331169566296
17,1,screening,40,61,55,image_62,131.58663269566296
17,1,screening,41,62,56,image_63,133.26993469566298
17,1,screening,42,20,18,image_21,137.26992469566298
17,1,screening,43,14,13,image_15,138.98646569566296
17,1,screening,44,24,22,image_25,140.70316069566297
17,1,screening,45,12,11,image_13,142.35310169566296
17,1,screening,46,63,57,image_64,144.03637269566298
17,1,screening,47,57,52,image_58,145.71970669566298
17,1,screening,48,15,14,image_16,147.41965869566297
17,1,screening,49,67,61,image_68,149.11961169566297
17,1,screening,50,41,37,image_42,150.83627569566298
17,1,screening,51,47,43,image_48,152.50286669566296
17,1,screening,52,52,47,image_53,154.20291169566298
17,1,screening,53,34,31,image_35,155.90292569566296
17,1,screening,54,23,21,image_24,157.55283569566296
17,1,screening,55,36,33,image_37,159.20289869566298
17,1,screening,56,21,19,image_22,160.88610869566295
17,1,screening,57,5,5,image_6,162.61942369566296
17,1,screening,58,28,26,image_29,164.28601369566297
17,1,screening,59,50,45,image_51,165.98602869566298
17,1,screening,60,7,7,image_8,167.63599969566297
17,1,screening,61,65,59,image_66,169.33662769566297
17,1,screening,62,10,9,image_11,170.98595369566297
17,1,screening,63,63,57,image_64,175.28589369566296
17,1,screening,64,35,32,image_36,176.98578469566297
17,1,screening,65,48,44,image_49,178.70254169566297
17,1,screening,66,33,30,image_34,180.43573269566298
17,1,screening,67,34,31,image_35,182.11909669566296
17,1,screening,68,20,18,image_21,183.76916069566298
17,1,screening,69,0,0,image_1,185.41900869566297
17,1,screening,70,46,42,image_47,187.06910269566296
17,1,screening,71,60,54,image_61,188.78561369566296
17,1,screening,72,45,41,image_46,190.45226569566296
17,1,screening,73,32,29,image_33,192.16889969566296
17,1,screening,74,65,59,image_66,196.10219569566297
17,1,screening,75,12,11,image_13,197.83557169566296
17,1,screening,76,62,56,image_63,199.50210069566296
17,1,screening,77,17,16,image_18,201.15204169566297
17,1,screening,78,18,17,image_19,202.80213569566297
17,1,screening,79,58,53,image_59,204.50202669566298
17,1,screening,80,6,6,image_7,206.18535969566295
17,1,screening,81,68,62,image_69,207.85195069566296
17,1,screening,82,38,35,image_39,209.56873769566297
17,1,screening,83,54,49,image_55,211.25191769566297
17,1,screening,84,36,33,image_37,212.93531169566296
17,1,screening,85,8,8,image_9,214.65203769566295
17,1,screening,86,66,60,image_67,216.31850569566296
17,1,screening,87,37,34,image_38,226.36836969566298
17,1,screening,88,2,2,image_3,228.08494169566296
17,1,screening,89,3,3,image_4,229.75165469566298
17,1,screening,90,23,21,image_24,231.43486569566298
17,1,screening,91,53,48,image_54,233.08486769566298
17,1,screening,92,57,52,image_58,234.71831069566298
17,1,screening,93,30,27,image_31,236.40145969566296
17,1,screening,94,50,45,image_51,238.11812469566297
17,1,screening,95,51,46,image_52,239.85134669566295
17,1,screening,96,15,14,image_16,241.50134869566295
17,1,screening,97,27,25,image_28,243.18465069566295
17,1,screening,98,25,23,image_26,244.86801469566296
17,1,screening,99,14,13,image_15,246.50124369566296
17,1,screening,100,61,55,image_62,248.16795669566295
17,1,screening,101,1,1,image_2,249.81780569566297
17,1,screening,102,13,12,image_14,251.53440869566296
17,1,screening,103,41,37,image_42,253.20112169566298
17,1,screening,104,24,22,image_25,254.88436269566296
17,1,screening,105,22,20,image_23,259.45092169566294
17,1,screening,106,26,24,image_27,261.150904695663
17,1,screening,107,4,4,image_5,262.81749569566296
17,1,screening,108,7,7,image_8,264.517478695663
17,1,screening,109,55,50,image_56,266.21740069566295
17,1,screening,110,67,61,image_68,267.91735369566294
17,1,screening,111,47,43,image_48,269.60065569566297
17,1,screening,112,28,26,image_29,271.233976695663
17,1,screening,113,56,51,image_57,272.88391769566294
17,1,screening,114,64,58,image_65,274.61717069566294
17,1,screening,115,40,36,image_41,276.267233695663
17,1,screening,116,5,5,image_6,277.98380569566297
17,1,screening,117,42,38,image_43,279.66707769566295
17,1,screening,118,11,10,image_12,281.40033069566294
17,1,screening,119,10,9,image_11,283.05030169566294
17,1,screening,120,52,47,image_53,284.733573695663
17,1,screening,121,16,15,image_17,286.38357569566296
17,1,screening,122,43,39,image_44,288.11682869566295
17,1,screening,123,21,19,image_22,289.75011869566293
17,1,screening,124,44,40,image_45,291.466752695663
17,1,screening,125,31,28,image_32,293.183386695663
17,1,screening,126,64,58,image_65,294.90001969566293
17,1,screening,127,5,5,image_6,296.55005269566294
17,1,screening,128,54,49,image_55,298.216550695663
17,1,screening,129,45,41,image_46,299.867351695663
17,1,screening,130,46,42,image_47,301.583155695663
17,1,screening,131,47,43,image_48,303.26639669566293
17,1,screening,132,53,48,image_54,310.199624695663
17,1,screening,133,36,33,image_37,311.84956469566293
17,1,screening,134,30,27,image_31,313.516155695663
17,1,screening,135,51,46,image_52,315.16612669566297
17,1,screening,136,10,9,image_11,316.81609769566296
17,1,screening,137,37,34,image_38,318.532700695663
17,1,screening,138,21,19,image_22,320.216709695663
17,1,screening,139,8,8,image_9,321.89927469566294
17,1,screening,140,43,39,image_44,323.54921569566295
17,1,screening,141,24,22,image_25,328.73247769566296
17,1,screening,142,6,6,image_7,330.432399695663
17,1,screening,143,20,18,image_21,332.09908269566296
17,1,screening,144,14,13,image_15,333.782292695663
17,1,screening,145,1,1,image_2,335.44888369566297
17,1,screening,146,16,15,image_17,337.08220469566294
17,1,screening,147,38,35,image_39,338.732175695663
17,1,screening,148,7,7,image_8,340.38211669566294
17,1,screening,149,12,11,image_13,342.03208769566294
17,1,screening,150,26,24,image_27,343.68202869566295
17,1,screening,151,4,4,image_5,345.34861869566294
17,1,screening,152,52,47,image_53,346.98193969566296
17,1,screening,153,50,45,image_51,351.39855469566294
17,1,screening,154,33,30,image_34,353.13174569566297
17,1,screening,155,68,62,image_69,354.81504869566294
17,1,screening,156,44,40,image_45,356.498319695663
17,1,screening,157,56,51,image_57,358.16500269566296
17,1,screening,158,60,54,image_61,359.881605695663
17,1,screening,159,35,32,image_36,361.54819669566297
17,1,screening,160,66,60,image_67,363.19816769566296
17,1,screening,161,25,23,image_26,364.91492469566293
17,1,screening,162,48,44,image_49,366.58154569566295
17,1,screening,163,2,2,image_3,368.23249969566297
17,1,screening,164,58,53,image_59,369.89807669566295
17,1,screening,165,3,3,image_4,371.53191969566296
17,1,screening,166,0,0,image_1,373.181276695663
17,1,screening,167,40,36,image_41,374.914591695663
17,1,screening,168,18,17,image_19,376.64784469566297
17,1,screening,169,28,26,image_29,378.34782769566294
17,1,screening,170,15,14,image_16,379.98111769566293
17,1,screening,171,42,38,image_43,381.64773969566295
17,1,screening,172,22,20,image_23,383.31433069566293
17,1,screening,173,17,16,image_18,385.03093269566295
17,1,screening,174,61,55,image_62,386.66419269566296
17,1,screening,175,11,10,image_12,388.29754469566296
17,1,screening,176,41,37,image_42,389.94751569566296
17,1,screening,177,27,25,image_28,391.647437695663
17,1,screening,178,55,50,image_56,393.34738969566297
17,1,screening,179,31,28,image_32,395.04737369566294
17,1,screening,180,65,59,image_66,396.73064469566293
17,1,screening,181,62,56,image_63,398.41397869566293
17,1,screening,182,34,31,image_35,403.397253695663
17,1,screening,183,13,12,image_14,405.11382569566297
17,1,screening,184,57,52,image_58,406.76373569566294
17,1,screening,185,23,21,image_24,408.46378069566293
17,1,screening,186,63,57,image_64,410.113597695663
17,1,screening,187,32,29,image_33,411.78034269566297
17,1,screening,188,67,61,image_68,413.48020269566297
17,1,screening,189,23,21,image_24,415.19686769566295
17,1,screening,190,32,29,image_33,416.84689969566296
17,1,screening,191,43,39,image_44,418.563502695663
17,1,screening,192,35,32,image_36,420.28010569566294
17,1,screening,193,64,58,image_65,421.96331569566297
17,1,screening,194,12,11,image_13,423.646648695663
17,1,screening,195,65,59,image_66,425.3298896956629
17,1,screening,196,24,22,image_25,426.99657269566296
17,1,screening,197,38,35,image_39,428.67984469566295
17,1,screening,198,52,47,image_53,430.36317769566296
17,1,screening,199,66,60,image_67,432.07981169566295
17,1,screening,200,41,37,image_42,433.79638369566294
17,1,screening,201,67,61,image_68,435.49633569566294
17,1,screening,202,42,38,image_43,437.16298869566293
17,1,screening,203,37,34,image_38,438.87959069566296
17,1,screening,204,40,36,image_41,440.562985695663
17,1,screening,205,62,56,image_63,442.22957669566296
17,1,screening,206,57,52,image_58,443.96279869566297
17,1,screening,207,28,26,image_29,445.696113695663
17,1,screening,208,2,2,image_3,447.379354695663
17,1,screening,209,10,9,image_11,449.079306695663
17,1,screening,210,56,51,image_57,450.77932069566293
17,1,screening,211,45,41,image_46,452.42923069566297
17,1,screening,212,34,31,image_35,454.09591369566294
17,1,screening,213,61,55,image_62,455.77918569566293
17,1,screening,214,51,46,image_52,457.429156695663
17,1,screening,215,0,0,image_1,459.14572869566297
17,1,screening,216,26,24,image_27,462.995712695663
17,1,screening,217,36,33,image_37,464.64565269566293
17,1,screening,218,53,48,image_54,466.29556269566297
17,1,screening,219,3,3,image_4,467.94547269566294
17,1,screening,220,48,44,image_49,469.62880569566295
17,1,screening,221,50,45,image_51,471.29545769566295
17,1,screening,222,46,42,image_47,473.02871069566294
17,1,screening,223,30,27,image_31,474.69637669566293
17,1,screening,224,58,53,image_59,476.3453346956629
17,1,screening,225,5,5,image_6,478.07861869566295
17,1,screening,226,22,20,image_23,479.81187169566294
17,1,screening,227,20,18,image_21,481.49520469566295
17,1,screening,228,8,8,image_9,483.1451146956629
17,1,screening,229,33,30,image_34,484.81170469566297
17,1,screening,230,68,62,image_69,486.47838769566295
17,1,screening,231,13,12,image_14,490.82827869566296
17,1,screening,232,31,28,image_32,492.47901769566295
17,1,screening,233,44,40,image_45,494.17814069566293
17,1,screening,234,60,54,image_61,495.87815469566294
17,1,screening,235,14,13,image_15,497.528064695663
17,1,screening,236,11,10,image_12,499.17803569566297
17,1,screening,237,47,43,image_48,500.84471869566295
17,1,screening,238,15,14,image_16,502.51130969566293
17,1,screening,239,7,7,image_8,504.1780536956629
17,1,screening,240,18,17,image_19,505.86129469566293
17,1,screening,241,1,1,image_2,507.49452369566296
17,1,screening,242,27,25,image_28,509.14495569566293
17,1,screening,243,6,6,image_7,510.86115869566294
17,1,screening,244,54,49,image_55,515.6277966956629
17,1,screening,245,25,23,image_26,517.3609576956629
17,1,screening,246,55,50,image_56,519.060910695663
17,1,screening,247,16,15,image_17,520.7442126956629
17,1,screening,248,4,4,image_5,522.427484695663
17,1,screening,249,21,19,image_22,524.0774256956629
17,1,screening,250,63,57,image_64,525.760881695663
17,1,screening,251,17,16,image_18,527.494011695663
17,1,screening,252,24,22,image_25,529.177313695663
17,1,screening,253,16,15,image_17,530.8607396956629
17,1,screening,254,1,1,image_2,532.5272066956629
17,1,screening,255,31,28,image_32,534.2105706956629
17,1,screening,256,51,46,image_52,535.9105846956629
17,1,screening,257,5,5,image_6,537.610445695663
17,1,screening,258,47,43,image_48,539.2770366956629
17,1,screening,259,61,55,image_62,540.9437186956629
17,1,screening,260,36,33,image_37,546.077030695663
17,1,screening,261,15,14,image_16,547.7101986956629
17,1,screening,262,68,62,image_69,549.4268016956629
17,1,screening,263,54,49,image_55,551.160207695663
17,1,screening,264,32,29,image_33,552.8767186956629
17,1,screening,265,13,12,image_14,554.5266596956629
17,1,screening,266,48,44,image_49,556.193341695663
17,1,screening,267,65,59,image_66,557.8599636956629
17,1,screening,268,55,50,image_56,559.559977695663
17,1,screening,269,42,38,image_43,561.209856695663
17,1,screening,270,20,18,image_21,562.9098706956629
17,1,screening,271,67,61,image_68,568.359782695663
17,1,screening,272,18,17,image_19,570.059643695663
17,1,screening,273,34,31,image_35,571.742976695663
17,1,screening,274,21,19,image_22,573.4595796956629
17,1,screening,275,53,48,image_54,575.159654695663
17,1,screening,276,28,26,image_29,576.876196695663
17,1,screening,277,50,45,image_51,578.5928606956629
17,1,screening,278,14,13,image_15,580.259359695663
17,1,screening,279,43,39,image_44,585.059482695663
17,1,screening,280,30,27,image_31,586.7093916956629
17,1,screening,281,44,40,image_45,588.342528695663
17,1,screening,282,22,20,image_23,590.0431876956629
17,1,screening,283,58,53,image_59,591.725814695663
17,1,screening,284,12,11,image_13,593.409116695663
17,1,screening,285,52,47,image_53,600.058982695663
17,1,screening,286,38,35,image_39,601.7588746956629
17,1,screening,287,26,24,image_27,603.4588576956629
17,1,screening,288,64,58,image_65,605.1755836956629
17,1,screening,289,0,0,image_1,606.892093695663
17,1,screening,290,66,60,image_67,608.592077695663
17,1,screening,291,23,21,image_24,610.242017695663
17,1,screening,292,33,30,image_34,626.224988695663
17,1,screening,293,57,52,image_58,627.9582726956629
17,1,screening,294,40,36,image_41,629.5915936956629
17,1,screening,295,3,3,image_4,631.274803695663
17,1,screening,296,63,57,image_64,632.9247746956629
17,1,screening,297,4,4,image_5,634.658089695663
17,1,screening,298,62,56,image_63,636.3580726956629
17,1,screening,299,45,41,image_46,638.0413446956629
17,1,screening,300,11,10,image_12,639.7246166956629
17,1,screening,301,46,42,image_47,641.358060695663
17,1,screening,302,25,23,image_26,643.0579206956629
17,1,screening,303,27,25,image_28,644.691180695663
17,1,screening,304,10,9,image_11,646.3245006956629
17,1,screening,305,6,6,image_7,648.0078956956629
17,1,screening,306,35,32,image_36,649.6417086956629
17,1,screening,307,56,51,image_57,651.3578196956629
17,1,screening,308,60,54,image_61,653.0743916956629
17,1,screening,309,2,2,image_3,654.7742826956629
17,1,screening,310,7,7,image_8,656.4243156956629
17,1,screening,311,17,16,image_18,658.124268695663
17,1,screening,312,8,8,image_9,659.8074786956629
17,1,screening,313,37,34,image_38,661.5408546956629
17,1,screening,314,41,37,image_42,663.240806695663
17,1,screening,315,35,32,image_36,664.957348695663
17,1,screening,316,6,6,image_7,666.640712695663
17,1,screening,317,20,18,image_21,668.308070695663
17,1,screening,318,36,33,image_37,673.1905846956629
17,1,screening,319,62,56,image_63,674.840463695663
17,1,screening,320,4,4,image_5,676.490527695663
17,1,screening,321,48,44,image_49,678.140436695663
17,1,screening,322,17,16,image_18,679.8070276956629
17,1,screening,323,2,2,image_3,681.5236616956629
17,1,screening,324,63,57,image_64,683.2402946956629
17,1,screening,325,25,23,image_26,684.873646695663
17,1,screening,326,64,58,image_65,686.540206695663
17,1,screening,327,24,22,image_25,688.2235706956629
17,1,screening,328,10,9,image_11,689.9068116956629
17,1,screening,329,13,12,image_14,691.606764695663
17,1,screening,330,54,49,image_55,693.306778695663
17,1,screening,331,30,27,image_31,694.9733076956629
17,1,screening,332,55,50,image_56,696.656640695663
17,1,screening,333,68,62,image_69,698.2898696956629
17,1,screening,334,8,8,image_9,700.023214695663
17,1,screening,335,0,0,image_1,701.673216695663
17,1,screening,336,3,3,image_4,703.323156695663
17,1,screening,337,44,40,image_45,704.989809695663
17,1,screening,338,33,30,image_34,709.4063926956629
17,1,screening,339,16,15,image_17,711.0896646956629
17,1,screening,340,18,17,image_19,712.7562246956629
17,1,screening,341,11,10,image_12,714.489539695663
17,1,screening,342,15,14,image_16,716.2228226956629
17,1,screening,343,51,46,image_52,717.8562366956629
17,1,screening,344,32,29,image_33,719.556096695663
17,1,screening,345,47,43,image_48,721.2227176956629
17,1,screening,346,5,5,image_6,722.906143695663
17,1,screening,347,12,11,image_13,724.5896296956629
17,1,screening,348,57,52,image_58,726.3226376956629
17,1,screening,349,21,19,image_22,728.0060016956629
17,1,screening,350,40,36,image_41,729.7392546956629
17,1,screening,351,28,26,image_29,731.4059376956629
17,1,screening,352,56,51,image_57,733.1058286956629
17,1,screening,353,46,42,image_47,734.8057506956629
17,1,screening,354,38,35,image_39,736.4890216956629
17,1,screening,355,52,47,image_53,738.1890366956629
17,1,screening,356,23,21,image_24,739.888957695663
17,1,screening,357,37,34,image_38,745.189018695663
17,1,screening,358,67,61,image_68,746.8387746956629
17,1,screening,359,45,41,image_46,748.572119695663
17,1,screening,360,42,38,image_43,750.2220606956629
17,1,screening,361,41,37,image_42,751.855350695663
17,1,screening,362,61,55,image_62,753.538806695663
17,1,screening,363,53,48,image_54,755.255224695663
17,1,screening,364,34,31,image_35,756.955238695663
17,1,screening,365,22,20,image_23,758.605179695663
17,1,screening,366,26,24,image_27,760.2718626956629
17,1,screening,367,50,45,image_51,761.9552566956629
17,1,screening,368,43,39,image_44,763.6884486956629
17,1,screening,369,65,59,image_66,765.338327695663
17,1,screening,370,60,54,image_61,767.0550846956629
17,1,screening,371,31,28,image_32,768.7550056956629
17,1,screening,372,58,53,image_59,770.421596695663
17,1,screening,373,1,1,image_2,772.071537695663
17,1,screening,374,7,7,image_8,773.7548706956629
17,1,screening,375,27,25,image_28,775.4381416956629
17,1,screening,376,66,60,image_67,777.088113695663
17,1,screening,377,14,13,image_15,778.7714466956629
17,2,sternberg,0,4,4,image_11,11.683952936970114
17,2,sternberg,1,0,0,image_48,13.100543936970114
17,2,sternberg,2,2,2,image_23,14.433822936970113
17,2,sternberg,3,4,4,image_11,18.251059936970115
17,2,sternberg,4,0,0,image_48,20.517273936970113
17,2,sternberg,5,1,1,image_26,21.900718936970115
17,2,sternberg,6,3,3,image_63,23.167672936970114
17,2,sternberg,7,0,0,image_48,27.135037936970114
17,2,sternberg,8,2,2,image_23,30.500167936970115
17,2,sternberg,9,4,4,image_11,31.816980936970115
17,2,sternberg,10,3,3,image_63,33.117020936970114
17,2,sternberg,11,1,1,image_26,37.101158936970116
17,2,sternberg,12,4,4,image_11,40.533381936970116
17,2,sternberg,13,0,0,image_48,41.916641936970116
17,2,sternberg,14,5,5,image_999,41.926641936970114
17,2,sternberg,15,2,2,image_23,45.850767936970115
17,2,sternberg,16,4,4,image_11,48.76649493697011
17,2,sternberg,17,1,1,image_26,50.100019936970114
17,2,sternberg,18,5,5,image_999,50.11001993697011
17,2,sternberg,19,4,4,image_11,54.10071593697011
17,2,sternberg,20,3,3,image_63,57.21630793697011
17,2,sternberg,21,1,1,image_26,58.44959293697011
17,2,sternberg,22,5,5,image_999,58.45959293697011
17,2,sternberg,23,1,1,image_26,62.30065193697011
17,2,sternberg,24,0,0,image_48,64.28304393697012
17,2,sternberg,25,1,1,image_26,65.54953793697011
17,2,sternberg,26,5,5,image_999,65.55953793697012
17,2,sternberg,27,3,3,image_63,69.45045593697012
17,2,sternberg,28,2,2,image_23,71.56620293697011
17,2,sternberg,29,3,3,image_63,72.8828319369701
17,2,sternberg,30,0,0,image_48,74.13255193697012
17,2,sternberg,31,4,4,image_11,78.0334699369701
17,2,sternberg,32,1,1,image_26,81.3991839369701
17,2,sternberg,33,2,2,image_23,82.8324559369701
17,2,sternberg,34,4,4,image_11,84.06663193697011
17,2,sternberg,35,3,3,image_63,87.91689293697011
17,2,sternberg,36,1,1,image_26,90.14934593697011
17,2,sternberg,37,2,2,image_23,91.53226793697011
17,2,sternberg,38,5,5,image_999,91.54226793697012
17,2,sternberg,39,3,3,image_63,95.46657793697011
17,2,sternberg,40,1,1,image_26,98.26553893697012
17,2,sternberg,41,5,5,image_999,98.27553893697012
17,2,sternberg,42,5,5,image_999,98.28553893697013
17,2,sternberg,43,1,1,image_26,102.19984893697011
17,2,sternberg,44,0,0,image_48,104.16537593697011
17,2,sternberg,45,5,5,image_999,104.17537593697011
17,2,sternberg,46,5,5,image_999,104.18537593697012
17,2,sternberg,47,0,0,image_48,108.03293193697012
17,2,sternberg,48,3,3,image_63,109.98208593697011
17,2,sternberg,49,5,5,image_999,109.99208593697011
17,2,sternberg,50,5,5,image_999,110.00208593697012
17,2,sternberg,51,3,3,image_63,113.9659779369701
17,2,sternberg,52,2,2,image_23,116.26530893697011
17,2,sternberg,53,4,4,image_11,117.4989619369701
17,2,sternberg,54,3,3,image_63,118.76511793697011
17,2,sternberg,55,0,0,image_48,122.54929993697012
17,2,sternberg,56,0,0,image_48,124.7984029369701
17,2,sternberg,57,1,1,image_26,126.1984059369701
17,2,sternberg,58,3,3,image_63,127.6148429369701
17,2,sternberg,59,2,2,image_23,131.51569993697012
17,2,sternberg,60,4,4,image_11,134.7647389369701
17,2,sternberg,61,5,5,image_999,134.7747389369701
17,2,sternberg,62,5,5,image_999,134.7847389369701
17,2,sternberg,63,4,4,image_11,138.6156449369701
17,2,sternberg,64,4,4,image_11,140.8980789369701
17,2,sternberg,65,5,5,image_999,140.9080789369701
17,2,sternberg,66,5,5,image_999,140.9180789369701
17,2,sternberg,67,1,1,image_26,144.6827219369701
17,2,sternberg,68,3,3,image_63,146.91449893697012
17,2,sternberg,69,5,5,image_999,146.9244989369701
17,2,sternberg,70,5,5,image_999,146.9344989369701
17,2,sternberg,71,1,1,image_26,150.6987419369701
17,2,sternberg,72,4,4,image_11,152.8477599369701
17,2,sternberg,73,2,2,image_23,154.0809219369701
17,2,sternberg,74,3,3,image_63,155.3475999369701
17,2,sternberg,75,4,4,image_11,159.3151189369701
17,2,sternberg,76,1,1,image_26,161.4815849369701
17,2,sternberg,77,0,0,image_48,162.7641449369701
17,2,sternberg,78,5,5,image_999,162.7741449369701
17,2,sternberg,79,0,0,image_48,166.6818049369701
17,2,sternberg,80,2,2,image_23,168.76415993697012
17,2,sternberg,81,4,4,image_11,170.1143349369701
17,2,sternberg,82,0,0,image_48,171.49731893697012
17,2,sternberg,83,2,2,image_23,175.3647829369701
17,2,sternberg,84,1,1,image_26,178.16404993697012
17,2,sternberg,85,2,2,image_23,179.4804019369701
17,2,sternberg,86,3,3,image_63,180.7638839369701
17,2,sternberg,87,4,4,image_11,184.6662459369701
17,2,sternberg,88,4,4,image_11,188.76450893697012
17,2,sternberg,89,5,5,image_999,188.7745089369701
17,2,sternberg,90,5,5,image_999,188.7845089369701
17,2,sternberg,91,2,2,image_23,192.6813699369701
17,2,sternberg,92,4,4,image_11,195.06352193697012
17,2,sternberg,93,2,2,image_23,196.46340093697012
17,2,sternberg,94,5,5,image_999,196.4734009369701
17,2,sternberg,95,4,4,image_11,200.3811839369701
17,2,sternberg,96,1,1,image_26,202.5967109369701
17,2,sternberg,97,5,5,image_999,202.6067109369701
17,2,sternberg,98,5,5,image_999,202.6167109369701
17,2,sternberg,99,1,1,image_26,206.4810089369701
17,2,sternberg,100,3,3,image_63,208.9465659369701
17,2,sternberg,101,1,1,image_26,210.2132129369701
17,2,sternberg,102,0,0,image_48,211.4798899369701
17,2,sternberg,103,1,1,image_26,215.3473539369701
17,2,sternberg,104,3,3,image_63,217.5631569369701
17,2,sternberg,105,5,5,image_999,217.5731569369701
17,2,sternberg,106,5,5,image_999,217.58315693697008
17,2,sternberg,107,2,2,image_23,221.5972769369701
17,2,sternberg,108,1,1,image_26,224.1130599369701
17,2,sternberg,109,4,4,image_11,225.4130999369701
17,2,sternberg,110,5,5,image_999,225.4230999369701
17,2,sternberg,111,4,4,image_11,229.3138639369701
17,2,sternberg,112,0,0,image_48,231.4628509369701
17,2,sternberg,113,5,5,image_999,231.4728509369701
17,2,sternberg,114,5,5,image_999,231.4828509369701
17,2,sternberg,115,0,0,image_48,235.2641129369701
17,2,sternberg,116,0,0,image_48,237.7126509369701
17,2,sternberg,117,3,3,image_63,238.9625549369701
17,2,sternberg,118,5,5,image_999,238.97255493697008
17,2,sternberg,119,4,4,image_11,242.8467919369701
17,2,sternberg,120,0,0,image_48,245.3959989369701
17,2,sternberg,121,3,3,image_63,246.7126279369701
17,2,sternberg,122,2,2,image_23,248.0464899369701
17,2,sternberg,123,4,4,image_11,251.8971809369701
17,2,sternberg,124,3,3,image_63,256.6623129369701
17,2,sternberg,125,4,4,image_11,257.9288379369701
17,2,sternberg,126,5,5,image_999,257.9388379369701
17,2,sternberg,127,3,3,image_63,261.8463749369701
17,2,sternberg,128,0,0,image_48,264.0455579369701
17,2,sternberg,129,2,2,image_23,265.4622719369701
17,2,sternberg,130,5,5,image_999,265.4722719369701
17,2,sternberg,131,2,2,image_23,269.2968039369701
17,2,sternberg,132,0,0,image_48,271.2286619369701
17,2,sternberg,133,5,5,image_999,271.2386619369701
17,2,sternberg,134,5,5,image_999,271.2486619369701
17,2,sternberg,135,3,3,image_63,275.0795679369701
17,2,sternberg,136,3,3,image_63,277.0951679369701
17,2,sternberg,137,1,1,image_26,278.3451349369701
17,2,sternberg,138,0,0,image_48,279.6952789369701
17,2,sternberg,139,3,3,image_63,283.6294349369701
17,2,sternberg,140,2,2,image_23,285.8783239369701
17,2,sternberg,141,5,5,image_999,285.8883239369701
17,2,sternberg,142,5,5,image_999,285.8983239369701
17,2,sternberg,143,1,1,image_26,289.7623149369701
17,2,sternberg,144,4,4,image_11,291.9452159369701
17,2,sternberg,145,2,2,image_23,293.2781269369701
17,2,sternberg,146,5,5,image_999,293.2881269369701
17,2,sternberg,147,2,2,image_23,297.22917893697013
17,2,sternberg,148,4,4,image_11,299.4616319369701
17,2,sternberg,149,5,5,image_999,299.4716319369701
17,2,sternberg,150,5,5,image_999,299.4816319369701
17,2,sternberg,151,4,4,image_11,303.4457089369701
17,2,sternberg,152,1,1,image_26,306.1279649369701
17,2,sternberg,153,4,4,image_11,307.3611579369701
17,2,sternberg,154,0,0,image_48,308.6780319369701
17,2,sternberg,155,3,3,image_63,312.5622379369701
17,2,sternberg,156,4,4,image_11,315.0944259369701
17,2,sternberg,157,0,0,image_48,316.3276499369701
17,2,sternberg,158,5,5,image_999,316.3376499369701
17,2,sternberg,159,4,4,image_11,320.2286899369701
17,2,sternberg,160,2,2,image_23,322.3280949369701
17,2,sternberg,161,1,1,image_26,323.7112629369701
17,2,sternberg,162,0,0,image_48,325.0945539369701
17,2,sternberg,163,0,0,image_48,329.0119679369701
17,2,sternberg,164,3,3,image_63,331.5274139369701
17,2,sternberg,165,2,2,image_23,332.8776499369701
17,2,sternberg,166,5,5,image_999,332.8876499369701
17,2,sternberg,167,4,4,image_11,336.8449849369701
17,2,sternberg,168,4,4,image_11,340.1105209369701
17,2,sternberg,169,0,0,image_48,341.3606399369701
17,2,sternberg,170,3,3,image_63,342.6272569369701
17,2,sternberg,171,0,0,image_48,346.5446399369701
17,2,sternberg,172,2,2,image_23,350.9103519369701
17,2,sternberg,173,3,3,image_63,352.2435379369701
17,2,sternberg,174,5,5,image_999,352.2535379369701
17,2,sternberg,175,2,2,image_23,356.14454793697007
17,2,sternberg,176,1,1,image_26,359.7435499369701
17,2,sternberg,177,5,5,image_999,359.7535499369701
17,2,sternberg,178,5,5,image_999,359.7635499369701
17,2,sternberg,179,0,0,image_48,363.5942099369701
17,2,sternberg,180,3,3,image_63,366.1100549369701
17,2,sternberg,181,5,5,image_999,366.12005493697006
17,2,sternberg,182,5,5,image_999,366.13005493697005
17,2,sternberg,183,3,3,image_63,369.94470993697007
17,2,sternberg,184,4,4,image_11,372.2932839369701
17,2,sternberg,185,3,3,image_63,373.5264769369701
17,2,sternberg,186,5,5,image_999,373.5364769369701
17,2,sternberg,187,0,0,image_48,377.4607879369701
17,2,sternberg,188,2,2,image_23,379.5598239369701
17,2,sternberg,189,5,5,image_999,379.56982393697007
17,2,sternberg,190,5,5,image_999,379.57982393697006
17,2,sternberg,191,2,2,image_23,383.4957319369701
17,2,sternberg,192,1,1,image_26,385.85994293697007
17,2,sternberg,193,2,2,image_23,387.1930989369701
17,2,sternberg,194,5,5,image_999,387.2030989369701
17,2,sternberg,195,4,4,image_11,391.1604639369701
17,2,sternberg,196,1,1,image_26,393.6428549369701
17,2,sternberg,197,5,5,image_999,393.6528549369701
17,2,sternberg,198,5,5,image_999,393.66285493697006
17,2,sternberg,199,3,3,image_63,397.4268519369701
17,2,sternberg,200,4,4,image_11,399.4929259369701
17,2,sternberg,201,2,2,image_23,400.7593579369701
17,2,sternberg,202,5,5,image_999,400.7693579369701
17,2,sternberg,203,1,1,image_26,404.6278969369701
17,2,sternberg,204,4,4,image_11,406.6096129369701
17,2,sternberg,205,2,2,image_23,407.9592349369701
17,2,sternberg,206,5,5,image_999,407.9692349369701
17,2,sternberg,207,4,4,image_11,411.7933059369701
17,2,sternberg,208,3,3,image_63,413.9257039369701
17,2,sternberg,209,4,4,image_11,415.2758169369701
17,2,sternberg,210,2,2,image_23,416.54231093697007
17,2,sternberg,211,0,0,image_48,420.4432289369701
17,2,sternberg,212,2,2,image_23,422.4925289369701
17,2,sternberg,213,5,5,image_999,422.50252893697007
17,2,sternberg,214,5,5,image_999,422.51252893697006
17,2,sternberg,215,3,3,image_63,426.37624393697007
17,2,sternberg,216,2,2,image_23,428.3920589369701
17,2,sternberg,217,4,4,image_11,429.7420189369701
17,2,sternberg,218,5,5,image_999,429.7520189369701
17,2,sternberg,219,0,0,image_48,433.6095129369701
17,2,sternberg,220,0,0,image_48,435.6920529369701
17,2,sternberg,221,1,1,image_26,437.0418589369701
17,2,sternberg,222,5,5,image_999,437.05185893697006
17,2,sternberg,223,1,1,image_26,440.8428449369701
17,2,sternberg,224,2,2,image_23,442.8917459369701
17,2,sternberg,225,3,3,image_63,444.2083739369701
17,2,sternberg,226,5,5,image_999,444.21837393697007
17,2,sternberg,227,0,0,image_48,448.04278293697007
17,2,sternberg,228,2,2,image_23,450.5249279369701
17,2,sternberg,229,5,5,image_999,450.53492793697006
17,2,sternberg,230,5,5,image_999,450.54492793697005
17,2,sternberg,231,1,1,image_26,454.4094419369701
17,2,sternberg,232,0,0,image_48,458.05836293697007
17,2,sternberg,233,3,3,image_63,459.4083229369701
17,2,sternberg,234,1,1,image_26,460.7082709369701
17,2,sternberg,235,1,1,image_26,464.7089669369701
17,2,sternberg,236,4,4,image_11,466.7748559369701
17,2,sternberg,237,5,5,image_999,466.7848559369701
17,2,sternberg,238,5,5,image_999,466.79485593697007
17,2,sternberg,239,3,3,image_63,470.6089889369701
17,2,sternberg,240,3,3,image_63,472.54118393697007
17,2,sternberg,241,2,2,image_23,473.82457393697007
17,2,sternberg,242,4,4,image_11,475.0744789369701
17,2,sternberg,243,3,3,image_63,478.9252919369701
17,2,sternberg,244,4,4,image_11,481.3413889369701
17,2,sternberg,245,0,0,image_48,482.6743919369701
17,2,sternberg,246,1,1,image_26,484.09092093697006
17,2,sternberg,247,3,3,image_63,488.0750599369701
17,2,sternberg,248,3,3,image_63,491.1741239369701
17,2,sternberg,249,5,5,image_999,491.1841239369701
17,2,sternberg,250,5,5,image_999,491.1941239369701
17,2,sternberg,251,3,3,image_63,495.1417659369701
17,2,sternberg,252,0,0,image_48,497.0072989369701
17,2,sternberg,253,5,5,image_999,497.01729893697006
17,2,sternberg,254,5,5,image_999,497.02729893697006
17,2,sternberg,255,0,0,image_48,500.9749099369701
17,2,sternberg,256,3,3,image_63,502.97389093697007
17,2,sternberg,257,5,5,image_999,502.98389093697006
17,2,sternberg,258,5,5,image_999,502.99389093697005
17,2,sternberg,259,4,4,image_11,506.7914349369701
17,2,sternberg,260,3,3,image_63,510.32374293697006
17,2,sternberg,261,0,0,image_48,511.6405249369701
17,2,sternberg,262,4,4,image_11,512.9569999369701
17,2,sternberg,263,2,2,image_23,516.8911879369701
17,2,sternberg,264,1,1,image_26,519.0902169369701
17,2,sternberg,265,5,5,image_999,519.1002169369701
17,2,sternberg,266,5,5,image_999,519.1102169369701
17,2,sternberg,267,1,1,image_26,522.8577489369701
17,2,sternberg,268,0,0,image_48,524.6568659369701
17,2,sternberg,269,4,4,image_11,525.9566899369701
17,2,sternberg,270,2,2,image_23,527.30661893697
17,2,sternberg,271,1,1,image_26,531.1742669369701
17,2,sternberg,272,3,3,image_63,684.6202069369701
17,2,sternberg,273,0,0,image_48,685.8866999369701
17,2,sternberg,274,5,5,image_999,685.8966999369701
17,2,sternberg,275,3,3,image_63,689.70439693697
17,2,sternberg,276,2,2,image_23,694.0375149369701
17,2,sternberg,277,5,5,image_999,694.0475149369701
17,2,sternberg,278,5,5,image_999,694.05751493697
17,2,sternberg,279,1,1,image_26,697.9373879369701
17,2,sternberg,280,4,4,image_11,700.8864469369701
17,2,sternberg,281,5,5,image_999,700.89644693697
17,2,sternberg,282,5,5,image_999,700.90644693697
17,2,sternberg,283,4,4,image_11,704.8539649369701
17,2,sternberg,284,2,2,image_23,707.23633193697
17,2,sternberg,285,4,4,image_11,708.5862609369701
17,2,sternberg,286,5,5,image_999,708.5962609369701
17,2,sternberg,287,2,2,image_23,712.4704669369701
17,2,sternberg,288,0,0,image_48,714.9694779369701
17,2,sternberg,289,5,5,image_999,714.97947793697
17,2,sternberg,290,5,5,image_999,714.98947793697
17,2,sternberg,291,1,1,image_26,718.9036649369701
17,2,sternberg,292,0,0,image_48,721.9696129369701
17,2,sternberg,293,2,2,image_23,723.3196959369701
17,2,sternberg,294,1,1,image_26,724.6692249369701
17,2,sternberg,295,3,3,image_63,728.63698993697
17,2,sternberg,296,0,0,image_48,730.75249193697
17,2,sternberg,297,1,1,image_26,732.1691759369701
17,2,sternberg,298,5,5,image_999,732.1791759369701
17,2,sternberg,299,3,3,image_63,736.1032089369701
17,2,sternberg,300,0,0,image_48,738.20273693697
17,2,sternberg,301,1,1,image_26,739.5359239369701
17,2,sternberg,302,2,2,image_23,740.9025949369701
17,2,sternberg,303,4,4,image_11,744.8698989369701
17,2,sternberg,304,4,4,image_11,747.60222793697
17,2,sternberg,305,5,5,image_999,747.61222793697
17,2,sternberg,306,5,5,image_999,747.62222793697
17,2,sternberg,307,4,4,image_11,751.41977093697
17,2,sternberg,308,1,1,image_26,753.6687519369701
17,2,sternberg,309,5,5,image_999,753.6787519369701
17,2,sternberg,310,5,5,image_999,753.6887519369701
17,2,sternberg,311,0,0,image_48,757.6362089369701
17,2,sternberg,312,1,1,image_26,759.7689139369701
17,2,sternberg,313,2,2,image_23,761.01857293697
17,2,sternberg,314,5,5,image_999,761.02857293697
17,2,sternberg,315,0,0,image_48,764.9362329369701
17,2,sternberg,316,1,1,image_26,767.75199793697
17,2,sternberg,317,2,2,image_23,769.0686259369701
17,2,sternberg,318,3,3,image_63,770.3684509369701
17,2,sternberg,319,3,3,image_63,774.3357849369701
17,2,sternberg,320,1,1,image_26,776.8015569369701
17,2,sternberg,321,0,0,image_48,778.15145493697
17,2,sternberg,322,5,5,image_999,778.16145493697
17,2,sternberg,323,4,4,image_11,781.9529319369701
17,2,sternberg,324,0,0,image_48,784.2848569369701
17,2,sternberg,325,4,4,image_11,785.6513439369701
17,2,sternberg,326,5,5,image_999,785.6613439369701
17,2,sternberg,327,1,1,image_26,789.5522309369701
17,2,sternberg,328,1,1,image_26,793.3345689369701
17,2,sternberg,329,3,3,image_63,794.6511979369701
17,2,sternberg,330,5,5,image_999,794.6611979369701
17,2,sternberg,331,0,0,image_48,798.4357479369701
17,2,sternberg,332,0,0,image_48,801.0678069369701
17,2,sternberg,333,3,3,image_63,802.45125193697
17,2,sternberg,334,5,5,image_999,802.46125193697
17,2,sternberg,335,0,0,image_48,806.3853159369701
17,2,sternberg,336,2,2,image_23,808.25087993697
17,2,sternberg,337,1,1,image_26,809.63420193697
17,2,sternberg,338,5,5,image_999,809.64420193697
17,2,sternberg,339,1,1,image_26,813.58507093697
17,2,sternberg,340,3,3,image_63,815.95075593697
17,2,sternberg,341,0,0,image_48,817.2347909369701
17,2,sternberg,342,1,1,image_26,818.6007249369701
17,2,sternberg,343,1,1,image_26,822.51838493697
17,2,sternberg,344,2,2,image_23,824.71759893697
17,2,sternberg,345,5,5,image_999,824.72759893697
17,2,sternberg,346,5,5,image_999,824.73759893697
17,2,sternberg,347,2,2,image_23,828.73488393697
17,2,sternberg,348,1,1,image_26,830.50051593697
17,2,sternberg,349,2,2,image_23,831.7670099369701
17,2,sternberg,350,5,5,image_999,831.7770099369701
17,2,sternberg,351,4,4,image_11,835.6846699369701
17,2,sternberg,352,4,4,image_11,837.90031893697
17,2,sternberg,353,5,5,image_999,837.91031893697
17,2,sternberg,354,5,5,image_999,837.92031893697
17,2,sternberg,355,2,2,image_23,841.7679669369701
17,2,sternberg,356,3,3,image_63,843.98389293697
17,2,sternberg,357,0,0,image_48,845.31680293697
17,2,sternberg,358,5,5,image_999,845.32680293697
17,2,sternberg,359,3,3,image_63,849.1511509369701
17,2,sternberg,360,4,4,image_11,854.8666069369701
17,2,sternberg,361,3,3,image_63,856.20013093697
17,2,sternberg,362,2,2,image_23,857.6164769369701
17,2,sternberg,363,2,2,image_23,861.58417993697
17,2,sternberg,364,2,2,image_23,863.81647893697
17,2,sternberg,365,1,1,image_26,865.04973393697
17,2,sternberg,366,5,5,image_999,865.05973393697
17,2,sternberg,367,2,2,image_23,869.05058393697
17,2,sternberg,368,2,2,image_23,871.76623193697
17,2,sternberg,369,5,5,image_999,871.77623193697
17,2,sternberg,370,5,5,image_999,871.78623193697
17,2,sternberg,371,2,2,image_23,875.7005419369701
17,2,sternberg,372,0,0,image_48,877.86623993697
17,2,sternberg,373,3,3,image_63,879.26636593697
17,2,sternberg,374,5,5,image_999,879.27636593697
17,2,sternberg,375,2,2,image_23,883.2336389369701
17,2,sternberg,376,3,3,image_63,886.1161269369701
17,2,sternberg,377,4,4,image_11,887.46623993697
17,2,sternberg,378,5,5,image_999,887.47623993697
17,2,sternberg,379,0,0,image_48,891.4334829369701
17,2,sternberg,380,1,1,image_26,893.8491189369701
17,2,sternberg,381,0,0,image_48,895.1990789369701
17,2,sternberg,382,2,2,image_23,896.61579293697
17,2,sternberg,383,4,4,image_11,900.5001839369701
17,2,sternberg,384,0,0,image_48,903.4658619369701
17,2,sternberg,385,5,5,image_999,903.4758619369701
17,2,sternberg,386,5,5,image_999,903.4858619369701
17,2,sternberg,387,0,0,image_48,907.3995879369701
17,2,sternberg,388,3,3,image_63,909.1821469369701
17,2,sternberg,389,5,5,image_999,909.1921469369701
17,2,sternberg,390,5,5,image_999,909.20214693697
17,2,sternberg,391,4,4,image_11,913.0996839369701
17,2,sternberg,392,1,1,image_26,915.0488989369701
17,2,sternberg,393,5,5,image_999,915.0588989369701
17,2,sternberg,394,5,5,image_999,915.0688989369701
17,2,sternberg,395,3,3,image_63,918.8328959369701
17,2,sternberg,396,3,3,image_63,920.6819029369701
17,2,sternberg,397,4,4,image_11,922.03186193697
17,2,sternberg,398,5,5,image_999,922.04186193697
17,2,sternberg,399,0,0,image_48,925.8827059369701
17,2,sternberg,400,1,1,image_26,928.1484599369701
17,2,sternberg,401,3,3,image_63,929.46502693697
17,2,sternberg,402,4,4,image_11,930.7150549369701
17,2,sternberg,403,1,1,image_26,934.66604593697
17,2,sternberg,404,4,4,image_11,936.71503893697
17,2,sternberg,405,3,3,image_63,938.0485019369701
17,2,sternberg,406,5,5,image_999,938.0585019369701
17,2,sternberg,407,3,3,image_63,941.98259793697
17,2,sternberg,408,0,0,image_48,944.2313939369701
17,2,sternberg,409,1,1,image_26,945.48132893697
17,2,sternberg,410,5,5,image_999,945.49132893697
17,2,sternberg,411,3,3,image_63,949.2823149369701
17,2,sternberg,412,0,0,image_48,951.3312769369701
17,2,sternberg,413,2,2,image_23,952.7479609369701
17,2,sternberg,414,4,4,image_11,954.1148779369701
17,2,sternberg,415,0,0,image_48,958.03226193697
17,2,sternberg,416,2,2,image_23,962.18102793697
17,2,sternberg,417,0,0,image_48,963.5813069369701
17,2,sternberg,418,4,4,image_11,964.96425993697
17,2,sternberg,419,0,0,image_48,968.8319389369701
17,2,sternberg,420,3,3,image_63,970.4808659369701
17,2,sternberg,421,4,4,image_11,971.89748793697
17,2,sternberg,422,5,5,image_999,971.90748793697
17,2,sternberg,423,1,1,image_26,975.7484549369701
17,2,sternberg,424,2,2,image_23,978.2973549369701
17,2,sternberg,425,3,3,image_63,979.5306089369701
17,2,sternberg,426,5,5,image_999,979.5406089369701
17,2,sternberg,427,4,4,image_11,983.5149929369701
17,2,sternberg,428,1,1,image_26,985.6971879369701
17,2,sternberg,429,4,4,image_11,986.9305039369701
17,2,sternberg,430,2,2,image_23,988.1973659369701
17,2,sternberg,431,4,4,image_11,992.1313389369701
17,2,sternberg,432,2,2,image_23,994.09704993697
17,2,sternberg,433,5,5,image_999,994.10704993697
17,2,sternberg,434,5,5,image_999,994.11704993697
17,2,sternberg,435,2,2,image_23,998.0312989369701
17,2,sternberg,436,4,4,image_11,999.6969069369701
17,2,sternberg,437,2,2,image_23,1001.0137809369701
17,2,sternberg,438,1,1,image_26,1002.39685693697
17,2,sternberg,439,0,0,image_48,1006.33107493697
17,2,sternberg,440,3,3,image_63,1008.4134919369701
17,2,sternberg,441,5,5,image_999,1008.4234919369701
17,2,sternberg,442,5,5,image_999,1008.4334919369701
17,2,sternberg,443,2,2,image_23,1012.2976359369701
17,2,sternberg,444,1,1,image_26,1014.54661693697
17,2,sternberg,445,4,4,image_11,1015.91319593697
17,2,sternberg,446,5,5,image_999,1015.92319593697
17,2,sternberg,447,1,1,image_26,1019.86440193697
17,2,sternberg,448,0,0,image_48,1021.98070293697
17,2,sternberg,449,5,5,image_999,1021.99070293697
17,2,sternberg,450,5,5,image_999,1022.00070293697
17,2,sternberg,451,3,3,image_63,1025.88063793697
17,2,sternberg,452,4,4,image_11,1028.0463059369702
17,2,sternberg,453,5,5,image_999,1028.0563059369701
17,2,sternberg,454,5,5,image_999,1028.0663059369701
17,2,sternberg,455,4,4,image_11,1031.91376893697
17,2,sternberg,456,4,4,image_11,1033.64619293697
17,2,sternberg,457,2,2,image_23,1034.96303693697
17,2,sternberg,458,3,3,image_63,1036.19610693697
17,2,sternberg,459,3,3,image_63,1040.1638399369701
17,2,sternberg,460,3,3,image_63,1041.99607293697
17,2,sternberg,461,4,4,image_11,1043.2460699369701
17,2,sternberg,462,1,1,image_26,1044.67921993697
17,2,sternberg,463,0,0,image_48,1048.53012493697
17,2,sternberg,464,2,2,image_23,1050.4958369369701
17,2,sternberg,465,3,3,image_63,1051.82914593697
17,2,sternberg,466,4,4,image_11,1053.2124679369701
17,2,sternberg,467,4,4,image_11,1057.09664293697
17,2,sternberg,468,1,1,image_26,1059.69567793697
17,2,sternberg,469,5,5,image_999,1059.70567793697
17,2,sternberg,470,5,5,image_999,1059.71567793697
17,2,sternberg,471,4,4,image_11,1063.5632029369701
17,2,sternberg,472,2,2,image_23,1065.8454839369701
17,2,sternberg,473,0,0,image_48,1067.22880593697
17,2,sternberg,474,5,5,image_999,1067.23880593697
17,2,sternberg,475,2,2,image_23,1070.97971793697
17,2,sternberg,476,4,4,image_11,1072.87891993697
17,2,sternberg,477,1,1,image_26,1074.24571393697
17,2,sternberg,478,0,0,image_48,1075.6122629369702
17,2,sternberg,479,2,2,image_23,1079.5629779369701
17,2,sternberg,480,3,3,image_63,1082.37864993697
17,2,sternberg,481,1,1,image_26,1083.6117819369701
17,2,sternberg,482,5,5,image_999,1083.6217819369701
17,2,sternberg,483,3,3,image_63,1087.5626189369702
17,2,sternberg,484,3,3,image_63,1089.71172893697
17,2,sternberg,485,1,1,image_26,1090.9617259369702
17,2,sternberg,486,0,0,image_48,1092.29506593697
17,2,sternberg,487,2,2,image_23,1096.2460879369703
17,2,sternberg,488,1,1,image_26,1098.8448469369703
17,2,sternberg,489,5,5,image_999,1098.8548469369703
17,2,sternberg,490,5,5,image_999,1098.8648469369703
17,2,sternberg,491,1,1,image_26,1102.62908993697
17,2,sternberg,492,0,0,image_48,1104.4617529369702
17,2,sternberg,493,5,5,image_999,1104.4717529369702
17,2,sternberg,494,5,5,image_999,1104.4817529369702
17,2,sternberg,495,0,0,image_48,1108.31241293697
17,2,sternberg,496,1,1,image_26,1110.0779519369703
17,2,sternberg,497,3,3,image_63,1111.3618329369701
17,2,sternberg,498,0,0,image_48,1112.7113319369703
17,2,sternberg,499,3,3,image_63,1116.67875893697
17,2,sternberg,500,2,2,image_23,1118.7114399369702
17,2,sternberg,501,0,0,image_48,1120.1278779369702
17,2,sternberg,502,5,5,image_999,1120.1378779369702
17,2,sternberg,503,1,1,image_26,1124.0790529369701
17,2,sternberg,504,2,2,image_23,1126.4608979369702
17,2,sternberg,505,4,4,image_11,1127.8108269369702
17,2,sternberg,506,3,3,image_63,1129.1944559369701
17,2,sternberg,507,3,3,image_63,1133.0283419369703
17,2,sternberg,508,0,0,image_48,1135.24405293697
17,2,sternberg,509,5,5,image_999,1135.25405293697
17,2,sternberg,510,5,5,image_999,1135.26405293697
17,2,sternberg,511,2,2,image_23,1139.14503193697
17,2,sternberg,512,2,2,image_23,1141.0606079369702
17,2,sternberg,513,5,5,image_999,1141.0706079369702
17,2,sternberg,514,5,5,image_999,1141.0806079369702
17,2,sternberg,515,2,2,image_23,1144.9281949369702
17,2,sternberg,516,4,4,image_11,1146.6106369369702
17,2,sternberg,517,0,0,image_48,1147.9440389369702
17,2,sternberg,518,1,1,image_26,1149.1937589369702
17,2,sternberg,519,2,2,image_23,1153.04457293697
17,2,sternberg,520,3,3,image_63,1156.5272989369703
17,2,sternberg,521,1,1,image_26,1157.8771969369702
17,2,sternberg,522,2,2,image_23,1159.2935119369702
17,2,sternberg,523,0,0,image_48,1163.21114193697
17,2,sternberg,524,2,2,image_23,1168.54345793697
17,2,sternberg,525,0,0,image_48,1169.79326993697
17,2,sternberg,526,4,4,image_11,1171.2099839369703
17,2,sternberg,527,4,4,image_11,1175.0277119369703
17,2,sternberg,528,0,0,image_48,1177.2098769369702
17,2,sternberg,529,3,3,image_63,1178.5100089369703
17,2,sternberg,530,1,1,image_26,1179.7932749369702
17,2,sternberg,531,2,2,image_23,1183.6274689369702
17,2,sternberg,532,3,3,image_63,1187.0771099369701
17,2,sternberg,533,5,5,image_999,1187.0871099369701
17,2,sternberg,534,5,5,image_999,1187.0971099369701
17,2,sternberg,535,1,1,image_26,1190.8606159369701
17,2,sternberg,536,0,0,image_48,1193.0428419369703
17,2,sternberg,537,3,3,image_63,1194.2928999369701
17,2,sternberg,538,4,4,image_11,1195.5428049369702
17,2,sternberg,539,1,1,image_26,1199.3436679369702
18,1,screening,0,30,27,image_31,17.96865036618328
18,1,screening,1,25,23,image_26,19.68513036618328
18,1,screening,2,38,35,image_39,21.41826036618328
18,1,screening,3,16,15,image_17,23.06823136618328
18,1,screening,4,55,50,image_56,24.80154636618328
18,1,screening,5,43,39,image_44,26.50149836618328
18,1,screening,6,0,0,image_1,30.73468436618328
18,1,screening,7,40,36,image_41,32.40133636618328
18,1,screening,8,53,48,image_54,34.10125836618328
18,1,screening,9,46,42,image_47,35.83460336618328
18,1,screening,10,66,60,image_67,37.56782536618328
18,1,screening,11,18,17,image_19,39.21776636618328
18,1,screening,12,68,62,image_69,40.95111136618328
18,1,screening,13,11,10,image_12,42.68436436618328
18,1,screening,14,48,44,image_49,44.36769736618328
18,1,screening,15,17,16,image_18,46.084515366183275
18,1,screening,16,51,46,image_52,47.73427136618328
18,1,screening,17,1,1,image_2,49.41748236618328
18,1,screening,18,54,49,image_55,51.15085836618328
18,1,screening,19,13,12,image_14,52.86746136618328
18,1,screening,20,35,32,image_36,54.60074436618328
18,1,screening,21,44,40,image_45,56.30066636618328
18,1,screening,22,22,20,image_23,57.93392636618328
18,1,screening,23,27,25,image_28,59.65055936618328
18,1,screening,24,32,29,image_33,61.38387436618328
18,1,screening,25,60,54,image_61,63.08382736618328
18,1,screening,26,2,2,image_3,64.80046036618327
18,1,screening,27,4,4,image_5,66.50041336618328
18,1,screening,28,33,30,image_34,68.18368536618328
18,1,screening,29,31,28,image_32,69.88363736618328
18,1,screening,30,37,34,image_38,71.53360836618327
18,1,screening,31,42,38,image_43,73.25021136618328
18,1,screening,32,6,6,image_7,76.55021536618328
18,1,screening,33,3,3,image_4,78.21674436618328
18,1,screening,34,58,53,image_59,79.86677736618327
18,1,screening,35,56,51,image_57,81.51674836618328
18,1,screening,36,26,24,image_27,83.23332036618328
18,1,screening,37,45,41,image_46,84.93327336618327
18,1,screening,38,64,58,image_65,86.59986436618328
18,1,screening,39,8,8,image_9,88.33314836618328
18,1,screening,40,61,55,image_62,89.96649936618327
18,1,screening,41,62,56,image_63,91.64977136618327
18,1,screening,42,20,18,image_21,94.58310136618327
18,1,screening,43,14,13,image_15,96.29964236618328
18,1,screening,44,24,22,image_25,98.01627636618328
18,1,screening,45,12,11,image_13,99.66624736618327
18,1,screening,46,63,57,image_64,101.34948836618328
18,1,screening,47,57,52,image_58,103.03279136618328
18,1,screening,48,15,14,image_16,104.73274336618327
18,1,screening,49,67,61,image_68,106.44937736618327
18,1,screening,50,41,37,image_42,108.16598036618328
18,1,screening,51,47,43,image_48,109.83260136618327
18,1,screening,52,52,47,image_53,111.53261536618328
18,1,screening,53,34,31,image_35,113.23256836618327
18,1,screening,54,23,21,image_24,114.88247836618328
18,1,screening,55,36,33,image_37,116.53247936618328
18,1,screening,56,21,19,image_22,118.21575136618327
18,1,screening,57,5,5,image_6,119.94906636618327
18,1,screening,58,28,26,image_29,121.61568736618328
18,1,screening,59,50,45,image_51,123.31560936618328
18,1,screening,60,7,7,image_8,124.98226136618328
18,1,screening,61,65,59,image_66,126.69886436618327
18,1,screening,62,10,9,image_11,128.36545536618328
18,1,screening,63,63,57,image_64,132.83208136618327
18,1,screening,64,35,32,image_36,134.53200336618326
18,1,screening,65,48,44,image_49,136.24928236618328
18,1,screening,66,33,30,image_34,137.98185936618327
18,1,screening,67,34,31,image_35,139.66522336618328
18,1,screening,68,20,18,image_21,141.31519436618328
18,1,screening,69,0,0,image_1,142.96504336618327
18,1,screening,70,46,42,image_47,144.61526036618326
18,1,screening,71,60,54,image_61,146.33167836618327
18,1,screening,72,45,41,image_46,147.99833036618327
18,1,screening,73,32,29,image_33,149.71493336618326
18,1,screening,74,65,59,image_66,155.69817536618328
18,1,screening,75,12,11,image_13,157.43142936618327
18,1,screening,76,62,56,image_63,159.11470036618329
18,1,screening,77,17,16,image_18,160.76461036618326
18,1,screening,78,18,17,image_19,162.41547236618328
18,1,screening,79,58,53,image_59,164.11456536618329
18,1,screening,80,6,6,image_7,165.79786736618328
18,1,screening,81,68,62,image_69,167.4812003661833
18,1,screening,82,38,35,image_39,169.19780336618328
18,1,screening,83,54,49,image_55,170.89775636618327
18,1,screening,84,36,33,image_37,172.58121236618328
18,1,screening,85,8,8,image_9,174.31437336618328
18,1,screening,86,66,60,image_67,175.98096336618326
18,1,screening,87,37,34,image_38,181.38086336618326
18,1,screening,88,2,2,image_3,183.09743636618327
18,1,screening,89,3,3,image_4,184.78070736618326
18,1,screening,90,23,21,image_24,186.4806603661833
18,1,screening,91,53,48,image_54,188.11391936618327
18,1,screening,92,57,52,image_58,189.74730236618328
18,1,screening,93,30,27,image_31,191.4305433661833
18,1,screening,94,50,45,image_51,193.14714636618328
18,1,screening,95,51,46,image_52,194.88049136618326
18,1,screening,96,15,14,image_16,196.53040136618327
18,1,screening,97,27,25,image_28,198.23035336618327
18,1,screening,98,25,23,image_26,199.91368736618327
18,1,screening,99,14,13,image_15,201.54694636618328
18,1,screening,100,61,55,image_62,203.21427436618328
18,1,screening,101,1,1,image_2,204.86356936618327
18,1,screening,102,13,12,image_14,206.58017236618326
18,1,screening,103,41,37,image_42,208.24676336618327
18,1,screening,104,24,22,image_25,209.93009636618328
18,1,screening,105,22,20,image_23,213.74668736618327
18,1,screening,106,26,24,image_27,215.44664036618326
18,1,screening,107,4,4,image_5,217.11323136618327
18,1,screening,108,7,7,image_8,218.81330636618327
18,1,screening,109,55,50,image_56,220.51316736618327
18,1,screening,110,67,61,image_68,222.22977036618326
18,1,screening,111,47,43,image_48,223.91304136618328
18,1,screening,112,28,26,image_29,225.56316636618328
18,1,screening,113,56,51,image_57,227.22972636618326
18,1,screening,114,64,58,image_65,228.96297936618328
18,1,screening,115,40,36,image_41,230.61298136618328
18,1,screening,116,5,5,image_6,232.32955336618326
18,1,screening,117,42,38,image_43,234.01279436618327
18,1,screening,118,11,10,image_12,235.74620136618327
18,1,screening,119,10,9,image_11,237.39608036618327
18,1,screening,120,52,47,image_53,239.07941336618327
18,1,screening,121,16,15,image_17,240.72935436618326
18,1,screening,122,43,39,image_44,242.46263836618326
18,1,screening,123,21,19,image_22,244.09592836618327
18,1,screening,124,44,40,image_45,245.81253136618326
18,1,screening,125,31,28,image_32,247.52916436618327
18,1,screening,126,64,58,image_65,249.26244836618326
18,1,screening,127,5,5,image_6,250.91241936618326
18,1,screening,128,54,49,image_55,252.57919436618326
18,1,screening,129,45,41,image_46,254.24569336618327
18,1,screening,130,46,42,image_47,255.96232736618327
18,1,screening,131,47,43,image_48,257.64553736618325
18,1,screening,132,53,48,image_54,264.6454573661833
18,1,screening,133,36,33,image_37,266.2953983661833
18,1,screening,134,30,27,image_31,267.9619893661833
18,1,screening,135,51,46,image_52,269.61196036618327
18,1,screening,136,10,9,image_11,271.2619003661833
18,1,screening,137,37,34,image_38,272.99518436618325
18,1,screening,138,21,19,image_22,274.6951673661833
18,1,screening,139,8,8,image_9,276.39508936618324
18,1,screening,140,43,39,image_44,278.04509136618327
18,1,screening,141,24,22,image_25,283.39504136618325
18,1,screening,142,6,6,image_7,285.09496336618326
18,1,screening,143,20,18,image_21,286.76164636618324
18,1,screening,144,14,13,image_15,288.44494836618327
18,1,screening,145,1,1,image_2,290.11144736618326
18,1,screening,146,16,15,image_17,291.76141836618325
18,1,screening,147,38,35,image_39,293.41145036618326
18,1,screening,148,7,7,image_8,295.0613603661833
18,1,screening,149,12,11,image_13,296.71130136618325
18,1,screening,150,26,24,image_27,298.3622243661833
18,1,screening,151,4,4,image_5,300.04457436618327
18,1,screening,152,52,47,image_53,301.67786436618326
18,1,screening,153,50,45,image_51,307.3610953661833
18,1,screening,154,33,30,image_34,309.0943483661833
18,1,screening,155,68,62,image_69,310.77814236618326
18,1,screening,156,44,40,image_45,312.46092236618324
18,1,screening,157,56,51,image_57,314.1275753661833
18,1,screening,158,60,54,image_61,315.8608283661833
18,1,screening,159,35,32,image_36,317.54413036618325
18,1,screening,160,66,60,image_67,319.19407136618327
18,1,screening,161,25,23,image_26,320.9107663661833
18,1,screening,162,48,44,image_49,322.57738736618325
18,1,screening,163,2,2,image_3,324.24394736618325
18,1,screening,164,58,53,image_59,325.92728036618325
18,1,screening,165,3,3,image_4,327.5771903661833
18,1,screening,166,0,0,image_1,329.22713036618325
18,1,screening,167,40,36,image_41,330.96050636618327
18,1,screening,168,18,17,image_19,332.6937293661833
18,1,screening,169,28,26,image_29,334.37795336618325
18,1,screening,170,15,14,image_16,336.02700236618324
18,1,screening,171,42,38,image_43,337.67700436618327
18,1,screening,172,22,20,image_23,339.3435643661833
18,1,screening,173,17,16,image_18,341.0602593661833
18,1,screening,174,61,55,image_62,342.69351936618324
18,1,screening,175,11,10,image_12,344.32677836618325
18,1,screening,176,41,37,image_42,345.97675036618324
18,1,screening,177,27,25,image_28,347.67673336618327
18,1,screening,178,55,50,image_56,349.39336736618327
18,1,screening,179,31,28,image_32,351.09331936618327
18,1,screening,180,65,59,image_66,352.7766223661833
18,1,screening,181,62,56,image_63,354.47660536618326
18,1,screening,182,34,31,image_35,357.92655336618327
18,1,screening,183,13,12,image_14,359.64312536618326
18,1,screening,184,57,52,image_58,361.29306636618327
18,1,screening,185,23,21,image_24,363.0096693661833
18,1,screening,186,63,57,image_64,364.66068436618326
18,1,screening,187,32,29,image_33,366.3270603661833
18,1,screening,188,67,61,image_68,368.0262453661833
18,1,screening,189,23,21,image_24,369.74284736618324
18,1,screening,190,32,29,image_33,371.39284936618327
18,1,screening,191,43,39,image_44,373.1261643661833
18,1,screening,192,35,32,image_36,374.8427983661833
18,1,screening,193,64,58,image_65,376.5260393661833
18,1,screening,194,12,11,image_13,378.2093723661833
18,1,screening,195,65,59,image_66,379.8926433661833
18,1,screening,196,24,22,image_25,381.55926536618324
18,1,screening,197,38,35,image_39,383.2426293661833
18,1,screening,198,52,47,image_53,384.9258703661833
18,1,screening,199,66,60,image_67,386.64247236618326
18,1,screening,200,41,37,image_42,388.35910636618325
18,1,screening,201,67,61,image_68,390.05905936618325
18,1,screening,202,42,38,image_43,391.72568036618327
18,1,screening,203,37,34,image_38,393.44243736618324
18,1,screening,204,40,36,image_41,395.14229736618324
18,1,screening,205,62,56,image_63,396.8088883661833
18,1,screening,206,57,52,image_58,398.54217236618325
18,1,screening,207,28,26,image_29,400.25886736618327
18,1,screening,208,2,2,image_3,401.95875836618325
18,1,screening,209,10,9,image_11,403.65871136618324
18,1,screening,210,56,51,image_57,405.34210536618326
18,1,screening,211,45,41,image_46,406.9921073661833
18,1,screening,212,34,31,image_35,408.65863636618326
18,1,screening,213,61,55,image_62,410.34196936618326
18,1,screening,214,51,46,image_52,411.99194136618326
18,1,screening,215,0,0,image_1,413.72519436618325
18,1,screening,216,26,24,image_27,417.24180436618326
18,1,screening,217,36,33,image_37,418.90839536618324
18,1,screening,218,53,48,image_54,420.55833536618326
18,1,screening,219,3,3,image_4,422.2249573661833
18,1,screening,220,48,44,image_49,423.90825936618324
18,1,screening,221,50,45,image_51,425.57488136618326
18,1,screening,222,46,42,image_47,427.30819536618327
18,1,screening,223,30,27,image_31,428.99146736618326
18,1,screening,224,58,53,image_59,430.65811936618326
18,1,screening,225,5,5,image_6,432.3747223661833
18,1,screening,226,22,20,image_23,434.10797536618327
18,1,screening,227,20,18,image_21,435.79133936618325
18,1,screening,228,8,8,image_9,437.44121836618325
18,1,screening,229,33,30,image_34,439.10787036618325
18,1,screening,230,68,62,image_69,440.7745533661833
18,1,screening,231,13,12,image_14,444.30784536618324
18,1,screening,232,31,28,image_32,445.97437436618327
18,1,screening,233,44,40,image_45,447.67432736618326
18,1,screening,234,60,54,image_61,449.39105236618326
18,1,screening,235,14,13,image_15,451.0575823661833
18,1,screening,236,11,10,image_12,452.70752236618324
18,1,screening,237,47,43,image_48,454.37417436618324
18,1,screening,238,15,14,image_16,456.04079636618326
18,1,screening,239,7,7,image_8,457.72406736618325
18,1,screening,240,18,17,image_19,459.4073703661833
18,1,screening,241,1,1,image_2,461.04066036618326
18,1,screening,242,27,25,image_28,462.70731236618326
18,1,screening,243,6,6,image_7,464.42394636618326
18,1,screening,244,54,49,image_55,468.09059336618327
18,1,screening,245,25,23,image_26,469.8238153661833
18,1,screening,246,55,50,image_56,471.5237683661833
18,1,screening,247,16,15,image_17,473.2071013661833
18,1,screening,248,4,4,image_5,474.9070543661833
18,1,screening,249,21,19,image_22,476.57364436618326
18,1,screening,250,63,57,image_64,478.2569473661833
18,1,screening,251,17,16,image_18,479.99026136618323
18,1,screening,252,24,22,image_25,481.6902143661833
18,1,screening,253,16,15,image_17,483.37351636618325
18,1,screening,254,1,1,image_2,485.02401036618323
18,1,screening,255,31,28,image_32,486.70672836618326
18,1,screening,256,51,46,image_52,488.4067123661833
18,1,screening,257,5,5,image_6,490.10727936618326
18,1,screening,258,47,43,image_48,491.77328636618324
18,1,screening,259,61,55,image_62,493.43993836618324
18,1,screening,260,36,33,image_37,496.57331736618323
18,1,screening,261,15,14,image_16,498.20731336618326
18,1,screening,262,68,62,image_69,499.92317936618326
18,1,screening,263,54,49,image_55,501.63975136618325
18,1,screening,264,32,29,image_33,503.35644636618326
18,1,screening,265,13,12,image_14,504.99041236618325
18,1,screening,266,48,44,image_49,506.65629636618326
18,1,screening,267,65,59,image_66,508.32288736618324
18,1,screening,268,55,50,image_56,510.02284036618323
18,1,screening,269,42,38,image_43,511.67278036618325
18,1,screening,270,20,18,image_21,513.3733473661832
18,1,screening,271,67,61,image_68,516.2727623661832
18,1,screening,272,18,17,image_19,517.9726543661833
18,1,screening,273,34,31,image_35,519.6559873661832
18,1,screening,274,21,19,image_22,521.3726203661832
18,1,screening,275,53,48,image_54,523.0892543661832
18,1,screening,276,28,26,image_29,524.8058873661832
18,1,screening,277,50,45,image_51,526.5391103661833
18,1,screening,278,14,13,image_15,528.2061613661832
18,1,screening,279,43,39,image_44,532.1223783661833
18,1,screening,280,30,27,image_31,533.7730253661832
18,1,screening,281,44,40,image_45,535.4222283661833
18,1,screening,282,22,20,image_23,537.1388623661833
18,1,screening,283,58,53,image_59,538.8221953661832
18,1,screening,284,12,11,image_13,540.5054973661832
18,1,screening,285,52,47,image_53,545.0221053661833
18,1,screening,286,38,35,image_39,546.7219963661832
18,1,screening,287,26,24,image_27,548.4219803661832
18,1,screening,288,64,58,image_65,550.1385833661833
18,1,screening,289,0,0,image_1,551.8553083661833
18,1,screening,290,66,60,image_67,553.5551383661832
18,1,screening,291,23,21,image_24,555.2217903661832
18,1,screening,292,33,30,image_34,558.7883823661832
18,1,screening,293,57,52,image_58,560.5049853661833
18,1,screening,294,40,36,image_41,562.1383063661832
18,1,screening,295,3,3,image_4,563.8216083661832
18,1,screening,296,63,57,image_64,565.4715493661832
18,1,screening,297,4,4,image_5,567.2048633661833
18,1,screening,298,62,56,image_63,568.9048163661832
18,1,screening,299,45,41,image_46,570.5881493661833
18,1,screening,300,11,10,image_12,572.2713593661832
18,1,screening,301,46,42,image_47,573.9047113661833
18,1,screening,302,25,23,image_26,575.6213453661833
18,1,screening,303,27,25,image_28,577.2712553661833
18,1,screening,304,10,9,image_11,578.9211953661833
18,1,screening,305,6,6,image_7,580.6045283661832
18,1,screening,306,35,32,image_36,582.2544993661833
18,1,screening,307,56,51,image_57,583.9711333661833
18,1,screening,308,60,54,image_61,585.6877363661832
18,1,screening,309,2,2,image_3,587.3876883661833
18,1,screening,310,7,7,image_8,589.0377213661833
18,1,screening,311,17,16,image_18,590.7376433661833
18,1,screening,312,8,8,image_9,592.4209153661833
18,1,screening,313,37,34,image_38,594.1542603661833
18,1,screening,314,41,37,image_42,595.8541513661833
18,1,screening,315,35,32,image_36,597.5707853661833
18,1,screening,316,6,6,image_7,599.2540873661833
18,1,screening,317,20,18,image_21,600.9374203661832
18,1,screening,318,36,33,image_37,604.1873813661832
18,1,screening,319,62,56,image_63,605.8372913661833
18,1,screening,320,4,4,image_5,607.4872013661833
18,1,screening,321,48,44,image_49,609.1372033661833
18,1,screening,322,17,16,image_18,610.8038553661833
18,1,screening,323,2,2,image_3,612.5204273661833
18,1,screening,324,63,57,image_64,614.2370613661833
18,1,screening,325,25,23,image_26,615.8703823661832
18,1,screening,326,64,58,image_65,617.5369723661832
18,1,screening,327,24,22,image_25,619.2203053661832
18,1,screening,328,10,9,image_11,620.9035773661833
18,1,screening,329,13,12,image_14,622.6035913661833
18,1,screening,330,54,49,image_55,624.3035443661832
18,1,screening,331,30,27,image_31,625.9701653661832
18,1,screening,332,55,50,image_56,627.6534063661833
18,1,screening,333,68,62,image_69,629.2867273661833
18,1,screening,334,8,8,image_9,631.0200113661832
18,1,screening,335,0,0,image_1,632.6699513661832
18,1,screening,336,3,3,image_4,634.3198923661832
18,1,screening,337,44,40,image_45,635.9865443661832
18,1,screening,338,33,30,image_34,640.4198093661832
18,1,screening,339,16,15,image_17,642.1031113661833
18,1,screening,340,18,17,image_19,643.7696713661833
18,1,screening,341,11,10,image_12,645.5029553661833
18,1,screening,342,15,14,image_16,647.2363003661833
18,1,screening,343,51,46,image_52,648.8695603661832
18,1,screening,344,32,29,image_33,650.5695433661832
18,1,screening,345,47,43,image_48,652.2361653661833
18,1,screening,346,5,5,image_6,653.9029403661832
18,1,screening,347,12,11,image_13,655.6028003661833
18,1,screening,348,57,52,image_58,657.3360533661833
18,1,screening,349,21,19,image_22,659.0193253661832
18,1,screening,350,40,36,image_41,660.7527013661833
18,1,screening,351,28,26,image_29,662.4192923661833
18,1,screening,352,56,51,image_57,664.1359253661833
18,1,screening,353,46,42,image_47,665.8359703661832
18,1,screening,354,38,35,image_39,667.5191193661833
18,1,screening,355,52,47,image_53,669.2358143661833
18,1,screening,356,23,21,image_24,670.9357053661832
18,1,screening,357,37,34,image_38,674.2023783661832
18,1,screening,358,67,61,image_68,675.8522573661833
18,1,screening,359,45,41,image_46,677.5855713661832
18,1,screening,360,42,38,image_43,679.2355433661833
18,1,screening,361,41,37,image_42,680.8688023661832
18,1,screening,362,61,55,image_62,682.5531183661833
18,1,screening,363,53,48,image_54,684.2854193661833
18,1,screening,364,34,31,image_35,685.9854643661832
18,1,screening,365,22,20,image_23,687.6353123661833
18,1,screening,366,26,24,image_27,689.3186453661832
18,1,screening,367,50,45,image_51,691.0019173661833
18,1,screening,368,43,39,image_44,692.7352933661832
18,1,screening,369,65,59,image_66,694.3851723661833
18,1,screening,370,60,54,image_61,696.1018063661833
18,1,screening,371,31,28,image_32,697.8017273661833
18,1,screening,372,58,53,image_59,699.4684103661832
18,1,screening,373,1,1,image_2,701.1183513661832
18,1,screening,374,7,7,image_8,702.8016843661833
18,1,screening,375,27,25,image_28,704.4849253661832
18,1,screening,376,66,60,image_67,706.1349273661832
18,1,screening,377,14,13,image_15,707.8348493661832
18,2,sternberg,0,4,4,image_11,12.13940716146469
18,2,sternberg,1,0,0,image_18,13.356042161464691
18,2,sternberg,2,2,2,image_52,14.48924116146469
18,2,sternberg,3,4,4,image_11,18.10624516146469
18,2,sternberg,4,0,0,image_18,19.73892016146469
18,2,sternberg,5,1,1,image_62,20.92237816146469
18,2,sternberg,6,3,3,image_41,21.98894516146469
18,2,sternberg,7,0,0,image_18,25.75721416146469
18,2,sternberg,8,2,2,image_52,27.60542216146469
18,2,sternberg,9,4,4,image_11,28.72212416146469
18,2,sternberg,10,3,3,image_41,29.82202316146469
18,2,sternberg,11,1,1,image_62,33.60626616146469
18,2,sternberg,12,4,4,image_11,35.27190516146469
18,2,sternberg,13,0,0,image_18,36.45514716146469
18,2,sternberg,14,5,5,image_999,36.465147161464685
18,2,sternberg,15,2,2,image_52,40.20630516146469
18,2,sternberg,16,4,4,image_11,41.95507116146469
18,2,sternberg,17,1,1,image_62,43.08839416146469
18,2,sternberg,18,5,5,image_999,43.09839416146469
18,2,sternberg,19,4,4,image_11,46.889318161464686
18,2,sternberg,20,3,3,image_41,48.55507916146469
18,2,sternberg,21,1,1,image_62,49.58816216146469
18,2,sternberg,22,5,5,image_999,49.598162161464685
18,2,sternberg,23,1,1,image_62,53.22227716146469
18,2,sternberg,24,0,0,image_18,54.87144916146469
18,2,sternberg,25,1,1,image_62,55.93810916146469
18,2,sternberg,26,5,5,image_999,55.948109161464686
18,2,sternberg,27,3,3,image_41,59.63910116146469
18,2,sternberg,28,2,2,image_52,61.67153616146469
18,2,sternberg,29,3,3,image_41,62.78790116146469
18,2,sternberg,30,0,0,image_18,63.83784916146469
18,2,sternberg,31,4,4,image_11,67.53884116146469
18,2,sternberg,32,1,1,image_62,69.57121516146469
18,2,sternberg,33,2,2,image_52,70.80443816146469
18,2,sternberg,34,4,4,image_11,71.83816616146468
18,2,sternberg,35,3,3,image_41,75.48874716146469
18,2,sternberg,36,1,1,image_62,77.42118916146468
18,2,sternberg,37,2,2,image_52,78.60452316146468
18,2,sternberg,38,5,5,image_999,78.61452316146469
18,2,sternberg,39,3,3,image_41,82.35528116146469
18,2,sternberg,40,1,1,image_62,84.22081516146469
18,2,sternberg,41,5,5,image_999,84.23081516146469
18,2,sternberg,42,5,5,image_999,84.2408151614647
18,2,sternberg,43,1,1,image_62,87.95501516146469
18,2,sternberg,44,0,0,image_18,89.48732916146469
18,2,sternberg,45,5,5,image_999,89.49732916146469
18,2,sternberg,46,5,5,image_999,89.5073291614647
18,2,sternberg,47,0,0,image_18,93.13800116146469
18,2,sternberg,48,3,3,image_41,94.5872171614647
18,2,sternberg,49,5,5,image_999,94.5972171614647
18,2,sternberg,50,5,5,image_999,94.6072171614647
18,2,sternberg,51,3,3,image_41,98.37139916146468
18,2,sternberg,52,2,2,image_52,99.92057816146469
18,2,sternberg,53,4,4,image_11,100.95415216146469
18,2,sternberg,54,3,3,image_41,102.02044416146468
18,2,sternberg,55,0,0,image_18,105.60454616146468
18,2,sternberg,56,0,0,image_18,107.27027716146469
18,2,sternberg,57,1,1,image_62,108.47053816146469
18,2,sternberg,58,3,3,image_41,109.68720316146468
18,2,sternberg,59,2,2,image_52,113.38788816146469
18,2,sternberg,60,4,4,image_11,115.93672616146469
18,2,sternberg,61,5,5,image_999,115.9467261614647
18,2,sternberg,62,5,5,image_999,115.9567261614647
18,2,sternberg,63,4,4,image_11,119.58770616146468
18,2,sternberg,64,4,4,image_11,121.11995816146468
18,2,sternberg,65,5,5,image_999,121.12995816146469
18,2,sternberg,66,5,5,image_999,121.13995816146469
18,2,sternberg,67,1,1,image_62,124.70427616146469
18,2,sternberg,68,3,3,image_41,126.43648516146469
18,2,sternberg,69,5,5,image_999,126.4464851614647
18,2,sternberg,70,5,5,image_999,126.4564851614647
18,2,sternberg,71,1,1,image_62,130.0208941614647
18,2,sternberg,72,4,4,image_11,131.6864101614647
18,2,sternberg,73,2,2,image_52,132.71961516146467
18,2,sternberg,74,3,3,image_41,133.78624516146468
18,2,sternberg,75,4,4,image_11,137.55402216146467
18,2,sternberg,76,1,1,image_62,139.4361751614647
18,2,sternberg,77,0,0,image_18,140.5195771614647
18,2,sternberg,78,5,5,image_999,140.5295771614647
18,2,sternberg,79,0,0,image_18,144.2370351614647
18,2,sternberg,80,2,2,image_52,146.3526911614647
18,2,sternberg,81,4,4,image_11,147.50278616146468
18,2,sternberg,82,0,0,image_18,148.6863661614647
18,2,sternberg,83,2,2,image_52,152.3535661614647
18,2,sternberg,84,1,1,image_62,154.10264016146468
18,2,sternberg,85,2,2,image_52,155.2191581614647
18,2,sternberg,86,3,3,image_41,156.3025611614647
18,2,sternberg,87,4,4,image_11,160.02023416146469
18,2,sternberg,88,4,4,image_11,162.98655716146467
18,2,sternberg,89,5,5,image_999,162.99655716146466
18,2,sternberg,90,5,5,image_999,163.00655716146466
18,2,sternberg,91,2,2,image_52,166.70337016146468
18,2,sternberg,92,4,4,image_11,169.0355401614647
18,2,sternberg,93,2,2,image_52,170.2357401614647
18,2,sternberg,94,5,5,image_999,170.24574016146468
18,2,sternberg,95,4,4,image_11,173.96972516146468
18,2,sternberg,96,1,1,image_62,175.58538216146468
18,2,sternberg,97,5,5,image_999,175.59538216146467
18,2,sternberg,98,5,5,image_999,175.60538216146466
18,2,sternberg,99,1,1,image_62,179.26978516146468
18,2,sternberg,100,3,3,image_41,181.0519751614647
18,2,sternberg,101,1,1,image_62,182.1185431614647
18,2,sternberg,102,0,0,image_18,183.1852641614647
18,2,sternberg,103,1,1,image_62,186.85261816146468
18,2,sternberg,104,3,3,image_41,188.61840316146467
18,2,sternberg,105,5,5,image_999,188.62840316146466
18,2,sternberg,106,5,5,image_999,188.63840316146465
18,2,sternberg,107,2,2,image_52,192.4526891614647
18,2,sternberg,108,1,1,image_62,194.4682901614647
18,2,sternberg,109,4,4,image_11,195.5684351614647
18,2,sternberg,110,5,5,image_999,195.57843516146468
18,2,sternberg,111,4,4,image_11,199.26921216146468
18,2,sternberg,112,0,0,image_18,200.8848071614647
18,2,sternberg,113,5,5,image_999,200.89480716146468
18,2,sternberg,114,5,5,image_999,200.90480716146467
18,2,sternberg,115,0,0,image_18,204.48595916146468
18,2,sternberg,116,0,0,image_18,206.18471416146468
18,2,sternberg,117,3,3,image_41,207.23466216146468
18,2,sternberg,118,5,5,image_999,207.24466216146467
18,2,sternberg,119,4,4,image_11,210.9188501614647
18,2,sternberg,120,0,0,image_18,212.83454916146468
18,2,sternberg,121,3,3,image_41,213.9512831614647
18,2,sternberg,122,2,2,image_52,215.10116316146468
18,2,sternberg,123,4,4,image_11,218.75198916146468
18,2,sternberg,124,3,3,image_41,220.58499016146467
18,2,sternberg,125,4,4,image_11,221.65106616146468
18,2,sternberg,126,5,5,image_999,221.66106616146467
18,2,sternberg,127,3,3,image_41,225.36864716146468
18,2,sternberg,128,0,0,image_18,227.36765916146467
18,2,sternberg,129,2,2,image_52,228.58420216146467
18,2,sternberg,130,5,5,image_999,228.59420216146466
18,2,sternberg,131,2,2,image_52,232.21831616146468
18,2,sternberg,132,0,0,image_18,233.86739716146468
18,2,sternberg,133,5,5,image_999,233.87739716146467
18,2,sternberg,134,5,5,image_999,233.88739716146466
18,2,sternberg,135,3,3,image_41,237.50169516146468
18,2,sternberg,136,3,3,image_41,239.4339221614647
18,2,sternberg,137,1,1,image_62,240.4838701614647
18,2,sternberg,138,0,0,image_18,241.6342111614647
18,2,sternberg,139,3,3,image_41,245.36804316146467
18,2,sternberg,140,2,2,image_52,247.16740616146467
18,2,sternberg,141,5,5,image_999,247.17740616146466
18,2,sternberg,142,5,5,image_999,247.18740616146465
18,2,sternberg,143,1,1,image_62,250.8511941614647
18,2,sternberg,144,4,4,image_11,252.7169741614647
18,2,sternberg,145,2,2,image_52,253.85023416146467
18,2,sternberg,146,5,5,image_999,253.86023416146466
18,2,sternberg,147,2,2,image_52,257.5846801614647
18,2,sternberg,148,4,4,image_11,259.3668091614647
18,2,sternberg,149,5,5,image_999,259.3768091614647
18,2,sternberg,150,5,5,image_999,259.38680916146467
18,2,sternberg,151,4,4,image_11,263.1342181614647
18,2,sternberg,152,1,1,image_62,264.8333721614647
18,2,sternberg,153,4,4,image_11,265.8666081614647
18,2,sternberg,154,0,0,image_18,266.98355716146466
18,2,sternberg,155,3,3,image_41,270.66749916146466
18,2,sternberg,156,4,4,image_11,273.5831651614647
18,2,sternberg,157,0,0,image_18,274.6164011614647
18,2,sternberg,158,5,5,image_999,274.6264011614647
18,2,sternberg,159,4,4,image_11,278.3172701614647
18,2,sternberg,160,2,2,image_52,279.9498231614647
18,2,sternberg,161,1,1,image_62,281.1333111614647
18,2,sternberg,162,0,0,image_18,282.31661516146465
18,2,sternberg,163,0,0,image_18,286.0170231614647
18,2,sternberg,164,3,3,image_41,288.28283816146467
18,2,sternberg,165,2,2,image_52,289.43314916146466
18,2,sternberg,166,5,5,image_999,289.44314916146465
18,2,sternberg,167,4,4,image_11,293.2005881614647
18,2,sternberg,168,4,4,image_11,294.9493241614647
18,2,sternberg,169,0,0,image_18,295.9993341614647
18,2,sternberg,170,3,3,image_41,297.0659321614647
18,2,sternberg,171,0,0,image_18,300.78418916146467
18,2,sternberg,172,2,2,image_52,302.8827031614647
18,2,sternberg,173,3,3,image_41,304.01574916146467
18,2,sternberg,174,5,5,image_999,304.02574916146466
18,2,sternberg,175,2,2,image_52,307.7169561614647
18,2,sternberg,176,1,1,image_62,310.53232116146467
18,2,sternberg,177,5,5,image_999,310.54232116146466
18,2,sternberg,178,5,5,image_999,310.55232116146465
18,2,sternberg,179,0,0,image_18,314.18363816146467
18,2,sternberg,180,3,3,image_41,315.9321901614647
18,2,sternberg,181,5,5,image_999,315.9421901614647
18,2,sternberg,182,5,5,image_999,315.95219016146467
18,2,sternberg,183,3,3,image_41,319.5663971614647
18,2,sternberg,184,4,4,image_11,321.2654281614647
18,2,sternberg,185,3,3,image_41,322.29866416146467
18,2,sternberg,186,5,5,image_999,322.30866416146466
18,2,sternberg,187,0,0,image_18,326.03301816146467
18,2,sternberg,188,2,2,image_52,327.8822091614647
18,2,sternberg,189,5,5,image_999,327.8922091614647
18,2,sternberg,190,5,5,image_999,327.90220916146467
18,2,sternberg,191,2,2,image_52,331.61616316146467
18,2,sternberg,192,1,1,image_62,333.3154091614647
18,2,sternberg,193,2,2,image_52,334.4486701614647
18,2,sternberg,194,5,5,image_999,334.4586701614647
18,2,sternberg,195,4,4,image_11,338.2328521614647
18,2,sternberg,196,1,1,image_62,340.24833016146465
18,2,sternberg,197,5,5,image_999,340.25833016146464
18,2,sternberg,198,5,5,image_999,340.26833016146463
18,2,sternberg,199,3,3,image_41,343.8324941614647
18,2,sternberg,200,4,4,image_11,345.73157316146467
18,2,sternberg,201,2,2,image_52,346.7982021614647
18,2,sternberg,202,5,5,image_999,346.8082021614647
18,2,sternberg,203,1,1,image_62,350.4657101614647
18,2,sternberg,204,4,4,image_11,352.28178416146466
18,2,sternberg,205,2,2,image_52,353.43148016146466
18,2,sternberg,206,5,5,image_999,353.44148016146465
18,2,sternberg,207,4,4,image_11,357.0654711614647
18,2,sternberg,208,3,3,image_41,359.0814411614647
18,2,sternberg,209,4,4,image_11,360.2311371614647
18,2,sternberg,210,2,2,image_52,361.2979811614647
18,2,sternberg,211,0,0,image_18,364.9822001614647
18,2,sternberg,212,2,2,image_52,366.76552616146466
18,2,sternberg,213,5,5,image_999,366.77552616146465
18,2,sternberg,214,5,5,image_999,366.78552616146465
18,2,sternberg,215,3,3,image_41,370.44863916146465
18,2,sternberg,216,2,2,image_52,372.5309331614647
18,2,sternberg,217,4,4,image_11,373.6809061614647
18,2,sternberg,218,5,5,image_999,373.6909061614647
18,2,sternberg,219,0,0,image_18,377.3485971614647
18,2,sternberg,220,0,0,image_18,379.1310641614647
18,2,sternberg,221,1,1,image_62,380.2807601614647
18,2,sternberg,222,5,5,image_999,380.2907601614647
18,2,sternberg,223,1,1,image_62,383.8819121614647
18,2,sternberg,224,2,2,image_52,385.5806971614647
18,2,sternberg,225,3,3,image_41,386.69730816146466
18,2,sternberg,226,5,5,image_999,386.70730816146465
18,2,sternberg,227,0,0,image_18,390.3314841614647
18,2,sternberg,228,2,2,image_52,392.1471581614647
18,2,sternberg,229,5,5,image_999,392.1571581614647
18,2,sternberg,230,5,5,image_999,392.16715816146467
18,2,sternberg,231,1,1,image_62,395.8313771614647
18,2,sternberg,232,0,0,image_18,397.8639971614647
18,2,sternberg,233,3,3,image_41,399.01390816146466
18,2,sternberg,234,1,1,image_62,400.11371516146465
18,2,sternberg,235,1,1,image_62,403.9146701614647
18,2,sternberg,236,4,4,image_11,405.8303381614647
18,2,sternberg,237,5,5,image_999,405.8403381614647
18,2,sternberg,238,5,5,image_999,405.85033816146466
18,2,sternberg,239,3,3,image_41,409.46457516146467
18,2,sternberg,240,3,3,image_41,411.9801751614647
18,2,sternberg,241,2,2,image_52,413.06339316146466
18,2,sternberg,242,4,4,image_11,414.11346416146466
18,2,sternberg,243,3,3,image_41,417.7643511614647
18,2,sternberg,244,4,4,image_11,419.8633881614647
18,2,sternberg,245,0,0,image_18,420.99652616146466
18,2,sternberg,246,1,1,image_62,422.2134371614647
18,2,sternberg,247,3,3,image_41,425.99731116146467
18,2,sternberg,248,3,3,image_41,428.41304016146466
18,2,sternberg,249,5,5,image_999,428.42304016146466
18,2,sternberg,250,5,5,image_999,428.43304016146465
18,2,sternberg,251,3,3,image_41,432.16441316146467
18,2,sternberg,252,0,0,image_18,433.9297381614647
18,2,sternberg,253,5,5,image_999,433.9397381614647
18,2,sternberg,254,5,5,image_999,433.94973816146467
18,2,sternberg,255,0,0,image_18,437.7138891614647
18,2,sternberg,256,3,3,image_41,439.7798391614647
18,2,sternberg,257,5,5,image_999,439.78983916146467
18,2,sternberg,258,5,5,image_999,439.79983916146466
18,2,sternberg,259,4,4,image_11,443.3970271614647
18,2,sternberg,260,3,3,image_41,445.1793101614647
18,2,sternberg,261,0,0,image_18,446.29592016146466
18,2,sternberg,262,4,4,image_11,447.4126231614647
18,2,sternberg,263,2,2,image_52,451.13026516146465
18,2,sternberg,264,1,1,image_62,453.27937516146466
18,2,sternberg,265,5,5,image_999,453.28937516146465
18,2,sternberg,266,5,5,image_999,453.29937516146464
18,2,sternberg,267,1,1,image_62,456.8467041614647
18,2,sternberg,268,0,0,image_18,458.57903616146467
18,2,sternberg,269,4,4,image_11,459.6789961614647
18,2,sternberg,270,2,2,image_52,460.8289381614647
18,2,sternberg,271,1,1,image_62,464.4799181614647
18,2,sternberg,272,3,3,image_41,520.1110111614647
18,2,sternberg,273,0,0,image_18,521.1775791614647
18,2,sternberg,274,5,5,image_999,521.1875791614647
18,2,sternberg,275,3,3,image_41,524.7956581614646
18,2,sternberg,276,2,2,image_52,529.0445101614647
18,2,sternberg,277,5,5,image_999,529.0545101614647
18,2,sternberg,278,5,5,image_999,529.0645101614647
18,2,sternberg,279,1,1,image_62,532.7450111614646
18,2,sternberg,280,4,4,image_11,534.6273481614646
18,2,sternberg,281,5,5,image_999,534.6373481614646
18,2,sternberg,282,5,5,image_999,534.6473481614646
18,2,sternberg,283,4,4,image_11,538.3949411614647
18,2,sternberg,284,2,2,image_52,541.0439881614647
18,2,sternberg,285,4,4,image_11,542.1937761614647
18,2,sternberg,286,5,5,image_999,542.2037761614647
18,2,sternberg,287,2,2,image_52,545.8782411614646
18,2,sternberg,288,0,0,image_18,547.5270451614647
18,2,sternberg,289,5,5,image_999,547.5370451614647
18,2,sternberg,290,5,5,image_999,547.5470451614647
18,2,sternberg,291,1,1,image_62,551.2613371614647
18,2,sternberg,292,0,0,image_18,553.1104661614646
18,2,sternberg,293,2,2,image_52,554.2605611614647
18,2,sternberg,294,1,1,image_62,555.4101651614646
18,2,sternberg,295,3,3,image_41,559.1443961614647
18,2,sternberg,296,0,0,image_18,561.3267451614647
18,2,sternberg,297,1,1,image_62,562.5433491614647
18,2,sternberg,298,5,5,image_999,562.5533491614647
18,2,sternberg,299,3,3,image_41,566.2776721614647
18,2,sternberg,300,0,0,image_18,568.3099231614647
18,2,sternberg,301,1,1,image_62,569.4431841614646
18,2,sternberg,302,2,2,image_52,570.6102061614647
18,2,sternberg,303,4,4,image_11,574.3608111614647
18,2,sternberg,304,4,4,image_11,576.3098411614646
18,2,sternberg,305,5,5,image_999,576.3198411614646
18,2,sternberg,306,5,5,image_999,576.3298411614646
18,2,sternberg,307,4,4,image_11,579.9274591614646
18,2,sternberg,308,1,1,image_62,581.4596501614647
18,2,sternberg,309,5,5,image_999,581.4696501614646
18,2,sternberg,310,5,5,image_999,581.4796501614646
18,2,sternberg,311,0,0,image_18,585.2274891614646
18,2,sternberg,312,1,1,image_62,587.0932061614646
18,2,sternberg,313,2,2,image_52,588.1428781614646
18,2,sternberg,314,5,5,image_999,588.1528781614646
18,2,sternberg,315,0,0,image_18,591.8437471614646
18,2,sternberg,316,1,1,image_62,593.8593791614646
18,2,sternberg,317,2,2,image_52,594.9760201614647
18,2,sternberg,318,3,3,image_41,596.0759801614647
18,2,sternberg,319,3,3,image_41,599.8436351614647
18,2,sternberg,320,1,1,image_62,602.0759651614646
18,2,sternberg,321,0,0,image_18,603.2258141614647
18,2,sternberg,322,5,5,image_999,603.2358141614646
18,2,sternberg,323,4,4,image_11,606.8433711614647
18,2,sternberg,324,0,0,image_18,608.7590391614647
18,2,sternberg,325,4,4,image_11,609.9260001614647
18,2,sternberg,326,5,5,image_999,609.9360001614647
18,2,sternberg,327,1,1,image_62,613.6266541614647
18,2,sternberg,328,1,1,image_62,615.5923661614646
18,2,sternberg,329,3,3,image_41,616.7087921614647
18,2,sternberg,330,5,5,image_999,616.7187921614646
18,2,sternberg,331,0,0,image_18,620.2932011614647
18,2,sternberg,332,0,0,image_18,622.0755141614646
18,2,sternberg,333,3,3,image_41,623.2589411614647
18,2,sternberg,334,5,5,image_999,623.2689411614647
18,2,sternberg,335,0,0,image_18,626.9760611614647
18,2,sternberg,336,2,2,image_52,628.6754611614647
18,2,sternberg,337,1,1,image_62,629.8588561614647
18,2,sternberg,338,5,5,image_999,629.8688561614647
18,2,sternberg,339,1,1,image_62,633.5931801614647
18,2,sternberg,340,3,3,image_41,635.2085291614646
18,2,sternberg,341,0,0,image_18,636.2927001614646
18,2,sternberg,342,1,1,image_62,637.4584011614646
18,2,sternberg,343,1,1,image_62,641.1927551614647
18,2,sternberg,344,2,2,image_52,642.8582701614647
18,2,sternberg,345,5,5,image_999,642.8682701614647
18,2,sternberg,346,5,5,image_999,642.8782701614647
18,2,sternberg,347,2,2,image_52,646.6593481614647
18,2,sternberg,348,1,1,image_62,648.3748141614647
18,2,sternberg,349,2,2,image_52,649.4413821614646
18,2,sternberg,350,5,5,image_999,649.4513821614646
18,2,sternberg,351,4,4,image_11,653.1591471614647
18,2,sternberg,352,4,4,image_11,654.7749271614647
18,2,sternberg,353,5,5,image_999,654.7849271614647
18,2,sternberg,354,5,5,image_999,654.7949271614647
18,2,sternberg,355,2,2,image_52,658.4423421614647
18,2,sternberg,356,3,3,image_41,660.2413051614647
18,2,sternberg,357,0,0,image_18,661.3744431614647
18,2,sternberg,358,5,5,image_999,661.3844431614647
18,2,sternberg,359,3,3,image_41,665.0088951614647
18,2,sternberg,360,4,4,image_11,667.2245141614646
18,2,sternberg,361,3,3,image_41,668.3579591614647
18,2,sternberg,362,2,2,image_52,669.5743481614646
18,2,sternberg,363,2,2,image_52,673.3251991614646
18,2,sternberg,364,2,2,image_52,675.1579231614646
18,2,sternberg,365,1,1,image_62,676.1907911614646
18,2,sternberg,366,5,5,image_999,676.2007911614646
18,2,sternberg,367,2,2,image_52,679.9750961614646
18,2,sternberg,368,2,2,image_52,681.7408511614647
18,2,sternberg,369,5,5,image_999,681.7508511614647
18,2,sternberg,370,5,5,image_999,681.7608511614646
18,2,sternberg,371,2,2,image_52,685.4755121614646
18,2,sternberg,372,0,0,image_18,687.4405781614647
18,2,sternberg,373,3,3,image_41,688.6405631614647
18,2,sternberg,374,5,5,image_999,688.6505631614647
18,2,sternberg,375,2,2,image_52,692.4081251614647
18,2,sternberg,376,3,3,image_41,694.2737811614646
18,2,sternberg,377,4,4,image_11,695.4240611614647
18,2,sternberg,378,5,5,image_999,695.4340611614647
18,2,sternberg,379,0,0,image_18,699.1914391614647
18,2,sternberg,380,1,1,image_62,701.1406841614646
18,2,sternberg,381,0,0,image_18,702.2902271614647
18,2,sternberg,382,2,2,image_52,703.5069231614647
18,2,sternberg,383,4,4,image_11,707.1912341614646
18,2,sternberg,384,0,0,image_18,709.1235221614646
18,2,sternberg,385,5,5,image_999,709.1335221614646
18,2,sternberg,386,5,5,image_999,709.1435221614646
18,2,sternberg,387,0,0,image_18,712.8579681614647
18,2,sternberg,388,3,3,image_41,714.4899991614647
18,2,sternberg,389,5,5,image_999,714.4999991614646
18,2,sternberg,390,5,5,image_999,714.5099991614646
18,2,sternberg,391,4,4,image_11,718.1915741614647
18,2,sternberg,392,1,1,image_62,720.2566651614646
18,2,sternberg,393,5,5,image_999,720.2666651614646
18,2,sternberg,394,5,5,image_999,720.2766651614646
18,2,sternberg,395,3,3,image_41,723.8574791614647
18,2,sternberg,396,3,3,image_41,725.9230611614646
18,2,sternberg,397,4,4,image_11,727.0733721614647
18,2,sternberg,398,5,5,image_999,727.0833721614647
18,2,sternberg,399,0,0,image_18,730.7406641614647
18,2,sternberg,400,1,1,image_62,732.6062591614647
18,2,sternberg,401,3,3,image_41,733.7230841614646
18,2,sternberg,402,4,4,image_11,734.7730021614647
18,2,sternberg,403,1,1,image_62,738.5071711614646
18,2,sternberg,404,4,4,image_11,740.3895091614646
18,2,sternberg,405,3,3,image_41,741.5229231614646
18,2,sternberg,406,5,5,image_999,741.5329231614646
18,2,sternberg,407,3,3,image_41,745.2570931614647
18,2,sternberg,408,0,0,image_18,746.8392651614647
18,2,sternberg,409,1,1,image_62,747.8892741614646
18,2,sternberg,410,5,5,image_999,747.8992741614646
18,2,sternberg,411,3,3,image_41,751.4901811614646
18,2,sternberg,412,0,0,image_18,753.0892181614646
18,2,sternberg,413,2,2,image_52,754.3057611614646
18,2,sternberg,414,4,4,image_11,755.4728141614646
18,2,sternberg,415,0,0,image_18,759.1901181614646
18,2,sternberg,416,2,2,image_52,760.8889951614647
18,2,sternberg,417,0,0,image_18,762.0889801614646
18,2,sternberg,418,4,4,image_11,763.2725601614646
18,2,sternberg,419,0,0,image_18,766.9395761614646
18,2,sternberg,420,3,3,image_41,769.0721271614647
18,2,sternberg,421,4,4,image_11,770.2887931614647
18,2,sternberg,422,5,5,image_999,770.2987931614647
18,2,sternberg,423,1,1,image_62,773.9399261614647
18,2,sternberg,424,2,2,image_52,775.6720121614646
18,2,sternberg,425,3,3,image_41,776.7052181614647
18,2,sternberg,426,5,5,image_999,776.7152181614647
18,2,sternberg,427,4,4,image_11,780.4727501614647
18,2,sternberg,428,1,1,image_62,782.3054131614647
18,2,sternberg,429,4,4,image_11,783.3384031614646
18,2,sternberg,430,2,2,image_52,784.4050321614646
18,2,sternberg,431,4,4,image_11,788.1227671614647
18,2,sternberg,432,2,2,image_52,790.2721221614646
18,2,sternberg,433,5,5,image_999,790.2821221614646
18,2,sternberg,434,5,5,image_999,790.2921221614646
18,2,sternberg,435,2,2,image_52,793.9890271614646
18,2,sternberg,436,4,4,image_11,795.4215321614647
18,2,sternberg,437,2,2,image_52,796.5384191614646
18,2,sternberg,438,1,1,image_62,797.7214151614646
18,2,sternberg,439,0,0,image_18,801.4557081614646
18,2,sternberg,440,3,3,image_41,803.1713891614646
18,2,sternberg,441,5,5,image_999,803.1813891614646
18,2,sternberg,442,5,5,image_999,803.1913891614646
18,2,sternberg,443,2,2,image_52,806.8561911614646
18,2,sternberg,444,1,1,image_62,808.7045521614647
18,2,sternberg,445,4,4,image_11,809.8711441614646
18,2,sternberg,446,5,5,image_999,809.8811441614646
18,2,sternberg,447,1,1,image_62,813.6221491614647
18,2,sternberg,448,0,0,image_18,815.9710611614646
18,2,sternberg,449,5,5,image_999,815.9810611614646
18,2,sternberg,450,5,5,image_999,815.9910611614646
18,2,sternberg,451,3,3,image_41,819.6556181614646
18,2,sternberg,452,4,4,image_11,821.4543971614646
18,2,sternberg,453,5,5,image_999,821.4643971614646
18,2,sternberg,454,5,5,image_999,821.4743971614646
18,2,sternberg,455,4,4,image_11,825.1385851614647
18,2,sternberg,456,4,4,image_11,826.8374931614646
18,2,sternberg,457,2,2,image_52,827.9542881614647
18,2,sternberg,458,3,3,image_41,828.9874321614647
18,2,sternberg,459,3,3,image_41,832.7550871614646
18,2,sternberg,460,3,3,image_41,834.8206691614647
18,2,sternberg,461,4,4,image_11,835.8706481614646
18,2,sternberg,462,1,1,image_62,837.1039331614646
18,2,sternberg,463,0,0,image_18,840.7550051614646
18,2,sternberg,464,2,2,image_52,842.5038331614646
18,2,sternberg,465,3,3,image_41,843.6371861614647
18,2,sternberg,466,4,4,image_11,844.8203671614647
18,2,sternberg,467,4,4,image_11,848.5213591614646
18,2,sternberg,468,1,1,image_62,850.7203891614647
18,2,sternberg,469,5,5,image_999,850.7303891614647
18,2,sternberg,470,5,5,image_999,850.7403891614647
18,2,sternberg,471,4,4,image_11,854.3880191614646
18,2,sternberg,472,2,2,image_52,856.1536811614646
18,2,sternberg,473,0,0,image_18,857.3367391614646
18,2,sternberg,474,5,5,image_999,857.3467391614646
18,2,sternberg,475,2,2,image_52,860.8882481614646
18,2,sternberg,476,4,4,image_11,863.0368351614646
18,2,sternberg,477,1,1,image_62,864.2034581614646
18,2,sternberg,478,0,0,image_18,865.3699581614646
18,2,sternberg,479,2,2,image_52,869.1043121614647
18,2,sternberg,480,3,3,image_41,870.9534711614647
18,2,sternberg,481,1,1,image_62,871.9864311614647
18,2,sternberg,482,5,5,image_999,871.9964311614647
18,2,sternberg,483,3,3,image_41,875.7232741614647
18,2,sternberg,484,3,3,image_41,877.4030431614647
18,2,sternberg,485,1,1,image_62,878.4530221614647
18,2,sternberg,486,0,0,image_18,879.5862521614647
18,2,sternberg,487,2,2,image_52,883.3373491614647
18,2,sternberg,488,1,1,image_62,884.9362021614646
18,2,sternberg,489,5,5,image_999,884.9462021614646
18,2,sternberg,490,5,5,image_999,884.9562021614646
18,2,sternberg,491,1,1,image_62,888.5204581614646
18,2,sternberg,492,0,0,image_18,890.5028501614646
18,2,sternberg,493,5,5,image_999,890.5128501614646
18,2,sternberg,494,5,5,image_999,890.5228501614646
18,2,sternberg,495,0,0,image_18,894.1536461614646
18,2,sternberg,496,1,1,image_62,895.8192841614647
18,2,sternberg,497,3,3,image_41,896.9036081614646
18,2,sternberg,498,0,0,image_18,898.0528741614646
18,2,sternberg,499,3,3,image_41,901.8201591614646
18,2,sternberg,500,2,2,image_52,903.6858161614647
18,2,sternberg,501,0,0,image_18,904.9025431614647
18,2,sternberg,502,5,5,image_999,904.9125431614647
18,2,sternberg,503,1,1,image_62,908.6534551614646
18,2,sternberg,504,2,2,image_52,910.4189951614646
18,2,sternberg,505,4,4,image_11,911.5689671614647
18,2,sternberg,506,3,3,image_41,912.7521791614646
18,2,sternberg,507,3,3,image_41,916.3865391614646
18,2,sternberg,508,0,0,image_18,918.3354771614646
18,2,sternberg,509,5,5,image_999,918.3454771614646
18,2,sternberg,510,5,5,image_999,918.3554771614646
18,2,sternberg,511,2,2,image_52,922.0197271614646
18,2,sternberg,512,2,2,image_52,923.8020401614647
18,2,sternberg,513,5,5,image_999,923.8120401614647
18,2,sternberg,514,5,5,image_999,923.8220401614647
18,2,sternberg,515,2,2,image_52,927.4696081614646
18,2,sternberg,516,4,4,image_11,929.2685721614647
18,2,sternberg,517,0,0,image_18,930.4020781614646
18,2,sternberg,518,1,1,image_62,931.4517811614646
18,2,sternberg,519,2,2,image_52,935.1028531614646
18,2,sternberg,520,3,3,image_41,937.1522141614646
18,2,sternberg,521,1,1,image_62,938.3016951614646
18,2,sternberg,522,2,2,image_52,939.5186681614647
18,2,sternberg,523,0,0,image_18,943.2360651614647
18,2,sternberg,524,2,2,image_52,945.0850711614646
18,2,sternberg,525,0,0,image_18,946.1347731614646
18,2,sternberg,526,4,4,image_11,947.3514391614647
18,2,sternberg,527,4,4,image_11,950.9690571614647
18,2,sternberg,528,0,0,image_18,953.1013631614646
18,2,sternberg,529,3,3,image_41,954.2014461614647
18,2,sternberg,530,1,1,image_62,955.2846021614647
18,2,sternberg,531,2,2,image_52,958.9023431614646
18,2,sternberg,532,3,3,image_41,961.0015331614646
18,2,sternberg,533,5,5,image_999,961.0115331614646
18,2,sternberg,534,5,5,image_999,961.0215331614646
18,2,sternberg,535,1,1,image_62,964.5853901614646
18,2,sternberg,536,0,0,image_18,965.9679431614646
18,2,sternberg,537,3,3,image_41,967.0178301614646
18,2,sternberg,538,4,4,image_11,968.0676551614647
18,2,sternberg,539,1,1,image_62,971.6686231614647
19,2,sternberg,0,3,3,image_39,0.9729019999999999
19,2,sternberg,1,2,2,image_21,2.056028
19,2,sternberg,2,5,5,image_999,2.0660279999999998
19,2,sternberg,3,4,4,image_49,5.784606999999999
19,2,sternberg,4,2,2,image_21,7.5732479999999995
19,2,sternberg,5,4,4,image_49,8.714772
19,2,sternberg,6,5,5,image_999,8.724772
19,2,sternberg,7,2,2,image_21,12.481413
19,2,sternberg,8,0,0,image_15,14.954435
19,2,sternberg,9,1,1,image_16,16.025702
19,2,sternberg,10,5,5,image_999,16.035702
19,2,sternberg,11,2,2,image_21,19.740672
19,2,sternberg,12,3,3,image_39,21.508301
19,2,sternberg,13,5,5,image_999,21.518301
19,2,sternberg,14,5,5,image_999,21.528301000000003
19,2,sternberg,15,3,3,image_39,25.200691
19,2,sternberg,16,1,1,image_16,26.968873
19,2,sternberg,17,5,5,image_999,26.978873
19,2,sternberg,18,5,5,image_999,26.988873
19,2,sternberg,19,1,1,image_16,30.784758
19,2,sternberg,20,0,0,image_15,32.43989
19,2,sternberg,21,2,2,image_21,33.541723999999995
19,2,sternberg,22,4,4,image_49,34.615204
19,2,sternberg,23,3,3,image_39,38.323999
19,2,sternberg,24,3,3,image_39,41.378304
19,2,sternberg,25,4,4,image_49,42.519059999999996
19,2,sternberg,26,0,0,image_15,43.606241
19,2,sternberg,27,3,3,image_39,47.379917
19,2,sternberg,28,1,1,image_16,49.600542999999995
19,2,sternberg,29,2,2,image_21,50.788453999999994
19,2,sternberg,30,3,3,image_39,51.912375999999995
19,2,sternberg,31,4,4,image_49,55.650171
19,2,sternberg,32,3,3,image_39,58.739557999999995
19,2,sternberg,33,4,4,image_49,59.846092999999996
19,2,sternberg,34,0,0,image_15,60.904427999999996
19,2,sternberg,35,2,2,image_21,64.646676
19,2,sternberg,36,1,1,image_16,67.64095499999999
19,2,sternberg,37,5,5,image_999,67.650955
19,2,sternberg,38,5,5,image_999,67.660955
19,2,sternberg,39,1,1,image_16,71.284593
19,2,sternberg,40,4,4,image_49,72.98350099999999
19,2,sternberg,41,1,1,image_16,74.08195599999999
19,2,sternberg,42,5,5,image_999,74.091956
19,2,sternberg,43,4,4,image_49,77.763348
19,2,sternberg,44,1,1,image_16,79.45288699999999
19,2,sternberg,45,5,5,image_999,79.462887
19,2,sternberg,46,5,5,image_999,79.472887
19,2,sternberg,47,2,2,image_21,83.055852
19,2,sternberg,48,4,4,image_49,84.53191699999999
19,2,sternberg,49,2,2,image_21,85.596457
19,2,sternberg,50,3,3,image_39,86.730824
19,2,sternberg,51,2,2,image_21,90.451415
19,2,sternberg,52,2,2,image_21,92.157112
19,2,sternberg,53,3,3,image_39,93.233818
19,2,sternberg,54,0,0,image_15,94.330276
19,2,sternberg,55,4,4,image_49,97.993697
19,2,sternberg,56,2,2,image_21,100.006318
19,2,sternberg,57,3,3,image_39,101.033779
19,2,sternberg,58,5,5,image_999,101.043779
19,2,sternberg,59,4,4,image_49,104.846008
19,2,sternberg,60,2,2,image_21,107.261737
19,2,sternberg,61,1,1,image_16,108.321085
19,2,sternberg,62,3,3,image_39,109.42586899999999
19,2,sternberg,63,0,0,image_15,113.225533
19,2,sternberg,64,1,1,image_16,115.97666299999999
19,2,sternberg,65,5,5,image_999,115.986663
19,2,sternberg,66,5,5,image_999,115.996663
19,2,sternberg,67,3,3,image_39,119.692861
19,2,sternberg,68,0,0,image_15,121.474222
19,2,sternberg,69,3,3,image_39,122.560881
19,2,sternberg,70,5,5,image_999,122.570881
19,2,sternberg,71,3,3,image_39,126.31805999999999
19,2,sternberg,72,3,3,image_39,128.176957
19,2,sternberg,73,5,5,image_999,128.18695699999998
19,2,sternberg,74,5,5,image_999,128.19695699999997
19,2,sternberg,75,0,0,image_15,131.902679
19,2,sternberg,76,4,4,image_49,133.699953
19,2,sternberg,77,1,1,image_16,134.84716
19,2,sternberg,78,0,0,image_15,135.886203
19,2,sternberg,79,2,2,image_21,139.59536599999998
19,2,sternberg,80,2,2,image_21,141.829386
19,2,sternberg,81,1,1,image_16,142.996654
19,2,sternberg,82,5,5,image_999,143.006654
19,2,sternberg,83,0,0,image_15,146.784829
19,2,sternberg,84,2,2,image_21,148.635249
19,2,sternberg,85,4,4,image_49,149.786757
19,2,sternberg,86,5,5,image_999,149.79675699999999
19,2,sternberg,87,4,4,image_49,153.388247
19,2,sternberg,88,0,0,image_15,155.442125
19,2,sternberg,89,5,5,image_999,155.452125
19,2,sternberg,90,5,5,image_999,155.462125
19,2,sternberg,91,2,2,image_21,159.182899
19,2,sternberg,92,1,1,image_16,161.29622
19,2,sternberg,93,5,5,image_999,161.30622
19,2,sternberg,94,5,5,image_999,161.31622
19,2,sternberg,95,0,0,image_15,165.10249
19,2,sternberg,96,2,2,image_21,166.815867
19,2,sternberg,97,5,5,image_999,166.825867
19,2,sternberg,98,5,5,image_999,166.83586699999998
19,2,sternberg,99,1,1,image_16,170.496184
19,2,sternberg,100,4,4,image_49,172.085207
19,2,sternberg,101,2,2,image_21,173.130639
19,2,sternberg,102,0,0,image_15,174.337935
19,2,sternberg,103,1,1,image_16,178.085499
19,2,sternberg,104,0,0,image_15,180.24370199999998
19,2,sternberg,105,2,2,image_21,181.392261
19,2,sternberg,106,1,1,image_16,182.419692
19,2,sternberg,107,4,4,image_49,186.04145699999998
19,2,sternberg,108,4,4,image_49,188.061051
19,2,sternberg,109,5,5,image_999,188.07105099999998
19,2,sternberg,110,5,5,image_999,188.08105099999997
19,2,sternberg,111,4,4,image_49,191.852851
19,2,sternberg,112,4,4,image_49,193.68708099999998
19,2,sternberg,113,5,5,image_999,193.69708099999997
19,2,sternberg,114,5,5,image_999,193.70708099999996
19,2,sternberg,115,4,4,image_49,197.430252
19,2,sternberg,116,3,3,image_39,199.211581
19,2,sternberg,117,0,0,image_15,200.31446
19,2,sternberg,118,5,5,image_999,200.32446
19,2,sternberg,119,0,0,image_15,204.036895
19,2,sternberg,120,3,3,image_39,205.882153
19,2,sternberg,121,2,2,image_21,206.92832299999998
19,2,sternberg,122,5,5,image_999,206.93832299999997
19,2,sternberg,123,4,4,image_49,210.64808399999998
19,2,sternberg,124,0,0,image_15,212.45085699999998
19,2,sternberg,125,2,2,image_21,213.543107
19,2,sternberg,126,1,1,image_16,214.660516
19,2,sternberg,127,1,1,image_16,218.365286
19,2,sternberg,128,4,4,image_49,221.902725
19,2,sternberg,129,2,2,image_21,222.999337
19,2,sternberg,130,0,0,image_15,224.02566099999999
19,2,sternberg,131,1,1,image_16,227.792732
19,2,sternberg,132,2,2,image_21,229.811712
19,2,sternberg,133,3,3,image_39,230.864456
19,2,sternberg,134,4,4,image_49,231.974031
19,2,sternberg,135,0,0,image_15,235.69428499999998
19,2,sternberg,136,3,3,image_39,237.575209
19,2,sternberg,137,1,1,image_16,238.733568
19,2,sternberg,138,0,0,image_15,239.799368
19,2,sternberg,139,1,1,image_16,243.49141999999998
19,2,sternberg,140,4,4,image_49,245.381038
19,2,sternberg,141,5,5,image_999,245.39103799999998
19,2,sternberg,142,5,5,image_999,245.40103799999997
19,2,sternberg,143,4,4,image_49,249.162824
19,2,sternberg,144,3,3,image_39,250.76886499999998
19,2,sternberg,145,5,5,image_999,250.77886499999997
19,2,sternberg,146,5,5,image_999,250.78886499999996
19,2,sternberg,147,3,3,image_39,254.49722899999998
19,2,sternberg,148,0,0,image_15,256.243937
19,2,sternberg,149,1,1,image_16,257.280707
19,2,sternberg,150,4,4,image_49,258.489907
19,2,sternberg,151,2,2,image_21,262.080154
19,2,sternberg,152,1,1,image_16,264.26084399999996
19,2,sternberg,153,4,4,image_49,265.406392
19,2,sternberg,154,5,5,image_999,265.416392
19,2,sternberg,155,4,4,image_49,269.036974
19,2,sternberg,156,1,1,image_16,271.438172
19,2,sternberg,157,5,5,image_999,271.448172
19,2,sternberg,158,5,5,image_999,271.458172
19,2,sternberg,159,1,1,image_16,275.10709199999997
19,2,sternberg,160,0,0,image_15,276.637256
19,2,sternberg,161,2,2,image_21,277.687818
19,2,sternberg,162,4,4,image_49,278.785413
19,2,sternberg,163,0,0,image_15,282.449848
19,2,sternberg,164,2,2,image_21,285.425449
19,2,sternberg,165,3,3,image_39,286.51656199999996
19,2,sternberg,166,5,5,image_999,286.52656199999996
19,2,sternberg,167,2,2,image_21,290.214052
19,2,sternberg,168,0,0,image_15,295.341957
19,2,sternberg,169,2,2,image_21,296.40806399999997
19,2,sternberg,170,5,5,image_999,296.41806399999996
19,2,sternberg,171,1,1,image_16,300.212152
19,2,sternberg,172,0,0,image_15,302.12278299999997
19,2,sternberg,173,4,4,image_49,303.250207
19,2,sternberg,174,5,5,image_999,303.260207
19,2,sternberg,175,3,3,image_39,306.917315
19,2,sternberg,176,1,1,image_16,309.008609
19,2,sternberg,177,5,5,image_999,309.01860899999997
19,2,sternberg,178,5,5,image_999,309.02860899999996
19,2,sternberg,179,2,2,image_21,312.67755999999997
19,2,sternberg,180,0,0,image_15,314.394163
19,2,sternberg,181,5,5,image_999,314.404163
19,2,sternberg,182,5,5,image_999,314.414163
19,2,sternberg,183,3,3,image_39,318.025574
19,2,sternberg,184,4,4,image_49,319.79790299999996
19,2,sternberg,185,5,5,image_999,319.80790299999995
19,2,sternberg,186,5,5,image_999,319.81790299999994
19,2,sternberg,187,4,4,image_49,323.429622
19,2,sternberg,188,3,3,image_39,325.423933
19,2,sternberg,189,4,4,image_49,326.575995
19,2,sternberg,190,2,2,image_21,327.715645
19,2,sternberg,191,4,4,image_49,331.284388
19,2,sternberg,192,1,1,image_16,333.23375599999997
19,2,sternberg,193,3,3,image_39,334.37737
19,2,sternberg,194,5,5,image_999,334.38737
19,2,sternberg,195,3,3,image_39,338.093507
19,2,sternberg,196,2,2,image_21,340.217027
19,2,sternberg,197,5,5,image_999,340.22702699999996
19,2,sternberg,198,5,5,image_999,340.23702699999996
19,2,sternberg,199,3,3,image_39,343.91101399999997
19,2,sternberg,200,0,0,image_15,345.59956999999997
19,2,sternberg,201,3,3,image_39,346.76699099999996
19,2,sternberg,202,1,1,image_16,347.860992
19,2,sternberg,203,2,2,image_21,351.457751
19,2,sternberg,204,4,4,image_49,353.726853
19,2,sternberg,205,1,1,image_16,354.827612
19,2,sternberg,206,0,0,image_15,355.955067
19,2,sternberg,207,3,3,image_39,359.687977
19,2,sternberg,208,2,2,image_21,361.97207
19,2,sternberg,209,4,4,image_49,363.111813
19,2,sternberg,210,5,5,image_999,363.121813
19,2,sternberg,211,2,2,image_21,366.879867
19,2,sternberg,212,3,3,image_39,368.90505199999996
19,2,sternberg,213,4,4,image_49,370.051645
19,2,sternberg,214,0,0,image_15,371.202877
19,2,sternberg,215,1,1,image_16,374.79727099999997
19,2,sternberg,216,3,3,image_39,425.510093
19,2,sternberg,217,5,5,image_999,425.520093
19,2,sternberg,218,5,5,image_999,425.53009299999997
19,2,sternberg,219,3,3,image_39,429.212252
19,2,sternberg,220,2,2,image_21,430.870211
19,2,sternberg,221,5,5,image_999,430.880211
19,2,sternberg,222,5,5,image_999,430.89021099999997
19,2,sternberg,223,2,2,image_21,434.581955
19,2,sternberg,224,3,3,image_39,437.494579
19,2,sternberg,225,5,5,image_999,437.504579
19,2,sternberg,226,5,5,image_999,437.51457899999997
19,2,sternberg,227,0,0,image_15,441.18313
19,2,sternberg,228,4,4,image_49,443.288033
19,2,sternberg,229,1,1,image_16,444.364216
19,2,sternberg,230,5,5,image_999,444.374216
19,2,sternberg,231,0,0,image_15,448.11906
19,2,sternberg,232,4,4,image_49,450.05482
19,2,sternberg,233,5,5,image_999,450.06482
19,2,sternberg,234,5,5,image_999,450.07482
19,2,sternberg,235,1,1,image_16,453.80053999999996
19,2,sternberg,236,1,1,image_16,457.411615
19,2,sternberg,237,2,2,image_21,458.545306
19,2,sternberg,238,0,0,image_15,459.595438
19,2,sternberg,239,0,0,image_15,463.32288
19,2,sternberg,240,4,4,image_49,465.62233299999997
19,2,sternberg,241,5,5,image_999,465.63233299999996
19,2,sternberg,242,5,5,image_999,465.64233299999995
19,2,sternberg,243,1,1,image_16,469.347717
19,2,sternberg,244,0,0,image_15,471.16105699999997
19,2,sternberg,245,5,5,image_999,471.17105699999996
19,2,sternberg,246,5,5,image_999,471.18105699999995
19,2,sternberg,247,0,0,image_15,474.89888299999996
19,2,sternberg,248,1,1,image_16,476.356086
19,2,sternberg,249,4,4,image_49,477.496566
19,2,sternberg,250,5,5,image_999,477.50656599999996
19,2,sternberg,251,4,4,image_49,481.24846099999996
19,2,sternberg,252,3,3,image_39,483.441807
19,2,sternberg,253,4,4,image_49,484.49537999999995
19,2,sternberg,254,2,2,image_21,485.649101
19,2,sternberg,255,2,2,image_21,489.258486
19,2,sternberg,256,2,2,image_21,491.041321
19,2,sternberg,257,5,5,image_999,491.051321
19,2,sternberg,258,5,5,image_999,491.06132099999996
19,2,sternberg,259,0,0,image_15,494.754355
19,2,sternberg,260,3,3,image_39,496.423281
19,2,sternberg,261,5,5,image_999,496.43328099999997
19,2,sternberg,262,5,5,image_999,496.44328099999996
19,2,sternberg,263,2,2,image_21,500.150692
19,2,sternberg,264,3,3,image_39,501.86947599999996
19,2,sternberg,265,0,0,image_15,502.932664
19,2,sternberg,266,5,5,image_999,502.942664
19,2,sternberg,267,2,2,image_21,506.66695699999997
19,2,sternberg,268,0,0,image_15,508.491018
19,2,sternberg,269,1,1,image_16,509.555436
19,2,sternberg,270,3,3,image_39,510.632294
19,2,sternberg,271,4,4,image_49,514.3016759999999
19,2,sternberg,272,3,3,image_39,516.399329
19,2,sternberg,273,4,4,image_49,517.539256
19,2,sternberg,274,2,2,image_21,518.660383
19,2,sternberg,275,0,0,image_15,522.401403
19,2,sternberg,276,1,1,image_16,524.537149
19,2,sternberg,277,5,5,image_999,524.547149
19,2,sternberg,278,5,5,image_999,524.557149
19,2,sternberg,279,4,4,image_49,528.3083369999999
19,2,sternberg,280,0,0,image_15,530.347991
19,2,sternberg,281,1,1,image_16,531.37536
19,2,sternberg,282,4,4,image_49,532.4681929999999
19,2,sternberg,283,1,1,image_16,536.1473129999999
19,2,sternberg,284,2,2,image_21,538.279404
19,2,sternberg,285,5,5,image_999,538.289404
19,2,sternberg,286,5,5,image_999,538.299404
19,2,sternberg,287,0,0,image_15,542.079621
19,2,sternberg,288,3,3,image_39,544.007823
19,2,sternberg,289,5,5,image_999,544.017823
19,2,sternberg,290,5,5,image_999,544.027823
19,2,sternberg,291,3,3,image_39,547.657021
19,2,sternberg,292,4,4,image_49,549.1219659999999
19,2,sternberg,293,3,3,image_39,550.241956
19,2,sternberg,294,0,0,image_15,551.426642
19,2,sternberg,295,4,4,image_49,555.11722
19,2,sternberg,296,1,1,image_16,557.183508
19,2,sternberg,297,0,0,image_15,558.299412
19,2,sternberg,298,5,5,image_999,558.309412
19,2,sternberg,299,1,1,image_16,561.933588
19,2,sternberg,300,2,2,image_21,563.604019
19,2,sternberg,301,1,1,image_16,564.6316949999999
19,2,sternberg,302,4,4,image_49,565.79454
19,2,sternberg,303,2,2,image_21,569.4413109999999
19,2,sternberg,304,2,2,image_21,571.1472229999999
19,2,sternberg,305,5,5,image_999,571.1572229999999
19,2,sternberg,306,5,5,image_999,571.1672229999999
19,2,sternberg,307,2,2,image_21,574.888428
19,2,sternberg,308,1,1,image_16,576.455547
19,2,sternberg,309,3,3,image_39,577.557074
19,2,sternberg,310,0,0,image_15,578.584443
19,2,sternberg,311,1,1,image_16,582.2487239999999
19,2,sternberg,312,1,1,image_16,584.469381
19,2,sternberg,313,5,5,image_999,584.479381
19,2,sternberg,314,5,5,image_999,584.489381
19,2,sternberg,315,1,1,image_16,588.217989
19,2,sternberg,316,0,0,image_15,589.713439
19,2,sternberg,317,5,5,image_999,589.723439
19,2,sternberg,318,5,5,image_999,589.733439
19,2,sternberg,319,4,4,image_49,593.459743
19,2,sternberg,320,1,1,image_16,595.011656
19,2,sternberg,321,4,4,image_49,596.0994509999999
19,2,sternberg,322,2,2,image_21,597.154959
19,2,sternberg,323,4,4,image_49,600.963717
19,2,sternberg,324,3,3,image_39,602.8394499999999
19,2,sternberg,325,2,2,image_21,603.938949
19,2,sternberg,326,1,1,image_16,605.117276
19,2,sternberg,327,0,0,image_15,608.8404479999999
19,2,sternberg,328,0,0,image_15,611.0319509999999
19,2,sternberg,329,2,2,image_21,612.146719
19,2,sternberg,330,5,5,image_999,612.156719
19,2,sternberg,331,1,1,image_16,615.9349559999999
19,2,sternberg,332,0,0,image_15,617.821747
19,2,sternberg,333,4,4,image_49,618.915318
19,2,sternberg,334,5,5,image_999,618.925318
19,2,sternberg,335,0,0,image_15,622.691297
19,2,sternberg,336,0,0,image_15,624.587674
19,2,sternberg,337,5,5,image_999,624.597674
19,2,sternberg,338,5,5,image_999,624.607674
19,2,sternberg,339,0,0,image_15,628.2562869999999
19,2,sternberg,340,2,2,image_21,629.919345
19,2,sternberg,341,0,0,image_15,631.065754
19,2,sternberg,342,5,5,image_999,631.075754
19,2,sternberg,343,2,2,image_21,634.73879
19,2,sternberg,344,1,1,image_16,636.343296
19,2,sternberg,345,5,5,image_999,636.353296
19,2,sternberg,346,5,5,image_999,636.363296
19,2,sternberg,347,1,1,image_16,639.995105
19,2,sternberg,348,3,3,image_39,641.566587
19,2,sternberg,349,0,0,image_15,642.718403
19,2,sternberg,350,5,5,image_999,642.728403
19,2,sternberg,351,2,2,image_21,646.470728
19,2,sternberg,352,0,0,image_15,648.013978
19,2,sternberg,353,2,2,image_21,649.0414999999999
19,2,sternberg,354,1,1,image_16,650.226678
19,2,sternberg,355,2,2,image_21,654.001029
19,2,sternberg,356,3,3,image_39,655.9164519999999
19,2,sternberg,357,4,4,image_49,657.089219
19,2,sternberg,358,5,5,image_999,657.099219
19,2,sternberg,359,4,4,image_49,660.741151
19,2,sternberg,360,4,4,image_49,663.647263
19,2,sternberg,361,3,3,image_39,664.8306279999999
19,2,sternberg,362,5,5,image_999,664.8406279999999
19,2,sternberg,363,3,3,image_39,668.5885129999999
19,2,sternberg,364,3,3,image_39,671.27166
19,2,sternberg,365,2,2,image_21,672.3000119999999
19,2,sternberg,366,5,5,image_999,672.3100119999999
19,2,sternberg,367,3,3,image_39,676.0471759999999
19,2,sternberg,368,0,0,image_15,678.264699
19,2,sternberg,369,1,1,image_16,679.473715
19,2,sternberg,370,5,5,image_999,679.483715
19,2,sternberg,371,0,0,image_15,683.240786
19,2,sternberg,372,2,2,image_21,685.342403
19,2,sternberg,373,0,0,image_15,686.369741
19,2,sternberg,374,5,5,image_999,686.379741
19,2,sternberg,375,3,3,image_39,690.032486
19,2,sternberg,376,4,4,image_49,692.231178
19,2,sternberg,377,3,3,image_39,693.286072
19,2,sternberg,378,2,2,image_21,694.408735
19,2,sternberg,379,4,4,image_49,698.08939
19,2,sternberg,380,4,4,image_49,700.2018509999999
19,2,sternberg,381,3,3,image_39,701.229066
19,2,sternberg,382,5,5,image_999,701.239066
19,2,sternberg,383,0,0,image_15,704.899092
19,2,sternberg,384,2,2,image_21,706.97217
19,2,sternberg,385,0,0,image_15,708.01278
19,2,sternberg,386,1,1,image_16,709.062328
19,2,sternberg,387,1,1,image_16,712.6822199999999
19,2,sternberg,388,3,3,image_39,715.2667849999999
19,2,sternberg,389,1,1,image_16,716.4181709999999
19,2,sternberg,390,5,5,image_999,716.4281709999999
19,2,sternberg,391,2,2,image_21,720.12119
19,2,sternberg,392,0,0,image_15,722.066964
19,2,sternberg,393,5,5,image_999,722.076964
19,2,sternberg,394,5,5,image_999,722.086964
19,2,sternberg,395,0,0,image_15,725.802271
19,2,sternberg,396,3,3,image_39,727.419095
19,2,sternberg,397,5,5,image_999,727.429095
19,2,sternberg,398,5,5,image_999,727.439095
19,2,sternberg,399,4,4,image_49,731.0701359999999
19,2,sternberg,400,2,2,image_21,733.4355459999999
19,2,sternberg,401,0,0,image_15,734.488689
19,2,sternberg,402,5,5,image_999,734.498689
19,2,sternberg,403,3,3,image_39,738.238433
19,2,sternberg,404,4,4,image_49,740.0304229999999
19,2,sternberg,405,1,1,image_16,741.0760399999999
19,2,sternberg,406,5,5,image_999,741.0860399999999
19,2,sternberg,407,1,1,image_16,744.814633
19,2,sternberg,408,3,3,image_39,748.616724
19,2,sternberg,409,2,2,image_21,749.7742539999999
19,2,sternberg,410,4,4,image_49,750.933903
19,2,sternberg,411,4,4,image_49,754.586972
19,2,sternberg,412,1,1,image_16,756.4382519999999
19,2,sternberg,413,3,3,image_39,757.623245
19,2,sternberg,414,4,4,image_49,758.793093
19,2,sternberg,415,4,4,image_49,762.4659459999999
19,2,sternberg,416,2,2,image_21,764.093491
19,2,sternberg,417,1,1,image_16,765.119724
19,2,sternberg,418,5,5,image_999,765.129724
19,2,sternberg,419,4,4,image_49,768.8920469999999
19,2,sternberg,420,3,3,image_39,770.780928
19,2,sternberg,421,0,0,image_15,771.887831
19,2,sternberg,422,5,5,image_999,771.897831
19,2,sternberg,423,2,2,image_21,775.570514
19,2,sternberg,424,1,1,image_16,777.3590019999999
19,2,sternberg,425,3,3,image_39,778.54292
19,2,sternberg,426,4,4,image_49,779.624479
19,2,sternberg,427,0,0,image_15,783.272694
19,2,sternberg,428,4,4,image_49,785.1265539999999
19,2,sternberg,429,1,1,image_16,786.204918
19,2,sternberg,430,5,5,image_999,786.214918
19,2,sternberg,431,2,2,image_21,789.953188
20,1,screening,0,30,27,image_31,52.9828835
20,1,screening,1,25,23,image_26,54.4940085
20,1,screening,2,38,35,image_39,56.0105395
20,1,screening,3,16,15,image_17,57.4605385
20,1,screening,4,55,50,image_56,58.977194499999996
20,1,screening,5,43,39,image_44,60.4771625
20,1,screening,6,0,0,image_1,66.09375349999999
20,1,screening,7,40,36,image_41,67.5603785
20,1,screening,8,53,48,image_54,69.0437835
20,1,screening,9,46,42,image_47,70.57706449999999
20,1,screening,10,66,60,image_67,72.1104385
20,1,screening,11,18,17,image_19,73.5604065
20,1,screening,12,68,62,image_69,75.0937505
20,1,screening,13,11,10,image_12,76.62696849999999
20,1,screening,14,48,44,image_49,78.1103735
20,1,screening,15,17,16,image_18,79.62702949999999
20,1,screening,16,51,46,image_52,81.0769665
20,1,screening,17,1,1,image_2,82.54365349999999
20,1,screening,18,54,49,image_55,84.06024649999999
20,1,screening,19,13,12,image_14,85.5768705
20,1,screening,20,35,32,image_36,87.1101825
20,1,screening,21,44,40,image_45,88.6101825
20,1,screening,22,22,20,image_23,90.04346249999999
20,1,screening,23,27,25,image_28,91.5601805
20,1,screening,24,32,29,image_33,93.09346149999999
20,1,screening,25,60,54,image_61,94.59339849999999
20,1,screening,26,2,2,image_3,96.11005449999999
20,1,screening,27,4,4,image_5,97.6266785
20,1,screening,28,33,30,image_34,99.0933025
20,1,screening,29,31,28,image_32,100.5933025
20,1,screening,30,37,34,image_38,102.0433015
20,1,screening,31,42,38,image_43,103.5433015
20,1,screening,32,6,6,image_7,108.15986149999999
20,1,screening,33,3,3,image_4,109.6264865
20,1,screening,34,58,53,image_59,111.0598605
20,1,screening,35,56,51,image_57,112.50973549999999
20,1,screening,36,26,24,image_27,114.0263595
20,1,screening,37,45,41,image_46,115.5263585
20,1,screening,38,64,58,image_65,116.9929525
20,1,screening,39,8,8,image_9,118.5262635
20,1,screening,40,61,55,image_62,119.95954449999999
20,1,screening,41,62,56,image_63,121.44291849999999
20,1,screening,42,20,18,image_21,126.47616649999999
20,1,screening,43,14,13,image_15,127.9927285
20,1,screening,44,24,22,image_25,129.5094155
20,1,screening,45,12,11,image_13,130.95944649999998
20,1,screening,46,63,57,image_64,132.4426645
20,1,screening,47,57,52,image_58,133.9259765
20,1,screening,48,15,14,image_16,135.42594449999999
20,1,screening,49,67,61,image_68,136.92594449999999
20,1,screening,50,41,37,image_42,138.4425375
20,1,screening,51,47,43,image_48,139.9092245
20,1,screening,52,52,47,image_53,141.4091295
20,1,screening,53,34,31,image_35,142.9090975
20,1,screening,54,23,21,image_24,144.3591595
20,1,screening,55,36,33,image_37,145.8091595
20,1,screening,56,21,19,image_22,147.29234649999998
20,1,screening,57,5,5,image_6,148.8256585
20,1,screening,58,28,26,image_29,150.2922825
20,1,screening,59,50,45,image_51,151.7922505
20,1,screening,60,7,7,image_8,153.2423435
20,1,screening,61,65,59,image_66,154.7421865
20,1,screening,62,10,9,image_11,156.1923425
20,1,screening,63,63,57,image_64,160.7088095
20,1,screening,64,35,32,image_36,162.20899649999998
20,1,screening,65,48,44,image_49,163.7253705
20,1,screening,66,33,30,image_34,165.2586825
20,1,screening,67,34,31,image_35,166.7419945
20,1,screening,68,20,18,image_21,168.1919005
20,1,screening,69,0,0,image_1,169.6419625
20,1,screening,70,46,42,image_47,171.0918675
20,1,screening,71,60,54,image_61,172.60849249999998
20,1,screening,72,45,41,image_46,174.0751795
20,1,screening,73,32,29,image_33,175.5918035
20,1,screening,74,65,59,image_66,181.8926445
20,1,screening,75,12,11,image_13,183.4089565
20,1,screening,76,62,56,image_63,184.87501849999998
20,1,screening,77,17,16,image_18,186.32492449999998
20,1,screening,78,18,17,image_19,187.77498649999998
20,1,screening,79,58,53,image_59,189.2748915
20,1,screening,80,6,6,image_7,190.7581725
20,1,screening,81,68,62,image_69,192.2247965
20,1,screening,82,38,35,image_39,193.74145249999998
20,1,screening,83,54,49,image_55,195.22470149999998
20,1,screening,84,36,33,image_37,196.7080455
20,1,screening,85,8,8,image_9,198.22566949999998
20,1,screening,86,66,60,image_67,199.69135649999998
20,1,screening,87,37,34,image_38,203.6579485
20,1,screening,88,2,2,image_3,205.15794749999998
20,1,screening,89,3,3,image_4,206.62447849999998
20,1,screening,90,23,21,image_24,208.12447749999998
20,1,screening,91,53,48,image_54,209.55775849999998
20,1,screening,92,57,52,image_58,210.99122649999998
20,1,screening,93,30,27,image_31,212.47435149999998
20,1,screening,94,50,45,image_51,213.99106949999998
20,1,screening,95,51,46,image_52,215.5243185
20,1,screening,96,15,14,image_16,216.9743495
20,1,screening,97,27,25,image_28,218.4575985
20,1,screening,98,25,23,image_26,219.9408795
20,1,screening,99,14,13,image_15,221.3742225
20,1,screening,100,61,55,image_62,222.8408155
20,1,screening,101,1,1,image_2,224.2908775
20,1,screening,102,13,12,image_14,225.8074395
20,1,screening,103,41,37,image_42,227.2741575
20,1,screening,104,24,22,image_25,228.7574075
20,1,screening,105,22,20,image_23,232.60734349999998
20,1,screening,106,26,24,image_27,234.1072805
20,1,screening,107,4,4,image_5,235.5740295
20,1,screening,108,7,7,image_8,237.0738725
20,1,screening,109,55,50,image_56,238.5738715
20,1,screening,110,67,61,image_68,240.0904655
20,1,screening,111,47,43,image_48,241.57377749999998
20,1,screening,112,28,26,image_29,243.02383849999998
20,1,screening,113,56,51,image_57,244.47446349999998
20,1,screening,114,64,58,image_65,245.9903685
20,1,screening,115,40,36,image_41,247.44039949999998
20,1,screening,116,5,5,image_6,248.95699249999998
20,1,screening,117,42,38,image_43,250.4403985
20,1,screening,118,11,10,image_12,251.9736165
20,1,screening,119,10,9,image_11,253.40689749999999
20,1,screening,120,52,47,image_53,254.8902095
20,1,screening,121,16,15,image_17,256.3401775
20,1,screening,122,43,39,image_44,257.87355149999996
20,1,screening,123,21,19,image_22,259.3068015
20,1,screening,124,44,40,image_45,260.82345649999996
20,1,screening,125,31,28,image_32,262.3400815
20,1,screening,126,64,58,image_65,263.8567055
20,1,screening,127,5,5,image_6,265.2900485
20,1,screening,128,54,49,image_55,266.7566735
20,1,screening,129,45,41,image_46,268.2067035
20,1,screening,130,46,42,image_47,269.7232965
20,1,screening,131,47,43,image_48,271.2065775
20,1,screening,132,53,48,image_54,282.6771045
20,1,screening,133,36,33,image_37,284.12300949999997
20,1,screening,134,30,27,image_31,285.5896035
20,1,screening,135,51,46,image_52,287.0396655
20,1,screening,136,10,9,image_11,288.4895705
20,1,screening,137,37,34,image_38,290.0063825
20,1,screening,138,21,19,image_22,291.4895065
20,1,screening,139,8,8,image_9,292.9728505
20,1,screening,140,43,39,image_44,294.42278749999997
20,1,screening,141,24,22,image_25,297.5727855
20,1,screening,142,6,6,image_7,299.0727855
20,1,screening,143,20,18,image_21,300.5393155
20,1,screening,144,14,13,image_15,302.02275249999997
20,1,screening,145,1,1,image_2,303.4893455
20,1,screening,146,16,15,image_17,304.92256449999996
20,1,screening,147,38,35,image_39,306.3727505
20,1,screening,148,7,7,image_8,307.8225945
20,1,screening,149,12,11,image_13,309.2725315
20,1,screening,150,26,24,image_27,310.7224675
20,1,screening,151,4,4,image_5,312.1898735
20,1,screening,152,52,47,image_53,313.6224665
20,1,screening,153,50,45,image_51,317.4224345
20,1,screening,154,33,30,image_34,318.9556525
20,1,screening,155,68,62,image_69,320.4390265
20,1,screening,156,44,40,image_45,321.9223075
20,1,screening,157,56,51,image_57,323.3890255
20,1,screening,158,60,54,image_61,324.9055565
20,1,screening,159,35,32,image_36,326.3721805
20,1,screening,160,66,60,image_67,327.82224249999996
20,1,screening,161,25,23,image_26,329.3388045
20,1,screening,162,48,44,image_49,330.80564749999996
20,1,screening,163,2,2,image_3,332.25539649999996
20,1,screening,164,58,53,image_59,333.7222405
20,1,screening,165,3,3,image_4,335.1720515
20,1,screening,166,0,0,image_1,336.6220515
20,1,screening,167,40,36,image_41,338.1553315
20,1,screening,168,18,17,image_19,339.6886755
20,1,screening,169,28,26,image_29,341.1886125
20,1,screening,170,15,14,image_16,342.6218925
20,1,screening,171,42,38,image_43,344.07192349999997
20,1,screening,172,22,20,image_23,345.53857949999997
20,1,screening,173,17,16,image_18,347.05517249999997
20,1,screening,174,61,55,image_62,348.48842149999996
20,1,screening,175,11,10,image_12,349.9218275
20,1,screening,176,41,37,image_42,351.3717325
20,1,screening,177,27,25,image_28,352.8717635
20,1,screening,178,55,50,image_56,354.3716695
20,1,screening,179,31,28,image_32,355.8716685
20,1,screening,180,65,59,image_66,357.3550115
20,1,screening,181,62,56,image_63,358.8382615
20,1,screening,182,34,31,image_35,361.93825949999996
20,1,screening,183,13,12,image_14,363.4381965
20,1,screening,184,57,52,image_58,364.8882585
20,1,screening,185,23,21,image_24,366.3882585
20,1,screening,186,63,57,image_64,367.8381015
20,1,screening,187,32,29,image_33,369.3047885
20,1,screening,188,67,61,image_68,370.8046935
20,1,screening,189,23,21,image_24,372.3213805
20,1,screening,190,32,29,image_33,373.7546925
20,1,screening,191,43,39,image_44,375.27153549999997
20,1,screening,192,35,32,image_36,376.7879415
20,1,screening,193,64,58,image_65,378.2712845
20,1,screening,194,12,11,image_13,379.7545345
20,1,screening,195,65,59,image_66,381.2379085
20,1,screening,196,24,22,image_25,382.70462649999996
20,1,screening,197,38,35,image_39,384.1878135
20,1,screening,198,52,47,image_53,385.67112549999996
20,1,screening,199,66,60,image_67,387.18771849999996
20,1,screening,200,41,37,image_42,388.7043745
20,1,screening,201,67,61,image_68,390.2043425
20,1,screening,202,42,38,image_43,391.6710295
20,1,screening,203,37,34,image_38,393.1876535
20,1,screening,204,40,36,image_41,394.6709035
20,1,screening,205,62,56,image_63,396.1375895
20,1,screening,206,57,52,image_58,397.6551515
20,1,screening,207,28,26,image_29,399.1708695
20,1,screening,208,2,2,image_3,400.6542445
20,1,screening,209,10,9,image_11,402.1541185
20,1,screening,210,56,51,image_57,403.6374935
20,1,screening,211,45,41,image_46,405.0875235
20,1,screening,212,34,31,image_35,406.5540545
20,1,screening,213,61,55,image_62,408.0373355
20,1,screening,214,51,46,image_52,409.5039905
20,1,screening,215,0,0,image_1,411.0206465
20,1,screening,216,26,24,image_27,413.9873015
20,1,screening,217,36,33,image_37,415.4372385
20,1,screening,218,53,48,image_54,416.88723749999997
20,1,screening,219,3,3,image_4,418.3371745
20,1,screening,220,48,44,image_49,419.8205175
20,1,screening,221,50,45,image_51,421.28714249999996
20,1,screening,222,46,42,image_47,422.8204225
20,1,screening,223,30,27,image_31,424.30373449999996
20,1,screening,224,58,53,image_59,425.7537035
20,1,screening,225,5,5,image_6,427.27104649999995
20,1,screening,226,22,20,image_23,428.8036395
20,1,screening,227,20,18,image_21,430.2870135
20,1,screening,228,8,8,image_9,431.7369195
20,1,screening,229,33,30,image_34,433.18688749999995
20,1,screening,230,68,62,image_69,434.65369949999996
20,1,screening,231,13,12,image_14,437.5868855
20,1,screening,232,31,28,image_32,439.0378225
20,1,screening,233,44,40,image_45,440.5367905
20,1,screening,234,60,54,image_61,442.0367905
20,1,screening,235,14,13,image_15,443.4866955
20,1,screening,236,11,10,image_12,444.9366955
20,1,screening,237,47,43,image_48,446.40331949999995
20,1,screening,238,15,14,image_16,447.87003749999997
20,1,screening,239,7,7,image_8,449.35328749999996
20,1,screening,240,18,17,image_19,450.8367245
20,1,screening,241,1,1,image_2,452.2699115
20,1,screening,242,27,25,image_28,453.7207855
20,1,screening,243,6,6,image_7,455.2366595
20,1,screening,244,54,49,image_55,458.40340849999995
20,1,screening,245,25,23,image_26,459.9199395
20,1,screening,246,55,50,image_56,461.42040749999995
20,1,screening,247,16,15,image_17,462.90309449999995
20,1,screening,248,4,4,image_5,464.38656249999997
20,1,screening,249,21,19,image_22,465.8363435
20,1,screening,250,63,57,image_64,467.3195925
20,1,screening,251,17,16,image_18,468.8529675
20,1,screening,252,24,22,image_25,470.3362165
20,1,screening,253,16,15,image_17,471.8195905
20,1,screening,254,1,1,image_2,473.2694965
20,1,screening,255,31,28,image_32,474.7528395
20,1,screening,256,51,46,image_52,476.25280749999996
20,1,screening,257,5,5,image_6,477.7527755
20,1,screening,258,47,43,image_48,479.2194005
20,1,screening,259,61,55,image_62,480.6860875
20,1,screening,260,36,33,image_37,485.53608549999996
20,1,screening,261,15,14,image_16,486.9692725
20,1,screening,262,68,62,image_69,488.48589649999997
20,1,screening,263,54,49,image_55,490.0192715
20,1,screening,264,32,29,image_33,491.53592649999996
20,1,screening,265,13,12,image_14,492.9696135
20,1,screening,266,48,44,image_49,494.43580049999997
20,1,screening,267,65,59,image_66,495.90248749999995
20,1,screening,268,55,50,image_56,497.4025185
20,1,screening,269,42,38,image_43,498.85245449999996
20,1,screening,270,20,18,image_21,500.3524235
20,1,screening,271,67,61,image_68,503.1190155
20,1,screening,272,18,17,image_19,504.6189525
20,1,screening,273,34,31,image_35,506.10229549999997
20,1,screening,274,21,19,image_22,507.61888849999997
20,1,screening,275,53,48,image_54,509.11898249999996
20,1,screening,276,28,26,image_29,510.6355125
20,1,screening,277,50,45,image_51,512.1521994999999
20,1,screening,278,14,13,image_15,513.6188245
20,1,screening,279,43,39,image_44,517.1021975
20,1,screening,280,30,27,image_31,518.5520405
20,1,screening,281,44,40,image_45,519.9853835
20,1,screening,282,22,20,image_23,521.4853205
20,1,screening,283,58,53,image_59,522.9686644999999
20,1,screening,284,12,11,image_13,524.4519445
20,1,screening,285,52,47,image_53,528.7852245
20,1,screening,286,38,35,image_39,530.2852545
20,1,screening,287,26,24,image_27,531.7852545
20,1,screening,288,64,58,image_65,533.3018784999999
20,1,screening,289,0,0,image_1,534.8184095
20,1,screening,290,66,60,image_67,536.3017215
20,1,screening,291,23,21,image_24,537.7517204999999
20,1,screening,292,33,30,image_34,542.1683435
20,1,screening,293,57,52,image_58,543.6849685
20,1,screening,294,40,36,image_41,545.1182484999999
20,1,screening,295,3,3,image_4,546.6016855
20,1,screening,296,63,57,image_64,548.0514975
20,1,screening,297,4,4,image_5,549.5849345
20,1,screening,298,62,56,image_63,551.0849345
20,1,screening,299,45,41,image_46,552.5681525
20,1,screening,300,11,10,image_12,554.0514324999999
20,1,screening,301,46,42,image_47,555.4847135
20,1,screening,302,25,23,image_26,556.9847125
20,1,screening,303,27,25,image_28,558.4181185
20,1,screening,304,10,9,image_11,559.8514305
20,1,screening,305,6,6,image_7,561.3346174999999
20,1,screening,306,35,32,image_36,562.7846794999999
20,1,screening,307,56,51,image_57,564.3013035
20,1,screening,308,60,54,image_61,565.8179595
20,1,screening,309,2,2,image_3,567.3179275
20,1,screening,310,7,7,image_8,568.7678645
20,1,screening,311,17,16,image_18,570.2678635
20,1,screening,312,8,8,image_9,571.7511135
20,1,screening,313,37,34,image_38,573.2845185
20,1,screening,314,41,37,image_42,574.7844245
20,1,screening,315,35,32,image_36,576.3010485
20,1,screening,316,6,6,image_7,577.7844544999999
20,1,screening,317,20,18,image_21,579.2676415
20,1,screening,318,36,33,image_37,582.4343585
20,1,screening,319,62,56,image_63,583.8676704999999
20,1,screening,320,4,4,image_5,585.3175765
20,1,screening,321,48,44,image_49,586.7676074999999
20,1,screening,322,17,16,image_18,588.2343875
20,1,screening,323,2,2,image_3,589.7507935
20,1,screening,324,63,57,image_64,591.2674804999999
20,1,screening,325,25,23,image_26,592.7007615
20,1,screening,326,64,58,image_65,594.1675104999999
20,1,screening,327,24,22,image_25,595.6507915
20,1,screening,328,10,9,image_11,597.1173215
20,1,screening,329,13,12,image_14,598.6173524999999
20,1,screening,330,54,49,image_55,600.1173835
20,1,screening,331,30,27,image_31,601.5840075
20,1,screening,332,55,50,image_56,603.0672255
20,1,screening,333,68,62,image_69,604.5005685
20,1,screening,334,8,8,image_9,606.0338805
20,1,screening,335,0,0,image_1,607.4839115
20,1,screening,336,3,3,image_4,608.9338174999999
20,1,screening,337,44,40,image_45,610.4007855
20,1,screening,338,33,30,image_34,613.0004405
20,1,screening,339,16,15,image_17,614.4838145
20,1,screening,340,18,17,image_19,615.9503765
20,1,screening,341,11,10,image_12,617.4837195
20,1,screening,342,15,14,image_16,619.0004375
20,1,screening,343,51,46,image_52,620.4335934999999
20,1,screening,344,32,29,image_33,621.9336245
20,1,screening,345,47,43,image_48,623.3844045
20,1,screening,346,5,5,image_6,624.8502165
20,1,screening,347,12,11,image_13,626.3336224999999
20,1,screening,348,57,52,image_58,627.8668405
20,1,screening,349,21,19,image_22,629.3334965
20,1,screening,350,40,36,image_41,630.8668395
20,1,screening,351,28,26,image_29,632.3334014999999
20,1,screening,352,56,51,image_57,633.8334325
20,1,screening,353,46,42,image_47,635.3333685
20,1,screening,354,38,35,image_39,636.8166805
20,1,screening,355,52,47,image_53,638.3166175
20,1,screening,356,23,21,image_24,639.8166795
20,1,screening,357,37,34,image_38,642.5999915
20,1,screening,358,67,61,image_68,644.0498964999999
20,1,screening,359,45,41,image_46,645.5832085
20,1,screening,360,42,38,image_43,647.0332075
20,1,screening,361,41,37,image_42,648.4664265
20,1,screening,362,61,55,image_62,649.9506134999999
20,1,screening,363,53,48,image_54,651.4670815
20,1,screening,364,34,31,image_35,652.9664245
20,1,screening,365,22,20,image_23,654.4163305
20,1,screening,366,26,24,image_27,655.8829855
20,1,screening,367,50,45,image_51,657.3662975
20,1,screening,368,43,39,image_44,658.8996095
20,1,screening,369,65,59,image_66,660.3495775
20,1,screening,370,60,54,image_61,661.8662335
20,1,screening,371,31,28,image_32,663.3662015
20,1,screening,372,58,53,image_59,664.8330135
20,1,screening,373,1,1,image_2,666.2828875
20,1,screening,374,7,7,image_8,667.7661684999999
20,1,screening,375,27,25,image_28,669.2494805
20,1,screening,376,66,60,image_67,670.6994485
20,1,screening,377,14,13,image_15,672.1994165
20,2,sternberg,0,4,4,image_34,20.38491375
20,2,sternberg,1,0,0,image_36,21.60094475
20,2,sternberg,2,2,2,image_64,22.75103775
20,2,sternberg,3,4,4,image_34,26.39606775
20,2,sternberg,4,0,0,image_36,28.38422275
20,2,sternberg,5,1,1,image_68,29.434347749999997
20,2,sternberg,6,3,3,image_37,30.65094075
20,2,sternberg,7,0,0,image_36,34.43728275
20,2,sternberg,8,2,2,image_64,36.61737575
20,2,sternberg,9,4,4,image_34,37.83400075
20,2,sternberg,10,3,3,image_37,39.01740575
20,2,sternberg,11,1,1,image_68,42.822841749999995
20,2,sternberg,12,4,4,image_34,45.28396575
20,2,sternberg,13,0,0,image_36,46.45052775
20,2,sternberg,14,5,5,image_999,46.46052775
20,2,sternberg,15,2,2,image_64,50.23677675
20,2,sternberg,16,4,4,image_34,52.55046375
20,2,sternberg,17,1,1,image_68,53.71705675
20,2,sternberg,18,5,5,image_999,53.727056749999996
20,2,sternberg,19,4,4,image_34,57.303273749999995
20,2,sternberg,20,3,3,image_37,59.25030475
20,2,sternberg,21,1,1,image_68,60.41711675
20,2,sternberg,22,5,5,image_999,60.427116749999996
20,2,sternberg,23,1,1,image_68,64.13683375
20,2,sternberg,24,0,0,image_36,66.35017675
20,2,sternberg,25,1,1,image_68,67.53351975
20,2,sternberg,26,5,5,image_999,67.54351975
20,2,sternberg,27,3,3,image_37,71.25333075
20,2,sternberg,28,2,2,image_64,73.30026775
20,2,sternberg,29,3,3,image_37,74.46679775
20,2,sternberg,30,0,0,image_36,75.65011075
20,2,sternberg,31,4,4,image_34,79.31979675
20,2,sternberg,32,1,1,image_68,81.35007675
20,2,sternberg,33,2,2,image_64,82.48329475
20,2,sternberg,34,4,4,image_34,83.70001375
20,2,sternberg,35,3,3,image_37,87.38648074999999
20,2,sternberg,36,1,1,image_68,89.24985475
20,2,sternberg,37,2,2,image_64,90.38313575
20,2,sternberg,38,5,5,image_999,90.39313575
20,2,sternberg,39,3,3,image_37,94.16957174999999
20,2,sternberg,40,1,1,image_68,95.94978975
20,2,sternberg,41,5,5,image_999,95.95978975
20,2,sternberg,42,5,5,image_999,95.96978975
20,2,sternberg,43,1,1,image_68,99.56953775
20,2,sternberg,44,0,0,image_36,104.01625475
20,2,sternberg,45,5,5,image_999,104.02625475
20,2,sternberg,46,5,5,image_999,104.03625475000001
20,2,sternberg,47,0,0,image_36,107.71959774999999
20,2,sternberg,48,3,3,image_37,110.19953375
20,2,sternberg,49,5,5,image_999,110.20953375
20,2,sternberg,50,5,5,image_999,110.21953375000001
20,2,sternberg,51,3,3,image_37,113.91906374999999
20,2,sternberg,52,2,2,image_64,115.96609375
20,2,sternberg,53,4,4,image_34,117.09937475
20,2,sternberg,54,3,3,image_37,118.31599974999999
20,2,sternberg,55,0,0,image_36,122.00234175
20,2,sternberg,56,0,0,image_36,124.33262175
20,2,sternberg,57,1,1,image_68,125.36662175
20,2,sternberg,58,3,3,image_37,126.39924574999999
20,2,sternberg,59,2,2,image_64,130.13533875
20,2,sternberg,60,4,4,image_34,132.78243075
20,2,sternberg,61,5,5,image_999,132.79243075
20,2,sternberg,62,5,5,image_999,132.80243074999998
20,2,sternberg,63,4,4,image_34,136.43542975
20,2,sternberg,64,4,4,image_34,138.51567875
20,2,sternberg,65,5,5,image_999,138.52567875
20,2,sternberg,66,5,5,image_999,138.53567875
20,2,sternberg,67,1,1,image_68,142.20220874999998
20,2,sternberg,68,3,3,image_37,144.68314475
20,2,sternberg,69,5,5,image_999,144.69314475
20,2,sternberg,70,5,5,image_999,144.70314474999998
20,2,sternberg,71,1,1,image_68,148.43548775
20,2,sternberg,72,4,4,image_34,150.43217375
20,2,sternberg,73,2,2,image_64,151.49889274999998
20,2,sternberg,74,3,3,image_37,152.71545475
20,2,sternberg,75,4,4,image_34,156.39082775
20,2,sternberg,76,1,1,image_68,158.21538974999999
20,2,sternberg,77,0,0,image_36,159.33201375
20,2,sternberg,78,5,5,image_999,159.34201374999998
20,2,sternberg,79,0,0,image_36,163.00248175
20,2,sternberg,80,2,2,image_64,165.81619874999998
20,2,sternberg,81,4,4,image_34,167.01522975
20,2,sternberg,82,0,0,image_36,168.06513575
20,2,sternberg,83,2,2,image_64,171.73488375
20,2,sternberg,84,1,1,image_68,173.99850874999998
20,2,sternberg,85,2,2,image_64,175.06510175
20,2,sternberg,86,3,3,image_37,176.14841375
20,2,sternberg,87,4,4,image_34,179.76816175
20,2,sternberg,88,4,4,image_34,182.39841074999998
20,2,sternberg,89,5,5,image_999,182.40841074999997
20,2,sternberg,90,5,5,image_999,182.41841074999996
20,2,sternberg,91,2,2,image_64,186.06875374999998
20,2,sternberg,92,4,4,image_34,188.54925275
20,2,sternberg,93,2,2,image_64,189.64822074999998
20,2,sternberg,94,5,5,image_999,189.65822074999997
20,2,sternberg,95,4,4,image_34,193.25128175
20,2,sternberg,96,1,1,image_68,195.29812475
20,2,sternberg,97,5,5,image_999,195.30812475
20,2,sternberg,98,5,5,image_999,195.31812474999998
20,2,sternberg,99,1,1,image_68,198.95187375
20,2,sternberg,100,3,3,image_37,200.78143475
20,2,sternberg,101,1,1,image_68,201.89809075
20,2,sternberg,102,0,0,image_36,202.99805874999998
20,2,sternberg,103,1,1,image_68,206.78427675
20,2,sternberg,104,3,3,image_37,208.63121275
20,2,sternberg,105,5,5,image_999,208.64121275
20,2,sternberg,106,5,5,image_999,208.65121274999998
20,2,sternberg,107,2,2,image_64,212.28411774999998
20,2,sternberg,108,1,1,image_68,214.26446074999998
20,2,sternberg,109,4,4,image_34,215.48111674999998
20,2,sternberg,110,5,5,image_999,215.49111674999997
20,2,sternberg,111,4,4,image_34,219.16764675
20,2,sternberg,112,0,0,image_36,221.13102074999998
20,2,sternberg,113,5,5,image_999,221.14102074999997
20,2,sternberg,114,5,5,image_999,221.15102074999996
20,2,sternberg,115,0,0,image_36,224.68414374999998
20,2,sternberg,116,0,0,image_36,226.86429975
20,2,sternberg,117,3,3,image_37,228.01436174999998
20,2,sternberg,118,5,5,image_999,228.02436174999997
20,2,sternberg,119,4,4,image_34,231.70145374999998
20,2,sternberg,120,0,0,image_36,233.53085975
20,2,sternberg,121,3,3,image_37,234.69748375
20,2,sternberg,122,2,2,image_64,235.76413975
20,2,sternberg,123,4,4,image_34,239.45098174999998
20,2,sternberg,124,3,3,image_37,241.58091875
20,2,sternberg,125,4,4,image_34,242.76404275
20,2,sternberg,126,5,5,image_999,242.77404274999998
20,2,sternberg,127,3,3,image_37,246.46688575
20,2,sternberg,128,0,0,image_36,248.26391575
20,2,sternberg,129,2,2,image_64,249.39725875
20,2,sternberg,130,5,5,image_999,249.40725874999998
20,2,sternberg,131,2,2,image_64,253.20100775
20,2,sternberg,132,0,0,image_36,255.08047574999998
20,2,sternberg,133,5,5,image_999,255.09047574999997
20,2,sternberg,134,5,5,image_999,255.10047574999996
20,2,sternberg,135,3,3,image_37,258.76713075
20,2,sternberg,136,3,3,image_37,260.66381674999997
20,2,sternberg,137,1,1,image_68,261.81387975
20,2,sternberg,138,0,0,image_36,262.96372275
20,2,sternberg,139,3,3,image_37,266.58350275
20,2,sternberg,140,2,2,image_64,268.23040775
20,2,sternberg,141,5,5,image_999,268.24040775
20,2,sternberg,142,5,5,image_999,268.25040774999997
20,2,sternberg,143,1,1,image_68,271.84996874999996
20,2,sternberg,144,4,4,image_34,273.99699975
20,2,sternberg,145,2,2,image_64,275.08024875
20,2,sternberg,146,5,5,image_999,275.09024875
20,2,sternberg,147,2,2,image_64,278.86749775
20,2,sternberg,148,4,4,image_34,280.68009075
20,2,sternberg,149,5,5,image_999,280.69009074999997
20,2,sternberg,150,5,5,image_999,280.70009074999996
20,2,sternberg,151,4,4,image_34,284.33308875
20,2,sternberg,152,1,1,image_68,285.98002575
20,2,sternberg,153,4,4,image_34,287.06333774999996
20,2,sternberg,154,0,0,image_36,288.21336875
20,2,sternberg,155,3,3,image_37,291.93283575
20,2,sternberg,156,4,4,image_34,293.67989775
20,2,sternberg,157,0,0,image_36,294.79655375
20,2,sternberg,158,5,5,image_999,294.80655375
20,2,sternberg,159,4,4,image_34,298.46608375
20,2,sternberg,160,2,2,image_64,300.34664475
20,2,sternberg,161,1,1,image_68,301.56320675
20,2,sternberg,162,0,0,image_36,302.72973774999997
20,2,sternberg,163,0,0,image_36,306.44948675
20,2,sternberg,164,3,3,image_37,308.71304775
20,2,sternberg,165,2,2,image_64,309.84639075
20,2,sternberg,166,5,5,image_999,309.85639075
20,2,sternberg,167,4,4,image_34,313.53273375
20,2,sternberg,168,4,4,image_34,315.67966974999996
20,2,sternberg,169,0,0,image_36,316.77945074999997
20,2,sternberg,170,3,3,image_37,317.87957574999996
20,2,sternberg,171,0,0,image_36,321.63285575
20,2,sternberg,172,2,2,image_64,324.36282274999996
20,2,sternberg,173,3,3,image_37,325.41279075
20,2,sternberg,174,5,5,image_999,325.42279075
20,2,sternberg,175,2,2,image_64,329.06566475
20,2,sternberg,176,1,1,image_68,330.89600774999997
20,2,sternberg,177,5,5,image_999,330.90600774999996
20,2,sternberg,178,5,5,image_999,330.91600774999995
20,2,sternberg,179,0,0,image_36,334.53275675
20,2,sternberg,180,3,3,image_37,337.04594275
20,2,sternberg,181,5,5,image_999,337.05594275
20,2,sternberg,182,5,5,image_999,337.06594275
20,2,sternberg,183,3,3,image_37,340.88262875
20,2,sternberg,184,4,4,image_34,342.92934675
20,2,sternberg,185,3,3,image_37,343.96240875
20,2,sternberg,186,5,5,image_999,343.97240875
20,2,sternberg,187,0,0,image_36,347.71946975
20,2,sternberg,188,2,2,image_64,349.84565675
20,2,sternberg,189,5,5,image_999,349.85565675
20,2,sternberg,190,5,5,image_999,349.86565674999997
20,2,sternberg,191,2,2,image_64,353.59877975
20,2,sternberg,192,1,1,image_68,355.16237275
20,2,sternberg,193,2,2,image_64,356.22890375
20,2,sternberg,194,5,5,image_999,356.23890374999996
20,2,sternberg,195,4,4,image_34,359.96521475
20,2,sternberg,196,1,1,image_68,362.29561974999996
20,2,sternberg,197,5,5,image_999,362.30561974999995
20,2,sternberg,198,5,5,image_999,362.31561974999994
20,2,sternberg,199,3,3,image_37,366.03227475
20,2,sternberg,200,4,4,image_34,368.04555575
20,2,sternberg,201,2,2,image_64,369.07864874999996
20,2,sternberg,202,5,5,image_999,369.08864874999995
20,2,sternberg,203,1,1,image_68,372.71508474999996
20,2,sternberg,204,4,4,image_34,375.16195875
20,2,sternberg,205,2,2,image_64,376.32858375
20,2,sternberg,206,5,5,image_999,376.33858375
20,2,sternberg,207,4,4,image_34,379.98158175
20,2,sternberg,208,3,3,image_37,381.94542475
20,2,sternberg,209,4,4,image_34,383.12848675
20,2,sternberg,210,2,2,image_64,384.24526775
20,2,sternberg,211,0,0,image_36,387.96573474999997
20,2,sternberg,212,2,2,image_64,389.71173375
20,2,sternberg,213,5,5,image_999,389.72173375
20,2,sternberg,214,5,5,image_999,389.73173375
20,2,sternberg,215,3,3,image_37,393.43235775
20,2,sternberg,216,2,2,image_64,395.41170074999997
20,2,sternberg,217,4,4,image_34,396.54494975
20,2,sternberg,218,5,5,image_999,396.55494975
20,2,sternberg,219,0,0,image_36,400.24810475
20,2,sternberg,220,0,0,image_36,402.02826074999996
20,2,sternberg,221,1,1,image_68,403.06147875
20,2,sternberg,222,5,5,image_999,403.07147875
20,2,sternberg,223,1,1,image_68,406.83419575
20,2,sternberg,224,2,2,image_64,408.87819475
20,2,sternberg,225,3,3,image_37,409.99475774999996
20,2,sternberg,226,5,5,image_999,410.00475774999995
20,2,sternberg,227,0,0,image_36,413.71434975
20,2,sternberg,228,2,2,image_64,416.24466075
20,2,sternberg,229,5,5,image_999,416.25466074999997
20,2,sternberg,230,5,5,image_999,416.26466074999996
20,2,sternberg,231,1,1,image_68,419.89784675
20,2,sternberg,232,0,0,image_36,422.59468975
20,2,sternberg,233,3,3,image_37,423.81137674999997
20,2,sternberg,234,1,1,image_68,424.89453275
20,2,sternberg,235,1,1,image_68,428.64749975
20,2,sternberg,236,4,4,image_34,430.46118674999997
20,2,sternberg,237,5,5,image_999,430.47118674999996
20,2,sternberg,238,5,5,image_999,430.48118674999995
20,2,sternberg,239,3,3,image_37,434.06396674999996
20,2,sternberg,240,3,3,image_37,436.29452775
20,2,sternberg,241,2,2,image_64,437.42768374999997
20,2,sternberg,242,4,4,image_34,438.62774575
20,2,sternberg,243,3,3,image_37,442.34736975
20,2,sternberg,244,4,4,image_34,444.29421275
20,2,sternberg,245,0,0,image_36,445.34436775
20,2,sternberg,246,1,1,image_68,446.54417974999996
20,2,sternberg,247,3,3,image_37,450.28039774999996
20,2,sternberg,248,3,3,image_37,452.41077175
20,2,sternberg,249,5,5,image_999,452.42077175
20,2,sternberg,250,5,5,image_999,452.43077174999996
20,2,sternberg,251,3,3,image_37,456.04686375
20,2,sternberg,252,0,0,image_36,457.66067575
20,2,sternberg,253,5,5,image_999,457.67067575
20,2,sternberg,254,5,5,image_999,457.68067575
20,2,sternberg,255,0,0,image_36,461.29833075
20,2,sternberg,256,3,3,image_37,463.27736074999996
20,2,sternberg,257,5,5,image_999,463.28736074999995
20,2,sternberg,258,5,5,image_999,463.29736074999994
20,2,sternberg,259,4,4,image_34,467.11357775
20,2,sternberg,260,3,3,image_37,468.67729575
20,2,sternberg,261,0,0,image_36,469.87779574999996
20,2,sternberg,262,4,4,image_34,471.07732675
20,2,sternberg,263,2,2,image_64,474.83023075
20,2,sternberg,264,1,1,image_68,476.69376174999996
20,2,sternberg,265,5,5,image_999,476.70376174999996
20,2,sternberg,266,5,5,image_999,476.71376174999995
20,2,sternberg,267,1,1,image_68,480.32982275
20,2,sternberg,268,0,0,image_36,482.56029075
20,2,sternberg,269,4,4,image_34,483.71041475
20,2,sternberg,270,2,2,image_64,484.82691474999996
20,2,sternberg,271,1,1,image_68,488.59647574999997
20,2,sternberg,272,3,3,image_37,716.4275407499999
20,2,sternberg,273,0,0,image_36,717.50663375
20,2,sternberg,274,5,5,image_999,717.51663375
20,2,sternberg,275,3,3,image_37,721.22728875
20,2,sternberg,276,2,2,image_64,724.08994375
20,2,sternberg,277,5,5,image_999,724.09994375
20,2,sternberg,278,5,5,image_999,724.10994375
20,2,sternberg,279,1,1,image_68,727.8926917499999
20,2,sternberg,280,4,4,image_34,730.48987875
20,2,sternberg,281,5,5,image_999,730.49987875
20,2,sternberg,282,5,5,image_999,730.50987875
20,2,sternberg,283,4,4,image_34,734.24293975
20,2,sternberg,284,2,2,image_64,736.3231267499999
20,2,sternberg,285,4,4,image_34,737.40643875
20,2,sternberg,286,5,5,image_999,737.41643875
20,2,sternberg,287,2,2,image_64,741.1091867499999
20,2,sternberg,288,0,0,image_36,743.2896237499999
20,2,sternberg,289,5,5,image_999,743.2996237499999
20,2,sternberg,290,5,5,image_999,743.3096237499999
20,2,sternberg,291,1,1,image_68,747.09240275
20,2,sternberg,292,0,0,image_36,749.5895587499999
20,2,sternberg,293,2,2,image_64,750.67283875
20,2,sternberg,294,1,1,image_68,751.8394637499999
20,2,sternberg,295,3,3,image_37,755.5424627499999
20,2,sternberg,296,0,0,image_36,758.3893987499999
20,2,sternberg,297,1,1,image_68,759.58927275
20,2,sternberg,298,5,5,image_999,759.59927275
20,2,sternberg,299,3,3,image_37,763.29217775
20,2,sternberg,300,0,0,image_36,765.17252075
20,2,sternberg,301,1,1,image_68,766.2725517499999
20,2,sternberg,302,2,2,image_64,767.48917575
20,2,sternberg,303,4,4,image_34,771.09214375
20,2,sternberg,304,4,4,image_34,773.18904875
20,2,sternberg,305,5,5,image_999,773.19904875
20,2,sternberg,306,5,5,image_999,773.20904875
20,2,sternberg,307,4,4,image_34,776.89223475
20,2,sternberg,308,1,1,image_68,778.83895275
20,2,sternberg,309,5,5,image_999,778.84895275
20,2,sternberg,310,5,5,image_999,778.85895275
20,2,sternberg,311,0,0,image_36,782.5918577499999
20,2,sternberg,312,1,1,image_68,785.25551275
20,2,sternberg,313,2,2,image_64,786.32216875
20,2,sternberg,314,5,5,image_999,786.3321687499999
20,2,sternberg,315,0,0,image_36,790.05910475
20,2,sternberg,316,1,1,image_68,792.20566675
20,2,sternberg,317,2,2,image_64,793.2721037499999
20,2,sternberg,318,3,3,image_37,794.35538375
20,2,sternberg,319,3,3,image_37,797.99163275
20,2,sternberg,320,1,1,image_68,799.77203875
20,2,sternberg,321,0,0,image_36,800.9220067499999
20,2,sternberg,322,5,5,image_999,800.9320067499999
20,2,sternberg,323,4,4,image_34,804.67550475
20,2,sternberg,324,0,0,image_36,807.73850375
20,2,sternberg,325,4,4,image_34,808.9051597499999
20,2,sternberg,326,5,5,image_999,808.9151597499999
20,2,sternberg,327,1,1,image_68,812.52478275
20,2,sternberg,328,1,1,image_68,814.62221975
20,2,sternberg,329,3,3,image_37,815.7885007499999
20,2,sternberg,330,5,5,image_999,815.7985007499999
20,2,sternberg,331,0,0,image_36,819.52499875
20,2,sternberg,332,0,0,image_36,821.6550297499999
20,2,sternberg,333,3,3,image_37,822.85506075
20,2,sternberg,334,5,5,image_999,822.86506075
20,2,sternberg,335,0,0,image_36,826.5275587499999
20,2,sternberg,336,2,2,image_64,829.68827675
20,2,sternberg,337,1,1,image_68,830.77146375
20,2,sternberg,338,5,5,image_999,830.78146375
20,2,sternberg,339,1,1,image_68,834.40780575
20,2,sternberg,340,3,3,image_37,836.6213987499999
20,2,sternberg,341,0,0,image_36,837.77155475
20,2,sternberg,342,1,1,image_68,838.9047097499999
20,2,sternberg,343,1,1,image_68,842.65758375
20,2,sternberg,344,2,2,image_64,844.6712387499999
20,2,sternberg,345,5,5,image_999,844.6812387499999
20,2,sternberg,346,5,5,image_999,844.6912387499999
20,2,sternberg,347,2,2,image_64,848.27420675
20,2,sternberg,348,1,1,image_68,849.9546117499999
20,2,sternberg,349,2,2,image_64,851.07117375
20,2,sternberg,350,5,5,image_999,851.08117375
20,2,sternberg,351,4,4,image_34,854.77407875
20,2,sternberg,352,4,4,image_34,857.07120275
20,2,sternberg,353,5,5,image_999,857.08120275
20,2,sternberg,354,5,5,image_999,857.09120275
20,2,sternberg,355,2,2,image_64,860.84066975
20,2,sternberg,356,3,3,image_37,863.15441875
20,2,sternberg,357,0,0,image_36,864.2876377499999
20,2,sternberg,358,5,5,image_999,864.2976377499999
20,2,sternberg,359,3,3,image_37,868.02379175
20,2,sternberg,360,4,4,image_34,869.97085375
20,2,sternberg,361,3,3,image_37,871.13825975
20,2,sternberg,362,2,2,image_64,872.27082175
20,2,sternberg,363,2,2,image_64,875.90694475
20,2,sternberg,364,2,2,image_64,877.95413175
20,2,sternberg,365,1,1,image_68,879.13741275
20,2,sternberg,366,5,5,image_999,879.14741275
20,2,sternberg,367,2,2,image_64,882.79122375
20,2,sternberg,368,2,2,image_64,884.70400375
20,2,sternberg,369,5,5,image_999,884.71400375
20,2,sternberg,370,5,5,image_999,884.72400375
20,2,sternberg,371,2,2,image_64,888.40722175
20,2,sternberg,372,0,0,image_36,890.13722075
20,2,sternberg,373,3,3,image_37,891.23722075
20,2,sternberg,374,5,5,image_999,891.24722075
20,2,sternberg,375,2,2,image_64,894.90668775
20,2,sternberg,376,3,3,image_37,897.0871237499999
20,2,sternberg,377,4,4,image_34,898.2871857499999
20,2,sternberg,378,5,5,image_999,898.2971857499999
20,2,sternberg,379,0,0,image_36,902.00671575
20,2,sternberg,380,1,1,image_68,904.07043375
20,2,sternberg,381,0,0,image_36,905.17030875
20,2,sternberg,382,2,2,image_64,906.23696475
20,2,sternberg,383,4,4,image_34,910.03986875
20,2,sternberg,384,0,0,image_36,912.1036497499999
20,2,sternberg,385,5,5,image_999,912.1136497499999
20,2,sternberg,386,5,5,image_999,912.1236497499999
20,2,sternberg,387,0,0,image_36,915.9066477499999
20,2,sternberg,388,3,3,image_37,918.00349075
20,2,sternberg,389,5,5,image_999,918.01349075
20,2,sternberg,390,5,5,image_999,918.02349075
20,2,sternberg,391,4,4,image_34,921.75633275
20,2,sternberg,392,1,1,image_68,923.47001975
20,2,sternberg,393,5,5,image_999,923.48001975
20,2,sternberg,394,5,5,image_999,923.49001975
20,2,sternberg,395,3,3,image_37,927.18954975
20,2,sternberg,396,3,3,image_37,929.01995475
20,2,sternberg,397,4,4,image_34,930.15326675
20,2,sternberg,398,5,5,image_999,930.1632667499999
20,2,sternberg,399,0,0,image_36,933.73979675
20,2,sternberg,400,1,1,image_68,936.68657675
20,2,sternberg,401,3,3,image_37,937.7532327499999
20,2,sternberg,402,4,4,image_34,938.88645075
20,2,sternberg,403,1,1,image_68,942.47323075
20,2,sternberg,404,4,4,image_34,945.3364487499999
20,2,sternberg,405,3,3,image_37,946.5030107499999
20,2,sternberg,406,5,5,image_999,946.5130107499999
20,2,sternberg,407,3,3,image_37,950.25610275
20,2,sternberg,408,0,0,image_36,952.1029767499999
20,2,sternberg,409,1,1,image_68,953.3029457499999
20,2,sternberg,410,5,5,image_999,953.3129457499999
20,2,sternberg,411,3,3,image_37,957.0724437499999
20,2,sternberg,412,0,0,image_36,959.42009875
20,2,sternberg,413,2,2,image_64,960.48619275
20,2,sternberg,414,4,4,image_34,961.61947375
20,2,sternberg,415,0,0,image_36,965.42237775
20,2,sternberg,416,2,2,image_64,967.53603375
20,2,sternberg,417,0,0,image_36,968.61943875
20,2,sternberg,418,4,4,image_34,969.7859697499999
20,2,sternberg,419,0,0,image_36,973.42215575
20,2,sternberg,420,3,3,image_37,975.9527177499999
20,2,sternberg,421,4,4,image_34,977.1693107499999
20,2,sternberg,422,5,5,image_999,977.1793107499999
20,2,sternberg,423,1,1,image_68,980.93877775
20,2,sternberg,424,2,2,image_64,983.21912075
20,2,sternberg,425,3,3,image_37,984.2690887499999
20,2,sternberg,426,5,5,image_999,984.2790887499999
20,2,sternberg,427,4,4,image_34,988.0386817499999
20,2,sternberg,428,1,1,image_68,990.45233675
20,2,sternberg,429,4,4,image_34,991.6023047499999
20,2,sternberg,430,2,2,image_64,992.6355857499999
20,2,sternberg,431,4,4,image_34,996.33958475
20,2,sternberg,432,2,2,image_64,998.13555275
20,2,sternberg,433,5,5,image_999,998.14555275
20,2,sternberg,434,5,5,image_999,998.15555275
20,2,sternberg,435,2,2,image_64,1001.7384257499999
20,2,sternberg,436,4,4,image_34,1003.48548775
20,2,sternberg,437,2,2,image_64,1004.63554975
20,2,sternberg,438,1,1,image_68,1005.71876775
20,2,sternberg,439,0,0,image_36,1009.4383607499999
20,2,sternberg,440,3,3,image_37,1011.7187027499999
20,2,sternberg,441,5,5,image_999,1011.7287027499999
20,2,sternberg,442,5,5,image_999,1011.7387027499999
20,2,sternberg,443,2,2,image_64,1015.3386077499999
20,2,sternberg,444,1,1,image_68,1018.2185757499999
20,2,sternberg,445,4,4,image_34,1019.28535675
20,2,sternberg,446,5,5,image_999,1019.29535675
20,2,sternberg,447,1,1,image_68,1023.0215737499999
20,2,sternberg,448,0,0,image_36,1025.48513475
20,2,sternberg,449,5,5,image_999,1025.49513475
20,2,sternberg,450,5,5,image_999,1025.50513475
20,2,sternberg,451,3,3,image_37,1029.07135275
20,2,sternberg,452,4,4,image_34,1032.08500775
20,2,sternberg,453,5,5,image_999,1032.09500775
20,2,sternberg,454,5,5,image_999,1032.10500775
20,2,sternberg,455,4,4,image_34,1035.75459975
20,2,sternberg,456,4,4,image_34,1038.70166075
20,2,sternberg,457,2,2,image_64,1039.73484775
20,2,sternberg,458,3,3,image_37,1040.93487875
20,2,sternberg,459,3,3,image_37,1044.77128375
20,2,sternberg,460,3,3,image_37,1046.71825175
20,2,sternberg,461,4,4,image_34,1047.7848757499999
20,2,sternberg,462,1,1,image_68,1048.88478175
20,2,sternberg,463,0,0,image_36,1052.47103075
20,2,sternberg,464,2,2,image_64,1054.43471775
20,2,sternberg,465,3,3,image_37,1055.5346547499998
20,2,sternberg,466,4,4,image_34,1056.65134175
20,2,sternberg,467,4,4,image_34,1060.33762075
20,2,sternberg,468,1,1,image_68,1062.28455775
20,2,sternberg,469,5,5,image_999,1062.29455775
20,2,sternberg,470,5,5,image_999,1062.30455775
20,2,sternberg,471,4,4,image_34,1065.95427475
20,2,sternberg,472,2,2,image_64,1067.81789975
20,2,sternberg,473,0,0,image_36,1068.91780475
20,2,sternberg,474,5,5,image_999,1068.92780475
20,2,sternberg,475,2,2,image_64,1072.67061575
20,2,sternberg,476,4,4,image_34,1074.96770875
20,2,sternberg,477,1,1,image_68,1076.20102075
20,2,sternberg,478,0,0,image_36,1077.28442675
20,2,sternberg,479,2,2,image_64,1080.97189375
20,2,sternberg,480,3,3,image_37,1082.76758075
20,2,sternberg,481,1,1,image_68,1083.83423675
20,2,sternberg,482,5,5,image_999,1083.84423675
20,2,sternberg,483,3,3,image_37,1087.4538607499999
20,2,sternberg,484,3,3,image_37,1089.35085975
20,2,sternberg,485,1,1,image_68,1090.41745275
20,2,sternberg,486,0,0,image_36,1091.61760875
20,2,sternberg,487,2,2,image_64,1095.35432575
20,2,sternberg,488,1,1,image_68,1097.81741875
20,2,sternberg,489,5,5,image_999,1097.8274187499999
20,2,sternberg,490,5,5,image_999,1097.8374187499999
20,2,sternberg,491,1,1,image_68,1101.58694875
20,2,sternberg,492,0,0,image_36,1103.11738475
20,2,sternberg,493,5,5,image_999,1103.12738475
20,2,sternberg,494,5,5,image_999,1103.13738475
20,2,sternberg,495,0,0,image_36,1106.70344675
20,2,sternberg,496,1,1,image_68,1108.08400775
20,2,sternberg,497,3,3,image_37,1109.1171017499998
20,2,sternberg,498,0,0,image_36,1110.23388275
20,2,sternberg,499,3,3,image_37,1113.88678675
20,2,sternberg,500,2,2,image_64,1115.56719275
20,2,sternberg,501,0,0,image_36,1116.68372375
20,2,sternberg,502,5,5,image_999,1116.69372375
20,2,sternberg,503,1,1,image_68,1120.3534097499999
20,2,sternberg,504,2,2,image_64,1122.3669707499998
20,2,sternberg,505,4,4,image_34,1123.45031475
20,2,sternberg,506,3,3,image_37,1124.48362675
20,2,sternberg,507,3,3,image_37,1128.2199377499999
20,2,sternberg,508,0,0,image_36,1129.8669997499999
20,2,sternberg,509,5,5,image_999,1129.8769997499999
20,2,sternberg,510,5,5,image_999,1129.8869997499999
20,2,sternberg,511,2,2,image_64,1133.66977875
20,2,sternberg,512,2,2,image_64,1135.93359075
20,2,sternberg,513,5,5,image_999,1135.9435907499999
20,2,sternberg,514,5,5,image_999,1135.9535907499999
20,2,sternberg,515,2,2,image_64,1139.58627675
20,2,sternberg,516,4,4,image_34,1141.2167447499999
20,2,sternberg,517,0,0,image_36,1142.38333775
20,2,sternberg,518,1,1,image_68,1143.5333067499998
20,2,sternberg,519,2,2,image_64,1147.27017975
20,2,sternberg,520,3,3,image_37,1149.81655375
20,2,sternberg,521,1,1,image_68,1150.98333475
20,2,sternberg,522,2,2,image_64,1152.11670975
20,2,sternberg,523,0,0,image_36,1155.76945775
20,2,sternberg,524,2,2,image_64,1158.59983175
20,2,sternberg,525,0,0,image_36,1159.7670807499999
20,2,sternberg,526,4,4,image_34,1160.81636175
20,2,sternberg,527,4,4,image_34,1164.43748575
20,2,sternberg,528,0,0,image_36,1166.6496097499999
20,2,sternberg,529,3,3,image_37,1167.8163587499998
20,2,sternberg,530,1,1,image_68,1168.84957775
20,2,sternberg,531,2,2,image_64,1172.4360447499998
20,2,sternberg,532,3,3,image_37,1174.3329187499999
20,2,sternberg,533,5,5,image_999,1174.3429187499999
20,2,sternberg,534,5,5,image_999,1174.3529187499998
20,2,sternberg,535,1,1,image_68,1177.98572975
20,2,sternberg,536,0,0,image_36,1180.21607275
20,2,sternberg,537,3,3,image_37,1181.30025975
20,2,sternberg,538,4,4,image_34,1182.4494467499999
20,2,sternberg,539,1,1,image_68,1186.2189147499998
21,1,screening,0,30,27,image_31,23.3506145
21,1,screening,1,25,23,image_26,24.883176499999998
21,1,screening,2,38,35,image_39,26.399676499999998
21,1,screening,3,16,15,image_17,27.849769499999997
21,1,screening,4,55,50,image_56,29.3662995
21,1,screening,5,43,39,image_44,30.8663305
21,1,screening,6,0,0,image_1,34.5165475
21,1,screening,7,40,36,image_41,35.9829225
21,1,screening,8,53,48,image_54,37.4661715
21,1,screening,9,46,42,image_47,38.9995145
21,1,screening,10,66,60,image_67,40.5327955
21,1,screening,11,18,17,image_19,41.9827945
21,1,screening,12,68,62,image_69,43.5161695
21,1,screening,13,11,10,image_12,45.049387499999995
21,1,screening,14,48,44,image_49,46.5327615
21,1,screening,15,17,16,image_18,48.0494485
21,1,screening,16,51,46,image_52,49.4992915
21,1,screening,17,1,1,image_2,50.966103499999996
21,1,screening,18,54,49,image_55,52.482603499999996
21,1,screening,19,13,12,image_14,53.999258499999996
21,1,screening,20,35,32,image_36,55.5326015
21,1,screening,21,44,40,image_45,57.0325705
21,1,screening,22,22,20,image_23,58.465850499999995
21,1,screening,23,27,25,image_28,59.9825375
21,1,screening,24,32,29,image_33,61.515849499999995
21,1,screening,25,60,54,image_61,63.0157865
21,1,screening,26,2,2,image_3,64.5157545
21,1,screening,27,4,4,image_5,66.0157545
21,1,screening,28,33,30,image_34,67.4824095
21,1,screening,29,31,28,image_32,68.9825965
21,1,screening,30,37,34,image_38,70.4324395
21,1,screening,31,42,38,image_43,71.9324075
21,1,screening,32,6,6,image_7,74.83240649999999
21,1,screening,33,3,3,image_4,76.29906249999999
21,1,screening,34,58,53,image_59,77.7323435
21,1,screening,35,56,51,image_57,79.16574849999999
21,1,screening,36,26,24,image_27,80.6822485
21,1,screening,37,45,41,image_46,82.1822165
21,1,screening,38,64,58,image_65,83.6488095
21,1,screening,39,8,8,image_9,85.1822155
21,1,screening,40,61,55,image_62,86.6154025
21,1,screening,41,62,56,image_63,88.0988385
21,1,screening,42,20,18,image_21,90.6989625
21,1,screening,43,14,13,image_15,92.2153685
21,1,screening,44,24,22,image_25,93.7320245
21,1,screening,45,12,11,image_13,95.18205449999999
21,1,screening,46,63,57,image_64,96.6654605
21,1,screening,47,57,52,image_58,98.1486785
21,1,screening,48,15,14,image_16,99.64855349999999
21,1,screening,49,67,61,image_68,101.1485215
21,1,screening,50,41,37,image_42,102.6485835
21,1,screening,51,47,43,image_48,104.1153325
21,1,screening,52,52,47,image_53,105.61523849999999
21,1,screening,53,34,31,image_35,107.11523749999999
21,1,screening,54,23,21,image_24,108.56514349999999
21,1,screening,55,36,33,image_37,110.01504849999999
21,1,screening,56,21,19,image_22,111.49836049999999
21,1,screening,57,5,5,image_6,113.9318285
21,1,screening,58,28,26,image_29,115.39845249999999
21,1,screening,59,50,45,image_51,116.88163949999999
21,1,screening,60,7,7,image_8,118.3316705
21,1,screening,61,65,59,image_66,119.8484515
21,1,screening,62,10,9,image_11,121.2982315
21,1,screening,63,63,57,image_64,123.9316375
21,1,screening,64,35,32,image_36,125.4315115
21,1,screening,65,48,44,image_49,126.94813549999999
21,1,screening,66,33,30,image_34,128.4814475
21,1,screening,67,34,31,image_35,129.9647285
21,1,screening,68,20,18,image_21,131.4147595
21,1,screening,69,0,0,image_1,132.8647895
21,1,screening,70,46,42,image_47,134.31475749999998
21,1,screening,71,60,54,image_61,135.83135049999999
21,1,screening,72,45,41,image_46,137.28138149999998
21,1,screening,73,32,29,image_33,138.79797449999998
21,1,screening,74,65,59,image_66,141.91459849999998
21,1,screening,75,12,11,image_13,143.4312225
21,1,screening,76,62,56,image_63,144.89784749999998
21,1,screening,77,17,16,image_18,146.3478465
21,1,screening,78,18,17,image_19,147.7978145
21,1,screening,79,58,53,image_59,149.2978145
21,1,screening,80,6,6,image_7,150.7810945
21,1,screening,81,68,62,image_69,152.2477505
21,1,screening,82,38,35,image_39,153.7644065
21,1,screening,83,54,49,image_55,155.2476865
21,1,screening,84,36,33,image_37,156.7309675
21,1,screening,85,8,8,image_9,158.2477165
21,1,screening,86,66,60,image_67,159.7142785
21,1,screening,87,37,34,image_38,163.3476215
21,1,screening,88,2,2,image_3,164.8475265
21,1,screening,89,3,3,image_4,166.3141825
21,1,screening,90,23,21,image_24,167.7975255
21,1,screening,91,53,48,image_54,169.2308065
21,1,screening,92,57,52,image_58,170.66414949999998
21,1,screening,93,30,27,image_31,172.1474615
21,1,screening,94,50,45,image_51,173.9640545
21,1,screening,95,51,46,image_52,175.4973665
21,1,screening,96,15,14,image_16,176.94733449999998
21,1,screening,97,27,25,image_28,178.4306465
21,1,screening,98,25,23,image_26,179.91398949999999
21,1,screening,99,14,13,image_15,181.3473325
21,1,screening,100,61,55,image_62,182.8139575
21,1,screening,101,1,1,image_2,184.2638945
21,1,screening,102,13,12,image_14,185.78058049999999
21,1,screening,103,41,37,image_42,187.24720549999998
21,1,screening,104,24,22,image_25,188.7305175
21,1,screening,105,22,20,image_23,191.9471405
21,1,screening,106,26,24,image_27,193.44707749999998
21,1,screening,107,4,4,image_5,194.8974835
21,1,screening,108,7,7,image_8,196.3970455
21,1,screening,109,55,50,image_56,197.89701349999999
21,1,screening,110,67,61,image_68,199.39698149999998
21,1,screening,111,47,43,image_48,200.8802935
21,1,screening,112,28,26,image_29,202.3136365
21,1,screening,113,56,51,image_57,203.7636365
21,1,screening,114,64,58,image_65,205.2802605
21,1,screening,115,40,36,image_41,206.73022849999998
21,1,screening,116,5,5,image_6,208.2468535
21,1,screening,117,42,38,image_43,209.7302585
21,1,screening,118,11,10,image_12,211.2634765
21,1,screening,119,10,9,image_11,212.6967575
21,1,screening,120,52,47,image_53,214.18010049999998
21,1,screening,121,16,15,image_17,215.6301005
21,1,screening,122,43,39,image_44,217.1634435
21,1,screening,123,21,19,image_22,218.5967245
21,1,screening,124,44,40,image_45,220.1133485
21,1,screening,125,31,28,image_32,221.63000449999998
21,1,screening,126,64,58,image_65,223.1466285
21,1,screening,127,5,5,image_6,224.5799405
21,1,screening,128,54,49,image_55,226.0465645
21,1,screening,129,45,41,image_46,227.4972205
21,1,screening,130,46,42,image_47,229.0132195
21,1,screening,131,47,43,image_48,230.4965315
21,1,screening,132,53,48,image_54,233.3131555
21,1,screening,133,36,33,image_37,234.76312349999998
21,1,screening,134,30,27,image_31,236.21318549999998
21,1,screening,135,51,46,image_52,237.6630605
21,1,screening,136,10,9,image_11,239.1130595
21,1,screening,137,37,34,image_38,240.6297155
21,1,screening,138,21,19,image_22,242.11299549999998
21,1,screening,139,8,8,image_9,243.59640149999998
21,1,screening,140,43,39,image_44,245.0463695
21,1,screening,141,24,22,image_25,247.7795875
21,1,screening,142,6,6,image_7,249.2795555
21,1,screening,143,20,18,image_21,250.74617949999998
21,1,screening,144,14,13,image_15,252.2294915
21,1,screening,145,1,1,image_2,253.6961475
21,1,screening,146,16,15,image_17,255.1294595
21,1,screening,147,38,35,image_39,256.5794275
21,1,screening,148,7,7,image_8,258.02939549999996
21,1,screening,149,12,11,image_13,259.4794265
21,1,screening,150,26,24,image_27,260.9293325
21,1,screening,151,4,4,image_5,262.3959875
21,1,screening,152,52,47,image_53,263.8292995
21,1,screening,153,50,45,image_51,267.4293295
21,1,screening,154,33,30,image_34,268.9626105
21,1,screening,155,68,62,image_69,270.4459215
21,1,screening,156,44,40,image_45,271.9292335
21,1,screening,157,56,51,image_57,273.3958895
21,1,screening,158,60,54,image_61,274.9124515
21,1,screening,159,35,32,image_36,276.3791695
21,1,screening,160,66,60,image_67,277.82910649999997
21,1,screening,161,25,23,image_26,279.3457625
21,1,screening,162,48,44,image_49,280.8124175
21,1,screening,163,2,2,image_3,282.2623545
21,1,screening,164,58,53,image_59,283.7290415
21,1,screening,165,3,3,image_4,285.1624475
21,1,screening,166,0,0,image_1,286.6123525
21,1,screening,167,40,36,image_41,288.1456335
21,1,screening,168,18,17,image_19,289.67891449999996
21,1,screening,169,28,26,image_29,291.1622265
21,1,screening,170,15,14,image_16,292.5955065
21,1,screening,171,42,38,image_43,294.0455065
21,1,screening,172,22,20,image_23,295.5121615
21,1,screening,173,17,16,image_18,297.0288485
21,1,screening,174,61,55,image_62,298.4620665
21,1,screening,175,11,10,image_12,299.89541049999997
21,1,screening,176,41,37,image_42,301.34540949999996
21,1,screening,177,27,25,image_28,302.84540849999996
21,1,screening,178,55,50,image_56,304.3453775
21,1,screening,179,31,28,image_32,305.8453765
21,1,screening,180,65,59,image_66,307.3286255
21,1,screening,181,62,56,image_63,308.8119695
21,1,screening,182,34,31,image_35,311.3952495
21,1,screening,183,13,12,image_14,312.8952175
21,1,screening,184,57,52,image_58,314.3452165
21,1,screening,185,23,21,image_24,315.84518449999996
21,1,screening,186,63,57,image_64,317.2952155
21,1,screening,187,32,29,image_33,318.7618085
21,1,screening,188,67,61,image_68,320.26174549999996
21,1,screening,189,23,21,image_24,321.7784635
21,1,screening,190,32,29,image_33,323.2117445
21,1,screening,191,43,39,image_44,324.7284315
21,1,screening,192,35,32,image_36,326.2450245
21,1,screening,193,64,58,image_65,327.7283365
21,1,screening,194,12,11,image_13,329.1958355
21,1,screening,195,65,59,image_66,330.6782415
21,1,screening,196,24,22,image_25,332.1449285
21,1,screening,197,38,35,image_39,333.6282715
21,1,screening,198,52,47,image_53,335.1115205
21,1,screening,199,66,60,image_67,336.6281765
21,1,screening,200,41,37,image_42,338.1448325
21,1,screening,201,67,61,image_68,339.6448625
21,1,screening,202,42,38,image_43,341.1114245
21,1,screening,203,37,34,image_38,342.6281745
21,1,screening,204,40,36,image_41,344.11139249999997
21,1,screening,205,62,56,image_63,345.57804849999997
21,1,screening,206,57,52,image_58,347.09560949999997
21,1,screening,207,28,26,image_29,348.6113595
21,1,screening,208,2,2,image_3,350.0946085
21,1,screening,209,10,9,image_11,351.5946085
21,1,screening,210,56,51,image_57,353.0779515
21,1,screening,211,45,41,image_46,354.5279195
21,1,screening,212,34,31,image_35,355.9945125
21,1,screening,213,61,55,image_62,357.4778555
21,1,screening,214,51,46,image_52,358.9277925
21,1,screening,215,0,0,image_1,360.44444849999996
21,1,screening,216,26,24,image_27,363.2111035
21,1,screening,217,36,33,image_37,364.66104049999996
21,1,screening,218,53,48,image_54,366.1110715
21,1,screening,219,3,3,image_4,367.5610395
21,1,screening,220,48,44,image_49,369.02863249999996
21,1,screening,221,50,45,image_51,370.49431949999996
21,1,screening,222,46,42,image_47,372.0109435
21,1,screening,223,30,27,image_31,373.47844349999997
21,1,screening,224,58,53,image_59,374.9275985
21,1,screening,225,5,5,image_6,376.44422349999996
21,1,screening,226,22,20,image_23,377.9775355
21,1,screening,227,20,18,image_21,379.4449095
21,1,screening,228,8,8,image_9,380.8941585
21,1,screening,229,33,30,image_34,382.34412749999996
21,1,screening,230,68,62,image_69,383.8107515
21,1,screening,231,13,12,image_14,386.74409449999996
21,1,screening,232,31,28,image_32,388.1947495
21,1,screening,233,44,40,image_45,389.67828049999997
21,1,screening,234,60,54,image_61,391.1773105
21,1,screening,235,14,13,image_15,392.6272795
21,1,screening,236,11,10,image_12,394.07730949999996
21,1,screening,237,47,43,image_48,395.54396549999996
21,1,screening,238,15,14,image_16,397.0105585
21,1,screening,239,7,7,image_8,398.4772145
21,1,screening,240,18,17,image_19,399.96052649999996
21,1,screening,241,1,1,image_2,401.39383849999996
21,1,screening,242,27,25,image_28,402.8442755
21,1,screening,243,6,6,image_7,404.36049349999996
21,1,screening,244,54,49,image_55,407.6437735
21,1,screening,245,25,23,image_26,409.1605535
21,1,screening,246,55,50,image_56,410.66036549999995
21,1,screening,247,16,15,image_17,412.14367749999997
21,1,screening,248,4,4,image_5,413.6269585
21,1,screening,249,21,19,image_22,415.0769575
21,1,screening,250,63,57,image_64,416.5602695
21,1,screening,251,17,16,image_18,418.0936125
21,1,screening,252,24,22,image_25,419.5768625
21,1,screening,253,16,15,image_17,421.0601425
21,1,screening,254,1,1,image_2,422.5101425
21,1,screening,255,31,28,image_32,423.99348549999996
21,1,screening,256,51,46,image_52,425.4934225
21,1,screening,257,5,5,image_6,426.99342149999995
21,1,screening,258,47,43,image_48,428.4600455
21,1,screening,259,61,55,image_62,429.9267015
21,1,screening,260,36,33,image_37,432.8600125
21,1,screening,261,15,14,image_16,434.2932935
21,1,screening,262,68,62,image_69,435.80994949999996
21,1,screening,263,54,49,image_55,437.3265735
21,1,screening,264,32,29,image_33,438.8432605
21,1,screening,265,13,12,image_14,440.27669749999995
21,1,screening,266,48,44,image_49,441.7265715
21,1,screening,267,65,59,image_66,443.1931335
21,1,screening,268,55,50,image_56,444.6931335
21,1,screening,269,42,38,image_43,446.14316349999996
21,1,screening,270,20,18,image_21,447.6431005
21,1,screening,271,67,61,image_68,450.3097555
21,1,screening,272,18,17,image_19,451.8096925
21,1,screening,273,34,31,image_35,453.2930045
21,1,screening,274,21,19,image_22,454.8096915
21,1,screening,275,53,48,image_54,456.3096285
21,1,screening,276,28,26,image_29,457.82625249999995
21,1,screening,277,50,45,image_51,459.34290849999996
21,1,screening,278,14,13,image_15,460.80956449999996
21,1,screening,279,43,39,image_44,463.65953149999996
21,1,screening,280,30,27,image_31,465.1094685
21,1,screening,281,44,40,image_45,466.54281149999997
21,1,screening,282,22,20,image_23,468.04274849999996
21,1,screening,283,58,53,image_59,469.5261235
21,1,screening,284,12,11,image_13,471.0094355
21,1,screening,285,52,47,image_53,474.6926835
21,1,screening,286,38,35,image_39,476.19265149999995
21,1,screening,287,26,24,image_27,477.6927445
21,1,screening,288,64,58,image_65,479.20930649999997
21,1,screening,289,0,0,image_1,480.72590049999997
21,1,screening,290,66,60,image_67,482.2092115
21,1,screening,291,23,21,image_24,483.6592735
21,1,screening,292,33,30,image_34,487.3091785
21,1,screening,293,57,52,image_58,488.82580349999995
21,1,screening,294,40,36,image_41,490.2590835
21,1,screening,295,3,3,image_4,491.74242649999997
21,1,screening,296,63,57,image_64,493.19242649999995
21,1,screening,297,4,4,image_5,494.72567549999997
21,1,screening,298,62,56,image_63,496.22567549999997
21,1,screening,299,45,41,image_46,497.70901849999996
21,1,screening,300,11,10,image_12,499.1922985
21,1,screening,301,46,42,image_47,500.62557949999996
21,1,screening,302,25,23,image_26,502.12567249999995
21,1,screening,303,27,25,image_28,503.55889049999996
21,1,screening,304,10,9,image_11,504.9921715
21,1,screening,305,6,6,image_7,506.4754835
21,1,screening,306,35,32,image_36,507.90892049999997
21,1,screening,307,56,51,image_57,509.42545149999995
21,1,screening,308,60,54,image_61,510.9420755
21,1,screening,309,2,2,image_3,512.4420435
21,1,screening,310,7,7,image_8,513.8920744999999
21,1,screening,311,17,16,image_18,515.3920734999999
21,1,screening,312,8,8,image_9,516.8753234999999
21,1,screening,313,37,34,image_38,518.4086665
21,1,screening,314,41,37,image_42,519.9086345
21,1,screening,315,35,32,image_36,521.4252584999999
21,1,screening,316,6,6,image_7,522.9085705
21,1,screening,317,20,18,image_21,524.3761015
21,1,screening,318,36,33,image_37,527.4251935
21,1,screening,319,62,56,image_63,528.8584744999999
21,1,screening,320,4,4,image_5,530.3084425
21,1,screening,321,48,44,image_49,531.7584425
21,1,screening,322,17,16,image_18,533.2250975
21,1,screening,323,2,2,image_3,534.7416905
21,1,screening,324,63,57,image_64,536.2584085
21,1,screening,325,25,23,image_26,537.6916585
21,1,screening,326,64,58,image_65,539.1583145
21,1,screening,327,24,22,image_25,540.6416255
21,1,screening,328,10,9,image_11,542.1082504999999
21,1,screening,329,13,12,image_14,543.6082494999999
21,1,screening,330,54,49,image_55,545.1082175
21,1,screening,331,30,27,image_31,546.5748735
21,1,screening,332,55,50,image_56,548.0420604999999
21,1,screening,333,68,62,image_69,549.4748095
21,1,screening,334,8,8,image_9,551.0081534999999
21,1,screening,335,0,0,image_1,552.4580895
21,1,screening,336,3,3,image_4,553.9080895
21,1,screening,337,44,40,image_45,555.3747764999999
21,1,screening,338,33,30,image_34,558.8248065
21,1,screening,339,16,15,image_17,560.3080865
21,1,screening,340,18,17,image_19,561.7746175
21,1,screening,341,11,10,image_12,563.3079604999999
21,1,screening,342,15,14,image_16,564.8246164999999
21,1,screening,343,51,46,image_52,566.2578655
21,1,screening,344,32,29,image_33,567.7578965
21,1,screening,345,47,43,image_48,569.2084894999999
21,1,screening,346,5,5,image_6,570.6745515
21,1,screening,347,12,11,image_13,572.1578945
21,1,screening,348,57,52,image_58,573.6911124999999
21,1,screening,349,21,19,image_22,575.1577374999999
21,1,screening,350,40,36,image_41,576.6910485
21,1,screening,351,28,26,image_29,578.1577045
21,1,screening,352,56,51,image_57,579.6577045
21,1,screening,353,46,42,image_47,581.1576725
21,1,screening,354,38,35,image_39,582.6409525
21,1,screening,355,52,47,image_53,584.1409525
21,1,screening,356,23,21,image_24,585.6410145
21,1,screening,357,37,34,image_38,589.2242625
21,1,screening,358,67,61,image_68,590.6741685
21,1,screening,359,45,41,image_46,592.2075424999999
21,1,screening,360,42,38,image_43,593.6574485
21,1,screening,361,41,37,image_42,595.0907915
21,1,screening,362,61,55,image_62,596.5740415
21,1,screening,363,53,48,image_54,598.0907275
21,1,screening,364,34,31,image_35,599.5906964999999
21,1,screening,365,22,20,image_23,601.0406644999999
21,1,screening,366,26,24,image_27,602.5072885
21,1,screening,367,50,45,image_51,603.9906005
21,1,screening,368,43,39,image_44,605.5239124999999
21,1,screening,369,65,59,image_66,606.9739115
21,1,screening,370,60,54,image_61,608.4905365
21,1,screening,371,31,28,image_32,609.9905355
21,1,screening,372,58,53,image_59,611.4571915
21,1,screening,373,1,1,image_2,612.9071594999999
21,1,screening,374,7,7,image_8,614.3737835
21,1,screening,375,27,25,image_28,615.8570955
21,1,screening,376,66,60,image_67,617.3071265
21,1,screening,377,14,13,image_15,618.7903755
21,2,sternberg,0,4,4,image_34,26.3001765
21,2,sternberg,1,0,0,image_16,27.366770499999998
21,2,sternberg,2,2,2,image_42,28.533457499999997
21,2,sternberg,3,4,4,image_34,32.1197685
21,2,sternberg,4,0,0,image_16,33.9000485
21,2,sternberg,5,1,1,image_49,35.0667355
21,2,sternberg,6,3,3,image_65,36.1501105
21,2,sternberg,7,0,0,image_16,39.8864525
21,2,sternberg,8,2,2,image_42,42.0498895
21,2,sternberg,9,4,4,image_34,43.2333265
21,2,sternberg,10,3,3,image_65,44.299888499999994
21,2,sternberg,11,1,1,image_49,48.0030115
21,2,sternberg,12,4,4,image_34,50.0997615
21,2,sternberg,13,0,0,image_16,51.183041499999995
21,2,sternberg,14,5,5,image_999,51.19304149999999
21,2,sternberg,15,2,2,image_42,54.9376025
21,2,sternberg,16,4,4,image_34,56.4663525
21,2,sternberg,17,1,1,image_49,57.6830085
21,2,sternberg,18,5,5,image_999,57.6930085
21,2,sternberg,19,4,4,image_34,61.369100499999995
21,2,sternberg,20,3,3,image_65,62.9495375
21,2,sternberg,21,1,1,image_49,64.0829435
21,2,sternberg,22,5,5,image_999,64.0929435
21,2,sternberg,23,1,1,image_49,67.8691295
21,2,sternberg,24,0,0,image_16,69.7161595
21,2,sternberg,25,1,1,image_49,70.7660965
21,2,sternberg,26,5,5,image_999,70.77609650000001
21,2,sternberg,27,3,3,image_65,74.4526575
21,2,sternberg,28,2,2,image_42,76.3660635
21,2,sternberg,29,3,3,image_65,77.58262549999999
21,2,sternberg,30,0,0,image_16,78.6826875
21,2,sternberg,31,4,4,image_34,82.3021545
21,2,sternberg,32,1,1,image_49,84.0826225
21,2,sternberg,33,2,2,image_42,85.2825905
21,2,sternberg,34,4,4,image_34,86.43259049999999
21,2,sternberg,35,3,3,image_65,90.1854015
21,2,sternberg,36,1,1,image_49,92.1157755
21,2,sternberg,37,2,2,image_42,93.2157125
21,2,sternberg,38,5,5,image_999,93.2257125
21,2,sternberg,39,3,3,image_65,96.9021485
21,2,sternberg,40,1,1,image_49,99.5489915
21,2,sternberg,41,5,5,image_999,99.5589915
21,2,sternberg,42,5,5,image_999,99.56899150000001
21,2,sternberg,43,1,1,image_49,103.3017715
21,2,sternberg,44,0,0,image_16,104.7989265
21,2,sternberg,45,5,5,image_999,104.8089265
21,2,sternberg,46,5,5,image_999,104.8189265
21,2,sternberg,47,0,0,image_16,108.4364875
21,2,sternberg,48,3,3,image_65,110.1655495
21,2,sternberg,49,5,5,image_999,110.1755495
21,2,sternberg,50,5,5,image_999,110.18554950000001
21,2,sternberg,51,3,3,image_65,113.81832949999999
21,2,sternberg,52,2,2,image_42,115.44876649999999
21,2,sternberg,53,4,4,image_34,116.6319845
21,2,sternberg,54,3,3,image_65,117.7486715
21,2,sternberg,55,0,0,image_16,121.3518575
21,2,sternberg,56,0,0,image_16,123.2819505
21,2,sternberg,57,1,1,image_49,124.4152625
21,2,sternberg,58,3,3,image_65,125.64854349999999
21,2,sternberg,59,2,2,image_42,129.2681045
21,2,sternberg,60,4,4,image_34,131.3651665
21,2,sternberg,61,5,5,image_999,131.37516649999998
21,2,sternberg,62,5,5,image_999,131.38516649999997
21,2,sternberg,63,4,4,image_34,135.1519765
21,2,sternberg,64,4,4,image_34,136.78169549999998
21,2,sternberg,65,5,5,image_999,136.79169549999997
21,2,sternberg,66,5,5,image_999,136.80169549999997
21,2,sternberg,67,1,1,image_49,140.4681625
21,2,sternberg,68,3,3,image_65,142.1656925
21,2,sternberg,69,5,5,image_999,142.1756925
21,2,sternberg,70,5,5,image_999,142.1856925
21,2,sternberg,71,1,1,image_49,145.78484749999998
21,2,sternberg,72,4,4,image_34,147.4648785
21,2,sternberg,73,2,2,image_42,148.5983465
21,2,sternberg,74,3,3,image_65,149.6482215
21,2,sternberg,75,4,4,image_34,153.4367825
21,2,sternberg,76,1,1,image_49,155.53143749999998
21,2,sternberg,77,0,0,image_16,156.5652185
21,2,sternberg,78,5,5,image_999,156.57521849999998
21,2,sternberg,79,0,0,image_16,160.18515449999998
21,2,sternberg,80,2,2,image_42,161.8480285
21,2,sternberg,81,4,4,image_34,162.8812475
21,2,sternberg,82,0,0,image_16,164.08121549999998
21,2,sternberg,83,2,2,image_42,167.8682455
21,2,sternberg,84,1,1,image_49,169.8144945
21,2,sternberg,85,2,2,image_42,170.9144315
21,2,sternberg,86,3,3,image_65,171.9645875
21,2,sternberg,87,4,4,image_34,175.7173355
21,2,sternberg,88,4,4,image_34,177.36433549999998
21,2,sternberg,89,5,5,image_999,177.37433549999997
21,2,sternberg,90,5,5,image_999,177.38433549999996
21,2,sternberg,91,2,2,image_42,181.0340215
21,2,sternberg,92,4,4,image_34,182.8143015
21,2,sternberg,93,2,2,image_42,183.88089449999998
21,2,sternberg,94,5,5,image_999,183.89089449999997
21,2,sternberg,95,4,4,image_34,187.5841125
21,2,sternberg,96,1,1,image_49,189.34751749999998
21,2,sternberg,97,5,5,image_999,189.35751749999997
21,2,sternberg,98,5,5,image_999,189.36751749999996
21,2,sternberg,99,1,1,image_49,193.11717249999998
21,2,sternberg,100,3,3,image_65,195.18076549999998
21,2,sternberg,101,1,1,image_49,196.26407749999998
21,2,sternberg,102,0,0,image_16,197.4307015
21,2,sternberg,103,1,1,image_49,201.0838885
21,2,sternberg,104,3,3,image_65,202.9973555
21,2,sternberg,105,5,5,image_999,203.0073555
21,2,sternberg,106,5,5,image_999,203.01735549999998
21,2,sternberg,107,2,2,image_42,206.7170425
21,2,sternberg,108,1,1,image_49,208.5139475
21,2,sternberg,109,4,4,image_34,209.6305405
21,2,sternberg,110,5,5,image_999,209.6405405
21,2,sternberg,111,4,4,image_34,213.30038349999998
21,2,sternberg,112,0,0,image_16,215.1804135
21,2,sternberg,113,5,5,image_999,215.19041349999998
21,2,sternberg,114,5,5,image_999,215.20041349999997
21,2,sternberg,115,0,0,image_16,218.9501305
21,2,sternberg,116,0,0,image_16,220.6804425
21,2,sternberg,117,3,3,image_65,221.7802855
21,2,sternberg,118,5,5,image_999,221.79028549999998
21,2,sternberg,119,4,4,image_34,225.6009095
21,2,sternberg,120,0,0,image_16,227.5803145
21,2,sternberg,121,3,3,image_65,228.6468765
21,2,sternberg,122,2,2,image_42,229.73012649999998
21,2,sternberg,123,4,4,image_34,233.39975049999998
21,2,sternberg,124,3,3,image_65,235.1634685
21,2,sternberg,125,4,4,image_34,236.2300305
21,2,sternberg,126,5,5,image_999,236.2400305
21,2,sternberg,127,3,3,image_65,239.86662249999998
21,2,sternberg,128,0,0,image_16,241.8633405
21,2,sternberg,129,2,2,image_42,242.9300585
21,2,sternberg,130,5,5,image_999,242.9400585
21,2,sternberg,131,2,2,image_42,246.76921349999998
21,2,sternberg,132,0,0,image_16,248.46324349999998
21,2,sternberg,133,5,5,image_999,248.47324349999997
21,2,sternberg,134,5,5,image_999,248.48324349999996
21,2,sternberg,135,3,3,image_65,252.1664615
21,2,sternberg,136,3,3,image_65,253.94649149999998
21,2,sternberg,137,1,1,image_49,255.0131165
21,2,sternberg,138,0,0,image_16,256.0631155
21,2,sternberg,139,3,3,image_65,259.6993955
21,2,sternberg,140,2,2,image_42,261.6296445
21,2,sternberg,141,5,5,image_999,261.6396445
21,2,sternberg,142,5,5,image_999,261.64964449999997
21,2,sternberg,143,1,1,image_49,265.31620549999997
21,2,sternberg,144,4,4,image_34,267.2128925
21,2,sternberg,145,2,2,image_42,268.3295485
21,2,sternberg,146,5,5,image_999,268.3395485
21,2,sternberg,147,2,2,image_42,272.0324845
21,2,sternberg,148,4,4,image_34,274.44620249999997
21,2,sternberg,149,5,5,image_999,274.45620249999996
21,2,sternberg,150,5,5,image_999,274.46620249999995
21,2,sternberg,151,4,4,image_34,278.1323255
21,2,sternberg,152,1,1,image_49,279.8628255
21,2,sternberg,153,4,4,image_34,280.96263749999997
21,2,sternberg,154,0,0,image_16,282.0626365
21,2,sternberg,155,3,3,image_65,285.8157915
21,2,sternberg,156,4,4,image_34,287.6959155
21,2,sternberg,157,0,0,image_16,288.7458215
21,2,sternberg,158,5,5,image_999,288.75582149999997
21,2,sternberg,159,4,4,image_34,292.3823205
21,2,sternberg,160,2,2,image_42,293.9791315
21,2,sternberg,161,1,1,image_49,295.0291315
21,2,sternberg,162,0,0,image_16,296.17906849999997
21,2,sternberg,163,0,0,image_16,299.91522349999997
21,2,sternberg,164,3,3,image_65,301.7624725
21,2,sternberg,165,2,2,image_42,302.8624095
21,2,sternberg,166,5,5,image_999,302.8724095
21,2,sternberg,167,4,4,image_34,306.56553349999996
21,2,sternberg,168,4,4,image_34,308.3290015
21,2,sternberg,169,0,0,image_16,309.4455005
21,2,sternberg,170,3,3,image_65,310.64559449999996
21,2,sternberg,171,0,0,image_16,314.3818735
21,2,sternberg,172,2,2,image_42,316.47887249999997
21,2,sternberg,173,3,3,image_65,317.5453725
21,2,sternberg,174,5,5,image_999,317.5553725
21,2,sternberg,175,2,2,image_42,321.2482465
21,2,sternberg,176,1,1,image_49,322.96205749999996
21,2,sternberg,177,5,5,image_999,322.97205749999995
21,2,sternberg,178,5,5,image_999,322.98205749999994
21,2,sternberg,179,0,0,image_16,326.7840255
21,2,sternberg,180,3,3,image_65,328.3952435
21,2,sternberg,181,5,5,image_999,328.4052435
21,2,sternberg,182,5,5,image_999,328.4152435
21,2,sternberg,183,3,3,image_65,332.08214749999996
21,2,sternberg,184,4,4,image_34,333.7451475
21,2,sternberg,185,3,3,image_65,334.9284595
21,2,sternberg,186,5,5,image_999,334.93845949999996
21,2,sternberg,187,0,0,image_16,338.7314265
21,2,sternberg,188,2,2,image_42,340.49508249999997
21,2,sternberg,189,5,5,image_999,340.50508249999996
21,2,sternberg,190,5,5,image_999,340.51508249999995
21,2,sternberg,191,2,2,image_42,344.2982995
21,2,sternberg,192,1,1,image_49,347.14498549999996
21,2,sternberg,193,2,2,image_42,348.3289225
21,2,sternberg,194,5,5,image_999,348.33892249999997
21,2,sternberg,195,4,4,image_34,351.9144215
21,2,sternberg,196,1,1,image_49,353.9782015
21,2,sternberg,197,5,5,image_999,353.9882015
21,2,sternberg,198,5,5,image_999,353.9982015
21,2,sternberg,199,3,3,image_65,357.69766849999996
21,2,sternberg,200,4,4,image_34,359.46144949999996
21,2,sternberg,201,2,2,image_42,360.61148049999997
21,2,sternberg,202,5,5,image_999,360.62148049999996
21,2,sternberg,203,1,1,image_49,364.3142595
21,2,sternberg,204,4,4,image_34,366.6279775
21,2,sternberg,205,2,2,image_42,367.69469649999996
21,2,sternberg,206,5,5,image_999,367.70469649999995
21,2,sternberg,207,4,4,image_34,371.3141635
21,2,sternberg,208,3,3,image_65,373.16119349999997
21,2,sternberg,209,4,4,image_34,374.3778185
21,2,sternberg,210,2,2,image_42,375.5944745
21,2,sternberg,211,0,0,image_16,379.2309415
21,2,sternberg,212,2,2,image_42,382.1943775
21,2,sternberg,213,5,5,image_999,382.20437749999996
21,2,sternberg,214,5,5,image_999,382.21437749999996
21,2,sternberg,215,3,3,image_65,385.9807825
21,2,sternberg,216,2,2,image_42,388.7609685
21,2,sternberg,217,4,4,image_34,389.9276245
21,2,sternberg,218,5,5,image_999,389.93762449999997
21,2,sternberg,219,0,0,image_16,393.64799849999997
21,2,sternberg,220,0,0,image_16,395.2442475
21,2,sternberg,221,1,1,image_49,396.47749749999997
21,2,sternberg,222,5,5,image_999,396.48749749999996
21,2,sternberg,223,1,1,image_49,400.0646205
21,2,sternberg,224,2,2,image_42,402.1774635
21,2,sternberg,225,3,3,image_65,403.24402549999996
21,2,sternberg,226,5,5,image_999,403.25402549999995
21,2,sternberg,227,0,0,image_16,406.9140865
21,2,sternberg,228,2,2,image_42,408.7439925
21,2,sternberg,229,5,5,image_999,408.7539925
21,2,sternberg,230,5,5,image_999,408.7639925
21,2,sternberg,231,1,1,image_49,412.4636465
21,2,sternberg,232,0,0,image_16,415.11058349999996
21,2,sternberg,233,3,3,image_65,416.1604895
21,2,sternberg,234,1,1,image_49,417.3105825
21,2,sternberg,235,1,1,image_49,420.94758049999996
21,2,sternberg,236,4,4,image_34,422.8437365
21,2,sternberg,237,5,5,image_999,422.85373649999997
21,2,sternberg,238,5,5,image_999,422.86373649999996
21,2,sternberg,239,3,3,image_65,426.54704749999996
21,2,sternberg,240,3,3,image_65,428.4112345
21,2,sternberg,241,2,2,image_42,429.5102655
21,2,sternberg,242,4,4,image_34,430.66029549999996
21,2,sternberg,243,3,3,image_65,434.32982549999997
21,2,sternberg,244,4,4,image_34,436.5935745
21,2,sternberg,245,0,0,image_16,437.7435435
21,2,sternberg,246,1,1,image_49,438.7768235
21,2,sternberg,247,3,3,image_65,442.44647849999996
21,2,sternberg,248,3,3,image_65,445.02675849999997
21,2,sternberg,249,5,5,image_999,445.03675849999996
21,2,sternberg,250,5,5,image_999,445.04675849999995
21,2,sternberg,251,3,3,image_65,448.66297649999996
21,2,sternberg,252,0,0,image_16,450.4099445
21,2,sternberg,253,5,5,image_999,450.4199445
21,2,sternberg,254,5,5,image_999,450.4299445
21,2,sternberg,255,0,0,image_16,454.07994249999996
21,2,sternberg,256,3,3,image_65,456.27653549999997
21,2,sternberg,257,5,5,image_999,456.28653549999996
21,2,sternberg,258,5,5,image_999,456.29653549999995
21,2,sternberg,259,4,4,image_34,460.01300249999997
21,2,sternberg,260,3,3,image_65,462.2598145
21,2,sternberg,261,0,0,image_16,463.3930635
21,2,sternberg,262,4,4,image_34,464.4772825
21,2,sternberg,263,2,2,image_42,468.1130305
21,2,sternberg,264,1,1,image_49,470.37690449999997
21,2,sternberg,265,5,5,image_999,470.38690449999996
21,2,sternberg,266,5,5,image_999,470.39690449999995
21,2,sternberg,267,1,1,image_49,473.9959035
21,2,sternberg,268,0,0,image_16,476.59283949999997
21,2,sternberg,269,4,4,image_34,477.7094335
21,2,sternberg,270,2,2,image_42,478.90946349999996
21,2,sternberg,271,1,1,image_49,482.6625875
21,2,sternberg,272,3,3,image_65,498.3297065
21,2,sternberg,273,0,0,image_16,499.4924865
21,2,sternberg,274,5,5,image_999,499.5024865
21,2,sternberg,275,3,3,image_65,503.16270449999996
21,2,sternberg,276,2,2,image_42,507.15907749999997
21,2,sternberg,277,5,5,image_999,507.16907749999996
21,2,sternberg,278,5,5,image_999,507.17907749999995
21,2,sternberg,279,1,1,image_49,510.8139515
21,2,sternberg,280,4,4,image_34,513.5589185
21,2,sternberg,281,5,5,image_999,513.5689185
21,2,sternberg,282,5,5,image_999,513.5789185
21,2,sternberg,283,4,4,image_34,517.2451985
21,2,sternberg,284,2,2,image_42,519.5922605
21,2,sternberg,285,4,4,image_34,520.6254475
21,2,sternberg,286,5,5,image_999,520.6354474999999
21,2,sternberg,287,2,2,image_42,524.3117265
21,2,sternberg,288,0,0,image_16,527.1753825
21,2,sternberg,289,5,5,image_999,527.1853825
21,2,sternberg,290,5,5,image_999,527.1953824999999
21,2,sternberg,291,1,1,image_49,530.9288184999999
21,2,sternberg,292,0,0,image_16,532.8919735
21,2,sternberg,293,2,2,image_42,534.0086605
21,2,sternberg,294,1,1,image_49,535.0585975
21,2,sternberg,295,3,3,image_65,538.7450024999999
21,2,sternberg,296,0,0,image_16,540.5585325
21,2,sternberg,297,1,1,image_49,541.7751885
21,2,sternberg,298,5,5,image_999,541.7851885
21,2,sternberg,299,3,3,image_65,545.4621245
21,2,sternberg,300,0,0,image_16,547.5250615
21,2,sternberg,301,1,1,image_49,548.6588425
21,2,sternberg,302,2,2,image_42,549.8249665
21,2,sternberg,303,4,4,image_34,553.5280275
21,2,sternberg,304,4,4,image_34,555.6415895
21,2,sternberg,305,5,5,image_999,555.6515895
21,2,sternberg,306,5,5,image_999,555.6615895
21,2,sternberg,307,4,4,image_34,559.4114625
21,2,sternberg,308,1,1,image_49,561.0082125
21,2,sternberg,309,5,5,image_999,561.0182125
21,2,sternberg,310,5,5,image_999,561.0282125
21,2,sternberg,311,0,0,image_16,564.6444604999999
21,2,sternberg,312,1,1,image_49,567.3257725
21,2,sternberg,313,2,2,image_42,568.5081465
21,2,sternberg,314,5,5,image_999,568.5181465
21,2,sternberg,315,0,0,image_16,572.1950515
21,2,sternberg,316,1,1,image_49,574.2080505
21,2,sternberg,317,2,2,image_42,575.2912695
21,2,sternberg,318,3,3,image_65,576.4412065
21,2,sternberg,319,3,3,image_65,580.1613295
21,2,sternberg,320,1,1,image_49,581.9746104999999
21,2,sternberg,321,0,0,image_16,583.0244225
21,2,sternberg,322,5,5,image_999,583.0344225
21,2,sternberg,323,4,4,image_34,586.8273585
21,2,sternberg,324,0,0,image_16,589.1743885
21,2,sternberg,325,4,4,image_34,590.3243255
21,2,sternberg,326,5,5,image_999,590.3343255
21,2,sternberg,327,1,1,image_49,594.0606365
21,2,sternberg,328,1,1,image_49,595.8411045
21,2,sternberg,329,3,3,image_65,596.8910105
21,2,sternberg,330,5,5,image_999,596.9010105
21,2,sternberg,331,0,0,image_16,600.4771965
21,2,sternberg,332,0,0,image_16,602.7741955
21,2,sternberg,333,3,3,image_65,603.9575705
21,2,sternberg,334,5,5,image_999,603.9675705
21,2,sternberg,335,0,0,image_16,607.7103495
21,2,sternberg,336,2,2,image_42,610.7073485
21,2,sternberg,337,1,1,image_49,611.7573484999999
21,2,sternberg,338,5,5,image_999,611.7673484999999
21,2,sternberg,339,1,1,image_49,615.4602845
21,2,sternberg,340,3,3,image_65,617.8739395
21,2,sternberg,341,0,0,image_16,618.9905325
21,2,sternberg,342,1,1,image_49,620.0905634999999
21,2,sternberg,343,1,1,image_49,623.8601874999999
21,2,sternberg,344,2,2,image_42,625.9071544999999
21,2,sternberg,345,5,5,image_999,625.9171544999999
21,2,sternberg,346,5,5,image_999,625.9271544999999
21,2,sternberg,347,2,2,image_42,629.6100285
21,2,sternberg,348,1,1,image_49,631.3404654999999
21,2,sternberg,349,2,2,image_42,632.4569965
21,2,sternberg,350,5,5,image_999,632.4669964999999
21,2,sternberg,351,4,4,image_34,636.1767755
21,2,sternberg,352,4,4,image_34,638.3570245
21,2,sternberg,353,5,5,image_999,638.3670245
21,2,sternberg,354,5,5,image_999,638.3770245
21,2,sternberg,355,2,2,image_42,642.0931175
21,2,sternberg,356,3,3,image_65,644.9234915
21,2,sternberg,357,0,0,image_16,646.0068034999999
21,2,sternberg,358,5,5,image_999,646.0168034999999
21,2,sternberg,359,3,3,image_65,649.6766455
21,2,sternberg,360,4,4,image_34,652.9566755
21,2,sternberg,361,3,3,image_65,654.1399875
21,2,sternberg,362,2,2,image_42,655.2399865
21,2,sternberg,363,2,2,image_42,659.0261724999999
21,2,sternberg,364,2,2,image_42,661.1398905
21,2,sternberg,365,1,1,image_49,662.3565775
21,2,sternberg,366,5,5,image_999,662.3665775
21,2,sternberg,367,2,2,image_42,666.0427015
21,2,sternberg,368,2,2,image_42,669.2064505
21,2,sternberg,369,5,5,image_999,669.2164505
21,2,sternberg,370,5,5,image_999,669.2264504999999
21,2,sternberg,371,2,2,image_42,672.8761045
21,2,sternberg,372,0,0,image_16,674.8730105
21,2,sternberg,373,3,3,image_65,676.0230095
21,2,sternberg,374,5,5,image_999,676.0330094999999
21,2,sternberg,375,2,2,image_42,679.6258204999999
21,2,sternberg,376,3,3,image_65,682.5895385
21,2,sternberg,377,4,4,image_34,683.7728195
21,2,sternberg,378,5,5,image_999,683.7828195
21,2,sternberg,379,0,0,image_16,687.4423485
21,2,sternberg,380,1,1,image_49,689.5227854999999
21,2,sternberg,381,0,0,image_16,690.6894725
21,2,sternberg,382,2,2,image_42,691.8227224999999
21,2,sternberg,383,4,4,image_34,695.4591275
21,2,sternberg,384,0,0,image_16,699.1560314999999
21,2,sternberg,385,5,5,image_999,699.1660314999999
21,2,sternberg,386,5,5,image_999,699.1760314999999
21,2,sternberg,387,0,0,image_16,702.9256244999999
21,2,sternberg,388,3,3,image_65,704.8224984999999
21,2,sternberg,389,5,5,image_999,704.8324984999999
21,2,sternberg,390,5,5,image_999,704.8424984999999
21,2,sternberg,391,4,4,image_34,708.6427464999999
21,2,sternberg,392,1,1,image_49,710.8224645
21,2,sternberg,393,5,5,image_999,710.8324645
21,2,sternberg,394,5,5,image_999,710.8424645
21,2,sternberg,395,3,3,image_65,714.6249945
21,2,sternberg,396,3,3,image_65,716.3723375
21,2,sternberg,397,4,4,image_34,717.5056185
21,2,sternberg,398,5,5,image_999,717.5156185
21,2,sternberg,399,0,0,image_16,721.3085545
21,2,sternberg,400,1,1,image_49,723.1556475
21,2,sternberg,401,3,3,image_65,724.2389274999999
21,2,sternberg,402,4,4,image_34,725.4055525
21,2,sternberg,403,1,1,image_49,729.0417385
21,2,sternberg,404,4,4,image_34,731.6387685
21,2,sternberg,405,3,3,image_65,732.8554244999999
21,2,sternberg,406,5,5,image_999,732.8654244999999
21,2,sternberg,407,3,3,image_65,736.6250165
21,2,sternberg,408,0,0,image_16,738.7219534999999
21,2,sternberg,409,1,1,image_49,739.7720465
21,2,sternberg,410,5,5,image_999,739.7820465
21,2,sternberg,411,3,3,image_65,743.5414824999999
21,2,sternberg,412,0,0,image_16,745.8552315
21,2,sternberg,413,2,2,image_42,747.0051685
21,2,sternberg,414,4,4,image_34,748.0384805
21,2,sternberg,415,0,0,image_16,751.7412915
21,2,sternberg,416,2,2,image_42,753.5550724999999
21,2,sternberg,417,0,0,image_16,754.6050094999999
21,2,sternberg,418,4,4,image_34,755.6716655
21,2,sternberg,419,0,0,image_16,759.2754135
21,2,sternberg,420,3,3,image_65,761.8716314999999
21,2,sternberg,421,4,4,image_34,763.0049124999999
21,2,sternberg,422,5,5,image_999,763.0149124999999
21,2,sternberg,423,1,1,image_49,766.7411605
21,2,sternberg,424,2,2,image_42,768.3549105
21,2,sternberg,425,3,3,image_65,769.4720665
21,2,sternberg,426,5,5,image_999,769.4820665
21,2,sternberg,427,4,4,image_34,773.2760645
21,2,sternberg,428,1,1,image_49,775.2214074999999
21,2,sternberg,429,4,4,image_34,776.3715004999999
21,2,sternberg,430,2,2,image_42,777.4879695
21,2,sternberg,431,4,4,image_34,781.1743425
21,2,sternberg,432,2,2,image_42,783.8712165
21,2,sternberg,433,5,5,image_999,783.8812164999999
21,2,sternberg,434,5,5,image_999,783.8912164999999
21,2,sternberg,435,2,2,image_42,787.5244335
21,2,sternberg,436,4,4,image_34,791.1878075
21,2,sternberg,437,2,2,image_42,792.3544005
21,2,sternberg,438,1,1,image_49,793.5210565
21,2,sternberg,439,0,0,image_16,797.1741175
21,2,sternberg,440,3,3,image_65,799.3543354999999
21,2,sternberg,441,5,5,image_999,799.3643354999999
21,2,sternberg,442,5,5,image_999,799.3743354999999
21,2,sternberg,443,2,2,image_42,803.1074904999999
21,2,sternberg,444,1,1,image_49,805.0042705
21,2,sternberg,445,4,4,image_34,806.0374885
21,2,sternberg,446,5,5,image_999,806.0474885
21,2,sternberg,447,1,1,image_49,809.8072065
21,2,sternberg,448,0,0,image_16,812.1041114999999
21,2,sternberg,449,5,5,image_999,812.1141114999999
21,2,sternberg,450,5,5,image_999,812.1241114999999
21,2,sternberg,451,3,3,image_65,815.7901095
21,2,sternberg,452,4,4,image_34,817.8380465
21,2,sternberg,453,5,5,image_999,817.8480465
21,2,sternberg,454,5,5,image_999,817.8580465
21,2,sternberg,455,4,4,image_34,821.5068265
21,2,sternberg,456,4,4,image_34,823.3872635
21,2,sternberg,457,2,2,image_42,824.4872005
21,2,sternberg,458,3,3,image_65,825.6871994999999
21,2,sternberg,459,3,3,image_65,829.3567294999999
21,2,sternberg,460,3,3,image_65,831.7704474999999
21,2,sternberg,461,4,4,image_34,832.8536965
21,2,sternberg,462,1,1,image_49,833.9546025
21,2,sternberg,463,0,0,image_16,837.6736324999999
21,2,sternberg,464,2,2,image_42,840.0204124999999
21,2,sternberg,465,3,3,image_65,841.1203184999999
21,2,sternberg,466,4,4,image_34,842.1535365
21,2,sternberg,467,4,4,image_34,845.8399105
21,2,sternberg,468,1,1,image_49,847.6535974999999
21,2,sternberg,469,5,5,image_999,847.6635974999999
21,2,sternberg,470,5,5,image_999,847.6735974999999
21,2,sternberg,471,4,4,image_34,851.3898765
21,2,sternberg,472,2,2,image_42,853.9201254999999
21,2,sternberg,473,0,0,image_16,855.0866874999999
21,2,sternberg,474,5,5,image_999,855.0966874999999
21,2,sternberg,475,2,2,image_42,858.7735305
21,2,sternberg,476,4,4,image_34,861.3033105
21,2,sternberg,477,1,1,image_49,862.3699355
21,2,sternberg,478,0,0,image_16,863.5700284999999
21,2,sternberg,479,2,2,image_42,867.1727454999999
21,2,sternberg,480,3,3,image_65,868.7865264999999
21,2,sternberg,481,1,1,image_49,869.9865255
21,2,sternberg,482,5,5,image_999,869.9965255
21,2,sternberg,483,3,3,image_65,873.5897745
21,2,sternberg,484,3,3,image_65,875.7865234999999
21,2,sternberg,485,1,1,image_49,877.0198355
21,2,sternberg,486,0,0,image_16,878.1196474999999
21,2,sternberg,487,2,2,image_42,881.7395204999999
21,2,sternberg,488,1,1,image_49,884.1529885
21,2,sternberg,489,5,5,image_999,884.1629885
21,2,sternberg,490,5,5,image_999,884.1729885
21,2,sternberg,491,1,1,image_49,887.9227685
21,2,sternberg,492,0,0,image_16,890.5361734999999
21,2,sternberg,493,5,5,image_999,890.5461734999999
21,2,sternberg,494,5,5,image_999,890.5561734999999
21,2,sternberg,495,0,0,image_16,894.3225155
21,2,sternberg,496,1,1,image_49,897.2861085
21,2,sternberg,497,3,3,image_65,898.3693264999999
21,2,sternberg,498,0,0,image_16,899.5526385
21,2,sternberg,499,3,3,image_65,903.1059495
21,2,sternberg,500,2,2,image_42,905.7859175
21,2,sternberg,501,0,0,image_16,906.9525424999999
21,2,sternberg,502,5,5,image_999,906.9625424999999
21,2,sternberg,503,1,1,image_49,910.7226965
21,2,sternberg,504,2,2,image_42,915.1357575
21,2,sternberg,505,4,4,image_34,916.2356944999999
21,2,sternberg,506,3,3,image_65,917.2691004999999
21,2,sternberg,507,3,3,image_65,921.0055054999999
21,2,sternberg,508,0,0,image_16,922.9023165
21,2,sternberg,509,5,5,image_999,922.9123165
21,2,sternberg,510,5,5,image_999,922.9223165
21,2,sternberg,511,2,2,image_42,926.5217534999999
21,2,sternberg,512,2,2,image_42,929.5022835
21,2,sternberg,513,5,5,image_999,929.5122835
21,2,sternberg,514,5,5,image_999,929.5222835
21,2,sternberg,515,2,2,image_42,933.2218445
21,2,sternberg,516,4,4,image_34,937.9520604999999
21,2,sternberg,517,0,0,image_16,939.1686854999999
21,2,sternberg,518,1,1,image_49,940.3353414999999
21,2,sternberg,519,2,2,image_42,943.9883394999999
21,2,sternberg,520,3,3,image_65,947.1352445
21,2,sternberg,521,1,1,image_49,948.2190885
21,2,sternberg,522,2,2,image_42,949.3684935
21,2,sternberg,523,0,0,image_16,953.1379615
21,2,sternberg,524,2,2,image_42,955.1351474999999
21,2,sternberg,525,0,0,image_16,956.3517095
21,2,sternberg,526,4,4,image_34,957.5517094999999
21,2,sternberg,527,4,4,image_34,961.1551455
21,2,sternberg,528,0,0,image_16,963.9851124999999
21,2,sternberg,529,3,3,image_65,965.1683314999999
21,2,sternberg,530,1,1,image_49,966.2682685
21,2,sternberg,531,2,2,image_42,969.8711734999999
21,2,sternberg,532,3,3,image_65,972.1349224999999
21,2,sternberg,533,5,5,image_999,972.1449224999999
21,2,sternberg,534,5,5,image_999,972.1549224999999
21,2,sternberg,535,1,1,image_49,975.8210455
21,2,sternberg,536,0,0,image_16,979.0513884999999
21,2,sternberg,537,3,3,image_65,980.2347004999999
21,2,sternberg,538,4,4,image_34,981.2846685
21,2,sternberg,539,1,1,image_49,984.9208235
